movimentacao_id,numero_processo,data_movimentacao,tipo_ato,advogado_responsavel,descricao,prazo_gerado,concluido
1,2966787-79.2022.1.41.9944,14/08/25,despacho,Dra Fontes,diligência externa necessária,,0
2,8209168-30.2020.1.41.7632,23 de janeiro de 2021,agravo regimental,Dra. Fontes,audiência marcada para 09/09/2026,,sim
3,6370110-64.2022.3.52.8440,24/03/21,sentença,DRA. CAVALCANTE,prazo para recurso: 5 dias úteis a contar da intimação,,N
4,6982910-41.2023.8.91.8758,17/09/2023,intimação,Dr. Barros,juntada de documentos realizada,,sim
5,7848147-32.2021.6.58.3528,05/12/23,acordo extrajudicial,Dr. Barros,,,S
6,6096719-87.2023.1.41.6180,13 de setembro de 2022,sentença,Dr. Barros,prazo para recurso: 22 dias úteis a contar da intimação,,não
7,5545511-73.2023.1.66.9757,28 de outubro de 2019,despacho,Dra Fontes,prazo para recurso: 16 dias úteis a contar da intimação,26 de outubro de 2026,
8,4229107-99.2020.7.61.3978,2021-08-06,embargos de declaração,Dr. Barros,diligência externa necessária,,S
9,4893809-11.2021.7.19.9759,1 de julho de 2023,acordo extrajudicial,dr. melo,,,sim
10,6416661-36.2021.8.21.8496,2022-11-12,memoriais,Dra. Fontes,prazo para recurso: 11 dias úteis a contar da intimação,07/10/26,
11,2869625-86.2025.7.14.5837,2021-08-08,despacho,dr. melo,aguardando manifestação da parte contrária,8 de janeiro de 2026,1
12,2294596-63.2020.6.38.9193,2024-02-10,intimação,Dr. Barros,,,
13,5514997-95.2024.1.84.8098,18/02/26,embargos de declaração,Dra. Cavalcante,aguardando manifestação da parte contrária,,1
14,7515318-25.2024.4.34.6280,8 de dezembro de 2025,memoriais,Dra. Cavalcante,Prazo fatal: 15 de março de 2026,27 de novembro de 2026,N
15,1273300-90.2024.2.80.7378,09/04/26,sentença,Dr. Melo,aguardando manifestação da parte contrária,,não
16,3401866-56.2021.1.87.5297,2025-04-20,habilitação,Dr. Barros,documentos pendentes de entrega pelo cliente,,não
17,7398699-88.2025.6.55.3587,27/07/2025,habilitação,Dr. Melo,juntada de documentos realizada,,N
18,6992158-64.2024.5.43.7750,4 de outubro de 2023,despacho,Dra. Cavalcante,aguardando manifestação da parte contrária,7 de fevereiro de 2026,1
19,8539686-69.2023.4.36.2235,8 de março de 2022,despacho,Dra. Fontes,documentos pendentes de entrega pelo cliente,10/05/26,1
20,9970343-38.2020.5.18.4483,29/04/2026,réplica,dr. melo,juntada de documentos realizada,,S
21,7398699-88.2025.6.55.3587,02/03/23,audiência de instrução,Dra. Cavalcante,Prazo fatal: 20 de novembro de 2026,,sim
22,4433355-55.2023.8.48.9346,06/08/21,agravo regimental,Dr. Barros,prazo para recurso: 28 dias úteis a contar da intimação,,0
23,7765112-69.2024.9.62.5648,3 de junho de 2024,intimação,Dr. Melo,documentos pendentes de entrega pelo cliente,31 de agosto de 2026,não
24,4134515-43.2021.8.70.4879,2020-12-01,réplica,Dr. Barros,aguardando manifestação da parte contrária,,
25,2112478-55.2024.2.51.9095,10/06/2021,petição inicial,Dra. Cavalcante,juntada de documentos realizada,,sim
26,4893809-11.2021.7.19.9759,09/09/2024,despacho,dr. melo,juntada de documentos realizada,,0
27,9108785-98.2021.3.78.6687,22 de abril de 2024,sentença,Dr. Barros,diligência externa necessária,,
28,1411065-96.2022.9.64.8271,19 de março de 2025,embargos de declaração,Dra Fontes,prazo para recurso: 25 dias úteis a contar da intimação,,S
29,4507711-38.2024.2.34.4732,10 de abril de 2021,recurso de apelação,Dr. Barros,prazo para recurso: 5 dias úteis a contar da intimação,,1
30,3667022-35.2020.9.76.3115,16/06/2020,laudo pericial,Dra. Fontes,Prazo fatal: 4 de agosto de 2026,,N
31,8678370-92.2025.7.35.9962,2019-11-10,contestação,Dra. Cavalcante,aguardando manifestação da parte contrária,,0
32,1933296-95.2024.5.69.8317,31/03/22,memoriais,DRA. CAVALCANTE,,6 de setembro de 2026,
33,6368709-92.2024.7.99.9426,26/06/2023,citação,Dra. Fontes,documentos pendentes de entrega pelo cliente,28 de abril de 2026,não
34,8066975-72.2023.7.26.7675,17/08/25,acordo extrajudicial,Dr. Barros,Prazo fatal: 2026-08-14,17/11/2026,1
35,2632721-15.2024.7.90.9593,1 de outubro de 2021,sentença,Dr. Barros,Prazo fatal: 2026-09-15,,
36,3766710-17.2025.4.91.1472,10/05/2023,petição inicial,DRA. CAVALCANTE,aguardando manifestação da parte contrária,,
37,9062552-47.2024.4.22.8265,29/05/24,laudo pericial,Dra. Cavalcante,diligência externa necessária,,sim
38,9398629-61.2022.5.88.8253,11/09/25,sentença,Dra Fontes,,,1
39,9252661-70.2020.1.46.1185,9 de fevereiro de 2026,réplica,DRA. CAVALCANTE,documentos pendentes de entrega pelo cliente,,não
40,7320713-89.2022.3.68.7881,3 de maio de 2021,laudo pericial,Dr. Barros,Prazo fatal: 5 de março de 2026,,S
41,6034606-21.2023.6.18.6684,04/08/21,habilitação,Dr. Melo,aguardando manifestação da parte contrária,,sim
42,1602496-64.2022.5.79.8340,25/05/2022,habilitação,Dra. Cavalcante,diligência externa necessária,14 de março de 2026,N
43,9108785-98.2021.3.78.6687,03/05/2025,réplica,Dr. Barros,Prazo fatal: 26/01/2026,24/05/26,0
44,8415891-60.2021.6.92.5554,23/06/2021,réplica,Dra. Cavalcante,prazo para recurso: 20 dias úteis a contar da intimação,,0
45,9573194-21.2022.1.35.8352,23 de novembro de 2025,sentença,Dra Fontes,aguardando manifestação da parte contrária,,0
46,6865513-17.2021.7.21.3938,19/10/21,intimação,Dra. Fontes,,,0
47,5747786-52.2023.7.30.3750,17/03/2021,despacho,DRA. CAVALCANTE,,,1
48,7789809-22.2020.1.73.9031,25/06/2025,agravo regimental,Dr. Melo,juntada de documentos realizada,,não
49,4865461-96.2025.2.64.9143,15/12/22,petição inicial,Dra. Fontes,Prazo fatal: 11/01/2026,,
50,8607512-63.2021.6.82.1039,2020-11-14,despacho,Dra. Fontes,Prazo fatal: 18/07/2026,15 de janeiro de 2026,
51,6160516-66.2024.5.17.7150,07/12/2025,intimação,Dr. Melo,Prazo fatal: 24 de setembro de 2026,,sim
52,6927716-18.2022.9.56.1445,2022-05-25,memoriais,Dr. Barros,documentos pendentes de entrega pelo cliente,,
53,6445422-21.2020.5.39.8096,14/11/19,despacho,Dr. Melo,documentos pendentes de entrega pelo cliente,,sim
54,2236315-26.2022.5.82.8939,28/06/2022,intimação,Dr. Barros,prazo para recurso: 8 dias úteis a contar da intimação,,não
55,6339266-27.2025.5.15.6766,30/06/22,memoriais,Dr. Melo,diligência externa necessária,30/08/2026,
56,4460247-99.2024.9.97.4840,04/07/21,acordo extrajudicial,DRA. CAVALCANTE,juntada de documentos realizada,08/03/26,
57,7486138-99.2020.5.81.4332,2 de março de 2020,recurso de apelação,Dra Fontes,juntada de documentos realizada,,N
58,6416661-36.2021.8.21.8496,19/04/23,despacho,Dr. Melo,Prazo fatal: 2026-12-28,11/03/2026,não
59,6053412-12.2021.6.72.8346,03/02/2021,recurso de apelação,Dr. Melo,audiência marcada para 05/06/2026,01/01/2026,0
60,8157599-64.2024.2.89.5276,2021-11-28,audiência de instrução,Dra. Cavalcante,juntada de documentos realizada,22/07/26,
61,4229107-99.2020.7.61.3978,15/04/2026,sentença,Dr. Barros,,,
62,1116024-57.2025.8.16.4043,24 de fevereiro de 2020,embargos de declaração,Dr. Barros,aguardando manifestação da parte contrária,22 de outubro de 2026,não
63,3724721-44.2021.9.75.5553,2026-03-15,laudo pericial,Dra. Cavalcante,documentos pendentes de entrega pelo cliente,,não
64,3734843-61.2021.3.94.2954,2022-01-28,recurso de apelação,Dr. Barros,,,não
65,7599278-46.2021.4.96.3535,30/10/2023,habilitação,Dr. Barros,prazo para recurso: 28 dias úteis a contar da intimação,,
66,8286828-70.2022.9.31.8012,19/02/26,embargos de declaração,Dra. Cavalcante,Prazo fatal: 30 de julho de 2026,2026-07-31,N
67,6075721-43.2020.9.85.8738,31/07/20,petição inicial,DRA. CAVALCANTE,,,1
68,5703772-88.2020.8.34.6114,2025-01-26,petição inicial,Dra. Fontes,prazo para recurso: 16 dias úteis a contar da intimação,26/04/26,sim
69,8986773-71.2022.6.45.5854,2021-06-24,embargos de declaração,Dra. Cavalcante,Prazo fatal: 2026-04-16,,N
70,7065068-16.2021.7.14.6489,19/03/26,intimação,Dra. Cavalcante,diligência externa necessária,,N
71,5786762-52.2021.9.21.3037,2021-01-05,embargos de declaração,dr. melo,Prazo fatal: 20 de setembro de 2026,,0
72,1183693-37.2024.1.85.2937,18/08/2025,despacho,Dra Fontes,documentos pendentes de entrega pelo cliente,,0
73,5996426-23.2022.8.20.3566,20/04/2019,sentença,Dr. Melo,prazo para recurso: 16 dias úteis a contar da intimação,,S
74,2909764-51.2025.7.78.2223,27/11/2023,citação,Dra Fontes,audiência marcada para 02/07/2026,01/08/26,sim
75,1887163-62.2025.9.93.1037,05/03/25,contestação,Dr. Barros,,,S
76,1933296-95.2024.5.69.8317,16 de abril de 2025,petição inicial,Dra Fontes,audiência marcada para 2026-05-09,17/07/26,0
77,4874996-38.2022.9.94.8154,2025-03-08,habilitação,Dra. Cavalcante,Prazo fatal: 23/10/26,,1
78,2186433-37.2022.2.12.4344,19/08/2025,despacho,Dr. Barros,prazo para recurso: 18 dias úteis a contar da intimação,,N
79,5217157-98.2020.2.64.4094,02/02/22,laudo pericial,DRA. CAVALCANTE,audiência marcada para 5 de maio de 2026,,
80,6018860-77.2022.1.94.1315,19 de dezembro de 2023,contestação,Dr. Melo,diligência externa necessária,06/04/26,N
81,4768255-51.2022.4.94.5695,27 de fevereiro de 2023,embargos de declaração,DRA. CAVALCANTE,,,1
82,7398699-88.2025.6.55.3587,20/08/2021,recurso de apelação,DRA. CAVALCANTE,juntada de documentos realizada,,S
83,8892606-62.2022.2.87.2168,2025-12-14,laudo pericial,Dr. Barros,documentos pendentes de entrega pelo cliente,,N
84,1878000-50.2025.7.58.1197,07/04/24,despacho,Dr. Melo,diligência externa necessária,,S
85,8306601-19.2020.3.50.7457,18 de maio de 2023,acordo extrajudicial,DRA. CAVALCANTE,juntada de documentos realizada,,1
86,9252661-70.2020.1.46.1185,05/02/2023,despacho,DRA. CAVALCANTE,audiência marcada para 2026-11-01,,0
87,1784068-27.2021.3.12.2538,2020-09-16,intimação,Dr. Melo,,,0
88,6779292-61.2021.4.86.2783,2023-03-05,contestação,Dra Fontes,Prazo fatal: 20/05/2026,,0
89,6779292-61.2021.4.86.2783,31 de março de 2020,laudo pericial,Dra. Cavalcante,prazo para recurso: 29 dias úteis a contar da intimação,,N
90,9636371-69.2025.8.67.4068,2022-03-04,réplica,Dr. Barros,prazo para recurso: 12 dias úteis a contar da intimação,2026-10-10,N
91,7245951-43.2021.4.11.7623,03/10/2022,embargos de declaração,Dr. Barros,,,N
92,5853247-29.2020.7.62.8870,2021-03-21,recurso de apelação,Dr. Barros,juntada de documentos realizada,,1
93,7381740-86.2021.2.88.6570,09/09/21,agravo regimental,Dr. Melo,diligência externa necessária,13 de setembro de 2026,não
94,1757615-27.2025.7.10.3762,24/01/2026,recurso de apelação,Dr. Barros,audiência marcada para 11 de abril de 2026,,S
95,1664676-19.2021.8.64.4616,2024-08-16,recurso de apelação,DRA. CAVALCANTE,juntada de documentos realizada,,S
96,7948577-74.2025.1.60.7583,21/08/24,réplica,dr. melo,prazo para recurso: 20 dias úteis a contar da intimação,,sim
97,8220628-15.2021.8.54.9077,20/08/20,sentença,Dra Fontes,juntada de documentos realizada,,0
98,9798556-59.2021.3.62.3110,23/02/2020,embargos de declaração,Dra. Cavalcante,Prazo fatal: 01/02/26,,0
99,2837371-36.2022.7.88.5428,2025-12-24,audiência de instrução,DRA. CAVALCANTE,diligência externa necessária,,S
100,2997279-67.2024.9.84.1441,16/01/2025,sentença,Dra. Fontes,,,1
101,9071705-28.2021.9.78.4746,2025-10-15,citação,Dra. Cavalcante,Prazo fatal: 2026-07-02,8 de fevereiro de 2026,N
102,5462435-11.2024.9.85.2977,12 de fevereiro de 2024,contestação,DRA. CAVALCANTE,prazo para recurso: 8 dias úteis a contar da intimação,2026-03-08,N
103,2545435-52.2025.3.59.7623,2025-11-23,petição inicial,Dr. Barros,documentos pendentes de entrega pelo cliente,2026-02-22,1
104,7381740-86.2021.2.88.6570,30/11/2022,despacho,Dra. Fontes,diligência externa necessária,,S
105,3541821-31.2021.8.96.1927,29 de dezembro de 2020,sentença,Dr. Barros,audiência marcada para 2026-06-29,,1
106,7115217-41.2025.1.67.7692,21 de agosto de 2020,habilitação,Dra. Fontes,aguardando manifestação da parte contrária,,sim
107,1784068-27.2021.3.12.2538,24 de agosto de 2020,audiência de instrução,Dr. Barros,Prazo fatal: 13/08/2026,18 de dezembro de 2026,sim
108,8630644-97.2025.3.28.1296,24 de fevereiro de 2021,audiência de instrução,Dr. Barros,documentos pendentes de entrega pelo cliente,,1
109,7486138-99.2020.5.81.4332,2025-12-08,habilitação,dr. melo,diligência externa necessária,,1
110,6944389-98.2023.1.72.8245,29/11/21,petição inicial,Dr. Melo,prazo para recurso: 8 dias úteis a contar da intimação,,sim
111,3248366-98.2020.5.11.6279,21/11/21,embargos de declaração,Dra. Fontes,audiência marcada para 20/05/26,,0
112,5514997-95.2024.1.84.8098,18/11/20,agravo regimental,Dr. Melo,Prazo fatal: 17 de fevereiro de 2026,,S
113,2397582-22.2023.9.93.4223,2020-12-06,sentença,dr. melo,prazo para recurso: 27 dias úteis a contar da intimação,,0
114,8630644-97.2025.3.28.1296,18 de dezembro de 2021,embargos de declaração,DRA. CAVALCANTE,prazo para recurso: 5 dias úteis a contar da intimação,,
115,5661974-14.2020.6.39.3137,7 de setembro de 2021,embargos de declaração,DRA. CAVALCANTE,Prazo fatal: 06/07/26,,sim
116,8286382-50.2025.4.53.4414,2024-06-08,contestação,Dr. Barros,diligência externa necessária,05/06/26,
117,6416661-36.2021.8.21.8496,01/06/24,despacho,dr. melo,documentos pendentes de entrega pelo cliente,,sim
118,1614850-25.2020.8.85.3161,18 de junho de 2023,habilitação,Dr. Barros,juntada de documentos realizada,2026-12-01,não
119,3248366-98.2020.5.11.6279,2026-03-31,acordo extrajudicial,Dra. Fontes,prazo para recurso: 14 dias úteis a contar da intimação,,S
120,7082985-88.2022.2.94.6058,06/08/20,audiência de instrução,Dra. Fontes,,,0
121,7640585-40.2023.1.57.1721,14/07/2023,agravo regimental,Dra. Fontes,Prazo fatal: 2026-11-16,,
122,5422047-80.2024.8.62.4364,13 de junho de 2024,citação,Dra. Cavalcante,diligência externa necessária,,0
123,7941836-76.2025.4.34.6543,04/01/21,petição inicial,Dr. Barros,diligência externa necessária,06/01/2026,1
124,2575202-50.2023.1.54.9627,2025-02-08,audiência de instrução,dr. melo,juntada de documentos realizada,,1
125,8368255-39.2020.9.60.4414,2025-12-30,intimação,Dra. Cavalcante,diligência externa necessária,03/08/2026,
126,4493339-70.2021.7.17.8725,2021-05-08,memoriais,dr. melo,diligência externa necessária,,N
127,4768255-51.2022.4.94.5695,17/06/2025,contestação,Dra. Cavalcante,diligência externa necessária,,sim
128,2186433-37.2022.2.12.4344,09/08/21,réplica,Dr. Barros,diligência externa necessária,,N
129,2267110-24.2021.5.78.6025,26 de novembro de 2020,agravo regimental,dr. melo,documentos pendentes de entrega pelo cliente,,1
130,6384831-67.2022.5.89.7429,10/08/2020,laudo pericial,DRA. CAVALCANTE,aguardando manifestação da parte contrária,,não
131,2292432-35.2025.5.83.7063,29/12/25,agravo regimental,Dr. Barros,,,não
132,6694761-39.2022.1.10.2199,08/04/2024,habilitação,Dr. Barros,documentos pendentes de entrega pelo cliente,22 de junho de 2026,S
133,8381610-96.2020.6.26.2533,22/08/2024,habilitação,dr. melo,documentos pendentes de entrega pelo cliente,,sim
134,8735892-74.2025.8.18.9411,18/08/25,laudo pericial,Dra. Cavalcante,diligência externa necessária,,0
135,9686751-57.2022.7.62.3494,2023-06-16,memoriais,Dr. Barros,aguardando manifestação da parte contrária,,S
136,4510407-23.2020.5.18.6055,26/08/2023,réplica,dr. melo,juntada de documentos realizada,,S
137,4180949-86.2020.3.26.7593,2021-10-30,contestação,DRA. CAVALCANTE,Prazo fatal: 2026-05-29,,1
138,7724543-49.2023.9.44.7412,27 de junho de 2021,agravo regimental,dr. melo,prazo para recurso: 21 dias úteis a contar da intimação,,não
139,5947618-28.2023.6.53.6118,2023-01-20,réplica,Dra. Fontes,,,N
140,5074974-98.2023.8.21.9881,22/08/20,sentença,DRA. CAVALCANTE,diligência externa necessária,,sim
141,7236875-79.2024.7.97.5566,7 de agosto de 2021,citação,Dr. Barros,aguardando manifestação da parte contrária,21 de abril de 2026,
142,5472823-70.2022.4.41.7624,26/05/2020,memoriais,Dra. Fontes,Prazo fatal: 5 de janeiro de 2026,,
143,7862554-22.2024.7.83.6459,5 de novembro de 2023,agravo regimental,Dra. Fontes,diligência externa necessária,,
144,6075721-43.2020.9.85.8738,22/12/20,sentença,dr. melo,,,sim
145,8382607-83.2020.6.26.3936,2020-08-23,petição inicial,DRA. CAVALCANTE,,,sim
146,4140100-24.2024.4.63.7178,2026-04-23,contestação,Dra. Cavalcante,Prazo fatal: 28/03/26,,S
147,5518767-82.2023.4.96.9873,07/12/19,petição inicial,Dra. Cavalcante,audiência marcada para 18/05/26,,sim
148,3542616-60.2022.3.87.6536,02/08/2022,petição inicial,Dr. Barros,,,não
149,7398699-88.2025.6.55.3587,6 de julho de 2022,réplica,Dr. Melo,aguardando manifestação da parte contrária,,
150,5214684-96.2020.6.84.9986,19 de junho de 2020,intimação,Dr. Barros,juntada de documentos realizada,,sim
151,9885734-21.2023.9.74.3450,26/05/20,audiência de instrução,Dra Fontes,,,N
152,1185885-59.2023.7.19.8433,30/04/2023,acordo extrajudicial,DRA. CAVALCANTE,audiência marcada para 13/12/26,,1
153,8286382-50.2025.4.53.4414,27/04/24,habilitação,Dr. Barros,Prazo fatal: 12/12/2026,06/04/2026,S
154,5432782-56.2021.2.97.6240,18/04/2021,embargos de declaração,Dr. Melo,juntada de documentos realizada,2026-10-11,sim
155,4493339-70.2021.7.17.8725,05/07/20,intimação,Dr. Barros,documentos pendentes de entrega pelo cliente,,1
156,2753004-76.2021.8.83.9874,12 de agosto de 2023,despacho,Dr. Barros,prazo para recurso: 14 dias úteis a contar da intimação,,1
157,9076234-78.2023.3.90.2702,18/08/25,petição inicial,Dra. Cavalcante,audiência marcada para 29/11/26,31/03/2026,N
158,9498791-62.2022.6.73.9564,22/03/24,laudo pericial,Dra. Cavalcante,juntada de documentos realizada,03/11/2026,N
159,9498791-62.2022.6.73.9564,21/01/2022,intimação,Dr. Melo,documentos pendentes de entrega pelo cliente,,N
160,9408522-77.2021.3.36.8376,26/09/2025,audiência de instrução,Dr. Melo,prazo para recurso: 23 dias úteis a contar da intimação,,S
161,5124342-11.2025.5.50.6107,1 de fevereiro de 2021,agravo regimental,DRA. CAVALCANTE,audiência marcada para 2026-04-27,26 de outubro de 2026,N
162,3785792-10.2020.5.78.7940,29 de novembro de 2024,despacho,dr. melo,,,1
163,4510407-23.2020.5.18.6055,1 de junho de 2022,laudo pericial,Dra. Fontes,prazo para recurso: 25 dias úteis a contar da intimação,,
164,1346701-74.2024.1.65.8985,2021-12-30,laudo pericial,Dra Fontes,juntada de documentos realizada,,1
165,3922248-27.2025.1.42.4047,2019-08-25,acordo extrajudicial,Dra Fontes,,,
166,9835331-11.2022.6.15.8602,17 de agosto de 2021,embargos de declaração,Dra. Fontes,juntada de documentos realizada,,0
167,3263740-44.2022.3.81.5402,8 de julho de 2021,laudo pericial,Dr. Melo,Prazo fatal: 2026-10-05,,S
168,5991409-16.2021.8.44.1303,21/07/25,réplica,Dr. Melo,prazo para recurso: 29 dias úteis a contar da intimação,,0
169,8717678-27.2025.5.11.4526,2022-11-07,acordo extrajudicial,Dr. Barros,Prazo fatal: 07/06/2026,30/05/2026,0
170,2884639-86.2023.2.31.8737,20/05/23,laudo pericial,dr. melo,,13/08/2026,1
171,5788467-41.2023.8.93.8134,11 de agosto de 2021,sentença,dr. melo,documentos pendentes de entrega pelo cliente,,sim
172,4452862-76.2021.3.27.3238,2024-08-02,sentença,dr. melo,documentos pendentes de entrega pelo cliente,24/11/2026,0
173,9076234-78.2023.3.90.2702,04/02/2025,contestação,dr. melo,diligência externa necessária,,S
174,2236315-26.2022.5.82.8939,2020-05-31,habilitação,Dr. Barros,prazo para recurso: 5 dias úteis a contar da intimação,,S
175,3734843-61.2021.3.94.2954,06/12/23,embargos de declaração,Dra Fontes,diligência externa necessária,2026-01-15,S
176,4131852-60.2020.1.89.9739,29/08/22,intimação,Dra Fontes,documentos pendentes de entrega pelo cliente,,N
177,4874996-38.2022.9.94.8154,12/01/23,despacho,Dra. Fontes,audiência marcada para 26/05/26,2026-10-06,S
178,2842764-33.2025.7.99.7279,29/07/2023,habilitação,DRA. CAVALCANTE,Prazo fatal: 14 de novembro de 2026,,N
179,4384627-80.2021.2.13.1061,10/06/21,audiência de instrução,Dr. Barros,diligência externa necessária,,
180,8843990-84.2020.6.68.3017,2024-07-04,recurso de apelação,dr. melo,documentos pendentes de entrega pelo cliente,,
181,7599278-46.2021.4.96.3535,12/10/2025,intimação,Dra Fontes,Prazo fatal: 2026-01-18,17/08/26,sim
182,8588997-88.2020.6.29.5987,18/11/21,sentença,dr. melo,juntada de documentos realizada,,0
183,9774395-92.2023.2.75.3192,14/09/22,réplica,Dr. Barros,,,1
184,7245951-43.2021.4.11.7623,19/03/2021,recurso de apelação,Dr. Barros,juntada de documentos realizada,,0
185,3168718-77.2025.2.92.8027,14/02/21,recurso de apelação,Dra. Cavalcante,aguardando manifestação da parte contrária,,N
186,5700249-43.2020.5.57.9341,25/03/23,audiência de instrução,Dr. Melo,aguardando manifestação da parte contrária,,não
187,1735592-50.2022.9.87.5612,2019-02-28,citação,Dr. Barros,aguardando manifestação da parte contrária,,S
188,3418432-84.2025.3.59.5858,2022-06-05,habilitação,Dr. Melo,juntada de documentos realizada,29/03/26,S
189,7633905-83.2022.9.95.2309,08/09/2023,memoriais,dr. melo,Prazo fatal: 17/03/26,,sim
190,4084503-92.2025.8.90.5515,17 de novembro de 2024,acordo extrajudicial,Dr. Melo,audiência marcada para 29/05/2026,2 de junho de 2026,N
191,6663627-76.2023.9.26.5770,2 de junho de 2025,habilitação,DRA. CAVALCANTE,juntada de documentos realizada,,N
192,2842764-33.2025.7.99.7279,27/08/23,sentença,DRA. CAVALCANTE,,,S
193,7640585-40.2023.1.57.1721,20 de agosto de 2021,memoriais,dr. melo,audiência marcada para 27/05/2026,,sim
194,3260101-88.2022.8.37.9169,23/04/23,sentença,Dra. Fontes,juntada de documentos realizada,02/02/26,
195,6101036-60.2022.7.49.3295,24/04/19,sentença,Dra. Fontes,audiência marcada para 18 de abril de 2026,22/08/26,
196,6418382-43.2020.8.63.9133,24 de junho de 2021,agravo regimental,dr. melo,juntada de documentos realizada,,não
197,5786762-52.2021.9.21.3037,21 de fevereiro de 2023,citação,Dr. Melo,prazo para recurso: 20 dias úteis a contar da intimação,,0
198,6445422-21.2020.5.39.8096,23 de janeiro de 2025,réplica,Dra Fontes,diligência externa necessária,,sim
199,5316105-58.2020.3.22.3571,26/04/2020,petição inicial,Dr. Melo,aguardando manifestação da parte contrária,,N
200,4681694-71.2021.9.28.7350,19 de maio de 2025,despacho,Dr. Barros,documentos pendentes de entrega pelo cliente,09/07/2026,
201,8630644-97.2025.3.28.1296,29/11/19,citação,dr. melo,audiência marcada para 2026-07-20,,S
202,5786762-52.2021.9.21.3037,01/01/23,audiência de instrução,Dr. Barros,,26/04/2026,sim
203,3821719-15.2025.2.86.2518,20/09/2021,contestação,Dr. Melo,Prazo fatal: 28/03/26,,
204,1887163-62.2025.9.93.1037,2023-04-08,sentença,DRA. CAVALCANTE,documentos pendentes de entrega pelo cliente,,não
205,2411026-52.2022.6.26.7373,29/03/2020,contestação,Dr. Barros,,,S
206,7724543-49.2023.9.44.7412,22/02/2024,citação,Dra Fontes,audiência marcada para 30/12/26,,1
207,6260319-38.2024.8.96.1114,27/10/23,audiência de instrução,Dra. Fontes,audiência marcada para 03/05/2026,,
208,4064382-39.2022.4.13.8937,2020-02-05,despacho,DRA. CAVALCANTE,aguardando manifestação da parte contrária,2026-08-20,N
209,8677980-28.2024.9.94.6552,25 de setembro de 2025,contestação,dr. melo,juntada de documentos realizada,,N
210,4865461-96.2025.2.64.9143,2 de junho de 2024,intimação,dr. melo,audiência marcada para 2026-04-14,17/09/26,sim
211,7438163-48.2021.3.47.1186,2023-04-09,agravo regimental,Dr. Barros,documentos pendentes de entrega pelo cliente,11/06/26,sim
212,9686751-57.2022.7.62.3494,2023-04-07,habilitação,Dr. Barros,juntada de documentos realizada,,não
213,9885734-21.2023.9.74.3450,01/09/25,habilitação,Dra Fontes,diligência externa necessária,,1
214,2461262-96.2021.6.48.1315,19/10/2020,intimação,Dr. Barros,documentos pendentes de entrega pelo cliente,,1
215,6663627-76.2023.9.26.5770,2020-01-11,habilitação,Dra. Fontes,audiência marcada para 2026-05-20,,N
216,9319285-35.2025.3.19.9131,01/05/24,citação,Dra Fontes,juntada de documentos realizada,,S
217,3541821-31.2021.8.96.1927,2024-02-10,citação,Dra Fontes,,,sim
218,2236315-26.2022.5.82.8939,29/10/2021,sentença,Dra. Cavalcante,documentos pendentes de entrega pelo cliente,,1
219,5545511-73.2023.1.66.9757,13/11/24,citação,Dra. Cavalcante,,,0
220,7999133-20.2023.7.26.1121,2025-04-29,embargos de declaração,Dra Fontes,Prazo fatal: 10/09/2026,,1
221,9057960-29.2025.5.10.6072,26/05/21,habilitação,dr. melo,juntada de documentos realizada,,N
222,7224257-29.2020.8.88.9110,15/12/20,audiência de instrução,Dra. Cavalcante,prazo para recurso: 11 dias úteis a contar da intimação,,N
223,9071705-28.2021.9.78.4746,02/11/21,recurso de apelação,Dra Fontes,audiência marcada para 2026-04-10,,não
224,6018860-77.2022.1.94.1315,2020-03-03,petição inicial,Dr. Barros,prazo para recurso: 20 dias úteis a contar da intimação,2026-03-26,não
225,5732779-86.2025.4.28.7831,24/08/23,acordo extrajudicial,Dr. Barros,juntada de documentos realizada,24 de novembro de 2026,0
226,8590346-68.2020.7.63.7780,13/08/23,embargos de declaração,Dr. Barros,documentos pendentes de entrega pelo cliente,,N
227,3778380-86.2023.9.32.5849,24/04/2023,laudo pericial,Dra. Cavalcante,audiência marcada para 17/09/2026,,S
228,8286828-70.2022.9.31.8012,27 de fevereiro de 2021,agravo regimental,DRA. CAVALCANTE,diligência externa necessária,,sim
229,9835331-11.2022.6.15.8602,6 de fevereiro de 2026,habilitação,Dra. Cavalcante,,,0
230,3376786-12.2020.7.64.5093,20/01/2026,despacho,Dr. Melo,Prazo fatal: 2026-08-03,,não
231,1878000-50.2025.7.58.1197,10 de junho de 2024,laudo pericial,Dr. Barros,aguardando manifestação da parte contrária,30/01/26,N
232,7553290-31.2023.9.36.9282,13/09/2020,memoriais,Dr. Melo,diligência externa necessária,,0
233,2884639-86.2023.2.31.8737,28 de novembro de 2025,embargos de declaração,Dr. Barros,audiência marcada para 20 de abril de 2026,,
234,5112941-62.2021.1.89.5887,2022-09-28,laudo pericial,dr. melo,prazo para recurso: 5 dias úteis a contar da intimação,28/11/26,não
235,7245951-43.2021.4.11.7623,15 de junho de 2020,réplica,Dr. Melo,Prazo fatal: 2026-09-25,,
236,8936104-83.2022.1.39.7934,25/05/25,habilitação,Dr. Melo,juntada de documentos realizada,3 de março de 2026,S
237,2675642-32.2022.8.65.5499,03/10/22,acordo extrajudicial,Dra Fontes,documentos pendentes de entrega pelo cliente,,não
238,6663627-76.2023.9.26.5770,09/06/23,laudo pericial,Dra. Fontes,audiência marcada para 2026-08-07,,
239,5035093-45.2021.1.27.3097,02/02/2025,petição inicial,Dra. Cavalcante,prazo para recurso: 21 dias úteis a contar da intimação,,S
240,6334947-38.2020.4.71.6173,18 de março de 2019,habilitação,Dra Fontes,,,não
241,6528202-89.2025.3.17.9496,25/04/2020,despacho,DRA. CAVALCANTE,juntada de documentos realizada,21 de dezembro de 2026,1
242,6686912-30.2025.4.68.7078,26/09/23,embargos de declaração,dr. melo,aguardando manifestação da parte contrária,,não
243,9252661-70.2020.1.46.1185,2024-11-05,habilitação,Dr. Barros,audiência marcada para 07/07/26,,
244,7948577-74.2025.1.60.7583,04/10/2021,petição inicial,DRA. CAVALCANTE,Prazo fatal: 15/02/2026,11/10/26,não
245,8936104-83.2022.1.39.7934,26 de junho de 2020,intimação,DRA. CAVALCANTE,documentos pendentes de entrega pelo cliente,06/07/26,1
246,9110060-16.2025.2.29.4716,11/02/2020,petição inicial,Dra Fontes,,,sim
247,7222167-30.2022.8.44.7452,18/08/22,agravo regimental,Dr. Barros,Prazo fatal: 19/01/2026,,1
248,2267110-24.2021.5.78.6025,22/05/20,sentença,Dra. Cavalcante,prazo para recurso: 10 dias úteis a contar da intimação,,não
249,2884639-86.2023.2.31.8737,2022-10-09,contestação,Dr. Melo,audiência marcada para 22 de setembro de 2026,26 de abril de 2026,1
250,8129073-22.2024.4.16.9656,2022-01-19,habilitação,Dr. Barros,documentos pendentes de entrega pelo cliente,,S
251,6011987-71.2020.8.10.4396,03/06/23,memoriais,DRA. CAVALCANTE,juntada de documentos realizada,,sim
252,9835331-11.2022.6.15.8602,2024-05-19,petição inicial,Dra. Cavalcante,aguardando manifestação da parte contrária,,não
253,1101935-78.2023.5.88.5299,2019-06-12,citação,Dr. Barros,,2026-07-17,não
254,9057960-29.2025.5.10.6072,07/03/2020,citação,DRA. CAVALCANTE,juntada de documentos realizada,12 de abril de 2026,N
255,4687348-31.2023.1.92.6907,27/02/2022,habilitação,Dr. Barros,audiência marcada para 2026-10-06,,N
256,5518767-82.2023.4.96.9873,14 de agosto de 2023,embargos de declaração,Dra Fontes,juntada de documentos realizada,,1
257,6053412-12.2021.6.72.8346,2025-01-29,contestação,Dr. Melo,Prazo fatal: 2026-01-05,,0
258,4092125-65.2025.3.26.9073,29/08/24,acordo extrajudicial,DRA. CAVALCANTE,diligência externa necessária,02/07/26,
259,7236875-79.2024.7.97.5566,22 de janeiro de 2025,laudo pericial,Dr. Barros,,,S
260,1714231-74.2025.9.71.1697,23/05/23,despacho,Dra Fontes,,2026-06-05,N
261,3922248-27.2025.1.42.4047,2025-03-26,despacho,Dr. Barros,audiência marcada para 2026-07-23,,0
262,2294596-63.2020.6.38.9193,16 de maio de 2020,memoriais,Dr. Barros,audiência marcada para 19/07/2026,26/01/2026,0
263,6686912-30.2025.4.68.7078,27 de fevereiro de 2025,audiência de instrução,Dra. Cavalcante,documentos pendentes de entrega pelo cliente,,não
264,7486029-45.2024.4.25.3159,29/03/2025,acordo extrajudicial,Dr. Barros,prazo para recurso: 28 dias úteis a contar da intimação,,não
265,6836135-90.2022.9.37.5643,2023-07-21,laudo pericial,DRA. CAVALCANTE,prazo para recurso: 8 dias úteis a contar da intimação,,N
266,6414076-16.2021.7.78.8273,26/01/22,agravo regimental,Dra. Cavalcante,,,N
267,7916680-90.2022.1.67.1785,6 de fevereiro de 2026,contestação,Dra. Fontes,juntada de documentos realizada,19/02/26,sim
268,9408522-77.2021.3.36.8376,19/04/2023,recurso de apelação,Dr. Melo,prazo para recurso: 17 dias úteis a contar da intimação,15 de março de 2026,sim
269,3710559-31.2020.9.95.2540,8 de abril de 2019,despacho,Dr. Melo,aguardando manifestação da parte contrária,,N
270,8220628-15.2021.8.54.9077,9 de outubro de 2025,despacho,Dra. Cavalcante,,,1
271,1024421-54.2022.9.20.2563,2025-11-02,sentença,Dr. Barros,aguardando manifestação da parte contrária,,
272,7687292-20.2021.4.85.7539,19/12/2025,embargos de declaração,Dr. Melo,prazo para recurso: 11 dias úteis a contar da intimação,,S
273,1116024-57.2025.8.16.4043,14/02/2026,acordo extrajudicial,Dra. Cavalcante,documentos pendentes de entrega pelo cliente,,
274,3401866-56.2021.1.87.5297,28/07/22,recurso de apelação,Dra Fontes,prazo para recurso: 6 dias úteis a contar da intimação,,não
275,2884639-86.2023.2.31.8737,2019-12-20,agravo regimental,Dra. Cavalcante,juntada de documentos realizada,23 de julho de 2026,não
276,4064382-39.2022.4.13.8937,2023-11-11,recurso de apelação,Dr. Melo,aguardando manifestação da parte contrária,28/05/26,não
277,6053412-12.2021.6.72.8346,21/08/25,citação,Dr. Melo,diligência externa necessária,,não
278,5239450-56.2022.7.99.2371,2024-07-17,réplica,Dr. Melo,prazo para recurso: 8 dias úteis a contar da intimação,,N
279,1602496-64.2022.5.79.8340,26/01/21,memoriais,Dra. Fontes,diligência externa necessária,,0
280,2842764-33.2025.7.99.7279,29/05/2024,audiência de instrução,Dra. Cavalcante,Prazo fatal: 2026-03-13,,S
281,6865513-17.2021.7.21.3938,18/05/23,laudo pericial,Dra Fontes,aguardando manifestação da parte contrária,,não
282,5788467-41.2023.8.93.8134,28/04/26,intimação,Dra. Cavalcante,audiência marcada para 2026-07-09,11/04/26,0
283,9666878-83.2023.6.29.9905,11/01/22,memoriais,DRA. CAVALCANTE,,,não
284,9822459-92.2024.8.17.6403,2024-09-14,intimação,DRA. CAVALCANTE,aguardando manifestação da parte contrária,,1
285,7274275-74.2020.1.22.9780,14 de abril de 2022,citação,Dr. Barros,juntada de documentos realizada,,S
286,4085001-92.2022.6.76.8938,24/07/23,audiência de instrução,dr. melo,aguardando manifestação da parte contrária,,
287,6339266-27.2025.5.15.6766,18/11/2024,audiência de instrução,Dra. Fontes,aguardando manifestação da parte contrária,,0
288,7223110-52.2024.2.44.8994,12/07/25,sentença,Dr. Barros,juntada de documentos realizada,,S
289,7398699-88.2025.6.55.3587,19/08/2022,réplica,DRA. CAVALCANTE,Prazo fatal: 2026-05-23,,1
290,5788467-41.2023.8.93.8134,20 de fevereiro de 2021,audiência de instrução,Dra Fontes,juntada de documentos realizada,,N
291,1438459-62.2020.7.78.3410,10 de julho de 2025,audiência de instrução,DRA. CAVALCANTE,Prazo fatal: 18/07/26,,0
292,3505690-87.2020.8.52.6260,2025-11-20,acordo extrajudicial,Dr. Barros,diligência externa necessária,,não
293,2292432-35.2025.5.83.7063,2026-02-15,contestação,Dr. Barros,diligência externa necessária,,1
294,2019436-32.2020.6.16.9856,2024-07-17,citação,Dr. Barros,diligência externa necessária,15 de abril de 2026,0
295,5638123-23.2024.7.30.5009,28/07/22,agravo regimental,dr. melo,diligência externa necessária,23 de julho de 2026,N
296,3401866-56.2021.1.87.5297,24/07/2025,réplica,dr. melo,prazo para recurso: 30 dias úteis a contar da intimação,,sim
297,7141324-67.2025.3.86.3413,10/11/2025,acordo extrajudicial,Dra. Fontes,audiência marcada para 12/09/2026,,1
298,9824532-76.2023.6.37.2040,15/03/21,embargos de declaração,dr. melo,juntada de documentos realizada,,1
299,1633270-27.2024.2.52.7034,2025-11-04,citação,Dr. Barros,documentos pendentes de entrega pelo cliente,04/02/26,1
300,2909764-51.2025.7.78.2223,2023-02-08,réplica,dr. melo,diligência externa necessária,03/08/26,
301,5850223-43.2020.3.81.3185,11/02/2022,agravo regimental,Dra. Fontes,documentos pendentes de entrega pelo cliente,,S
302,5214684-96.2020.6.84.9986,2021-12-08,agravo regimental,Dr. Barros,audiência marcada para 04/05/2026,,0
303,6105303-92.2021.4.39.3868,25 de agosto de 2022,petição inicial,DRA. CAVALCANTE,documentos pendentes de entrega pelo cliente,25/02/2026,não
304,4494463-44.2022.5.80.7542,14/07/20,memoriais,DRA. CAVALCANTE,diligência externa necessária,,
305,1099617-37.2023.9.61.1793,8 de agosto de 2023,sentença,Dr. Barros,audiência marcada para 24/07/26,11/01/26,S
306,9302979-43.2025.9.68.7487,08/02/23,sentença,DRA. CAVALCANTE,documentos pendentes de entrega pelo cliente,,0
307,8588997-88.2020.6.29.5987,02/10/25,intimação,Dr. Barros,juntada de documentos realizada,03/12/2026,
308,1248003-72.2024.2.80.8472,12 de fevereiro de 2025,memoriais,Dra. Cavalcante,aguardando manifestação da parte contrária,11/01/2026,sim
309,6528202-89.2025.3.17.9496,16/01/2021,acordo extrajudicial,Dr. Barros,documentos pendentes de entrega pelo cliente,,
310,4961530-22.2021.4.22.6290,11/10/22,audiência de instrução,Dra Fontes,aguardando manifestação da parte contrária,,N
311,1633270-27.2024.2.52.7034,20/06/2020,habilitação,Dra. Fontes,diligência externa necessária,,S
312,8630644-97.2025.3.28.1296,30/07/22,intimação,Dr. Melo,juntada de documentos realizada,29/06/26,não
313,8183950-10.2021.5.84.9388,30 de setembro de 2021,réplica,Dra Fontes,audiência marcada para 31/05/26,,S
314,6011987-71.2020.8.10.4396,01/11/2019,réplica,dr. melo,audiência marcada para 19 de novembro de 2026,,0
315,7999133-20.2023.7.26.1121,10/07/2024,despacho,Dra Fontes,juntada de documentos realizada,01/02/26,não
316,6260319-38.2024.8.96.1114,17 de fevereiro de 2020,citação,dr. melo,juntada de documentos realizada,2026-02-10,
317,9108785-98.2021.3.78.6687,8 de maio de 2023,contestação,Dr. Melo,prazo para recurso: 23 dias úteis a contar da intimação,,S
318,5850223-43.2020.3.81.3185,28/09/20,citação,Dr. Melo,,,sim
319,6982910-41.2023.8.91.8758,23/10/25,despacho,Dra. Fontes,Prazo fatal: 21/08/2026,,S
320,4090182-95.2021.1.57.7189,15/07/24,despacho,Dr. Barros,juntada de documentos realizada,,1
321,4865461-96.2025.2.64.9143,15/04/20,petição inicial,Dr. Barros,prazo para recurso: 17 dias úteis a contar da intimação,2026-01-07,0
322,7633905-83.2022.9.95.2309,03/04/2023,agravo regimental,Dr. Melo,audiência marcada para 15 de março de 2026,7 de fevereiro de 2026,
323,9060164-41.2020.5.36.2381,20/04/25,laudo pericial,DRA. CAVALCANTE,audiência marcada para 10 de novembro de 2026,,S
324,2100417-68.2021.7.29.9662,27/02/2023,acordo extrajudicial,Dra. Fontes,audiência marcada para 2026-08-07,,sim
325,3542616-60.2022.3.87.6536,03/11/2020,habilitação,Dra. Cavalcante,Prazo fatal: 18/08/26,19/03/2026,sim
326,7141324-67.2025.3.86.3413,02/06/2021,contestação,DRA. CAVALCANTE,diligência externa necessária,17/11/26,1
327,1615190-23.2022.2.42.6238,02/05/22,petição inicial,Dra Fontes,Prazo fatal: 2026-03-09,,N
328,8168054-14.2024.6.50.1232,14/11/2021,recurso de apelação,Dr. Barros,juntada de documentos realizada,,N
329,3401866-56.2021.1.87.5297,2 de outubro de 2023,audiência de instrução,Dra. Cavalcante,juntada de documentos realizada,,sim
330,8168054-14.2024.6.50.1232,2023-08-18,petição inicial,Dr. Melo,audiência marcada para 21/10/26,2026-09-29,S
331,9774395-92.2023.2.75.3192,22/05/2022,réplica,Dr. Melo,,2026-08-13,S
332,9498791-62.2022.6.73.9564,21/07/25,contestação,Dra. Cavalcante,,,não
333,5422047-80.2024.8.62.4364,24 de fevereiro de 2024,despacho,DRA. CAVALCANTE,,,não
334,8827641-36.2022.5.59.8715,20 de fevereiro de 2020,petição inicial,Dra. Fontes,audiência marcada para 21/05/26,,0
335,9992831-61.2022.4.35.1469,13/04/26,réplica,DRA. CAVALCANTE,documentos pendentes de entrega pelo cliente,,N
336,1101935-78.2023.5.88.5299,02/02/21,embargos de declaração,Dra. Fontes,aguardando manifestação da parte contrária,,não
337,2100417-68.2021.7.29.9662,11/07/2025,agravo regimental,Dr. Barros,,,0
338,6267378-50.2021.9.19.9923,2022-10-10,habilitação,Dra Fontes,aguardando manifestação da parte contrária,,não
339,3922248-27.2025.1.42.4047,29/09/22,acordo extrajudicial,Dra Fontes,audiência marcada para 14/10/26,,N
340,5159219-49.2023.5.25.3676,09/09/2024,citação,Dra Fontes,juntada de documentos realizada,,1
341,1557680-16.2021.4.16.4031,2024-02-27,sentença,Dr. Barros,documentos pendentes de entrega pelo cliente,07/05/2026,sim
342,7724543-49.2023.9.44.7412,23/02/24,audiência de instrução,Dr. Barros,aguardando manifestação da parte contrária,21 de julho de 2026,0
343,5518767-82.2023.4.96.9873,2026-03-06,sentença,Dr. Barros,aguardando manifestação da parte contrária,25 de janeiro de 2026,N
344,6101036-60.2022.7.49.3295,11/12/2025,intimação,Dr. Barros,aguardando manifestação da parte contrária,03/05/2026,sim
345,4568537-97.2021.4.82.7633,2022-10-16,agravo regimental,dr. melo,aguardando manifestação da parte contrária,,N
346,5850223-43.2020.3.81.3185,10/06/23,acordo extrajudicial,Dr. Barros,diligência externa necessária,,
347,5492622-29.2021.9.92.7737,8 de janeiro de 2022,intimação,dr. melo,aguardando manifestação da parte contrária,,
348,9252661-70.2020.1.46.1185,26/06/25,embargos de declaração,Dra Fontes,juntada de documentos realizada,,S
349,5747786-52.2023.7.30.3750,28/09/20,réplica,DRA. CAVALCANTE,documentos pendentes de entrega pelo cliente,,0
350,5638123-23.2024.7.30.5009,16/09/22,habilitação,Dr. Melo,prazo para recurso: 8 dias úteis a contar da intimação,,
351,6418382-43.2020.8.63.9133,2021-03-22,habilitação,Dr. Barros,juntada de documentos realizada,,
352,5058333-37.2021.3.98.8848,26/05/2023,recurso de apelação,Dra. Cavalcante,documentos pendentes de entrega pelo cliente,,
353,9898363-27.2020.4.89.2966,18/01/24,contestação,Dra. Cavalcante,prazo para recurso: 28 dias úteis a contar da intimação,,
354,8382607-83.2020.6.26.3936,26/10/2024,sentença,Dra. Fontes,prazo para recurso: 29 dias úteis a contar da intimação,,0
355,5518767-82.2023.4.96.9873,07/04/19,laudo pericial,Dra. Fontes,documentos pendentes de entrega pelo cliente,,0
356,2660213-63.2022.6.50.8366,10/02/2022,petição inicial,Dr. Barros,diligência externa necessária,2026-09-27,
357,4016576-41.2022.7.10.6952,21/10/2024,contestação,Dr. Barros,Prazo fatal: 2026-02-17,29 de dezembro de 2026,S
358,9804642-71.2024.4.76.5486,2025-07-17,intimação,Dr. Melo,audiência marcada para 18/06/26,26/03/26,sim
359,2480014-80.2024.2.29.9847,25/04/23,embargos de declaração,Dr. Barros,documentos pendentes de entrega pelo cliente,,
360,3242098-97.2025.4.44.9916,13/10/25,contestação,Dra. Fontes,,,N
361,7320713-89.2022.3.68.7881,12/11/2022,intimação,Dra Fontes,documentos pendentes de entrega pelo cliente,,N
362,9168044-67.2022.1.26.3054,29 de outubro de 2020,memoriais,Dra Fontes,prazo para recurso: 8 dias úteis a contar da intimação,,1
363,5518767-82.2023.4.96.9873,24/11/22,citação,Dr. Barros,aguardando manifestação da parte contrária,,sim
364,5747786-52.2023.7.30.3750,15 de abril de 2024,agravo regimental,Dra. Fontes,juntada de documentos realizada,,sim
365,5826200-20.2025.1.91.8748,6 de março de 2022,petição inicial,Dr. Melo,,,sim
366,1024421-54.2022.9.20.2563,24/03/2025,audiência de instrução,dr. melo,documentos pendentes de entrega pelo cliente,,
367,5747786-52.2023.7.30.3750,2021-09-27,agravo regimental,Dra. Cavalcante,prazo para recurso: 13 dias úteis a contar da intimação,,N
368,4507711-38.2024.2.34.4732,27/04/2024,contestação,Dra. Fontes,audiência marcada para 2026-10-12,2026-02-19,N
369,9108785-98.2021.3.78.6687,10/01/2024,réplica,DRA. CAVALCANTE,,,1
370,6370110-64.2022.3.52.8440,2022-04-23,contestação,Dra. Fontes,Prazo fatal: 16/07/26,,N
371,9686751-57.2022.7.62.3494,14 de abril de 2020,contestação,Dr. Barros,documentos pendentes de entrega pelo cliente,,1
372,3588109-63.2023.1.26.4223,30/04/2022,contestação,Dr. Melo,,,sim
373,5289264-48.2020.4.41.6347,16/12/24,audiência de instrução,dr. melo,prazo para recurso: 22 dias úteis a contar da intimação,,não
374,6425355-10.2021.6.53.2041,7 de março de 2021,despacho,Dra. Cavalcante,diligência externa necessária,,1
375,7243958-65.2020.5.25.5047,17 de fevereiro de 2025,citação,Dra. Fontes,,,sim
376,2753004-76.2021.8.83.9874,2020-04-19,acordo extrajudicial,Dr. Barros,prazo para recurso: 5 dias úteis a contar da intimação,27/08/26,sim
377,9408522-77.2021.3.36.8376,6 de abril de 2019,despacho,Dra. Cavalcante,juntada de documentos realizada,,não
378,9110060-16.2025.2.29.4716,27/10/2021,acordo extrajudicial,Dr. Barros,prazo para recurso: 18 dias úteis a contar da intimação,,S
379,9810112-12.2021.1.97.8847,19/01/2023,sentença,Dra Fontes,aguardando manifestação da parte contrária,,não
380,1664676-19.2021.8.64.4616,25/05/2021,embargos de declaração,Dra Fontes,prazo para recurso: 27 dias úteis a contar da intimação,,sim
381,5518767-82.2023.4.96.9873,03/03/23,intimação,Dr. Barros,prazo para recurso: 10 dias úteis a contar da intimação,,sim
382,9774395-92.2023.2.75.3192,26 de abril de 2022,citação,dr. melo,documentos pendentes de entrega pelo cliente,,sim
383,4314934-26.2021.7.14.7244,5 de fevereiro de 2023,contestação,dr. melo,prazo para recurso: 23 dias úteis a contar da intimação,,N
384,4687348-31.2023.1.92.6907,2025-02-26,memoriais,DRA. CAVALCANTE,prazo para recurso: 15 dias úteis a contar da intimação,,N
385,4507711-38.2024.2.34.4732,04/04/2022,laudo pericial,Dr. Barros,aguardando manifestação da parte contrária,,1
386,4417916-40.2022.7.26.4278,19 de março de 2024,agravo regimental,Dr. Melo,audiência marcada para 2026-04-06,,1
387,4065326-72.2025.8.58.5304,2025-03-05,memoriais,DRA. CAVALCANTE,,,N
388,1185885-59.2023.7.19.8433,2024-04-13,embargos de declaração,Dr. Barros,juntada de documentos realizada,,
389,8220628-15.2021.8.54.9077,2024-07-30,despacho,dr. melo,audiência marcada para 24 de dezembro de 2026,,S
390,1411065-96.2022.9.64.8271,26/01/2019,sentença,Dr. Barros,juntada de documentos realizada,,S
391,2997279-67.2024.9.84.1441,13/09/22,contestação,Dr. Melo,aguardando manifestação da parte contrária,23/04/2026,sim
392,9686751-57.2022.7.62.3494,16 de fevereiro de 2024,agravo regimental,dr. melo,documentos pendentes de entrega pelo cliente,,N
393,2575202-50.2023.1.54.9627,2024-06-02,agravo regimental,Dra. Cavalcante,juntada de documentos realizada,16 de março de 2026,S
394,6096719-87.2023.1.41.6180,16 de junho de 2025,audiência de instrução,Dra. Fontes,Prazo fatal: 03/10/2026,,
395,1024421-54.2022.9.20.2563,02/01/2023,recurso de apelação,Dra. Cavalcante,juntada de documentos realizada,,S
396,4140100-24.2024.4.63.7178,2023-10-09,acordo extrajudicial,DRA. CAVALCANTE,documentos pendentes de entrega pelo cliente,,sim
397,3248366-98.2020.5.11.6279,30/12/2021,intimação,Dra Fontes,aguardando manifestação da parte contrária,,sim
398,4952151-27.2023.3.38.8762,1 de agosto de 2019,contestação,Dr. Barros,diligência externa necessária,07/11/26,1
399,2328070-99.2024.8.57.5561,2025-02-05,despacho,Dr. Barros,aguardando manifestação da parte contrária,2026-06-25,não
400,1438459-62.2020.7.78.3410,03/11/2024,laudo pericial,Dra. Fontes,diligência externa necessária,,0
401,1116024-57.2025.8.16.4043,2022-05-25,sentença,dr. melo,juntada de documentos realizada,26/01/2026,S
402,4134515-43.2021.8.70.4879,14/02/26,memoriais,Dr. Barros,documentos pendentes de entrega pelo cliente,08/12/26,sim
403,5638123-23.2024.7.30.5009,2022-04-03,agravo regimental,DRA. CAVALCANTE,audiência marcada para 13/06/2026,04/07/2026,não
404,2341370-92.2024.9.60.8122,11 de dezembro de 2023,laudo pericial,Dra. Cavalcante,juntada de documentos realizada,2026-01-03,sim
405,1346701-74.2024.1.65.8985,02/08/21,despacho,dr. melo,juntada de documentos realizada,,não
406,6096719-87.2023.1.41.6180,30 de junho de 2023,habilitação,dr. melo,audiência marcada para 27 de junho de 2026,07/03/26,S
407,5432782-56.2021.2.97.6240,05/06/2025,contestação,Dra Fontes,aguardando manifestação da parte contrária,,0
408,5217157-98.2020.2.64.4094,10 de novembro de 2019,agravo regimental,Dr. Barros,prazo para recurso: 19 dias úteis a contar da intimação,,não
409,3542799-64.2025.6.13.7299,16/05/2023,sentença,Dra. Cavalcante,diligência externa necessária,2026-08-23,S
410,8886588-26.2020.9.65.6361,2023-11-14,audiência de instrução,Dra. Cavalcante,Prazo fatal: 15 de dezembro de 2026,27/11/2026,não
411,3542616-60.2022.3.87.6536,30/01/20,intimação,Dr. Barros,prazo para recurso: 28 dias úteis a contar da intimação,,1
412,7789809-22.2020.1.73.9031,08/02/24,recurso de apelação,Dra Fontes,juntada de documentos realizada,05/02/2026,N
413,8574876-96.2020.7.97.4673,05/11/23,despacho,Dra. Fontes,Prazo fatal: 2026-01-11,10/11/2026,0
414,3734843-61.2021.3.94.2954,6 de agosto de 2020,agravo regimental,Dra. Fontes,juntada de documentos realizada,22/04/2026,1
415,2110878-87.2023.8.83.8978,2023-11-24,despacho,Dr. Barros,prazo para recurso: 16 dias úteis a contar da intimação,,não
416,2231929-89.2024.6.41.5461,29/03/2026,recurso de apelação,Dra. Cavalcante,documentos pendentes de entrega pelo cliente,,
417,1101935-78.2023.5.88.5299,17/10/25,intimação,Dr. Barros,prazo para recurso: 16 dias úteis a contar da intimação,,0
418,4065326-72.2025.8.58.5304,29/08/2020,réplica,dr. melo,diligência externa necessária,20/12/2026,N
419,7438163-48.2021.3.47.1186,16/09/2023,habilitação,Dr. Barros,juntada de documentos realizada,,0
420,4299848-20.2023.2.47.7396,2021-12-23,embargos de declaração,Dra. Fontes,audiência marcada para 2026-04-13,,não
421,5239450-56.2022.7.99.2371,16 de agosto de 2024,citação,Dr. Barros,prazo para recurso: 16 dias úteis a contar da intimação,,S
422,6011987-71.2020.8.10.4396,28 de outubro de 2020,embargos de declaração,dr. melo,documentos pendentes de entrega pelo cliente,,sim
423,6944389-98.2023.1.72.8245,17/05/2023,petição inicial,dr. melo,prazo para recurso: 19 dias úteis a contar da intimação,,não
424,8749473-21.2020.4.12.9144,19/10/2023,citação,dr. melo,prazo para recurso: 5 dias úteis a contar da intimação,,S
425,5660649-86.2020.5.86.9291,14/11/21,sentença,Dr. Barros,documentos pendentes de entrega pelo cliente,,0
426,5661974-14.2020.6.39.3137,23/08/22,despacho,DRA. CAVALCANTE,,,S
427,8986773-71.2022.6.45.5854,17/08/2020,laudo pericial,dr. melo,aguardando manifestação da parte contrária,,
428,1013314-48.2023.4.39.2083,17 de janeiro de 2022,despacho,Dr. Barros,,,
429,3975387-89.2023.4.55.7631,5 de junho de 2023,intimação,Dr. Barros,Prazo fatal: 2026-09-05,,1
430,3576390-15.2021.2.82.8209,27/08/2019,audiência de instrução,DRA. CAVALCANTE,prazo para recurso: 22 dias úteis a contar da intimação,14/05/26,N
431,9898363-27.2020.4.89.2966,2023-08-11,embargos de declaração,dr. melo,prazo para recurso: 24 dias úteis a contar da intimação,,N
432,9686751-57.2022.7.62.3494,15 de julho de 2022,intimação,Dra. Cavalcante,diligência externa necessária,,
433,3263740-44.2022.3.81.5402,19/08/24,habilitação,Dra. Fontes,Prazo fatal: 2 de julho de 2026,,0
434,4893809-11.2021.7.19.9759,2024-05-16,sentença,DRA. CAVALCANTE,Prazo fatal: 26/03/2026,,0
435,9636371-69.2025.8.67.4068,11/12/2023,recurso de apelação,Dra. Fontes,Prazo fatal: 03/03/26,,sim
436,6368709-92.2024.7.99.9426,22/07/2021,despacho,Dr. Barros,prazo para recurso: 14 dias úteis a contar da intimação,,S
437,8381610-96.2020.6.26.2533,2020-10-29,audiência de instrução,Dr. Melo,aguardando manifestação da parte contrária,25/09/2026,sim
438,8125196-18.2023.1.53.1215,2024-10-21,audiência de instrução,Dr. Barros,juntada de documentos realizada,,sim
439,5660649-86.2020.5.86.9291,10 de dezembro de 2020,laudo pericial,Dr. Barros,Prazo fatal: 2026-05-27,,
440,3263740-44.2022.3.81.5402,15/12/2019,recurso de apelação,DRA. CAVALCANTE,audiência marcada para 04/05/2026,5 de agosto de 2026,
441,7115217-41.2025.1.67.7692,28/03/2023,embargos de declaração,Dra. Fontes,Prazo fatal: 2026-02-04,,1
442,8574876-96.2020.7.97.4673,8 de fevereiro de 2025,petição inicial,Dra. Cavalcante,,4 de abril de 2026,não
443,6160516-66.2024.5.17.7150,2021-12-12,petição inicial,Dra. Cavalcante,diligência externa necessária,,1
444,9810112-12.2021.1.97.8847,18/03/2025,memoriais,DRA. CAVALCANTE,prazo para recurso: 15 dias úteis a contar da intimação,,1
445,7722274-26.2024.9.14.7062,19 de maio de 2021,habilitação,Dr. Barros,juntada de documentos realizada,,não
446,8892606-62.2022.2.87.2168,2019-02-04,agravo regimental,Dra Fontes,juntada de documentos realizada,12 de fevereiro de 2026,
447,6339808-70.2020.2.67.1325,27 de junho de 2022,memoriais,Dr. Barros,audiência marcada para 12 de maio de 2026,,0
448,3263740-44.2022.3.81.5402,2 de fevereiro de 2020,embargos de declaração,DRA. CAVALCANTE,,,N
449,2753004-76.2021.8.83.9874,26/09/25,recurso de apelação,Dra. Cavalcante,,,não
450,7323234-16.2020.9.59.5035,25/06/23,embargos de declaração,Dra Fontes,prazo para recurso: 18 dias úteis a contar da intimação,,0
451,5492622-29.2021.9.92.7737,14 de outubro de 2024,audiência de instrução,Dr. Barros,documentos pendentes de entrega pelo cliente,,0
452,2267110-24.2021.5.78.6025,07/04/2020,habilitação,Dra. Fontes,aguardando manifestação da parte contrária,,não
453,9071705-28.2021.9.78.4746,17/08/2021,intimação,Dr. Barros,prazo para recurso: 30 dias úteis a contar da intimação,31/03/2026,sim
454,9302979-43.2025.9.68.7487,23/01/2023,habilitação,Dr. Melo,aguardando manifestação da parte contrária,04/05/2026,N
455,2186433-37.2022.2.12.4344,21 de fevereiro de 2024,petição inicial,Dr. Melo,aguardando manifestação da parte contrária,,S
456,5068524-45.2025.9.91.6906,19 de setembro de 2024,intimação,Dr. Barros,diligência externa necessária,,N
457,6686912-30.2025.4.68.7078,04/07/22,embargos de declaração,Dr. Barros,documentos pendentes de entrega pelo cliente,31 de julho de 2026,0
458,3168718-77.2025.2.92.8027,23/01/2023,acordo extrajudicial,DRA. CAVALCANTE,Prazo fatal: 06/11/2026,,sim
459,6935346-77.2024.3.52.9529,10/06/24,habilitação,Dr. Barros,documentos pendentes de entrega pelo cliente,25/12/2026,sim
460,3306375-34.2024.9.48.9154,17 de dezembro de 2022,embargos de declaração,dr. melo,,,sim
461,1098476-20.2021.1.47.3336,17/07/2024,citação,dr. melo,prazo para recurso: 28 dias úteis a contar da intimação,2026-11-17,N
462,8936104-83.2022.1.39.7934,21 de abril de 2020,despacho,Dra. Cavalcante,juntada de documentos realizada,01/10/26,1
463,8168054-14.2024.6.50.1232,20/02/24,petição inicial,Dra. Cavalcante,Prazo fatal: 13/01/26,,N
464,4460247-99.2024.9.97.4840,07/02/23,recurso de apelação,Dra Fontes,aguardando manifestação da parte contrária,,sim
465,7722274-26.2024.9.14.7062,20 de julho de 2022,acordo extrajudicial,Dr. Melo,,,
466,4299848-20.2023.2.47.7396,2026-03-07,intimação,Dr. Melo,diligência externa necessária,,1
467,5116418-16.2025.3.98.2234,27/12/2024,petição inicial,DRA. CAVALCANTE,Prazo fatal: 2 de janeiro de 2026,1 de julho de 2026,1
468,3667022-35.2020.9.76.3115,2019-07-14,petição inicial,Dr. Barros,juntada de documentos realizada,04/10/26,0
469,5116418-16.2025.3.98.2234,4 de janeiro de 2025,memoriais,Dra. Cavalcante,,,N
470,1098476-20.2021.1.47.3336,30 de agosto de 2020,embargos de declaração,Dra. Cavalcante,juntada de documentos realizada,21/11/26,S
471,9798556-59.2021.3.62.3110,19 de maio de 2025,agravo regimental,Dr. Barros,prazo para recurso: 22 dias úteis a contar da intimação,,não
472,7082985-88.2022.2.94.6058,31/07/21,habilitação,Dra. Fontes,Prazo fatal: 2026-05-30,,1
473,7515318-25.2024.4.34.6280,27 de agosto de 2025,acordo extrajudicial,Dr. Barros,diligência externa necessária,,0
474,1438459-62.2020.7.78.3410,16 de fevereiro de 2025,audiência de instrução,Dr. Barros,,,0
475,8306601-19.2020.3.50.7457,2025-07-30,acordo extrajudicial,Dra. Fontes,audiência marcada para 17/10/2026,,
476,5753123-52.2021.4.48.4042,25/01/2023,audiência de instrução,Dra Fontes,prazo para recurso: 18 dias úteis a contar da intimação,13/12/26,sim
477,9498791-62.2022.6.73.9564,05/12/22,sentença,Dra Fontes,audiência marcada para 10/05/26,,
478,7486138-99.2020.5.81.4332,14/07/25,recurso de apelação,Dr. Melo,Prazo fatal: 19/12/26,2026-03-27,1
479,6334947-38.2020.4.71.6173,2026-03-12,réplica,Dra. Fontes,audiência marcada para 2026-06-29,,0
480,2753004-76.2021.8.83.9874,23/02/21,embargos de declaração,Dr. Barros,Prazo fatal: 2026-10-14,,
481,8574876-96.2020.7.97.4673,21 de fevereiro de 2019,sentença,Dra Fontes,aguardando manifestação da parte contrária,,
482,9573194-21.2022.1.35.8352,02/09/25,contestação,Dr. Melo,audiência marcada para 05/03/2026,2026-01-25,0
483,4721085-96.2020.6.92.9645,25 de agosto de 2021,citação,Dr. Barros,juntada de documentos realizada,,
484,9798556-59.2021.3.62.3110,13 de setembro de 2025,acordo extrajudicial,Dra. Fontes,Prazo fatal: 18/08/2026,,S
485,5732779-86.2025.4.28.7831,19/01/2020,embargos de declaração,dr. melo,Prazo fatal: 02/05/2026,,não
486,7633905-83.2022.9.95.2309,06/01/2024,agravo regimental,Dra. Cavalcante,diligência externa necessária,24/02/2026,não
487,5492622-29.2021.9.92.7737,16/05/2025,audiência de instrução,DRA. CAVALCANTE,juntada de documentos realizada,21/11/2026,1
488,8306601-19.2020.3.50.7457,31 de março de 2024,embargos de declaração,dr. melo,audiência marcada para 23 de junho de 2026,22/04/2026,não
489,8220628-15.2021.8.54.9077,7 de abril de 2021,despacho,dr. melo,prazo para recurso: 24 dias úteis a contar da intimação,,0
490,3248366-98.2020.5.11.6279,17/11/20,contestação,Dra. Cavalcante,prazo para recurso: 19 dias úteis a contar da intimação,,
491,3541821-31.2021.8.96.1927,07/04/23,memoriais,Dr. Melo,,,não
492,5996426-23.2022.8.20.3566,24 de fevereiro de 2019,habilitação,dr. melo,,,1
493,1887163-62.2025.9.93.1037,2025-07-29,petição inicial,Dra Fontes,audiência marcada para 19/04/26,,1
494,6096719-87.2023.1.41.6180,2021-03-31,intimação,Dra. Fontes,documentos pendentes de entrega pelo cliente,,
495,8539686-69.2023.4.36.2235,05/06/23,embargos de declaração,Dra. Cavalcante,aguardando manifestação da parte contrária,,S
496,9062552-47.2024.4.22.8265,26/03/2025,agravo regimental,Dra Fontes,Prazo fatal: 14/07/2026,,0
497,6011987-71.2020.8.10.4396,2021-05-06,agravo regimental,dr. melo,documentos pendentes de entrega pelo cliente,,N
498,2328070-99.2024.8.57.5561,05/10/2023,acordo extrajudicial,Dr. Melo,aguardando manifestação da parte contrária,27/09/2026,N
499,2545435-52.2025.3.59.7623,26 de novembro de 2023,réplica,Dra. Cavalcante,audiência marcada para 2026-08-03,,1
500,6160516-66.2024.5.17.7150,20 de julho de 2020,memoriais,Dr. Barros,,,não
501,6003915-30.2025.6.37.7681,17/06/25,citação,Dr. Melo,documentos pendentes de entrega pelo cliente,22/03/2026,0
502,7724543-49.2023.9.44.7412,20 de abril de 2026,recurso de apelação,Dra. Fontes,aguardando manifestação da parte contrária,16 de outubro de 2026,S
503,7724543-49.2023.9.44.7412,13/05/2024,acordo extrajudicial,Dra Fontes,diligência externa necessária,07/04/2026,
504,8530609-10.2021.5.41.7151,2023-08-25,agravo regimental,Dr. Barros,,17/11/2026,1
505,4299848-20.2023.2.47.7396,28 de agosto de 2024,memoriais,DRA. CAVALCANTE,Prazo fatal: 22/12/2026,16/02/26,0
506,9108785-98.2021.3.78.6687,24 de dezembro de 2025,sentença,Dr. Melo,juntada de documentos realizada,,não
507,4084503-92.2025.8.90.5515,21/08/20,contestação,Dra. Cavalcante,aguardando manifestação da parte contrária,,1
508,8183950-10.2021.5.84.9388,12/08/25,recurso de apelação,Dra. Fontes,juntada de documentos realizada,,não
509,6663627-76.2023.9.26.5770,2 de fevereiro de 2022,habilitação,DRA. CAVALCANTE,aguardando manifestação da parte contrária,,sim
510,2129757-49.2025.4.14.5657,12/07/21,habilitação,Dra Fontes,,2026-02-08,não
511,5545511-73.2023.1.66.9757,2024-03-20,acordo extrajudicial,Dr. Melo,juntada de documentos realizada,21 de março de 2026,N
512,3785792-10.2020.5.78.7940,2025-08-07,intimação,Dr. Melo,juntada de documentos realizada,,sim
513,3588109-63.2023.1.26.4223,2025-10-15,recurso de apelação,Dr. Melo,juntada de documentos realizada,,0
514,2110878-87.2023.8.83.8978,5 de fevereiro de 2019,embargos de declaração,Dra. Fontes,audiência marcada para 2026-12-21,2026-04-12,0
515,2186433-37.2022.2.12.4344,12/11/2020,recurso de apelação,Dr. Barros,,29/04/2026,0
516,5614769-67.2022.9.87.1001,5 de dezembro de 2022,sentença,dr. melo,,,S
517,2824928-33.2020.1.90.6467,04/05/2022,habilitação,Dr. Melo,audiência marcada para 17 de julho de 2026,16 de junho de 2026,sim
518,6927716-18.2022.9.56.1445,26/10/21,petição inicial,dr. melo,documentos pendentes de entrega pelo cliente,08/06/2026,1
519,9835331-11.2022.6.15.8602,09/05/25,sentença,Dr. Barros,audiência marcada para 06/07/2026,27 de agosto de 2026,S
520,9636371-69.2025.8.67.4068,19 de setembro de 2021,citação,Dra. Fontes,Prazo fatal: 18/11/2026,22/08/26,sim
521,5124342-11.2025.5.50.6107,26/02/2023,intimação,Dra. Fontes,aguardando manifestação da parte contrária,,1
522,5733649-38.2020.2.35.3379,14/01/2026,sentença,dr. melo,,,0
523,8986773-71.2022.6.45.5854,2022-01-04,sentença,dr. melo,Prazo fatal: 27 de novembro de 2026,25/07/26,não
524,6944389-98.2023.1.72.8245,22/11/20,sentença,Dr. Melo,Prazo fatal: 2026-10-10,,N
525,2895065-46.2022.7.67.1438,2020-12-01,habilitação,Dr. Barros,documentos pendentes de entrega pelo cliente,,S
526,9057960-29.2025.5.10.6072,25 de setembro de 2023,habilitação,Dra Fontes,audiência marcada para 2026-08-03,02/11/2026,1
527,2554938-48.2024.1.13.4544,31 de março de 2019,recurso de apelação,Dr. Barros,Prazo fatal: 01/06/26,2026-01-04,1
528,1311508-84.2020.3.38.8512,2022-07-29,audiência de instrução,Dra. Cavalcante,prazo para recurso: 18 dias úteis a contar da intimação,,S
529,2019436-32.2020.6.16.9856,01/06/24,laudo pericial,Dra. Fontes,juntada de documentos realizada,,não
530,8168054-14.2024.6.50.1232,12 de abril de 2021,agravo regimental,Dra Fontes,prazo para recurso: 7 dias úteis a contar da intimação,,S
531,7236875-79.2024.7.97.5566,15 de dezembro de 2024,petição inicial,DRA. CAVALCANTE,diligência externa necessária,,0
532,7224257-29.2020.8.88.9110,2022-03-14,embargos de declaração,Dr. Melo,Prazo fatal: 11 de dezembro de 2026,,
533,4417916-40.2022.7.26.4278,29 de março de 2025,contestação,Dra. Cavalcante,diligência externa necessária,,S
534,3496733-55.2020.2.43.8503,2022-09-17,contestação,Dr. Barros,documentos pendentes de entrega pelo cliente,,S
535,3675188-38.2025.9.53.3305,22/09/2021,audiência de instrução,Dra. Cavalcante,Prazo fatal: 2026-02-10,,
536,5124342-11.2025.5.50.6107,15 de fevereiro de 2020,audiência de instrução,Dra. Cavalcante,prazo para recurso: 15 dias úteis a contar da intimação,12 de setembro de 2026,S
537,9060164-41.2020.5.36.2381,2021-11-30,embargos de declaração,Dr. Melo,aguardando manifestação da parte contrária,24/01/2026,S
538,6075721-43.2020.9.85.8738,16/07/24,recurso de apelação,DRA. CAVALCANTE,documentos pendentes de entrega pelo cliente,,
539,4065326-72.2025.8.58.5304,2020-11-22,habilitação,Dra Fontes,juntada de documentos realizada,,0
540,6075721-43.2020.9.85.8738,02/05/2025,memoriais,dr. melo,,,não
541,2837371-36.2022.7.88.5428,28/02/24,contestação,Dr. Barros,documentos pendentes de entrega pelo cliente,,S
542,3242098-97.2025.4.44.9916,06/10/2021,habilitação,Dra. Cavalcante,juntada de documentos realizada,,0
543,3924425-56.2021.9.58.2912,25 de fevereiro de 2020,recurso de apelação,Dr. Barros,Prazo fatal: 21/06/26,24/05/26,1
544,1621418-87.2020.9.55.9337,16 de setembro de 2024,audiência de instrução,Dra. Cavalcante,Prazo fatal: 4 de novembro de 2026,,1
545,8382607-83.2020.6.26.3936,14/05/21,intimação,Dra. Cavalcante,juntada de documentos realizada,,
546,1676369-34.2022.3.47.6087,15/06/23,despacho,Dra. Cavalcante,aguardando manifestação da parte contrária,27/03/26,S
547,5545511-73.2023.1.66.9757,14 de outubro de 2025,laudo pericial,Dr. Melo,documentos pendentes de entrega pelo cliente,,N
548,2461262-96.2021.6.48.1315,9 de fevereiro de 2021,embargos de declaração,Dra. Fontes,juntada de documentos realizada,,N
549,8886588-26.2020.9.65.6361,08/03/2024,contestação,Dra. Cavalcante,documentos pendentes de entrega pelo cliente,,
550,1931030-34.2024.8.48.5319,01/02/21,réplica,DRA. CAVALCANTE,Prazo fatal: 16 de novembro de 2026,,N
551,3975387-89.2023.4.55.7631,16/05/24,audiência de instrução,Dra Fontes,juntada de documentos realizada,,
552,6528202-89.2025.3.17.9496,07/11/2024,embargos de declaração,Dr. Barros,diligência externa necessária,,1
553,3754895-37.2021.6.18.8502,14/09/2020,audiência de instrução,dr. melo,Prazo fatal: 2026-10-29,,0
554,2895065-46.2022.7.67.1438,2021-07-31,laudo pericial,Dra. Fontes,prazo para recurso: 28 dias úteis a contar da intimação,,S
555,9953454-93.2020.2.52.5723,09/08/2020,citação,Dr. Melo,prazo para recurso: 11 dias úteis a contar da intimação,,0
556,6992158-64.2024.5.43.7750,18 de outubro de 2025,habilitação,Dra. Fontes,audiência marcada para 2026-12-25,18/10/26,0
557,3710559-31.2020.9.95.2540,2025-06-21,audiência de instrução,Dra Fontes,prazo para recurso: 28 dias úteis a contar da intimação,10/05/26,0
558,8286828-70.2022.9.31.8012,12/07/2024,despacho,Dr. Melo,juntada de documentos realizada,,1
559,9214397-26.2023.4.18.6844,18/05/2020,recurso de apelação,Dra. Cavalcante,Prazo fatal: 10/09/26,,
560,1742202-63.2023.6.68.9372,27/05/23,petição inicial,Dr. Melo,diligência externa necessária,18 de agosto de 2026,sim
561,8530609-10.2021.5.41.7151,23/07/19,laudo pericial,DRA. CAVALCANTE,aguardando manifestação da parte contrária,,sim
562,3975387-89.2023.4.55.7631,2026-03-10,habilitação,Dra. Cavalcante,juntada de documentos realizada,,0
563,5638123-23.2024.7.30.5009,4 de março de 2025,petição inicial,Dra Fontes,diligência externa necessária,02/03/2026,1
564,5967836-10.2021.4.35.9671,2025-10-30,recurso de apelação,DRA. CAVALCANTE,juntada de documentos realizada,,N
565,6254488-31.2024.9.48.3216,27 de dezembro de 2025,acordo extrajudicial,Dra. Fontes,audiência marcada para 22 de maio de 2026,27/06/26,N
566,3542616-60.2022.3.87.6536,23 de setembro de 2021,acordo extrajudicial,dr. melo,aguardando manifestação da parte contrária,,S
567,2519059-58.2022.7.86.4385,5 de janeiro de 2026,habilitação,Dra Fontes,documentos pendentes de entrega pelo cliente,,S
568,5850223-43.2020.3.81.3185,02/12/2025,habilitação,Dra. Cavalcante,prazo para recurso: 22 dias úteis a contar da intimação,,1
569,7398699-88.2025.6.55.3587,2026-01-15,memoriais,Dr. Barros,documentos pendentes de entrega pelo cliente,,0
570,2966787-79.2022.1.41.9944,06/06/23,sentença,dr. melo,diligência externa necessária,,sim
571,7320713-89.2022.3.68.7881,15/10/2024,memoriais,Dr. Melo,documentos pendentes de entrega pelo cliente,02/09/26,1
572,8382607-83.2020.6.26.3936,2022-05-01,intimação,Dra. Fontes,Prazo fatal: 12/06/2026,,1
573,4721085-96.2020.6.92.9645,29/07/25,intimação,Dra Fontes,aguardando manifestação da parte contrária,,1
574,5850223-43.2020.3.81.3185,2023-02-09,despacho,Dra. Fontes,prazo para recurso: 10 dias úteis a contar da intimação,2026-11-02,1
575,8129073-22.2024.4.16.9656,2019-03-29,audiência de instrução,Dra Fontes,Prazo fatal: 16 de outubro de 2026,26/12/2026,S
576,8677980-28.2024.9.94.6552,12 de outubro de 2025,sentença,Dr. Barros,prazo para recurso: 22 dias úteis a contar da intimação,,S
577,6528202-89.2025.3.17.9496,22 de março de 2022,agravo regimental,dr. melo,audiência marcada para 26/09/26,,0
578,7082985-88.2022.2.94.6058,2022-03-03,despacho,Dr. Barros,aguardando manifestação da parte contrária,,N
579,5733649-38.2020.2.35.3379,2025-12-02,petição inicial,Dr. Barros,prazo para recurso: 21 dias úteis a contar da intimação,26/10/2026,1
580,7271178-97.2023.5.84.4243,11/04/2024,laudo pericial,Dr. Barros,audiência marcada para 2026-12-12,2026-12-30,1
581,2267110-24.2021.5.78.6025,22/12/2019,despacho,dr. melo,documentos pendentes de entrega pelo cliente,14 de setembro de 2026,
582,2824928-33.2020.1.90.6467,09/06/2022,contestação,Dra. Fontes,prazo para recurso: 24 dias úteis a contar da intimação,17/03/26,0
583,3306375-34.2024.9.48.9154,25/01/2022,acordo extrajudicial,Dra. Cavalcante,,,N
584,8590346-68.2020.7.63.7780,2024-04-21,contestação,DRA. CAVALCANTE,aguardando manifestação da parte contrária,,sim
585,7553290-31.2023.9.36.9282,15/12/2023,petição inicial,Dra. Fontes,diligência externa necessária,2026-11-20,
586,6036037-32.2025.3.53.7515,2021-10-16,habilitação,Dr. Barros,prazo para recurso: 15 dias úteis a contar da intimação,,N
587,9076234-78.2023.3.90.2702,10/07/2024,sentença,dr. melo,audiência marcada para 2026-05-20,18/06/26,não
588,2292432-35.2025.5.83.7063,09/04/2021,memoriais,DRA. CAVALCANTE,documentos pendentes de entrega pelo cliente,,0
589,2461262-96.2021.6.48.1315,2022-07-31,laudo pericial,Dr. Melo,documentos pendentes de entrega pelo cliente,,
590,1878000-50.2025.7.58.1197,07/04/19,réplica,Dra Fontes,,21 de dezembro de 2026,
591,6368709-92.2024.7.99.9426,22 de março de 2020,réplica,Dra Fontes,audiência marcada para 2026-06-22,,S
592,7141324-67.2025.3.86.3413,2021-02-03,audiência de instrução,Dra. Fontes,audiência marcada para 2026-03-26,,N
593,9498791-62.2022.6.73.9564,20/08/2021,habilitação,Dr. Barros,documentos pendentes de entrega pelo cliente,,S
594,7892487-80.2022.9.64.5036,3 de julho de 2025,sentença,Dr. Barros,juntada de documentos realizada,,
595,8655267-17.2025.3.63.4188,7 de março de 2026,habilitação,Dra Fontes,documentos pendentes de entrega pelo cliente,,sim
596,9666878-83.2023.6.29.9905,26 de agosto de 2022,memoriais,Dra Fontes,aguardando manifestação da parte contrária,,N
597,5901155-82.2023.2.89.7717,2020-08-02,citação,Dra. Cavalcante,aguardando manifestação da parte contrária,,não
598,4681694-71.2021.9.28.7350,19/09/2024,agravo regimental,Dr. Barros,juntada de documentos realizada,,S
599,2100417-68.2021.7.29.9662,08/11/19,recurso de apelação,Dra. Fontes,Prazo fatal: 2026-10-28,,1
600,1165147-13.2020.2.47.5874,2022-05-17,citação,Dra Fontes,juntada de documentos realizada,,
601,4061044-97.2023.7.99.3676,2023-11-03,recurso de apelação,dr. melo,audiência marcada para 2026-10-01,,N
602,2341370-92.2024.9.60.8122,08/01/24,réplica,Dra. Fontes,Prazo fatal: 30/08/26,,1
603,2411026-52.2022.6.26.7373,22/03/2019,intimação,Dra Fontes,prazo para recurso: 23 dias úteis a contar da intimação,,N
604,6476769-27.2021.5.22.2570,03/09/25,embargos de declaração,Dr. Barros,,,sim
605,1621418-87.2020.9.55.9337,2024-04-20,despacho,Dra. Fontes,audiência marcada para 13 de setembro de 2026,,1
606,6105303-92.2021.4.39.3868,2019-05-14,sentença,Dra. Cavalcante,Prazo fatal: 17 de setembro de 2026,,0
607,1664676-19.2021.8.64.4616,9 de maio de 2022,citação,dr. melo,documentos pendentes de entrega pelo cliente,,não
608,3376786-12.2020.7.64.5093,2025-07-19,intimação,Dr. Barros,documentos pendentes de entrega pelo cliente,,não
609,3263740-44.2022.3.81.5402,06/07/2023,citação,Dra. Cavalcante,Prazo fatal: 04/03/26,1 de abril de 2026,S
610,1098476-20.2021.1.47.3336,2022-05-27,audiência de instrução,Dra Fontes,diligência externa necessária,,
611,8286382-50.2025.4.53.4414,7 de julho de 2023,laudo pericial,Dr. Barros,aguardando manifestação da parte contrária,,não
612,9062552-47.2024.4.22.8265,2024-11-30,petição inicial,dr. melo,diligência externa necessária,06/06/26,
613,2316290-44.2022.7.34.5190,08/04/21,habilitação,Dr. Barros,diligência externa necessária,,
614,2869625-86.2025.7.14.5837,2020-05-17,audiência de instrução,DRA. CAVALCANTE,documentos pendentes de entrega pelo cliente,,N
615,6096719-87.2023.1.41.6180,18/02/2021,contestação,dr. melo,documentos pendentes de entrega pelo cliente,,0
616,1557680-16.2021.4.16.4031,31 de janeiro de 2022,citação,Dr. Barros,,15/01/2026,sim
617,6779292-61.2021.4.86.2783,20/06/2020,agravo regimental,Dr. Melo,audiência marcada para 5 de abril de 2026,31 de maio de 2026,S
618,2231929-89.2024.6.41.5461,01/08/2024,intimação,Dr. Barros,audiência marcada para 2026-06-21,,N
619,6686912-30.2025.4.68.7078,02/06/23,embargos de declaração,Dr. Barros,Prazo fatal: 22/05/2026,,sim
620,2236315-26.2022.5.82.8939,20 de julho de 2020,despacho,Dr. Barros,Prazo fatal: 2026-10-26,,N
621,8168054-14.2024.6.50.1232,26/01/25,réplica,Dr. Barros,audiência marcada para 12/03/26,12/01/26,0
622,7553290-31.2023.9.36.9282,28 de fevereiro de 2023,citação,Dr. Barros,Prazo fatal: 2026-07-16,,
623,6779292-61.2021.4.86.2783,29 de setembro de 2024,habilitação,Dr. Barros,Prazo fatal: 21/02/26,,não
624,5483975-50.2024.8.92.4422,25/07/25,sentença,dr. melo,audiência marcada para 10 de março de 2026,,
625,5545511-73.2023.1.66.9757,2024-09-14,habilitação,Dra. Fontes,Prazo fatal: 22 de novembro de 2026,12/01/2026,S
626,8382607-83.2020.6.26.3936,21 de dezembro de 2023,réplica,Dra Fontes,juntada de documentos realizada,2 de fevereiro de 2026,S
627,1346701-74.2024.1.65.8985,22 de maio de 2021,contestação,Dr. Barros,,,1
628,7381740-86.2021.2.88.6570,25 de setembro de 2019,citação,Dra. Cavalcante,diligência externa necessária,,sim
629,1887163-62.2025.9.93.1037,2025-09-25,recurso de apelação,Dr. Barros,aguardando manifestação da parte contrária,,
630,3376786-12.2020.7.64.5093,2024-09-22,audiência de instrução,dr. melo,juntada de documentos realizada,,
631,5545511-73.2023.1.66.9757,2026-01-28,contestação,Dr. Barros,,,N
632,8323566-47.2021.3.26.4644,11 de agosto de 2025,embargos de declaração,Dr. Barros,documentos pendentes de entrega pelo cliente,,
633,8607512-63.2021.6.82.1039,26/01/2023,agravo regimental,Dra. Fontes,aguardando manifestação da parte contrária,,0
634,8125196-18.2023.1.53.1215,23/04/24,intimação,DRA. CAVALCANTE,audiência marcada para 06/07/2026,31 de dezembro de 2026,sim
635,7840442-26.2025.9.53.5093,10/10/2022,sentença,Dra. Cavalcante,aguardando manifestação da parte contrária,,S
636,4433355-55.2023.8.48.9346,2021-12-31,despacho,dr. melo,audiência marcada para 21/06/26,,sim
637,7951127-89.2024.1.63.3502,2021-02-02,petição inicial,Dr. Melo,aguardando manifestação da parte contrária,,S
638,3750497-13.2024.6.65.9009,2019-05-24,audiência de instrução,Dr. Barros,audiência marcada para 26/12/2026,,não
639,3542799-64.2025.6.13.7299,29 de julho de 2023,audiência de instrução,Dr. Barros,aguardando manifestação da parte contrária,,0
640,7419280-60.2021.1.40.9417,9 de abril de 2024,agravo regimental,Dra. Fontes,prazo para recurso: 5 dias úteis a contar da intimação,30 de novembro de 2026,
641,8157599-64.2024.2.89.5276,2022-08-19,réplica,Dra. Fontes,Prazo fatal: 2026-09-23,,1
642,8936104-83.2022.1.39.7934,26/07/20,contestação,DRA. CAVALCANTE,documentos pendentes de entrega pelo cliente,08/03/2026,não
643,9408522-77.2021.3.36.8376,30/08/25,despacho,Dra Fontes,Prazo fatal: 2026-11-08,,N
644,1093623-59.2025.7.92.5441,10/01/21,citação,Dr. Melo,audiência marcada para 09/08/2026,,
645,4824419-32.2024.5.47.3265,17/01/2020,intimação,Dra. Cavalcante,aguardando manifestação da parte contrária,11/03/26,0
646,1628717-84.2025.8.67.8313,22/10/20,embargos de declaração,Dr. Barros,juntada de documentos realizada,,N
647,3754895-37.2021.6.18.8502,19/09/2020,citação,Dra Fontes,juntada de documentos realizada,10/01/26,S
648,7848147-32.2021.6.58.3528,16 de janeiro de 2024,sentença,dr. melo,,,S
649,8735892-74.2025.8.18.9411,28/06/2025,memoriais,Dra. Cavalcante,documentos pendentes de entrega pelo cliente,2026-08-08,S
650,1887163-62.2025.9.93.1037,15/03/2019,contestação,Dra. Fontes,aguardando manifestação da parte contrária,13/09/2026,sim
651,4584224-94.2025.2.57.2511,2026-04-05,acordo extrajudicial,Dr. Barros,documentos pendentes de entrega pelo cliente,,não
652,7840442-26.2025.9.53.5093,15 de janeiro de 2020,réplica,Dr. Barros,prazo para recurso: 5 dias úteis a contar da intimação,,S
653,5755257-93.2020.8.44.2882,07/05/22,intimação,Dra. Cavalcante,aguardando manifestação da parte contrária,,0
654,3734843-61.2021.3.94.2954,15 de junho de 2023,embargos de declaração,Dra. Cavalcante,diligência externa necessária,,sim
655,9168044-67.2022.1.26.3054,14/03/2023,despacho,dr. melo,,,N
656,7840442-26.2025.9.53.5093,10/03/2022,réplica,Dr. Melo,,2026-02-27,N
657,5068524-45.2025.9.91.6906,31 de março de 2022,agravo regimental,Dra Fontes,,30/10/2026,N
658,4092125-65.2025.3.26.9073,29/10/2020,agravo regimental,dr. melo,Prazo fatal: 2026-05-20,,sim
659,5947618-28.2023.6.53.6118,22 de março de 2021,despacho,Dra Fontes,documentos pendentes de entrega pelo cliente,,0
660,8129073-22.2024.4.16.9656,07/09/25,memoriais,Dr. Melo,diligência externa necessária,08/04/26,S
661,4084503-92.2025.8.90.5515,5 de outubro de 2020,audiência de instrução,Dr. Melo,aguardando manifestação da parte contrária,2026-03-31,não
662,4893809-11.2021.7.19.9759,07/06/2021,acordo extrajudicial,Dra. Fontes,aguardando manifestação da parte contrária,,S
663,5432782-56.2021.2.97.6240,16/03/26,habilitação,Dra. Cavalcante,audiência marcada para 31/03/26,5 de maio de 2026,1
664,7948577-74.2025.1.60.7583,06/08/20,agravo regimental,DRA. CAVALCANTE,Prazo fatal: 19/09/2026,,1
665,2294596-63.2020.6.38.9193,31/12/2025,acordo extrajudicial,Dr. Barros,juntada de documentos realizada,,
666,3675188-38.2025.9.53.3305,16 de novembro de 2020,despacho,Dr. Barros,prazo para recurso: 11 dias úteis a contar da intimação,1 de setembro de 2026,não
667,6018860-77.2022.1.94.1315,24/07/25,recurso de apelação,Dr. Barros,diligência externa necessária,,
668,8590346-68.2020.7.63.7780,30/01/24,agravo regimental,Dra Fontes,diligência externa necessária,,não
669,8168054-14.2024.6.50.1232,24 de outubro de 2022,laudo pericial,Dra Fontes,,17/12/26,sim
670,8097721-13.2023.1.47.8354,12 de setembro de 2025,laudo pericial,Dra. Fontes,,,0
671,9824532-76.2023.6.37.2040,01/07/2021,despacho,Dra. Cavalcante,juntada de documentos realizada,08/08/2026,N
672,2191287-57.2021.1.18.8228,23 de junho de 2021,agravo regimental,Dra. Cavalcante,,,S
673,2411026-52.2022.6.26.7373,11 de dezembro de 2020,contestação,DRA. CAVALCANTE,diligência externa necessária,,sim
674,8062805-72.2022.1.22.8771,02/08/2020,intimação,DRA. CAVALCANTE,diligência externa necessária,,não
675,1346701-74.2024.1.65.8985,19/01/2021,contestação,Dr. Barros,audiência marcada para 28 de agosto de 2026,2026-09-25,1
676,6034606-21.2023.6.18.6684,2022-11-17,acordo extrajudicial,Dr. Barros,documentos pendentes de entrega pelo cliente,2026-03-23,S
677,9060164-41.2020.5.36.2381,2023-02-12,memoriais,dr. melo,juntada de documentos realizada,2026-05-26,não
678,2236315-26.2022.5.82.8939,12/02/2021,despacho,Dr. Barros,prazo para recurso: 7 dias úteis a contar da intimação,2026-11-03,
679,4452862-76.2021.3.27.3238,31/03/2026,audiência de instrução,Dra. Cavalcante,documentos pendentes de entrega pelo cliente,,não
680,2112478-55.2024.2.51.9095,2 de maio de 2024,réplica,DRA. CAVALCANTE,audiência marcada para 30 de junho de 2026,,não
681,6953559-38.2025.7.42.9212,11/06/2024,memoriais,Dr. Melo,Prazo fatal: 14/08/2026,26/11/26,1
682,1878000-50.2025.7.58.1197,4 de janeiro de 2019,recurso de apelação,DRA. CAVALCANTE,prazo para recurso: 17 dias úteis a contar da intimação,,não
683,3346094-93.2020.2.94.1759,2021-10-30,citação,dr. melo,prazo para recurso: 9 dias úteis a contar da intimação,2026-06-13,1
684,5901155-82.2023.2.89.7717,10/12/2025,recurso de apelação,Dr. Melo,Prazo fatal: 20/08/26,2026-01-27,sim
685,1869144-23.2023.5.84.3325,24/12/2020,habilitação,Dr. Barros,audiência marcada para 2026-09-08,,sim
686,3710559-31.2020.9.95.2540,2025-10-28,réplica,Dra. Fontes,documentos pendentes de entrega pelo cliente,17 de maio de 2026,
687,4433355-55.2023.8.48.9346,11 de março de 2023,despacho,Dra. Fontes,prazo para recurso: 9 dias úteis a contar da intimação,,não
688,5401874-62.2025.2.46.8337,29 de outubro de 2025,acordo extrajudicial,dr. melo,prazo para recurso: 19 dias úteis a contar da intimação,,1
689,1353022-94.2023.9.79.1203,09/12/2021,citação,Dr. Barros,Prazo fatal: 30/11/26,,N
690,6414076-16.2021.7.78.8273,27 de julho de 2019,embargos de declaração,Dra Fontes,,,0
691,1784068-27.2021.3.12.2538,14/10/25,habilitação,Dr. Barros,aguardando manifestação da parte contrária,,sim
692,5614769-67.2022.9.87.1001,23 de junho de 2022,sentença,Dr. Melo,audiência marcada para 10 de outubro de 2026,2026-03-27,sim
693,6404948-40.2021.7.68.7161,2025-05-18,agravo regimental,Dra Fontes,aguardando manifestação da parte contrária,,1
694,7136189-41.2024.2.60.1768,26 de junho de 2025,sentença,dr. melo,Prazo fatal: 10 de maio de 2026,,S
695,2118934-75.2023.5.97.9563,15/05/2023,acordo extrajudicial,Dr. Melo,juntada de documentos realizada,2026-12-11,sim
696,4092125-65.2025.3.26.9073,31 de outubro de 2020,despacho,Dra Fontes,prazo para recurso: 8 dias úteis a contar da intimação,2026-06-10,não
697,1438459-62.2020.7.78.3410,16 de janeiro de 2022,intimação,DRA. CAVALCANTE,aguardando manifestação da parte contrária,,não
698,8125196-18.2023.1.53.1215,20/05/2022,despacho,dr. melo,documentos pendentes de entrega pelo cliente,,
699,7553290-31.2023.9.36.9282,6 de agosto de 2019,citação,DRA. CAVALCANTE,documentos pendentes de entrega pelo cliente,,0
700,5700249-43.2020.5.57.9341,15/01/24,réplica,Dra Fontes,aguardando manifestação da parte contrária,18/10/26,não
701,3975387-89.2023.4.55.7631,23/06/25,petição inicial,Dra. Fontes,documentos pendentes de entrega pelo cliente,,S
702,8129073-22.2024.4.16.9656,30 de janeiro de 2022,memoriais,Dr. Barros,Prazo fatal: 01/07/26,,sim
703,1248003-72.2024.2.80.8472,07/10/2022,contestação,Dr. Barros,juntada de documentos realizada,,sim
704,9498791-62.2022.6.73.9564,5 de agosto de 2022,audiência de instrução,Dra. Fontes,Prazo fatal: 2026-09-04,,não
705,3754895-37.2021.6.18.8502,12/08/20,contestação,Dra Fontes,Prazo fatal: 1 de fevereiro de 2026,,S
706,6425355-10.2021.6.53.2041,17/11/25,laudo pericial,Dra Fontes,audiência marcada para 16/12/26,,1
707,5492622-29.2021.9.92.7737,19/06/2025,réplica,Dr. Melo,juntada de documentos realizada,,sim
708,5214684-96.2020.6.84.9986,27/03/26,despacho,Dra. Fontes,prazo para recurso: 12 dias úteis a contar da intimação,,
709,4092125-65.2025.3.26.9073,6 de janeiro de 2020,agravo regimental,DRA. CAVALCANTE,aguardando manifestação da parte contrária,,
710,5753123-52.2021.4.48.4042,4 de junho de 2024,sentença,Dra. Fontes,audiência marcada para 30 de dezembro de 2026,,N
711,1093623-59.2025.7.92.5441,06/03/26,despacho,DRA. CAVALCANTE,documentos pendentes de entrega pelo cliente,,não
712,4061044-97.2023.7.99.3676,18/04/2020,habilitação,Dra. Cavalcante,aguardando manifestação da parte contrária,,
713,8530609-10.2021.5.41.7151,2024-04-18,embargos de declaração,Dr. Barros,audiência marcada para 24 de março de 2026,,sim
714,5239450-56.2022.7.99.2371,13/10/22,recurso de apelação,Dra. Cavalcante,,,0
715,5661974-14.2020.6.39.3137,22 de junho de 2021,despacho,DRA. CAVALCANTE,juntada de documentos realizada,24/10/2026,0
716,3734843-61.2021.3.94.2954,12/10/22,contestação,dr. melo,documentos pendentes de entrega pelo cliente,19 de outubro de 2026,N
717,1098476-20.2021.1.47.3336,05/08/23,memoriais,Dr. Melo,documentos pendentes de entrega pelo cliente,2026-07-25,0
718,2341370-92.2024.9.60.8122,15/11/2020,réplica,Dr. Barros,Prazo fatal: 06/08/2026,20/11/2026,N
719,6368709-92.2024.7.99.9426,27 de novembro de 2025,recurso de apelação,Dra. Cavalcante,prazo para recurso: 21 dias úteis a contar da intimação,,1
720,3496733-55.2020.2.43.8503,20/09/2022,habilitação,dr. melo,audiência marcada para 2026-07-27,,1
721,6836135-90.2022.9.37.5643,2024-03-21,citação,Dra. Fontes,audiência marcada para 17 de outubro de 2026,,não
722,1667591-67.2025.4.69.9424,10 de junho de 2025,embargos de declaração,dr. melo,prazo para recurso: 5 dias úteis a contar da intimação,,1
723,6418382-43.2020.8.63.9133,20/09/24,sentença,Dr. Barros,diligência externa necessária,,não
724,7438163-48.2021.3.47.1186,27/05/2024,laudo pericial,Dr. Melo,audiência marcada para 2026-07-02,10 de maio de 2026,sim
725,8168054-14.2024.6.50.1232,2022-09-22,embargos de declaração,Dr. Melo,documentos pendentes de entrega pelo cliente,26 de novembro de 2026,N
726,9573194-21.2022.1.35.8352,24/02/2025,acordo extrajudicial,Dra Fontes,juntada de documentos realizada,,1
727,1099617-37.2023.9.61.1793,11 de abril de 2026,petição inicial,DRA. CAVALCANTE,,,N
728,7848147-32.2021.6.58.3528,14 de junho de 2025,audiência de instrução,Dr. Melo,juntada de documentos realizada,2026-04-23,S
729,6036037-32.2025.3.53.7515,20 de fevereiro de 2021,embargos de declaração,Dra. Cavalcante,Prazo fatal: 04/01/26,,
730,8220628-15.2021.8.54.9077,30/05/22,agravo regimental,Dr. Melo,Prazo fatal: 24/12/26,,1
731,8306601-19.2020.3.50.7457,4 de fevereiro de 2025,contestação,Dr. Barros,aguardando manifestação da parte contrária,04/03/26,0
732,7082985-88.2022.2.94.6058,2023-12-04,habilitação,dr. melo,audiência marcada para 14/08/2026,2026-12-29,0
733,6425355-10.2021.6.53.2041,2025-06-24,habilitação,Dra. Cavalcante,,,S
734,1974389-81.2024.5.57.9354,5 de agosto de 2023,memoriais,dr. melo,documentos pendentes de entrega pelo cliente,,0
735,7626521-25.2020.9.17.3305,22/02/2025,agravo regimental,Dr. Melo,prazo para recurso: 5 dias úteis a contar da intimação,,sim
736,2658962-39.2022.5.95.8856,06/09/2023,agravo regimental,Dr. Barros,juntada de documentos realizada,,
737,7065068-16.2021.7.14.6489,2024-01-15,laudo pericial,DRA. CAVALCANTE,,27/07/2026,sim
738,3754895-37.2021.6.18.8502,29/10/25,citação,Dr. Melo,,,sim
739,4134515-43.2021.8.70.4879,21 de dezembro de 2024,agravo regimental,dr. melo,aguardando manifestação da parte contrária,2026-01-01,sim
740,5786762-52.2021.9.21.3037,07/07/2020,réplica,Dr. Barros,aguardando manifestação da parte contrária,,0
741,9774395-92.2023.2.75.3192,23/10/22,contestação,Dr. Barros,Prazo fatal: 13/07/26,,não
742,5492622-29.2021.9.92.7737,2023-06-21,acordo extrajudicial,Dra Fontes,juntada de documentos realizada,24 de maio de 2026,
743,3750497-13.2024.6.65.9009,11/02/2021,intimação,Dr. Barros,prazo para recurso: 16 dias úteis a contar da intimação,,
744,2658962-39.2022.5.95.8856,22/03/2026,habilitação,Dra. Cavalcante,documentos pendentes de entrega pelo cliente,,1
745,5266269-78.2021.7.59.1392,2020-03-04,laudo pericial,Dra Fontes,documentos pendentes de entrega pelo cliente,,1
746,9774395-92.2023.2.75.3192,01/07/2020,petição inicial,dr. melo,diligência externa necessária,,sim
747,7633905-83.2022.9.95.2309,15 de julho de 2025,laudo pericial,Dra. Fontes,prazo para recurso: 21 dias úteis a contar da intimação,,S
748,7789809-22.2020.1.73.9031,2020-08-15,réplica,Dra. Fontes,aguardando manifestação da parte contrária,,S
749,6011987-71.2020.8.10.4396,09/01/2025,habilitação,dr. melo,juntada de documentos realizada,,S
750,6836135-90.2022.9.37.5643,05/07/23,réplica,Dr. Melo,diligência externa necessária,,
751,4721085-96.2020.6.92.9645,11 de julho de 2020,citação,Dr. Barros,,1 de dezembro de 2026,1
752,6944389-98.2023.1.72.8245,4 de agosto de 2023,intimação,DRA. CAVALCANTE,prazo para recurso: 12 dias úteis a contar da intimação,12 de setembro de 2026,não
753,4326518-76.2023.4.36.8530,1 de dezembro de 2021,despacho,Dra. Fontes,aguardando manifestação da parte contrária,3 de agosto de 2026,
754,2575202-50.2023.1.54.9627,31/01/23,acordo extrajudicial,DRA. CAVALCANTE,documentos pendentes de entrega pelo cliente,2026-05-10,0
755,8905709-90.2020.9.55.2471,19/04/2025,memoriais,Dra Fontes,audiência marcada para 24 de março de 2026,,1
756,3785792-10.2020.5.78.7940,2023-03-16,memoriais,dr. melo,prazo para recurso: 18 dias úteis a contar da intimação,25 de novembro de 2026,sim
757,8655267-17.2025.3.63.4188,01/05/26,laudo pericial,DRA. CAVALCANTE,prazo para recurso: 10 dias úteis a contar da intimação,,0
758,7243958-65.2020.5.25.5047,2026-04-11,recurso de apelação,Dra Fontes,,,0
759,8381610-96.2020.6.26.2533,05/10/25,acordo extrajudicial,Dra. Fontes,aguardando manifestação da parte contrária,,sim
760,4681694-71.2021.9.28.7350,08/02/21,despacho,Dra Fontes,prazo para recurso: 13 dias úteis a contar da intimação,,1
761,2411026-52.2022.6.26.7373,20/01/2020,audiência de instrução,Dra. Fontes,Prazo fatal: 2026-05-01,,sim
762,7223110-52.2024.2.44.8994,01/08/2023,réplica,Dra Fontes,aguardando manifestação da parte contrária,2026-08-05,não
763,6105303-92.2021.4.39.3868,31/03/20,despacho,Dra. Cavalcante,documentos pendentes de entrega pelo cliente,,sim
764,6075721-43.2020.9.85.8738,24 de setembro de 2023,agravo regimental,Dra. Fontes,juntada de documentos realizada,14/12/2026,não
765,1887163-62.2025.9.93.1037,17/03/2025,citação,Dr. Melo,,,
766,4494463-44.2022.5.80.7542,2019-08-10,audiência de instrução,Dra. Fontes,documentos pendentes de entrega pelo cliente,,N
767,8381610-96.2020.6.26.2533,6 de julho de 2021,memoriais,Dr. Melo,documentos pendentes de entrega pelo cliente,,1
768,4415624-13.2024.9.14.9480,2024-10-23,embargos de declaração,Dra Fontes,juntada de documentos realizada,,sim
769,9835331-11.2022.6.15.8602,2024-05-25,laudo pericial,Dr. Barros,aguardando manifestação da parte contrária,05/03/26,0
770,5058333-37.2021.3.98.8848,14/02/26,réplica,Dra. Fontes,Prazo fatal: 2026-04-14,2026-08-18,1
771,2895065-46.2022.7.67.1438,31/05/2023,recurso de apelação,Dr. Barros,Prazo fatal: 10/04/2026,,S
772,6260319-38.2024.8.96.1114,2024-07-15,embargos de declaração,dr. melo,Prazo fatal: 14/01/2026,,sim
773,7274275-74.2020.1.22.9780,14 de setembro de 2023,agravo regimental,dr. melo,diligência externa necessária,08/12/26,não
774,6927716-18.2022.9.56.1445,30/07/19,embargos de declaração,Dr. Melo,Prazo fatal: 2026-11-10,2026-05-13,sim
775,2658962-39.2022.5.95.8856,2026-04-22,réplica,Dra Fontes,Prazo fatal: 2026-04-21,,1
776,7749444-78.2021.1.20.8763,05/12/21,recurso de apelação,Dr. Melo,aguardando manifestação da parte contrária,,não
777,6404948-40.2021.7.68.7161,18/10/2022,embargos de declaração,dr. melo,Prazo fatal: 2 de janeiro de 2026,,1
778,4563779-48.2023.2.87.9606,2022-07-21,contestação,dr. melo,Prazo fatal: 30 de junho de 2026,,1
779,7419280-60.2021.1.40.9417,30/09/25,acordo extrajudicial,DRA. CAVALCANTE,audiência marcada para 09/11/26,,N
780,3401866-56.2021.1.87.5297,31/12/24,recurso de apelação,Dra. Fontes,prazo para recurso: 7 dias úteis a contar da intimação,19/04/26,S
781,7640585-40.2023.1.57.1721,2022-05-21,petição inicial,Dr. Melo,aguardando manifestação da parte contrária,,1
782,4065326-72.2025.8.58.5304,18/08/2020,memoriais,Dra Fontes,documentos pendentes de entrega pelo cliente,,
783,3376786-12.2020.7.64.5093,2024-11-27,acordo extrajudicial,Dr. Melo,,,
784,2236315-26.2022.5.82.8939,4 de março de 2023,sentença,Dr. Melo,diligência externa necessária,,não
785,8630644-97.2025.3.28.1296,06/03/2021,acordo extrajudicial,Dra. Cavalcante,aguardando manifestação da parte contrária,17/12/26,não
786,6254488-31.2024.9.48.3216,13 de julho de 2023,habilitação,Dra. Cavalcante,prazo para recurso: 14 dias úteis a contar da intimação,2026-12-08,0
787,6944389-98.2023.1.72.8245,11 de maio de 2025,réplica,DRA. CAVALCANTE,prazo para recurso: 14 dias úteis a contar da intimação,,1
788,4085001-92.2022.6.76.8938,16/12/25,recurso de apelação,dr. melo,aguardando manifestação da parte contrária,2026-12-03,S
789,5966644-82.2023.4.88.9951,21/11/22,audiência de instrução,Dr. Barros,prazo para recurso: 17 dias úteis a contar da intimação,26 de novembro de 2026,0
790,6018860-77.2022.1.94.1315,2022-06-18,intimação,Dr. Barros,juntada de documentos realizada,15/05/26,0
791,7687351-51.2022.6.73.6768,11/01/2023,memoriais,dr. melo,audiência marcada para 2026-06-21,,N
792,1778149-24.2023.1.86.3557,08/06/23,habilitação,Dr. Barros,aguardando manifestação da parte contrária,,1
793,2129757-49.2025.4.14.5657,14 de outubro de 2024,petição inicial,dr. melo,juntada de documentos realizada,22 de novembro de 2026,S
794,4299848-20.2023.2.47.7396,2020-02-29,sentença,Dr. Melo,juntada de documentos realizada,01/02/26,sim
795,7236875-79.2024.7.97.5566,02/01/2023,audiência de instrução,dr. melo,Prazo fatal: 18/11/2026,2026-11-13,N
796,7633905-83.2022.9.95.2309,23/05/2022,citação,Dr. Barros,juntada de documentos realizada,,N
797,7599278-46.2021.4.96.3535,1 de março de 2024,agravo regimental,dr. melo,aguardando manifestação da parte contrária,,1
798,6038940-61.2024.4.64.6408,01/12/2023,intimação,Dr. Melo,diligência externa necessária,,sim
799,8168054-14.2024.6.50.1232,27/04/22,acordo extrajudicial,Dr. Barros,documentos pendentes de entrega pelo cliente,,
800,4064382-39.2022.4.13.8937,26 de setembro de 2020,sentença,dr. melo,audiência marcada para 2026-12-16,2026-06-05,N
801,8588997-88.2020.6.29.5987,23/03/21,agravo regimental,DRA. CAVALCANTE,prazo para recurso: 19 dias úteis a contar da intimação,,sim
802,5472823-70.2022.4.41.7624,22/03/25,acordo extrajudicial,Dra. Cavalcante,juntada de documentos realizada,,1
803,7948577-74.2025.1.60.7583,2019-11-28,acordo extrajudicial,Dra Fontes,juntada de documentos realizada,,não
804,2236315-26.2022.5.82.8939,21 de junho de 2025,sentença,Dra. Fontes,prazo para recurso: 25 dias úteis a contar da intimação,,
805,8607512-63.2021.6.82.1039,2025-04-27,agravo regimental,Dra. Cavalcante,juntada de documentos realizada,20 de março de 2026,S
806,6528202-89.2025.3.17.9496,31/10/2021,intimação,Dr. Barros,diligência externa necessária,,
807,1931030-34.2024.8.48.5319,07/12/2021,réplica,Dr. Barros,,,N
808,3542616-60.2022.3.87.6536,07/11/2022,citação,Dr. Melo,,04/04/2026,N
809,3975387-89.2023.4.55.7631,5 de junho de 2024,citação,Dr. Barros,,,1
810,6944389-98.2023.1.72.8245,2025-08-30,citação,Dra. Fontes,aguardando manifestação da parte contrária,,sim
811,7765112-69.2024.9.62.5648,2025-10-16,sentença,Dra Fontes,diligência externa necessária,5 de fevereiro de 2026,N
812,8381610-96.2020.6.26.2533,2023-03-25,citação,Dra Fontes,diligência externa necessária,,não
813,9319285-35.2025.3.19.9131,6 de maio de 2022,memoriais,Dra. Fontes,juntada de documentos realizada,,sim
814,3168718-77.2025.2.92.8027,7 de abril de 2020,petição inicial,DRA. CAVALCANTE,documentos pendentes de entrega pelo cliente,25/11/26,S
815,7765112-69.2024.9.62.5648,2 de janeiro de 2024,habilitação,Dr. Barros,aguardando manifestação da parte contrária,2026-10-30,0
816,8714773-70.2022.9.65.8541,10 de março de 2024,acordo extrajudicial,dr. melo,diligência externa necessária,,1
817,1165147-13.2020.2.47.5874,21/02/2026,memoriais,dr. melo,,,0
818,1185885-59.2023.7.19.8433,2022-08-22,contestação,Dr. Barros,documentos pendentes de entrega pelo cliente,,0
819,8062805-72.2022.1.22.8771,27/06/25,acordo extrajudicial,dr. melo,prazo para recurso: 5 dias úteis a contar da intimação,,1
820,4090182-95.2021.1.57.7189,02/08/2025,acordo extrajudicial,Dra Fontes,audiência marcada para 26/07/26,27/12/26,S
821,3542799-64.2025.6.13.7299,30 de dezembro de 2023,sentença,dr. melo,documentos pendentes de entrega pelo cliente,,
822,1248003-72.2024.2.80.8472,07/03/2025,despacho,Dr. Melo,prazo para recurso: 15 dias úteis a contar da intimação,,0
823,9076234-78.2023.3.90.2702,12/07/21,habilitação,dr. melo,audiência marcada para 07/06/26,,S
824,8677980-28.2024.9.94.6552,2022-02-16,agravo regimental,Dra. Fontes,documentos pendentes de entrega pelo cliente,,
825,1896520-28.2021.5.90.5374,2022-10-25,audiência de instrução,Dra. Cavalcante,documentos pendentes de entrega pelo cliente,2026-07-14,0
826,5700249-43.2020.5.57.9341,20/02/23,contestação,Dr. Barros,prazo para recurso: 28 dias úteis a contar da intimação,2026-04-23,0
827,8655267-17.2025.3.63.4188,17/09/2021,embargos de declaração,Dr. Barros,,,sim
828,8886588-26.2020.9.65.6361,06/05/21,agravo regimental,Dr. Melo,diligência externa necessária,,1
829,8892606-62.2022.2.87.2168,7 de setembro de 2020,agravo regimental,Dr. Melo,aguardando manifestação da parte contrária,12 de abril de 2026,N
830,4314934-26.2021.7.14.7244,29 de dezembro de 2025,contestação,Dra. Fontes,,05/12/2026,
831,1757615-27.2025.7.10.3762,12/09/2022,intimação,Dra Fontes,prazo para recurso: 21 dias úteis a contar da intimação,,1
832,5732779-86.2025.4.28.7831,11 de março de 2023,sentença,DRA. CAVALCANTE,prazo para recurso: 22 dias úteis a contar da intimação,2026-05-29,sim
833,7544569-30.2022.4.91.9370,2023-12-05,habilitação,Dr. Melo,Prazo fatal: 18 de abril de 2026,,S
834,7539718-58.2020.2.52.9800,2021-07-12,acordo extrajudicial,Dr. Melo,aguardando manifestação da parte contrária,,S
835,9804642-71.2024.4.76.5486,02/08/2025,embargos de declaração,Dra Fontes,juntada de documentos realizada,,1
836,2824928-33.2020.1.90.6467,14/10/21,sentença,Dr. Barros,juntada de documentos realizada,,0
837,6260319-38.2024.8.96.1114,2024-11-12,embargos de declaração,DRA. CAVALCANTE,audiência marcada para 2026-08-20,3 de abril de 2026,S
838,7486029-45.2024.4.25.3159,03/03/2025,audiência de instrução,Dr. Barros,aguardando manifestação da parte contrária,07/02/26,não
839,8816646-78.2020.7.70.9224,9 de outubro de 2025,sentença,Dra Fontes,juntada de documentos realizada,,1
840,5732779-86.2025.4.28.7831,18/02/2022,sentença,Dra Fontes,documentos pendentes de entrega pelo cliente,,
841,6935346-77.2024.3.52.9529,11/10/24,intimação,Dr. Barros,audiência marcada para 20/03/26,,sim
842,6663627-76.2023.9.26.5770,18/06/2020,sentença,Dr. Barros,aguardando manifestação da parte contrária,,0
843,5967836-10.2021.4.35.9671,2022-02-02,despacho,Dra Fontes,diligência externa necessária,,1
844,9086174-80.2025.1.81.3292,2023-04-06,citação,Dra Fontes,,,sim
845,1183693-37.2024.1.85.2937,25/01/2026,laudo pericial,Dra. Fontes,Prazo fatal: 29/12/2026,,não
846,6836135-90.2022.9.37.5643,22/09/25,recurso de apelação,DRA. CAVALCANTE,documentos pendentes de entrega pelo cliente,,0
847,8382607-83.2020.6.26.3936,23/10/2024,citação,DRA. CAVALCANTE,prazo para recurso: 10 dias úteis a contar da intimação,,1
848,9804642-71.2024.4.76.5486,20/01/2023,contestação,Dr. Barros,aguardando manifestação da parte contrária,02/03/26,1
849,5124342-11.2025.5.50.6107,2019-04-07,audiência de instrução,Dra. Fontes,prazo para recurso: 21 dias úteis a contar da intimação,4 de dezembro de 2026,S
850,9302979-43.2025.9.68.7487,28/03/21,recurso de apelação,Dr. Melo,juntada de documentos realizada,,0
851,7948577-74.2025.1.60.7583,2020-05-06,embargos de declaração,Dra. Fontes,aguardando manifestação da parte contrária,07/10/26,sim
852,9057219-99.2020.9.96.3254,24 de dezembro de 2025,petição inicial,Dr. Barros,juntada de documentos realizada,,
853,1757615-27.2025.7.10.3762,10/10/2020,memoriais,Dr. Barros,audiência marcada para 10 de julho de 2026,11 de setembro de 2026,S
854,5472823-70.2022.4.41.7624,31 de agosto de 2021,recurso de apelação,Dr. Melo,audiência marcada para 01/09/26,,0
855,5850223-43.2020.3.81.3185,06/09/22,habilitação,Dra. Cavalcante,,,sim
856,6370110-64.2022.3.52.8440,17/07/2022,recurso de apelação,DRA. CAVALCANTE,diligência externa necessária,,N
857,7916680-90.2022.1.67.1785,2025-07-18,petição inicial,DRA. CAVALCANTE,juntada de documentos realizada,,sim
858,1273300-90.2024.2.80.7378,06/10/2020,despacho,Dr. Barros,documentos pendentes de entrega pelo cliente,,0
859,4452862-76.2021.3.27.3238,2021-10-18,despacho,DRA. CAVALCANTE,diligência externa necessária,,não
860,5853247-29.2020.7.62.8870,3 de fevereiro de 2025,recurso de apelação,Dra. Fontes,juntada de documentos realizada,,sim
861,6836135-90.2022.9.37.5643,26/08/20,recurso de apelação,Dr. Barros,juntada de documentos realizada,,sim
862,2966787-79.2022.1.41.9944,15/07/2020,agravo regimental,Dr. Barros,,28/10/2026,S
863,1628717-84.2025.8.67.8313,13/10/2024,agravo regimental,dr. melo,aguardando manifestação da parte contrária,,S
864,8286828-70.2022.9.31.8012,02/01/2022,despacho,Dra. Cavalcante,documentos pendentes de entrega pelo cliente,,não
865,8677980-28.2024.9.94.6552,2020-10-11,petição inicial,Dra. Fontes,prazo para recurso: 15 dias úteis a contar da intimação,,1
866,2753004-76.2021.8.83.9874,30/11/20,sentença,Dra Fontes,audiência marcada para 03/08/2026,,sim
867,3766710-17.2025.4.91.1472,18/08/24,petição inicial,Dra. Cavalcante,prazo para recurso: 14 dias úteis a contar da intimação,,S
868,7515318-25.2024.4.34.6280,02/06/25,memoriais,Dra. Cavalcante,documentos pendentes de entrega pelo cliente,,S
869,4568537-97.2021.4.82.7633,01/11/25,memoriais,Dr. Barros,,,não
870,3242098-97.2025.4.44.9916,09/09/2023,petição inicial,Dra Fontes,documentos pendentes de entrega pelo cliente,,não
871,2236315-26.2022.5.82.8939,08/08/2023,laudo pericial,Dra. Cavalcante,,28/11/2026,N
872,7553290-31.2023.9.36.9282,02/01/22,embargos de declaração,Dr. Barros,documentos pendentes de entrega pelo cliente,16 de dezembro de 2026,
873,8678370-92.2025.7.35.9962,28 de março de 2022,audiência de instrução,Dr. Melo,aguardando manifestação da parte contrária,,sim
874,6003915-30.2025.6.37.7681,29 de janeiro de 2022,acordo extrajudicial,Dra. Fontes,Prazo fatal: 27/09/2026,,
875,9774395-92.2023.2.75.3192,12 de maio de 2019,memoriais,Dr. Melo,documentos pendentes de entrega pelo cliente,29/08/2026,N
876,9408522-77.2021.3.36.8376,24/06/20,embargos de declaração,DRA. CAVALCANTE,documentos pendentes de entrega pelo cliente,,sim
877,1098476-20.2021.1.47.3336,14/06/2021,acordo extrajudicial,Dr. Barros,documentos pendentes de entrega pelo cliente,,sim
878,7916680-90.2022.1.67.1785,28/03/24,habilitação,Dr. Barros,prazo para recurso: 17 dias úteis a contar da intimação,,N
879,4131852-60.2020.1.89.9739,02/12/24,petição inicial,dr. melo,diligência externa necessária,15 de fevereiro de 2026,sim
880,2675642-32.2022.8.65.5499,2021-07-02,réplica,Dr. Melo,documentos pendentes de entrega pelo cliente,2026-09-05,S
881,6953559-38.2025.7.42.9212,2022-10-09,embargos de declaração,DRA. CAVALCANTE,audiência marcada para 6 de setembro de 2026,08/06/26,1
882,1557680-16.2021.4.16.4031,01/07/21,laudo pericial,DRA. CAVALCANTE,diligência externa necessária,,não
883,8843195-99.2024.6.39.2836,2025-10-21,embargos de declaração,Dr. Melo,documentos pendentes de entrega pelo cliente,,S
884,2480014-80.2024.2.29.9847,19 de março de 2025,intimação,Dr. Barros,documentos pendentes de entrega pelo cliente,,0
885,8157599-64.2024.2.89.5276,16/02/2020,habilitação,Dr. Barros,Prazo fatal: 13/10/2026,,N
886,7320713-89.2022.3.68.7881,2025-12-25,embargos de declaração,Dr. Melo,,,0
887,2397582-22.2023.9.93.4223,15/04/2025,recurso de apelação,Dr. Barros,documentos pendentes de entrega pelo cliente,03/10/26,1
888,6018860-77.2022.1.94.1315,23 de junho de 2023,acordo extrajudicial,Dra. Cavalcante,,,1
889,1878000-50.2025.7.58.1197,1 de dezembro de 2020,memoriais,dr. melo,prazo para recurso: 13 dias úteis a contar da intimação,,1
890,1116024-57.2025.8.16.4043,1 de abril de 2022,embargos de declaração,Dra. Fontes,documentos pendentes de entrega pelo cliente,,S
891,2753004-76.2021.8.83.9874,2020-04-28,laudo pericial,Dr. Barros,,,N
892,9992831-61.2022.4.35.1469,2025-08-29,recurso de apelação,Dr. Melo,audiência marcada para 2026-09-18,,não
893,8209168-30.2020.1.41.7632,12/02/26,despacho,Dr. Barros,juntada de documentos realizada,,0
894,9252661-70.2020.1.46.1185,2021-09-30,memoriais,Dr. Barros,Prazo fatal: 2026-12-10,,
895,6524227-53.2025.1.97.6214,28/07/23,réplica,Dr. Barros,audiência marcada para 19/04/26,,1
896,7862554-22.2024.7.83.6459,08/09/24,despacho,DRA. CAVALCANTE,juntada de documentos realizada,,0
897,6096719-87.2023.1.41.6180,03/10/21,acordo extrajudicial,Dra Fontes,prazo para recurso: 29 dias úteis a contar da intimação,,
898,3263740-44.2022.3.81.5402,2020-03-10,habilitação,DRA. CAVALCANTE,audiência marcada para 3 de dezembro de 2026,,
899,8381610-96.2020.6.26.2533,2022-08-26,agravo regimental,Dra. Fontes,documentos pendentes de entrega pelo cliente,21 de maio de 2026,1
900,6982910-41.2023.8.91.8758,23/02/2026,habilitação,dr. melo,juntada de documentos realizada,2026-01-29,
901,1098476-20.2021.1.47.3336,22 de novembro de 2021,despacho,Dr. Barros,Prazo fatal: 30/05/2026,,não
902,7274275-74.2020.1.22.9780,11/09/2020,sentença,Dra. Cavalcante,audiência marcada para 06/09/26,,N
903,3542616-60.2022.3.87.6536,16/03/20,habilitação,Dra. Fontes,Prazo fatal: 2026-04-08,,sim
904,7539718-58.2020.2.52.9800,16/07/24,réplica,Dra. Fontes,audiência marcada para 17/08/2026,,não
905,2753004-76.2021.8.83.9874,2022-11-20,sentença,DRA. CAVALCANTE,documentos pendentes de entrega pelo cliente,,não
906,3542616-60.2022.3.87.6536,2022-04-07,agravo regimental,Dra. Cavalcante,documentos pendentes de entrega pelo cliente,,0
907,2016341-89.2023.7.48.2724,10 de abril de 2022,acordo extrajudicial,Dra Fontes,aguardando manifestação da parte contrária,,sim
908,3401866-56.2021.1.87.5297,2024-08-01,memoriais,Dr. Melo,audiência marcada para 03/05/26,,sim
909,5289264-48.2020.4.41.6347,17/08/2024,petição inicial,Dra. Cavalcante,aguardando manifestação da parte contrária,20/03/2026,
910,2837371-36.2022.7.88.5428,09/12/20,laudo pericial,Dra. Cavalcante,aguardando manifestação da parte contrária,,N
911,2236315-26.2022.5.82.8939,2022-03-20,citação,Dr. Barros,prazo para recurso: 17 dias úteis a contar da intimação,2026-01-26,sim
912,8588997-88.2020.6.29.5987,2025-01-21,recurso de apelação,Dr. Barros,audiência marcada para 21/05/2026,2026-08-15,sim
913,1099617-37.2023.9.61.1793,21/12/2024,habilitação,Dra Fontes,Prazo fatal: 21/09/2026,,N
914,4938178-62.2020.7.27.6072,16 de outubro de 2020,petição inicial,Dra. Fontes,,,N
915,5217157-98.2020.2.64.4094,2021-09-07,recurso de apelação,Dr. Barros,aguardando manifestação da parte contrária,,0
916,6096719-87.2023.1.41.6180,2022-12-27,laudo pericial,Dr. Barros,juntada de documentos realizada,,sim
917,3750497-13.2024.6.65.9009,25/09/24,citação,DRA. CAVALCANTE,juntada de documentos realizada,,0
918,2869625-86.2025.7.14.5837,02/08/2025,citação,Dra. Cavalcante,Prazo fatal: 21/01/2026,,S
919,8843195-99.2024.6.39.2836,22/02/2024,citação,Dr. Melo,juntada de documentos realizada,,0
920,4061044-97.2023.7.99.3676,23 de setembro de 2025,intimação,Dra. Cavalcante,documentos pendentes de entrega pelo cliente,,N
921,5514997-95.2024.1.84.8098,17/09/2023,petição inicial,Dra Fontes,audiência marcada para 15/07/2026,,sim
922,5733649-38.2020.2.35.3379,10 de maio de 2021,citação,Dra. Cavalcante,Prazo fatal: 2026-07-01,,S
923,2186433-37.2022.2.12.4344,21 de julho de 2023,embargos de declaração,DRA. CAVALCANTE,Prazo fatal: 2026-08-11,29/08/2026,1
924,5867457-18.2023.9.16.7298,20/05/20,embargos de declaração,Dra. Fontes,prazo para recurso: 20 dias úteis a contar da intimação,,não
925,1878000-50.2025.7.58.1197,2024-07-30,agravo regimental,Dra. Cavalcante,audiência marcada para 21/03/26,,0
926,2490107-19.2023.9.10.7930,25/10/2025,despacho,DRA. CAVALCANTE,audiência marcada para 25 de agosto de 2026,,S
927,7999133-20.2023.7.26.1121,21/05/22,citação,Dra. Cavalcante,juntada de documentos realizada,,não
928,8062805-72.2022.1.22.8771,2020-07-11,intimação,Dr. Melo,aguardando manifestação da parte contrária,8 de março de 2026,N
929,1974389-81.2024.5.57.9354,29/09/2025,recurso de apelação,Dr. Barros,aguardando manifestação da parte contrária,,
930,1964519-55.2020.7.58.6781,10/09/2020,habilitação,Dr. Barros,documentos pendentes de entrega pelo cliente,,não
931,3464073-25.2022.8.73.5075,09/01/24,habilitação,dr. melo,documentos pendentes de entrega pelo cliente,2026-04-17,
932,6982910-41.2023.8.91.8758,05/04/22,acordo extrajudicial,dr. melo,Prazo fatal: 03/08/2026,,0
933,4084503-92.2025.8.90.5515,2021-09-18,despacho,Dr. Barros,aguardando manifestação da parte contrária,,S
934,3395583-64.2024.4.41.2181,29 de outubro de 2022,contestação,dr. melo,juntada de documentos realizada,,S
935,8125196-18.2023.1.53.1215,2023-12-27,sentença,Dr. Barros,Prazo fatal: 21/08/2026,,não
936,2231929-89.2024.6.41.5461,2020-10-30,sentença,Dr. Barros,diligência externa necessária,2026-02-22,não
937,2519059-58.2022.7.86.4385,14 de setembro de 2021,memoriais,Dr. Barros,juntada de documentos realizada,,sim
938,7687292-20.2021.4.85.7539,26/10/20,agravo regimental,DRA. CAVALCANTE,prazo para recurso: 16 dias úteis a contar da intimação,,não
939,1273300-90.2024.2.80.7378,13/01/21,despacho,Dra. Fontes,,,não
940,1013314-48.2023.4.39.2083,19/01/19,réplica,Dra. Fontes,diligência externa necessária,,S
941,5214684-96.2020.6.84.9986,2025-07-11,despacho,dr. melo,prazo para recurso: 7 dias úteis a contar da intimação,,S
942,3821719-15.2025.2.86.2518,2026-01-05,citação,Dra Fontes,aguardando manifestação da parte contrária,,sim
943,8183950-10.2021.5.84.9388,1 de setembro de 2024,habilitação,Dra Fontes,prazo para recurso: 21 dias úteis a contar da intimação,,0
944,2545435-52.2025.3.59.7623,3 de julho de 2021,embargos de declaração,Dr. Barros,Prazo fatal: 27/05/2026,,sim
945,1438459-62.2020.7.78.3410,22 de dezembro de 2022,embargos de declaração,Dra. Fontes,audiência marcada para 29/09/2026,26/06/26,não
946,2660213-63.2022.6.50.8366,24/10/2022,memoriais,dr. melo,documentos pendentes de entrega pelo cliente,,
947,6003915-30.2025.6.37.7681,12/07/2023,laudo pericial,Dra Fontes,audiência marcada para 20/10/26,,
948,1602496-64.2022.5.79.8340,4 de setembro de 2020,despacho,Dr. Barros,juntada de documentos realizada,,N
949,5068524-45.2025.9.91.6906,30 de julho de 2022,laudo pericial,Dra. Fontes,juntada de documentos realizada,03/07/26,sim
950,6096719-87.2023.1.41.6180,1 de fevereiro de 2025,acordo extrajudicial,Dr. Melo,juntada de documentos realizada,28/10/2026,S
951,4865461-96.2025.2.64.9143,30/05/2020,recurso de apelação,Dr. Barros,audiência marcada para 2026-09-14,,sim
952,9071705-28.2021.9.78.4746,2024-06-28,sentença,Dra. Cavalcante,,,0
953,2837371-36.2022.7.88.5428,2023-11-17,habilitação,Dra Fontes,aguardando manifestação da parte contrária,,sim
954,6416661-36.2021.8.21.8496,08/06/23,habilitação,DRA. CAVALCANTE,prazo para recurso: 13 dias úteis a contar da intimação,,0
955,6384831-67.2022.5.89.7429,30/07/25,habilitação,Dra. Fontes,aguardando manifestação da parte contrária,18 de outubro de 2026,0
956,3395583-64.2024.4.41.2181,05/02/23,acordo extrajudicial,Dra Fontes,juntada de documentos realizada,,
957,1311508-84.2020.3.38.8512,02/04/20,laudo pericial,Dra Fontes,diligência externa necessária,,não
958,7419280-60.2021.1.40.9417,11 de abril de 2021,despacho,Dr. Melo,diligência externa necessária,30/04/26,0
959,7999133-20.2023.7.26.1121,21 de maio de 2024,recurso de apelação,Dr. Barros,aguardando manifestação da parte contrária,,1
960,7110796-41.2020.3.80.5362,2024-02-16,memoriais,dr. melo,audiência marcada para 01/05/26,,não
961,9686751-57.2022.7.62.3494,20 de julho de 2020,embargos de declaração,dr. melo,Prazo fatal: 2026-07-31,,0
962,3395583-64.2024.4.41.2181,15/01/19,intimação,Dra Fontes,,30/10/26,0
963,9071705-28.2021.9.78.4746,11/03/2020,audiência de instrução,Dr. Barros,Prazo fatal: 18 de maio de 2026,,0
964,5661974-14.2020.6.39.3137,3 de maio de 2024,contestação,Dra. Fontes,audiência marcada para 2026-08-12,,N
965,3464073-25.2022.8.73.5075,16/08/2020,habilitação,Dr. Barros,prazo para recurso: 6 dias úteis a contar da intimação,,0
966,9302979-43.2025.9.68.7487,2023-11-09,agravo regimental,Dr. Melo,juntada de documentos realizada,2026-03-15,1
967,2658962-39.2022.5.95.8856,2024-08-28,agravo regimental,Dr. Barros,audiência marcada para 5 de abril de 2026,25 de agosto de 2026,
968,2100417-68.2021.7.29.9662,2021-04-13,sentença,dr. melo,aguardando manifestação da parte contrária,2026-06-02,1
969,2292432-35.2025.5.83.7063,2022-02-15,acordo extrajudicial,Dr. Barros,,,0
970,6034606-21.2023.6.18.6684,28/01/2026,sentença,Dra. Cavalcante,diligência externa necessária,24/11/26,
971,2316290-44.2022.7.34.5190,06/09/25,recurso de apelação,dr. melo,documentos pendentes de entrega pelo cliente,,
972,4090182-95.2021.1.57.7189,27/02/24,habilitação,Dr. Melo,prazo para recurso: 20 dias úteis a contar da intimação,,não
973,6476769-27.2021.5.22.2570,17/07/2021,petição inicial,DRA. CAVALCANTE,prazo para recurso: 8 dias úteis a contar da intimação,,
974,1667591-67.2025.4.69.9424,18/08/23,sentença,Dra. Cavalcante,documentos pendentes de entrega pelo cliente,,0
975,8827641-36.2022.5.59.8715,05/10/2025,memoriais,Dra Fontes,juntada de documentos realizada,,
976,2837371-36.2022.7.88.5428,2023-04-09,despacho,Dr. Barros,Prazo fatal: 2026-06-29,,não
977,7948577-74.2025.1.60.7583,06/12/20,contestação,Dr. Melo,diligência externa necessária,20/04/26,S
978,1445483-93.2023.1.61.7357,29 de fevereiro de 2020,embargos de declaração,Dra Fontes,audiência marcada para 24 de abril de 2026,,não
979,6339266-27.2025.5.15.6766,20 de novembro de 2020,sentença,Dra. Fontes,juntada de documentos realizada,10/05/2026,N
980,4460247-99.2024.9.97.4840,23 de julho de 2023,laudo pericial,Dra Fontes,audiência marcada para 06/06/26,19/03/26,sim
981,2411026-52.2022.6.26.7373,27 de fevereiro de 2023,despacho,Dra. Cavalcante,aguardando manifestação da parte contrária,,N
982,4180949-86.2020.3.26.7593,11/09/19,petição inicial,Dr. Barros,aguardando manifestação da parte contrária,,S
983,3588109-63.2023.1.26.4223,08/10/20,citação,Dra. Cavalcante,audiência marcada para 05/06/2026,,0
984,5472823-70.2022.4.41.7624,13/10/2020,intimação,dr. melo,,,
985,5966644-82.2023.4.88.9951,26/10/21,sentença,Dr. Melo,juntada de documentos realizada,,0
986,1878000-50.2025.7.58.1197,14/04/24,despacho,Dr. Barros,documentos pendentes de entrega pelo cliente,,N
987,5631823-61.2020.5.47.1440,30 de agosto de 2022,sentença,Dr. Barros,prazo para recurso: 8 dias úteis a contar da intimação,,não
988,6982910-41.2023.8.91.8758,2022-10-25,laudo pericial,dr. melo,prazo para recurso: 30 dias úteis a contar da intimação,2026-05-14,N
989,5660649-86.2020.5.86.9291,21/01/2025,laudo pericial,Dra. Fontes,diligência externa necessária,,sim
990,1095980-10.2020.7.77.8313,07/11/22,agravo regimental,dr. melo,aguardando manifestação da parte contrária,,
991,1615190-23.2022.2.42.6238,27/09/2023,agravo regimental,Dr. Barros,documentos pendentes de entrega pelo cliente,01/02/26,sim
992,1116024-57.2025.8.16.4043,05/02/2022,citação,dr. melo,Prazo fatal: 05/10/26,20 de junho de 2026,S
993,4299848-20.2023.2.47.7396,2020-11-28,acordo extrajudicial,DRA. CAVALCANTE,,,S
994,1557680-16.2021.4.16.4031,8 de abril de 2025,contestação,Dra. Fontes,juntada de documentos realizada,,não
995,6528202-89.2025.3.17.9496,2024-02-28,réplica,Dra. Cavalcante,,,sim
996,9108785-98.2021.3.78.6687,11/09/20,laudo pericial,Dra Fontes,audiência marcada para 19 de setembro de 2026,,1
997,3496733-55.2020.2.43.8503,15/04/23,despacho,DRA. CAVALCANTE,,,1
998,9408522-77.2021.3.36.8376,2022-06-14,recurso de apelação,Dr. Barros,audiência marcada para 06/06/2026,,0
999,2186433-37.2022.2.12.4344,11/09/2022,petição inicial,Dr. Melo,,18/05/26,0
1000,4893809-11.2021.7.19.9759,17/08/2025,despacho,Dra. Fontes,Prazo fatal: 2026-11-05,17/02/2026,
1001,1098476-20.2021.1.47.3336,10 de agosto de 2022,petição inicial,dr. melo,audiência marcada para 2026-11-25,16 de julho de 2026,sim
1002,6036037-32.2025.3.53.7515,15 de março de 2024,citação,Dr. Barros,,,0
1003,3168718-77.2025.2.92.8027,10 de maio de 2025,habilitação,dr. melo,,,não
1004,5159219-49.2023.5.25.3676,28 de outubro de 2024,audiência de instrução,Dra. Cavalcante,juntada de documentos realizada,8 de abril de 2026,1
1005,7274275-74.2020.1.22.9780,23/01/19,intimação,Dra Fontes,juntada de documentos realizada,1 de outubro de 2026,sim
1006,3346094-93.2020.2.94.1759,05/04/21,recurso de apelação,Dr. Barros,aguardando manifestação da parte contrária,,0
1007,1185885-59.2023.7.19.8433,2022-08-04,contestação,Dr. Barros,documentos pendentes de entrega pelo cliente,,S
1008,5451988-41.2020.2.82.4041,13 de janeiro de 2020,acordo extrajudicial,Dr. Melo,audiência marcada para 2026-07-11,,0
1009,5514997-95.2024.1.84.8098,04/08/2020,réplica,DRA. CAVALCANTE,Prazo fatal: 8 de outubro de 2026,,não
1010,6524227-53.2025.1.97.6214,28 de dezembro de 2023,memoriais,Dr. Melo,documentos pendentes de entrega pelo cliente,,0
1011,6075721-43.2020.9.85.8738,23/01/2025,sentença,Dr. Barros,audiência marcada para 06/08/2026,16/12/2026,0
1012,5144296-22.2022.4.87.9648,4 de novembro de 2021,citação,DRA. CAVALCANTE,juntada de documentos realizada,,N
1013,7892487-80.2022.9.64.5036,07/01/21,réplica,Dr. Barros,prazo para recurso: 15 dias úteis a contar da intimação,,sim
1014,1614850-25.2020.8.85.3161,02/05/2020,audiência de instrução,Dr. Barros,diligência externa necessária,,
1015,5035093-45.2021.1.27.3097,20/02/21,memoriais,dr. melo,audiência marcada para 2026-04-13,,
1016,9168044-67.2022.1.26.3054,21/07/2021,despacho,Dr. Melo,prazo para recurso: 8 dias úteis a contar da intimação,2026-01-25,0
1017,3306375-34.2024.9.48.9154,04/03/2024,audiência de instrução,Dr. Barros,diligência externa necessária,,0
1018,1878000-50.2025.7.58.1197,2020-05-02,petição inicial,Dr. Melo,,,1
1019,9086174-80.2025.1.81.3292,2025-09-17,recurso de apelação,Dra. Fontes,documentos pendentes de entrega pelo cliente,,0
1020,4384627-80.2021.2.13.1061,05/11/22,recurso de apelação,Dr. Barros,juntada de documentos realizada,,sim
1021,4085001-92.2022.6.76.8938,20/05/21,habilitação,Dra Fontes,documentos pendentes de entrega pelo cliente,,
1022,5996426-23.2022.8.20.3566,25/04/24,recurso de apelação,Dra Fontes,aguardando manifestação da parte contrária,25 de janeiro de 2026,1
1023,4140100-24.2024.4.63.7178,26 de setembro de 2023,contestação,Dra. Cavalcante,aguardando manifestação da parte contrária,,N
1024,7941836-76.2025.4.34.6543,2019-12-10,sentença,Dr. Barros,documentos pendentes de entrega pelo cliente,,N
1025,3168718-77.2025.2.92.8027,13 de abril de 2026,habilitação,Dr. Barros,aguardando manifestação da parte contrária,,N
1026,5518767-82.2023.4.96.9873,07/04/2022,memoriais,Dra. Cavalcante,documentos pendentes de entrega pelo cliente,17/12/26,sim
1027,5967836-10.2021.4.35.9671,2021-01-29,memoriais,DRA. CAVALCANTE,Prazo fatal: 20/10/26,,
1028,2316290-44.2022.7.34.5190,23 de outubro de 2021,agravo regimental,dr. melo,aguardando manifestação da parte contrária,,0
1029,2294596-63.2020.6.38.9193,2021-11-10,audiência de instrução,DRA. CAVALCANTE,prazo para recurso: 20 dias úteis a contar da intimação,,não
1030,8168450-48.2020.2.65.4570,29/05/21,agravo regimental,Dr. Melo,Prazo fatal: 2026-04-01,,N
1031,4384627-80.2021.2.13.1061,08/10/2025,sentença,Dra Fontes,audiência marcada para 22 de dezembro de 2026,,sim
1032,2554938-48.2024.1.13.4544,27/05/2021,despacho,Dra. Fontes,prazo para recurso: 15 dias úteis a contar da intimação,,N
1033,5462435-11.2024.9.85.2977,13/05/2022,acordo extrajudicial,Dr. Barros,Prazo fatal: 2026-04-14,,N
1034,1754781-28.2025.6.89.2162,25 de fevereiro de 2026,contestação,Dra. Fontes,prazo para recurso: 29 dias úteis a contar da intimação,,0
1035,6425355-10.2021.6.53.2041,18/02/2024,habilitação,Dr. Barros,diligência externa necessária,26/02/26,sim
1036,1411065-96.2022.9.64.8271,30 de março de 2024,despacho,Dra. Fontes,juntada de documentos realizada,,N
1037,3263740-44.2022.3.81.5402,2022-04-16,habilitação,Dra. Cavalcante,,,S
1038,5755257-93.2020.8.44.2882,20 de maio de 2025,citação,Dr. Barros,audiência marcada para 2026-06-15,,S
1039,7599278-46.2021.4.96.3535,13 de março de 2023,citação,dr. melo,,,
1040,9686751-57.2022.7.62.3494,15/01/26,contestação,Dra Fontes,prazo para recurso: 6 dias úteis a contar da intimação,,sim
1041,5850223-43.2020.3.81.3185,30 de novembro de 2025,réplica,Dr. Barros,aguardando manifestação da parte contrária,23 de outubro de 2026,0
1042,3242098-97.2025.4.44.9916,10/03/22,memoriais,Dra. Fontes,diligência externa necessária,29/11/26,0
1043,4299848-20.2023.2.47.7396,13 de janeiro de 2021,sentença,Dra Fontes,audiência marcada para 3 de outubro de 2026,,1
1044,7687351-51.2022.6.73.6768,19 de dezembro de 2021,recurso de apelação,Dr. Barros,,,S
1045,1013314-48.2023.4.39.2083,20/02/20,embargos de declaração,Dra. Cavalcante,audiência marcada para 16 de agosto de 2026,2026-05-10,S
1046,1931030-34.2024.8.48.5319,2020-05-27,citação,Dra. Fontes,documentos pendentes de entrega pelo cliente,01/08/2026,sim
1047,1974389-81.2024.5.57.9354,06/10/23,despacho,Dr. Barros,audiência marcada para 24 de dezembro de 2026,,S
1048,5144296-22.2022.4.87.9648,19/01/2025,citação,DRA. CAVALCANTE,prazo para recurso: 17 dias úteis a contar da intimação,26/06/2026,S
1049,1676369-34.2022.3.47.6087,26/10/23,réplica,Dra. Cavalcante,diligência externa necessária,,0
1050,8574876-96.2020.7.97.4673,05/11/2019,intimação,Dra. Fontes,Prazo fatal: 2026-06-13,,N
1051,4601686-30.2021.5.52.7745,12/05/2021,contestação,Dra Fontes,,,
1052,4568537-97.2021.4.82.7633,5 de junho de 2022,contestação,Dra. Fontes,aguardando manifestação da parte contrária,,
1053,8530609-10.2021.5.41.7151,26/05/2021,despacho,dr. melo,,,não
1054,9076234-78.2023.3.90.2702,20 de julho de 2025,intimação,Dr. Barros,juntada de documentos realizada,30/09/26,0
1055,3734843-61.2021.3.94.2954,12/11/2020,audiência de instrução,Dr. Barros,juntada de documentos realizada,,sim
1056,1754781-28.2025.6.89.2162,31/03/22,embargos de declaração,dr. melo,juntada de documentos realizada,,0
1057,2267110-24.2021.5.78.6025,2021-10-18,réplica,Dr. Barros,aguardando manifestação da parte contrária,,0
1058,2837371-36.2022.7.88.5428,19/07/24,agravo regimental,Dr. Barros,audiência marcada para 02/09/26,,S
1059,9398629-61.2022.5.88.8253,21/07/2024,sentença,Dr. Melo,documentos pendentes de entrega pelo cliente,,sim
1060,4493339-70.2021.7.17.8725,22 de julho de 2024,contestação,Dr. Melo,documentos pendentes de entrega pelo cliente,,
1061,9076234-78.2023.3.90.2702,2020-05-10,réplica,Dr. Barros,,,não
1062,6416661-36.2021.8.21.8496,23/08/2020,habilitação,dr. melo,juntada de documentos realizada,,0
1063,4568537-97.2021.4.82.7633,14/08/24,embargos de declaração,dr. melo,,1 de fevereiro de 2026,S
1064,6339266-27.2025.5.15.6766,2025-06-19,memoriais,Dra. Cavalcante,audiência marcada para 8 de abril de 2026,,não
1065,6339266-27.2025.5.15.6766,03/11/2022,agravo regimental,dr. melo,documentos pendentes de entrega pelo cliente,,N
1066,4180949-86.2020.3.26.7593,2021-10-25,habilitação,Dra. Cavalcante,aguardando manifestação da parte contrária,,S
1067,1931030-34.2024.8.48.5319,03/10/2020,contestação,Dr. Barros,aguardando manifestação da parte contrária,18/12/2026,S
1068,9798556-59.2021.3.62.3110,24/07/22,petição inicial,Dra. Cavalcante,Prazo fatal: 30 de março de 2026,23/04/26,não
1069,5788467-41.2023.8.93.8134,12/01/26,habilitação,Dra. Cavalcante,juntada de documentos realizada,,N
1070,5112941-62.2021.1.89.5887,09/03/24,agravo regimental,Dra Fontes,aguardando manifestação da parte contrária,,N
1071,4893809-11.2021.7.19.9759,2020-09-08,habilitação,Dra. Fontes,aguardando manifestação da parte contrária,,1
1072,2236315-26.2022.5.82.8939,21 de janeiro de 2021,citação,Dra. Fontes,documentos pendentes de entrega pelo cliente,,0
1073,7539718-58.2020.2.52.9800,27/03/20,acordo extrajudicial,Dr. Barros,audiência marcada para 2026-11-05,,
1074,1346701-74.2024.1.65.8985,06/05/2022,habilitação,Dra. Fontes,aguardando manifestação da parte contrária,,sim
1075,6418382-43.2020.8.63.9133,24/06/2024,intimação,DRA. CAVALCANTE,prazo para recurso: 27 dias úteis a contar da intimação,,N
1076,4064382-39.2022.4.13.8937,15/02/2025,réplica,Dra. Fontes,prazo para recurso: 6 dias úteis a contar da intimação,30/01/26,1
1077,3922248-27.2025.1.42.4047,21 de março de 2024,contestação,Dra. Cavalcante,,,S
1078,1667591-67.2025.4.69.9424,2026-01-24,sentença,dr. melo,aguardando manifestação da parte contrária,04/11/26,sim
1079,3975387-89.2023.4.55.7631,26/02/2026,contestação,Dr. Barros,aguardando manifestação da parte contrária,,sim
1080,1099617-37.2023.9.61.1793,30 de agosto de 2023,despacho,Dr. Barros,diligência externa necessária,,S
1081,3585301-47.2021.7.73.3469,8 de abril de 2026,laudo pericial,Dr. Barros,Prazo fatal: 1 de setembro de 2026,,
1082,5700249-43.2020.5.57.9341,10/06/2022,embargos de declaração,Dr. Barros,,,
1083,8735892-74.2025.8.18.9411,28/01/21,laudo pericial,DRA. CAVALCANTE,aguardando manifestação da parte contrária,2026-11-07,
1084,4202942-75.2025.6.91.7611,21 de maio de 2025,réplica,Dra. Fontes,juntada de documentos realizada,,0
1085,1754781-28.2025.6.89.2162,18/06/2025,audiência de instrução,Dr. Melo,documentos pendentes de entrega pelo cliente,,sim
1086,8306601-19.2020.3.50.7457,30 de junho de 2022,sentença,Dr. Melo,juntada de documentos realizada,,S
1087,8306601-19.2020.3.50.7457,07/08/24,habilitação,Dr. Barros,diligência externa necessária,,N
1088,7820540-78.2023.1.75.4823,2020-06-22,intimação,Dra Fontes,diligência externa necessária,,S
1089,1557680-16.2021.4.16.4031,28/01/2022,petição inicial,dr. melo,,4 de junho de 2026,N
1090,7640585-40.2023.1.57.1721,04/06/2023,despacho,Dr. Melo,prazo para recurso: 16 dias úteis a contar da intimação,,S
1091,4384627-80.2021.2.13.1061,16/08/2020,sentença,dr. melo,audiência marcada para 20/12/2026,23/03/2026,S
1092,3418432-84.2025.3.59.5858,08/04/2020,audiência de instrução,Dra Fontes,audiência marcada para 19/06/26,,1
1093,2966787-79.2022.1.41.9944,2022-01-20,réplica,Dr. Barros,audiência marcada para 30/11/26,,S
1094,7999133-20.2023.7.26.1121,14 de julho de 2023,audiência de instrução,Dra Fontes,documentos pendentes de entrega pelo cliente,,N
1095,2397582-22.2023.9.93.4223,2021-09-11,citação,DRA. CAVALCANTE,audiência marcada para 17 de abril de 2026,16/02/2026,0
1096,2909764-51.2025.7.78.2223,23/11/2023,intimação,Dr. Melo,diligência externa necessária,2026-08-06,S
1097,6011987-71.2020.8.10.4396,2020-07-11,contestação,Dr. Barros,aguardando manifestação da parte contrária,,1
1098,5112941-62.2021.1.89.5887,08/05/2025,acordo extrajudicial,Dra. Cavalcante,audiência marcada para 5 de setembro de 2026,15/03/2026,sim
1099,5472823-70.2022.4.41.7624,2020-11-05,despacho,Dr. Barros,Prazo fatal: 2026-01-12,,1
1100,1887163-62.2025.9.93.1037,26/07/2024,recurso de apelação,dr. melo,,,0
1101,1013314-48.2023.4.39.2083,3 de novembro de 2020,réplica,Dr. Barros,audiência marcada para 18/08/26,23 de janeiro de 2026,N
1102,5271615-59.2021.2.54.6844,2020-09-08,agravo regimental,Dr. Barros,audiência marcada para 2026-06-27,,
1103,4433355-55.2023.8.48.9346,14/04/2024,laudo pericial,Dr. Melo,aguardando manifestação da parte contrária,2026-06-30,0
1104,9319285-35.2025.3.19.9131,24 de agosto de 2023,laudo pericial,DRA. CAVALCANTE,,,0
1105,5074974-98.2023.8.21.9881,31/03/20,laudo pericial,Dr. Barros,audiência marcada para 14/12/26,18/08/26,0
1106,8735892-74.2025.8.18.9411,2023-09-30,recurso de apelação,dr. melo,audiência marcada para 25/10/2026,,
1107,1237577-83.2022.8.91.4649,2025-07-09,réplica,DRA. CAVALCANTE,audiência marcada para 2026-03-31,09/06/2026,S
1108,8415891-60.2021.6.92.5554,10 de abril de 2021,sentença,Dra. Cavalcante,aguardando manifestação da parte contrária,,N
1109,4202942-75.2025.6.91.7611,18/06/23,embargos de declaração,Dr. Melo,documentos pendentes de entrega pelo cliente,13 de fevereiro de 2026,sim
1110,7626521-25.2020.9.17.3305,02/10/2022,laudo pericial,Dra. Cavalcante,prazo para recurso: 18 dias úteis a contar da intimação,,S
1111,7941836-76.2025.4.34.6543,18/02/2026,laudo pericial,Dra. Cavalcante,,,S
1112,7786207-82.2024.2.92.5696,4 de fevereiro de 2023,embargos de declaração,Dra. Cavalcante,audiência marcada para 19 de maio de 2026,,
1113,3785792-10.2020.5.78.7940,2025-02-26,intimação,dr. melo,Prazo fatal: 8 de novembro de 2026,,sim
1114,1101935-78.2023.5.88.5299,03/06/25,audiência de instrução,Dr. Barros,juntada de documentos realizada,,sim
1115,2397582-22.2023.9.93.4223,9 de abril de 2023,audiência de instrução,DRA. CAVALCANTE,,16/11/2026,N
1116,7820540-78.2023.1.75.4823,03/04/24,laudo pericial,dr. melo,juntada de documentos realizada,,0
1117,8749473-21.2020.4.12.9144,21/06/2022,agravo regimental,Dra. Fontes,prazo para recurso: 22 dias úteis a contar da intimação,,S
1118,8183950-10.2021.5.84.9388,2021-10-12,réplica,dr. melo,,5 de setembro de 2026,não
1119,3785792-10.2020.5.78.7940,5 de dezembro de 2025,petição inicial,Dra Fontes,audiência marcada para 27/11/2026,,1
1120,5274951-77.2021.1.76.5120,31/10/20,despacho,Dra. Fontes,documentos pendentes de entrega pelo cliente,26/10/26,N
1121,2294596-63.2020.6.38.9193,2025-05-26,petição inicial,Dra. Cavalcante,juntada de documentos realizada,,sim
1122,9824532-76.2023.6.37.2040,11/01/2022,memoriais,Dr. Barros,documentos pendentes de entrega pelo cliente,,
1123,5210656-44.2021.1.39.2474,10/07/22,agravo regimental,Dr. Melo,juntada de documentos realizada,,N
1124,7320713-89.2022.3.68.7881,12 de fevereiro de 2024,embargos de declaração,dr. melo,juntada de documentos realizada,,0
1125,3242098-97.2025.4.44.9916,2026-04-08,laudo pericial,Dr. Barros,documentos pendentes de entrega pelo cliente,,1
1126,1273300-90.2024.2.80.7378,20 de março de 2020,citação,Dra. Fontes,juntada de documentos realizada,,0
1127,6384831-67.2022.5.89.7429,30/10/20,acordo extrajudicial,Dra. Fontes,audiência marcada para 19 de março de 2026,,
1128,8368255-39.2020.9.60.4414,26/10/20,despacho,Dr. Melo,documentos pendentes de entrega pelo cliente,16/06/26,sim
1129,5058333-37.2021.3.98.8848,8 de junho de 2019,audiência de instrução,Dra. Fontes,aguardando manifestação da parte contrária,,sim
1130,1887163-62.2025.9.93.1037,31/05/20,acordo extrajudicial,DRA. CAVALCANTE,Prazo fatal: 06/09/26,,sim
1131,7862554-22.2024.7.83.6459,15 de agosto de 2021,laudo pericial,Dr. Barros,audiência marcada para 11/06/2026,,S
1132,3750497-13.2024.6.65.9009,28/10/21,audiência de instrução,Dr. Melo,audiência marcada para 2026-03-20,,
1133,1272937-41.2023.5.75.9958,24 de novembro de 2025,embargos de declaração,Dra. Fontes,,,sim
1134,7916680-90.2022.1.67.1785,26/01/22,recurso de apelação,Dra Fontes,,,não
1135,6418382-43.2020.8.63.9133,06/06/2021,réplica,Dr. Barros,aguardando manifestação da parte contrária,,
1136,4824419-32.2024.5.47.3265,2021-06-17,recurso de apelação,Dra Fontes,Prazo fatal: 27 de março de 2026,15 de fevereiro de 2026,1
1137,6865513-17.2021.7.21.3938,8 de dezembro de 2025,recurso de apelação,DRA. CAVALCANTE,aguardando manifestação da parte contrária,04/11/26,1
1138,7626521-25.2020.9.17.3305,26/04/26,audiência de instrução,Dr. Barros,audiência marcada para 26 de junho de 2026,,0
1139,3766710-17.2025.4.91.1472,20/03/2021,citação,dr. melo,prazo para recurso: 12 dias úteis a contar da intimação,,0
1140,3675188-38.2025.9.53.3305,2025-04-26,acordo extrajudicial,Dr. Melo,prazo para recurso: 23 dias úteis a contar da intimação,,sim
1141,3542799-64.2025.6.13.7299,2020-10-29,sentença,Dr. Barros,audiência marcada para 28/08/26,,N
1142,3724721-44.2021.9.75.5553,2025-10-05,memoriais,Dr. Barros,Prazo fatal: 24 de março de 2026,2026-02-04,N
1143,7271178-97.2023.5.84.4243,22/01/20,citação,Dr. Barros,documentos pendentes de entrega pelo cliente,,S
1144,4563779-48.2023.2.87.9606,14/01/2021,contestação,Dr. Barros,prazo para recurso: 13 dias úteis a contar da intimação,22 de agosto de 2026,não
1145,3401866-56.2021.1.87.5297,02/06/2021,contestação,dr. melo,documentos pendentes de entrega pelo cliente,,1
1146,8539686-69.2023.4.36.2235,24/08/2021,réplica,Dr. Barros,prazo para recurso: 13 dias úteis a contar da intimação,12 de janeiro de 2026,1
1147,7110796-41.2020.3.80.5362,17/01/22,audiência de instrução,Dr. Barros,,,N
1148,7274275-74.2020.1.22.9780,10/02/25,habilitação,Dr. Barros,,,N
1149,5274951-77.2021.1.76.5120,07/01/26,réplica,Dra. Cavalcante,,09/11/26,não
1150,7398699-88.2025.6.55.3587,25/05/24,recurso de apelação,Dra. Cavalcante,aguardando manifestação da parte contrária,,N
1151,1931030-34.2024.8.48.5319,05/09/2020,contestação,dr. melo,Prazo fatal: 05/07/26,,0
1152,4938178-62.2020.7.27.6072,25/04/23,despacho,Dr. Melo,aguardando manifestação da parte contrária,,não
1153,2884639-86.2023.2.31.8737,21/09/25,réplica,Dra. Cavalcante,juntada de documentos realizada,2026-09-16,S
1154,1887163-62.2025.9.93.1037,07/01/25,recurso de apelação,Dr. Barros,prazo para recurso: 9 dias úteis a contar da intimação,,S
1155,3505690-87.2020.8.52.6260,1 de fevereiro de 2019,memoriais,Dra. Cavalcante,audiência marcada para 28/12/2026,9 de novembro de 2026,1
1156,9214397-26.2023.4.18.6844,10 de outubro de 2022,petição inicial,Dr. Melo,audiência marcada para 2026-04-03,,1
1157,3260101-88.2022.8.37.9169,16/10/20,citação,Dr. Barros,documentos pendentes de entrega pelo cliente,,S
1158,6018860-77.2022.1.94.1315,2024-06-10,laudo pericial,Dr. Melo,juntada de documentos realizada,,sim
1159,2545435-52.2025.3.59.7623,2024-12-28,recurso de apelação,Dr. Barros,,,S
1160,9214397-26.2023.4.18.6844,2023-05-02,laudo pericial,Dr. Melo,documentos pendentes de entrega pelo cliente,2 de julho de 2026,N
1161,9835331-11.2022.6.15.8602,02/01/20,contestação,Dra. Cavalcante,Prazo fatal: 2026-06-22,30/08/26,não
1162,9804642-71.2024.4.76.5486,11/05/2022,memoriais,Dra. Fontes,documentos pendentes de entrega pelo cliente,,N
1163,8843990-84.2020.6.68.3017,2021-05-11,laudo pericial,DRA. CAVALCANTE,diligência externa necessária,,S
1164,5144296-22.2022.4.87.9648,24/03/2025,agravo regimental,Dra. Fontes,,,sim
1165,7941836-76.2025.4.34.6543,17/01/23,acordo extrajudicial,Dra. Cavalcante,documentos pendentes de entrega pelo cliente,,N
1166,1272937-41.2023.5.75.9958,2020-02-12,audiência de instrução,Dra. Cavalcante,documentos pendentes de entrega pelo cliente,,N
1167,7115217-41.2025.1.67.7692,25 de maio de 2020,acordo extrajudicial,Dr. Melo,Prazo fatal: 20/04/2026,,1
1168,2411026-52.2022.6.26.7373,15/03/21,intimação,DRA. CAVALCANTE,audiência marcada para 04/03/26,,N
1169,7243958-65.2020.5.25.5047,29/12/23,citação,dr. melo,audiência marcada para 3 de agosto de 2026,,
1170,7539718-58.2020.2.52.9800,27 de fevereiro de 2026,sentença,dr. melo,prazo para recurso: 13 dias úteis a contar da intimação,,N
1171,8678370-92.2025.7.35.9962,28/02/2021,embargos de declaração,Dra. Fontes,prazo para recurso: 24 dias úteis a contar da intimação,29 de dezembro de 2026,0
1172,4202942-75.2025.6.91.7611,31 de agosto de 2022,habilitação,Dr. Melo,aguardando manifestação da parte contrária,20/05/26,não
1173,5545511-73.2023.1.66.9757,31 de agosto de 2021,réplica,dr. melo,prazo para recurso: 16 dias úteis a contar da intimação,,não
1174,3766710-17.2025.4.91.1472,2 de novembro de 2022,intimação,Dra. Cavalcante,prazo para recurso: 26 dias úteis a contar da intimação,,1
1175,5755257-93.2020.8.44.2882,08/02/2024,acordo extrajudicial,DRA. CAVALCANTE,aguardando manifestação da parte contrária,,sim
1176,6524227-53.2025.1.97.6214,29 de abril de 2024,agravo regimental,Dra. Fontes,prazo para recurso: 25 dias úteis a contar da intimação,,N
1177,4824419-32.2024.5.47.3265,2025-09-27,audiência de instrução,Dr. Barros,juntada de documentos realizada,,1
1178,9086174-80.2025.1.81.3292,2021-08-05,embargos de declaração,Dr. Melo,juntada de documentos realizada,,
1179,8655267-17.2025.3.63.4188,17/02/2025,contestação,Dr. Melo,documentos pendentes de entrega pelo cliente,,sim
1180,6096719-87.2023.1.41.6180,20/10/20,despacho,Dr. Barros,aguardando manifestação da parte contrária,,N
1181,3734843-61.2021.3.94.2954,28 de junho de 2023,recurso de apelação,dr. melo,diligência externa necessária,,
1182,7892487-80.2022.9.64.5036,2025-12-07,sentença,DRA. CAVALCANTE,aguardando manifestação da parte contrária,,sim
1183,9252661-70.2020.1.46.1185,26 de maio de 2022,acordo extrajudicial,Dra. Cavalcante,documentos pendentes de entrega pelo cliente,16 de setembro de 2026,0
1184,7381740-86.2021.2.88.6570,2021-01-29,despacho,Dr. Barros,diligência externa necessária,,S
1185,9774395-92.2023.2.75.3192,23/01/2020,audiência de instrução,dr. melo,,,N
1186,9425559-65.2022.6.99.1309,2025-11-19,laudo pericial,Dr. Melo,aguardando manifestação da parte contrária,28/08/2026,sim
1187,6663627-76.2023.9.26.5770,21/08/2023,acordo extrajudicial,Dr. Barros,aguardando manifestação da parte contrária,,1
1188,8415891-60.2021.6.92.5554,2023-06-12,recurso de apelação,Dr. Barros,Prazo fatal: 27/11/26,,N
1189,9086174-80.2025.1.81.3292,2021-06-21,agravo regimental,Dr. Barros,Prazo fatal: 29 de novembro de 2026,,
1190,7274275-74.2020.1.22.9780,17/04/24,petição inicial,DRA. CAVALCANTE,aguardando manifestação da parte contrária,8 de abril de 2026,1
1191,2316290-44.2022.7.34.5190,2023-07-03,audiência de instrução,Dr. Melo,aguardando manifestação da parte contrária,01/07/26,sim
1192,4601686-30.2021.5.52.7745,23/10/25,contestação,dr. melo,Prazo fatal: 2026-02-03,,0
1193,8905709-90.2020.9.55.2471,18/11/24,embargos de declaração,dr. melo,documentos pendentes de entrega pelo cliente,22/09/2026,sim
1194,8655267-17.2025.3.63.4188,30/04/2021,sentença,DRA. CAVALCANTE,aguardando manifestação da parte contrária,,não
1195,3924425-56.2021.9.58.2912,9 de março de 2022,embargos de declaração,Dr. Barros,juntada de documentos realizada,,sim
1196,5289264-48.2020.4.41.6347,2024-11-09,memoriais,Dra Fontes,Prazo fatal: 31 de julho de 2026,24/08/2026,1
1197,8286828-70.2022.9.31.8012,2022-05-01,agravo regimental,dr. melo,diligência externa necessária,,não
1198,1185885-59.2023.7.19.8433,13/06/21,laudo pericial,Dra Fontes,,6 de outubro de 2026,
1199,5432782-56.2021.2.97.6240,2020-03-14,contestação,Dra. Cavalcante,prazo para recurso: 29 dias úteis a contar da intimação,,N
1200,5614769-67.2022.9.87.1001,06/06/23,petição inicial,Dr. Barros,,,S
1201,3248366-98.2020.5.11.6279,2026-03-13,sentença,dr. melo,documentos pendentes de entrega pelo cliente,,não
1202,7979033-26.2021.6.18.1084,06/10/22,habilitação,Dr. Barros,prazo para recurso: 11 dias úteis a contar da intimação,,S
1203,3778380-86.2023.9.32.5849,2020-02-02,sentença,Dr. Barros,prazo para recurso: 21 dias úteis a contar da intimação,,
1204,9824532-76.2023.6.37.2040,18/07/2024,recurso de apelação,Dra. Fontes,documentos pendentes de entrega pelo cliente,2026-11-13,0
1205,6865513-17.2021.7.21.3938,08/02/2026,contestação,DRA. CAVALCANTE,,,
1206,8097721-13.2023.1.47.8354,30 de dezembro de 2025,recurso de apelação,Dr. Melo,prazo para recurso: 20 dias úteis a contar da intimação,,N
1207,5422047-80.2024.8.62.4364,2022-05-27,sentença,Dr. Barros,documentos pendentes de entrega pelo cliente,2026-07-23,sim
1208,5996426-23.2022.8.20.3566,06/11/25,petição inicial,DRA. CAVALCANTE,juntada de documentos realizada,,0
1209,5703772-88.2020.8.34.6114,22/02/2026,acordo extrajudicial,Dra. Fontes,prazo para recurso: 18 dias úteis a contar da intimação,,1
1210,4507711-38.2024.2.34.4732,22 de dezembro de 2023,sentença,Dr. Barros,Prazo fatal: 01/02/2026,,N
1211,4893809-11.2021.7.19.9759,2019-10-16,acordo extrajudicial,DRA. CAVALCANTE,aguardando manifestação da parte contrária,2026-06-20,S
1212,9398629-61.2022.5.88.8253,2025-08-08,réplica,Dr. Barros,documentos pendentes de entrega pelo cliente,,S
1213,7486138-99.2020.5.81.4332,2021-12-12,contestação,DRA. CAVALCANTE,documentos pendentes de entrega pelo cliente,,sim
1214,1013314-48.2023.4.39.2083,23/07/22,acordo extrajudicial,Dr. Melo,Prazo fatal: 28/02/2026,,0
1215,5239450-56.2022.7.99.2371,2021-03-15,réplica,Dra. Fontes,prazo para recurso: 19 dias úteis a contar da intimação,,sim
1216,9636371-69.2025.8.67.4068,2 de agosto de 2019,audiência de instrução,Dra. Fontes,diligência externa necessária,07/01/26,S
1217,6036037-32.2025.3.53.7515,06/01/21,petição inicial,Dra. Cavalcante,,,sim
1218,9071705-28.2021.9.78.4746,02/11/2023,sentença,Dra. Cavalcante,juntada de documentos realizada,,1
1219,9076234-78.2023.3.90.2702,06/09/22,contestação,DRA. CAVALCANTE,aguardando manifestação da parte contrária,,S
1220,7789809-22.2020.1.73.9031,11 de dezembro de 2024,sentença,Dr. Barros,prazo para recurso: 12 dias úteis a contar da intimação,21 de março de 2026,sim
1221,4584224-94.2025.2.57.2511,2022-09-04,contestação,Dr. Barros,Prazo fatal: 16/12/2026,6 de maio de 2026,sim
1222,1311508-84.2020.3.38.8512,2021-08-12,contestação,dr. melo,Prazo fatal: 14/04/2026,,não
1223,1353022-94.2023.9.79.1203,19/09/2024,audiência de instrução,DRA. CAVALCANTE,aguardando manifestação da parte contrária,,1
1224,6445422-21.2020.5.39.8096,19/09/23,petição inicial,Dr. Barros,prazo para recurso: 23 dias úteis a contar da intimação,,não
1225,5058333-37.2021.3.98.8848,08/04/2022,petição inicial,Dra Fontes,prazo para recurso: 13 dias úteis a contar da intimação,27/11/2026,
1226,5271615-59.2021.2.54.6844,10/06/2023,recurso de apelação,Dra Fontes,Prazo fatal: 22 de setembro de 2026,24 de março de 2026,N
1227,8157599-64.2024.2.89.5276,11 de março de 2026,habilitação,dr. melo,prazo para recurso: 13 dias úteis a contar da intimação,,não
1228,9573194-21.2022.1.35.8352,2023-11-05,despacho,Dr. Melo,aguardando manifestação da parte contrária,,
1229,1966014-66.2022.7.82.2137,28 de fevereiro de 2023,petição inicial,Dr. Barros,,,1
1230,8530609-10.2021.5.41.7151,06/01/21,acordo extrajudicial,Dr. Barros,Prazo fatal: 2026-04-10,,0
1231,1024421-54.2022.9.20.2563,24/04/26,sentença,dr. melo,Prazo fatal: 26/12/2026,25/03/26,1
1232,3054975-46.2023.4.85.5879,2022-05-20,acordo extrajudicial,Dra. Fontes,audiência marcada para 13 de julho de 2026,19/12/26,não
1233,5492622-29.2021.9.92.7737,07/12/2020,agravo regimental,Dr. Melo,,,sim
1234,9108785-98.2021.3.78.6687,07/11/23,contestação,Dra. Fontes,,,S
1235,2016341-89.2023.7.48.2724,2022-05-11,acordo extrajudicial,Dra Fontes,audiência marcada para 5 de outubro de 2026,,N
1236,7223110-52.2024.2.44.8994,10/01/2024,petição inicial,dr. melo,documentos pendentes de entrega pelo cliente,01/01/2026,
1237,8749473-21.2020.4.12.9144,23/10/20,contestação,dr. melo,Prazo fatal: 27/02/26,,sim
1238,3710559-31.2020.9.95.2540,28/10/24,habilitação,Dr. Melo,prazo para recurso: 24 dias úteis a contar da intimação,,N
1239,8530609-10.2021.5.41.7151,02/06/21,memoriais,Dra. Cavalcante,aguardando manifestação da parte contrária,,1
1240,5214684-96.2020.6.84.9986,27 de novembro de 2025,citação,Dra. Fontes,documentos pendentes de entrega pelo cliente,,1
1241,1024421-54.2022.9.20.2563,2022-01-01,sentença,Dr. Barros,audiência marcada para 09/04/26,25/03/26,sim
1242,8590346-68.2020.7.63.7780,18/07/2023,contestação,DRA. CAVALCANTE,Prazo fatal: 6 de outubro de 2026,,sim
1243,7626521-25.2020.9.17.3305,24/02/24,audiência de instrução,Dr. Melo,Prazo fatal: 2026-07-04,,S
1244,5058333-37.2021.3.98.8848,04/11/19,citação,Dr. Melo,aguardando manifestação da parte contrária,,N
1245,5058333-37.2021.3.98.8848,2024-09-06,memoriais,Dr. Barros,prazo para recurso: 5 dias úteis a contar da intimação,,
1246,1183693-37.2024.1.85.2937,08/07/2022,laudo pericial,Dra. Fontes,Prazo fatal: 2026-03-07,,
1247,4568537-97.2021.4.82.7633,2020-04-10,petição inicial,Dr. Barros,juntada de documentos realizada,,sim
1248,4384627-80.2021.2.13.1061,2024-06-24,audiência de instrução,Dra. Cavalcante,documentos pendentes de entrega pelo cliente,,N
1249,2461262-96.2021.6.48.1315,2023-01-26,recurso de apelação,Dra. Fontes,audiência marcada para 19 de junho de 2026,,0
1250,6339808-70.2020.2.67.1325,16/02/22,réplica,Dra. Fontes,audiência marcada para 15/06/26,,1
1251,1676369-34.2022.3.47.6087,01/12/23,recurso de apelação,dr. melo,juntada de documentos realizada,2026-02-24,N
1252,3724721-44.2021.9.75.5553,07/03/2019,agravo regimental,Dr. Barros,prazo para recurso: 23 dias úteis a contar da intimação,,1
1253,4510407-23.2020.5.18.6055,2022-02-04,memoriais,Dr. Barros,audiência marcada para 24/04/26,23 de fevereiro de 2026,0
1254,9885734-21.2023.9.74.3450,2024-07-09,agravo regimental,Dra. Fontes,,27 de setembro de 2026,N
1255,2294596-63.2020.6.38.9193,01/04/22,agravo regimental,Dr. Barros,audiência marcada para 2026-07-30,,1
1256,9489806-94.2021.2.55.9162,24/02/19,memoriais,Dr. Barros,aguardando manifestação da parte contrária,,sim
1257,3924425-56.2021.9.58.2912,22/02/2026,recurso de apelação,dr. melo,aguardando manifestação da parte contrária,2026-01-09,1
1258,2110878-87.2023.8.83.8978,12/04/19,sentença,Dra Fontes,prazo para recurso: 6 dias úteis a contar da intimação,,
1259,9108785-98.2021.3.78.6687,2024-12-10,réplica,dr. melo,audiência marcada para 14 de setembro de 2026,24/05/26,0
1260,4065326-72.2025.8.58.5304,2023-09-08,sentença,Dra Fontes,aguardando manifestação da parte contrária,05/11/2026,sim
1261,9953454-93.2020.2.52.5723,19/03/21,audiência de instrução,Dr. Barros,aguardando manifestação da parte contrária,,N
1262,5284129-51.2020.3.32.5205,28 de fevereiro de 2023,intimação,Dr. Barros,documentos pendentes de entrega pelo cliente,,1
1263,7245951-43.2021.4.11.7623,19/06/21,agravo regimental,Dr. Melo,aguardando manifestação da parte contrária,,S
1264,8125196-18.2023.1.53.1215,16/10/23,réplica,Dra. Fontes,Prazo fatal: 2026-08-30,,S
1265,2397582-22.2023.9.93.4223,07/06/22,recurso de apelação,Dr. Melo,prazo para recurso: 6 dias úteis a contar da intimação,,S
1266,8530609-10.2021.5.41.7151,11/08/2024,sentença,Dr. Barros,prazo para recurso: 7 dias úteis a contar da intimação,,
1267,7419280-60.2021.1.40.9417,18/03/2020,intimação,Dr. Barros,Prazo fatal: 07/06/2026,,1
1268,3585301-47.2021.7.73.3469,23/03/26,memoriais,Dra. Cavalcante,aguardando manifestação da parte contrária,02/05/2026,S
1269,8183950-10.2021.5.84.9388,27/07/2025,recurso de apelação,dr. melo,juntada de documentos realizada,2026-01-30,
1270,1676369-34.2022.3.47.6087,9 de janeiro de 2020,laudo pericial,Dra. Fontes,diligência externa necessária,,S
1271,9057960-29.2025.5.10.6072,2022-01-12,contestação,Dra. Cavalcante,,14/07/2026,N
1272,8382607-83.2020.6.26.3936,2026-04-11,sentença,Dra. Cavalcante,diligência externa necessária,,N
1273,6038940-61.2024.4.64.6408,27/10/21,habilitação,dr. melo,Prazo fatal: 20 de novembro de 2026,,sim
1274,2397582-22.2023.9.93.4223,02/06/23,petição inicial,Dra. Fontes,documentos pendentes de entrega pelo cliente,,0
1275,2461262-96.2021.6.48.1315,2025-12-12,recurso de apelação,Dra Fontes,juntada de documentos realizada,,1
1276,8539686-69.2023.4.36.2235,25/07/2025,despacho,Dr. Barros,prazo para recurso: 16 dias úteis a contar da intimação,,sim
1277,1966014-66.2022.7.82.2137,12/10/21,sentença,Dra. Fontes,documentos pendentes de entrega pelo cliente,,0
1278,5747786-52.2023.7.30.3750,07/06/20,intimação,Dr. Barros,aguardando manifestação da parte contrária,,N
1279,2884639-86.2023.2.31.8737,28 de dezembro de 2022,petição inicial,Dr. Melo,audiência marcada para 4 de abril de 2026,08/05/2026,N
1280,4601686-30.2021.5.52.7745,2025-10-31,embargos de declaração,Dr. Barros,aguardando manifestação da parte contrária,06/10/2026,sim
1281,5661974-14.2020.6.39.3137,24 de março de 2025,acordo extrajudicial,DRA. CAVALCANTE,juntada de documentos realizada,2026-10-31,não
1282,2554938-48.2024.1.13.4544,14 de janeiro de 2019,sentença,Dr. Barros,documentos pendentes de entrega pelo cliente,14 de setembro de 2026,S
1283,6254488-31.2024.9.48.3216,18/08/2021,laudo pericial,Dr. Barros,audiência marcada para 18 de outubro de 2026,,N
1284,5144296-22.2022.4.87.9648,04/01/2024,petição inicial,Dr. Melo,,,S
1285,7848147-32.2021.6.58.3528,01/02/2025,intimação,DRA. CAVALCANTE,Prazo fatal: 21/12/2026,,0
1286,2191287-57.2021.1.18.8228,2020-11-04,petição inicial,Dra. Fontes,juntada de documentos realizada,10/10/26,1
1287,8572382-61.2025.1.41.7172,09/03/22,despacho,Dr. Barros,audiência marcada para 2026-06-30,,S
1288,9076234-78.2023.3.90.2702,25/05/2020,petição inicial,DRA. CAVALCANTE,aguardando manifestação da parte contrária,26/03/26,0
1289,5451988-41.2020.2.82.4041,03/01/20,intimação,DRA. CAVALCANTE,aguardando manifestação da parte contrária,,0
1290,3242098-97.2025.4.44.9916,24/11/2020,habilitação,DRA. CAVALCANTE,aguardando manifestação da parte contrária,23 de março de 2026,0
1291,8183950-10.2021.5.84.9388,04/04/2021,memoriais,DRA. CAVALCANTE,,,0
1292,7862554-22.2024.7.83.6459,2025-12-27,laudo pericial,Dr. Barros,diligência externa necessária,22 de maio de 2026,não
1293,3401866-56.2021.1.87.5297,2023-12-11,agravo regimental,Dr. Barros,audiência marcada para 19/11/2026,,sim
1294,6034606-21.2023.6.18.6684,2024-06-05,habilitação,DRA. CAVALCANTE,documentos pendentes de entrega pelo cliente,,S
1295,9489806-94.2021.2.55.9162,08/09/23,despacho,Dra. Fontes,audiência marcada para 2026-08-05,,0
1296,1273300-90.2024.2.80.7378,15/09/21,acordo extrajudicial,dr. melo,juntada de documentos realizada,,0
1297,2191287-57.2021.1.18.8228,30/09/20,sentença,Dr. Melo,documentos pendentes de entrega pelo cliente,,
1298,9110060-16.2025.2.29.4716,2020-04-25,contestação,Dr. Barros,audiência marcada para 2026-08-16,,
1299,4415624-13.2024.9.14.9480,8 de outubro de 2022,habilitação,dr. melo,diligência externa necessária,,
1300,1557680-16.2021.4.16.4031,11/11/2025,sentença,Dra Fontes,documentos pendentes de entrega pelo cliente,2026-08-10,
1301,2632721-15.2024.7.90.9593,2026-03-31,audiência de instrução,Dra. Fontes,juntada de documentos realizada,2026-09-21,0
1302,1183693-37.2024.1.85.2937,2023-05-30,intimação,Dra Fontes,aguardando manifestação da parte contrária,,não
1303,5058333-37.2021.3.98.8848,02/01/24,contestação,Dr. Barros,juntada de documentos realizada,,1
1304,1966014-66.2022.7.82.2137,3 de janeiro de 2025,sentença,DRA. CAVALCANTE,juntada de documentos realizada,,S
1305,5867457-18.2023.9.16.7298,9 de novembro de 2019,laudo pericial,Dr. Melo,juntada de documentos realizada,,não
1306,7916680-90.2022.1.67.1785,2025-07-22,laudo pericial,Dra Fontes,prazo para recurso: 9 dias úteis a contar da intimação,,S
1307,8892606-62.2022.2.87.2168,25/09/25,despacho,Dr. Barros,prazo para recurso: 7 dias úteis a contar da intimação,,sim
1308,1676369-34.2022.3.47.6087,2024-11-25,habilitação,Dr. Barros,juntada de documentos realizada,,
1309,4064382-39.2022.4.13.8937,29 de dezembro de 2022,sentença,Dr. Melo,Prazo fatal: 2026-09-15,,N
1310,1101935-78.2023.5.88.5299,16 de outubro de 2021,petição inicial,Dra Fontes,audiência marcada para 2026-03-07,,sim
1311,1974389-81.2024.5.57.9354,29 de setembro de 2021,laudo pericial,dr. melo,documentos pendentes de entrega pelo cliente,2026-12-24,não
1312,7224257-29.2020.8.88.9110,22 de fevereiro de 2023,réplica,Dra. Cavalcante,Prazo fatal: 06/09/2026,,
1313,2461262-96.2021.6.48.1315,25 de janeiro de 2020,acordo extrajudicial,Dra. Fontes,Prazo fatal: 11 de abril de 2026,,S
1314,4384627-80.2021.2.13.1061,23/12/21,acordo extrajudicial,Dr. Barros,audiência marcada para 02/09/26,,1
1315,6101036-60.2022.7.49.3295,19 de março de 2021,réplica,Dr. Melo,audiência marcada para 2026-11-16,,0
1316,4584224-94.2025.2.57.2511,08/04/24,habilitação,Dr. Melo,aguardando manifestação da parte contrária,,não
1317,8892606-62.2022.2.87.2168,11/01/26,despacho,DRA. CAVALCANTE,Prazo fatal: 30 de novembro de 2026,,N
1318,3754895-37.2021.6.18.8502,2023-09-27,sentença,Dr. Barros,juntada de documentos realizada,04/12/26,S
1319,3588109-63.2023.1.26.4223,5 de março de 2023,citação,Dra. Fontes,prazo para recurso: 22 dias úteis a contar da intimação,,1
1320,3401866-56.2021.1.87.5297,3 de março de 2022,contestação,Dr. Barros,Prazo fatal: 30/05/2026,,0
1321,9498791-62.2022.6.73.9564,18 de junho de 2023,acordo extrajudicial,Dr. Barros,aguardando manifestação da parte contrária,14/08/26,1
1322,7320713-89.2022.3.68.7881,10/12/2022,memoriais,DRA. CAVALCANTE,diligência externa necessária,,
1323,7222167-30.2022.8.44.7452,10/11/2022,contestação,Dr. Melo,aguardando manifestação da parte contrária,,0
1324,1869144-23.2023.5.84.3325,27/11/22,audiência de instrução,Dra. Cavalcante,juntada de documentos realizada,,sim
1325,2019436-32.2020.6.16.9856,10 de fevereiro de 2022,réplica,Dr. Barros,,,não
1326,4090182-95.2021.1.57.7189,2019-08-12,petição inicial,Dra Fontes,aguardando manifestação da parte contrária,,S
1327,4084503-92.2025.8.90.5515,2023-03-10,petição inicial,Dr. Barros,juntada de documentos realizada,,S
1328,3168718-77.2025.2.92.8027,29 de janeiro de 2025,memoriais,Dr. Barros,,,sim
1329,7082985-88.2022.2.94.6058,26/05/23,memoriais,Dr. Melo,audiência marcada para 27 de agosto de 2026,2026-02-19,0
1330,5068524-45.2025.9.91.6906,23/05/2024,petição inicial,dr. melo,prazo para recurso: 15 dias úteis a contar da intimação,31/01/2026,0
1331,5432782-56.2021.2.97.6240,02/05/20,despacho,Dra. Cavalcante,,,
1332,1887163-62.2025.9.93.1037,2023-12-05,réplica,Dr. Barros,,31/01/26,S
1333,2100417-68.2021.7.29.9662,6 de fevereiro de 2023,réplica,Dr. Barros,Prazo fatal: 2026-09-27,2026-10-31,1
1334,2895065-46.2022.7.67.1438,21/05/20,agravo regimental,Dr. Melo,juntada de documentos realizada,,sim
1335,6404948-40.2021.7.68.7161,15 de julho de 2024,recurso de apelação,Dra Fontes,Prazo fatal: 14/12/26,,sim
1336,8655267-17.2025.3.63.4188,24/08/2020,intimação,Dra Fontes,aguardando manifestação da parte contrária,14/10/2026,N
1337,1099617-37.2023.9.61.1793,31/08/2025,recurso de apelação,Dra. Fontes,prazo para recurso: 16 dias úteis a contar da intimação,2026-02-16,sim
1338,4092125-65.2025.3.26.9073,29/12/2021,agravo regimental,Dra. Cavalcante,documentos pendentes de entrega pelo cliente,,N
1339,7599278-46.2021.4.96.3535,12/07/2024,laudo pericial,Dra Fontes,audiência marcada para 26 de junho de 2026,,não
1340,8125196-18.2023.1.53.1215,18 de junho de 2020,recurso de apelação,Dr. Melo,Prazo fatal: 18/03/26,2026-11-09,0
1341,6982910-41.2023.8.91.8758,10 de março de 2021,acordo extrajudicial,dr. melo,prazo para recurso: 20 dias úteis a contar da intimação,2026-07-13,sim
1342,9804642-71.2024.4.76.5486,2023-05-14,contestação,dr. melo,documentos pendentes de entrega pelo cliente,02/07/2026,S
1343,7486029-45.2024.4.25.3159,2022-03-06,réplica,Dra. Fontes,prazo para recurso: 13 dias úteis a contar da intimação,,não
1344,8936104-83.2022.1.39.7934,06/12/2021,habilitação,Dr. Melo,prazo para recurso: 14 dias úteis a contar da intimação,,sim
1345,7438163-48.2021.3.47.1186,18/09/20,laudo pericial,Dr. Barros,aguardando manifestação da parte contrária,22 de abril de 2026,1
1346,5660649-86.2020.5.86.9291,22/06/21,sentença,Dra Fontes,audiência marcada para 2026-05-22,19 de agosto de 2026,
1347,3724721-44.2021.9.75.5553,2022-09-19,réplica,Dra. Fontes,aguardando manifestação da parte contrária,20/12/2026,não
1348,1974389-81.2024.5.57.9354,14/03/25,réplica,Dr. Barros,Prazo fatal: 05/01/2026,,0
1349,5239450-56.2022.7.99.2371,2021-06-01,petição inicial,Dra. Cavalcante,,4 de novembro de 2026,1
1350,5614769-67.2022.9.87.1001,28 de fevereiro de 2020,réplica,Dr. Barros,audiência marcada para 2026-03-21,,não
1351,5112941-62.2021.1.89.5887,20 de fevereiro de 2025,contestação,Dr. Barros,,25 de junho de 2026,1
1352,4452862-76.2021.3.27.3238,03/05/2022,citação,Dra. Cavalcante,audiência marcada para 13/04/26,,não
1353,7544569-30.2022.4.91.9370,29 de janeiro de 2023,sentença,DRA. CAVALCANTE,diligência externa necessária,,N
1354,8209168-30.2020.1.41.7632,19 de fevereiro de 2026,audiência de instrução,Dra. Cavalcante,diligência externa necessária,,
1355,5614769-67.2022.9.87.1001,17/03/2025,contestação,Dra Fontes,Prazo fatal: 16/10/2026,2026-02-15,
1356,1664676-19.2021.8.64.4616,23/12/2020,agravo regimental,Dra. Fontes,audiência marcada para 21 de março de 2026,,não
1357,3306375-34.2024.9.48.9154,30/10/23,memoriais,Dra. Fontes,,,não
1358,5753123-52.2021.4.48.4042,28 de abril de 2026,laudo pericial,DRA. CAVALCANTE,audiência marcada para 01/05/2026,14/01/26,N
1359,7115217-41.2025.1.67.7692,23 de outubro de 2021,contestação,Dra. Cavalcante,audiência marcada para 16/03/26,,S
1360,2236315-26.2022.5.82.8939,14/09/25,despacho,DRA. CAVALCANTE,prazo para recurso: 5 dias úteis a contar da intimação,,sim
1361,4687348-31.2023.1.92.6907,24 de julho de 2021,memoriais,Dr. Melo,Prazo fatal: 19 de julho de 2026,,N
1362,4893809-11.2021.7.19.9759,13/03/23,citação,Dr. Barros,aguardando manifestação da parte contrária,2026-07-12,N
1363,6096719-87.2023.1.41.6180,2020-02-02,laudo pericial,DRA. CAVALCANTE,audiência marcada para 2026-12-23,,sim
1364,2191287-57.2021.1.18.8228,09/11/24,citação,DRA. CAVALCANTE,audiência marcada para 26/07/26,2026-10-24,
1365,4952151-27.2023.3.38.8762,2022-12-22,petição inicial,Dr. Melo,,14 de março de 2026,S
1366,7115217-41.2025.1.67.7692,09/07/2020,citação,Dr. Melo,documentos pendentes de entrega pelo cliente,,0
1367,1784068-27.2021.3.12.2538,07/01/2022,agravo regimental,Dr. Melo,documentos pendentes de entrega pelo cliente,,N
1368,4893809-11.2021.7.19.9759,17/02/20,laudo pericial,DRA. CAVALCANTE,prazo para recurso: 19 dias úteis a contar da intimação,,N
1369,4938178-62.2020.7.27.6072,18/10/2025,laudo pericial,Dra. Fontes,prazo para recurso: 12 dias úteis a contar da intimação,,0
1370,1714231-74.2025.9.71.1697,2020-09-08,embargos de declaração,Dr. Melo,documentos pendentes de entrega pelo cliente,14/06/26,não
1371,9686751-57.2022.7.62.3494,07/09/2021,despacho,Dr. Barros,,,N
1372,3542799-64.2025.6.13.7299,16/04/2021,habilitação,dr. melo,,2026-07-12,sim
1373,9992831-61.2022.4.35.1469,12 de agosto de 2023,despacho,Dra. Cavalcante,juntada de documentos realizada,06/01/2026,N
1374,1557680-16.2021.4.16.4031,07/05/2020,memoriais,Dra. Cavalcante,documentos pendentes de entrega pelo cliente,,não
1375,3975387-89.2023.4.55.7631,06/07/22,laudo pericial,Dra. Cavalcante,prazo para recurso: 22 dias úteis a contar da intimação,,S
1376,9798556-59.2021.3.62.3110,22 de dezembro de 2019,réplica,Dr. Barros,documentos pendentes de entrega pelo cliente,,1
1377,6160516-66.2024.5.17.7150,2019-10-11,acordo extrajudicial,dr. melo,,,1
1378,7243958-65.2020.5.25.5047,2024-06-20,despacho,Dra. Cavalcante,diligência externa necessária,,não
1379,7271178-97.2023.5.84.4243,24/02/24,recurso de apelação,Dr. Barros,Prazo fatal: 2026-11-20,,S
1380,4721085-96.2020.6.92.9645,19 de julho de 2022,intimação,Dr. Barros,,,não
1381,9398629-61.2022.5.88.8253,2023-07-14,habilitação,dr. melo,juntada de documentos realizada,,S
1382,5732779-86.2025.4.28.7831,31/07/20,laudo pericial,Dra Fontes,,2026-02-16,não
1383,7633905-83.2022.9.95.2309,24 de agosto de 2020,agravo regimental,dr. melo,diligência externa necessária,,1
1384,9408522-77.2021.3.36.8376,23/10/2023,memoriais,Dr. Melo,prazo para recurso: 12 dias úteis a contar da intimação,,0
1385,2519059-58.2022.7.86.4385,2023-06-10,acordo extrajudicial,Dra Fontes,diligência externa necessária,15 de maio de 2026,não
1386,8735892-74.2025.8.18.9411,14/01/21,acordo extrajudicial,Dr. Barros,Prazo fatal: 2026-11-10,,N
1387,8125196-18.2023.1.53.1215,23/10/25,embargos de declaração,Dr. Melo,,24/11/26,0
1388,2966787-79.2022.1.41.9944,2023-05-06,citação,Dra. Cavalcante,Prazo fatal: 2026-05-20,27 de novembro de 2026,não
1389,5159219-49.2023.5.25.3676,02/10/2024,despacho,Dr. Barros,audiência marcada para 10/06/2026,,sim
1390,9057960-29.2025.5.10.6072,2024-08-28,citação,dr. melo,documentos pendentes de entrega pelo cliente,,sim
1391,8905709-90.2020.9.55.2471,16/01/20,sentença,Dra. Fontes,aguardando manifestação da parte contrária,17 de maio de 2026,0
1392,6865513-17.2021.7.21.3938,17/08/24,habilitação,Dra. Fontes,documentos pendentes de entrega pelo cliente,30 de setembro de 2026,S
1393,7223110-52.2024.2.44.8994,7 de outubro de 2023,acordo extrajudicial,DRA. CAVALCANTE,documentos pendentes de entrega pelo cliente,,sim
1394,2545435-52.2025.3.59.7623,05/11/2021,agravo regimental,Dra. Fontes,juntada de documentos realizada,02/07/2026,0
1395,8717678-27.2025.5.11.4526,18/06/2021,sentença,Dra. Cavalcante,juntada de documentos realizada,,N
1396,7862554-22.2024.7.83.6459,30/01/2021,agravo regimental,Dr. Barros,documentos pendentes de entrega pelo cliente,,S
1397,3260101-88.2022.8.37.9169,01/05/25,agravo regimental,Dra Fontes,audiência marcada para 15/12/26,,S
1398,1098476-20.2021.1.47.3336,06/02/21,habilitação,Dra Fontes,Prazo fatal: 16 de setembro de 2026,,1
1399,5755257-93.2020.8.44.2882,13/02/2021,laudo pericial,Dra. Fontes,,06/02/26,0
1400,6416661-36.2021.8.21.8496,2020-09-29,petição inicial,Dra. Cavalcante,aguardando manifestação da parte contrária,,0
1401,3346094-93.2020.2.94.1759,30 de novembro de 2023,laudo pericial,DRA. CAVALCANTE,documentos pendentes de entrega pelo cliente,08/07/26,não
1402,8892606-62.2022.2.87.2168,14/05/2020,laudo pericial,Dr. Barros,,,N
1403,6105303-92.2021.4.39.3868,8 de abril de 2021,memoriais,DRA. CAVALCANTE,juntada de documentos realizada,19/04/2026,0
1404,7539718-58.2020.2.52.9800,02/09/2021,petição inicial,Dra Fontes,prazo para recurso: 14 dias úteis a contar da intimação,,S
1405,7840442-26.2025.9.53.5093,2019-11-29,embargos de declaração,DRA. CAVALCANTE,juntada de documentos realizada,,0
1406,5947618-28.2023.6.53.6118,10/03/2023,laudo pericial,Dra. Cavalcante,diligência externa necessária,,1
1407,7941836-76.2025.4.34.6543,2023-07-30,contestação,Dra. Cavalcante,Prazo fatal: 15/12/2026,,não
1408,5700249-43.2020.5.57.9341,01/11/2025,recurso de apelação,DRA. CAVALCANTE,audiência marcada para 16/11/2026,3 de setembro de 2026,não
1409,8574876-96.2020.7.97.4673,2019-09-15,memoriais,DRA. CAVALCANTE,aguardando manifestação da parte contrária,,S
1410,3734843-61.2021.3.94.2954,28 de fevereiro de 2022,habilitação,DRA. CAVALCANTE,audiência marcada para 23/07/26,,sim
1411,8539686-69.2023.4.36.2235,1 de abril de 2022,contestação,DRA. CAVALCANTE,diligência externa necessária,,sim
1412,7722274-26.2024.9.14.7062,2025-12-05,audiência de instrução,Dr. Barros,prazo para recurso: 5 dias úteis a contar da intimação,,
1413,4061044-97.2023.7.99.3676,2022-10-24,acordo extrajudicial,dr. melo,documentos pendentes de entrega pelo cliente,,não
1414,4824419-32.2024.5.47.3265,2021-06-01,sentença,Dr. Barros,documentos pendentes de entrega pelo cliente,,N
1415,9824532-76.2023.6.37.2040,30 de agosto de 2021,agravo regimental,Dr. Barros,aguardando manifestação da parte contrária,,N
1416,5788467-41.2023.8.93.8134,17/09/24,contestação,Dra. Fontes,aguardando manifestação da parte contrária,,N
1417,7381740-86.2021.2.88.6570,14/02/2021,acordo extrajudicial,Dr. Barros,audiência marcada para 24/05/2026,23/06/2026,S
1418,1013314-48.2023.4.39.2083,2023-12-28,recurso de apelação,Dr. Barros,juntada de documentos realizada,,não
1419,4493339-70.2021.7.17.8725,15/10/2020,agravo regimental,Dr. Barros,Prazo fatal: 22/05/26,23 de junho de 2026,não
1420,1602496-64.2022.5.79.8340,04/09/19,recurso de apelação,Dra. Cavalcante,,,0
1421,8066975-72.2023.7.26.7675,10 de junho de 2024,recurso de apelação,Dra. Cavalcante,diligência externa necessária,2026-01-13,S
1422,1664676-19.2021.8.64.4616,25 de dezembro de 2020,embargos de declaração,Dra. Fontes,prazo para recurso: 7 dias úteis a contar da intimação,,sim
1423,4584224-94.2025.2.57.2511,10/11/21,despacho,Dra Fontes,prazo para recurso: 24 dias úteis a contar da intimação,,sim
1424,8843195-99.2024.6.39.2836,3 de dezembro de 2019,agravo regimental,dr. melo,diligência externa necessária,,
1425,5144296-22.2022.4.87.9648,17 de setembro de 2022,acordo extrajudicial,Dra. Cavalcante,Prazo fatal: 24/07/26,,
1426,3821719-15.2025.2.86.2518,19 de setembro de 2022,audiência de instrução,Dra. Fontes,Prazo fatal: 7 de julho de 2026,,N
1427,5074974-98.2023.8.21.9881,28/11/22,réplica,Dra. Fontes,prazo para recurso: 19 dias úteis a contar da intimação,,N
1428,5947618-28.2023.6.53.6118,9 de outubro de 2021,contestação,DRA. CAVALCANTE,audiência marcada para 31/10/26,,não
1429,8843195-99.2024.6.39.2836,01/09/23,intimação,Dra Fontes,,,não
1430,2519059-58.2022.7.86.4385,20/09/24,acordo extrajudicial,DRA. CAVALCANTE,Prazo fatal: 27 de dezembro de 2026,,0
1431,5401874-62.2025.2.46.8337,22 de dezembro de 2024,sentença,Dra. Fontes,juntada de documentos realizada,14 de fevereiro de 2026,não
1432,1869144-23.2023.5.84.3325,13/08/2023,intimação,Dra. Cavalcante,diligência externa necessária,13/04/2026,
1433,5732779-86.2025.4.28.7831,27 de fevereiro de 2025,recurso de apelação,Dr. Barros,aguardando manifestação da parte contrária,25/12/2026,sim
1434,5124342-11.2025.5.50.6107,03/01/2024,petição inicial,dr. melo,documentos pendentes de entrega pelo cliente,21/10/2026,não
1435,3754895-37.2021.6.18.8502,01/01/2021,audiência de instrução,Dra. Cavalcante,documentos pendentes de entrega pelo cliente,,1
1436,2328070-99.2024.8.57.5561,21/03/2026,recurso de apelação,Dra. Cavalcante,documentos pendentes de entrega pelo cliente,,S
1437,8306601-19.2020.3.50.7457,10/10/2022,acordo extrajudicial,Dr. Barros,audiência marcada para 23/11/26,,N
1438,6935346-77.2024.3.52.9529,14 de novembro de 2020,acordo extrajudicial,Dr. Barros,,14/08/26,sim
1439,4061044-97.2023.7.99.3676,15/04/2023,despacho,Dr. Melo,,,
1440,2129757-49.2025.4.14.5657,19 de dezembro de 2024,intimação,Dr. Barros,aguardando manifestação da parte contrária,,não
1441,5786762-52.2021.9.21.3037,17/06/24,memoriais,Dr. Barros,juntada de documentos realizada,,1
1442,4687348-31.2023.1.92.6907,08/05/2020,embargos de declaração,Dr. Barros,,,0
1443,1237577-83.2022.8.91.4649,29 de novembro de 2023,citação,Dra Fontes,Prazo fatal: 14 de maio de 2026,,N
1444,8630644-97.2025.3.28.1296,27 de junho de 2021,audiência de instrução,DRA. CAVALCANTE,prazo para recurso: 13 dias úteis a contar da intimação,,0
1445,7136189-41.2024.2.60.1768,02/04/2020,recurso de apelação,Dra. Cavalcante,,,não
1446,6254488-31.2024.9.48.3216,26/04/23,intimação,Dr. Barros,audiência marcada para 18 de setembro de 2026,11/05/2026,não
1447,1887163-62.2025.9.93.1037,25 de maio de 2019,réplica,Dra Fontes,,27/09/2026,1
1448,3496733-55.2020.2.43.8503,2021-12-20,embargos de declaração,Dr. Melo,prazo para recurso: 15 dias úteis a contar da intimação,,sim
1449,9885734-21.2023.9.74.3450,16 de abril de 2022,petição inicial,Dr. Melo,documentos pendentes de entrega pelo cliente,,S
1450,8129073-22.2024.4.16.9656,2021-06-17,contestação,Dr. Barros,Prazo fatal: 17/02/2026,,S
1451,9108785-98.2021.3.78.6687,19 de outubro de 2024,intimação,Dr. Melo,,,não
1452,7862554-22.2024.7.83.6459,2019-07-23,memoriais,Dr. Barros,aguardando manifestação da parte contrária,,sim
1453,7486138-99.2020.5.81.4332,2024-04-20,citação,DRA. CAVALCANTE,audiência marcada para 9 de maio de 2026,,S
1454,6011987-71.2020.8.10.4396,10/08/2023,sentença,Dr. Barros,diligência externa necessária,,1
1455,7951127-89.2024.1.63.3502,23/01/2021,laudo pericial,Dr. Melo,juntada de documentos realizada,,0
1456,1095980-10.2020.7.77.8313,11 de abril de 2022,acordo extrajudicial,Dr. Melo,Prazo fatal: 09/02/26,26 de janeiro de 2026,sim
1457,5625093-80.2022.9.16.6618,2022-03-20,contestação,DRA. CAVALCANTE,audiência marcada para 26/09/26,2026-04-25,S
1458,9060164-41.2020.5.36.2381,03/01/2020,despacho,Dr. Barros,juntada de documentos realizada,24/01/26,N
1459,6416661-36.2021.8.21.8496,2026-04-26,intimação,Dr. Melo,juntada de documentos realizada,,sim
1460,3785792-10.2020.5.78.7940,24 de setembro de 2022,memoriais,Dr. Barros,aguardando manifestação da parte contrária,,N
1461,5124342-11.2025.5.50.6107,2021-08-25,acordo extrajudicial,DRA. CAVALCANTE,,2026-04-01,sim
1462,5996426-23.2022.8.20.3566,29/07/2022,laudo pericial,Dra. Cavalcante,prazo para recurso: 24 dias úteis a contar da intimação,,não
1463,8286828-70.2022.9.31.8012,5 de dezembro de 2020,memoriais,DRA. CAVALCANTE,documentos pendentes de entrega pelo cliente,,0
1464,7979033-26.2021.6.18.1084,2021-03-07,citação,Dra Fontes,documentos pendentes de entrega pelo cliente,31 de outubro de 2026,N
1465,9062552-47.2024.4.22.8265,2022-07-19,citação,Dr. Melo,,,sim
1466,8415891-60.2021.6.92.5554,29/06/2023,sentença,dr. melo,juntada de documentos realizada,,sim
1467,5996426-23.2022.8.20.3566,08/01/20,laudo pericial,DRA. CAVALCANTE,audiência marcada para 1 de dezembro de 2026,,1
1468,9498791-62.2022.6.73.9564,18/06/2022,contestação,Dr. Barros,diligência externa necessária,,0
1469,3346094-93.2020.2.94.1759,20/12/2021,memoriais,Dr. Melo,diligência externa necessária,,S
1470,8572382-61.2025.1.41.7172,19 de novembro de 2022,sentença,Dra. Cavalcante,documentos pendentes de entrega pelo cliente,8 de fevereiro de 2026,não
1471,7789809-22.2020.1.73.9031,4 de abril de 2019,memoriais,DRA. CAVALCANTE,documentos pendentes de entrega pelo cliente,,1
1472,8714773-70.2022.9.65.8541,05/07/2020,intimação,Dr. Barros,aguardando manifestação da parte contrária,,não
1473,5747786-52.2023.7.30.3750,2026-03-07,memoriais,Dr. Barros,,,
1474,4687348-31.2023.1.92.6907,10/03/23,intimação,Dra. Fontes,,,
1475,5144296-22.2022.4.87.9648,17/06/19,petição inicial,Dr. Melo,audiência marcada para 21 de abril de 2026,2 de maio de 2026,N
1476,1101935-78.2023.5.88.5299,25 de agosto de 2020,agravo regimental,Dr. Barros,diligência externa necessária,,S
1477,7862554-22.2024.7.83.6459,20 de março de 2021,audiência de instrução,Dr. Melo,prazo para recurso: 17 dias úteis a contar da intimação,,não
1478,9057219-99.2020.9.96.3254,2025-08-28,sentença,dr. melo,prazo para recurso: 17 dias úteis a contar da intimação,,sim
1479,6528202-89.2025.3.17.9496,25/11/20,habilitação,Dr. Melo,,,N
1480,5432782-56.2021.2.97.6240,2025-11-14,contestação,Dr. Barros,audiência marcada para 22 de outubro de 2026,,0
1481,2490107-19.2023.9.10.7930,2021-07-22,memoriais,dr. melo,aguardando manifestação da parte contrária,2026-06-17,sim
1482,2112478-55.2024.2.51.9095,23/03/2020,recurso de apelação,Dr. Melo,diligência externa necessária,2026-05-24,S
1483,5483975-50.2024.8.92.4422,16 de julho de 2022,acordo extrajudicial,Dra Fontes,audiência marcada para 18/12/2026,2026-07-11,
1484,2997279-67.2024.9.84.1441,2024-02-14,laudo pericial,DRA. CAVALCANTE,diligência externa necessária,03/01/2026,1
1485,7115217-41.2025.1.67.7692,14 de janeiro de 2024,laudo pericial,Dr. Barros,aguardando manifestação da parte contrária,,N
1486,6779292-61.2021.4.86.2783,9 de janeiro de 2021,petição inicial,DRA. CAVALCANTE,Prazo fatal: 2026-06-22,,N
1487,1621418-87.2020.9.55.9337,04/11/2020,memoriais,Dr. Melo,,,0
1488,5850223-43.2020.3.81.3185,27/07/24,audiência de instrução,Dr. Barros,prazo para recurso: 10 dias úteis a contar da intimação,,1
1489,1833330-93.2025.8.61.3405,22/07/23,despacho,Dr. Barros,prazo para recurso: 19 dias úteis a contar da intimação,28/09/2026,1
1490,4092125-65.2025.3.26.9073,2024-10-13,petição inicial,Dr. Melo,audiência marcada para 16/11/2026,2026-04-20,N
1491,3263740-44.2022.3.81.5402,24/06/2024,embargos de declaração,dr. melo,diligência externa necessária,,S
1492,1311508-84.2020.3.38.8512,31 de maio de 2021,petição inicial,Dra. Cavalcante,diligência externa necessária,,0
1493,1667591-67.2025.4.69.9424,27/05/25,embargos de declaração,Dra. Fontes,juntada de documentos realizada,4 de agosto de 2026,S
1494,5614769-67.2022.9.87.1001,2020-11-28,habilitação,dr. melo,aguardando manifestação da parte contrária,08/01/26,N
1495,9573194-21.2022.1.35.8352,17 de novembro de 2022,recurso de apelação,Dra. Cavalcante,juntada de documentos realizada,,0
1496,5967836-10.2021.4.35.9671,2022-01-16,agravo regimental,Dra. Cavalcante,documentos pendentes de entrega pelo cliente,,1
1497,4568537-97.2021.4.82.7633,19/11/20,citação,Dra. Fontes,prazo para recurso: 15 dias úteis a contar da intimação,31/08/2026,S
1498,1664676-19.2021.8.64.4616,2022-12-04,agravo regimental,Dr. Barros,Prazo fatal: 14 de outubro de 2026,,sim
1499,7724543-49.2023.9.44.7412,2021-12-29,memoriais,dr. melo,documentos pendentes de entrega pelo cliente,10/09/2026,0
1500,6414076-16.2021.7.78.8273,01/12/2025,réplica,Dr. Melo,Prazo fatal: 2026-09-06,,1
1501,2480014-80.2024.2.29.9847,23/12/2022,intimação,dr. melo,prazo para recurso: 7 dias úteis a contar da intimação,,1
1502,9086174-80.2025.1.81.3292,20 de novembro de 2022,citação,Dr. Barros,aguardando manifestação da parte contrária,14/06/26,não
1503,2658962-39.2022.5.95.8856,18/05/2022,citação,Dra. Fontes,prazo para recurso: 17 dias úteis a contar da intimação,,sim
1504,6034606-21.2023.6.18.6684,29 de dezembro de 2023,sentença,Dr. Barros,aguardando manifestação da parte contrária,,N
1505,1095980-10.2020.7.77.8313,15/06/2021,acordo extrajudicial,Dr. Melo,diligência externa necessária,,S
1506,6384831-67.2022.5.89.7429,18 de janeiro de 2024,audiência de instrução,dr. melo,juntada de documentos realizada,,não
1507,5401874-62.2025.2.46.8337,30/10/23,habilitação,Dra. Fontes,diligência externa necessária,,S
1508,3588109-63.2023.1.26.4223,16/04/21,recurso de apelação,Dra. Fontes,documentos pendentes de entrega pelo cliente,,S
1509,9798556-59.2021.3.62.3110,11 de agosto de 2025,réplica,DRA. CAVALCANTE,juntada de documentos realizada,,0
1510,9970343-38.2020.5.18.4483,13 de junho de 2025,embargos de declaração,Dr. Barros,audiência marcada para 30/12/26,,
1511,4090182-95.2021.1.57.7189,2024-12-21,agravo regimental,Dr. Melo,juntada de documentos realizada,,
1512,1095980-10.2020.7.77.8313,30 de outubro de 2022,habilitação,Dr. Barros,diligência externa necessária,31 de julho de 2026,sim
1513,2884639-86.2023.2.31.8737,2023-03-20,contestação,Dra Fontes,juntada de documentos realizada,,N
1514,5867457-18.2023.9.16.7298,5 de outubro de 2021,petição inicial,Dra. Fontes,,,sim
1515,7862554-22.2024.7.83.6459,02/07/2021,intimação,Dr. Melo,prazo para recurso: 26 dias úteis a contar da intimação,,0
1516,1784068-27.2021.3.12.2538,2024-09-02,sentença,Dr. Barros,prazo para recurso: 14 dias úteis a contar da intimação,,0
1517,7916680-90.2022.1.67.1785,2025-09-28,laudo pericial,Dra Fontes,aguardando manifestação da parte contrária,15/01/2026,N
1518,1784068-27.2021.3.12.2538,23/10/2023,agravo regimental,Dra Fontes,prazo para recurso: 25 dias úteis a contar da intimação,15 de abril de 2026,0
1519,8097721-13.2023.1.47.8354,11/04/2021,agravo regimental,dr. melo,audiência marcada para 25 de abril de 2026,,0
1520,3821719-15.2025.2.86.2518,19 de dezembro de 2022,laudo pericial,dr. melo,documentos pendentes de entrega pelo cliente,,0
1521,2753004-76.2021.8.83.9874,2025-07-24,audiência de instrução,Dra. Fontes,,18/11/26,0
1522,3734843-61.2021.3.94.2954,12/08/22,citação,Dr. Barros,aguardando manifestação da parte contrária,,N
1523,1311508-84.2020.3.38.8512,05/10/20,citação,Dra. Fontes,audiência marcada para 11 de junho de 2026,,não
1524,2316290-44.2022.7.34.5190,02/10/2021,despacho,dr. melo,documentos pendentes de entrega pelo cliente,,não
1525,3585301-47.2021.7.73.3469,30/12/2022,laudo pericial,Dr. Melo,,,S
1526,9686751-57.2022.7.62.3494,2025-11-17,recurso de apelação,Dr. Melo,documentos pendentes de entrega pelo cliente,10/06/2026,S
1527,1833330-93.2025.8.61.3405,1 de novembro de 2022,contestação,Dra. Cavalcante,audiência marcada para 12/09/26,,N
1528,2100417-68.2021.7.29.9662,2022-03-19,recurso de apelação,dr. melo,diligência externa necessária,,0
1529,7236875-79.2024.7.97.5566,24/04/26,agravo regimental,Dr. Barros,juntada de documentos realizada,,1
1530,4433355-55.2023.8.48.9346,2024-07-05,despacho,DRA. CAVALCANTE,,06/05/26,S
1531,5144296-22.2022.4.87.9648,2020-04-03,contestação,Dr. Barros,audiência marcada para 2026-11-23,,não
1532,6686912-30.2025.4.68.7078,06/01/2026,intimação,Dr. Barros,,,sim
1533,1353022-94.2023.9.79.1203,21 de setembro de 2025,citação,DRA. CAVALCANTE,audiência marcada para 27/09/26,2026-06-15,S
1534,6368709-92.2024.7.99.9426,20 de novembro de 2021,réplica,Dr. Barros,,,1
1535,7941836-76.2025.4.34.6543,11/11/2025,citação,dr. melo,,2026-06-05,não
1536,2118934-75.2023.5.97.9563,2023-10-16,laudo pericial,Dr. Barros,documentos pendentes de entrega pelo cliente,,não
1537,4092125-65.2025.3.26.9073,2025-05-10,laudo pericial,Dra. Cavalcante,,,sim
1538,3260101-88.2022.8.37.9169,30/04/22,citação,dr. melo,prazo para recurso: 30 dias úteis a contar da intimação,,não
1539,9425559-65.2022.6.99.1309,2025-05-02,sentença,Dra. Fontes,aguardando manifestação da parte contrária,,S
1540,5451988-41.2020.2.82.4041,03/10/20,habilitação,Dra Fontes,diligência externa necessária,09/06/2026,N
1541,8129073-22.2024.4.16.9656,2025-01-10,agravo regimental,Dr. Melo,Prazo fatal: 26/11/2026,,
1542,8574876-96.2020.7.97.4673,25 de fevereiro de 2025,agravo regimental,Dr. Barros,juntada de documentos realizada,,
1543,7722274-26.2024.9.14.7062,2025-01-26,agravo regimental,Dra. Fontes,prazo para recurso: 25 dias úteis a contar da intimação,,1
1544,6927716-18.2022.9.56.1445,10/03/22,agravo regimental,Dra. Fontes,audiência marcada para 13/11/2026,,N
1545,5214684-96.2020.6.84.9986,13/07/2023,contestação,Dra Fontes,juntada de documentos realizada,,sim
1546,2909764-51.2025.7.78.2223,2022-06-21,memoriais,Dr. Barros,juntada de documentos realizada,,N
1547,5112941-62.2021.1.89.5887,24 de agosto de 2024,recurso de apelação,Dra. Cavalcante,diligência externa necessária,,S
1548,5159882-37.2022.9.71.7550,2 de junho de 2021,habilitação,Dra Fontes,juntada de documentos realizada,,1
1549,3395583-64.2024.4.41.2181,14/03/26,agravo regimental,Dr. Barros,prazo para recurso: 23 dias úteis a contar da intimação,,sim
1550,1628717-84.2025.8.67.8313,2022-12-01,intimação,Dr. Barros,Prazo fatal: 05/09/26,2026-10-05,sim
1551,4452862-76.2021.3.27.3238,2019-12-19,embargos de declaração,Dr. Barros,juntada de documentos realizada,,sim
1552,7999133-20.2023.7.26.1121,12 de agosto de 2022,réplica,Dra Fontes,documentos pendentes de entrega pelo cliente,1 de julho de 2026,0
1553,9110060-16.2025.2.29.4716,17/03/20,embargos de declaração,Dra. Fontes,,,
1554,5492622-29.2021.9.92.7737,2020-05-21,réplica,Dra. Fontes,juntada de documentos realizada,,não
1555,7320713-89.2022.3.68.7881,2019-06-13,acordo extrajudicial,Dr. Barros,prazo para recurso: 24 dias úteis a contar da intimação,,N
1556,5050722-10.2024.8.29.4298,2024-06-22,audiência de instrução,Dr. Barros,,,
1557,2316290-44.2022.7.34.5190,19/04/21,sentença,Dra Fontes,diligência externa necessária,18/01/2026,0
1558,3168718-77.2025.2.92.8027,2019-11-20,audiência de instrução,Dra. Cavalcante,,,não
1559,9319285-35.2025.3.19.9131,17/06/23,memoriais,Dr. Barros,aguardando manifestação da parte contrária,,0
1560,8539686-69.2023.4.36.2235,3 de abril de 2025,acordo extrajudicial,Dr. Barros,audiência marcada para 14/08/26,22/02/26,N
1561,1614850-25.2020.8.85.3161,13/09/2020,despacho,Dr. Barros,Prazo fatal: 08/02/2026,,não
1562,4090182-95.2021.1.57.7189,04/12/2020,contestação,Dra. Cavalcante,,,
1563,3168718-77.2025.2.92.8027,2023-06-18,recurso de apelação,Dr. Melo,diligência externa necessária,,1
1564,5853247-29.2020.7.62.8870,06/08/21,agravo regimental,dr. melo,Prazo fatal: 18/04/26,,0
1565,7848147-32.2021.6.58.3528,21/11/2022,sentença,dr. melo,documentos pendentes de entrega pelo cliente,11/09/26,não
1566,5853247-29.2020.7.62.8870,22 de setembro de 2022,audiência de instrução,DRA. CAVALCANTE,aguardando manifestação da parte contrária,11 de março de 2026,N
1567,1964519-55.2020.7.58.6781,19/09/2021,laudo pericial,Dr. Melo,documentos pendentes de entrega pelo cliente,23/08/2026,não
1568,8590346-68.2020.7.63.7780,30/06/2020,sentença,Dr. Barros,diligência externa necessária,2026-10-03,sim
1569,3496733-55.2020.2.43.8503,3 de setembro de 2019,réplica,Dra. Fontes,,28/04/2026,0
1570,4460247-99.2024.9.97.4840,16/03/2020,acordo extrajudicial,DRA. CAVALCANTE,,,
1571,5953905-94.2022.5.44.3245,29/12/25,petição inicial,dr. melo,audiência marcada para 06/03/26,,não
1572,3306375-34.2024.9.48.9154,2024-10-19,audiência de instrução,Dr. Barros,Prazo fatal: 15/07/2026,21 de dezembro de 2026,0
1573,5625093-80.2022.9.16.6618,29 de julho de 2025,agravo regimental,Dr. Barros,aguardando manifestação da parte contrária,11/02/2026,1
1574,9666878-83.2023.6.29.9905,22/05/20,agravo regimental,Dr. Melo,aguardando manifestação da parte contrária,2026-04-05,1
1575,8749473-21.2020.4.12.9144,20 de janeiro de 2021,petição inicial,Dr. Melo,Prazo fatal: 20 de novembro de 2026,11/11/2026,S
1576,9824532-76.2023.6.37.2040,18 de julho de 2025,acordo extrajudicial,DRA. CAVALCANTE,prazo para recurso: 11 dias úteis a contar da intimação,,1
1577,2186433-37.2022.2.12.4344,28/01/19,réplica,dr. melo,,,0
1578,3505690-87.2020.8.52.6260,24 de fevereiro de 2026,citação,DRA. CAVALCANTE,prazo para recurso: 8 dias úteis a contar da intimação,30/11/26,S
1579,5660649-86.2020.5.86.9291,2025-07-20,sentença,dr. melo,prazo para recurso: 10 dias úteis a contar da intimação,,
1580,1116024-57.2025.8.16.4043,25/08/23,intimação,Dra. Cavalcante,prazo para recurso: 7 dias úteis a contar da intimação,,não
1581,3922248-27.2025.1.42.4047,2022-04-17,memoriais,DRA. CAVALCANTE,diligência externa necessária,2026-08-29,N
1582,9168044-67.2022.1.26.3054,2023-10-28,memoriais,Dra. Fontes,audiência marcada para 16/06/2026,18 de outubro de 2026,1
1583,1116024-57.2025.8.16.4043,2024-10-22,habilitação,Dr. Barros,prazo para recurso: 26 dias úteis a contar da intimação,,não
1584,2411026-52.2022.6.26.7373,9 de março de 2020,réplica,Dra. Fontes,juntada de documentos realizada,,0
1585,4299848-20.2023.2.47.7396,6 de fevereiro de 2025,agravo regimental,Dr. Barros,Prazo fatal: 2026-11-23,,sim
1586,1742202-63.2023.6.68.9372,25 de agosto de 2020,sentença,Dra Fontes,aguardando manifestação da parte contrária,,S
1587,5625093-80.2022.9.16.6618,2025-01-24,recurso de apelação,Dra Fontes,aguardando manifestação da parte contrária,,
1588,8323566-47.2021.3.26.4644,2 de junho de 2021,citação,Dra. Cavalcante,prazo para recurso: 19 dias úteis a contar da intimação,,
1589,1966014-66.2022.7.82.2137,2024-04-06,citação,Dr. Barros,documentos pendentes de entrega pelo cliente,16 de outubro de 2026,não
1590,1095980-10.2020.7.77.8313,2023-01-29,despacho,Dra Fontes,,,
1591,8886588-26.2020.9.65.6361,15/05/22,audiência de instrução,dr. melo,prazo para recurso: 6 dias úteis a contar da intimação,,0
1592,8986773-71.2022.6.45.5854,12/12/2023,memoriais,Dra Fontes,,,1
1593,7599278-46.2021.4.96.3535,13 de novembro de 2023,réplica,dr. melo,documentos pendentes de entrega pelo cliente,2026-12-09,sim
1594,2294596-63.2020.6.38.9193,06/10/22,embargos de declaração,Dr. Barros,,2 de setembro de 2026,1
1595,4092125-65.2025.3.26.9073,22/01/2025,despacho,Dr. Barros,prazo para recurso: 24 dias úteis a contar da intimação,,não
1596,7640585-40.2023.1.57.1721,11 de fevereiro de 2022,intimação,Dra Fontes,juntada de documentos realizada,,1
1597,1024421-54.2022.9.20.2563,22 de março de 2026,recurso de apelação,DRA. CAVALCANTE,aguardando manifestação da parte contrária,,1
1598,9774395-92.2023.2.75.3192,29/04/2019,contestação,DRA. CAVALCANTE,,,N
1599,6018860-77.2022.1.94.1315,2025-12-05,audiência de instrução,Dra. Cavalcante,Prazo fatal: 21/04/2026,2026-09-05,sim
1600,8323566-47.2021.3.26.4644,2020-08-28,acordo extrajudicial,Dra. Fontes,aguardando manifestação da parte contrária,,1
1601,7236875-79.2024.7.97.5566,2020-12-30,memoriais,Dr. Melo,audiência marcada para 22 de junho de 2026,,S
1602,4938178-62.2020.7.27.6072,2022-10-18,agravo regimental,Dr. Barros,Prazo fatal: 27/11/2026,2026-08-11,não
1603,4180949-86.2020.3.26.7593,2024-10-24,memoriais,Dra. Fontes,prazo para recurso: 5 dias úteis a contar da intimação,,não
1604,3679963-72.2020.9.29.7859,20/07/24,agravo regimental,Dr. Barros,aguardando manifestação da parte contrária,,
1605,1964519-55.2020.7.58.6781,2022-02-03,agravo regimental,Dra Fontes,diligência externa necessária,06/11/2026,sim
1606,3401866-56.2021.1.87.5297,2023-03-08,acordo extrajudicial,DRA. CAVALCANTE,diligência externa necessária,,S
1607,9573194-21.2022.1.35.8352,13 de agosto de 2020,petição inicial,DRA. CAVALCANTE,aguardando manifestação da parte contrária,09/03/2026,não
1608,9636371-69.2025.8.67.4068,6 de setembro de 2025,sentença,DRA. CAVALCANTE,aguardando manifestação da parte contrária,,sim
1609,7222167-30.2022.8.44.7452,2023-04-12,embargos de declaração,DRA. CAVALCANTE,prazo para recurso: 19 dias úteis a contar da intimação,06/06/2026,0
1610,8714773-70.2022.9.65.8541,28 de agosto de 2020,acordo extrajudicial,Dr. Melo,prazo para recurso: 10 dias úteis a contar da intimação,,não
1611,4824419-32.2024.5.47.3265,09/11/2019,citação,Dr. Barros,diligência externa necessária,,N
1612,2231929-89.2024.6.41.5461,31/03/2020,habilitação,Dra. Fontes,juntada de documentos realizada,26/01/26,sim
1613,3754895-37.2021.6.18.8502,2020-06-06,agravo regimental,Dr. Barros,,,S
1614,3588109-63.2023.1.26.4223,2023-08-07,contestação,Dra Fontes,documentos pendentes de entrega pelo cliente,15/03/26,
1615,1346701-74.2024.1.65.8985,18 de novembro de 2023,memoriais,Dra Fontes,diligência externa necessária,,sim
1616,9798556-59.2021.3.62.3110,2021-06-27,recurso de apelação,Dra. Fontes,juntada de documentos realizada,26/01/2026,sim
1617,8749473-21.2020.4.12.9144,2025-06-25,despacho,Dra. Fontes,prazo para recurso: 18 dias úteis a contar da intimação,03/04/2026,
1618,3464073-25.2022.8.73.5075,21 de março de 2025,sentença,DRA. CAVALCANTE,Prazo fatal: 28 de janeiro de 2026,21 de dezembro de 2026,1
1619,4433355-55.2023.8.48.9346,04/03/2024,audiência de instrução,Dra. Cavalcante,,22 de janeiro de 2026,0
1620,6034606-21.2023.6.18.6684,25 de fevereiro de 2021,acordo extrajudicial,Dra. Fontes,documentos pendentes de entrega pelo cliente,,1
1621,2100417-68.2021.7.29.9662,16/05/21,audiência de instrução,Dra Fontes,juntada de documentos realizada,14/03/26,0
1622,3734843-61.2021.3.94.2954,03/08/20,citação,dr. melo,Prazo fatal: 09/03/26,,0
1623,2675642-32.2022.8.65.5499,28 de abril de 2025,recurso de apelação,Dr. Melo,juntada de documentos realizada,,S
1624,8286828-70.2022.9.31.8012,12/01/21,memoriais,DRA. CAVALCANTE,diligência externa necessária,,0
1625,4865461-96.2025.2.64.9143,25/05/22,intimação,Dr. Barros,aguardando manifestação da parte contrária,,
1626,3785792-10.2020.5.78.7940,02/02/2023,habilitação,Dr. Melo,,,N
1627,7553290-31.2023.9.36.9282,20/10/2024,habilitação,dr. melo,documentos pendentes de entrega pelo cliente,18/07/26,1
1628,7065068-16.2021.7.14.6489,24/12/22,habilitação,Dr. Barros,aguardando manifestação da parte contrária,,N
1629,3168718-77.2025.2.92.8027,5 de junho de 2021,sentença,Dra. Fontes,audiência marcada para 6 de outubro de 2026,,1
1630,5210656-44.2021.1.39.2474,2025-03-21,agravo regimental,Dra. Fontes,aguardando manifestação da parte contrária,,0
1631,6075721-43.2020.9.85.8738,2025-02-07,memoriais,DRA. CAVALCANTE,diligência externa necessária,,
1632,5733649-38.2020.2.35.3379,10/05/2025,laudo pericial,DRA. CAVALCANTE,Prazo fatal: 12/03/26,2026-12-27,sim
1633,4326518-76.2023.4.36.8530,10 de março de 2026,citação,DRA. CAVALCANTE,,,0
1634,8678370-92.2025.7.35.9962,12 de agosto de 2023,laudo pericial,dr. melo,prazo para recurso: 28 dias úteis a contar da intimação,28 de junho de 2026,S
1635,1615190-23.2022.2.42.6238,07/08/22,petição inicial,Dr. Barros,Prazo fatal: 20/01/2026,,
1636,9319285-35.2025.3.19.9131,23/12/20,contestação,Dra Fontes,documentos pendentes de entrega pelo cliente,,0
1637,6694761-39.2022.1.10.2199,23/02/26,sentença,Dra. Cavalcante,,,1
1638,2328070-99.2024.8.57.5561,2023-03-21,intimação,Dra. Cavalcante,prazo para recurso: 19 dias úteis a contar da intimação,,sim
1639,3401866-56.2021.1.87.5297,17 de junho de 2025,despacho,dr. melo,prazo para recurso: 24 dias úteis a contar da intimação,,S
1640,5755257-93.2020.8.44.2882,2021-02-01,citação,dr. melo,prazo para recurso: 15 dias úteis a contar da intimação,2026-03-07,S
1641,5266269-78.2021.7.59.1392,16 de julho de 2020,habilitação,DRA. CAVALCANTE,audiência marcada para 15/12/2026,,não
1642,8157599-64.2024.2.89.5276,2023-08-06,petição inicial,Dr. Barros,documentos pendentes de entrega pelo cliente,2026-07-31,
1643,5700249-43.2020.5.57.9341,2023-03-24,intimação,Dr. Barros,Prazo fatal: 08/01/26,,não
1644,9252661-70.2020.1.46.1185,16/03/24,sentença,Dr. Barros,diligência externa necessária,11/07/2026,1
1645,7951127-89.2024.1.63.3502,7 de setembro de 2023,agravo regimental,DRA. CAVALCANTE,audiência marcada para 2026-12-02,,
1646,8062805-72.2022.1.22.8771,14/08/25,citação,Dr. Barros,Prazo fatal: 2026-03-14,,0
1647,7141324-67.2025.3.86.3413,2020-04-15,agravo regimental,Dra. Cavalcante,diligência externa necessária,,não
1648,7848147-32.2021.6.58.3528,14 de abril de 2020,contestação,Dra. Fontes,documentos pendentes de entrega pelo cliente,,0
1649,3710559-31.2020.9.95.2540,14/04/23,petição inicial,Dra. Cavalcante,documentos pendentes de entrega pelo cliente,,
1650,3168718-77.2025.2.92.8027,06/09/22,embargos de declaração,Dr. Barros,juntada de documentos realizada,27 de novembro de 2026,S
1651,8886588-26.2020.9.65.6361,2024-09-05,despacho,Dr. Barros,Prazo fatal: 01/10/2026,2026-10-07,1
1652,4417916-40.2022.7.26.4278,05/07/24,intimação,Dr. Barros,audiência marcada para 2026-09-19,,não
1653,1633270-27.2024.2.52.7034,22/11/2022,sentença,Dra. Fontes,documentos pendentes de entrega pelo cliente,2026-01-17,N
1654,8714773-70.2022.9.65.8541,01/06/24,réplica,Dra. Cavalcante,audiência marcada para 2026-06-18,,S
1655,2658962-39.2022.5.95.8856,16/07/2024,despacho,Dr. Melo,prazo para recurso: 10 dias úteis a contar da intimação,,sim
1656,5074974-98.2023.8.21.9881,2025-04-18,despacho,Dr. Barros,Prazo fatal: 2026-01-28,,S
1657,7065068-16.2021.7.14.6489,05/05/2020,sentença,Dra. Cavalcante,juntada de documentos realizada,,S
1658,7724543-49.2023.9.44.7412,25/05/24,sentença,Dr. Barros,documentos pendentes de entrega pelo cliente,,1
1659,5850223-43.2020.3.81.3185,11 de junho de 2021,embargos de declaração,Dra Fontes,juntada de documentos realizada,,sim
1660,7320713-89.2022.3.68.7881,04/10/2025,contestação,Dra Fontes,diligência externa necessária,,N
1661,7862554-22.2024.7.83.6459,01/01/2024,petição inicial,Dr. Barros,aguardando manifestação da parte contrária,,S
1662,4084503-92.2025.8.90.5515,08/09/2025,memoriais,Dr. Barros,audiência marcada para 05/04/2026,2026-04-11,N
1663,7136189-41.2024.2.60.1768,2024-02-17,réplica,Dr. Barros,prazo para recurso: 8 dias úteis a contar da intimação,,0
1664,4961530-22.2021.4.22.6290,17/04/2025,laudo pericial,Dr. Melo,,,não
1665,4092125-65.2025.3.26.9073,08/02/2026,contestação,Dr. Barros,,,
1666,4824419-32.2024.5.47.3265,28/01/21,contestação,dr. melo,,15/04/2026,1
1667,7840442-26.2025.9.53.5093,26/04/23,petição inicial,Dra. Cavalcante,prazo para recurso: 22 dias úteis a contar da intimação,01/09/26,N
1668,2341370-92.2024.9.60.8122,08/09/20,audiência de instrução,Dr. Barros,audiência marcada para 30/06/26,08/04/2026,sim
1669,6384831-67.2022.5.89.7429,07/07/2025,réplica,Dra. Fontes,diligência externa necessária,,S
1670,8936104-83.2022.1.39.7934,24 de março de 2023,agravo regimental,Dr. Barros,juntada de documentos realizada,22/08/2026,
1671,1098476-20.2021.1.47.3336,2025-04-27,acordo extrajudicial,Dr. Barros,diligência externa necessária,,não
1672,4384627-80.2021.2.13.1061,25 de dezembro de 2025,réplica,Dra. Cavalcante,Prazo fatal: 17/09/2026,,S
1673,7398699-88.2025.6.55.3587,24/12/24,memoriais,Dra Fontes,audiência marcada para 05/09/26,,sim
1674,4092125-65.2025.3.26.9073,04/10/2021,réplica,dr. melo,,,não
1675,3785792-10.2020.5.78.7940,2019-04-10,acordo extrajudicial,Dr. Barros,Prazo fatal: 22/09/2026,,N
1676,4064382-39.2022.4.13.8937,11 de março de 2023,petição inicial,Dr. Melo,Prazo fatal: 06/02/26,,não
1677,6404948-40.2021.7.68.7161,2024-02-01,petição inicial,Dra. Fontes,audiência marcada para 28/04/2026,15/09/2026,não
1678,4824419-32.2024.5.47.3265,17/04/2023,acordo extrajudicial,Dra Fontes,diligência externa necessária,,
1679,4874996-38.2022.9.94.8154,20/11/2024,audiência de instrução,Dra Fontes,Prazo fatal: 12/04/26,,não
1680,1931030-34.2024.8.48.5319,2024-04-09,contestação,dr. melo,juntada de documentos realizada,,1
1681,6036037-32.2025.3.53.7515,05/02/2022,intimação,dr. melo,juntada de documentos realizada,03/09/26,N
1682,1667591-67.2025.4.69.9424,22/03/26,sentença,Dra Fontes,aguardando manifestação da parte contrária,,sim
1683,9804642-71.2024.4.76.5486,16/02/25,recurso de apelação,dr. melo,juntada de documentos realizada,,0
1684,7245951-43.2021.4.11.7623,21 de outubro de 2020,memoriais,Dr. Melo,aguardando manifestação da parte contrária,,sim
1685,3588109-63.2023.1.26.4223,17/04/22,agravo regimental,Dr. Barros,aguardando manifestação da parte contrária,2026-01-09,
1686,3975387-89.2023.4.55.7631,2020-03-29,embargos de declaração,Dr. Barros,prazo para recurso: 10 dias úteis a contar da intimação,,1
1687,4326518-76.2023.4.36.8530,2022-03-25,intimação,DRA. CAVALCANTE,audiência marcada para 11/06/26,,S
1688,5472823-70.2022.4.41.7624,17/05/2024,agravo regimental,Dr. Barros,Prazo fatal: 17/01/26,,sim
1689,5492622-29.2021.9.92.7737,06/06/22,laudo pericial,Dra. Cavalcante,prazo para recurso: 16 dias úteis a contar da intimação,24/08/26,1
1690,2632721-15.2024.7.90.9593,2025-07-15,despacho,DRA. CAVALCANTE,juntada de documentos realizada,2026-11-05,N
1691,9076234-78.2023.3.90.2702,2019-09-08,despacho,DRA. CAVALCANTE,Prazo fatal: 2026-08-21,2026-08-03,N
1692,7813974-60.2021.1.81.1542,2019-08-09,citação,Dr. Melo,Prazo fatal: 01/04/26,,1
1693,6416661-36.2021.8.21.8496,27/03/2020,audiência de instrução,Dra. Cavalcante,prazo para recurso: 29 dias úteis a contar da intimação,,sim
1694,2519059-58.2022.7.86.4385,20 de novembro de 2022,petição inicial,Dr. Barros,diligência externa necessária,,S
1695,4131852-60.2020.1.89.9739,27/05/22,intimação,dr. melo,,26/02/2026,
1696,2316290-44.2022.7.34.5190,2025-05-28,agravo regimental,Dra. Fontes,documentos pendentes de entrega pelo cliente,,S
1697,1833330-93.2025.8.61.3405,14/09/2024,embargos de declaração,Dra. Cavalcante,prazo para recurso: 10 dias úteis a contar da intimação,,S
1698,5239450-56.2022.7.99.2371,16/08/2024,recurso de apelação,DRA. CAVALCANTE,,20 de março de 2026,0
1699,1024421-54.2022.9.20.2563,10 de maio de 2023,audiência de instrução,Dr. Barros,diligência externa necessária,,não
1700,7820540-78.2023.1.75.4823,31/07/22,despacho,DRA. CAVALCANTE,juntada de documentos realizada,,sim
1701,1633270-27.2024.2.52.7034,2019-07-31,habilitação,Dra Fontes,Prazo fatal: 2026-04-01,07/11/2026,N
1702,6528202-89.2025.3.17.9496,10/12/24,acordo extrajudicial,dr. melo,audiência marcada para 09/04/26,,sim
1703,1628717-84.2025.8.67.8313,8 de agosto de 2019,audiência de instrução,Dr. Barros,audiência marcada para 04/06/26,,1
1704,1667591-67.2025.4.69.9424,19/07/2019,intimação,Dra. Fontes,documentos pendentes de entrega pelo cliente,2026-05-07,não
1705,4417916-40.2022.7.26.4278,14/08/23,laudo pericial,Dr. Barros,Prazo fatal: 01/01/26,,S
1706,7243958-65.2020.5.25.5047,25 de outubro de 2021,sentença,DRA. CAVALCANTE,aguardando manifestação da parte contrária,,1
1707,5217157-98.2020.2.64.4094,10/05/22,memoriais,DRA. CAVALCANTE,,,sim
1708,8843195-99.2024.6.39.2836,25 de maio de 2019,réplica,Dra. Cavalcante,audiência marcada para 21/11/26,,S
1709,7999133-20.2023.7.26.1121,27/06/24,sentença,Dra. Cavalcante,audiência marcada para 28/08/26,,1
1710,8588997-88.2020.6.29.5987,2023-01-04,embargos de declaração,Dra. Cavalcante,aguardando manifestação da parte contrária,,não
1711,9062552-47.2024.4.22.8265,24/08/2024,audiência de instrução,Dr. Barros,prazo para recurso: 19 dias úteis a contar da intimação,,0
1712,7320713-89.2022.3.68.7881,06/09/2022,embargos de declaração,Dra Fontes,documentos pendentes de entrega pelo cliente,,S
1713,1887163-62.2025.9.93.1037,06/12/2023,embargos de declaração,Dra Fontes,diligência externa necessária,,
1714,6368709-92.2024.7.99.9426,17 de janeiro de 2021,sentença,Dr. Barros,prazo para recurso: 28 dias úteis a contar da intimação,20/04/2026,sim
1715,6528202-89.2025.3.17.9496,12/01/25,citação,Dra. Cavalcante,prazo para recurso: 18 dias úteis a contar da intimação,,não
1716,5159219-49.2023.5.25.3676,24/10/2024,réplica,Dra. Fontes,diligência externa necessária,,S
1717,5472823-70.2022.4.41.7624,28 de março de 2026,citação,Dra Fontes,documentos pendentes de entrega pelo cliente,,
1718,4601686-30.2021.5.52.7745,05/03/26,acordo extrajudicial,Dr. Barros,aguardando manifestação da parte contrária,,N
1719,7948577-74.2025.1.60.7583,14 de março de 2020,sentença,Dra. Fontes,audiência marcada para 02/08/26,12 de fevereiro de 2026,1
1720,3734843-61.2021.3.94.2954,2026-02-28,memoriais,dr. melo,Prazo fatal: 30 de janeiro de 2026,8 de julho de 2026,1
1721,5638123-23.2024.7.30.5009,2021-07-21,petição inicial,Dr. Barros,,,S
1722,5210656-44.2021.1.39.2474,2025-07-20,despacho,Dr. Barros,Prazo fatal: 21/11/2026,,não
1723,8843195-99.2024.6.39.2836,2019-03-01,memoriais,Dr. Barros,Prazo fatal: 17 de março de 2026,,S
1724,1869144-23.2023.5.84.3325,2019-08-21,embargos de declaração,dr. melo,Prazo fatal: 13/04/2026,,0
1725,1013314-48.2023.4.39.2083,01/09/24,citação,DRA. CAVALCANTE,audiência marcada para 26/07/2026,01/03/26,N
1726,5732779-86.2025.4.28.7831,02/09/2024,citação,Dr. Melo,documentos pendentes de entrega pelo cliente,,1
1727,2019436-32.2020.6.16.9856,03/08/2021,acordo extrajudicial,dr. melo,Prazo fatal: 27/08/2026,,1
1728,1099617-37.2023.9.61.1793,21 de abril de 2022,acordo extrajudicial,DRA. CAVALCANTE,Prazo fatal: 2026-07-08,,S
1729,1183693-37.2024.1.85.2937,07/07/2020,citação,Dra. Cavalcante,aguardando manifestação da parte contrária,2026-03-13,sim
1730,4568537-97.2021.4.82.7633,14/09/2020,memoriais,dr. melo,documentos pendentes de entrega pelo cliente,,não
1731,8749473-21.2020.4.12.9144,28/01/2023,embargos de declaração,DRA. CAVALCANTE,juntada de documentos realizada,26/10/26,
1732,5144296-22.2022.4.87.9648,19 de novembro de 2020,acordo extrajudicial,DRA. CAVALCANTE,,,1
1733,5074974-98.2023.8.21.9881,2024-11-09,despacho,Dr. Barros,prazo para recurso: 30 dias úteis a contar da intimação,,não
1734,6003915-30.2025.6.37.7681,22/10/2022,réplica,Dr. Barros,aguardando manifestação da parte contrária,,S
1735,1272937-41.2023.5.75.9958,2025-06-07,embargos de declaração,Dr. Melo,Prazo fatal: 10/02/2026,,N
1736,1353022-94.2023.9.79.1203,11/09/2022,agravo regimental,Dra Fontes,,13/05/2026,S
1737,1778149-24.2023.1.86.3557,20 de setembro de 2020,memoriais,dr. melo,,06/01/2026,0
1738,9810112-12.2021.1.97.8847,07/05/2024,audiência de instrução,Dr. Melo,audiência marcada para 30 de maio de 2026,2026-01-10,1
1739,6334947-38.2020.4.71.6173,20/12/2024,embargos de declaração,Dra. Fontes,aguardando manifestação da parte contrária,,sim
1740,9408522-77.2021.3.36.8376,01/06/25,audiência de instrução,Dra. Fontes,audiência marcada para 30/07/2026,,
1741,4568537-97.2021.4.82.7633,2021-10-16,habilitação,Dr. Barros,juntada de documentos realizada,,N
1742,8905709-90.2020.9.55.2471,2022-03-20,memoriais,Dra. Fontes,,19/01/26,
1743,8714773-70.2022.9.65.8541,2022-08-30,embargos de declaração,Dra. Fontes,documentos pendentes de entrega pelo cliente,,N
1744,9252661-70.2020.1.46.1185,09/04/26,contestação,Dr. Melo,documentos pendentes de entrega pelo cliente,,S
1745,8630644-97.2025.3.28.1296,11/02/2026,despacho,Dra Fontes,prazo para recurso: 22 dias úteis a contar da intimação,,0
1746,7245951-43.2021.4.11.7623,26 de junho de 2021,agravo regimental,Dr. Barros,Prazo fatal: 2026-11-02,12/03/2026,
1747,5638123-23.2024.7.30.5009,20/12/25,agravo regimental,Dra Fontes,documentos pendentes de entrega pelo cliente,24/09/26,sim
1748,9822459-92.2024.8.17.6403,01/10/2022,réplica,Dra. Cavalcante,documentos pendentes de entrega pelo cliente,,sim
1749,2842764-33.2025.7.99.7279,15/01/21,memoriais,Dra Fontes,,,não
1750,6260319-38.2024.8.96.1114,2024-02-11,intimação,Dra. Fontes,documentos pendentes de entrega pelo cliente,14/06/2026,não
1751,9992831-61.2022.4.35.1469,26/03/20,acordo extrajudicial,dr. melo,audiência marcada para 10/04/26,,
1752,1664676-19.2021.8.64.4616,2021-06-27,agravo regimental,Dr. Barros,diligência externa necessária,,não
1753,4084503-92.2025.8.90.5515,27/09/2025,citação,dr. melo,juntada de documentos realizada,,não
1754,5074974-98.2023.8.21.9881,5 de fevereiro de 2025,acordo extrajudicial,Dra. Fontes,prazo para recurso: 14 dias úteis a contar da intimação,16 de agosto de 2026,0
1755,4568537-97.2021.4.82.7633,11/06/2025,intimação,DRA. CAVALCANTE,aguardando manifestação da parte contrária,,sim
1756,9168044-67.2022.1.26.3054,6 de outubro de 2020,recurso de apelação,Dra Fontes,juntada de documentos realizada,,1
1757,9086174-80.2025.1.81.3292,25/06/21,contestação,Dra Fontes,documentos pendentes de entrega pelo cliente,,0
1758,8986773-71.2022.6.45.5854,2024-07-08,laudo pericial,Dra Fontes,audiência marcada para 22/04/2026,04/06/2026,não
1759,2461262-96.2021.6.48.1315,14/10/25,petição inicial,Dra Fontes,documentos pendentes de entrega pelo cliente,,não
1760,5472823-70.2022.4.41.7624,10/10/19,recurso de apelação,Dr. Melo,audiência marcada para 25 de junho de 2026,,N
1761,6425355-10.2021.6.53.2041,05/07/2024,despacho,Dra. Fontes,documentos pendentes de entrega pelo cliente,,0
1762,3260101-88.2022.8.37.9169,23 de janeiro de 2025,despacho,Dra. Cavalcante,juntada de documentos realizada,2026-07-26,não
1763,2316290-44.2022.7.34.5190,5 de dezembro de 2024,laudo pericial,Dr. Barros,juntada de documentos realizada,9 de agosto de 2026,não
1764,6686912-30.2025.4.68.7078,28/10/2020,audiência de instrução,Dr. Barros,diligência externa necessária,24/09/2026,sim
1765,8381610-96.2020.6.26.2533,2024-02-11,habilitação,dr. melo,prazo para recurso: 9 dias úteis a contar da intimação,,0
1766,9686751-57.2022.7.62.3494,2023-10-21,agravo regimental,Dra. Cavalcante,juntada de documentos realizada,,sim
1767,8843195-99.2024.6.39.2836,2 de janeiro de 2024,sentença,Dra Fontes,documentos pendentes de entrega pelo cliente,23 de julho de 2026,S
1768,1237577-83.2022.8.91.4649,2022-03-23,embargos de declaração,dr. melo,Prazo fatal: 24/08/2026,,
1769,4681694-71.2021.9.28.7350,06/01/2025,laudo pericial,dr. melo,audiência marcada para 01/04/2026,,
1770,5703772-88.2020.8.34.6114,23/06/21,acordo extrajudicial,DRA. CAVALCANTE,prazo para recurso: 5 dias úteis a contar da intimação,,S
1771,4092125-65.2025.3.26.9073,17/04/23,contestação,Dra Fontes,juntada de documentos realizada,31 de agosto de 2026,N
1772,1346701-74.2024.1.65.8985,11 de novembro de 2025,petição inicial,Dra Fontes,Prazo fatal: 28/12/2026,21 de maio de 2026,não
1773,5422047-80.2024.8.62.4364,2020-02-10,memoriais,Dr. Barros,prazo para recurso: 27 dias úteis a contar da intimação,30/07/2026,não
1774,9214397-26.2023.4.18.6844,2023-11-26,memoriais,DRA. CAVALCANTE,aguardando manifestação da parte contrária,31 de julho de 2026,0
1775,6038940-61.2024.4.64.6408,06/07/2024,acordo extrajudicial,Dr. Barros,documentos pendentes de entrega pelo cliente,,sim
1776,5853247-29.2020.7.62.8870,18/11/24,intimação,DRA. CAVALCANTE,Prazo fatal: 01/04/2026,,não
1777,7813974-60.2021.1.81.1542,09/07/20,recurso de apelação,dr. melo,,,1
1778,1273300-90.2024.2.80.7378,2025-01-08,intimação,dr. melo,aguardando manifestação da parte contrária,,N
1779,6254488-31.2024.9.48.3216,29 de dezembro de 2025,contestação,dr. melo,audiência marcada para 19/10/2026,,0
1780,5316105-58.2020.3.22.3571,19/07/20,audiência de instrução,Dr. Melo,,,sim
1781,1714231-74.2025.9.71.1697,2023-05-05,recurso de apelação,DRA. CAVALCANTE,audiência marcada para 2026-12-26,,N
1782,9824532-76.2023.6.37.2040,20 de agosto de 2021,recurso de apelação,Dra. Fontes,audiência marcada para 2026-06-10,,N
1783,4384627-80.2021.2.13.1061,2021-04-11,agravo regimental,DRA. CAVALCANTE,audiência marcada para 01/09/26,,0
1784,7553290-31.2023.9.36.9282,24/01/25,contestação,Dr. Barros,prazo para recurso: 30 dias úteis a contar da intimação,08/07/26,não
1785,9992831-61.2022.4.35.1469,2024-10-26,embargos de declaração,Dra Fontes,diligência externa necessária,2026-02-13,sim
1786,5401874-62.2025.2.46.8337,13/12/20,réplica,Dra. Fontes,documentos pendentes de entrega pelo cliente,,S
1787,6038940-61.2024.4.64.6408,29 de abril de 2023,despacho,Dr. Barros,documentos pendentes de entrega pelo cliente,25/03/26,S
1788,7136189-41.2024.2.60.1768,16/04/26,agravo regimental,Dra Fontes,documentos pendentes de entrega pelo cliente,,N
1789,7687292-20.2021.4.85.7539,2020-04-06,intimação,Dra. Fontes,diligência externa necessária,,S
1790,1742202-63.2023.6.68.9372,2021-04-29,embargos de declaração,dr. melo,prazo para recurso: 18 dias úteis a contar da intimação,05/06/2026,sim
1791,8381610-96.2020.6.26.2533,02/07/2025,acordo extrajudicial,Dr. Barros,aguardando manifestação da parte contrária,,0
1792,1346701-74.2024.1.65.8985,17/10/2023,despacho,Dra. Fontes,prazo para recurso: 13 dias úteis a contar da intimação,05/11/2026,N
1793,8415891-60.2021.6.92.5554,12 de setembro de 2023,intimação,Dra. Cavalcante,aguardando manifestação da parte contrária,,1
1794,6053412-12.2021.6.72.8346,2023-02-21,agravo regimental,Dra. Cavalcante,documentos pendentes de entrega pelo cliente,,1
1795,5401874-62.2025.2.46.8337,24 de março de 2025,audiência de instrução,Dr. Barros,,12/08/26,N
1796,5786762-52.2021.9.21.3037,2026-03-25,recurso de apelação,Dr. Barros,aguardando manifestação da parte contrária,,0
1797,2316290-44.2022.7.34.5190,18/08/2020,sentença,dr. melo,diligência externa necessária,,N
1798,7438163-48.2021.3.47.1186,02/06/2021,agravo regimental,Dr. Barros,diligência externa necessária,,
1799,4065326-72.2025.8.58.5304,2021-03-10,réplica,DRA. CAVALCANTE,aguardando manifestação da parte contrária,,S
1800,8125196-18.2023.1.53.1215,15/07/2021,petição inicial,Dra. Fontes,,28/09/2026,S
1801,3576390-15.2021.2.82.8209,2026-03-03,embargos de declaração,dr. melo,aguardando manifestação da parte contrária,2026-08-13,
1802,5035093-45.2021.1.27.3097,1 de fevereiro de 2021,intimação,dr. melo,,,sim
1803,9573194-21.2022.1.35.8352,25 de fevereiro de 2025,acordo extrajudicial,Dr. Barros,,,S
1804,7274275-74.2020.1.22.9780,05/02/23,petição inicial,Dr. Melo,diligência externa necessária,,N
1805,9666878-83.2023.6.29.9905,27 de abril de 2020,réplica,dr. melo,documentos pendentes de entrega pelo cliente,30/08/2026,não
1806,3054975-46.2023.4.85.5879,2024-02-26,habilitação,Dra. Cavalcante,documentos pendentes de entrega pelo cliente,06/12/2026,sim
1807,5700249-43.2020.5.57.9341,19 de julho de 2024,petição inicial,Dr. Barros,,,não
1808,8678370-92.2025.7.35.9962,14/12/2025,contestação,DRA. CAVALCANTE,,25/05/26,0
1809,1237577-83.2022.8.91.4649,2021-01-19,intimação,Dra. Cavalcante,diligência externa necessária,13 de novembro de 2026,sim
1810,2236315-26.2022.5.82.8939,2022-10-05,despacho,Dr. Barros,diligência externa necessária,,0
1811,9774395-92.2023.2.75.3192,2025-11-01,laudo pericial,dr. melo,,,1
1812,9060164-41.2020.5.36.2381,2023-04-09,memoriais,Dra Fontes,juntada de documentos realizada,2026-11-21,não
1813,4299848-20.2023.2.47.7396,12/10/24,despacho,dr. melo,Prazo fatal: 16/11/26,,1
1814,6053412-12.2021.6.72.8346,22/06/24,contestação,Dra Fontes,Prazo fatal: 15/12/2026,,S
1815,6935346-77.2024.3.52.9529,03/04/2021,acordo extrajudicial,Dra. Cavalcante,diligência externa necessária,21/09/2026,
1816,6011987-71.2020.8.10.4396,23/01/2019,sentença,Dr. Barros,diligência externa necessária,17/08/26,S
1817,2824928-33.2020.1.90.6467,2 de novembro de 2020,audiência de instrução,Dra. Cavalcante,aguardando manifestação da parte contrária,,
1818,6003915-30.2025.6.37.7681,25 de janeiro de 2026,embargos de declaração,dr. melo,aguardando manifestação da parte contrária,,0
1819,8816646-78.2020.7.70.9224,7 de setembro de 2024,petição inicial,Dr. Barros,diligência externa necessária,25 de maio de 2026,1
1820,9810112-12.2021.1.97.8847,17/04/2026,recurso de apelação,Dra. Cavalcante,aguardando manifestação da parte contrária,,0
1821,8183950-10.2021.5.84.9388,11 de janeiro de 2019,recurso de apelação,DRA. CAVALCANTE,documentos pendentes de entrega pelo cliente,27 de abril de 2026,
1822,8415891-60.2021.6.92.5554,13/01/2021,réplica,Dr. Barros,diligência externa necessária,30/03/26,
1823,3679963-72.2020.9.29.7859,18/01/2020,despacho,Dr. Barros,juntada de documentos realizada,21/12/2026,
1824,9953454-93.2020.2.52.5723,28/03/2024,contestação,Dr. Melo,documentos pendentes de entrega pelo cliente,27/05/2026,
1825,6160516-66.2024.5.17.7150,12 de julho de 2020,memoriais,Dr. Melo,juntada de documentos realizada,,
1826,5700249-43.2020.5.57.9341,2022-10-23,acordo extrajudicial,Dr. Barros,diligência externa necessária,,não
1827,3734843-61.2021.3.94.2954,12/01/2024,acordo extrajudicial,Dra. Fontes,diligência externa necessária,,S
1828,1024421-54.2022.9.20.2563,2020-05-17,réplica,Dr. Melo,diligência externa necessária,,S
1829,8986773-71.2022.6.45.5854,22/01/23,sentença,Dr. Barros,documentos pendentes de entrega pelo cliente,,sim
1830,3260101-88.2022.8.37.9169,26/06/21,despacho,Dr. Barros,,1 de julho de 2026,S
1831,2575202-50.2023.1.54.9627,29/12/21,audiência de instrução,Dra. Fontes,audiência marcada para 14/06/2026,20/12/26,sim
1832,5753123-52.2021.4.48.4042,2 de fevereiro de 2023,memoriais,Dra. Fontes,audiência marcada para 2026-11-02,,
1833,9835331-11.2022.6.15.8602,15 de setembro de 2023,despacho,Dra Fontes,,,N
1834,8381610-96.2020.6.26.2533,20/10/2021,petição inicial,Dra Fontes,juntada de documentos realizada,,0
1835,7633905-83.2022.9.95.2309,01/09/20,sentença,DRA. CAVALCANTE,juntada de documentos realizada,2026-08-27,0
1836,7813974-60.2021.1.81.1542,29/03/2020,memoriais,Dra Fontes,documentos pendentes de entrega pelo cliente,,1
1837,5966644-82.2023.4.88.9951,22/06/2020,agravo regimental,Dra. Cavalcante,,,S
1838,5788467-41.2023.8.93.8134,16/09/25,memoriais,Dr. Barros,documentos pendentes de entrega pelo cliente,10/05/26,sim
1839,4865461-96.2025.2.64.9143,30 de junho de 2024,réplica,Dr. Barros,documentos pendentes de entrega pelo cliente,,N
1840,4681694-71.2021.9.28.7350,2025-11-15,habilitação,Dra. Fontes,diligência externa necessária,,0
1841,4938178-62.2020.7.27.6072,6 de setembro de 2020,agravo regimental,Dra. Fontes,audiência marcada para 06/09/2026,2026-07-21,0
1842,5432782-56.2021.2.97.6240,2025-08-21,audiência de instrução,Dr. Barros,audiência marcada para 2026-04-05,17 de abril de 2026,não
1843,8097721-13.2023.1.47.8354,9 de janeiro de 2025,audiência de instrução,DRA. CAVALCANTE,audiência marcada para 20/08/26,26 de novembro de 2026,sim
1844,2869625-86.2025.7.14.5837,3 de outubro de 2024,intimação,Dra. Cavalcante,documentos pendentes de entrega pelo cliente,,não
1845,3346094-93.2020.2.94.1759,2025-10-27,memoriais,Dra. Cavalcante,audiência marcada para 16 de novembro de 2026,,não
1846,7999133-20.2023.7.26.1121,2021-08-15,embargos de declaração,Dra Fontes,diligência externa necessária,,0
1847,1966014-66.2022.7.82.2137,15/07/21,habilitação,Dra. Fontes,aguardando manifestação da parte contrária,,N
1848,4202942-75.2025.6.91.7611,2 de junho de 2024,réplica,Dra. Fontes,aguardando manifestação da parte contrária,,0
1849,5518767-82.2023.4.96.9873,13/03/24,citação,DRA. CAVALCANTE,Prazo fatal: 2026-10-13,,S
1850,8368372-34.2020.6.43.9691,03/11/2025,despacho,Dra Fontes,audiência marcada para 30/10/2026,2026-03-02,
1851,6096719-87.2023.1.41.6180,9 de novembro de 2022,memoriais,DRA. CAVALCANTE,Prazo fatal: 07/04/2026,23 de abril de 2026,0
1852,7687351-51.2022.6.73.6768,2024-11-23,sentença,Dr. Melo,,,S
1853,7544569-30.2022.4.91.9370,11/09/2020,citação,Dra Fontes,prazo para recurso: 29 dias úteis a contar da intimação,14 de junho de 2026,S
1854,7687292-20.2021.4.85.7539,2023-10-31,habilitação,dr. melo,Prazo fatal: 02/04/2026,2026-01-09,0
1855,9408522-77.2021.3.36.8376,26/08/2022,embargos de declaração,Dr. Melo,juntada de documentos realizada,,sim
1856,2016341-89.2023.7.48.2724,10/07/2020,citação,Dr. Barros,Prazo fatal: 6 de abril de 2026,,
1857,7724543-49.2023.9.44.7412,2025-03-04,laudo pericial,Dra. Cavalcante,aguardando manifestação da parte contrária,,N
1858,8892606-62.2022.2.87.2168,07/07/2023,réplica,Dra Fontes,Prazo fatal: 12 de maio de 2026,,
1859,1778149-24.2023.1.86.3557,13/03/2019,petição inicial,Dr. Melo,audiência marcada para 2026-12-19,22 de agosto de 2026,N
1860,5483975-50.2024.8.92.4422,13/02/2021,despacho,Dra Fontes,Prazo fatal: 09/08/2026,,S
1861,6036037-32.2025.3.53.7515,2020-07-14,petição inicial,dr. melo,,,N
1862,3260101-88.2022.8.37.9169,20/03/2022,réplica,Dra Fontes,documentos pendentes de entrega pelo cliente,,1
1863,2292432-35.2025.5.83.7063,12 de janeiro de 2022,audiência de instrução,Dr. Melo,prazo para recurso: 17 dias úteis a contar da intimação,22 de março de 2026,sim
1864,1185885-59.2023.7.19.8433,1 de maio de 2019,intimação,Dr. Barros,juntada de documentos realizada,2026-12-20,S
1865,3542616-60.2022.3.87.6536,23/02/2019,recurso de apelação,Dr. Melo,audiência marcada para 02/10/26,9 de outubro de 2026,
1866,3242098-97.2025.4.44.9916,08/01/2025,laudo pericial,Dra. Cavalcante,documentos pendentes de entrega pelo cliente,,0
1867,4563779-48.2023.2.87.9606,8 de junho de 2024,laudo pericial,Dra. Cavalcante,Prazo fatal: 2026-11-10,,N
1868,6694761-39.2022.1.10.2199,20/02/2021,memoriais,Dr. Melo,,,1
1869,6935346-77.2024.3.52.9529,30/12/19,réplica,Dra. Cavalcante,diligência externa necessária,8 de novembro de 2026,S
1870,2411026-52.2022.6.26.7373,28/03/20,agravo regimental,Dr. Barros,prazo para recurso: 8 dias úteis a contar da intimação,,sim
1871,9214397-26.2023.4.18.6844,01/12/2022,intimação,Dra Fontes,diligência externa necessária,,
1872,8062805-72.2022.1.22.8771,12/03/2020,réplica,Dr. Barros,documentos pendentes de entrega pelo cliente,,1
1873,7979033-26.2021.6.18.1084,2023-08-19,réplica,Dra. Cavalcante,aguardando manifestação da parte contrária,,
1874,6663627-76.2023.9.26.5770,17/04/2020,audiência de instrução,dr. melo,juntada de documentos realizada,,N
1875,9970343-38.2020.5.18.4483,2022-05-12,habilitação,Dr. Melo,juntada de documentos realizada,,
1876,9636371-69.2025.8.67.4068,13/02/22,despacho,dr. melo,aguardando manifestação da parte contrária,10/10/26,não
1877,4584224-94.2025.2.57.2511,29 de agosto de 2020,despacho,Dr. Melo,juntada de documentos realizada,,
1878,1742202-63.2023.6.68.9372,2026-04-17,petição inicial,Dra Fontes,aguardando manifestação da parte contrária,7 de novembro de 2026,S
1879,4134515-43.2021.8.70.4879,30 de setembro de 2024,contestação,Dr. Barros,juntada de documentos realizada,27/07/26,não
1880,5462435-11.2024.9.85.2977,29 de outubro de 2024,citação,Dr. Barros,aguardando manifestação da parte contrária,20/01/2026,1
1881,7224257-29.2020.8.88.9110,17/01/21,petição inicial,Dr. Barros,diligência externa necessária,,
1882,4180949-86.2020.3.26.7593,14/11/25,réplica,Dra Fontes,aguardando manifestação da parte contrária,,1
1883,4090182-95.2021.1.57.7189,10/04/24,intimação,Dra. Fontes,aguardando manifestação da parte contrária,,
1884,6075721-43.2020.9.85.8738,2022-04-01,contestação,Dr. Barros,juntada de documentos realizada,,S
1885,7065068-16.2021.7.14.6489,2024-06-04,acordo extrajudicial,Dr. Barros,documentos pendentes de entrega pelo cliente,,N
1886,5159882-37.2022.9.71.7550,25/12/21,sentença,Dra. Fontes,prazo para recurso: 22 dias úteis a contar da intimação,02/04/2026,sim
1887,9076234-78.2023.3.90.2702,04/08/24,petição inicial,Dra. Fontes,,,0
1888,4131852-60.2020.1.89.9739,23/05/25,audiência de instrução,dr. melo,juntada de documentos realizada,,S
1889,8892606-62.2022.2.87.2168,5 de maio de 2025,recurso de apelação,Dra Fontes,,,
1890,2267110-24.2021.5.78.6025,27/09/20,audiência de instrução,Dra. Fontes,documentos pendentes de entrega pelo cliente,,sim
1891,1185885-59.2023.7.19.8433,27/02/2024,intimação,Dr. Barros,documentos pendentes de entrega pelo cliente,,sim
1892,1974389-81.2024.5.57.9354,2024-07-24,audiência de instrução,dr. melo,diligência externa necessária,,não
1893,8286382-50.2025.4.53.4414,09/05/2022,laudo pericial,Dr. Barros,aguardando manifestação da parte contrária,2026-12-01,S
1894,6445422-21.2020.5.39.8096,16/11/21,contestação,DRA. CAVALCANTE,juntada de documentos realizada,,N
1895,5058333-37.2021.3.98.8848,28/05/25,agravo regimental,Dra Fontes,,,S
1896,4131852-60.2020.1.89.9739,8 de março de 2020,intimação,DRA. CAVALCANTE,diligência externa necessária,2026-06-16,não
1897,5991409-16.2021.8.44.1303,23/09/2020,audiência de instrução,DRA. CAVALCANTE,diligência externa necessária,,
1898,1093623-59.2025.7.92.5441,17/11/20,laudo pericial,Dra Fontes,audiência marcada para 2026-10-17,,
1899,2554938-48.2024.1.13.4544,2026-01-05,citação,Dra. Cavalcante,Prazo fatal: 23 de setembro de 2026,18/01/26,sim
1900,1185885-59.2023.7.19.8433,2022-09-01,embargos de declaração,Dr. Melo,documentos pendentes de entrega pelo cliente,,
1901,7765112-69.2024.9.62.5648,28/05/2025,petição inicial,Dra. Cavalcante,,17 de março de 2026,N
1902,1024421-54.2022.9.20.2563,2024-09-19,memoriais,dr. melo,prazo para recurso: 28 dias úteis a contar da intimação,,não
1903,3724721-44.2021.9.75.5553,2026-03-14,contestação,Dr. Barros,,,
1904,1614850-25.2020.8.85.3161,03/02/24,despacho,Dr. Melo,,,sim
1905,5700249-43.2020.5.57.9341,20/05/20,memoriais,Dra Fontes,prazo para recurso: 20 dias úteis a contar da intimação,,sim
1906,8588997-88.2020.6.29.5987,28/09/19,acordo extrajudicial,Dr. Barros,aguardando manifestação da parte contrária,,não
1907,6404948-40.2021.7.68.7161,10/11/22,petição inicial,dr. melo,aguardando manifestação da parte contrária,,
1908,1714231-74.2025.9.71.1697,13/04/24,recurso de apelação,Dr. Barros,prazo para recurso: 8 dias úteis a contar da intimação,,
1909,3542616-60.2022.3.87.6536,2023-11-09,acordo extrajudicial,Dra. Fontes,aguardando manifestação da parte contrária,08/04/26,sim
1910,2411026-52.2022.6.26.7373,25/05/2023,recurso de apelação,DRA. CAVALCANTE,aguardando manifestação da parte contrária,,sim
1911,5753123-52.2021.4.48.4042,13/12/2022,despacho,Dra. Fontes,audiência marcada para 24/03/2026,,não
1912,2191287-57.2021.1.18.8228,30/08/22,petição inicial,Dra. Fontes,Prazo fatal: 30/12/2026,,sim
1913,1024421-54.2022.9.20.2563,20/11/23,réplica,Dra Fontes,aguardando manifestação da parte contrária,04/06/26,0
1914,4090182-95.2021.1.57.7189,21/11/22,réplica,Dr. Barros,diligência externa necessária,,0
1915,9489806-94.2021.2.55.9162,17/11/25,contestação,dr. melo,diligência externa necessária,,0
1916,6944389-98.2023.1.72.8245,20/10/22,laudo pericial,DRA. CAVALCANTE,aguardando manifestação da parte contrária,,1
1917,7243958-65.2020.5.25.5047,02/10/2025,laudo pericial,Dr. Melo,diligência externa necessária,,não
1918,6416661-36.2021.8.21.8496,2024-07-05,habilitação,Dra Fontes,Prazo fatal: 20 de setembro de 2026,,sim
1919,1248003-72.2024.2.80.8472,01/04/2023,memoriais,Dra. Cavalcante,prazo para recurso: 25 dias úteis a contar da intimação,2026-06-20,sim
1920,6836135-90.2022.9.37.5643,13/10/2022,laudo pericial,Dr. Barros,Prazo fatal: 21/04/2026,20 de agosto de 2026,S
1921,7813974-60.2021.1.81.1542,2024-07-07,audiência de instrução,Dr. Melo,aguardando manifestação da parte contrária,,sim
1922,8588997-88.2020.6.29.5987,03/02/22,réplica,Dra Fontes,diligência externa necessária,19 de outubro de 2026,S
1923,5867457-18.2023.9.16.7298,05/10/21,citação,Dr. Barros,documentos pendentes de entrega pelo cliente,,não
1924,5625093-80.2022.9.16.6618,2022-05-06,contestação,DRA. CAVALCANTE,documentos pendentes de entrega pelo cliente,05/08/26,
1925,6416661-36.2021.8.21.8496,06/01/2024,acordo extrajudicial,Dr. Melo,Prazo fatal: 2026-10-09,,
1926,4584224-94.2025.2.57.2511,15/11/24,audiência de instrução,dr. melo,diligência externa necessária,6 de dezembro de 2026,1
1927,4510407-23.2020.5.18.6055,18/04/24,despacho,Dra Fontes,documentos pendentes de entrega pelo cliente,,não
1928,8905709-90.2020.9.55.2471,2024-06-19,embargos de declaração,Dra Fontes,audiência marcada para 30/11/26,2026-01-25,0
1929,7633905-83.2022.9.95.2309,21/11/25,embargos de declaração,Dra Fontes,Prazo fatal: 23/10/26,,S
1930,5953905-94.2022.5.44.3245,27 de fevereiro de 2023,intimação,dr. melo,aguardando manifestação da parte contrária,,0
1931,6404948-40.2021.7.68.7161,2021-02-13,agravo regimental,Dra. Cavalcante,juntada de documentos realizada,,
1932,3585301-47.2021.7.73.3469,9 de outubro de 2020,citação,DRA. CAVALCANTE,Prazo fatal: 2026-12-28,,S
1933,2842764-33.2025.7.99.7279,23/09/22,intimação,Dr. Barros,aguardando manifestação da parte contrária,27/11/2026,1
1934,9057219-99.2020.9.96.3254,21/12/20,contestação,Dra. Fontes,audiência marcada para 06/09/2026,,1
1935,4510407-23.2020.5.18.6055,21 de dezembro de 2024,citação,dr. melo,Prazo fatal: 28 de julho de 2026,,N
1936,8062805-72.2022.1.22.8771,25/02/2026,contestação,Dra. Fontes,aguardando manifestação da parte contrária,,sim
1937,1237577-83.2022.8.91.4649,17/01/19,habilitação,Dr. Melo,,,1
1938,6927716-18.2022.9.56.1445,2022-11-19,réplica,Dr. Barros,documentos pendentes de entrega pelo cliente,,sim
1939,5058333-37.2021.3.98.8848,2020-02-09,laudo pericial,dr. melo,Prazo fatal: 12/07/26,2026-01-09,N
1940,1878000-50.2025.7.58.1197,02/09/2020,sentença,Dr. Barros,diligência externa necessária,,sim
1941,4433355-55.2023.8.48.9346,2022-10-19,despacho,Dra. Fontes,diligência externa necessária,16/05/26,sim
1942,6404948-40.2021.7.68.7161,2024-09-17,petição inicial,Dra. Fontes,aguardando manifestação da parte contrária,,
1943,3667022-35.2020.9.76.3115,2021-08-08,intimação,Dra Fontes,juntada de documentos realizada,,1
1944,3168718-77.2025.2.92.8027,2021-04-29,réplica,Dr. Barros,audiência marcada para 22/11/2026,20/12/2026,0
1945,1095980-10.2020.7.77.8313,2021-11-16,laudo pericial,Dr. Barros,documentos pendentes de entrega pelo cliente,,0
1946,8415891-60.2021.6.92.5554,2022-02-24,citação,Dra Fontes,diligência externa necessária,,1
1947,4084503-92.2025.8.90.5515,01/10/25,laudo pericial,Dr. Barros,audiência marcada para 2026-09-24,,S
1948,1099617-37.2023.9.61.1793,2024-06-01,réplica,Dr. Barros,diligência externa necessária,,S
1949,9252661-70.2020.1.46.1185,2021-10-08,despacho,Dra. Fontes,audiência marcada para 16/06/26,,
1950,9666878-83.2023.6.29.9905,21/02/26,intimação,dr. melo,,,S
1951,2519059-58.2022.7.86.4385,11/01/2024,sentença,Dr. Barros,Prazo fatal: 21 de maio de 2026,21/06/26,0
1952,4092125-65.2025.3.26.9073,2025-04-27,acordo extrajudicial,Dra. Fontes,prazo para recurso: 21 dias úteis a contar da intimação,,0
1953,7381740-86.2021.2.88.6570,2025-09-29,agravo regimental,Dr. Barros,diligência externa necessária,,1
1954,1272937-41.2023.5.75.9958,12/01/2026,réplica,dr. melo,diligência externa necessária,10/07/26,sim
1955,7515318-25.2024.4.34.6280,28/09/22,acordo extrajudicial,dr. melo,juntada de documentos realizada,08/04/2026,N
1956,1896520-28.2021.5.90.5374,2020-08-06,petição inicial,Dr. Barros,documentos pendentes de entrega pelo cliente,,
1957,9060164-41.2020.5.36.2381,2026-03-01,embargos de declaração,Dra. Cavalcante,documentos pendentes de entrega pelo cliente,,1
1958,2019436-32.2020.6.16.9856,12/04/20,agravo regimental,Dra. Fontes,Prazo fatal: 27/02/26,25/11/26,N
1959,5700249-43.2020.5.57.9341,06/10/2022,habilitação,Dra. Cavalcante,juntada de documentos realizada,14/10/26,não
1960,6096719-87.2023.1.41.6180,21/05/2022,acordo extrajudicial,Dra Fontes,diligência externa necessária,,0
1961,2519059-58.2022.7.86.4385,19/03/2021,contestação,Dr. Barros,audiência marcada para 27 de março de 2026,,sim
1962,3576390-15.2021.2.82.8209,2020-09-05,recurso de apelação,Dra. Fontes,,,não
1963,9824532-76.2023.6.37.2040,8 de abril de 2022,petição inicial,Dra. Fontes,prazo para recurso: 9 dias úteis a contar da intimação,,N
1964,9953454-93.2020.2.52.5723,14 de março de 2022,laudo pericial,Dra. Fontes,aguardando manifestação da parte contrária,,1
1965,5514997-95.2024.1.84.8098,04/10/2022,réplica,DRA. CAVALCANTE,prazo para recurso: 12 dias úteis a contar da intimação,,
1966,6528202-89.2025.3.17.9496,12/03/2025,réplica,Dr. Barros,,,N
1967,5966644-82.2023.4.88.9951,2020-08-21,memoriais,Dra. Fontes,documentos pendentes de entrega pelo cliente,2026-09-14,S
1968,7979033-26.2021.6.18.1084,2022-05-11,contestação,dr. melo,prazo para recurso: 29 dias úteis a contar da intimação,,N
1969,7223110-52.2024.2.44.8994,27/03/26,habilitação,Dra Fontes,documentos pendentes de entrega pelo cliente,,
1970,9804642-71.2024.4.76.5486,4 de dezembro de 2023,habilitação,DRA. CAVALCANTE,documentos pendentes de entrega pelo cliente,20/06/26,não
1971,4493339-70.2021.7.17.8725,5 de junho de 2022,intimação,Dr. Barros,aguardando manifestação da parte contrária,,não
1972,5239450-56.2022.7.99.2371,27/03/23,despacho,dr. melo,juntada de documentos realizada,,sim
1973,4452862-76.2021.3.27.3238,30/07/2021,acordo extrajudicial,Dr. Barros,Prazo fatal: 15 de março de 2026,2026-01-07,0
1974,5438623-45.2022.4.51.7250,05/06/25,embargos de declaração,Dr. Melo,aguardando manifestação da parte contrária,,não
1975,1676369-34.2022.3.47.6087,31/01/19,memoriais,dr. melo,diligência externa necessária,,não
1976,7687292-20.2021.4.85.7539,2023-01-06,citação,Dr. Barros,audiência marcada para 6 de dezembro de 2026,,não
1977,5700249-43.2020.5.57.9341,07/09/2020,réplica,Dra. Cavalcante,aguardando manifestação da parte contrária,,
1978,9108785-98.2021.3.78.6687,2025-02-23,despacho,Dr. Barros,diligência externa necessária,,0
1979,6254488-31.2024.9.48.3216,12/05/2025,agravo regimental,dr. melo,audiência marcada para 11/06/2026,,N
1980,5625093-80.2022.9.16.6618,21/05/2021,citação,dr. melo,,,N
1981,9057960-29.2025.5.10.6072,2024-01-10,habilitação,Dr. Melo,audiência marcada para 06/11/2026,,não
1982,5058333-37.2021.3.98.8848,2021-07-18,agravo regimental,Dra Fontes,diligência externa necessária,,1
1983,7862554-22.2024.7.83.6459,2022-03-02,petição inicial,Dra. Fontes,aguardando manifestação da parte contrária,24 de março de 2026,sim
1984,6038940-61.2024.4.64.6408,2021-05-05,contestação,Dra. Cavalcante,diligência externa necessária,,1
1985,6779292-61.2021.4.86.2783,2023-10-14,despacho,Dra Fontes,prazo para recurso: 10 dias úteis a contar da intimação,07/11/26,0
1986,4768255-51.2022.4.94.5695,24/12/2025,contestação,Dra Fontes,prazo para recurso: 13 dias úteis a contar da intimação,,S
1987,7274275-74.2020.1.22.9780,29/11/2024,citação,Dra. Cavalcante,aguardando manifestação da parte contrária,,N
1988,4299848-20.2023.2.47.7396,28/10/22,petição inicial,dr. melo,audiência marcada para 2026-04-11,,S
1989,4510407-23.2020.5.18.6055,16 de novembro de 2022,contestação,Dra Fontes,aguardando manifestação da parte contrária,,
1990,5991409-16.2021.8.44.1303,23/12/21,acordo extrajudicial,Dr. Melo,documentos pendentes de entrega pelo cliente,28/03/26,N
1991,8157599-64.2024.2.89.5276,15/06/2021,intimação,Dra. Fontes,documentos pendentes de entrega pelo cliente,,não
1992,3785792-10.2020.5.78.7940,26/05/24,audiência de instrução,Dra. Fontes,documentos pendentes de entrega pelo cliente,,0
1993,8286828-70.2022.9.31.8012,2024-03-20,contestação,Dra. Cavalcante,prazo para recurso: 17 dias úteis a contar da intimação,,sim
1994,4299848-20.2023.2.47.7396,12/03/20,habilitação,DRA. CAVALCANTE,audiência marcada para 2026-07-27,,
1995,7599278-46.2021.4.96.3535,2024-12-01,acordo extrajudicial,Dr. Barros,juntada de documentos realizada,,não
1996,4721085-96.2020.6.92.9645,10 de maio de 2019,sentença,dr. melo,,,1
1997,3168718-77.2025.2.92.8027,27 de outubro de 2021,audiência de instrução,DRA. CAVALCANTE,,,
1998,4768255-51.2022.4.94.5695,2021-09-15,agravo regimental,dr. melo,Prazo fatal: 2026-05-07,,sim
1999,6036037-32.2025.3.53.7515,2024-09-12,memoriais,Dr. Barros,juntada de documentos realizada,,
2000,7486029-45.2024.4.25.3159,15 de junho de 2022,petição inicial,Dr. Melo,Prazo fatal: 09/12/2026,,N
2001,8892606-62.2022.2.87.2168,14/10/2019,recurso de apelação,Dra. Fontes,audiência marcada para 01/06/26,24 de junho de 2026,1
2002,2869625-86.2025.7.14.5837,21/11/19,agravo regimental,DRA. CAVALCANTE,,,1
2003,6445422-21.2020.5.39.8096,06/06/2022,despacho,Dr. Barros,,,não
2004,4568537-97.2021.4.82.7633,7 de outubro de 2023,citação,dr. melo,documentos pendentes de entrega pelo cliente,,1
2005,2675642-32.2022.8.65.5499,2021-10-15,réplica,Dra. Fontes,,,não
2006,8066975-72.2023.7.26.7675,2020-06-01,réplica,Dr. Melo,aguardando manifestação da parte contrária,2026-06-08,1
2007,1098476-20.2021.1.47.3336,22/11/2024,citação,Dra. Cavalcante,documentos pendentes de entrega pelo cliente,11/09/2026,0
2008,9898363-27.2020.4.89.2966,3 de abril de 2026,réplica,Dra. Fontes,juntada de documentos realizada,,
2009,6425355-10.2021.6.53.2041,13/11/2025,laudo pericial,Dr. Melo,prazo para recurso: 26 dias úteis a contar da intimação,,sim
2010,7222167-30.2022.8.44.7452,01/10/20,réplica,Dra Fontes,diligência externa necessária,,N
2011,5514997-95.2024.1.84.8098,02/11/23,citação,Dr. Barros,prazo para recurso: 30 dias úteis a contar da intimação,,1
2012,1095980-10.2020.7.77.8313,01/07/25,contestação,DRA. CAVALCANTE,diligência externa necessária,,
2013,1878000-50.2025.7.58.1197,22/02/24,despacho,dr. melo,diligência externa necessária,08/11/26,N
2014,8749473-21.2020.4.12.9144,2023-01-07,sentença,Dr. Melo,diligência externa necessária,,N
2015,8630644-97.2025.3.28.1296,8 de março de 2026,intimação,DRA. CAVALCANTE,prazo para recurso: 26 dias úteis a contar da intimação,15/02/26,sim
2016,7243958-65.2020.5.25.5047,08/07/2024,habilitação,Dra Fontes,Prazo fatal: 28 de julho de 2026,2026-08-07,sim
2017,9062552-47.2024.4.22.8265,2022-05-02,contestação,Dra. Fontes,Prazo fatal: 14/02/26,16/02/26,não
2018,9062552-47.2024.4.22.8265,11 de janeiro de 2020,petição inicial,Dr. Barros,documentos pendentes de entrega pelo cliente,,0
2019,7999133-20.2023.7.26.1121,2025-11-15,habilitação,Dr. Melo,diligência externa necessária,,0
2020,1237577-83.2022.8.91.4649,2020-05-13,audiência de instrução,Dr. Melo,prazo para recurso: 24 dias úteis a contar da intimação,,S
2021,4064382-39.2022.4.13.8937,2025-10-05,agravo regimental,Dr. Melo,juntada de documentos realizada,,não
2022,3542616-60.2022.3.87.6536,11 de junho de 2024,contestação,dr. melo,aguardando manifestação da parte contrária,23/04/2026,não
2023,8157599-64.2024.2.89.5276,2026-02-24,acordo extrajudicial,Dr. Barros,aguardando manifestação da parte contrária,,0
2024,5401874-62.2025.2.46.8337,9 de dezembro de 2022,petição inicial,Dra Fontes,juntada de documentos realizada,,
2025,6547287-16.2023.4.15.7491,25/12/2025,audiência de instrução,Dr. Barros,diligência externa necessária,,0
2026,2545435-52.2025.3.59.7623,2024-05-12,laudo pericial,Dr. Barros,aguardando manifestação da parte contrária,,
2027,6260319-38.2024.8.96.1114,2019-10-27,petição inicial,DRA. CAVALCANTE,,,não
2028,7438163-48.2021.3.47.1186,14/08/23,intimação,Dra Fontes,documentos pendentes de entrega pelo cliente,,1
2029,1869144-23.2023.5.84.3325,2021-06-12,recurso de apelação,Dra Fontes,diligência externa necessária,,
2030,5274951-77.2021.1.76.5120,03/02/22,despacho,Dra. Cavalcante,juntada de documentos realizada,,S
2031,8129073-22.2024.4.16.9656,04/02/22,despacho,Dra. Fontes,documentos pendentes de entrega pelo cliente,,S
2032,1248003-72.2024.2.80.8472,7 de maio de 2023,recurso de apelação,DRA. CAVALCANTE,juntada de documentos realizada,,S
2033,6414076-16.2021.7.78.8273,23/03/2026,citação,dr. melo,Prazo fatal: 11 de maio de 2026,,1
2034,1664676-19.2021.8.64.4616,2023-05-31,memoriais,Dr. Barros,Prazo fatal: 25/08/26,,
2035,9822459-92.2024.8.17.6403,23 de junho de 2021,intimação,Dra. Fontes,prazo para recurso: 7 dias úteis a contar da intimação,2026-04-19,N
2036,3168718-77.2025.2.92.8027,28 de janeiro de 2026,laudo pericial,Dra Fontes,juntada de documentos realizada,,0
2037,6011987-71.2020.8.10.4396,2023-03-04,memoriais,Dra. Fontes,documentos pendentes de entrega pelo cliente,,
2038,8749473-21.2020.4.12.9144,2021-07-09,memoriais,Dra. Cavalcante,,,sim
2039,4687348-31.2023.1.92.6907,05/05/2025,memoriais,Dra. Fontes,prazo para recurso: 10 dias úteis a contar da intimação,,N
2040,5483975-50.2024.8.92.4422,8 de novembro de 2021,citação,Dra Fontes,,07/08/26,0
2041,3754895-37.2021.6.18.8502,27/06/24,embargos de declaração,Dra Fontes,,,N
2042,2236315-26.2022.5.82.8939,2026-04-24,laudo pericial,Dra. Fontes,diligência externa necessária,17/03/26,0
2043,5901155-82.2023.2.89.7717,22 de maio de 2023,citação,Dr. Barros,,,N
2044,1185885-59.2023.7.19.8433,2022-06-25,habilitação,Dra. Cavalcante,Prazo fatal: 13/05/26,,1
2045,8572382-61.2025.1.41.7172,17/02/2022,recurso de apelação,DRA. CAVALCANTE,juntada de documentos realizada,14/03/26,1
2046,3821719-15.2025.2.86.2518,2023-05-22,contestação,Dr. Barros,prazo para recurso: 24 dias úteis a contar da intimação,,
2047,8125196-18.2023.1.53.1215,2023-02-05,audiência de instrução,Dr. Barros,prazo para recurso: 16 dias úteis a contar da intimação,,sim
2048,8588997-88.2020.6.29.5987,23/10/2021,habilitação,Dra Fontes,Prazo fatal: 28/05/2026,,N
2049,3821719-15.2025.2.86.2518,11/08/22,réplica,Dra Fontes,juntada de documentos realizada,,
2050,7916680-90.2022.1.67.1785,25 de dezembro de 2025,recurso de apelação,DRA. CAVALCANTE,juntada de documentos realizada,,0
2051,7515318-25.2024.4.34.6280,21/06/23,recurso de apelação,Dra. Cavalcante,diligência externa necessária,30 de janeiro de 2026,
2052,8220628-15.2021.8.54.9077,2022-06-21,despacho,Dr. Barros,diligência externa necessária,22/11/2026,N
2053,1676369-34.2022.3.47.6087,28/04/21,acordo extrajudicial,Dra. Fontes,diligência externa necessária,23 de janeiro de 2026,0
2054,2236315-26.2022.5.82.8939,29/03/2026,memoriais,Dr. Barros,prazo para recurso: 23 dias úteis a contar da intimação,18/07/2026,N
2055,5660649-86.2020.5.86.9291,10 de fevereiro de 2022,memoriais,Dr. Barros,documentos pendentes de entrega pelo cliente,16 de setembro de 2026,0
2056,4893809-11.2021.7.19.9759,2020-01-16,memoriais,Dr. Melo,documentos pendentes de entrega pelo cliente,16/10/2026,sim
2057,2575202-50.2023.1.54.9627,02/02/2020,acordo extrajudicial,Dr. Barros,prazo para recurso: 17 dias úteis a contar da intimação,,N
2058,8168450-48.2020.2.65.4570,2025-09-13,habilitação,DRA. CAVALCANTE,juntada de documentos realizada,,não
2059,7110796-41.2020.3.80.5362,25/05/21,despacho,Dr. Barros,aguardando manifestação da parte contrária,,N
2060,4131852-60.2020.1.89.9739,27/01/2026,despacho,Dra. Cavalcante,,,não
2061,5058333-37.2021.3.98.8848,26/08/2024,contestação,Dra. Fontes,prazo para recurso: 17 dias úteis a contar da intimação,2026-12-13,1
2062,5050722-10.2024.8.29.4298,08/11/2023,agravo regimental,Dr. Barros,aguardando manifestação da parte contrária,27/05/26,1
2063,6034606-21.2023.6.18.6684,22/03/2020,intimação,Dr. Melo,juntada de documentos realizada,,sim
2064,9302979-43.2025.9.68.7487,2 de novembro de 2024,audiência de instrução,Dr. Melo,audiência marcada para 2026-10-30,3 de novembro de 2026,
2065,1742202-63.2023.6.68.9372,22/03/2020,réplica,Dr. Barros,,,N
2066,6414076-16.2021.7.78.8273,02/11/21,laudo pericial,Dr. Barros,juntada de documentos realizada,,1
2067,5753123-52.2021.4.48.4042,20/01/2021,recurso de apelação,DRA. CAVALCANTE,juntada de documentos realizada,,0
2068,5732779-86.2025.4.28.7831,9 de outubro de 2021,agravo regimental,Dr. Barros,audiência marcada para 25/12/2026,,
2069,2236315-26.2022.5.82.8939,01/05/2026,petição inicial,Dr. Barros,Prazo fatal: 2026-09-06,2026-12-09,sim
2070,1183693-37.2024.1.85.2937,13/11/2019,sentença,Dr. Barros,audiência marcada para 27/07/2026,,
2071,2294596-63.2020.6.38.9193,23/02/26,contestação,dr. melo,Prazo fatal: 2026-07-20,09/12/2026,N
2072,1869144-23.2023.5.84.3325,27 de dezembro de 2020,despacho,Dra Fontes,prazo para recurso: 15 dias úteis a contar da intimação,31/08/26,1
2073,4092125-65.2025.3.26.9073,20/08/2022,petição inicial,Dra Fontes,juntada de documentos realizada,16 de outubro de 2026,S
2074,9573194-21.2022.1.35.8352,2021-05-20,despacho,Dr. Barros,aguardando manifestação da parte contrária,,não
2075,2019436-32.2020.6.16.9856,2021-11-01,citação,Dra Fontes,documentos pendentes de entrega pelo cliente,,
2076,6160516-66.2024.5.17.7150,17/03/2020,laudo pericial,DRA. CAVALCANTE,aguardando manifestação da parte contrária,,0
2077,5625093-80.2022.9.16.6618,04/04/26,sentença,Dr. Barros,Prazo fatal: 16/09/26,,não
2078,4090182-95.2021.1.57.7189,01/08/2023,citação,Dra. Fontes,aguardando manifestação da parte contrária,2026-06-16,
2079,5492622-29.2021.9.92.7737,11/10/2023,embargos de declaração,Dra. Cavalcante,Prazo fatal: 2026-04-04,,0
2080,6528202-89.2025.3.17.9496,12/06/23,contestação,Dra Fontes,juntada de documentos realizada,,
2081,7687351-51.2022.6.73.6768,2025-06-23,laudo pericial,Dr. Melo,aguardando manifestação da parte contrária,,sim
2082,1664676-19.2021.8.64.4616,11/09/2022,agravo regimental,Dr. Barros,prazo para recurso: 23 dias úteis a contar da intimação,,S
2083,7539718-58.2020.2.52.9800,25/02/22,acordo extrajudicial,DRA. CAVALCANTE,audiência marcada para 16/11/2026,,não
2084,1116024-57.2025.8.16.4043,4 de março de 2024,habilitação,Dra. Cavalcante,prazo para recurso: 18 dias úteis a contar da intimação,2026-06-16,0
2085,1887163-62.2025.9.93.1037,30/06/2021,recurso de apelação,Dra. Fontes,Prazo fatal: 20/07/26,20 de fevereiro de 2026,0
2086,7724543-49.2023.9.44.7412,2020-02-19,embargos de declaração,Dr. Barros,Prazo fatal: 2026-06-12,,1
2087,8539686-69.2023.4.36.2235,25/04/2024,despacho,Dra Fontes,prazo para recurso: 13 dias úteis a contar da intimação,,sim
2088,3785792-10.2020.5.78.7940,5 de agosto de 2022,agravo regimental,Dra Fontes,juntada de documentos realizada,,0
2089,5058333-37.2021.3.98.8848,23/03/20,acordo extrajudicial,dr. melo,juntada de documentos realizada,,1
2090,5753123-52.2021.4.48.4042,8 de outubro de 2020,embargos de declaração,Dr. Barros,juntada de documentos realizada,,sim
2091,8905709-90.2020.9.55.2471,14/04/20,memoriais,DRA. CAVALCANTE,,7 de outubro de 2026,1
2092,6663627-76.2023.9.26.5770,27/01/19,laudo pericial,Dra. Cavalcante,diligência externa necessária,,sim
2093,2129757-49.2025.4.14.5657,24 de janeiro de 2025,contestação,Dr. Barros,juntada de documentos realizada,,0
2094,8588997-88.2020.6.29.5987,2022-08-13,habilitação,dr. melo,,,
2095,6160516-66.2024.5.17.7150,10/03/21,petição inicial,Dr. Barros,aguardando manifestação da parte contrária,,não
2096,5116418-16.2025.3.98.2234,03/03/2023,sentença,Dra Fontes,audiência marcada para 27/09/2026,,não
2097,7916680-90.2022.1.67.1785,08/01/2020,audiência de instrução,Dr. Melo,prazo para recurso: 27 dias úteis a contar da intimação,28/11/2026,0
2098,7486029-45.2024.4.25.3159,2020-06-04,sentença,Dra. Fontes,aguardando manifestação da parte contrária,02/02/26,1
2099,6953559-38.2025.7.42.9212,20 de outubro de 2020,acordo extrajudicial,DRA. CAVALCANTE,juntada de documentos realizada,14 de julho de 2026,
2100,7243958-65.2020.5.25.5047,2024-01-27,habilitação,Dr. Barros,Prazo fatal: 2026-04-03,,
2101,5850223-43.2020.3.81.3185,12/11/24,agravo regimental,Dr. Melo,documentos pendentes de entrega pelo cliente,2026-05-30,0
2102,1311508-84.2020.3.38.8512,18/07/2024,agravo regimental,Dra. Fontes,Prazo fatal: 2026-11-30,,0
2103,3418432-84.2025.3.59.5858,9 de janeiro de 2026,recurso de apelação,Dra Fontes,diligência externa necessária,,0
2104,8168450-48.2020.2.65.4570,12/04/2025,sentença,dr. melo,,,S
2105,2100417-68.2021.7.29.9662,23/08/2020,habilitação,Dra. Fontes,audiência marcada para 2026-05-25,,não
2106,9898363-27.2020.4.89.2966,06/03/24,laudo pericial,Dra Fontes,,2026-05-13,0
2107,7224257-29.2020.8.88.9110,24/08/25,intimação,Dr. Melo,documentos pendentes de entrega pelo cliente,,1
2108,4065326-72.2025.8.58.5304,04/12/2021,intimação,Dr. Barros,,,
2109,4938178-62.2020.7.27.6072,14 de agosto de 2024,agravo regimental,Dra. Cavalcante,juntada de documentos realizada,,0
2110,5214684-96.2020.6.84.9986,22/11/24,embargos de declaração,DRA. CAVALCANTE,aguardando manifestação da parte contrária,1 de maio de 2026,
2111,9822459-92.2024.8.17.6403,12/07/25,sentença,dr. melo,audiência marcada para 22 de abril de 2026,,1
2112,2328070-99.2024.8.57.5561,24 de março de 2025,sentença,dr. melo,audiência marcada para 28 de dezembro de 2026,,S
2113,5112941-62.2021.1.89.5887,2025-08-17,memoriais,DRA. CAVALCANTE,Prazo fatal: 30 de dezembro de 2026,,N
2114,4865461-96.2025.2.64.9143,28 de abril de 2021,acordo extrajudicial,Dra. Cavalcante,,,N
2115,7136189-41.2024.2.60.1768,15/09/24,citação,DRA. CAVALCANTE,juntada de documentos realizada,,1
2116,9110060-16.2025.2.29.4716,26/03/26,contestação,Dr. Barros,Prazo fatal: 6 de abril de 2026,,0
2117,6927716-18.2022.9.56.1445,31/01/22,habilitação,Dr. Barros,audiência marcada para 08/08/26,16 de fevereiro de 2026,0
2118,7419280-60.2021.1.40.9417,06/02/26,despacho,Dra. Cavalcante,,,
2119,4061044-97.2023.7.99.3676,23 de janeiro de 2020,intimação,DRA. CAVALCANTE,Prazo fatal: 01/02/2026,,não
2120,1833330-93.2025.8.61.3405,13/02/2025,citação,Dra. Fontes,Prazo fatal: 23 de maio de 2026,,1
2121,8572382-61.2025.1.41.7172,22/05/24,réplica,Dr. Barros,aguardando manifestação da parte contrária,,sim
2122,7979033-26.2021.6.18.1084,24/01/2022,citação,Dr. Melo,,,1
2123,4874996-38.2022.9.94.8154,08/09/2021,memoriais,Dra. Cavalcante,audiência marcada para 6 de abril de 2026,,
2124,7999133-20.2023.7.26.1121,28 de junho de 2022,intimação,dr. melo,documentos pendentes de entrega pelo cliente,,N
2125,8209168-30.2020.1.41.7632,27 de dezembro de 2022,audiência de instrução,DRA. CAVALCANTE,,,N
2126,4326518-76.2023.4.36.8530,09/05/24,acordo extrajudicial,Dra Fontes,documentos pendentes de entrega pelo cliente,,sim
2127,9774395-92.2023.2.75.3192,2022-02-18,réplica,Dr. Melo,Prazo fatal: 2026-06-13,,sim
2128,7840442-26.2025.9.53.5093,07/03/26,recurso de apelação,Dra Fontes,Prazo fatal: 14/03/2026,,
2129,3734843-61.2021.3.94.2954,2021-07-14,acordo extrajudicial,dr. melo,aguardando manifestação da parte contrária,,não
2130,9076234-78.2023.3.90.2702,02/04/2020,contestação,Dr. Barros,documentos pendentes de entrega pelo cliente,,sim
2131,8125196-18.2023.1.53.1215,2022-01-28,embargos de declaração,dr. melo,,,0
2132,8816646-78.2020.7.70.9224,2020-06-21,recurso de apelação,Dr. Barros,aguardando manifestação da parte contrária,16/07/26,não
2133,6694761-39.2022.1.10.2199,6 de maio de 2022,citação,DRA. CAVALCANTE,audiência marcada para 05/06/2026,,sim
2134,9086174-80.2025.1.81.3292,27 de setembro de 2022,intimação,DRA. CAVALCANTE,Prazo fatal: 10 de julho de 2026,,sim
2135,5271615-59.2021.2.54.6844,29/09/23,recurso de apelação,Dra. Fontes,juntada de documentos realizada,,não
2136,6953559-38.2025.7.42.9212,25 de novembro de 2022,sentença,Dra. Cavalcante,juntada de documentos realizada,2026-09-08,S
2137,6476769-27.2021.5.22.2570,4 de abril de 2022,recurso de apelação,Dra. Fontes,diligência externa necessária,,S
2138,7224257-29.2020.8.88.9110,08/01/2023,audiência de instrução,DRA. CAVALCANTE,,2026-03-18,1
2139,4131852-60.2020.1.89.9739,12/03/2020,agravo regimental,Dra Fontes,juntada de documentos realizada,,sim
2140,6334947-38.2020.4.71.6173,2020-06-27,sentença,Dra. Fontes,diligência externa necessária,1 de fevereiro de 2026,S
2141,8572382-61.2025.1.41.7172,2021-08-06,petição inicial,DRA. CAVALCANTE,juntada de documentos realizada,,0
2142,9062552-47.2024.4.22.8265,22/11/2020,memoriais,dr. melo,prazo para recurso: 14 dias úteis a contar da intimação,,1
2143,4433355-55.2023.8.48.9346,07/04/24,citação,Dr. Melo,documentos pendentes de entrega pelo cliente,21/07/2026,N
2144,5462435-11.2024.9.85.2977,2024-02-26,citação,Dr. Melo,diligência externa necessária,,sim
2145,1095980-10.2020.7.77.8313,21/03/26,acordo extrajudicial,Dra Fontes,juntada de documentos realizada,,0
2146,1742202-63.2023.6.68.9372,2025-11-10,recurso de apelação,Dr. Melo,juntada de documentos realizada,,N
2147,3168718-77.2025.2.92.8027,30/12/24,audiência de instrução,Dr. Barros,aguardando manifestação da parte contrária,,0
2148,4601686-30.2021.5.52.7745,23/01/21,audiência de instrução,Dr. Barros,documentos pendentes de entrega pelo cliente,22/12/2026,não
2149,8827641-36.2022.5.59.8715,21/01/2025,sentença,Dr. Melo,audiência marcada para 17/07/26,,não
2150,8415891-60.2021.6.92.5554,4 de julho de 2019,sentença,Dra. Cavalcante,aguardando manifestação da parte contrária,,sim
2151,5438623-45.2022.4.51.7250,01/12/19,despacho,dr. melo,,,não
2152,7916680-90.2022.1.67.1785,20 de junho de 2023,contestação,Dra. Cavalcante,,11/10/26,S
2153,4824419-32.2024.5.47.3265,2024-05-24,despacho,Dr. Barros,prazo para recurso: 6 dias úteis a contar da intimação,,N
2154,8220628-15.2021.8.54.9077,08/03/21,despacho,Dr. Barros,,,
2155,8843990-84.2020.6.68.3017,2023-12-30,audiência de instrução,Dra Fontes,diligência externa necessária,,sim
2156,3585301-47.2021.7.73.3469,2025-02-20,petição inicial,Dra. Cavalcante,audiência marcada para 29 de agosto de 2026,,S
2157,7789809-22.2020.1.73.9031,21/03/2025,citação,Dra. Fontes,audiência marcada para 15/07/26,,0
2158,6927716-18.2022.9.56.1445,09/01/24,intimação,DRA. CAVALCANTE,Prazo fatal: 2026-10-31,,0
2159,2837371-36.2022.7.88.5428,2022-04-17,recurso de apelação,Dra Fontes,,6 de julho de 2026,não
2160,5747786-52.2023.7.30.3750,10/05/2024,audiência de instrução,Dr. Barros,diligência externa necessária,,não
2161,7553290-31.2023.9.36.9282,12/11/21,intimação,Dra. Cavalcante,documentos pendentes de entrega pelo cliente,,não
2162,5755257-93.2020.8.44.2882,04/01/24,audiência de instrução,Dr. Barros,prazo para recurso: 28 dias úteis a contar da intimação,2 de outubro de 2026,1
2163,8816646-78.2020.7.70.9224,2022-05-02,acordo extrajudicial,dr. melo,audiência marcada para 2026-10-24,,não
2164,1165147-13.2020.2.47.5874,01/03/2020,recurso de apelação,dr. melo,,15/10/2026,1
2165,8678370-92.2025.7.35.9962,13/01/23,memoriais,Dra Fontes,diligência externa necessária,,sim
2166,6105303-92.2021.4.39.3868,06/05/2022,réplica,Dr. Barros,Prazo fatal: 23 de julho de 2026,,sim
2167,3924425-56.2021.9.58.2912,09/10/23,acordo extrajudicial,Dra. Cavalcante,juntada de documentos realizada,,não
2168,4460247-99.2024.9.97.4840,15 de junho de 2021,despacho,Dr. Barros,Prazo fatal: 13/11/26,,sim
2169,5451988-41.2020.2.82.4041,13/05/25,réplica,dr. melo,Prazo fatal: 4 de fevereiro de 2026,,0
2170,2575202-50.2023.1.54.9627,10 de janeiro de 2020,contestação,Dr. Melo,Prazo fatal: 17/10/2026,,não
2171,6003915-30.2025.6.37.7681,21/10/23,laudo pericial,dr. melo,diligência externa necessária,,0
2172,2675642-32.2022.8.65.5499,22/01/22,audiência de instrução,Dra. Cavalcante,documentos pendentes de entrega pelo cliente,,S
2173,4568537-97.2021.4.82.7633,21/12/25,intimação,Dra. Fontes,Prazo fatal: 27 de fevereiro de 2026,14/01/2026,não
2174,2824928-33.2020.1.90.6467,14 de julho de 2024,réplica,Dr. Melo,Prazo fatal: 22 de setembro de 2026,2026-09-27,sim
2175,8415891-60.2021.6.92.5554,13 de setembro de 2020,sentença,Dra. Fontes,audiência marcada para 26 de junho de 2026,2026-09-24,0
2176,8892606-62.2022.2.87.2168,12/07/2020,citação,Dr. Barros,,,não
2177,6547287-16.2023.4.15.7491,2022-11-08,contestação,Dr. Melo,Prazo fatal: 27 de agosto de 2026,,S
2178,8220628-15.2021.8.54.9077,12/09/2025,réplica,DRA. CAVALCANTE,aguardando manifestação da parte contrária,16/12/26,1
2179,8678370-92.2025.7.35.9962,2024-11-28,habilitação,Dra Fontes,documentos pendentes de entrega pelo cliente,,1
2180,7398699-88.2025.6.55.3587,16/11/20,contestação,dr. melo,prazo para recurso: 21 dias úteis a contar da intimação,,1
2181,6416661-36.2021.8.21.8496,15 de setembro de 2019,audiência de instrução,Dr. Melo,audiência marcada para 04/03/26,31 de outubro de 2026,N
2182,1602496-64.2022.5.79.8340,27 de setembro de 2020,contestação,Dra Fontes,juntada de documentos realizada,,sim
2183,4090182-95.2021.1.57.7189,23/01/2021,intimação,Dra. Cavalcante,,,1
2184,8905709-90.2020.9.55.2471,17/10/20,petição inicial,Dra. Fontes,aguardando manifestação da parte contrária,27 de novembro de 2026,sim
2185,7626521-25.2020.9.17.3305,13/11/2024,memoriais,Dra. Cavalcante,documentos pendentes de entrega pelo cliente,,1
2186,6105303-92.2021.4.39.3868,29 de junho de 2019,audiência de instrução,Dr. Melo,aguardando manifestação da parte contrária,,
2187,1116024-57.2025.8.16.4043,15/12/24,sentença,Dra. Cavalcante,Prazo fatal: 2 de outubro de 2026,,
2188,4433355-55.2023.8.48.9346,17 de setembro de 2022,audiência de instrução,Dra. Cavalcante,aguardando manifestação da parte contrária,,
2189,5732779-86.2025.4.28.7831,24/09/22,despacho,Dr. Barros,,,não
2190,5660649-86.2020.5.86.9291,07/07/2025,agravo regimental,Dra. Fontes,,11 de novembro de 2026,S
2191,6384831-67.2022.5.89.7429,5 de abril de 2019,laudo pericial,Dr. Barros,diligência externa necessária,,
2192,1778149-24.2023.1.86.3557,17/01/2021,sentença,Dra. Cavalcante,Prazo fatal: 28/12/26,2 de fevereiro de 2026,sim
2193,5967836-10.2021.4.35.9671,2021-04-21,acordo extrajudicial,Dr. Barros,aguardando manifestação da parte contrária,,1
2194,7323234-16.2020.9.59.5035,27 de dezembro de 2023,embargos de declaração,DRA. CAVALCANTE,prazo para recurso: 15 dias úteis a contar da intimação,2026-08-27,N
2195,7916680-90.2022.1.67.1785,7 de abril de 2021,réplica,Dra. Fontes,diligência externa necessária,,0
2196,5401874-62.2025.2.46.8337,03/05/24,habilitação,Dr. Melo,audiência marcada para 03/08/2026,,sim
2197,6779292-61.2021.4.86.2783,6 de fevereiro de 2020,citação,Dra Fontes,prazo para recurso: 22 dias úteis a contar da intimação,4 de outubro de 2026,não
2198,5124342-11.2025.5.50.6107,17/11/2020,despacho,Dra. Fontes,diligência externa necessária,,não
2199,5631823-61.2020.5.47.1440,2021-07-12,laudo pericial,Dra. Fontes,aguardando manifestação da parte contrária,,sim
2200,9110060-16.2025.2.29.4716,25 de maio de 2024,despacho,dr. melo,audiência marcada para 31 de outubro de 2026,,N
2201,6370110-64.2022.3.52.8440,16/01/2024,petição inicial,Dra. Fontes,aguardando manifestação da parte contrária,14 de setembro de 2026,S
2202,4417916-40.2022.7.26.4278,18 de outubro de 2021,laudo pericial,Dr. Melo,aguardando manifestação da parte contrária,,0
2203,4874996-38.2022.9.94.8154,2021-10-30,citação,Dr. Melo,,11 de agosto de 2026,1
2204,4229107-99.2020.7.61.3978,14/02/21,acordo extrajudicial,Dra. Fontes,diligência externa necessária,,
2205,3585301-47.2021.7.73.3469,2024-05-04,petição inicial,dr. melo,audiência marcada para 2026-09-25,,1
2206,1024421-54.2022.9.20.2563,17/07/2025,recurso de apelação,Dra Fontes,,,1
2207,6368709-92.2024.7.99.9426,25/11/2020,despacho,Dra. Cavalcante,aguardando manifestação da parte contrária,,N
2208,4507711-38.2024.2.34.4732,2019-08-20,recurso de apelação,Dra Fontes,prazo para recurso: 5 dias úteis a contar da intimação,05/07/2026,S
2209,2675642-32.2022.8.65.5499,21 de agosto de 2025,petição inicial,Dra Fontes,diligência externa necessária,,sim
2210,4874996-38.2022.9.94.8154,2023-09-17,habilitação,Dra Fontes,,,1
2211,5050722-10.2024.8.29.4298,21/06/2023,audiência de instrução,Dr. Melo,prazo para recurso: 14 dias úteis a contar da intimação,10 de abril de 2026,N
2212,8986773-71.2022.6.45.5854,09/07/2020,despacho,Dra. Cavalcante,documentos pendentes de entrega pelo cliente,,sim
2213,2461262-96.2021.6.48.1315,19/04/2022,sentença,Dr. Barros,audiência marcada para 23/07/26,,sim
2214,7553290-31.2023.9.36.9282,01/01/2021,réplica,Dr. Melo,diligência externa necessária,24/04/2026,
2215,1931030-34.2024.8.48.5319,19/04/20,habilitação,Dra. Fontes,juntada de documentos realizada,,sim
2216,6982910-41.2023.8.91.8758,15 de maio de 2022,intimação,Dra. Cavalcante,prazo para recurso: 10 dias úteis a contar da intimação,4 de setembro de 2026,sim
2217,5625093-80.2022.9.16.6618,2024-06-09,citação,DRA. CAVALCANTE,Prazo fatal: 24 de outubro de 2026,,0
2218,1931030-34.2024.8.48.5319,25 de março de 2021,intimação,Dr. Melo,documentos pendentes de entrega pelo cliente,27 de novembro de 2026,
2219,4568537-97.2021.4.82.7633,15/05/2023,citação,Dra. Cavalcante,diligência externa necessária,20/02/26,S
2220,4681694-71.2021.9.28.7350,16 de setembro de 2024,memoriais,Dr. Barros,documentos pendentes de entrega pelo cliente,,N
2221,7999133-20.2023.7.26.1121,20/01/2026,réplica,Dra. Fontes,diligência externa necessária,03/01/26,
2222,2753004-76.2021.8.83.9874,2021-06-17,memoriais,Dr. Barros,juntada de documentos realizada,,sim
2223,6034606-21.2023.6.18.6684,2025-09-30,agravo regimental,Dr. Barros,,,
2224,2112478-55.2024.2.51.9095,30/11/20,petição inicial,Dra. Fontes,aguardando manifestação da parte contrária,,S
2225,7840442-26.2025.9.53.5093,29 de novembro de 2021,citação,dr. melo,diligência externa necessária,,0
2226,1974389-81.2024.5.57.9354,11 de setembro de 2022,réplica,Dra Fontes,Prazo fatal: 23/10/26,,S
2227,3667022-35.2020.9.76.3115,20/06/2019,sentença,Dr. Barros,Prazo fatal: 16/10/26,,
2228,4180949-86.2020.3.26.7593,20 de julho de 2022,habilitação,dr. melo,audiência marcada para 2026-10-09,,N
2229,4433355-55.2023.8.48.9346,30/08/2024,acordo extrajudicial,dr. melo,documentos pendentes de entrega pelo cliente,,não
2230,1098476-20.2021.1.47.3336,14/11/20,despacho,Dra Fontes,audiência marcada para 15 de novembro de 2026,29/08/26,
2231,2186433-37.2022.2.12.4344,10/06/25,contestação,Dr. Barros,aguardando manifestação da parte contrária,,não
2232,7765112-69.2024.9.62.5648,15 de outubro de 2022,petição inicial,DRA. CAVALCANTE,juntada de documentos realizada,,
2233,6034606-21.2023.6.18.6684,02/12/2022,habilitação,DRA. CAVALCANTE,documentos pendentes de entrega pelo cliente,,0
2234,6982910-41.2023.8.91.8758,28 de janeiro de 2021,recurso de apelação,Dra Fontes,aguardando manifestação da parte contrária,,1
2235,5144296-22.2022.4.87.9648,20 de agosto de 2022,intimação,Dr. Barros,Prazo fatal: 5 de julho de 2026,11 de maio de 2026,0
2236,1735592-50.2022.9.87.5612,07/06/23,citação,Dra. Cavalcante,juntada de documentos realizada,2026-05-28,
2237,5901155-82.2023.2.89.7717,09/04/21,intimação,Dra Fontes,juntada de documentos realizada,,
2238,5112941-62.2021.1.89.5887,2021-12-05,réplica,Dr. Melo,,2026-04-12,N
2239,9076234-78.2023.3.90.2702,18/03/2025,agravo regimental,dr. melo,aguardando manifestação da parte contrária,,S
2240,5966644-82.2023.4.88.9951,2019-05-22,laudo pericial,Dr. Barros,,,sim
2241,4417916-40.2022.7.26.4278,02/11/19,sentença,DRA. CAVALCANTE,,,
2242,4584224-94.2025.2.57.2511,2024-07-14,despacho,Dra. Fontes,juntada de documentos realizada,,não
2243,7136189-41.2024.2.60.1768,2024-06-10,réplica,dr. melo,prazo para recurso: 28 dias úteis a contar da intimação,2026-02-14,não
2244,9489806-94.2021.2.55.9162,30/09/2025,intimação,Dra. Fontes,aguardando manifestação da parte contrária,,S
2245,7271178-97.2023.5.84.4243,18 de maio de 2020,memoriais,dr. melo,,,1
2246,4314934-26.2021.7.14.7244,10 de abril de 2021,citação,Dra. Cavalcante,audiência marcada para 31/10/2026,19/07/26,1
2247,5438623-45.2022.4.51.7250,24/05/2020,intimação,Dra. Fontes,juntada de documentos realizada,,não
2248,5947618-28.2023.6.53.6118,2022-11-03,réplica,Dra. Fontes,diligência externa necessária,,
2249,7553290-31.2023.9.36.9282,2022-07-10,réplica,Dr. Barros,prazo para recurso: 21 dias úteis a contar da intimação,,0
2250,3346094-93.2020.2.94.1759,02/05/22,intimação,dr. melo,Prazo fatal: 11/07/26,,N
2251,5438623-45.2022.4.51.7250,18/03/2020,audiência de instrução,Dr. Barros,documentos pendentes de entrega pelo cliente,01/07/26,1
2252,2966787-79.2022.1.41.9944,2025-04-11,intimação,DRA. CAVALCANTE,aguardando manifestação da parte contrária,,
2253,5035093-45.2021.1.27.3097,2025-01-09,despacho,Dr. Barros,prazo para recurso: 27 dias úteis a contar da intimação,,1
2254,2100417-68.2021.7.29.9662,2023-12-31,sentença,DRA. CAVALCANTE,,09/08/2026,0
2255,4326518-76.2023.4.36.8530,03/09/2019,habilitação,Dr. Barros,,,1
2256,7765112-69.2024.9.62.5648,08/04/2022,memoriais,Dra Fontes,documentos pendentes de entrega pelo cliente,,N
2257,3263740-44.2022.3.81.5402,14/09/25,audiência de instrução,Dr. Barros,aguardando manifestação da parte contrária,11 de abril de 2026,sim
2258,3922248-27.2025.1.42.4047,03/04/22,embargos de declaração,Dr. Melo,aguardando manifestação da parte contrária,,1
2259,4721085-96.2020.6.92.9645,24/03/2024,memoriais,Dra Fontes,prazo para recurso: 23 dias úteis a contar da intimação,,
2260,8530609-10.2021.5.41.7151,14/07/22,citação,Dra. Fontes,aguardando manifestação da parte contrária,,N
2261,9408522-77.2021.3.36.8376,10/06/2021,despacho,Dr. Barros,Prazo fatal: 13 de março de 2026,,S
2262,4202942-75.2025.6.91.7611,2023-08-03,réplica,Dra. Cavalcante,prazo para recurso: 30 dias úteis a contar da intimação,18/10/2026,0
2263,6445422-21.2020.5.39.8096,30 de janeiro de 2023,audiência de instrução,Dr. Barros,documentos pendentes de entrega pelo cliente,,0
2264,1098476-20.2021.1.47.3336,05/04/2022,habilitação,Dra. Fontes,prazo para recurso: 18 dias úteis a contar da intimação,25 de dezembro de 2026,sim
2265,9408522-77.2021.3.36.8376,12/05/23,contestação,Dr. Barros,juntada de documentos realizada,,
2266,4584224-94.2025.2.57.2511,7 de setembro de 2023,recurso de apelação,DRA. CAVALCANTE,prazo para recurso: 10 dias úteis a contar da intimação,,N
2267,8066975-72.2023.7.26.7675,07/02/23,citação,Dra. Fontes,diligência externa necessária,,
2268,3263740-44.2022.3.81.5402,2025-05-04,agravo regimental,Dr. Barros,Prazo fatal: 12/09/26,15 de março de 2026,1
2269,2837371-36.2022.7.88.5428,21/01/22,memoriais,Dra Fontes,prazo para recurso: 26 dias úteis a contar da intimação,,
2270,4721085-96.2020.6.92.9645,26 de março de 2026,sentença,DRA. CAVALCANTE,Prazo fatal: 14/09/26,,1
2271,7979033-26.2021.6.18.1084,01/11/2021,agravo regimental,dr. melo,aguardando manifestação da parte contrária,2026-12-16,0
2272,9108785-98.2021.3.78.6687,22/04/20,acordo extrajudicial,DRA. CAVALCANTE,documentos pendentes de entrega pelo cliente,,
2273,5853247-29.2020.7.62.8870,29 de março de 2025,recurso de apelação,Dr. Melo,aguardando manifestação da parte contrária,,N
2274,7486138-99.2020.5.81.4332,11/03/24,intimação,Dr. Barros,,30/04/2026,não
2275,2019436-32.2020.6.16.9856,22/03/20,agravo regimental,dr. melo,juntada de documentos realizada,18/11/26,não
2276,8415891-60.2021.6.92.5554,17 de março de 2024,intimação,dr. melo,juntada de documentos realizada,07/05/26,0
2277,8590346-68.2020.7.63.7780,16/11/2024,acordo extrajudicial,Dra Fontes,prazo para recurso: 29 dias úteis a contar da intimação,2026-07-18,N
2278,8630644-97.2025.3.28.1296,12/06/2023,petição inicial,dr. melo,,,não
2279,6101036-60.2022.7.49.3295,2023-11-28,memoriais,Dra Fontes,prazo para recurso: 10 dias úteis a contar da intimação,,N
2280,8183950-10.2021.5.84.9388,7 de junho de 2023,embargos de declaração,Dra. Cavalcante,documentos pendentes de entrega pelo cliente,2026-10-19,1
2281,5966644-82.2023.4.88.9951,29/01/2021,contestação,Dr. Barros,prazo para recurso: 19 dias úteis a contar da intimação,26/08/2026,S
2282,7082985-88.2022.2.94.6058,09/01/2025,embargos de declaração,Dra. Fontes,prazo para recurso: 29 dias úteis a contar da intimação,,1
2283,1346701-74.2024.1.65.8985,29/07/2025,despacho,Dra. Cavalcante,prazo para recurso: 6 dias úteis a contar da intimação,,
2284,5700249-43.2020.5.57.9341,16/05/2023,acordo extrajudicial,Dra. Cavalcante,aguardando manifestação da parte contrária,,sim
2285,9071705-28.2021.9.78.4746,2022-12-10,petição inicial,Dra Fontes,audiência marcada para 25/04/26,,0
2286,7065068-16.2021.7.14.6489,2 de junho de 2025,réplica,dr. melo,documentos pendentes de entrega pelo cliente,02/01/2026,S
2287,5159882-37.2022.9.71.7550,2022-03-06,petição inicial,DRA. CAVALCANTE,,23/01/26,sim
2288,2554938-48.2024.1.13.4544,2024-01-03,réplica,Dr. Barros,,,
2289,6105303-92.2021.4.39.3868,2022-08-02,recurso de apelação,DRA. CAVALCANTE,prazo para recurso: 17 dias úteis a contar da intimação,,0
2290,7840442-26.2025.9.53.5093,10/08/2021,acordo extrajudicial,dr. melo,,05/04/26,N
2291,2554938-48.2024.1.13.4544,2024-04-15,habilitação,Dr. Barros,juntada de documentos realizada,,1
2292,7820540-78.2023.1.75.4823,05/03/2024,audiência de instrução,DRA. CAVALCANTE,juntada de documentos realizada,,não
2293,7110796-41.2020.3.80.5362,28/02/25,embargos de declaração,Dr. Melo,juntada de documentos realizada,04/01/2026,S
2294,6416661-36.2021.8.21.8496,15 de abril de 2019,agravo regimental,Dra. Cavalcante,,,não
2295,5492622-29.2021.9.92.7737,08/09/21,recurso de apelação,Dr. Barros,diligência externa necessária,,não
2296,8382607-83.2020.6.26.3936,2 de agosto de 2024,agravo regimental,Dr. Barros,prazo para recurso: 24 dias úteis a contar da intimação,,1
2297,2294596-63.2020.6.38.9193,2022-05-26,recurso de apelação,dr. melo,,06/09/26,N
2298,2292432-35.2025.5.83.7063,23 de fevereiro de 2026,petição inicial,Dra Fontes,juntada de documentos realizada,2026-07-31,
2299,5518767-82.2023.4.96.9873,27/12/2020,embargos de declaração,Dra. Cavalcante,,25/07/2026,não
2300,8129073-22.2024.4.16.9656,19/05/2020,memoriais,Dra. Fontes,prazo para recurso: 18 dias úteis a contar da intimação,,não
2301,5703772-88.2020.8.34.6114,2019-11-06,contestação,Dra. Cavalcante,aguardando manifestação da parte contrária,,S
2302,1272937-41.2023.5.75.9958,2022-07-22,laudo pericial,DRA. CAVALCANTE,juntada de documentos realizada,,
2303,5462435-11.2024.9.85.2977,24 de dezembro de 2022,audiência de instrução,Dr. Melo,audiência marcada para 03/10/26,,S
2304,7223110-52.2024.2.44.8994,2026-03-08,acordo extrajudicial,Dra. Cavalcante,diligência externa necessária,06/08/2026,sim
2305,1869144-23.2023.5.84.3325,16/05/25,despacho,Dr. Barros,Prazo fatal: 29 de março de 2026,,S
2306,7222167-30.2022.8.44.7452,12 de julho de 2021,agravo regimental,Dra Fontes,juntada de documentos realizada,,1
2307,2660213-63.2022.6.50.8366,01/04/23,embargos de declaração,dr. melo,,,sim
2308,3576390-15.2021.2.82.8209,27 de abril de 2020,acordo extrajudicial,Dra. Cavalcante,audiência marcada para 05/10/26,,0
2309,4202942-75.2025.6.91.7611,1 de novembro de 2023,petição inicial,Dr. Barros,Prazo fatal: 15 de maio de 2026,1 de agosto de 2026,1
2310,6368709-92.2024.7.99.9426,2025-09-22,contestação,dr. melo,,,1
2311,2480014-80.2024.2.29.9847,21 de junho de 2024,audiência de instrução,dr. melo,,,N
2312,2575202-50.2023.1.54.9627,2020-09-30,contestação,Dra. Cavalcante,,,
2313,5947618-28.2023.6.53.6118,11/04/26,citação,Dra. Fontes,juntada de documentos realizada,,S
2314,2997279-67.2024.9.84.1441,15/05/2024,intimação,Dr. Barros,audiência marcada para 15/04/26,,S
2315,8574876-96.2020.7.97.4673,21 de abril de 2020,memoriais,Dra Fontes,audiência marcada para 6 de agosto de 2026,01/01/26,0
2316,4493339-70.2021.7.17.8725,2022-04-25,sentença,Dr. Melo,Prazo fatal: 2026-02-05,,0
2317,4568537-97.2021.4.82.7633,12 de abril de 2023,réplica,DRA. CAVALCANTE,aguardando manifestação da parte contrária,,não
2318,7544569-30.2022.4.91.9370,20 de fevereiro de 2022,agravo regimental,DRA. CAVALCANTE,documentos pendentes de entrega pelo cliente,,
2319,1438459-62.2020.7.78.3410,15/02/2024,recurso de apelação,Dra Fontes,documentos pendentes de entrega pelo cliente,,
2320,6075721-43.2020.9.85.8738,01/01/2024,despacho,Dra Fontes,aguardando manifestação da parte contrária,2026-06-12,sim
2321,8714773-70.2022.9.65.8541,2020-08-19,réplica,Dr. Barros,diligência externa necessária,,sim
2322,7722274-26.2024.9.14.7062,2025-04-02,agravo regimental,Dr. Barros,documentos pendentes de entrega pelo cliente,18/08/26,0
2323,8415891-60.2021.6.92.5554,19/11/2021,recurso de apelação,DRA. CAVALCANTE,audiência marcada para 21/11/26,,não
2324,8588997-88.2020.6.29.5987,07/02/2021,habilitação,dr. melo,,,N
2325,4180949-86.2020.3.26.7593,2023-03-23,citação,Dr. Barros,aguardando manifestação da parte contrária,,N
2326,2895065-46.2022.7.67.1438,18/01/2021,intimação,Dr. Melo,documentos pendentes de entrega pelo cliente,22 de janeiro de 2026,0
2327,2397582-22.2023.9.93.4223,2021-09-01,laudo pericial,dr. melo,,,0
2328,2997279-67.2024.9.84.1441,14/11/2022,petição inicial,Dra. Fontes,,,sim
2329,6370110-64.2022.3.52.8440,4 de agosto de 2023,embargos de declaração,Dr. Barros,juntada de documentos realizada,,sim
2330,6368709-92.2024.7.99.9426,11/08/21,petição inicial,Dra. Cavalcante,aguardando manifestação da parte contrária,,não
2331,7115217-41.2025.1.67.7692,04/04/20,habilitação,dr. melo,aguardando manifestação da parte contrária,2026-08-25,N
2332,9953454-93.2020.2.52.5723,2024-10-25,agravo regimental,Dra Fontes,documentos pendentes de entrega pelo cliente,,S
2333,5826200-20.2025.1.91.8748,2022-01-06,audiência de instrução,DRA. CAVALCANTE,juntada de documentos realizada,,sim
2334,8168450-48.2020.2.65.4570,15 de dezembro de 2020,agravo regimental,Dr. Melo,diligência externa necessária,,0
2335,1621418-87.2020.9.55.9337,2022-05-30,audiência de instrução,Dr. Melo,audiência marcada para 22 de novembro de 2026,,S
2336,1833330-93.2025.8.61.3405,5 de julho de 2023,agravo regimental,Dra Fontes,diligência externa necessária,,S
2337,7553290-31.2023.9.36.9282,2021-01-17,petição inicial,dr. melo,,,1
2338,4229107-99.2020.7.61.3978,19/09/23,contestação,Dr. Barros,,,não
2339,6368709-92.2024.7.99.9426,22 de novembro de 2022,sentença,Dr. Barros,Prazo fatal: 2026-04-02,,1
2340,1664676-19.2021.8.64.4616,25 de novembro de 2025,citação,DRA. CAVALCANTE,documentos pendentes de entrega pelo cliente,18/01/2026,1
2341,2397582-22.2023.9.93.4223,20/12/23,intimação,Dr. Melo,,,1
2342,7398699-88.2025.6.55.3587,21/06/2024,réplica,Dr. Melo,documentos pendentes de entrega pelo cliente,2026-05-09,1
2343,5853247-29.2020.7.62.8870,2 de junho de 2024,réplica,Dra Fontes,prazo para recurso: 20 dias úteis a contar da intimação,,0
2344,6105303-92.2021.4.39.3868,2024-01-25,memoriais,Dra. Cavalcante,aguardando manifestação da parte contrária,,N
2345,4202942-75.2025.6.91.7611,2020-05-25,recurso de apelação,DRA. CAVALCANTE,juntada de documentos realizada,,N
2346,3542616-60.2022.3.87.6536,26/02/2019,contestação,Dra. Cavalcante,aguardando manifestação da parte contrária,,não
2347,4061044-97.2023.7.99.3676,04/11/19,contestação,Dra Fontes,documentos pendentes de entrega pelo cliente,,
2348,5483975-50.2024.8.92.4422,2022-01-01,recurso de apelação,DRA. CAVALCANTE,diligência externa necessária,,0
2349,8415891-60.2021.6.92.5554,2020-10-01,habilitação,Dr. Barros,Prazo fatal: 06/11/2026,18/10/2026,0
2350,2016341-89.2023.7.48.2724,2024-02-18,contestação,Dr. Melo,diligência externa necessária,,0
2351,5788467-41.2023.8.93.8134,11 de outubro de 2022,petição inicial,Dra Fontes,documentos pendentes de entrega pelo cliente,,
2352,2316290-44.2022.7.34.5190,09/10/23,embargos de declaração,Dra. Fontes,prazo para recurso: 16 dias úteis a contar da intimação,,1
2353,5432782-56.2021.2.97.6240,2023-09-25,intimação,Dra. Cavalcante,diligência externa necessária,,N
2354,1878000-50.2025.7.58.1197,16/06/22,memoriais,Dra. Fontes,,2026-06-30,
2355,8168450-48.2020.2.65.4570,06/06/21,embargos de declaração,Dr. Melo,documentos pendentes de entrega pelo cliente,,
2356,2842764-33.2025.7.99.7279,2024-11-29,sentença,Dra. Fontes,diligência externa necessária,,N
2357,8843990-84.2020.6.68.3017,2023-04-07,citação,Dra. Cavalcante,audiência marcada para 15 de outubro de 2026,,S
2358,1966014-66.2022.7.82.2137,2021-10-28,réplica,Dra Fontes,documentos pendentes de entrega pelo cliente,,S
2359,7320713-89.2022.3.68.7881,2023-04-24,memoriais,Dr. Barros,prazo para recurso: 19 dias úteis a contar da intimação,,
2360,1667591-67.2025.4.69.9424,14 de setembro de 2020,despacho,Dr. Barros,diligência externa necessária,2026-03-26,1
2361,1966014-66.2022.7.82.2137,20 de novembro de 2023,agravo regimental,Dr. Melo,diligência externa necessária,,0
2362,4601686-30.2021.5.52.7745,2024-07-06,memoriais,DRA. CAVALCANTE,documentos pendentes de entrega pelo cliente,2026-10-25,não
2363,7848147-32.2021.6.58.3528,08/06/2023,sentença,Dra. Fontes,juntada de documentos realizada,,não
2364,5514997-95.2024.1.84.8098,2025-03-15,embargos de declaração,dr. melo,audiência marcada para 30/03/2026,2026-08-31,1
2365,2411026-52.2022.6.26.7373,24 de agosto de 2023,réplica,Dra. Cavalcante,prazo para recurso: 10 dias úteis a contar da intimação,31/03/2026,S
2366,2100417-68.2021.7.29.9662,15/12/2023,sentença,DRA. CAVALCANTE,Prazo fatal: 2026-08-27,,
2367,7222167-30.2022.8.44.7452,2022-06-13,acordo extrajudicial,Dr. Melo,Prazo fatal: 7 de fevereiro de 2026,,S
2368,8286828-70.2022.9.31.8012,02/10/23,laudo pericial,Dra Fontes,aguardando manifestação da parte contrária,,1
2369,8827641-36.2022.5.59.8715,21 de fevereiro de 2025,habilitação,Dr. Barros,aguardando manifestação da parte contrária,,0
2370,4134515-43.2021.8.70.4879,2024-03-01,sentença,Dr. Barros,aguardando manifestação da parte contrária,,
2371,7224257-29.2020.8.88.9110,2023-09-17,audiência de instrução,Dr. Barros,diligência externa necessária,22/11/2026,0
2372,5483975-50.2024.8.92.4422,18 de janeiro de 2020,habilitação,Dr. Barros,audiência marcada para 2026-07-30,,sim
2373,6075721-43.2020.9.85.8738,2020-03-02,agravo regimental,Dra. Fontes,documentos pendentes de entrega pelo cliente,9 de outubro de 2026,sim
2374,2545435-52.2025.3.59.7623,6 de novembro de 2020,sentença,DRA. CAVALCANTE,juntada de documentos realizada,,1
2375,5518767-82.2023.4.96.9873,19/04/19,agravo regimental,dr. melo,juntada de documentos realizada,,sim
2376,2191287-57.2021.1.18.8228,13/06/2021,acordo extrajudicial,Dr. Barros,prazo para recurso: 8 dias úteis a contar da intimação,,não
2377,1438459-62.2020.7.78.3410,25 de junho de 2024,recurso de apelação,Dra. Cavalcante,aguardando manifestação da parte contrária,,sim
2378,3263740-44.2022.3.81.5402,09/03/2026,recurso de apelação,Dra. Cavalcante,documentos pendentes de entrega pelo cliente,,S
2379,1933296-95.2024.5.69.8317,28 de agosto de 2019,memoriais,dr. melo,Prazo fatal: 09/10/2026,,S
2380,3168718-77.2025.2.92.8027,11/09/23,agravo regimental,Dr. Barros,documentos pendentes de entrega pelo cliente,,
2381,1964519-55.2020.7.58.6781,04/09/2024,petição inicial,dr. melo,prazo para recurso: 17 dias úteis a contar da intimação,2026-06-21,S
2382,5901155-82.2023.2.89.7717,04/10/2020,audiência de instrução,Dra. Cavalcante,prazo para recurso: 13 dias úteis a contar da intimação,,N
2383,5401874-62.2025.2.46.8337,2022-10-01,laudo pericial,Dr. Barros,aguardando manifestação da parte contrária,,não
2384,4134515-43.2021.8.70.4879,23/10/2023,intimação,Dr. Barros,documentos pendentes de entrega pelo cliente,14/12/26,
2385,8678370-92.2025.7.35.9962,26 de março de 2023,habilitação,dr. melo,Prazo fatal: 11/09/26,,0
2386,9057219-99.2020.9.96.3254,2019-09-07,embargos de declaração,dr. melo,,,1
2387,8678370-92.2025.7.35.9962,14 de novembro de 2023,memoriais,DRA. CAVALCANTE,diligência externa necessária,2026-02-08,sim
2388,3924425-56.2021.9.58.2912,24/09/2023,memoriais,Dra Fontes,aguardando manifestação da parte contrária,,
2389,3585301-47.2021.7.73.3469,09/06/2021,intimação,Dra. Fontes,aguardando manifestação da parte contrária,,0
2390,8574876-96.2020.7.97.4673,23/01/26,laudo pericial,DRA. CAVALCANTE,diligência externa necessária,2026-07-14,não
2391,2129757-49.2025.4.14.5657,17/04/2021,intimação,Dr. Barros,prazo para recurso: 24 dias úteis a contar da intimação,02/08/2026,S
2392,1664676-19.2021.8.64.4616,14/01/2025,contestação,Dra. Cavalcante,Prazo fatal: 30/05/26,,0
2393,4180949-86.2020.3.26.7593,10/12/24,sentença,Dr. Barros,aguardando manifestação da parte contrária,,
2394,3754895-37.2021.6.18.8502,15/03/22,embargos de declaração,Dra. Fontes,aguardando manifestação da parte contrária,,N
2395,1833330-93.2025.8.61.3405,30/03/25,citação,Dra Fontes,prazo para recurso: 26 dias úteis a contar da intimação,,sim
2396,2191287-57.2021.1.18.8228,28/01/2026,embargos de declaração,Dra. Fontes,documentos pendentes de entrega pelo cliente,,sim
2397,3306375-34.2024.9.48.9154,30/05/2020,despacho,Dr. Barros,,,não
2398,4417916-40.2022.7.26.4278,30/10/24,sentença,Dr. Melo,diligência externa necessária,,1
2399,6053412-12.2021.6.72.8346,02/04/2021,agravo regimental,dr. melo,Prazo fatal: 2026-12-17,16 de agosto de 2026,1
2400,4687348-31.2023.1.92.6907,26/12/25,contestação,Dra. Cavalcante,Prazo fatal: 02/07/26,2026-07-21,1
2401,2753004-76.2021.8.83.9874,2025-07-17,agravo regimental,Dra Fontes,Prazo fatal: 20/05/26,,S
2402,2316290-44.2022.7.34.5190,18 de agosto de 2021,intimação,Dr. Melo,Prazo fatal: 15/05/2026,8 de abril de 2026,sim
2403,6418382-43.2020.8.63.9133,29 de fevereiro de 2020,laudo pericial,Dra. Cavalcante,prazo para recurso: 10 dias úteis a contar da intimação,,S
2404,6018860-77.2022.1.94.1315,18/02/21,petição inicial,Dr. Melo,aguardando manifestação da parte contrária,,S
2405,6368709-92.2024.7.99.9426,19/06/2021,laudo pericial,Dra. Cavalcante,documentos pendentes de entrega pelo cliente,,sim
2406,1964519-55.2020.7.58.6781,29/06/23,acordo extrajudicial,Dra Fontes,aguardando manifestação da parte contrária,2026-01-21,
2407,6836135-90.2022.9.37.5643,12 de outubro de 2025,embargos de declaração,Dr. Melo,diligência externa necessária,,S
2408,5733649-38.2020.2.35.3379,14/09/2022,sentença,Dr. Barros,Prazo fatal: 15/10/26,2026-07-04,sim
2409,9822459-92.2024.8.17.6403,22 de novembro de 2024,despacho,Dra. Fontes,audiência marcada para 26 de novembro de 2026,19 de maio de 2026,N
2410,4229107-99.2020.7.61.3978,19 de março de 2020,memoriais,Dra. Fontes,documentos pendentes de entrega pelo cliente,2026-11-14,1
2411,5753123-52.2021.4.48.4042,13/02/2025,contestação,Dr. Barros,aguardando manifestação da parte contrária,,não
2412,5826200-20.2025.1.91.8748,20 de setembro de 2025,despacho,Dr. Barros,audiência marcada para 2026-11-15,11/12/2026,
2413,8066975-72.2023.7.26.7675,2021-01-01,despacho,DRA. CAVALCANTE,,,0
2414,2909764-51.2025.7.78.2223,23 de dezembro de 2022,contestação,Dra Fontes,documentos pendentes de entrega pelo cliente,2026-12-31,N
2415,5074974-98.2023.8.21.9881,01/04/2024,audiência de instrução,DRA. CAVALCANTE,diligência externa necessária,23/07/26,não
2416,6425355-10.2021.6.53.2041,14 de março de 2019,despacho,Dra. Cavalcante,prazo para recurso: 19 dias úteis a contar da intimação,,sim
2417,6339266-27.2025.5.15.6766,2024-11-02,petição inicial,dr. melo,documentos pendentes de entrega pelo cliente,,
2418,7539718-58.2020.2.52.9800,19/03/2025,audiência de instrução,Dr. Barros,prazo para recurso: 30 dias úteis a contar da intimação,2026-01-17,0
2419,3306375-34.2024.9.48.9154,18 de fevereiro de 2022,laudo pericial,Dr. Barros,diligência externa necessária,,sim
2420,6034606-21.2023.6.18.6684,2023-04-02,despacho,Dr. Barros,,,S
2421,4229107-99.2020.7.61.3978,20/06/25,audiência de instrução,Dr. Barros,documentos pendentes de entrega pelo cliente,,sim
2422,7236875-79.2024.7.97.5566,2025-07-20,memoriais,Dra. Cavalcante,juntada de documentos realizada,,não
2423,9992831-61.2022.4.35.1469,2022-06-21,réplica,Dra. Fontes,audiência marcada para 13/12/2026,2026-08-29,N
2424,1095980-10.2020.7.77.8313,27 de fevereiro de 2024,audiência de instrução,Dra. Fontes,aguardando manifestação da parte contrária,,sim
2425,9214397-26.2023.4.18.6844,13/03/2022,recurso de apelação,Dr. Barros,prazo para recurso: 19 dias úteis a contar da intimação,13/03/26,
2426,8062805-72.2022.1.22.8771,12/09/23,despacho,Dr. Barros,,,
2427,1966014-66.2022.7.82.2137,18/01/2023,acordo extrajudicial,dr. melo,,,
2428,2411026-52.2022.6.26.7373,24 de julho de 2022,embargos de declaração,Dra. Cavalcante,aguardando manifestação da parte contrária,,
2429,4721085-96.2020.6.92.9645,15 de outubro de 2024,citação,Dr. Barros,diligência externa necessária,,sim
2430,6034606-21.2023.6.18.6684,2026-04-26,recurso de apelação,Dra. Fontes,documentos pendentes de entrega pelo cliente,,não
2431,4092125-65.2025.3.26.9073,4 de novembro de 2019,audiência de instrução,Dr. Barros,Prazo fatal: 26 de julho de 2026,07/06/2026,1
2432,5947618-28.2023.6.53.6118,2023-11-05,laudo pericial,Dra. Fontes,Prazo fatal: 07/09/2026,,não
2433,6034606-21.2023.6.18.6684,13/03/2022,réplica,Dra. Cavalcante,audiência marcada para 5 de novembro de 2026,,não
2434,1676369-34.2022.3.47.6087,10/10/20,acordo extrajudicial,DRA. CAVALCANTE,diligência externa necessária,,S
2435,3576390-15.2021.2.82.8209,11/06/2020,citação,Dra Fontes,prazo para recurso: 30 dias úteis a contar da intimação,,S
2436,6953559-38.2025.7.42.9212,06/07/2024,despacho,Dr. Barros,documentos pendentes de entrega pelo cliente,,não
2437,7398699-88.2025.6.55.3587,27/06/2023,despacho,Dr. Barros,,,1
2438,6339808-70.2020.2.67.1325,29/06/23,petição inicial,Dr. Barros,juntada de documentos realizada,19/05/2026,sim
2439,6160516-66.2024.5.17.7150,24/12/25,embargos de declaração,Dra Fontes,aguardando manifestação da parte contrária,,N
2440,2909764-51.2025.7.78.2223,14/09/2021,acordo extrajudicial,Dra. Fontes,documentos pendentes de entrega pelo cliente,,1
2441,7110796-41.2020.3.80.5362,2022-06-27,contestação,Dra Fontes,,08/11/26,não
2442,6425355-10.2021.6.53.2041,06/04/26,agravo regimental,Dr. Melo,prazo para recurso: 19 dias úteis a contar da intimação,,
2443,2129757-49.2025.4.14.5657,9 de novembro de 2023,embargos de declaração,Dr. Melo,audiência marcada para 2026-09-16,,N
2444,2100417-68.2021.7.29.9662,02/01/2023,intimação,dr. melo,audiência marcada para 2026-09-15,,S
2445,9060164-41.2020.5.36.2381,31/05/25,citação,Dr. Melo,Prazo fatal: 19/06/26,,S
2446,9060164-41.2020.5.36.2381,25 de dezembro de 2022,réplica,Dr. Barros,,,N
2447,2658962-39.2022.5.95.8856,2021-01-09,habilitação,Dr. Barros,audiência marcada para 03/06/2026,19/12/26,
2448,4893809-11.2021.7.19.9759,03/02/19,petição inicial,Dra. Cavalcante,,17/02/26,
2449,6404948-40.2021.7.68.7161,2024-09-26,memoriais,dr. melo,audiência marcada para 12/05/26,31/08/26,sim
2450,3576390-15.2021.2.82.8209,2024-11-29,agravo regimental,Dr. Melo,aguardando manifestação da parte contrária,,N
2451,3778380-86.2023.9.32.5849,01/02/22,citação,dr. melo,,,0
2452,4824419-32.2024.5.47.3265,18 de agosto de 2022,réplica,dr. melo,aguardando manifestação da parte contrária,,0
2453,8843990-84.2020.6.68.3017,13/03/22,recurso de apelação,Dra. Cavalcante,audiência marcada para 31/03/26,,N
2454,8827641-36.2022.5.59.8715,19 de março de 2025,embargos de declaração,Dra Fontes,aguardando manifestação da parte contrária,30 de março de 2026,sim
2455,2842764-33.2025.7.99.7279,2022-04-23,despacho,Dra. Cavalcante,juntada de documentos realizada,,S
2456,9970343-38.2020.5.18.4483,23/03/21,sentença,Dra Fontes,diligência externa necessária,,S
2457,2292432-35.2025.5.83.7063,4 de dezembro de 2023,acordo extrajudicial,Dr. Barros,audiência marcada para 18 de dezembro de 2026,,N
2458,7398699-88.2025.6.55.3587,29/09/2023,despacho,Dr. Barros,diligência externa necessária,,
2459,9804642-71.2024.4.76.5486,2026-02-10,citação,Dr. Melo,prazo para recurso: 22 dias úteis a contar da intimação,,sim
2460,1095980-10.2020.7.77.8313,25 de setembro de 2025,réplica,Dr. Melo,audiência marcada para 2026-12-13,,N
2461,6992158-64.2024.5.43.7750,22/07/24,acordo extrajudicial,Dr. Barros,aguardando manifestação da parte contrária,24/08/2026,não
2462,8209168-30.2020.1.41.7632,17/10/2022,acordo extrajudicial,dr. melo,diligência externa necessária,,sim
2463,9060164-41.2020.5.36.2381,29/07/25,intimação,dr. melo,aguardando manifestação da parte contrária,1 de junho de 2026,
2464,5545511-73.2023.1.66.9757,9 de outubro de 2022,acordo extrajudicial,Dr. Barros,juntada de documentos realizada,2 de julho de 2026,1
2465,8717678-27.2025.5.11.4526,30/03/26,contestação,Dr. Barros,Prazo fatal: 2026-11-04,,
2466,7082985-88.2022.2.94.6058,2023-02-13,memoriais,Dra. Cavalcante,juntada de documentos realizada,,sim
2467,6414076-16.2021.7.78.8273,18/05/22,petição inicial,Dra. Cavalcante,juntada de documentos realizada,,S
2468,3778380-86.2023.9.32.5849,28 de novembro de 2019,habilitação,DRA. CAVALCANTE,Prazo fatal: 2026-11-08,,0
2469,5660649-86.2020.5.86.9291,08/05/24,acordo extrajudicial,dr. melo,diligência externa necessária,,S
2470,1165147-13.2020.2.47.5874,27/09/2021,memoriais,dr. melo,prazo para recurso: 19 dias úteis a contar da intimação,,sim
2471,4568537-97.2021.4.82.7633,22/10/2023,citação,Dr. Barros,juntada de documentos realizada,10 de agosto de 2026,
2472,4824419-32.2024.5.47.3265,28/05/21,audiência de instrução,Dr. Barros,Prazo fatal: 05/10/26,25/12/2026,não
2473,5068524-45.2025.9.91.6906,2020-08-15,citação,Dra. Cavalcante,documentos pendentes de entrega pelo cliente,29 de julho de 2026,não
2474,4314934-26.2021.7.14.7244,30 de abril de 2025,acordo extrajudicial,Dra. Fontes,audiência marcada para 22 de julho de 2026,,
2475,8749473-21.2020.4.12.9144,16 de maio de 2025,sentença,Dr. Barros,diligência externa necessária,,N
2476,1185885-59.2023.7.19.8433,12/02/2026,habilitação,dr. melo,aguardando manifestação da parte contrária,,
2477,5035093-45.2021.1.27.3097,24/09/21,habilitação,Dr. Barros,documentos pendentes de entrega pelo cliente,17/08/2026,não
2478,6038940-61.2024.4.64.6408,10/05/22,laudo pericial,DRA. CAVALCANTE,diligência externa necessária,,sim
2479,4384627-80.2021.2.13.1061,27 de abril de 2021,intimação,dr. melo,documentos pendentes de entrega pelo cliente,,1
2480,6445422-21.2020.5.39.8096,24/10/2020,agravo regimental,Dr. Barros,audiência marcada para 30/08/2026,,S
2481,8892606-62.2022.2.87.2168,09/12/2020,intimação,Dra. Fontes,diligência externa necessária,10/05/2026,1
2482,7948577-74.2025.1.60.7583,22/09/2022,embargos de declaração,Dra Fontes,Prazo fatal: 2026-03-24,,1
2483,2112478-55.2024.2.51.9095,20/06/22,petição inicial,Dr. Barros,audiência marcada para 06/03/2026,,1
2484,5124342-11.2025.5.50.6107,3 de setembro de 2024,intimação,Dra. Fontes,,2 de junho de 2026,
2485,1757615-27.2025.7.10.3762,2021-10-26,réplica,DRA. CAVALCANTE,prazo para recurso: 7 dias úteis a contar da intimação,,1
2486,4085001-92.2022.6.76.8938,2021-01-13,embargos de declaração,Dra Fontes,documentos pendentes de entrega pelo cliente,,1
2487,4824419-32.2024.5.47.3265,24/03/23,petição inicial,Dra Fontes,aguardando manifestação da parte contrária,,
2488,6075721-43.2020.9.85.8738,02/02/24,sentença,Dr. Barros,,,sim
2489,7687292-20.2021.4.85.7539,2023-12-07,memoriais,Dra Fontes,juntada de documentos realizada,,
2490,1116024-57.2025.8.16.4043,9 de maio de 2020,contestação,Dr. Barros,Prazo fatal: 3 de outubro de 2026,,0
2491,5483975-50.2024.8.92.4422,16 de outubro de 2024,recurso de apelação,Dr. Barros,audiência marcada para 9 de agosto de 2026,,1
2492,1664676-19.2021.8.64.4616,25 de janeiro de 2020,acordo extrajudicial,Dra. Cavalcante,juntada de documentos realizada,22/01/2026,sim
2493,6547287-16.2023.4.15.7491,12/06/2021,contestação,DRA. CAVALCANTE,diligência externa necessária,28/10/2026,não
2494,2545435-52.2025.3.59.7623,17 de novembro de 2025,acordo extrajudicial,Dra. Fontes,diligência externa necessária,,1
2495,6034606-21.2023.6.18.6684,31 de julho de 2021,recurso de apelação,dr. melo,Prazo fatal: 19 de outubro de 2026,2026-09-19,S
2496,6267378-50.2021.9.19.9923,2024-07-22,sentença,Dra Fontes,,,S
2497,8382607-83.2020.6.26.3936,9 de julho de 2019,recurso de apelação,dr. melo,Prazo fatal: 06/04/2026,,N
2498,1095980-10.2020.7.77.8313,24/07/23,despacho,Dr. Barros,aguardando manifestação da parte contrária,,não
2499,6547287-16.2023.4.15.7491,21/08/2022,intimação,Dra. Cavalcante,juntada de documentos realizada,6 de agosto de 2026,0
2500,2118934-75.2023.5.97.9563,08/07/2020,audiência de instrução,Dr. Barros,Prazo fatal: 14/10/26,,
2501,5451988-41.2020.2.82.4041,08/05/21,petição inicial,Dra Fontes,audiência marcada para 3 de junho de 2026,,0
2502,1438459-62.2020.7.78.3410,2024-12-31,memoriais,Dr. Melo,documentos pendentes de entrega pelo cliente,,S
2503,9489806-94.2021.2.55.9162,28/03/22,citação,DRA. CAVALCANTE,aguardando manifestação da parte contrária,,0
2504,3260101-88.2022.8.37.9169,2023-08-24,agravo regimental,Dr. Melo,juntada de documentos realizada,,0
2505,2118934-75.2023.5.97.9563,2021-09-30,despacho,DRA. CAVALCANTE,aguardando manifestação da parte contrária,13 de agosto de 2026,sim
2506,2129757-49.2025.4.14.5657,19/10/2021,contestação,dr. melo,prazo para recurso: 23 dias úteis a contar da intimação,2026-01-23,sim
2507,5068524-45.2025.9.91.6906,12/11/23,contestação,Dra Fontes,audiência marcada para 2026-07-28,,não
2508,6476769-27.2021.5.22.2570,13 de maio de 2024,acordo extrajudicial,Dra. Fontes,audiência marcada para 22 de julho de 2026,,sim
2509,5159219-49.2023.5.25.3676,2023-06-16,despacho,Dra. Cavalcante,audiência marcada para 2026-04-10,14/02/2026,
2510,2545435-52.2025.3.59.7623,2024-10-30,agravo regimental,Dr. Melo,audiência marcada para 14/04/2026,,não
2511,5144296-22.2022.4.87.9648,14/12/2023,audiência de instrução,Dr. Melo,aguardando manifestação da parte contrária,,sim
2512,6686912-30.2025.4.68.7078,28/11/2022,contestação,Dra Fontes,Prazo fatal: 19/08/2026,,sim
2513,6404948-40.2021.7.68.7161,27/01/23,acordo extrajudicial,DRA. CAVALCANTE,aguardando manifestação da parte contrária,,não
2514,5826200-20.2025.1.91.8748,26 de agosto de 2022,acordo extrajudicial,Dr. Barros,Prazo fatal: 2026-03-22,10/04/2026,sim
2515,8714773-70.2022.9.65.8541,13/06/20,citação,Dr. Barros,,,
2516,2316290-44.2022.7.34.5190,17 de novembro de 2025,memoriais,Dra Fontes,aguardando manifestação da parte contrária,,0
2517,1878000-50.2025.7.58.1197,2020-02-06,memoriais,Dr. Melo,prazo para recurso: 16 dias úteis a contar da intimação,,S
2518,7544569-30.2022.4.91.9370,14/09/19,contestação,Dra. Fontes,Prazo fatal: 2026-08-17,,N
2519,6105303-92.2021.4.39.3868,30 de setembro de 2022,memoriais,Dr. Melo,diligência externa necessária,,S
2520,1248003-72.2024.2.80.8472,20 de janeiro de 2020,agravo regimental,Dra. Cavalcante,documentos pendentes de entrega pelo cliente,,1
2521,2186433-37.2022.2.12.4344,17 de abril de 2024,audiência de instrução,Dra. Fontes,documentos pendentes de entrega pelo cliente,,não
2522,8827641-36.2022.5.59.8715,4 de julho de 2020,audiência de instrução,Dr. Barros,,,1
2523,1237577-83.2022.8.91.4649,21/02/26,réplica,Dra Fontes,prazo para recurso: 15 dias úteis a contar da intimação,2026-09-07,S
2524,1311508-84.2020.3.38.8512,11 de novembro de 2019,acordo extrajudicial,dr. melo,juntada de documentos realizada,05/02/26,
2525,8220628-15.2021.8.54.9077,17/03/2026,agravo regimental,Dra Fontes,diligência externa necessária,,0
2526,3667022-35.2020.9.76.3115,2021-07-07,memoriais,Dra. Fontes,Prazo fatal: 16 de julho de 2026,,sim
2527,1966014-66.2022.7.82.2137,2021-03-25,petição inicial,Dr. Barros,aguardando manifestação da parte contrária,,1
2528,5853247-29.2020.7.62.8870,4 de novembro de 2020,audiência de instrução,Dr. Melo,juntada de documentos realizada,16/11/26,S
2529,7789809-22.2020.1.73.9031,14 de abril de 2022,acordo extrajudicial,Dr. Melo,juntada de documentos realizada,,0
2530,5483975-50.2024.8.92.4422,2026-03-21,laudo pericial,Dra. Cavalcante,,,N
2531,1185885-59.2023.7.19.8433,15 de fevereiro de 2021,agravo regimental,Dra. Fontes,documentos pendentes de entrega pelo cliente,,
2532,2397582-22.2023.9.93.4223,2020-03-20,agravo regimental,Dr. Melo,audiência marcada para 2026-07-05,30/08/2026,N
2533,5514997-95.2024.1.84.8098,2024-08-05,contestação,Dr. Melo,documentos pendentes de entrega pelo cliente,17/10/26,N
2534,2019436-32.2020.6.16.9856,2025-04-08,agravo regimental,Dr. Barros,documentos pendentes de entrega pelo cliente,,
2535,2966787-79.2022.1.41.9944,13 de janeiro de 2023,agravo regimental,Dra. Cavalcante,diligência externa necessária,,
2536,2118934-75.2023.5.97.9563,06/08/2020,agravo regimental,Dra. Fontes,Prazo fatal: 20/11/26,,1
2537,8843195-99.2024.6.39.2836,28/10/19,réplica,Dr. Barros,juntada de documentos realizada,,0
2538,6260319-38.2024.8.96.1114,2023-06-28,habilitação,Dra. Fontes,aguardando manifestação da parte contrária,16 de dezembro de 2026,N
2539,9076234-78.2023.3.90.2702,10 de julho de 2025,embargos de declaração,Dra. Fontes,diligência externa necessária,2026-12-08,sim
2540,7979033-26.2021.6.18.1084,14 de abril de 2021,acordo extrajudicial,Dr. Melo,prazo para recurso: 8 dias úteis a contar da intimação,,0
2541,5401874-62.2025.2.46.8337,05/04/26,réplica,dr. melo,prazo para recurso: 6 dias úteis a contar da intimação,,
2542,7916680-90.2022.1.67.1785,06/05/2020,petição inicial,Dra Fontes,,,N
2543,4938178-62.2020.7.27.6072,2022-03-29,audiência de instrução,Dr. Melo,audiência marcada para 02/04/26,19/10/26,1
2544,5159219-49.2023.5.25.3676,2022-09-14,réplica,Dra. Cavalcante,Prazo fatal: 2026-06-19,,N
2545,3821719-15.2025.2.86.2518,2021-09-12,acordo extrajudicial,DRA. CAVALCANTE,prazo para recurso: 12 dias úteis a contar da intimação,2026-07-20,S
2546,7236875-79.2024.7.97.5566,03/01/24,despacho,Dra. Fontes,aguardando manifestação da parte contrária,,N
2547,4601686-30.2021.5.52.7745,30/08/2022,citação,Dra. Fontes,Prazo fatal: 04/12/26,23/09/2026,sim
2548,1024421-54.2022.9.20.2563,17/12/2024,recurso de apelação,Dr. Barros,aguardando manifestação da parte contrária,,0
2549,3346094-93.2020.2.94.1759,30/12/2021,acordo extrajudicial,Dr. Barros,juntada de documentos realizada,,N
2550,2997279-67.2024.9.84.1441,02/09/2022,réplica,DRA. CAVALCANTE,Prazo fatal: 29/05/26,,0
2551,9898363-27.2020.4.89.2966,6 de novembro de 2021,petição inicial,Dr. Barros,audiência marcada para 24 de outubro de 2026,,
2552,6260319-38.2024.8.96.1114,8 de fevereiro de 2023,citação,Dra. Fontes,Prazo fatal: 2026-12-05,17/03/26,0
2553,4140100-24.2024.4.63.7178,3 de maio de 2023,memoriais,Dra. Cavalcante,juntada de documentos realizada,19/05/26,N
2554,7245951-43.2021.4.11.7623,2026-02-07,habilitação,Dra. Fontes,Prazo fatal: 22/10/2026,20 de julho de 2026,S
2555,2100417-68.2021.7.29.9662,11 de janeiro de 2023,contestação,Dra Fontes,prazo para recurso: 30 dias úteis a contar da intimação,12 de setembro de 2026,
2556,3879233-61.2024.5.30.1494,23/04/2024,sentença,Dr. Barros,diligência externa necessária,16 de dezembro de 2026,não
2557,9835331-11.2022.6.15.8602,23/09/24,recurso de apelação,Dra Fontes,aguardando manifestação da parte contrária,,não
2558,3418432-84.2025.3.59.5858,03/08/2024,audiência de instrução,Dr. Melo,juntada de documentos realizada,,1
2559,5826200-20.2025.1.91.8748,09/12/24,laudo pericial,Dra Fontes,aguardando manifestação da parte contrária,19 de outubro de 2026,
2560,3785792-10.2020.5.78.7940,05/09/2023,memoriais,Dr. Melo,diligência externa necessária,,N
2561,4180949-86.2020.3.26.7593,13/10/2023,intimação,Dra. Fontes,audiência marcada para 23 de agosto de 2026,,0
2562,6982910-41.2023.8.91.8758,5 de junho de 2021,recurso de apelação,Dra Fontes,prazo para recurso: 16 dias úteis a contar da intimação,16/09/2026,
2563,2884639-86.2023.2.31.8737,6 de dezembro de 2024,despacho,Dra. Cavalcante,documentos pendentes de entrega pelo cliente,,N
2564,4415624-13.2024.9.14.9480,29/04/2022,despacho,Dr. Barros,diligência externa necessária,,sim
2565,3734843-61.2021.3.94.2954,31/12/2019,sentença,Dra. Fontes,juntada de documentos realizada,,0
2566,4299848-20.2023.2.47.7396,11/12/25,contestação,Dra Fontes,Prazo fatal: 16/12/26,20/09/26,não
2567,6267378-50.2021.9.19.9923,24 de março de 2020,réplica,Dra Fontes,Prazo fatal: 1 de agosto de 2026,,N
2568,5451988-41.2020.2.82.4041,4 de junho de 2022,agravo regimental,dr. melo,prazo para recurso: 13 dias úteis a contar da intimação,,
2569,5755257-93.2020.8.44.2882,26 de maio de 2023,audiência de instrução,Dra Fontes,audiência marcada para 2026-03-04,,S
2570,8220628-15.2021.8.54.9077,03/12/2020,citação,Dr. Barros,diligência externa necessária,21/07/26,S
2571,5159882-37.2022.9.71.7550,2023-04-15,audiência de instrução,Dra. Fontes,,,S
2572,5753123-52.2021.4.48.4042,27/08/2021,despacho,Dr. Melo,aguardando manifestação da parte contrária,23 de setembro de 2026,S
2573,4384627-80.2021.2.13.1061,20/11/23,despacho,Dra Fontes,aguardando manifestação da parte contrária,,1
2574,6075721-43.2020.9.85.8738,23/02/20,intimação,Dra. Cavalcante,audiência marcada para 03/11/2026,,1
2575,5733649-38.2020.2.35.3379,19/09/23,audiência de instrução,Dr. Barros,prazo para recurso: 8 dias úteis a contar da intimação,11/10/2026,sim
2576,6418382-43.2020.8.63.9133,2023-09-04,contestação,DRA. CAVALCANTE,diligência externa necessária,13/01/26,
2577,8368255-39.2020.9.60.4414,05/09/25,contestação,Dr. Melo,prazo para recurso: 14 dias úteis a contar da intimação,21 de abril de 2026,
2578,6160516-66.2024.5.17.7150,2023-08-13,intimação,Dra. Cavalcante,,2026-02-16,0
2579,6547287-16.2023.4.15.7491,10 de agosto de 2022,laudo pericial,dr. melo,documentos pendentes de entrega pelo cliente,12/11/2026,
2580,2110878-87.2023.8.83.8978,27 de abril de 2023,embargos de declaração,Dr. Barros,juntada de documentos realizada,,N
2581,6865513-17.2021.7.21.3938,07/05/2025,réplica,Dra Fontes,aguardando manifestação da parte contrária,,
2582,6953559-38.2025.7.42.9212,29/09/2022,audiência de instrução,Dra Fontes,diligência externa necessária,31/10/26,N
2583,4952151-27.2023.3.38.8762,10/01/25,despacho,DRA. CAVALCANTE,Prazo fatal: 14 de fevereiro de 2026,10/02/2026,1
2584,2554938-48.2024.1.13.4544,29/04/2021,contestação,Dra. Fontes,audiência marcada para 17/04/2026,,sim
2585,1966014-66.2022.7.82.2137,6 de setembro de 2021,réplica,Dra Fontes,juntada de documentos realizada,,0
2586,6003915-30.2025.6.37.7681,18/03/22,recurso de apelação,Dr. Barros,,,S
2587,7941836-76.2025.4.34.6543,2026-01-30,citação,DRA. CAVALCANTE,audiência marcada para 3 de maio de 2026,2026-05-30,0
2588,7749444-78.2021.1.20.8763,12/03/21,acordo extrajudicial,Dr. Barros,diligência externa necessária,,
2589,1165147-13.2020.2.47.5874,02/07/25,contestação,Dra Fontes,,,S
2590,1273300-90.2024.2.80.7378,30 de abril de 2026,réplica,Dra. Cavalcante,documentos pendentes de entrega pelo cliente,,1
2591,4893809-11.2021.7.19.9759,8 de maio de 2025,intimação,dr. melo,prazo para recurso: 5 dias úteis a contar da intimação,,não
2592,7236875-79.2024.7.97.5566,22 de outubro de 2022,intimação,DRA. CAVALCANTE,prazo para recurso: 9 dias úteis a contar da intimação,,
2593,7438163-48.2021.3.47.1186,21/02/23,agravo regimental,Dr. Barros,aguardando manifestação da parte contrária,,
2594,5700249-43.2020.5.57.9341,08/10/2021,acordo extrajudicial,Dr. Barros,diligência externa necessária,,N
2595,5492622-29.2021.9.92.7737,22/05/2020,réplica,Dr. Barros,diligência externa necessária,02/05/26,sim
2596,2490107-19.2023.9.10.7930,12/01/2021,memoriais,Dr. Barros,,15/09/2026,
2597,8286828-70.2022.9.31.8012,02/10/2025,réplica,Dr. Barros,documentos pendentes de entrega pelo cliente,2026-04-02,0
2598,2186433-37.2022.2.12.4344,2020-04-17,embargos de declaração,Dr. Barros,Prazo fatal: 23/01/2026,,S
2599,8678370-92.2025.7.35.9962,8 de junho de 2023,contestação,DRA. CAVALCANTE,juntada de documentos realizada,,não
2600,8215015-64.2021.5.32.1893,10/03/22,agravo regimental,Dr. Barros,prazo para recurso: 28 dias úteis a contar da intimação,,não
2601,4768255-51.2022.4.94.5695,2025-11-30,habilitação,dr. melo,prazo para recurso: 14 dias úteis a contar da intimação,,não
2602,7274275-74.2020.1.22.9780,29 de junho de 2023,réplica,Dr. Barros,prazo para recurso: 5 dias úteis a contar da intimação,20/10/26,
2603,7941836-76.2025.4.34.6543,04/11/21,habilitação,Dr. Barros,juntada de documentos realizada,,0
2604,4417916-40.2022.7.26.4278,22/07/2020,agravo regimental,Dr. Barros,documentos pendentes de entrega pelo cliente,,sim
2605,8062805-72.2022.1.22.8771,2023-03-26,sentença,Dra. Cavalcante,diligência externa necessária,,
2606,1353022-94.2023.9.79.1203,30/01/2022,memoriais,Dra Fontes,Prazo fatal: 18/09/2026,,0
2607,7136189-41.2024.2.60.1768,9 de maio de 2023,petição inicial,dr. melo,aguardando manifestação da parte contrária,04/10/26,sim
2608,2675642-32.2022.8.65.5499,2020-04-05,sentença,Dr. Barros,aguardando manifestação da parte contrária,2026-09-14,1
2609,5631823-61.2020.5.47.1440,27 de dezembro de 2024,petição inicial,Dra. Fontes,prazo para recurso: 26 dias úteis a contar da intimação,25/12/2026,0
2610,4433355-55.2023.8.48.9346,26/05/21,memoriais,DRA. CAVALCANTE,documentos pendentes de entrega pelo cliente,,1
2611,6267378-50.2021.9.19.9923,1 de abril de 2022,embargos de declaração,Dra. Fontes,aguardando manifestação da parte contrária,,não
2612,1974389-81.2024.5.57.9354,05/04/25,audiência de instrução,DRA. CAVALCANTE,Prazo fatal: 26/12/26,09/12/2026,sim
2613,7948577-74.2025.1.60.7583,30 de outubro de 2024,sentença,Dra. Fontes,documentos pendentes de entrega pelo cliente,,N
2614,4417916-40.2022.7.26.4278,04/07/22,audiência de instrução,Dr. Melo,documentos pendentes de entrega pelo cliente,14 de agosto de 2026,sim
2615,8066975-72.2023.7.26.7675,8 de junho de 2024,réplica,Dra. Cavalcante,aguardando manifestação da parte contrária,,N
2616,8749473-21.2020.4.12.9144,12 de dezembro de 2022,intimação,dr. melo,audiência marcada para 18/09/26,,0
2617,5660649-86.2020.5.86.9291,22/04/20,habilitação,dr. melo,diligência externa necessária,,S
2618,9666878-83.2023.6.29.9905,28 de agosto de 2023,acordo extrajudicial,Dr. Barros,documentos pendentes de entrega pelo cliente,1 de abril de 2026,não
2619,7419280-60.2021.1.40.9417,06/05/25,contestação,Dra Fontes,aguardando manifestação da parte contrária,,sim
2620,4568537-97.2021.4.82.7633,2020-01-23,agravo regimental,Dra. Fontes,prazo para recurso: 30 dias úteis a contar da intimação,,não
2621,8382607-83.2020.6.26.3936,18/11/2024,audiência de instrução,Dr. Barros,aguardando manifestação da parte contrária,,sim
2622,3785792-10.2020.5.78.7940,2024-10-25,acordo extrajudicial,DRA. CAVALCANTE,prazo para recurso: 25 dias úteis a contar da intimação,,N
2623,6036037-32.2025.3.53.7515,27/11/2024,agravo regimental,Dra. Fontes,diligência externa necessária,,
2624,6254488-31.2024.9.48.3216,10/10/25,agravo regimental,Dra Fontes,aguardando manifestação da parte contrária,,não
2625,6053412-12.2021.6.72.8346,12/04/22,despacho,Dra Fontes,diligência externa necessária,3 de novembro de 2026,
2626,5755257-93.2020.8.44.2882,4 de fevereiro de 2024,acordo extrajudicial,Dr. Melo,aguardando manifestação da parte contrária,2026-03-22,
2627,8220628-15.2021.8.54.9077,14/04/2022,habilitação,Dra Fontes,prazo para recurso: 10 dias úteis a contar da intimação,,1
2628,6018860-77.2022.1.94.1315,07/01/23,embargos de declaração,DRA. CAVALCANTE,audiência marcada para 19/05/26,,S
2629,6414076-16.2021.7.78.8273,28/06/2020,réplica,Dra. Cavalcante,documentos pendentes de entrega pelo cliente,31/03/26,S
2630,5271615-59.2021.2.54.6844,2025-07-15,petição inicial,Dra. Fontes,diligência externa necessária,,sim
2631,5661974-14.2020.6.39.3137,2024-02-12,petição inicial,DRA. CAVALCANTE,prazo para recurso: 7 dias úteis a contar da intimação,7 de maio de 2026,0
2632,1778149-24.2023.1.86.3557,1 de novembro de 2021,audiência de instrução,Dr. Melo,diligência externa necessária,,1
2633,7110796-41.2020.3.80.5362,30/10/2021,agravo regimental,Dr. Barros,Prazo fatal: 22 de março de 2026,17/04/26,não
2634,7398699-88.2025.6.55.3587,1 de março de 2025,memoriais,Dr. Barros,diligência externa necessária,,
2635,5239450-56.2022.7.99.2371,01/07/2021,petição inicial,Dr. Barros,documentos pendentes de entrega pelo cliente,,não
2636,3464073-25.2022.8.73.5075,3 de outubro de 2023,habilitação,Dra. Cavalcante,aguardando manifestação da parte contrária,23/12/26,
2637,6034606-21.2023.6.18.6684,19/03/26,audiência de instrução,Dra Fontes,aguardando manifestação da parte contrária,,sim
2638,2341370-92.2024.9.60.8122,2020-08-24,laudo pericial,dr. melo,audiência marcada para 08/10/26,,sim
2639,1784068-27.2021.3.12.2538,01/01/24,petição inicial,Dr. Barros,juntada de documentos realizada,17 de fevereiro de 2026,não
2640,1248003-72.2024.2.80.8472,06/07/23,audiência de instrução,Dr. Barros,Prazo fatal: 2026-12-18,2026-04-24,N
2641,5401874-62.2025.2.46.8337,03/03/2025,réplica,Dra Fontes,Prazo fatal: 16 de novembro de 2026,2026-05-21,S
2642,9822459-92.2024.8.17.6403,09/08/22,embargos de declaração,DRA. CAVALCANTE,prazo para recurso: 20 dias úteis a contar da intimação,,sim
2643,1633270-27.2024.2.52.7034,22/05/20,memoriais,DRA. CAVALCANTE,aguardando manifestação da parte contrária,,N
2644,2997279-67.2024.9.84.1441,7 de maio de 2022,acordo extrajudicial,Dr. Melo,Prazo fatal: 26/03/2026,,0
2645,8886588-26.2020.9.65.6361,2023-08-17,audiência de instrução,Dr. Barros,prazo para recurso: 5 dias úteis a contar da intimação,,1
2646,7141324-67.2025.3.86.3413,29/02/2024,intimação,dr. melo,documentos pendentes de entrega pelo cliente,,
2647,6370110-64.2022.3.52.8440,10 de junho de 2025,petição inicial,Dra. Cavalcante,Prazo fatal: 2026-07-24,,sim
2648,3401866-56.2021.1.87.5297,28/07/25,despacho,Dra Fontes,diligência externa necessária,,S
2649,2100417-68.2021.7.29.9662,19 de outubro de 2023,intimação,Dr. Barros,Prazo fatal: 6 de março de 2026,19/03/26,não
2650,9252661-70.2020.1.46.1185,12 de julho de 2025,acordo extrajudicial,dr. melo,prazo para recurso: 10 dias úteis a contar da intimação,6 de junho de 2026,N
2651,5850223-43.2020.3.81.3185,2025-07-22,intimação,Dr. Melo,audiência marcada para 09/09/26,,S
2652,4563779-48.2023.2.87.9606,14/11/25,citação,Dr. Melo,juntada de documentos realizada,19 de outubro de 2026,0
2653,1667591-67.2025.4.69.9424,9 de novembro de 2025,agravo regimental,dr. melo,prazo para recurso: 26 dias úteis a contar da intimação,,não
2654,5432782-56.2021.2.97.6240,2022-08-06,sentença,DRA. CAVALCANTE,Prazo fatal: 02/07/26,,N
2655,5401874-62.2025.2.46.8337,9 de maio de 2022,petição inicial,Dr. Barros,juntada de documentos realizada,,sim
2656,4085001-92.2022.6.76.8938,28/01/2021,memoriais,Dra. Cavalcante,documentos pendentes de entrega pelo cliente,2026-04-04,N
2657,5316105-58.2020.3.22.3571,25 de janeiro de 2024,sentença,Dra. Fontes,aguardando manifestação da parte contrária,4 de outubro de 2026,N
2658,4938178-62.2020.7.27.6072,06/06/22,petição inicial,Dra Fontes,diligência externa necessária,,1
2659,8323566-47.2021.3.26.4644,18 de dezembro de 2022,agravo regimental,dr. melo,diligência externa necessária,,0
2660,1614850-25.2020.8.85.3161,5 de outubro de 2019,acordo extrajudicial,Dr. Barros,Prazo fatal: 2026-12-10,,sim
2661,6953559-38.2025.7.42.9212,11/02/24,despacho,Dr. Barros,prazo para recurso: 11 dias úteis a contar da intimação,,
2662,8630644-97.2025.3.28.1296,2022-04-18,citação,Dra Fontes,audiência marcada para 24/05/26,,não
2663,8286828-70.2022.9.31.8012,02/09/25,acordo extrajudicial,Dra. Cavalcante,audiência marcada para 28/10/26,07/06/2026,
2664,8183950-10.2021.5.84.9388,16 de março de 2025,sentença,DRA. CAVALCANTE,prazo para recurso: 11 dias úteis a contar da intimação,,S
2665,1974389-81.2024.5.57.9354,08/05/23,memoriais,DRA. CAVALCANTE,audiência marcada para 3 de junho de 2026,,0
2666,5284129-51.2020.3.32.5205,2022-08-12,despacho,Dr. Barros,audiência marcada para 2026-09-18,,S
2667,7141324-67.2025.3.86.3413,08/02/2023,agravo regimental,Dr. Barros,juntada de documentos realizada,19/07/26,N
2668,7892487-80.2022.9.64.5036,2025-01-28,recurso de apelação,dr. melo,juntada de documentos realizada,,N
2669,2490107-19.2023.9.10.7930,13 de novembro de 2022,petição inicial,Dr. Barros,aguardando manifestação da parte contrária,,1
2670,3418432-84.2025.3.59.5858,2021-01-19,citação,Dr. Melo,diligência externa necessária,2026-09-26,S
2671,5545511-73.2023.1.66.9757,22/08/2025,petição inicial,dr. melo,aguardando manifestação da parte contrária,,S
2672,8655267-17.2025.3.63.4188,07/06/2021,agravo regimental,Dr. Barros,aguardando manifestação da parte contrária,,1
2673,8220628-15.2021.8.54.9077,29 de agosto de 2024,memoriais,dr. melo,aguardando manifestação da parte contrária,,0
2674,7271178-97.2023.5.84.4243,10/12/2020,laudo pericial,Dr. Barros,audiência marcada para 31/10/26,,não
2675,7223110-52.2024.2.44.8994,2025-06-18,laudo pericial,Dra. Fontes,documentos pendentes de entrega pelo cliente,,não
2676,1272937-41.2023.5.75.9958,25 de agosto de 2022,agravo regimental,dr. melo,aguardando manifestação da parte contrária,,
2677,1445483-93.2023.1.61.7357,23/11/2019,contestação,Dr. Melo,prazo para recurso: 13 dias úteis a contar da intimação,17/03/2026,S
2678,8588997-88.2020.6.29.5987,29 de setembro de 2022,habilitação,Dr. Barros,diligência externa necessária,12 de março de 2026,
2679,7765112-69.2024.9.62.5648,29/01/2023,petição inicial,dr. melo,,,N
2680,9062552-47.2024.4.22.8265,11/04/22,sentença,Dr. Melo,aguardando manifestação da parte contrária,,não
2681,3395583-64.2024.4.41.2181,8 de outubro de 2023,memoriais,Dr. Melo,audiência marcada para 22 de maio de 2026,,0
2682,6260319-38.2024.8.96.1114,25 de setembro de 2022,habilitação,DRA. CAVALCANTE,,,
2683,1778149-24.2023.1.86.3557,10/04/2026,réplica,dr. melo,prazo para recurso: 6 dias úteis a contar da intimação,05/12/2026,não
2684,6992158-64.2024.5.43.7750,2020-02-04,petição inicial,Dra Fontes,aguardando manifestação da parte contrária,,S
2685,4510407-23.2020.5.18.6055,28 de abril de 2026,sentença,Dr. Melo,,,sim
2686,6011987-71.2020.8.10.4396,18 de março de 2020,citação,dr. melo,prazo para recurso: 17 dias úteis a contar da intimação,,
2687,1273300-90.2024.2.80.7378,13/04/25,citação,Dra. Fontes,audiência marcada para 27/07/2026,,S
2688,2019436-32.2020.6.16.9856,03/03/2023,sentença,Dra Fontes,juntada de documentos realizada,,sim
2689,1013314-48.2023.4.39.2083,28/10/2022,memoriais,DRA. CAVALCANTE,diligência externa necessária,,S
2690,2869625-86.2025.7.14.5837,2019-08-10,embargos de declaração,dr. melo,,,N
2691,4134515-43.2021.8.70.4879,16 de junho de 2021,contestação,dr. melo,diligência externa necessária,15/03/26,0
2692,4090182-95.2021.1.57.7189,10/02/23,habilitação,Dra. Fontes,,,sim
2693,5614769-67.2022.9.87.1001,15/01/23,intimação,Dra Fontes,,,N
2694,8382607-83.2020.6.26.3936,05/11/23,laudo pericial,Dr. Barros,juntada de documentos realizada,11/08/2026,N
2695,2966787-79.2022.1.41.9944,22/09/2023,sentença,DRA. CAVALCANTE,juntada de documentos realizada,18 de outubro de 2026,1
2696,7640585-40.2023.1.57.1721,30 de agosto de 2025,laudo pericial,DRA. CAVALCANTE,juntada de documentos realizada,,S
2697,9060164-41.2020.5.36.2381,25/01/21,habilitação,Dra Fontes,aguardando manifestação da parte contrária,,sim
2698,7789809-22.2020.1.73.9031,09/11/2022,recurso de apelação,DRA. CAVALCANTE,juntada de documentos realizada,2026-01-10,sim
2699,5274951-77.2021.1.76.5120,26 de junho de 2023,intimação,Dra. Cavalcante,Prazo fatal: 27 de abril de 2026,31/08/2026,1
2700,5451988-41.2020.2.82.4041,19 de setembro de 2021,recurso de apelação,Dra Fontes,prazo para recurso: 23 dias úteis a contar da intimação,,sim
2701,1964519-55.2020.7.58.6781,1 de julho de 2023,laudo pericial,Dr. Barros,Prazo fatal: 2026-09-23,,
2702,2554938-48.2024.1.13.4544,23/12/2025,citação,Dra Fontes,audiência marcada para 2026-09-27,,0
2703,3542799-64.2025.6.13.7299,21 de agosto de 2022,intimação,DRA. CAVALCANTE,aguardando manifestação da parte contrária,,sim
2704,4721085-96.2020.6.92.9645,15/11/2024,audiência de instrução,Dr. Barros,Prazo fatal: 25/05/2026,,não
2705,1784068-27.2021.3.12.2538,27/06/23,acordo extrajudicial,DRA. CAVALCANTE,audiência marcada para 2026-09-21,,1
2706,4092125-65.2025.3.26.9073,03/06/25,laudo pericial,Dr. Barros,prazo para recurso: 13 dias úteis a contar da intimação,,não
2707,5074974-98.2023.8.21.9881,2023-11-26,despacho,Dra. Fontes,Prazo fatal: 16/02/2026,,0
2708,4452862-76.2021.3.27.3238,19/10/2025,embargos de declaração,Dra. Cavalcante,juntada de documentos realizada,2026-12-11,0
2709,7136189-41.2024.2.60.1768,2024-04-29,intimação,dr. melo,aguardando manifestação da parte contrária,,N
2710,3542616-60.2022.3.87.6536,1 de março de 2023,contestação,Dr. Barros,diligência externa necessária,,1
2711,5991409-16.2021.8.44.1303,14/09/2021,intimação,Dra. Cavalcante,documentos pendentes de entrega pelo cliente,,não
2712,2186433-37.2022.2.12.4344,27 de fevereiro de 2024,despacho,Dr. Barros,aguardando manifestação da parte contrária,,N
2713,2895065-46.2022.7.67.1438,05/08/25,audiência de instrução,Dra. Fontes,prazo para recurso: 8 dias úteis a contar da intimação,,1
2714,5700249-43.2020.5.57.9341,01/09/24,despacho,DRA. CAVALCANTE,aguardando manifestação da parte contrária,10/07/2026,N
2715,9057219-99.2020.9.96.3254,27 de agosto de 2019,audiência de instrução,Dra. Cavalcante,juntada de documentos realizada,,0
2716,5144296-22.2022.4.87.9648,6 de dezembro de 2021,citação,Dr. Melo,Prazo fatal: 6 de maio de 2026,,
2717,9636371-69.2025.8.67.4068,13 de fevereiro de 2022,audiência de instrução,DRA. CAVALCANTE,audiência marcada para 17/03/26,,sim
2718,8183950-10.2021.5.84.9388,2023-01-11,embargos de declaração,Dr. Melo,aguardando manifestação da parte contrária,,0
2719,3750497-13.2024.6.65.9009,2021-05-24,embargos de declaração,DRA. CAVALCANTE,Prazo fatal: 2026-08-29,,não
2720,4090182-95.2021.1.57.7189,4 de abril de 2025,sentença,DRA. CAVALCANTE,,,1
2721,8157599-64.2024.2.89.5276,10/04/2024,contestação,Dr. Barros,prazo para recurso: 24 dias úteis a contar da intimação,,0
2722,3734843-61.2021.3.94.2954,8 de fevereiro de 2020,embargos de declaração,dr. melo,diligência externa necessária,,1
2723,9824532-76.2023.6.37.2040,31 de março de 2021,audiência de instrução,Dr. Melo,audiência marcada para 21/05/26,,não
2724,5068524-45.2025.9.91.6906,17/01/22,sentença,Dr. Barros,diligência externa necessária,,1
2725,5210656-44.2021.1.39.2474,24/09/22,agravo regimental,dr. melo,,,N
2726,3585301-47.2021.7.73.3469,22/10/2022,sentença,Dr. Melo,documentos pendentes de entrega pelo cliente,,S
2727,9398629-61.2022.5.88.8253,2020-11-13,laudo pericial,Dr. Melo,prazo para recurso: 14 dias úteis a contar da intimação,2026-07-29,S
2728,7222167-30.2022.8.44.7452,1 de agosto de 2023,despacho,Dr. Barros,,30/12/26,não
2729,4061044-97.2023.7.99.3676,20/09/2024,contestação,Dr. Melo,audiência marcada para 21/11/2026,10/11/2026,1
2730,4415624-13.2024.9.14.9480,26/02/2022,memoriais,DRA. CAVALCANTE,audiência marcada para 2026-11-26,,não
2731,1974389-81.2024.5.57.9354,06/02/2021,contestação,Dra Fontes,juntada de documentos realizada,,não
2732,5483975-50.2024.8.92.4422,19/01/22,despacho,DRA. CAVALCANTE,audiência marcada para 2026-04-14,2026-05-10,
2733,3376786-12.2020.7.64.5093,10/02/2020,memoriais,Dra. Fontes,documentos pendentes de entrega pelo cliente,21 de janeiro de 2026,sim
2734,1615190-23.2022.2.42.6238,2023-03-24,petição inicial,Dr. Melo,Prazo fatal: 23/09/26,,
2735,6779292-61.2021.4.86.2783,2026-02-13,memoriais,DRA. CAVALCANTE,juntada de documentos realizada,2026-04-27,S
2736,7724543-49.2023.9.44.7412,28/04/2020,petição inicial,Dr. Barros,aguardando manifestação da parte contrária,,
2737,4016576-41.2022.7.10.6952,1 de dezembro de 2020,audiência de instrução,dr. melo,juntada de documentos realizada,2026-06-30,sim
2738,9071705-28.2021.9.78.4746,1 de fevereiro de 2023,habilitação,Dra. Fontes,diligência externa necessária,2026-08-18,S
2739,7323234-16.2020.9.59.5035,22/05/25,agravo regimental,Dra Fontes,juntada de documentos realizada,,não
2740,7640585-40.2023.1.57.1721,29/07/2022,laudo pericial,Dr. Barros,documentos pendentes de entrega pelo cliente,,1
2741,3588109-63.2023.1.26.4223,2025-12-26,habilitação,Dr. Melo,audiência marcada para 13/07/26,2026-08-02,não
2742,5786762-52.2021.9.21.3037,17/02/21,despacho,dr. melo,,,
2743,2869625-86.2025.7.14.5837,2022-05-28,contestação,Dr. Barros,prazo para recurso: 17 dias úteis a contar da intimação,,sim
2744,2895065-46.2022.7.67.1438,27/03/2020,acordo extrajudicial,Dr. Barros,Prazo fatal: 7 de outubro de 2026,,S
2745,4065326-72.2025.8.58.5304,5 de março de 2024,contestação,Dr. Barros,,2 de janeiro de 2026,0
2746,5967836-10.2021.4.35.9671,01/05/25,citação,dr. melo,juntada de documentos realizada,14/01/2026,1
2747,7381740-86.2021.2.88.6570,2022-09-26,acordo extrajudicial,Dr. Barros,juntada de documentos realizada,,sim
2748,9071705-28.2021.9.78.4746,5 de agosto de 2021,intimação,Dr. Barros,documentos pendentes de entrega pelo cliente,,não
2749,2191287-57.2021.1.18.8228,2 de abril de 2023,audiência de instrução,Dra. Fontes,juntada de documentos realizada,,não
2750,2884639-86.2023.2.31.8737,05/12/21,agravo regimental,Dr. Barros,audiência marcada para 9 de novembro de 2026,,sim
2751,1272937-41.2023.5.75.9958,22/08/25,laudo pericial,DRA. CAVALCANTE,prazo para recurso: 12 dias úteis a contar da intimação,,
2752,7243958-65.2020.5.25.5047,2024-03-21,réplica,Dra Fontes,audiência marcada para 2026-05-22,,
2753,2545435-52.2025.3.59.7623,22/01/2026,acordo extrajudicial,Dr. Barros,juntada de documentos realizada,,1
2754,5703772-88.2020.8.34.6114,2022-07-10,sentença,Dr. Melo,diligência externa necessária,,N
2755,4314934-26.2021.7.14.7244,30/07/24,memoriais,Dra. Fontes,documentos pendentes de entrega pelo cliente,7 de fevereiro de 2026,0
2756,6404948-40.2021.7.68.7161,2023-11-19,acordo extrajudicial,Dr. Melo,audiência marcada para 15 de dezembro de 2026,,1
2757,9252661-70.2020.1.46.1185,15 de junho de 2019,agravo regimental,DRA. CAVALCANTE,,,0
2758,8183950-10.2021.5.84.9388,07/08/2020,embargos de declaração,Dra. Fontes,diligência externa necessária,21/06/26,sim
2759,4299848-20.2023.2.47.7396,26/04/26,embargos de declaração,DRA. CAVALCANTE,juntada de documentos realizada,26 de setembro de 2026,sim
2760,7820540-78.2023.1.75.4823,19 de julho de 2023,embargos de declaração,dr. melo,diligência externa necessária,,sim
2761,2236315-26.2022.5.82.8939,2023-10-24,contestação,dr. melo,juntada de documentos realizada,,1
2762,2632721-15.2024.7.90.9593,2023-01-25,citação,Dra Fontes,documentos pendentes de entrega pelo cliente,,1
2763,1676369-34.2022.3.47.6087,26/08/2023,intimação,Dr. Barros,diligência externa necessária,17/06/2026,1
2764,3710559-31.2020.9.95.2540,19/06/20,réplica,dr. melo,prazo para recurso: 26 dias úteis a contar da intimação,,não
2765,4415624-13.2024.9.14.9480,5 de novembro de 2021,memoriais,Dra. Cavalcante,audiência marcada para 11/12/26,2026-08-08,1
2766,2575202-50.2023.1.54.9627,2022-10-11,petição inicial,Dr. Barros,,,sim
2767,8574876-96.2020.7.97.4673,21/04/25,citação,dr. melo,audiência marcada para 15/06/26,,sim
2768,2869625-86.2025.7.14.5837,23/02/2024,citação,Dra. Cavalcante,Prazo fatal: 3 de novembro de 2026,,0
2769,2997279-67.2024.9.84.1441,14/04/2023,contestação,Dr. Melo,diligência externa necessária,,1
2770,4452862-76.2021.3.27.3238,24/01/23,habilitação,DRA. CAVALCANTE,,31/10/2026,1
2771,2632721-15.2024.7.90.9593,6 de dezembro de 2021,intimação,Dr. Barros,aguardando manifestação da parte contrária,7 de junho de 2026,N
2772,6425355-10.2021.6.53.2041,09/06/2024,contestação,Dra. Cavalcante,audiência marcada para 2026-03-12,14/08/2026,0
2773,8590346-68.2020.7.63.7780,2020-10-26,laudo pericial,DRA. CAVALCANTE,juntada de documentos realizada,,S
2774,2328070-99.2024.8.57.5561,2020-07-27,acordo extrajudicial,Dr. Melo,prazo para recurso: 12 dias úteis a contar da intimação,31/08/2026,N
2775,2118934-75.2023.5.97.9563,2024-10-26,agravo regimental,DRA. CAVALCANTE,aguardando manifestação da parte contrária,,não
2776,5788467-41.2023.8.93.8134,2022-01-30,contestação,Dra Fontes,aguardando manifestação da parte contrária,,N
2777,8215015-64.2021.5.32.1893,2021-07-17,citação,Dr. Barros,audiência marcada para 18/05/2026,,sim
2778,6445422-21.2020.5.39.8096,23 de julho de 2025,recurso de apelação,Dra. Cavalcante,documentos pendentes de entrega pelo cliente,04/07/2026,sim
2779,5660649-86.2020.5.86.9291,22/01/2024,agravo regimental,Dra. Cavalcante,Prazo fatal: 2026-02-02,,S
2780,3879233-61.2024.5.30.1494,24 de junho de 2023,habilitação,Dra. Fontes,documentos pendentes de entrega pelo cliente,,não
2781,1165147-13.2020.2.47.5874,22 de agosto de 2024,sentença,Dr. Barros,diligência externa necessária,27 de fevereiro de 2026,S
2782,8574876-96.2020.7.97.4673,2024-04-03,embargos de declaração,Dr. Barros,audiência marcada para 2026-08-24,,sim
2783,2869625-86.2025.7.14.5837,03/12/2025,sentença,Dr. Barros,Prazo fatal: 29/01/26,,sim
2784,7724543-49.2023.9.44.7412,08/03/26,laudo pericial,Dr. Barros,,,N
2785,8382607-83.2020.6.26.3936,2020-07-03,intimação,dr. melo,aguardando manifestação da parte contrária,15/12/2026,
2786,8368255-39.2020.9.60.4414,2024-07-06,memoriais,Dr. Melo,prazo para recurso: 15 dias úteis a contar da intimação,,
2787,3168718-77.2025.2.92.8027,2023-09-30,agravo regimental,Dra. Cavalcante,juntada de documentos realizada,,
2788,8717678-27.2025.5.11.4526,2024-11-23,audiência de instrução,dr. melo,aguardando manifestação da parte contrária,,não
2789,1602496-64.2022.5.79.8340,08/03/2025,audiência de instrução,Dra Fontes,prazo para recurso: 10 dias úteis a contar da intimação,,1
2790,5514997-95.2024.1.84.8098,2020-03-25,despacho,Dr. Melo,aguardando manifestação da parte contrária,2026-09-23,não
2791,2411026-52.2022.6.26.7373,29/09/2023,recurso de apelação,Dr. Barros,prazo para recurso: 27 dias úteis a contar da intimação,,S
2792,6547287-16.2023.4.15.7491,27/02/21,petição inicial,Dra. Fontes,,,1
2793,5438623-45.2022.4.51.7250,29/01/26,laudo pericial,Dra Fontes,,,1
2794,6779292-61.2021.4.86.2783,07/08/21,citação,Dr. Melo,aguardando manifestação da parte contrária,,sim
2795,5660649-86.2020.5.86.9291,17/09/2022,despacho,Dr. Melo,prazo para recurso: 10 dias úteis a contar da intimação,2026-11-15,não
2796,8157599-64.2024.2.89.5276,13 de dezembro de 2022,embargos de declaração,dr. melo,diligência externa necessária,,sim
2797,1735592-50.2022.9.87.5612,24/08/2025,petição inicial,Dra. Cavalcante,Prazo fatal: 01/10/26,,S
2798,7141324-67.2025.3.86.3413,2021-06-26,memoriais,Dra. Fontes,diligência externa necessária,,N
2799,1754781-28.2025.6.89.2162,25/05/2023,agravo regimental,Dra. Cavalcante,audiência marcada para 24/10/2026,16 de março de 2026,não
2800,1165147-13.2020.2.47.5874,29/02/2024,réplica,Dra. Fontes,,07/04/2026,1
2801,7951127-89.2024.1.63.3502,21/01/20,acordo extrajudicial,dr. melo,documentos pendentes de entrega pelo cliente,9 de maio de 2026,N
2802,9057219-99.2020.9.96.3254,25 de janeiro de 2023,audiência de instrução,Dr. Barros,audiência marcada para 2026-12-03,09/06/26,1
2803,9686751-57.2022.7.62.3494,27/06/20,acordo extrajudicial,Dr. Melo,,28/08/2026,S
2804,1237577-83.2022.8.91.4649,08/01/21,audiência de instrução,Dra Fontes,Prazo fatal: 2026-12-05,12/01/26,1
2805,4961530-22.2021.4.22.6290,22/03/2023,despacho,DRA. CAVALCANTE,diligência externa necessária,,S
2806,3754895-37.2021.6.18.8502,07/06/2023,laudo pericial,Dra. Fontes,prazo para recurso: 17 dias úteis a contar da intimação,,S
2807,6779292-61.2021.4.86.2783,09/04/23,réplica,dr. melo,prazo para recurso: 6 dias úteis a contar da intimação,,S
2808,6334947-38.2020.4.71.6173,2023-07-03,audiência de instrução,Dra. Cavalcante,documentos pendentes de entrega pelo cliente,,S
2809,1411065-96.2022.9.64.8271,03/11/2025,petição inicial,Dr. Melo,audiência marcada para 2026-11-18,31/12/26,
2810,7486138-99.2020.5.81.4332,09/08/2025,intimação,Dra. Cavalcante,documentos pendentes de entrega pelo cliente,,não
2811,9885734-21.2023.9.74.3450,28/02/21,embargos de declaração,Dr. Barros,prazo para recurso: 14 dias úteis a contar da intimação,2026-01-07,1
2812,8572382-61.2025.1.41.7172,04/09/23,intimação,Dra. Cavalcante,juntada de documentos realizada,18/04/2026,0
2813,5159219-49.2023.5.25.3676,13/12/2024,agravo regimental,DRA. CAVALCANTE,juntada de documentos realizada,,não
2814,7236875-79.2024.7.97.5566,09/04/24,contestação,Dr. Barros,Prazo fatal: 2026-07-08,,S
2815,4824419-32.2024.5.47.3265,2022-07-12,sentença,Dr. Melo,Prazo fatal: 2026-02-24,09/01/26,sim
2816,5625093-80.2022.9.16.6618,24/12/2024,embargos de declaração,Dr. Barros,diligência externa necessária,,
2817,5462435-11.2024.9.85.2977,2022-04-20,petição inicial,Dr. Barros,diligência externa necessária,,sim
2818,3821719-15.2025.2.86.2518,20/06/24,agravo regimental,Dra. Fontes,documentos pendentes de entrega pelo cliente,,1
2819,7916680-90.2022.1.67.1785,29/05/2021,sentença,DRA. CAVALCANTE,audiência marcada para 19 de setembro de 2026,,sim
2820,9408522-77.2021.3.36.8376,2022-08-01,memoriais,DRA. CAVALCANTE,prazo para recurso: 11 dias úteis a contar da intimação,25/11/2026,1
2821,7486138-99.2020.5.81.4332,30/01/26,agravo regimental,Dra. Fontes,diligência externa necessária,,1
2822,9489806-94.2021.2.55.9162,28/03/2025,memoriais,Dr. Barros,prazo para recurso: 28 dias úteis a contar da intimação,3 de julho de 2026,1
2823,5545511-73.2023.1.66.9757,01/01/2022,audiência de instrução,Dr. Barros,documentos pendentes de entrega pelo cliente,2026-01-11,
2824,8209168-30.2020.1.41.7632,2021-08-20,acordo extrajudicial,dr. melo,juntada de documentos realizada,31 de maio de 2026,não
2825,7979033-26.2021.6.18.1084,21/12/20,intimação,Dr. Melo,audiência marcada para 28/03/26,,N
2826,5991409-16.2021.8.44.1303,2023-05-29,agravo regimental,Dr. Barros,diligência externa necessária,,
2827,6011987-71.2020.8.10.4396,2 de julho de 2021,laudo pericial,Dra Fontes,,,1
2828,8183950-10.2021.5.84.9388,26/12/2022,despacho,Dr. Melo,audiência marcada para 3 de novembro de 2026,,1
2829,4721085-96.2020.6.92.9645,01/10/21,laudo pericial,Dr. Melo,documentos pendentes de entrega pelo cliente,2026-05-16,0
2830,7245951-43.2021.4.11.7623,26/03/24,contestação,Dra. Fontes,diligência externa necessária,,N
2831,4721085-96.2020.6.92.9645,11/07/21,laudo pericial,Dra. Fontes,documentos pendentes de entrega pelo cliente,,não
2832,8843195-99.2024.6.39.2836,2019-09-20,memoriais,dr. melo,documentos pendentes de entrega pelo cliente,,N
2833,7115217-41.2025.1.67.7692,04/05/2021,embargos de declaração,Dr. Barros,Prazo fatal: 24 de dezembro de 2026,,não
2834,9057219-99.2020.9.96.3254,05/06/21,recurso de apelação,DRA. CAVALCANTE,,,não
2835,8886588-26.2020.9.65.6361,05/02/2020,memoriais,DRA. CAVALCANTE,documentos pendentes de entrega pelo cliente,,N
2836,4865461-96.2025.2.64.9143,26/06/20,petição inicial,Dr. Barros,juntada de documentos realizada,2026-08-06,0
2837,9798556-59.2021.3.62.3110,02/03/2025,sentença,Dra. Cavalcante,audiência marcada para 2026-06-15,29 de outubro de 2026,N
2838,6034606-21.2023.6.18.6684,28 de setembro de 2023,habilitação,Dra. Fontes,Prazo fatal: 16/04/26,,N
2839,2966787-79.2022.1.41.9944,07/03/24,petição inicial,dr. melo,aguardando manifestação da parte contrária,20/08/26,S
2840,7789809-22.2020.1.73.9031,26/02/22,petição inicial,Dra. Fontes,diligência externa necessária,26/02/26,N
2841,8530609-10.2021.5.41.7151,2019-11-24,sentença,Dr. Melo,aguardando manifestação da parte contrária,,1
2842,9057960-29.2025.5.10.6072,08/01/2023,acordo extrajudicial,Dra Fontes,documentos pendentes de entrega pelo cliente,,S
2843,5853247-29.2020.7.62.8870,15/04/2025,agravo regimental,Dra. Fontes,audiência marcada para 01/12/2026,,
2844,6414076-16.2021.7.78.8273,24/04/2025,audiência de instrução,Dra. Cavalcante,,22 de fevereiro de 2026,S
2845,6694761-39.2022.1.10.2199,17/07/24,réplica,DRA. CAVALCANTE,,24/12/2026,N
2846,6663627-76.2023.9.26.5770,28/05/2021,sentença,Dra. Cavalcante,documentos pendentes de entrega pelo cliente,,S
2847,3588109-63.2023.1.26.4223,17 de abril de 2020,laudo pericial,DRA. CAVALCANTE,prazo para recurso: 20 dias úteis a contar da intimação,01/02/26,sim
2848,6836135-90.2022.9.37.5643,2020-05-02,audiência de instrução,Dra. Cavalcante,Prazo fatal: 09/12/26,,N
2849,7222167-30.2022.8.44.7452,11 de janeiro de 2023,intimação,Dra. Cavalcante,documentos pendentes de entrega pelo cliente,2026-01-19,1
2850,1833330-93.2025.8.61.3405,02/07/2020,réplica,Dra. Fontes,aguardando manifestação da parte contrária,,não
2851,5747786-52.2023.7.30.3750,2020-11-10,contestação,Dr. Barros,Prazo fatal: 24 de maio de 2026,05/06/26,
2852,5401874-62.2025.2.46.8337,2021-08-29,réplica,Dr. Barros,diligência externa necessária,,0
2853,9804642-71.2024.4.76.5486,28/10/2022,laudo pericial,Dra. Fontes,prazo para recurso: 12 dias úteis a contar da intimação,26/07/2026,
2854,8572382-61.2025.1.41.7172,09/08/21,acordo extrajudicial,Dra Fontes,,,0
2855,7486138-99.2020.5.81.4332,2024-04-26,audiência de instrução,Dra. Cavalcante,diligência externa necessária,2026-05-04,1
2856,5867457-18.2023.9.16.7298,16/12/24,recurso de apelação,Dr. Barros,juntada de documentos realizada,,0
2857,9804642-71.2024.4.76.5486,29/08/22,sentença,Dra. Cavalcante,prazo para recurso: 19 dias úteis a contar da intimação,31/12/26,1
2858,4865461-96.2025.2.64.9143,04/03/2023,habilitação,DRA. CAVALCANTE,aguardando manifestação da parte contrária,,S
2859,3585301-47.2021.7.73.3469,2020-08-18,contestação,Dra. Fontes,,,N
2860,5518767-82.2023.4.96.9873,25/08/2021,memoriais,Dr. Barros,diligência externa necessária,12/11/2026,0
2861,4090182-95.2021.1.57.7189,23/02/2021,petição inicial,dr. melo,Prazo fatal: 10/07/2026,22/08/2026,não
2862,5967836-10.2021.4.35.9671,29/05/25,despacho,Dr. Barros,prazo para recurso: 6 dias úteis a contar da intimação,02/10/26,
2863,9168044-67.2022.1.26.3054,03/06/2020,audiência de instrução,Dra. Cavalcante,aguardando manifestação da parte contrária,21/02/26,0
2864,5159882-37.2022.9.71.7550,13/11/2024,contestação,dr. melo,documentos pendentes de entrega pelo cliente,26/02/26,S
2865,9252661-70.2020.1.46.1185,19/07/25,audiência de instrução,Dr. Barros,,22 de dezembro de 2026,0
2866,6476769-27.2021.5.22.2570,2022-05-18,contestação,Dra. Cavalcante,diligência externa necessária,,0
2867,5159219-49.2023.5.25.3676,2025-05-16,embargos de declaração,Dr. Barros,documentos pendentes de entrega pelo cliente,,
2868,1742202-63.2023.6.68.9372,08/05/2019,embargos de declaração,DRA. CAVALCANTE,aguardando manifestação da parte contrária,,0
2869,7438163-48.2021.3.47.1186,2025-12-27,citação,DRA. CAVALCANTE,Prazo fatal: 12 de setembro de 2026,,
2870,2118934-75.2023.5.97.9563,22/05/2024,laudo pericial,DRA. CAVALCANTE,prazo para recurso: 18 dias úteis a contar da intimação,,não
2871,5144296-22.2022.4.87.9648,29/06/2023,laudo pericial,Dr. Barros,documentos pendentes de entrega pelo cliente,16/10/26,sim
2872,1833330-93.2025.8.61.3405,12/07/24,sentença,Dra. Cavalcante,diligência externa necessária,,1
2873,8286828-70.2022.9.31.8012,11/01/26,intimação,Dra. Fontes,documentos pendentes de entrega pelo cliente,,não
2874,6779292-61.2021.4.86.2783,2023-12-13,acordo extrajudicial,Dra Fontes,audiência marcada para 26 de março de 2026,,S
2875,1754781-28.2025.6.89.2162,2026-03-03,habilitação,dr. melo,,05/02/26,sim
2876,5124342-11.2025.5.50.6107,2 de dezembro de 2022,citação,Dra Fontes,prazo para recurso: 21 dias úteis a contar da intimação,,
2877,3306375-34.2024.9.48.9154,17/12/2025,sentença,Dra. Fontes,audiência marcada para 21/04/26,,0
2878,3542616-60.2022.3.87.6536,20/02/2023,citação,Dra. Cavalcante,documentos pendentes de entrega pelo cliente,2026-11-14,sim
2879,2545435-52.2025.3.59.7623,09/06/22,laudo pericial,dr. melo,documentos pendentes de entrega pelo cliente,25 de junho de 2026,1
2880,6334947-38.2020.4.71.6173,2020-12-12,intimação,Dr. Barros,juntada de documentos realizada,,1
2881,1099617-37.2023.9.61.1793,11/05/2025,embargos de declaração,dr. melo,aguardando manifestação da parte contrária,,1
2882,6003915-30.2025.6.37.7681,23/04/20,laudo pericial,Dr. Melo,Prazo fatal: 2026-09-04,,
2883,6036037-32.2025.3.53.7515,29/01/23,recurso de apelação,dr. melo,documentos pendentes de entrega pelo cliente,,sim
2884,6663627-76.2023.9.26.5770,06/02/2022,petição inicial,dr. melo,diligência externa necessária,2026-03-12,1
2885,9168044-67.2022.1.26.3054,2024-11-13,acordo extrajudicial,Dr. Barros,aguardando manifestação da parte contrária,,sim
2886,2837371-36.2022.7.88.5428,1 de março de 2026,audiência de instrução,dr. melo,documentos pendentes de entrega pelo cliente,24/05/2026,S
2887,5518767-82.2023.4.96.9873,2020-10-05,audiência de instrução,Dra Fontes,prazo para recurso: 28 dias úteis a contar da intimação,5 de janeiro de 2026,1
2888,2909764-51.2025.7.78.2223,2020-08-28,citação,Dr. Barros,prazo para recurso: 11 dias úteis a contar da intimação,29/05/26,S
2889,6036037-32.2025.3.53.7515,2024-03-31,despacho,DRA. CAVALCANTE,prazo para recurso: 8 dias úteis a contar da intimação,26/01/2026,0
2890,4085001-92.2022.6.76.8938,2025-03-11,recurso de apelação,Dra Fontes,juntada de documentos realizada,2026-04-22,sim
2891,5462435-11.2024.9.85.2977,2020-11-13,agravo regimental,dr. melo,aguardando manifestação da parte contrária,03/09/2026,1
2892,2191287-57.2021.1.18.8228,2022-08-11,audiência de instrução,Dr. Barros,juntada de documentos realizada,,N
2893,2019436-32.2020.6.16.9856,1 de dezembro de 2020,audiência de instrução,Dra Fontes,Prazo fatal: 2026-01-29,2026-06-02,
2894,7274275-74.2020.1.22.9780,20 de setembro de 2020,memoriais,Dra. Cavalcante,juntada de documentos realizada,,0
2895,7813974-60.2021.1.81.1542,8 de maio de 2019,despacho,Dr. Barros,juntada de documentos realizada,,não
2896,8209168-30.2020.1.41.7632,11 de setembro de 2020,réplica,Dra Fontes,aguardando manifestação da parte contrária,2026-02-24,0
2897,7274275-74.2020.1.22.9780,2022-10-30,memoriais,dr. melo,documentos pendentes de entrega pelo cliente,,
2898,4865461-96.2025.2.64.9143,2023-12-22,acordo extrajudicial,Dr. Barros,documentos pendentes de entrega pelo cliente,,S
2899,4202942-75.2025.6.91.7611,23 de março de 2023,despacho,Dra. Fontes,juntada de documentos realizada,2026-08-07,1
2900,6865513-17.2021.7.21.3938,2025-08-08,despacho,Dr. Barros,aguardando manifestação da parte contrária,,sim
2901,8905709-90.2020.9.55.2471,14 de agosto de 2024,despacho,Dr. Barros,diligência externa necessária,,1
2902,5451988-41.2020.2.82.4041,2026-04-26,audiência de instrução,Dr. Barros,Prazo fatal: 28 de maio de 2026,2026-01-06,N
2903,4384627-80.2021.2.13.1061,03/05/2024,habilitação,Dra. Fontes,prazo para recurso: 17 dias úteis a contar da intimação,,não
2904,9686751-57.2022.7.62.3494,20/11/24,acordo extrajudicial,Dr. Barros,juntada de documentos realizada,,1
2905,5124342-11.2025.5.50.6107,12/01/2021,réplica,Dra Fontes,,,0
2906,1966014-66.2022.7.82.2137,2024-09-03,recurso de apelação,dr. melo,Prazo fatal: 2026-07-13,,sim
2907,4452862-76.2021.3.27.3238,8 de junho de 2024,citação,Dra. Cavalcante,aguardando manifestação da parte contrária,28/03/26,1
2908,6416661-36.2021.8.21.8496,13 de maio de 2023,petição inicial,Dr. Barros,juntada de documentos realizada,22/09/2026,não
2909,2016341-89.2023.7.48.2724,13/09/2020,despacho,Dr. Barros,prazo para recurso: 26 dias úteis a contar da intimação,2026-08-18,não
2910,8714773-70.2022.9.65.8541,22/07/23,habilitação,dr. melo,documentos pendentes de entrega pelo cliente,,N
2911,4493339-70.2021.7.17.8725,02/10/20,petição inicial,Dra Fontes,diligência externa necessária,,sim
2912,3785792-10.2020.5.78.7940,2020-05-28,contestação,Dr. Barros,diligência externa necessária,16/02/2026,
2913,8168450-48.2020.2.65.4570,28 de março de 2022,audiência de instrução,Dr. Barros,audiência marcada para 9 de novembro de 2026,,S
2914,1098476-20.2021.1.47.3336,2025-10-28,contestação,Dr. Barros,Prazo fatal: 17/02/2026,2026-02-07,N
2915,3346094-93.2020.2.94.1759,17/10/2023,memoriais,Dr. Melo,juntada de documentos realizada,30/12/2026,S
2916,1664676-19.2021.8.64.4616,24/04/2026,memoriais,Dr. Barros,audiência marcada para 12 de maio de 2026,,N
2917,8749473-21.2020.4.12.9144,24/01/21,recurso de apelação,Dra Fontes,documentos pendentes de entrega pelo cliente,,0
2918,7065068-16.2021.7.14.6489,19/01/24,audiência de instrução,Dra. Cavalcante,documentos pendentes de entrega pelo cliente,,S
2919,8323566-47.2021.3.26.4644,17/12/2024,sentença,Dra Fontes,aguardando manifestação da parte contrária,,não
2920,8843990-84.2020.6.68.3017,22/02/2024,sentença,Dr. Barros,audiência marcada para 27/11/2026,24 de fevereiro de 2026,0
2921,5116418-16.2025.3.98.2234,25 de maio de 2025,agravo regimental,dr. melo,diligência externa necessária,04/07/2026,sim
2922,8066975-72.2023.7.26.7675,28 de abril de 2023,agravo regimental,dr. melo,,,não
2923,4064382-39.2022.4.13.8937,09/11/2022,laudo pericial,DRA. CAVALCANTE,aguardando manifestação da parte contrária,,não
2924,7848147-32.2021.6.58.3528,05/08/2019,acordo extrajudicial,DRA. CAVALCANTE,prazo para recurso: 25 dias úteis a contar da intimação,21/04/2026,1
2925,3821719-15.2025.2.86.2518,22 de julho de 2025,intimação,Dra. Cavalcante,diligência externa necessária,,N
2926,6334947-38.2020.4.71.6173,2019-04-09,habilitação,Dra. Cavalcante,,,S
2927,6935346-77.2024.3.52.9529,28/06/20,despacho,Dra. Fontes,prazo para recurso: 19 dias úteis a contar da intimação,,S
2928,5703772-88.2020.8.34.6114,10/03/23,habilitação,Dr. Barros,,19/11/26,S
2929,8749473-21.2020.4.12.9144,2020-06-13,embargos de declaração,Dr. Barros,diligência externa necessária,2026-06-08,sim
2930,5700249-43.2020.5.57.9341,2025-05-23,acordo extrajudicial,Dra. Cavalcante,documentos pendentes de entrega pelo cliente,,sim
2931,8215015-64.2021.5.32.1893,27/04/2024,réplica,Dra Fontes,aguardando manifestação da parte contrária,11/12/26,1
2932,5112941-62.2021.1.89.5887,05/03/25,audiência de instrução,Dr. Barros,diligência externa necessária,,0
2933,1964519-55.2020.7.58.6781,2025-08-20,intimação,Dra Fontes,documentos pendentes de entrega pelo cliente,,1
2934,1757615-27.2025.7.10.3762,2020-12-24,embargos de declaração,Dr. Melo,diligência externa necessária,,1
2935,7892487-80.2022.9.64.5036,2021-06-17,despacho,dr. melo,documentos pendentes de entrega pelo cliente,,sim
2936,1101935-78.2023.5.88.5299,30/05/2024,embargos de declaração,Dra Fontes,aguardando manifestação da parte contrária,22/08/2026,1
2937,9302979-43.2025.9.68.7487,20/03/21,réplica,dr. melo,prazo para recurso: 24 dias úteis a contar da intimação,,sim
2938,5112941-62.2021.1.89.5887,14/02/23,recurso de apelação,Dr. Barros,diligência externa necessária,01/10/2026,não
2939,5786762-52.2021.9.21.3037,2023-09-10,sentença,Dra. Cavalcante,juntada de documentos realizada,,S
2940,5483975-50.2024.8.92.4422,2020-03-09,agravo regimental,dr. melo,prazo para recurso: 28 dias úteis a contar da intimação,24 de novembro de 2026,0
2941,7765112-69.2024.9.62.5648,12/05/2020,sentença,Dr. Melo,aguardando manifestação da parte contrária,,não
2942,6034606-21.2023.6.18.6684,11/08/2025,citação,dr. melo,juntada de documentos realizada,,não
2943,6254488-31.2024.9.48.3216,24/10/2023,memoriais,DRA. CAVALCANTE,documentos pendentes de entrega pelo cliente,,
2944,5401874-62.2025.2.46.8337,2021-12-06,citação,DRA. CAVALCANTE,prazo para recurso: 30 dias úteis a contar da intimação,2026-04-21,
2945,9970343-38.2020.5.18.4483,2021-02-15,memoriais,Dra. Cavalcante,aguardando manifestação da parte contrária,,não
2946,5074974-98.2023.8.21.9881,2020-10-06,intimação,dr. melo,documentos pendentes de entrega pelo cliente,08/08/2026,N
2947,2292432-35.2025.5.83.7063,15 de fevereiro de 2026,réplica,dr. melo,audiência marcada para 8 de março de 2026,,não
2948,1614850-25.2020.8.85.3161,08/11/2025,petição inicial,Dra Fontes,,,0
2949,3401866-56.2021.1.87.5297,26/11/23,sentença,Dra. Fontes,Prazo fatal: 31/01/2026,,N
2950,8588997-88.2020.6.29.5987,2024-04-18,laudo pericial,Dr. Barros,prazo para recurso: 23 dias úteis a contar da intimação,,N
2951,1615190-23.2022.2.42.6238,16/06/20,acordo extrajudicial,Dra. Cavalcante,audiência marcada para 8 de julho de 2026,,sim
2952,5472823-70.2022.4.41.7624,2024-06-14,sentença,Dra Fontes,aguardando manifestação da parte contrária,28 de novembro de 2026,não
2953,7848147-32.2021.6.58.3528,21/01/2021,intimação,Dr. Melo,,,não
2954,4494463-44.2022.5.80.7542,28/11/25,sentença,Dra. Fontes,documentos pendentes de entrega pelo cliente,19/07/26,0
2955,9810112-12.2021.1.97.8847,18/09/21,recurso de apelação,DRA. CAVALCANTE,diligência externa necessária,,1
2956,8157599-64.2024.2.89.5276,2020-04-03,sentença,dr. melo,Prazo fatal: 04/01/26,,sim
2957,5732779-86.2025.4.28.7831,20 de janeiro de 2026,citação,Dr. Barros,audiência marcada para 13/10/26,03/06/2026,S
2958,8677980-28.2024.9.94.6552,2 de julho de 2021,embargos de declaração,dr. melo,diligência externa necessária,2026-04-19,N
2959,6334947-38.2020.4.71.6173,17/07/25,petição inicial,Dr. Melo,documentos pendentes de entrega pelo cliente,,N
2960,1784068-27.2021.3.12.2538,12/06/2023,petição inicial,Dra. Cavalcante,audiência marcada para 2026-09-13,27/11/26,1
2961,6992158-64.2024.5.43.7750,24/04/2023,acordo extrajudicial,Dra. Fontes,diligência externa necessária,,sim
2962,8381610-96.2020.6.26.2533,15/07/25,agravo regimental,Dra. Cavalcante,juntada de documentos realizada,,não
2963,1621418-87.2020.9.55.9337,05/01/2022,agravo regimental,Dr. Barros,prazo para recurso: 5 dias úteis a contar da intimação,,sim
2964,1273300-90.2024.2.80.7378,22/01/25,embargos de declaração,Dra Fontes,juntada de documentos realizada,,0
2965,9425559-65.2022.6.99.1309,01/03/26,recurso de apelação,Dr. Barros,audiência marcada para 2026-11-22,,0
2966,9062552-47.2024.4.22.8265,2022-11-13,intimação,Dra. Cavalcante,,20/08/26,S
2967,7065068-16.2021.7.14.6489,27/03/2021,intimação,Dr. Barros,juntada de documentos realizada,,não
2968,6445422-21.2020.5.39.8096,20 de dezembro de 2020,sentença,Dr. Barros,,,0
2969,7687292-20.2021.4.85.7539,2021-05-10,intimação,Dr. Barros,audiência marcada para 9 de novembro de 2026,,1
2970,7840442-26.2025.9.53.5093,19/08/25,petição inicial,DRA. CAVALCANTE,documentos pendentes de entrega pelo cliente,,N
2971,1614850-25.2020.8.85.3161,31/10/22,despacho,Dr. Barros,,,0
2972,3734843-61.2021.3.94.2954,2022-03-13,agravo regimental,Dr. Melo,,,N
2973,9573194-21.2022.1.35.8352,17/05/22,memoriais,Dr. Barros,aguardando manifestação da parte contrária,,
2974,7486138-99.2020.5.81.4332,2022-01-20,despacho,dr. melo,audiência marcada para 2026-08-17,,sim
2975,8125196-18.2023.1.53.1215,18/09/23,laudo pericial,Dra. Cavalcante,juntada de documentos realizada,,N
2976,5753123-52.2021.4.48.4042,05/07/2023,petição inicial,DRA. CAVALCANTE,aguardando manifestação da parte contrária,,S
2977,1933296-95.2024.5.69.8317,01/04/2020,despacho,Dr. Barros,Prazo fatal: 2026-06-18,,N
2978,4131852-60.2020.1.89.9739,22/06/21,intimação,Dr. Barros,Prazo fatal: 04/06/2026,16 de setembro de 2026,não
2979,6836135-90.2022.9.37.5643,2020-06-20,embargos de declaração,Dra. Fontes,Prazo fatal: 2026-07-15,,sim
2980,9057219-99.2020.9.96.3254,2022-12-26,agravo regimental,Dra. Cavalcante,diligência externa necessária,2026-04-26,
2981,5422047-80.2024.8.62.4364,26/12/25,sentença,Dr. Barros,documentos pendentes de entrega pelo cliente,,sim
2982,2909764-51.2025.7.78.2223,23/09/22,laudo pericial,Dr. Barros,Prazo fatal: 12 de dezembro de 2026,,N
2983,5947618-28.2023.6.53.6118,2025-08-26,audiência de instrução,Dr. Barros,aguardando manifestação da parte contrária,10 de outubro de 2026,S
2984,3542616-60.2022.3.87.6536,19/10/23,contestação,Dra. Cavalcante,diligência externa necessária,2026-11-12,S
2985,6038940-61.2024.4.64.6408,19 de março de 2023,acordo extrajudicial,dr. melo,Prazo fatal: 18/10/26,,não
2986,5733649-38.2020.2.35.3379,29/08/2020,réplica,Dr. Melo,Prazo fatal: 06/09/26,,N
2987,4084503-92.2025.8.90.5515,16/02/2023,intimação,Dr. Barros,,,1
2988,7687292-20.2021.4.85.7539,26/05/20,agravo regimental,Dra. Cavalcante,Prazo fatal: 09/02/26,,N
2989,7948577-74.2025.1.60.7583,29/02/2024,despacho,Dra. Cavalcante,prazo para recurso: 6 dias úteis a contar da intimação,,sim
2990,6476769-27.2021.5.22.2570,2020-05-14,petição inicial,DRA. CAVALCANTE,prazo para recurso: 27 dias úteis a contar da intimação,30/07/26,N
2991,1095980-10.2020.7.77.8313,20/06/23,acordo extrajudicial,Dr. Barros,Prazo fatal: 02/09/26,,N
2992,4433355-55.2023.8.48.9346,02/09/2022,laudo pericial,Dr. Melo,prazo para recurso: 24 dias úteis a contar da intimação,,
2993,4865461-96.2025.2.64.9143,16 de abril de 2025,memoriais,Dra. Fontes,prazo para recurso: 6 dias úteis a contar da intimação,,S
2994,9398629-61.2022.5.88.8253,23 de maio de 2020,laudo pericial,Dra. Fontes,documentos pendentes de entrega pelo cliente,,S
2995,7951127-89.2024.1.63.3502,21/01/2020,agravo regimental,Dr. Barros,,,
2996,5753123-52.2021.4.48.4042,23/11/25,habilitação,Dra. Cavalcante,audiência marcada para 25/09/26,,S
2997,7749444-78.2021.1.20.8763,16 de dezembro de 2023,réplica,Dr. Melo,documentos pendentes de entrega pelo cliente,20/01/2026,sim
2998,3766710-17.2025.4.91.1472,25 de dezembro de 2025,recurso de apelação,DRA. CAVALCANTE,documentos pendentes de entrega pelo cliente,23/10/26,não
2999,6414076-16.2021.7.78.8273,29/12/24,intimação,dr. melo,,,sim
3000,8220628-15.2021.8.54.9077,23/10/2023,sentença,Dra. Fontes,Prazo fatal: 07/03/26,,sim
3001,3585301-47.2021.7.73.3469,26/03/2025,laudo pericial,Dra Fontes,aguardando manifestação da parte contrária,,
3002,5050722-10.2024.8.29.4298,05/03/2021,embargos de declaração,Dr. Barros,Prazo fatal: 2026-06-22,,N
3003,7916680-90.2022.1.67.1785,2022-11-05,réplica,Dra. Cavalcante,,,0
3004,6694761-39.2022.1.10.2199,2025-11-29,réplica,Dr. Barros,documentos pendentes de entrega pelo cliente,,não
3005,5788467-41.2023.8.93.8134,2025-06-28,réplica,dr. melo,,,não
3006,3505690-87.2020.8.52.6260,2020-11-19,laudo pericial,dr. melo,prazo para recurso: 18 dias úteis a contar da intimação,,1
3007,6096719-87.2023.1.41.6180,21 de dezembro de 2019,laudo pericial,dr. melo,aguardando manifestação da parte contrária,,1
3008,6953559-38.2025.7.42.9212,12/07/2022,memoriais,Dr. Barros,aguardando manifestação da parte contrária,19/02/2026,S
3009,8590346-68.2020.7.63.7780,18/05/23,sentença,DRA. CAVALCANTE,,,
3010,5703772-88.2020.8.34.6114,23/08/2022,acordo extrajudicial,Dr. Barros,aguardando manifestação da parte contrária,,1
3011,3922248-27.2025.1.42.4047,03/04/20,agravo regimental,Dra. Cavalcante,documentos pendentes de entrega pelo cliente,01/11/2026,N
3012,1974389-81.2024.5.57.9354,12 de maio de 2019,laudo pericial,Dr. Melo,documentos pendentes de entrega pelo cliente,,não
3013,2118934-75.2023.5.97.9563,31/01/2023,audiência de instrução,Dr. Barros,prazo para recurso: 12 dias úteis a contar da intimação,,N
3014,5451988-41.2020.2.82.4041,04/03/20,audiência de instrução,DRA. CAVALCANTE,prazo para recurso: 7 dias úteis a contar da intimação,,S
3015,1742202-63.2023.6.68.9372,17/05/23,citação,Dra. Cavalcante,audiência marcada para 15/11/26,2026-04-01,não
3016,6018860-77.2022.1.94.1315,25/06/2024,recurso de apelação,Dra Fontes,diligência externa necessária,,não
3017,1237577-83.2022.8.91.4649,2020-11-27,contestação,dr. melo,aguardando manifestação da parte contrária,,não
3018,4085001-92.2022.6.76.8938,2021-01-26,contestação,Dra. Cavalcante,audiência marcada para 2026-10-25,29/10/2026,
3019,5661974-14.2020.6.39.3137,16/06/2020,recurso de apelação,Dra. Fontes,Prazo fatal: 2026-03-22,,0
3020,4433355-55.2023.8.48.9346,16/10/2022,citação,Dra. Cavalcante,documentos pendentes de entrega pelo cliente,,N
3021,4865461-96.2025.2.64.9143,28 de agosto de 2024,acordo extrajudicial,Dra. Fontes,audiência marcada para 14 de junho de 2026,,S
3022,5316105-58.2020.3.22.3571,7 de maio de 2021,petição inicial,Dr. Melo,aguardando manifestação da parte contrária,,N
3023,7082985-88.2022.2.94.6058,2020-01-08,contestação,Dr. Barros,prazo para recurso: 28 dias úteis a contar da intimação,,não
3024,5144296-22.2022.4.87.9648,10/06/25,despacho,Dr. Barros,aguardando manifestação da parte contrária,,1
3025,7820540-78.2023.1.75.4823,2 de dezembro de 2022,despacho,Dr. Barros,,,sim
3026,8843990-84.2020.6.68.3017,2024-02-25,agravo regimental,Dra. Cavalcante,documentos pendentes de entrega pelo cliente,24/07/26,0
3027,5217157-98.2020.2.64.4094,06/11/2020,acordo extrajudicial,dr. melo,prazo para recurso: 22 dias úteis a contar da intimação,,N
3028,8129073-22.2024.4.16.9656,2022-12-05,réplica,Dr. Melo,audiência marcada para 21 de setembro de 2026,,0
3029,5947618-28.2023.6.53.6118,4 de abril de 2021,intimação,Dra Fontes,juntada de documentos realizada,2026-01-23,1
3030,9057960-29.2025.5.10.6072,18 de dezembro de 2023,citação,Dra. Cavalcante,audiência marcada para 2026-11-19,,
3031,3376786-12.2020.7.64.5093,04/02/23,intimação,Dra Fontes,Prazo fatal: 04/03/26,,1
3032,4314934-26.2021.7.14.7244,30/09/21,audiência de instrução,Dr. Barros,audiência marcada para 09/08/26,2026-10-03,1
3033,4417916-40.2022.7.26.4278,25/05/2023,contestação,dr. melo,aguardando manifestação da parte contrária,,
3034,7141324-67.2025.3.86.3413,2021-08-19,despacho,Dra Fontes,audiência marcada para 04/08/2026,,N
3035,7948577-74.2025.1.60.7583,12 de maio de 2023,agravo regimental,dr. melo,,07/11/2026,1
3036,2461262-96.2021.6.48.1315,16/05/2020,despacho,Dra. Fontes,documentos pendentes de entrega pelo cliente,,S
3037,1614850-25.2020.8.85.3161,03/07/19,memoriais,Dr. Barros,audiência marcada para 2026-04-24,,sim
3038,7820540-78.2023.1.75.4823,01/09/24,citação,Dra. Cavalcante,prazo para recurso: 13 dias úteis a contar da intimação,,não
3039,5661974-14.2020.6.39.3137,19 de abril de 2023,petição inicial,Dr. Melo,diligência externa necessária,,sim
3040,6254488-31.2024.9.48.3216,07/07/2019,réplica,Dra. Fontes,documentos pendentes de entrega pelo cliente,,N
3041,7840442-26.2025.9.53.5093,23 de setembro de 2023,despacho,Dra. Fontes,diligência externa necessária,27/01/2026,1
3042,1557680-16.2021.4.16.4031,20 de março de 2020,habilitação,Dr. Barros,juntada de documentos realizada,25 de abril de 2026,sim
3043,5422047-80.2024.8.62.4364,17/07/2021,contestação,Dr. Barros,audiência marcada para 30 de maio de 2026,,
3044,2966787-79.2022.1.41.9944,2025-04-05,sentença,Dr. Barros,juntada de documentos realizada,2026-03-21,sim
3045,9810112-12.2021.1.97.8847,2020-09-05,laudo pericial,Dra Fontes,aguardando manifestação da parte contrária,,1
3046,2660213-63.2022.6.50.8366,2022-06-21,despacho,Dr. Barros,documentos pendentes de entrega pelo cliente,,N
3047,2231929-89.2024.6.41.5461,04/05/22,despacho,Dra. Fontes,audiência marcada para 08/03/26,20 de setembro de 2026,
3048,4417916-40.2022.7.26.4278,2023-08-11,despacho,Dra. Cavalcante,Prazo fatal: 04/02/26,2026-09-13,N
3049,7419280-60.2021.1.40.9417,2025-07-08,recurso de apelação,Dra. Fontes,juntada de documentos realizada,2026-04-17,0
3050,8590346-68.2020.7.63.7780,25/11/24,agravo regimental,Dra Fontes,juntada de documentos realizada,,N
3051,3054975-46.2023.4.85.5879,12/12/2020,despacho,Dr. Barros,audiência marcada para 2026-05-11,,não
3052,8381610-96.2020.6.26.2533,22/10/2024,citação,Dra. Fontes,,,
3053,1272937-41.2023.5.75.9958,23/04/22,despacho,Dra Fontes,documentos pendentes de entrega pelo cliente,,não
3054,9898363-27.2020.4.89.2966,06/09/25,recurso de apelação,Dr. Barros,diligência externa necessária,,N
3055,2966787-79.2022.1.41.9944,2021-01-09,contestação,Dra Fontes,diligência externa necessária,,S
3056,7486029-45.2024.4.25.3159,17 de janeiro de 2026,recurso de apelação,Dr. Barros,diligência externa necessária,2026-12-21,sim
3057,5289264-48.2020.4.41.6347,2025-12-06,réplica,DRA. CAVALCANTE,diligência externa necessária,,0
3058,3542799-64.2025.6.13.7299,2025-06-11,habilitação,Dr. Melo,aguardando manifestação da parte contrária,,N
3059,6003915-30.2025.6.37.7681,2025-01-21,citação,Dr. Melo,diligência externa necessária,01/09/26,sim
3060,3248366-98.2020.5.11.6279,2022-03-19,réplica,Dra Fontes,Prazo fatal: 15/02/26,03/02/2026,não
3061,6003915-30.2025.6.37.7681,13 de janeiro de 2024,intimação,Dr. Barros,Prazo fatal: 08/10/2026,,
3062,5074974-98.2023.8.21.9881,22/11/25,embargos de declaração,DRA. CAVALCANTE,diligência externa necessária,,S
3063,2554938-48.2024.1.13.4544,04/01/22,intimação,Dr. Barros,Prazo fatal: 25/08/2026,,S
3064,1165147-13.2020.2.47.5874,15/07/2020,recurso de apelação,Dra. Fontes,juntada de documentos realizada,2026-12-13,N
3065,5826200-20.2025.1.91.8748,20/11/2024,petição inicial,dr. melo,,,S
3066,7765112-69.2024.9.62.5648,31 de dezembro de 2021,citação,DRA. CAVALCANTE,aguardando manifestação da parte contrária,,1
3067,1353022-94.2023.9.79.1203,28 de abril de 2025,acordo extrajudicial,dr. melo,prazo para recurso: 17 dias úteis a contar da intimação,,sim
3068,1714231-74.2025.9.71.1697,2024-05-22,memoriais,Dr. Melo,aguardando manifestação da parte contrária,,
3069,7765112-69.2024.9.62.5648,07/03/24,agravo regimental,DRA. CAVALCANTE,,,N
3070,2411026-52.2022.6.26.7373,13 de março de 2023,audiência de instrução,Dra Fontes,Prazo fatal: 3 de setembro de 2026,4 de setembro de 2026,S
3071,7687351-51.2022.6.73.6768,2021-06-05,audiência de instrução,Dr. Melo,aguardando manifestação da parte contrária,,S
3072,5159219-49.2023.5.25.3676,2023-11-17,contestação,Dr. Barros,prazo para recurso: 26 dias úteis a contar da intimação,8 de outubro de 2026,sim
3073,6425355-10.2021.6.53.2041,20/06/20,memoriais,Dr. Barros,aguardando manifestação da parte contrária,,
3074,6370110-64.2022.3.52.8440,17/07/20,réplica,Dra Fontes,,24 de julho de 2026,1
3075,7236875-79.2024.7.97.5566,2024-05-17,agravo regimental,Dr. Melo,diligência externa necessária,,sim
3076,4687348-31.2023.1.92.6907,4 de julho de 2021,habilitação,DRA. CAVALCANTE,documentos pendentes de entrega pelo cliente,,sim
3077,8215015-64.2021.5.32.1893,24/12/2024,agravo regimental,Dra Fontes,juntada de documentos realizada,,1
3078,9110060-16.2025.2.29.4716,5 de julho de 2025,recurso de apelação,dr. melo,documentos pendentes de entrega pelo cliente,,
3079,3505690-87.2020.8.52.6260,24 de setembro de 2022,habilitação,Dr. Barros,juntada de documentos realizada,,S
3080,6267378-50.2021.9.19.9923,2023-01-29,petição inicial,Dr. Barros,diligência externa necessária,,
3081,4510407-23.2020.5.18.6055,11/08/2022,recurso de apelação,DRA. CAVALCANTE,juntada de documentos realizada,07/05/26,1
3082,8539686-69.2023.4.36.2235,13/08/2020,intimação,Dra. Cavalcante,audiência marcada para 2026-04-01,,0
3083,8062805-72.2022.1.22.8771,24 de agosto de 2024,sentença,Dra. Fontes,juntada de documentos realizada,,0
3084,4507711-38.2024.2.34.4732,11 de julho de 2022,memoriais,Dr. Barros,audiência marcada para 04/12/2026,,
3085,6694761-39.2022.1.10.2199,25/10/2024,memoriais,Dra. Cavalcante,prazo para recurso: 15 dias úteis a contar da intimação,16/04/26,sim
3086,3675188-38.2025.9.53.3305,15/10/24,contestação,Dr. Barros,diligência externa necessária,25 de setembro de 2026,não
3087,3766710-17.2025.4.91.1472,2025-02-17,agravo regimental,Dra. Cavalcante,juntada de documentos realizada,,0
3088,3754895-37.2021.6.18.8502,09/04/2020,despacho,Dr. Barros,documentos pendentes de entrega pelo cliente,,N
3089,5733649-38.2020.2.35.3379,20/01/23,laudo pericial,dr. melo,,,sim
3090,5850223-43.2020.3.81.3185,2020-04-07,réplica,Dra. Fontes,audiência marcada para 10/05/26,25/11/26,N
3091,1664676-19.2021.8.64.4616,2024-01-02,audiência de instrução,dr. melo,,,não
3092,8607512-63.2021.6.82.1039,20/04/20,despacho,DRA. CAVALCANTE,audiência marcada para 05/08/2026,10/02/26,0
3093,7236875-79.2024.7.97.5566,2019-12-05,petição inicial,dr. melo,diligência externa necessária,,não
3094,6254488-31.2024.9.48.3216,2022-05-11,embargos de declaração,dr. melo,juntada de documentos realizada,,sim
3095,3260101-88.2022.8.37.9169,10/07/24,laudo pericial,Dra. Fontes,documentos pendentes de entrega pelo cliente,14/07/2026,0
3096,6075721-43.2020.9.85.8738,30/01/2022,sentença,Dr. Barros,prazo para recurso: 10 dias úteis a contar da intimação,,1
3097,3588109-63.2023.1.26.4223,21/02/2020,despacho,dr. melo,,11/04/2026,sim
3098,7765112-69.2024.9.62.5648,14/01/26,laudo pericial,DRA. CAVALCANTE,prazo para recurso: 17 dias úteis a contar da intimação,,S
3099,8892606-62.2022.2.87.2168,16/04/2022,sentença,DRA. CAVALCANTE,juntada de documentos realizada,,sim
3100,1185885-59.2023.7.19.8433,24/07/2022,audiência de instrução,Dra. Cavalcante,Prazo fatal: 4 de março de 2026,,N
3101,2294596-63.2020.6.38.9193,01/12/2024,agravo regimental,Dr. Barros,juntada de documentos realizada,,0
3102,8905709-90.2020.9.55.2471,07/10/2023,acordo extrajudicial,Dr. Barros,juntada de documentos realizada,08/06/2026,
3103,2837371-36.2022.7.88.5428,27/03/2021,habilitação,Dra Fontes,prazo para recurso: 23 dias úteis a contar da intimação,4 de julho de 2026,não
3104,6836135-90.2022.9.37.5643,14 de abril de 2024,citação,DRA. CAVALCANTE,documentos pendentes de entrega pelo cliente,,S
3105,1101935-78.2023.5.88.5299,2020-07-01,citação,Dr. Melo,juntada de documentos realizada,03/08/26,sim
3106,5625093-80.2022.9.16.6618,11/09/23,acordo extrajudicial,Dr. Barros,juntada de documentos realizada,03/03/2026,S
3107,1098476-20.2021.1.47.3336,10/01/23,agravo regimental,dr. melo,diligência externa necessária,07/07/2026,0
3108,9970343-38.2020.5.18.4483,14/02/23,agravo regimental,Dr. Melo,juntada de documentos realizada,,S
3109,3542799-64.2025.6.13.7299,2020-03-08,laudo pericial,Dr. Barros,prazo para recurso: 24 dias úteis a contar da intimação,,0
3110,7236875-79.2024.7.97.5566,01/07/2022,habilitação,Dra. Fontes,diligência externa necessária,,N
3111,6476769-27.2021.5.22.2570,25/08/2023,recurso de apelação,DRA. CAVALCANTE,Prazo fatal: 05/07/2026,,S
3112,7082985-88.2022.2.94.6058,12/08/2024,agravo regimental,Dra. Fontes,prazo para recurso: 14 dias úteis a contar da intimação,,
3113,9319285-35.2025.3.19.9131,2021-11-09,despacho,Dra Fontes,documentos pendentes de entrega pelo cliente,,1
3114,9062552-47.2024.4.22.8265,08/09/2021,memoriais,Dra. Fontes,diligência externa necessária,,1
3115,1614850-25.2020.8.85.3161,28/10/2022,petição inicial,Dr. Melo,documentos pendentes de entrega pelo cliente,26/06/26,N
3116,3541821-31.2021.8.96.1927,6 de julho de 2022,sentença,Dra Fontes,aguardando manifestação da parte contrária,1 de outubro de 2026,sim
3117,6267378-50.2021.9.19.9923,09/10/2020,despacho,Dr. Melo,documentos pendentes de entrega pelo cliente,,
3118,1757615-27.2025.7.10.3762,2024-11-21,agravo regimental,DRA. CAVALCANTE,juntada de documentos realizada,,S
3119,1411065-96.2022.9.64.8271,20 de novembro de 2022,laudo pericial,Dra. Cavalcante,aguardando manifestação da parte contrária,,1
3120,7419280-60.2021.1.40.9417,23 de julho de 2019,laudo pericial,Dra Fontes,Prazo fatal: 31 de janeiro de 2026,2026-10-17,0
3121,5753123-52.2021.4.48.4042,01/01/2020,despacho,Dra. Cavalcante,juntada de documentos realizada,,0
3122,5116418-16.2025.3.98.2234,7 de janeiro de 2020,acordo extrajudicial,DRA. CAVALCANTE,prazo para recurso: 12 dias úteis a contar da intimação,04/12/2026,1
3123,7626521-25.2020.9.17.3305,23 de novembro de 2021,memoriais,Dra. Fontes,documentos pendentes de entrega pelo cliente,,sim
3124,8306601-19.2020.3.50.7457,12/03/20,agravo regimental,Dr. Barros,aguardando manifestação da parte contrária,2026-04-26,sim
3125,9810112-12.2021.1.97.8847,15/06/21,embargos de declaração,Dr. Barros,,26/12/26,0
3126,6547287-16.2023.4.15.7491,2021-01-13,habilitação,Dr. Melo,diligência externa necessária,28/06/2026,não
3127,3541821-31.2021.8.96.1927,7 de julho de 2022,despacho,Dr. Melo,Prazo fatal: 26 de abril de 2026,,N
3128,1185885-59.2023.7.19.8433,27 de abril de 2021,intimação,Dra Fontes,Prazo fatal: 2026-05-24,,
3129,5545511-73.2023.1.66.9757,2024-10-08,petição inicial,Dr. Barros,diligência externa necessária,,0
3130,7381740-86.2021.2.88.6570,2022-12-09,recurso de apelação,Dra. Cavalcante,juntada de documentos realizada,,S
3131,8382607-83.2020.6.26.3936,23/03/20,contestação,DRA. CAVALCANTE,documentos pendentes de entrega pelo cliente,2026-02-24,0
3132,4952151-27.2023.3.38.8762,13/02/2025,sentença,Dr. Barros,Prazo fatal: 2026-04-05,,1
3133,5753123-52.2021.4.48.4042,09/09/2023,acordo extrajudicial,Dr. Barros,Prazo fatal: 9 de dezembro de 2026,08/10/2026,sim
3134,7599278-46.2021.4.96.3535,24/02/2022,laudo pericial,Dra Fontes,prazo para recurso: 5 dias úteis a contar da intimação,2026-09-30,
3135,2632721-15.2024.7.90.9593,18/04/2021,réplica,Dr. Melo,juntada de documentos realizada,,N
3136,7320713-89.2022.3.68.7881,09/07/2020,sentença,Dr. Barros,aguardando manifestação da parte contrária,,S
3137,4415624-13.2024.9.14.9480,2025-06-26,audiência de instrução,dr. melo,,,
3138,9970343-38.2020.5.18.4483,18 de dezembro de 2020,sentença,Dra. Fontes,audiência marcada para 06/10/26,02/11/26,S
3139,1248003-72.2024.2.80.8472,12 de fevereiro de 2021,intimação,Dr. Barros,juntada de documentos realizada,,S
3140,3766710-17.2025.4.91.1472,2024-03-19,acordo extrajudicial,DRA. CAVALCANTE,juntada de documentos realizada,,sim
3141,4893809-11.2021.7.19.9759,08/02/2023,embargos de declaração,dr. melo,Prazo fatal: 02/01/26,31/12/26,S
3142,9214397-26.2023.4.18.6844,18/12/2023,despacho,Dr. Barros,,,não
3143,4721085-96.2020.6.92.9645,21/09/2025,contestação,Dr. Melo,audiência marcada para 26/09/2026,07/08/2026,sim
3144,7223110-52.2024.2.44.8994,25/04/21,embargos de declaração,DRA. CAVALCANTE,audiência marcada para 02/08/2026,,0
3145,5996426-23.2022.8.20.3566,01/04/2026,citação,Dra. Fontes,prazo para recurso: 22 dias úteis a contar da intimação,,0
3146,6694761-39.2022.1.10.2199,8 de outubro de 2025,memoriais,Dr. Melo,Prazo fatal: 2026-11-02,16/05/26,N
3147,7486029-45.2024.4.25.3159,08/09/25,laudo pericial,Dr. Barros,documentos pendentes de entrega pelo cliente,12/04/2026,
3148,2397582-22.2023.9.93.4223,02/08/2024,agravo regimental,Dr. Barros,Prazo fatal: 19/02/26,,N
3149,3401866-56.2021.1.87.5297,16/07/2022,sentença,Dr. Barros,diligência externa necessária,,1
3150,5947618-28.2023.6.53.6118,25/07/2020,petição inicial,dr. melo,documentos pendentes de entrega pelo cliente,,0
3151,9108785-98.2021.3.78.6687,21 de maio de 2022,habilitação,DRA. CAVALCANTE,diligência externa necessária,2026-09-05,
3152,5966644-82.2023.4.88.9951,29/07/2020,embargos de declaração,DRA. CAVALCANTE,,,não
3153,8886588-26.2020.9.65.6361,2024-02-17,habilitação,dr. melo,prazo para recurso: 6 dias úteis a contar da intimação,2026-06-09,
3154,2632721-15.2024.7.90.9593,26/07/2020,recurso de apelação,Dra. Fontes,aguardando manifestação da parte contrária,,0
3155,3821719-15.2025.2.86.2518,01/04/21,intimação,Dra. Fontes,Prazo fatal: 2026-01-05,,S
3156,7979033-26.2021.6.18.1084,3 de setembro de 2020,embargos de declaração,Dr. Barros,juntada de documentos realizada,16 de outubro de 2026,
3157,3710559-31.2020.9.95.2540,26/10/25,sentença,Dr. Barros,diligência externa necessária,,0
3158,1237577-83.2022.8.91.4649,24/01/22,réplica,Dra Fontes,aguardando manifestação da parte contrária,28 de outubro de 2026,S
3159,6339266-27.2025.5.15.6766,17 de janeiro de 2021,citação,dr. melo,Prazo fatal: 06/07/2026,,
3160,1966014-66.2022.7.82.2137,30/03/2025,sentença,Dra Fontes,documentos pendentes de entrega pelo cliente,,
3161,5144296-22.2022.4.87.9648,30/03/2026,audiência de instrução,Dra. Cavalcante,audiência marcada para 2026-04-23,,S
3162,9666878-83.2023.6.29.9905,17 de março de 2024,audiência de instrução,DRA. CAVALCANTE,audiência marcada para 21/07/2026,7 de agosto de 2026,S
3163,3585301-47.2021.7.73.3469,8 de janeiro de 2020,intimação,dr. melo,prazo para recurso: 26 dias úteis a contar da intimação,,não
3164,6370110-64.2022.3.52.8440,03/11/20,agravo regimental,dr. melo,,,
3165,8066975-72.2023.7.26.7675,30/07/2021,memoriais,Dr. Melo,documentos pendentes de entrega pelo cliente,9 de dezembro de 2026,1
3166,6982910-41.2023.8.91.8758,15/09/20,citação,DRA. CAVALCANTE,juntada de documentos realizada,,não
3167,8286828-70.2022.9.31.8012,24/08/2021,réplica,Dr. Barros,,,0
3168,1183693-37.2024.1.85.2937,21 de agosto de 2024,audiência de instrução,DRA. CAVALCANTE,diligência externa necessária,,1
3169,4299848-20.2023.2.47.7396,26/02/23,despacho,dr. melo,Prazo fatal: 11 de dezembro de 2026,,S
3170,4510407-23.2020.5.18.6055,17 de junho de 2023,contestação,Dr. Melo,Prazo fatal: 2026-01-11,,0
3171,7245951-43.2021.4.11.7623,16/11/23,memoriais,dr. melo,aguardando manifestação da parte contrária,2026-02-04,1
3172,5214684-96.2020.6.84.9986,2 de outubro de 2025,petição inicial,DRA. CAVALCANTE,,23 de abril de 2026,
3173,6663627-76.2023.9.26.5770,23 de abril de 2023,embargos de declaração,Dra Fontes,aguardando manifestação da parte contrária,07/10/26,0
3174,5035093-45.2021.1.27.3097,2022-09-02,citação,Dra. Fontes,juntada de documentos realizada,08/07/2026,sim
3175,7916680-90.2022.1.67.1785,2023-01-27,contestação,Dr. Barros,prazo para recurso: 30 dias úteis a contar da intimação,,
3176,6663627-76.2023.9.26.5770,2023-12-09,petição inicial,DRA. CAVALCANTE,diligência externa necessária,,sim
3177,6547287-16.2023.4.15.7491,10/10/2024,despacho,Dr. Barros,aguardando manifestação da parte contrária,07/06/2026,N
3178,7223110-52.2024.2.44.8994,24 de outubro de 2024,réplica,Dr. Barros,documentos pendentes de entrega pelo cliente,,sim
3179,4384627-80.2021.2.13.1061,17 de agosto de 2024,intimação,Dr. Barros,documentos pendentes de entrega pelo cliente,,sim
3180,6034606-21.2023.6.18.6684,2021-11-19,acordo extrajudicial,Dra Fontes,prazo para recurso: 10 dias úteis a contar da intimação,13 de março de 2026,N
3181,8986773-71.2022.6.45.5854,23/04/26,laudo pericial,Dr. Barros,Prazo fatal: 30 de junho de 2026,29/06/26,não
3182,1445483-93.2023.1.61.7357,02/06/2020,sentença,dr. melo,diligência externa necessária,19 de novembro de 2026,
3183,3679963-72.2020.9.29.7859,31/12/2022,recurso de apelação,dr. melo,juntada de documentos realizada,,sim
3184,7323234-16.2020.9.59.5035,2025-02-17,embargos de declaração,DRA. CAVALCANTE,documentos pendentes de entrega pelo cliente,28 de março de 2026,não
3185,8892606-62.2022.2.87.2168,2021-02-17,sentença,DRA. CAVALCANTE,juntada de documentos realizada,01/12/26,não
3186,7320713-89.2022.3.68.7881,15/05/2020,audiência de instrução,Dra Fontes,Prazo fatal: 1 de setembro de 2026,06/11/26,N
3187,6003915-30.2025.6.37.7681,17 de julho de 2024,audiência de instrução,Dra. Cavalcante,,,sim
3188,1445483-93.2023.1.61.7357,29 de abril de 2022,despacho,Dr. Melo,,,1
3189,2837371-36.2022.7.88.5428,30/09/2020,contestação,dr. melo,diligência externa necessária,20/03/2026,1
3190,4460247-99.2024.9.97.4840,2022-02-24,citação,Dra Fontes,aguardando manifestação da parte contrária,,0
3191,8735892-74.2025.8.18.9411,31/01/2023,petição inicial,Dr. Barros,documentos pendentes de entrega pelo cliente,26/12/2026,N
3192,7813974-60.2021.1.81.1542,19/02/2025,agravo regimental,Dra. Cavalcante,documentos pendentes de entrega pelo cliente,11/06/2026,não
3193,9992831-61.2022.4.35.1469,07/07/20,contestação,DRA. CAVALCANTE,aguardando manifestação da parte contrária,,S
3194,9302979-43.2025.9.68.7487,2021-02-25,contestação,dr. melo,audiência marcada para 25/09/26,,1
3195,4824419-32.2024.5.47.3265,25 de julho de 2024,laudo pericial,Dr. Barros,documentos pendentes de entrega pelo cliente,2026-01-14,S
3196,7323234-16.2020.9.59.5035,29/12/2025,laudo pericial,Dra. Cavalcante,documentos pendentes de entrega pelo cliente,2026-07-16,
3197,9489806-94.2021.2.55.9162,06/10/2021,intimação,Dr. Barros,audiência marcada para 20/05/26,,1
3198,5401874-62.2025.2.46.8337,21/03/2023,contestação,Dr. Melo,documentos pendentes de entrega pelo cliente,,N
3199,8588997-88.2020.6.29.5987,16 de maio de 2023,acordo extrajudicial,Dra. Cavalcante,,,0
3200,9425559-65.2022.6.99.1309,13/03/26,réplica,Dra Fontes,juntada de documentos realizada,03/05/2026,N
3201,2231929-89.2024.6.41.5461,10/04/2021,laudo pericial,DRA. CAVALCANTE,,,0
3202,3675188-38.2025.9.53.3305,6 de janeiro de 2021,intimação,Dr. Barros,diligência externa necessária,,não
3203,5703772-88.2020.8.34.6114,2025-11-29,audiência de instrução,Dr. Melo,diligência externa necessária,,sim
3204,6267378-50.2021.9.19.9923,8 de janeiro de 2026,intimação,Dra. Cavalcante,,,N
3205,8286382-50.2025.4.53.4414,2023-07-07,recurso de apelação,Dra. Cavalcante,juntada de documentos realizada,,1
3206,9319285-35.2025.3.19.9131,2022-06-13,laudo pericial,Dra Fontes,juntada de documentos realizada,13/02/2026,S
3207,4180949-86.2020.3.26.7593,2025-09-08,citação,Dra. Cavalcante,juntada de documentos realizada,,N
3208,1676369-34.2022.3.47.6087,27/07/2020,agravo regimental,DRA. CAVALCANTE,Prazo fatal: 2026-10-08,,N
3209,3464073-25.2022.8.73.5075,13 de julho de 2023,citação,Dra. Fontes,prazo para recurso: 16 dias úteis a contar da intimação,,N
3210,6935346-77.2024.3.52.9529,02/03/2019,acordo extrajudicial,Dr. Barros,documentos pendentes de entrega pelo cliente,,0
3211,5901155-82.2023.2.89.7717,23 de fevereiro de 2026,despacho,Dra. Cavalcante,juntada de documentos realizada,,N
3212,4961530-22.2021.4.22.6290,05/11/2024,citação,Dra. Cavalcante,audiência marcada para 15 de junho de 2026,05/03/2026,N
3213,5518767-82.2023.4.96.9873,07/07/2019,audiência de instrução,Dra. Fontes,aguardando manifestação da parte contrária,,não
3214,2231929-89.2024.6.41.5461,12 de julho de 2022,sentença,Dr. Barros,documentos pendentes de entrega pelo cliente,,1
3215,4064382-39.2022.4.13.8937,04/08/25,petição inicial,Dr. Barros,,20/05/2026,sim
3216,6334947-38.2020.4.71.6173,8 de abril de 2022,memoriais,Dra Fontes,juntada de documentos realizada,,S
3217,5747786-52.2023.7.30.3750,2020-09-16,audiência de instrução,Dra. Fontes,,,
3218,4721085-96.2020.6.92.9645,6 de fevereiro de 2025,despacho,Dr. Barros,documentos pendentes de entrega pelo cliente,,
3219,6034606-21.2023.6.18.6684,11/05/2024,laudo pericial,Dra Fontes,documentos pendentes de entrega pelo cliente,,sim
3220,8382607-83.2020.6.26.3936,21/07/20,contestação,DRA. CAVALCANTE,audiência marcada para 26/03/2026,,sim
3221,6416661-36.2021.8.21.8496,21/05/2019,sentença,DRA. CAVALCANTE,audiência marcada para 07/11/26,,1
3222,5462435-11.2024.9.85.2977,2025-06-21,habilitação,Dr. Barros,juntada de documentos realizada,,não
3223,4452862-76.2021.3.27.3238,2021-07-14,petição inicial,Dr. Barros,diligência externa necessária,,1
3224,2632721-15.2024.7.90.9593,15/09/2022,despacho,Dra. Fontes,prazo para recurso: 23 dias úteis a contar da intimação,,0
3225,7110796-41.2020.3.80.5362,4 de novembro de 2023,agravo regimental,Dra. Cavalcante,aguardando manifestação da parte contrária,,0
3226,2842764-33.2025.7.99.7279,2020-10-15,habilitação,DRA. CAVALCANTE,prazo para recurso: 17 dias úteis a contar da intimação,,não
3227,3675188-38.2025.9.53.3305,21 de outubro de 2020,intimação,Dr. Barros,audiência marcada para 30/12/26,,
3228,1165147-13.2020.2.47.5874,19 de dezembro de 2021,agravo regimental,DRA. CAVALCANTE,audiência marcada para 2026-06-14,,1
3229,2490107-19.2023.9.10.7930,16 de dezembro de 2021,intimação,Dra. Cavalcante,Prazo fatal: 2026-01-29,,S
3230,5274951-77.2021.1.76.5120,28/05/23,recurso de apelação,dr. melo,audiência marcada para 2026-07-08,,N
3231,6003915-30.2025.6.37.7681,25 de janeiro de 2024,embargos de declaração,Dra Fontes,documentos pendentes de entrega pelo cliente,,S
3232,7626521-25.2020.9.17.3305,6 de julho de 2023,audiência de instrução,DRA. CAVALCANTE,prazo para recurso: 13 dias úteis a contar da intimação,13 de outubro de 2026,N
3233,2231929-89.2024.6.41.5461,20/04/2023,despacho,Dr. Barros,Prazo fatal: 01/06/26,,
3234,8066975-72.2023.7.26.7675,2022-09-16,despacho,Dr. Melo,aguardando manifestação da parte contrária,,1
3235,4494463-44.2022.5.80.7542,17/04/2022,embargos de declaração,Dra. Cavalcante,aguardando manifestação da parte contrária,,
3236,5214684-96.2020.6.84.9986,28/09/20,audiência de instrução,Dr. Barros,Prazo fatal: 06/09/2026,,
3237,5826200-20.2025.1.91.8748,2020-08-05,intimação,Dr. Barros,Prazo fatal: 20/06/26,,não
3238,4084503-92.2025.8.90.5515,14/01/22,habilitação,Dra. Cavalcante,Prazo fatal: 22/08/26,,N
3239,7115217-41.2025.1.67.7692,19/10/23,despacho,Dr. Barros,aguardando manifestação da parte contrária,,não
3240,3821719-15.2025.2.86.2518,22/09/23,sentença,Dr. Barros,aguardando manifestação da parte contrária,,1
3241,4202942-75.2025.6.91.7611,17/07/21,agravo regimental,Dra. Fontes,documentos pendentes de entrega pelo cliente,,S
3242,1633270-27.2024.2.52.7034,08/05/2025,laudo pericial,Dr. Melo,aguardando manifestação da parte contrária,13 de junho de 2026,1
3243,7553290-31.2023.9.36.9282,6 de março de 2022,intimação,DRA. CAVALCANTE,audiência marcada para 2026-09-20,,sim
3244,3168718-77.2025.2.92.8027,27/09/2025,agravo regimental,DRA. CAVALCANTE,diligência externa necessária,20 de janeiro de 2026,1
3245,9489806-94.2021.2.55.9162,16/08/22,despacho,Dra. Cavalcante,,,N
3246,6927716-18.2022.9.56.1445,14 de junho de 2024,contestação,Dra Fontes,diligência externa necessária,,
3247,7065068-16.2021.7.14.6489,2021-03-01,laudo pericial,Dr. Barros,prazo para recurso: 25 dias úteis a contar da intimação,14/07/2026,sim
3248,1185885-59.2023.7.19.8433,14 de agosto de 2024,despacho,Dr. Barros,audiência marcada para 05/12/26,,N
3249,1185885-59.2023.7.19.8433,7 de março de 2024,despacho,Dr. Barros,documentos pendentes de entrega pelo cliente,2026-06-16,sim
3250,4568537-97.2021.4.82.7633,30 de maio de 2021,réplica,Dr. Barros,Prazo fatal: 31/08/2026,,
3251,9774395-92.2023.2.75.3192,2021-05-05,citação,Dr. Melo,diligência externa necessária,2026-10-30,S
3252,9062552-47.2024.4.22.8265,06/12/24,despacho,DRA. CAVALCANTE,audiência marcada para 2026-07-12,,S
3253,4084503-92.2025.8.90.5515,05/08/22,embargos de declaração,Dr. Melo,diligência externa necessária,,1
3254,6260319-38.2024.8.96.1114,31 de janeiro de 2020,recurso de apelação,Dr. Melo,,,0
3255,8209168-30.2020.1.41.7632,24/04/20,petição inicial,Dra Fontes,juntada de documentos realizada,,sim
3256,2341370-92.2024.9.60.8122,28/04/20,laudo pericial,Dr. Melo,prazo para recurso: 13 dias úteis a contar da intimação,,1
3257,6334947-38.2020.4.71.6173,20/04/2022,memoriais,DRA. CAVALCANTE,aguardando manifestação da parte contrária,18 de agosto de 2026,N
3258,9666878-83.2023.6.29.9905,13/08/2019,réplica,Dr. Barros,documentos pendentes de entrega pelo cliente,13/04/2026,sim
3259,5747786-52.2023.7.30.3750,2023-04-05,réplica,Dra. Cavalcante,juntada de documentos realizada,,S
3260,3778380-86.2023.9.32.5849,2025-03-30,habilitação,Dr. Melo,diligência externa necessária,,sim
3261,8323566-47.2021.3.26.4644,31 de julho de 2023,despacho,dr. melo,audiência marcada para 28/04/2026,04/04/26,0
3262,6528202-89.2025.3.17.9496,03/09/2021,petição inicial,Dra. Fontes,,,0
3263,8209168-30.2020.1.41.7632,3 de setembro de 2024,audiência de instrução,dr. melo,diligência externa necessária,,0
3264,4064382-39.2022.4.13.8937,2024-02-06,audiência de instrução,Dra Fontes,diligência externa necessária,11 de dezembro de 2026,
3265,7941836-76.2025.4.34.6543,27 de dezembro de 2022,agravo regimental,Dra. Cavalcante,diligência externa necessária,,0
3266,1964519-55.2020.7.58.6781,18/10/20,audiência de instrução,DRA. CAVALCANTE,aguardando manifestação da parte contrária,,N
3267,5953905-94.2022.5.44.3245,10/03/20,despacho,Dr. Barros,prazo para recurso: 27 dias úteis a contar da intimação,,
3268,3778380-86.2023.9.32.5849,6 de fevereiro de 2021,recurso de apelação,Dra. Cavalcante,diligência externa necessária,,sim
3269,8714773-70.2022.9.65.8541,2025-12-05,acordo extrajudicial,Dr. Barros,juntada de documentos realizada,,N
3270,4084503-92.2025.8.90.5515,1 de setembro de 2020,citação,Dr. Melo,diligência externa necessária,,sim
3271,8097721-13.2023.1.47.8354,19/01/20,agravo regimental,Dr. Melo,prazo para recurso: 22 dias úteis a contar da intimação,1 de maio de 2026,S
3272,7115217-41.2025.1.67.7692,17/05/23,contestação,dr. melo,aguardando manifestação da parte contrária,22 de abril de 2026,não
3273,5514997-95.2024.1.84.8098,02/06/25,agravo regimental,DRA. CAVALCANTE,diligência externa necessária,,sim
3274,9686751-57.2022.7.62.3494,2020-03-27,contestação,DRA. CAVALCANTE,juntada de documentos realizada,,não
3275,8678370-92.2025.7.35.9962,2023-06-12,réplica,Dr. Barros,aguardando manifestação da parte contrária,2026-05-04,sim
3276,9992831-61.2022.4.35.1469,20 de dezembro de 2025,petição inicial,Dr. Barros,juntada de documentos realizada,,S
3277,4140100-24.2024.4.63.7178,11/03/2025,acordo extrajudicial,Dra. Fontes,,30/08/2026,não
3278,6935346-77.2024.3.52.9529,30/01/2025,acordo extrajudicial,Dra. Cavalcante,diligência externa necessária,,
3279,6865513-17.2021.7.21.3938,2021-10-10,habilitação,DRA. CAVALCANTE,Prazo fatal: 2026-10-20,2026-10-30,sim
3280,1878000-50.2025.7.58.1197,30 de maio de 2021,memoriais,Dr. Barros,diligência externa necessária,,sim
3281,3496733-55.2020.2.43.8503,2022-04-02,recurso de apelação,Dr. Barros,documentos pendentes de entrega pelo cliente,,sim
3282,1445483-93.2023.1.61.7357,08/04/25,despacho,Dr. Melo,prazo para recurso: 21 dias úteis a contar da intimação,,sim
3283,2519059-58.2022.7.86.4385,20/03/24,despacho,Dra. Fontes,prazo para recurso: 24 dias úteis a contar da intimação,,
3284,9319285-35.2025.3.19.9131,07/10/2021,sentença,Dr. Barros,,,0
3285,8368372-34.2020.6.43.9691,28 de junho de 2022,intimação,Dr. Barros,prazo para recurso: 5 dias úteis a contar da intimação,,0
3286,5996426-23.2022.8.20.3566,11 de dezembro de 2022,despacho,Dr. Melo,documentos pendentes de entrega pelo cliente,,S
3287,5733649-38.2020.2.35.3379,2022-01-31,memoriais,DRA. CAVALCANTE,,,
3288,6384831-67.2022.5.89.7429,13/10/2023,agravo regimental,Dr. Barros,Prazo fatal: 11/02/2026,,1
3289,8125196-18.2023.1.53.1215,20/10/20,memoriais,Dra. Fontes,audiência marcada para 26/06/26,,sim
3290,4721085-96.2020.6.92.9645,27/09/25,despacho,Dr. Barros,aguardando manifestação da parte contrária,,sim
3291,5472823-70.2022.4.41.7624,2025-11-12,agravo regimental,Dra. Cavalcante,Prazo fatal: 12 de julho de 2026,,não
3292,2294596-63.2020.6.38.9193,2020-03-11,intimação,Dra. Cavalcante,prazo para recurso: 23 dias úteis a contar da intimação,,não
3293,1013314-48.2023.4.39.2083,30/11/2020,despacho,DRA. CAVALCANTE,,06/06/26,
3294,2966787-79.2022.1.41.9944,2022-11-01,embargos de declaração,DRA. CAVALCANTE,audiência marcada para 05/04/2026,,N
3295,3248366-98.2020.5.11.6279,14/08/20,habilitação,Dra. Fontes,Prazo fatal: 22 de março de 2026,,não
3296,3496733-55.2020.2.43.8503,13/11/23,audiência de instrução,Dr. Barros,diligência externa necessária,,não
3297,5492622-29.2021.9.92.7737,23/04/20,intimação,Dr. Barros,aguardando manifestação da parte contrária,,sim
3298,8209168-30.2020.1.41.7632,23 de novembro de 2020,citação,Dr. Barros,prazo para recurso: 27 dias úteis a contar da intimação,,
3299,1098476-20.2021.1.47.3336,24/01/26,réplica,Dra. Fontes,,,
3300,6075721-43.2020.9.85.8738,07/07/2024,petição inicial,Dra. Cavalcante,aguardando manifestação da parte contrária,23/08/26,N
3301,7553290-31.2023.9.36.9282,27/01/21,agravo regimental,Dr. Melo,prazo para recurso: 26 dias úteis a contar da intimação,,1
3302,8816646-78.2020.7.70.9224,2024-11-03,citação,Dr. Melo,prazo para recurso: 19 dias úteis a contar da intimação,2026-12-16,sim
3303,7419280-60.2021.1.40.9417,9 de abril de 2023,agravo regimental,Dra. Cavalcante,,,N
3304,9302979-43.2025.9.68.7487,30/04/2025,memoriais,Dra. Fontes,audiência marcada para 11 de junho de 2026,,sim
3305,3376786-12.2020.7.64.5093,26/01/25,sentença,Dra Fontes,Prazo fatal: 21/03/26,,0
3306,2461262-96.2021.6.48.1315,10/12/2022,habilitação,dr. melo,audiência marcada para 2026-03-12,,N
3307,3248366-98.2020.5.11.6279,18/05/19,habilitação,dr. melo,,16 de abril de 2026,S
3308,6779292-61.2021.4.86.2783,2021-04-03,intimação,DRA. CAVALCANTE,juntada de documentos realizada,,1
3309,7323234-16.2020.9.59.5035,2023-02-23,sentença,Dr. Barros,documentos pendentes de entrega pelo cliente,,
3310,3346094-93.2020.2.94.1759,2023-09-07,embargos de declaração,Dra Fontes,prazo para recurso: 11 dias úteis a contar da intimação,,0
3311,9810112-12.2021.1.97.8847,30/04/2022,sentença,Dr. Melo,aguardando manifestação da parte contrária,,sim
3312,7115217-41.2025.1.67.7692,05/01/22,embargos de declaração,DRA. CAVALCANTE,documentos pendentes de entrega pelo cliente,12 de janeiro de 2026,S
3313,8097721-13.2023.1.47.8354,2024-12-03,citação,DRA. CAVALCANTE,Prazo fatal: 15/10/2026,22 de abril de 2026,S
3314,2292432-35.2025.5.83.7063,17/08/2020,intimação,Dra Fontes,prazo para recurso: 26 dias úteis a contar da intimação,,0
3315,2575202-50.2023.1.54.9627,01/06/2024,sentença,Dra. Cavalcante,,06/10/2026,1
3316,5289264-48.2020.4.41.6347,09/12/22,memoriais,dr. melo,prazo para recurso: 7 dias úteis a contar da intimação,,0
3317,2129757-49.2025.4.14.5657,2020-10-28,sentença,dr. melo,Prazo fatal: 22/07/26,27 de agosto de 2026,S
3318,4326518-76.2023.4.36.8530,2024-11-24,embargos de declaração,DRA. CAVALCANTE,diligência externa necessária,,sim
3319,3766710-17.2025.4.91.1472,08/11/20,audiência de instrução,dr. melo,juntada de documentos realizada,,não
3320,6425355-10.2021.6.53.2041,04/09/2023,agravo regimental,DRA. CAVALCANTE,juntada de documentos realizada,2026-12-13,0
3321,9798556-59.2021.3.62.3110,2026-04-13,recurso de apelação,Dr. Melo,documentos pendentes de entrega pelo cliente,,0
3322,4584224-94.2025.2.57.2511,12 de setembro de 2025,agravo regimental,Dra. Cavalcante,audiência marcada para 30/12/2026,,
3323,8168054-14.2024.6.50.1232,2024-06-27,laudo pericial,Dr. Melo,juntada de documentos realizada,2026-03-08,N
3324,5967836-10.2021.4.35.9671,07/06/21,sentença,DRA. CAVALCANTE,prazo para recurso: 5 dias úteis a contar da intimação,,0
3325,6476769-27.2021.5.22.2570,02/08/2022,intimação,DRA. CAVALCANTE,documentos pendentes de entrega pelo cliente,,1
3326,8905709-90.2020.9.55.2471,22/02/21,memoriais,Dr. Melo,audiência marcada para 22/09/2026,15/09/26,N
3327,5438623-45.2022.4.51.7250,27 de maio de 2021,audiência de instrução,DRA. CAVALCANTE,aguardando manifestação da parte contrária,,
3328,8129073-22.2024.4.16.9656,22/11/2025,habilitação,Dr. Barros,Prazo fatal: 08/05/26,1 de março de 2026,S
3329,5159219-49.2023.5.25.3676,27/03/22,memoriais,Dra. Fontes,audiência marcada para 2026-12-23,,não
3330,6404948-40.2021.7.68.7161,22 de dezembro de 2025,audiência de instrução,Dr. Barros,audiência marcada para 02/08/26,,S
3331,1621418-87.2020.9.55.9337,02/04/24,sentença,Dra. Fontes,prazo para recurso: 19 dias úteis a contar da intimação,2026-03-29,sim
3332,8590346-68.2020.7.63.7780,8 de janeiro de 2022,habilitação,Dra. Fontes,,,
3333,2884639-86.2023.2.31.8737,30/08/22,citação,DRA. CAVALCANTE,prazo para recurso: 7 dias úteis a contar da intimação,,1
3334,7633905-83.2022.9.95.2309,25/12/2023,habilitação,Dra. Cavalcante,aguardando manifestação da parte contrária,,não
3335,7626521-25.2020.9.17.3305,2023-01-18,contestação,dr. melo,prazo para recurso: 8 dias úteis a contar da intimação,,sim
3336,3242098-97.2025.4.44.9916,2021-10-17,réplica,DRA. CAVALCANTE,audiência marcada para 27/12/2026,2026-06-15,1
3337,6404948-40.2021.7.68.7161,21/05/23,agravo regimental,DRA. CAVALCANTE,diligência externa necessária,,S
3338,6992158-64.2024.5.43.7750,6 de maio de 2022,acordo extrajudicial,Dra. Cavalcante,diligência externa necessária,01/10/26,0
3339,4326518-76.2023.4.36.8530,17/04/2021,embargos de declaração,Dra Fontes,aguardando manifestação da parte contrária,,
3340,6075721-43.2020.9.85.8738,15/07/25,habilitação,Dr. Melo,juntada de documentos realizada,,não
3341,6370110-64.2022.3.52.8440,27/12/24,petição inicial,Dr. Barros,prazo para recurso: 5 dias úteis a contar da intimação,,1
3342,6927716-18.2022.9.56.1445,29 de janeiro de 2026,audiência de instrução,DRA. CAVALCANTE,Prazo fatal: 13/05/26,,não
3343,6547287-16.2023.4.15.7491,2020-06-10,laudo pericial,Dra. Fontes,,,S
3344,3306375-34.2024.9.48.9154,2020-04-07,recurso de apelação,Dra. Fontes,documentos pendentes de entrega pelo cliente,,não
3345,5850223-43.2020.3.81.3185,18/11/2023,contestação,Dra. Cavalcante,prazo para recurso: 7 dias úteis a contar da intimação,05/04/2026,
3346,1735592-50.2022.9.87.5612,2022-07-05,petição inicial,DRA. CAVALCANTE,prazo para recurso: 17 dias úteis a contar da intimação,,N
3347,8936104-83.2022.1.39.7934,2020-09-03,laudo pericial,Dra Fontes,documentos pendentes de entrega pelo cliente,,1
3348,1185885-59.2023.7.19.8433,10/07/20,recurso de apelação,Dra. Cavalcante,,,N
3349,7243958-65.2020.5.25.5047,08/11/2024,despacho,DRA. CAVALCANTE,juntada de documentos realizada,,S
3350,1099617-37.2023.9.61.1793,2019-08-09,memoriais,Dra. Cavalcante,diligência externa necessária,,1
3351,1411065-96.2022.9.64.8271,20/03/25,intimação,Dra Fontes,audiência marcada para 08/05/26,,sim
3352,9398629-61.2022.5.88.8253,15 de novembro de 2025,audiência de instrução,Dr. Barros,diligência externa necessária,,0
3353,8368372-34.2020.6.43.9691,2024-03-17,petição inicial,DRA. CAVALCANTE,diligência externa necessária,03/08/2026,sim
3354,8717678-27.2025.5.11.4526,2023-09-16,sentença,Dr. Barros,prazo para recurso: 23 dias úteis a contar da intimação,,
3355,4874996-38.2022.9.94.8154,2025-09-01,acordo extrajudicial,Dr. Barros,Prazo fatal: 7 de maio de 2026,29/06/26,0
3356,8588997-88.2020.6.29.5987,2023-08-29,despacho,Dr. Barros,diligência externa necessária,,sim
3357,6096719-87.2023.1.41.6180,2024-10-09,agravo regimental,Dra. Fontes,prazo para recurso: 27 dias úteis a contar da intimação,2026-12-24,N
3358,9110060-16.2025.2.29.4716,13/09/2022,embargos de declaração,DRA. CAVALCANTE,prazo para recurso: 13 dias úteis a contar da intimação,,
3359,6927716-18.2022.9.56.1445,30 de julho de 2025,acordo extrajudicial,DRA. CAVALCANTE,,,0
3360,3260101-88.2022.8.37.9169,2023-07-29,embargos de declaração,DRA. CAVALCANTE,diligência externa necessária,2026-09-02,S
3361,1185885-59.2023.7.19.8433,17/08/2020,memoriais,Dr. Barros,audiência marcada para 26/06/26,,não
3362,3766710-17.2025.4.91.1472,24/02/23,despacho,Dr. Barros,prazo para recurso: 10 dias úteis a contar da intimação,,1
3363,2869625-86.2025.7.14.5837,19 de setembro de 2022,recurso de apelação,dr. melo,aguardando manifestação da parte contrária,,N
3364,2129757-49.2025.4.14.5657,18/03/2020,agravo regimental,Dra. Fontes,,,
3365,1964519-55.2020.7.58.6781,2023-11-26,agravo regimental,Dr. Melo,juntada de documentos realizada,,sim
3366,7951127-89.2024.1.63.3502,11/08/2024,habilitação,Dra Fontes,prazo para recurso: 15 dias úteis a contar da intimação,,sim
3367,4584224-94.2025.2.57.2511,01/05/2026,laudo pericial,Dra. Fontes,,2026-10-30,1
3368,7948577-74.2025.1.60.7583,2021-07-24,citação,Dra. Cavalcante,juntada de documentos realizada,03/10/2026,não
3369,5289264-48.2020.4.41.6347,26 de dezembro de 2022,acordo extrajudicial,Dra. Cavalcante,aguardando manifestação da parte contrária,,N
3370,1438459-62.2020.7.78.3410,08/04/25,sentença,Dr. Barros,audiência marcada para 14/06/2026,14 de maio de 2026,N
3371,2118934-75.2023.5.97.9563,27 de julho de 2022,recurso de apelação,DRA. CAVALCANTE,documentos pendentes de entrega pelo cliente,,sim
3372,8735892-74.2025.8.18.9411,2025-02-02,réplica,Dr. Melo,juntada de documentos realizada,30 de março de 2026,não
3373,2397582-22.2023.9.93.4223,04/06/2024,contestação,Dr. Barros,juntada de documentos realizada,,1
3374,8215015-64.2021.5.32.1893,30/03/23,contestação,dr. melo,documentos pendentes de entrega pelo cliente,,não
3375,6105303-92.2021.4.39.3868,15/09/20,memoriais,Dra. Cavalcante,diligência externa necessária,,não
3376,5462435-11.2024.9.85.2977,27/08/2024,sentença,dr. melo,diligência externa necessária,,1
3377,9398629-61.2022.5.88.8253,31/07/2021,despacho,Dra. Cavalcante,aguardando manifestação da parte contrária,,0
3378,4090182-95.2021.1.57.7189,20/04/2024,habilitação,Dra. Fontes,,,sim
3379,1633270-27.2024.2.52.7034,19/04/2025,contestação,DRA. CAVALCANTE,,,S
3380,3248366-98.2020.5.11.6279,5 de janeiro de 2026,audiência de instrução,Dra. Cavalcante,aguardando manifestação da parte contrária,,sim
3381,5631823-61.2020.5.47.1440,03/03/23,laudo pericial,dr. melo,prazo para recurso: 18 dias úteis a contar da intimação,,S
3382,8735892-74.2025.8.18.9411,13/09/2020,embargos de declaração,Dr. Barros,diligência externa necessária,,0
3383,7141324-67.2025.3.86.3413,07/10/20,embargos de declaração,Dr. Barros,Prazo fatal: 4 de setembro de 2026,,N
3384,2292432-35.2025.5.83.7063,2023-02-04,petição inicial,Dr. Barros,aguardando manifestação da parte contrária,2026-08-18,N
3385,5850223-43.2020.3.81.3185,02/11/2023,citação,Dra. Cavalcante,documentos pendentes de entrega pelo cliente,26/12/2026,não
3386,1778149-24.2023.1.86.3557,28/04/2021,audiência de instrução,Dra. Cavalcante,diligência externa necessária,,
3387,5289264-48.2020.4.41.6347,29 de novembro de 2023,agravo regimental,Dra. Cavalcante,diligência externa necessária,,N
3388,6476769-27.2021.5.22.2570,03/11/22,citação,Dra. Cavalcante,aguardando manifestação da parte contrária,,0
3389,9252661-70.2020.1.46.1185,13/06/25,intimação,Dra. Cavalcante,documentos pendentes de entrega pelo cliente,2026-03-09,1
3390,8714773-70.2022.9.65.8541,14/12/20,agravo regimental,Dr. Barros,documentos pendentes de entrega pelo cliente,30/10/26,S
3391,4417916-40.2022.7.26.4278,01/06/2021,recurso de apelação,Dra. Cavalcante,documentos pendentes de entrega pelo cliente,15/02/2026,sim
3392,2997279-67.2024.9.84.1441,05/02/2024,memoriais,Dr. Melo,aguardando manifestação da parte contrária,,1
3393,4952151-27.2023.3.38.8762,2022-10-19,laudo pericial,Dr. Barros,juntada de documentos realizada,,N
3394,5850223-43.2020.3.81.3185,2020-09-09,petição inicial,DRA. CAVALCANTE,Prazo fatal: 19 de março de 2026,,
3395,1099617-37.2023.9.61.1793,13/08/20,sentença,Dr. Barros,Prazo fatal: 23/11/26,,sim
3396,4493339-70.2021.7.17.8725,14/05/21,habilitação,DRA. CAVALCANTE,audiência marcada para 12 de maio de 2026,,S
3397,6339808-70.2020.2.67.1325,27/03/26,memoriais,Dr. Melo,aguardando manifestação da parte contrária,2026-04-04,sim
3398,2966787-79.2022.1.41.9944,2023-12-19,habilitação,dr. melo,prazo para recurso: 18 dias úteis a contar da intimação,,
3399,5483975-50.2024.8.92.4422,2026-03-01,réplica,Dra. Fontes,juntada de documentos realizada,2026-03-25,sim
3400,4460247-99.2024.9.97.4840,06/02/21,réplica,Dra. Fontes,,,S
3401,1311508-84.2020.3.38.8512,19/11/2024,citação,DRA. CAVALCANTE,diligência externa necessária,25 de agosto de 2026,S
3402,4090182-95.2021.1.57.7189,25 de dezembro de 2024,sentença,Dra. Cavalcante,,,sim
3403,7948577-74.2025.1.60.7583,9 de abril de 2022,audiência de instrução,Dra Fontes,Prazo fatal: 1 de junho de 2026,,
3404,4384627-80.2021.2.13.1061,2024-02-13,petição inicial,Dr. Barros,juntada de documentos realizada,11/09/2026,
3405,8539686-69.2023.4.36.2235,27/10/21,acordo extrajudicial,Dr. Barros,documentos pendentes de entrega pelo cliente,,N
3406,1024421-54.2022.9.20.2563,08/01/2022,audiência de instrução,Dra. Cavalcante,Prazo fatal: 10/01/26,,1
3407,9970343-38.2020.5.18.4483,21/06/2021,acordo extrajudicial,Dr. Barros,audiência marcada para 19/04/2026,2026-04-17,N
3408,8843195-99.2024.6.39.2836,13/05/23,despacho,Dr. Barros,juntada de documentos realizada,11/12/26,S
3409,3542799-64.2025.6.13.7299,20/11/2021,audiência de instrução,Dra. Fontes,prazo para recurso: 11 dias úteis a contar da intimação,03/04/26,1
3410,2545435-52.2025.3.59.7623,2025-07-05,memoriais,Dra. Cavalcante,documentos pendentes de entrega pelo cliente,,1
3411,3879233-61.2024.5.30.1494,21/02/2020,despacho,Dr. Barros,juntada de documentos realizada,,N
3412,1024421-54.2022.9.20.2563,12/05/2021,citação,Dr. Barros,prazo para recurso: 7 dias úteis a contar da intimação,03/03/2026,sim
3413,8368255-39.2020.9.60.4414,2025-04-16,laudo pericial,Dra Fontes,audiência marcada para 24/09/26,,0
3414,2966787-79.2022.1.41.9944,30/07/25,citação,Dra. Fontes,,2026-05-30,não
3415,9108785-98.2021.3.78.6687,2023-11-17,citação,Dr. Barros,,,não
3416,2660213-63.2022.6.50.8366,29/05/25,memoriais,Dr. Barros,prazo para recurso: 18 dias úteis a contar da intimação,29/09/2026,não
3417,2411026-52.2022.6.26.7373,2025-03-28,embargos de declaração,dr. melo,documentos pendentes de entrega pelo cliente,,N
3418,5274951-77.2021.1.76.5120,18/03/20,habilitação,Dr. Barros,diligência externa necessária,,S
3419,2480014-80.2024.2.29.9847,2021-11-19,sentença,Dr. Barros,diligência externa necessária,23/12/2026,não
3420,9060164-41.2020.5.36.2381,2022-11-19,despacho,Dra. Cavalcante,aguardando manifestação da parte contrária,,não
3421,2480014-80.2024.2.29.9847,2025-03-10,despacho,Dr. Barros,prazo para recurso: 13 dias úteis a contar da intimação,,1
3422,8062805-72.2022.1.22.8771,2024-08-27,petição inicial,Dr. Barros,juntada de documentos realizada,22/12/26,não
3423,7515318-25.2024.4.34.6280,12 de junho de 2024,agravo regimental,Dra. Cavalcante,prazo para recurso: 15 dias úteis a contar da intimação,29 de janeiro de 2026,N
3424,7065068-16.2021.7.14.6489,09/06/2023,embargos de declaração,DRA. CAVALCANTE,audiência marcada para 04/05/2026,,sim
3425,1346701-74.2024.1.65.8985,19 de setembro de 2025,despacho,DRA. CAVALCANTE,Prazo fatal: 2026-03-31,,não
3426,7813974-60.2021.1.81.1542,5 de março de 2023,citação,dr. melo,diligência externa necessária,,S
3427,7840442-26.2025.9.53.5093,02/07/2025,contestação,Dra. Cavalcante,diligência externa necessária,2026-04-08,S
3428,6524227-53.2025.1.97.6214,25/04/24,embargos de declaração,Dr. Melo,audiência marcada para 24/03/26,,não
3429,7786207-82.2024.2.92.5696,29/07/20,petição inicial,Dr. Melo,Prazo fatal: 30 de março de 2026,,S
3430,1248003-72.2024.2.80.8472,9 de setembro de 2025,agravo regimental,DRA. CAVALCANTE,audiência marcada para 27/05/2026,,
3431,7222167-30.2022.8.44.7452,22/07/2020,laudo pericial,Dra Fontes,diligência externa necessária,,sim
3432,6018860-77.2022.1.94.1315,23/09/2023,citação,Dra. Cavalcante,Prazo fatal: 10/09/26,27/08/26,0
3433,2480014-80.2024.2.29.9847,17 de agosto de 2023,agravo regimental,Dra. Fontes,documentos pendentes de entrega pelo cliente,15/03/26,sim
3434,4584224-94.2025.2.57.2511,2021-06-19,laudo pericial,Dr. Melo,Prazo fatal: 2026-09-07,11 de setembro de 2026,sim
3435,2824928-33.2020.1.90.6467,08/09/24,audiência de instrução,dr. melo,prazo para recurso: 17 dias úteis a contar da intimação,11/02/2026,1
3436,2267110-24.2021.5.78.6025,22/08/2022,laudo pericial,Dr. Barros,prazo para recurso: 9 dias úteis a contar da intimação,,0
3437,1557680-16.2021.4.16.4031,2020-03-10,despacho,Dra Fontes,prazo para recurso: 5 dias úteis a contar da intimação,,
3438,4064382-39.2022.4.13.8937,2020-04-18,acordo extrajudicial,Dra. Cavalcante,aguardando manifestação da parte contrária,,0
3439,7724543-49.2023.9.44.7412,13 de março de 2023,acordo extrajudicial,Dra. Cavalcante,diligência externa necessária,11 de março de 2026,N
3440,3263740-44.2022.3.81.5402,26/04/2023,laudo pericial,Dr. Barros,,30/11/26,N
3441,8530609-10.2021.5.41.7151,25/12/2025,memoriais,Dra. Cavalcante,,,1
3442,1878000-50.2025.7.58.1197,28/09/2021,acordo extrajudicial,Dr. Melo,,,0
3443,2997279-67.2024.9.84.1441,29/06/24,sentença,dr. melo,prazo para recurso: 25 dias úteis a contar da intimação,,N
3444,9057219-99.2020.9.96.3254,7 de janeiro de 2021,intimação,Dr. Melo,,,S
3445,1557680-16.2021.4.16.4031,24 de dezembro de 2021,petição inicial,dr. melo,aguardando manifestação da parte contrária,,não
3446,6260319-38.2024.8.96.1114,13/07/22,contestação,Dra Fontes,juntada de documentos realizada,,
3447,5514997-95.2024.1.84.8098,16/10/2021,intimação,Dr. Barros,audiência marcada para 2026-12-01,7 de fevereiro de 2026,1
3448,7786207-82.2024.2.92.5696,2021-08-02,habilitação,Dra. Cavalcante,juntada de documentos realizada,,não
3449,5518767-82.2023.4.96.9873,26/12/23,laudo pericial,dr. melo,aguardando manifestação da parte contrária,,1
3450,1411065-96.2022.9.64.8271,06/07/25,audiência de instrução,Dra. Cavalcante,aguardando manifestação da parte contrária,,S
3451,8986773-71.2022.6.45.5854,06/10/2024,memoriais,Dra. Cavalcante,aguardando manifestação da parte contrária,,não
3452,6011987-71.2020.8.10.4396,28/02/2020,sentença,Dr. Barros,diligência externa necessária,,1
3453,2837371-36.2022.7.88.5428,2024-10-26,despacho,Dra. Cavalcante,aguardando manifestação da parte contrária,,sim
3454,7948577-74.2025.1.60.7583,2022-02-15,petição inicial,dr. melo,documentos pendentes de entrega pelo cliente,05/05/26,N
3455,9062552-47.2024.4.22.8265,7 de maio de 2025,petição inicial,Dra. Cavalcante,prazo para recurso: 13 dias úteis a contar da intimação,,não
3456,6254488-31.2024.9.48.3216,18 de outubro de 2022,despacho,DRA. CAVALCANTE,audiência marcada para 2026-07-02,,não
3457,6260319-38.2024.8.96.1114,21/08/2020,contestação,dr. melo,audiência marcada para 2026-04-09,,
3458,7082985-88.2022.2.94.6058,28/05/25,habilitação,Dra Fontes,documentos pendentes de entrega pelo cliente,13/11/2026,
3459,1353022-94.2023.9.79.1203,2025-02-05,contestação,Dr. Barros,aguardando manifestação da parte contrária,,
3460,9885734-21.2023.9.74.3450,2025-09-29,audiência de instrução,Dra Fontes,documentos pendentes de entrega pelo cliente,,sim
3461,9824532-76.2023.6.37.2040,29 de março de 2019,réplica,Dra. Cavalcante,juntada de documentos realizada,,S
3462,3248366-98.2020.5.11.6279,16 de janeiro de 2026,contestação,Dr. Barros,documentos pendentes de entrega pelo cliente,,N
3463,2236315-26.2022.5.82.8939,20/02/23,audiência de instrução,Dr. Barros,audiência marcada para 27/04/26,,
3464,1615190-23.2022.2.42.6238,16 de maio de 2025,citação,Dr. Barros,prazo para recurso: 18 dias úteis a contar da intimação,,
3465,2019436-32.2020.6.16.9856,11/05/20,sentença,Dra Fontes,aguardando manifestação da parte contrária,,0
3466,5660649-86.2020.5.86.9291,27/05/2024,habilitação,Dra. Cavalcante,documentos pendentes de entrega pelo cliente,21/01/2026,0
3467,9057219-99.2020.9.96.3254,14/09/2020,acordo extrajudicial,DRA. CAVALCANTE,documentos pendentes de entrega pelo cliente,,1
3468,5159882-37.2022.9.71.7550,2022-01-09,agravo regimental,Dr. Barros,audiência marcada para 23 de agosto de 2026,,
3469,5492622-29.2021.9.92.7737,28/02/2023,agravo regimental,Dra. Cavalcante,documentos pendentes de entrega pelo cliente,,não
3470,7115217-41.2025.1.67.7692,2024-08-05,memoriais,dr. melo,aguardando manifestação da parte contrária,,0
3471,4584224-94.2025.2.57.2511,2023-07-04,memoriais,Dr. Barros,audiência marcada para 2 de junho de 2026,,
3472,5850223-43.2020.3.81.3185,08/07/23,acordo extrajudicial,Dr. Barros,,,0
3473,5159882-37.2022.9.71.7550,23 de fevereiro de 2020,acordo extrajudicial,Dra. Cavalcante,aguardando manifestação da parte contrária,04/11/2026,0
3474,1667591-67.2025.4.69.9424,2024-12-08,contestação,Dr. Barros,audiência marcada para 29/05/26,,sim
3475,7141324-67.2025.3.86.3413,2021-09-12,réplica,Dr. Melo,,09/05/26,
3476,7979033-26.2021.6.18.1084,3 de dezembro de 2025,agravo regimental,Dra Fontes,diligência externa necessária,2026-05-06,S
3477,1714231-74.2025.9.71.1697,20/08/2021,despacho,Dr. Barros,diligência externa necessária,,N
3478,8655267-17.2025.3.63.4188,17/02/2022,intimação,Dra. Cavalcante,,,N
3479,7948577-74.2025.1.60.7583,20/06/20,contestação,DRA. CAVALCANTE,prazo para recurso: 12 dias úteis a contar da intimação,,N
3480,2110878-87.2023.8.83.8978,14 de março de 2024,petição inicial,Dra. Cavalcante,aguardando manifestação da parte contrária,23 de novembro de 2026,S
3481,1633270-27.2024.2.52.7034,30/03/23,petição inicial,DRA. CAVALCANTE,juntada de documentos realizada,,N
3482,1869144-23.2023.5.84.3325,01/02/2023,contestação,DRA. CAVALCANTE,prazo para recurso: 25 dias úteis a contar da intimação,,N
3483,3418432-84.2025.3.59.5858,10/05/2024,sentença,Dr. Barros,juntada de documentos realizada,,sim
3484,7951127-89.2024.1.63.3502,2025-12-13,intimação,Dra. Cavalcante,Prazo fatal: 04/12/26,,N
3485,9062552-47.2024.4.22.8265,14/12/2023,despacho,Dr. Barros,,7 de dezembro de 2026,
3486,7599278-46.2021.4.96.3535,4 de maio de 2023,agravo regimental,Dr. Barros,prazo para recurso: 18 dias úteis a contar da intimação,,S
3487,8539686-69.2023.4.36.2235,9 de março de 2021,audiência de instrução,dr. melo,documentos pendentes de entrega pelo cliente,24 de setembro de 2026,S
3488,6445422-21.2020.5.39.8096,28/04/2022,sentença,Dr. Barros,diligência externa necessária,,1
3489,5966644-82.2023.4.88.9951,30/01/25,habilitação,Dra. Fontes,aguardando manifestação da parte contrária,09/01/2026,não
3490,8905709-90.2020.9.55.2471,4 de novembro de 2020,embargos de declaração,DRA. CAVALCANTE,aguardando manifestação da parte contrária,,N
3491,4721085-96.2020.6.92.9645,1 de janeiro de 2019,recurso de apelação,Dra Fontes,diligência externa necessária,,
3492,6038940-61.2024.4.64.6408,8 de setembro de 2021,habilitação,dr. melo,juntada de documentos realizada,,1
3493,9636371-69.2025.8.67.4068,2024-08-03,citação,Dra. Cavalcante,documentos pendentes de entrega pelo cliente,,
3494,1098476-20.2021.1.47.3336,23 de agosto de 2024,acordo extrajudicial,Dra. Cavalcante,Prazo fatal: 27/11/2026,,
3495,4134515-43.2021.8.70.4879,13/12/22,memoriais,Dra Fontes,aguardando manifestação da parte contrária,5 de setembro de 2026,1
3496,3306375-34.2024.9.48.9154,07/04/20,agravo regimental,Dr. Barros,documentos pendentes de entrega pelo cliente,2026-06-25,
3497,5947618-28.2023.6.53.6118,06/08/21,contestação,DRA. CAVALCANTE,diligência externa necessária,,1
3498,4433355-55.2023.8.48.9346,2025-09-18,recurso de apelação,Dra. Cavalcante,diligência externa necessária,4 de dezembro de 2026,S
3499,8097721-13.2023.1.47.8354,19/10/2023,petição inicial,Dr. Barros,prazo para recurso: 11 dias úteis a contar da intimação,,sim
3500,8215015-64.2021.5.32.1893,05/01/23,embargos de declaração,Dr. Barros,documentos pendentes de entrega pelo cliente,,N
3501,2411026-52.2022.6.26.7373,2022-08-08,despacho,Dra. Fontes,audiência marcada para 2026-07-02,,1
3502,8572382-61.2025.1.41.7172,2022-12-14,audiência de instrução,DRA. CAVALCANTE,prazo para recurso: 13 dias úteis a contar da intimação,,
3503,6416661-36.2021.8.21.8496,04/03/2026,laudo pericial,Dra. Fontes,prazo para recurso: 14 dias úteis a contar da intimação,,0
3504,9953454-93.2020.2.52.5723,08/02/2025,audiência de instrução,Dr. Barros,audiência marcada para 02/06/26,,S
3505,2016341-89.2023.7.48.2724,31/08/2022,laudo pericial,DRA. CAVALCANTE,juntada de documentos realizada,2026-04-12,não
3506,3679963-72.2020.9.29.7859,01/07/2024,petição inicial,Dr. Barros,prazo para recurso: 30 dias úteis a contar da intimação,,0
3507,1438459-62.2020.7.78.3410,17 de julho de 2025,embargos de declaração,Dra. Cavalcante,prazo para recurso: 20 dias úteis a contar da intimação,2026-03-19,
3508,1628717-84.2025.8.67.8313,15 de junho de 2020,habilitação,Dra Fontes,diligência externa necessária,15 de novembro de 2026,
3509,2267110-24.2021.5.78.6025,13/04/24,memoriais,dr. melo,documentos pendentes de entrega pelo cliente,17 de agosto de 2026,não
3510,5966644-82.2023.4.88.9951,15 de fevereiro de 2022,despacho,Dra. Fontes,,24 de dezembro de 2026,S
3511,1353022-94.2023.9.79.1203,2025-01-09,habilitação,Dra. Fontes,prazo para recurso: 25 dias úteis a contar da intimação,,S
3512,2129757-49.2025.4.14.5657,25/05/2020,sentença,Dra Fontes,aguardando manifestação da parte contrária,02/08/26,1
3513,5035093-45.2021.1.27.3097,14/09/19,audiência de instrução,Dr. Barros,,2026-04-05,sim
3514,3260101-88.2022.8.37.9169,10/02/2026,acordo extrajudicial,Dr. Melo,,,S
3515,2837371-36.2022.7.88.5428,19 de março de 2024,laudo pericial,DRA. CAVALCANTE,prazo para recurso: 15 dias úteis a contar da intimação,,não
3516,7486138-99.2020.5.81.4332,14 de dezembro de 2022,petição inicial,Dr. Barros,diligência externa necessária,,S
3517,9057960-29.2025.5.10.6072,08/05/2020,petição inicial,Dra. Cavalcante,juntada de documentos realizada,,não
3518,5700249-43.2020.5.57.9341,14/11/21,acordo extrajudicial,Dr. Barros,documentos pendentes de entrega pelo cliente,,S
3519,2016341-89.2023.7.48.2724,11/04/2026,intimação,Dr. Barros,aguardando manifestação da parte contrária,,1
3520,1165147-13.2020.2.47.5874,31/08/2025,acordo extrajudicial,Dra. Fontes,Prazo fatal: 06/08/2026,,0
3521,8066975-72.2023.7.26.7675,01/08/2019,contestação,Dr. Barros,diligência externa necessária,,N
3522,4131852-60.2020.1.89.9739,09/02/22,audiência de instrução,dr. melo,juntada de documentos realizada,,não
3523,5853247-29.2020.7.62.8870,4 de abril de 2022,recurso de apelação,DRA. CAVALCANTE,juntada de documentos realizada,,1
3524,6694761-39.2022.1.10.2199,12/01/24,recurso de apelação,dr. melo,diligência externa necessária,,
3525,1602496-64.2022.5.79.8340,11/11/21,habilitação,Dr. Melo,audiência marcada para 2026-05-28,,N
3526,7515318-25.2024.4.34.6280,2025-07-28,habilitação,Dra. Cavalcante,prazo para recurso: 27 dias úteis a contar da intimação,,não
3527,4140100-24.2024.4.63.7178,13/10/24,intimação,Dr. Melo,documentos pendentes de entrega pelo cliente,,sim
3528,2480014-80.2024.2.29.9847,2020-05-08,laudo pericial,Dr. Melo,juntada de documentos realizada,,1
3529,6663627-76.2023.9.26.5770,2020-01-05,acordo extrajudicial,Dra. Fontes,Prazo fatal: 27 de julho de 2026,,não
3530,7222167-30.2022.8.44.7452,20/05/2022,sentença,DRA. CAVALCANTE,Prazo fatal: 2026-05-13,,N
3531,5462435-11.2024.9.85.2977,03/09/25,embargos de declaração,Dr. Barros,documentos pendentes de entrega pelo cliente,,não
3532,8215015-64.2021.5.32.1893,25/12/23,sentença,Dr. Barros,juntada de documentos realizada,,
3533,1896520-28.2021.5.90.5374,2023-02-28,réplica,Dra. Fontes,prazo para recurso: 21 dias úteis a contar da intimação,,0
3534,2884639-86.2023.2.31.8737,10/12/25,citação,Dra Fontes,prazo para recurso: 11 dias úteis a contar da intimação,,
3535,7941836-76.2025.4.34.6543,20 de setembro de 2020,embargos de declaração,dr. melo,documentos pendentes de entrega pelo cliente,,0
3536,8157599-64.2024.2.89.5276,23 de abril de 2025,acordo extrajudicial,Dra Fontes,juntada de documentos realizada,25/06/2026,não
3537,6686912-30.2025.4.68.7078,12/07/2025,recurso de apelação,Dra. Fontes,aguardando manifestação da parte contrária,,não
3538,4568537-97.2021.4.82.7633,23/08/21,despacho,Dra. Cavalcante,juntada de documentos realizada,,N
3539,7626521-25.2020.9.17.3305,29 de dezembro de 2024,audiência de instrução,Dr. Barros,documentos pendentes de entrega pelo cliente,,
3540,1614850-25.2020.8.85.3161,28 de maio de 2019,petição inicial,Dr. Barros,aguardando manifestação da parte contrária,,0
3541,2186433-37.2022.2.12.4344,17 de outubro de 2023,sentença,Dr. Barros,documentos pendentes de entrega pelo cliente,,S
3542,2341370-92.2024.9.60.8122,2022-09-16,réplica,Dra. Fontes,Prazo fatal: 02/12/2026,30/06/2026,
3543,6096719-87.2023.1.41.6180,2022-12-05,intimação,Dr. Melo,diligência externa necessária,12/01/2026,0
3544,4202942-75.2025.6.91.7611,04/08/2023,réplica,Dra Fontes,,09/10/2026,N
3545,5850223-43.2020.3.81.3185,9 de agosto de 2020,audiência de instrução,Dr. Barros,juntada de documentos realizada,,sim
3546,5755257-93.2020.8.44.2882,2021-06-26,petição inicial,Dra. Cavalcante,documentos pendentes de entrega pelo cliente,,1
3547,7862554-22.2024.7.83.6459,3 de março de 2025,réplica,dr. melo,juntada de documentos realizada,,0
3548,7398699-88.2025.6.55.3587,2020-08-16,despacho,Dr. Barros,,,1
3549,2545435-52.2025.3.59.7623,2023-04-01,recurso de apelação,Dr. Barros,documentos pendentes de entrega pelo cliente,,sim
3550,4092125-65.2025.3.26.9073,29/04/23,audiência de instrução,dr. melo,diligência externa necessária,01/12/26,S
3551,9408522-77.2021.3.36.8376,2022-02-08,contestação,dr. melo,diligência externa necessária,,não
3552,5826200-20.2025.1.91.8748,1 de junho de 2022,réplica,dr. melo,diligência externa necessária,,0
3553,1757615-27.2025.7.10.3762,09/03/26,recurso de apelação,Dr. Barros,diligência externa necessária,2026-03-08,N
3554,2490107-19.2023.9.10.7930,16 de julho de 2024,contestação,DRA. CAVALCANTE,Prazo fatal: 28 de março de 2026,2026-05-28,sim
3555,9060164-41.2020.5.36.2381,15/04/22,intimação,Dra. Cavalcante,audiência marcada para 22/11/2026,,sim
3556,1098476-20.2021.1.47.3336,07/02/24,recurso de apelação,Dra. Cavalcante,aguardando manifestação da parte contrária,,N
3557,1664676-19.2021.8.64.4616,10 de julho de 2023,agravo regimental,Dr. Barros,documentos pendentes de entrega pelo cliente,,sim
3558,9252661-70.2020.1.46.1185,2025-07-28,sentença,Dra. Fontes,Prazo fatal: 2026-03-16,,0
3559,2267110-24.2021.5.78.6025,2022-07-22,embargos de declaração,Dr. Barros,juntada de documentos realizada,2026-11-16,S
3560,4493339-70.2021.7.17.8725,02/12/22,citação,Dr. Barros,documentos pendentes de entrega pelo cliente,9 de maio de 2026,N
3561,7398699-88.2025.6.55.3587,12/04/2024,réplica,Dra. Fontes,audiência marcada para 01/03/2026,,N
3562,8530609-10.2021.5.41.7151,20 de novembro de 2022,laudo pericial,Dr. Melo,aguardando manifestação da parte contrária,26/11/2026,
3563,1964519-55.2020.7.58.6781,25/11/2023,embargos de declaração,Dra Fontes,,,não
3564,8986773-71.2022.6.45.5854,09/02/21,embargos de declaração,Dra. Cavalcante,diligência externa necessária,,
3565,7381740-86.2021.2.88.6570,12 de junho de 2022,réplica,Dr. Barros,documentos pendentes de entrega pelo cliente,10/08/26,1
3566,3975387-89.2023.4.55.7631,09/12/22,agravo regimental,Dra. Cavalcante,juntada de documentos realizada,,0
3567,7082985-88.2022.2.94.6058,12 de fevereiro de 2026,recurso de apelação,Dra Fontes,diligência externa necessária,,S
3568,7141324-67.2025.3.86.3413,14/08/25,intimação,Dra. Cavalcante,diligência externa necessária,,S
3569,6416661-36.2021.8.21.8496,2023-02-11,memoriais,Dr. Barros,aguardando manifestação da parte contrária,,S
3570,7539718-58.2020.2.52.9800,15/03/2021,memoriais,Dra Fontes,prazo para recurso: 24 dias úteis a contar da intimação,,sim
3571,5947618-28.2023.6.53.6118,26/07/2022,intimação,Dr. Barros,prazo para recurso: 24 dias úteis a contar da intimação,,0
3572,8574876-96.2020.7.97.4673,2026-02-28,recurso de apelação,Dr. Barros,aguardando manifestação da parte contrária,2026-01-11,sim
3573,5483975-50.2024.8.92.4422,2022-07-06,audiência de instrução,DRA. CAVALCANTE,,,não
3574,2842764-33.2025.7.99.7279,19 de setembro de 2020,réplica,Dra. Cavalcante,juntada de documentos realizada,,1
3575,7398699-88.2025.6.55.3587,10 de abril de 2023,petição inicial,Dra. Cavalcante,audiência marcada para 19 de agosto de 2026,16/04/26,1
3576,5625093-80.2022.9.16.6618,13/12/21,despacho,Dr. Melo,juntada de documentos realizada,,N
3577,4131852-60.2020.1.89.9739,11/05/21,laudo pericial,Dr. Barros,,25/04/2026,N
3578,9498791-62.2022.6.73.9564,29 de março de 2021,petição inicial,Dr. Barros,diligência externa necessária,,sim
3579,7722274-26.2024.9.14.7062,2020-10-27,acordo extrajudicial,Dra Fontes,audiência marcada para 2026-06-28,,0
3580,6053412-12.2021.6.72.8346,12/08/25,citação,Dra. Fontes,audiência marcada para 17/06/2026,,S
3581,6075721-43.2020.9.85.8738,6 de julho de 2020,memoriais,dr. melo,Prazo fatal: 26 de dezembro de 2026,,não
3582,7110796-41.2020.3.80.5362,08/01/2025,audiência de instrução,Dr. Melo,Prazo fatal: 24/04/2026,,1
3583,7243958-65.2020.5.25.5047,10/01/21,audiência de instrução,DRA. CAVALCANTE,Prazo fatal: 2026-11-23,08/10/2026,N
3584,2660213-63.2022.6.50.8366,27/02/2019,sentença,Dra. Cavalcante,audiência marcada para 2026-08-28,,1
3585,2895065-46.2022.7.67.1438,18/03/24,agravo regimental,DRA. CAVALCANTE,Prazo fatal: 10/10/26,,sim
3586,5788467-41.2023.8.93.8134,30/11/2021,recurso de apelação,dr. melo,aguardando manifestação da parte contrária,,N
3587,4131852-60.2020.1.89.9739,22 de abril de 2020,agravo regimental,Dra. Cavalcante,documentos pendentes de entrega pelo cliente,2026-12-26,1
3588,1411065-96.2022.9.64.8271,25/12/2024,audiência de instrução,Dr. Barros,prazo para recurso: 8 dias úteis a contar da intimação,,sim
3589,6944389-98.2023.1.72.8245,08/02/23,acordo extrajudicial,Dra. Cavalcante,prazo para recurso: 28 dias úteis a contar da intimação,,1
3590,7862554-22.2024.7.83.6459,2025-02-19,sentença,Dr. Barros,Prazo fatal: 18/04/2026,2026-10-28,sim
3591,1633270-27.2024.2.52.7034,22/02/22,embargos de declaração,Dra. Fontes,aguardando manifestação da parte contrária,,sim
3592,2118934-75.2023.5.97.9563,23 de abril de 2026,despacho,Dr. Melo,audiência marcada para 1 de julho de 2026,,1
3593,5625093-80.2022.9.16.6618,15/05/25,laudo pericial,dr. melo,diligência externa necessária,,1
3594,5159219-49.2023.5.25.3676,2025-10-25,contestação,DRA. CAVALCANTE,aguardando manifestação da parte contrária,,sim
3595,9252661-70.2020.1.46.1185,23/04/2024,audiência de instrução,Dra. Fontes,aguardando manifestação da parte contrária,9 de março de 2026,não
3596,6953559-38.2025.7.42.9212,30/01/20,audiência de instrução,DRA. CAVALCANTE,Prazo fatal: 13/07/26,17/04/2026,0
3597,1165147-13.2020.2.47.5874,2020-05-22,memoriais,Dr. Melo,prazo para recurso: 13 dias úteis a contar da intimação,2026-12-17,1
3598,3248366-98.2020.5.11.6279,2026-02-09,memoriais,Dr. Barros,documentos pendentes de entrega pelo cliente,,1
3599,9498791-62.2022.6.73.9564,29/02/20,despacho,DRA. CAVALCANTE,prazo para recurso: 5 dias úteis a contar da intimação,,não
3600,2632721-15.2024.7.90.9593,13/10/20,intimação,Dra. Cavalcante,prazo para recurso: 20 dias úteis a contar da intimação,25 de junho de 2026,0
3601,3778380-86.2023.9.32.5849,2020-11-10,memoriais,Dra. Fontes,aguardando manifestação da parte contrária,,1
3602,6935346-77.2024.3.52.9529,2024-04-15,despacho,Dr. Barros,juntada de documentos realizada,,não
3603,2411026-52.2022.6.26.7373,02/05/2024,recurso de apelação,DRA. CAVALCANTE,,,sim
3604,6686912-30.2025.4.68.7078,10 de setembro de 2024,petição inicial,dr. melo,prazo para recurso: 16 dias úteis a contar da intimação,,S
3605,2837371-36.2022.7.88.5428,8 de janeiro de 2021,intimação,Dra. Fontes,juntada de documentos realizada,1 de novembro de 2026,não
3606,4299848-20.2023.2.47.7396,2022-02-17,memoriais,Dra Fontes,Prazo fatal: 2026-11-18,,N
3607,5733649-38.2020.2.35.3379,30 de maio de 2021,agravo regimental,Dra Fontes,,11/03/26,
3608,3821719-15.2025.2.86.2518,2023-05-09,réplica,Dr. Barros,diligência externa necessária,,N
3609,5638123-23.2024.7.30.5009,04/04/2021,embargos de declaração,Dr. Melo,documentos pendentes de entrega pelo cliente,,sim
3610,8749473-21.2020.4.12.9144,2021-06-01,laudo pericial,Dr. Barros,audiência marcada para 25/04/26,,N
3611,5953905-94.2022.5.44.3245,22 de maio de 2025,réplica,Dra. Fontes,audiência marcada para 2026-03-15,,não
3612,6267378-50.2021.9.19.9923,08/08/2021,audiência de instrução,Dra. Fontes,prazo para recurso: 27 dias úteis a contar da intimação,,N
3613,4180949-86.2020.3.26.7593,10/02/2024,agravo regimental,Dra. Fontes,juntada de documentos realizada,,
3614,5284129-51.2020.3.32.5205,14/12/19,habilitação,Dr. Barros,documentos pendentes de entrega pelo cliente,,N
3615,7243958-65.2020.5.25.5047,16/10/20,contestação,Dr. Barros,audiência marcada para 30/05/2026,,0
3616,2909764-51.2025.7.78.2223,2025-06-16,sentença,Dra Fontes,audiência marcada para 27/12/26,,não
3617,3542799-64.2025.6.13.7299,2020-05-27,embargos de declaração,dr. melo,Prazo fatal: 2026-06-15,,sim
3618,4140100-24.2024.4.63.7178,15/04/2025,memoriais,DRA. CAVALCANTE,diligência externa necessária,4 de junho de 2026,N
3619,5545511-73.2023.1.66.9757,26/01/22,réplica,dr. melo,juntada de documentos realizada,,1
3620,5058333-37.2021.3.98.8848,23 de outubro de 2019,acordo extrajudicial,Dra. Fontes,aguardando manifestação da parte contrária,14/01/26,sim
3621,5631823-61.2020.5.47.1440,2023-04-17,intimação,Dr. Barros,prazo para recurso: 5 dias úteis a contar da intimação,28/11/2026,0
3622,1602496-64.2022.5.79.8340,28/12/2021,petição inicial,dr. melo,audiência marcada para 30/11/2026,23/11/2026,
3623,4134515-43.2021.8.70.4879,30/01/23,recurso de apelação,DRA. CAVALCANTE,aguardando manifestação da parte contrária,,1
3624,1754781-28.2025.6.89.2162,27 de março de 2025,audiência de instrução,Dr. Melo,,,sim
3625,9302979-43.2025.9.68.7487,21/04/2025,acordo extrajudicial,DRA. CAVALCANTE,aguardando manifestação da parte contrária,16/04/2026,0
3626,3242098-97.2025.4.44.9916,15/01/2020,petição inicial,Dr. Melo,,,1
3627,8368255-39.2020.9.60.4414,2022-09-08,réplica,Dr. Barros,aguardando manifestação da parte contrária,,não
3628,7840442-26.2025.9.53.5093,2022-12-27,habilitação,Dra. Fontes,diligência externa necessária,20/04/26,não
3629,5432782-56.2021.2.97.6240,15/12/20,laudo pericial,Dr. Barros,aguardando manifestação da parte contrária,,S
3630,9498791-62.2022.6.73.9564,20/10/2021,laudo pericial,Dra. Fontes,juntada de documentos realizada,,N
3631,6339266-27.2025.5.15.6766,15 de agosto de 2021,citação,Dra. Fontes,juntada de documentos realizada,,sim
3632,6935346-77.2024.3.52.9529,30 de setembro de 2022,réplica,Dr. Barros,juntada de documentos realizada,,0
3633,9824532-76.2023.6.37.2040,06/06/2020,embargos de declaração,Dra. Cavalcante,diligência externa necessária,,sim
3634,4131852-60.2020.1.89.9739,25 de abril de 2023,recurso de apelação,Dr. Barros,aguardando manifestação da parte contrária,,sim
3635,9898363-27.2020.4.89.2966,20 de fevereiro de 2020,embargos de declaração,Dr. Barros,,,sim
3636,3724721-44.2021.9.75.5553,2020-08-21,sentença,Dr. Barros,diligência externa necessária,,1
3637,9666878-83.2023.6.29.9905,02/10/2023,agravo regimental,Dra Fontes,audiência marcada para 08/04/2026,,S
3638,3464073-25.2022.8.73.5075,2022-06-19,réplica,Dr. Barros,documentos pendentes de entrega pelo cliente,,N
3639,8183950-10.2021.5.84.9388,29/01/25,audiência de instrução,Dr. Melo,juntada de documentos realizada,23/09/26,0
3640,7515318-25.2024.4.34.6280,13/10/24,intimação,Dr. Barros,documentos pendentes de entrega pelo cliente,,S
3641,6053412-12.2021.6.72.8346,12 de outubro de 2020,laudo pericial,Dr. Barros,diligência externa necessária,31/10/2026,não
3642,4314934-26.2021.7.14.7244,01/01/2021,despacho,Dra Fontes,aguardando manifestação da parte contrária,,S
3643,6334947-38.2020.4.71.6173,2024-05-15,embargos de declaração,Dra. Cavalcante,documentos pendentes de entrega pelo cliente,11/03/2026,1
3644,4314934-26.2021.7.14.7244,01/04/20,réplica,Dra. Cavalcante,documentos pendentes de entrega pelo cliente,,N
3645,4563779-48.2023.2.87.9606,10/01/24,laudo pericial,Dr. Barros,documentos pendentes de entrega pelo cliente,2026-06-25,N
3646,7813974-60.2021.1.81.1542,2026-03-05,laudo pericial,DRA. CAVALCANTE,prazo para recurso: 9 dias úteis a contar da intimação,,0
3647,3710559-31.2020.9.95.2540,25/11/23,memoriais,Dra. Fontes,juntada de documentos realizada,2026-07-16,0
3648,4893809-11.2021.7.19.9759,22 de setembro de 2020,habilitação,DRA. CAVALCANTE,prazo para recurso: 16 dias úteis a contar da intimação,,0
3649,9953454-93.2020.2.52.5723,2023-02-18,contestação,Dr. Barros,Prazo fatal: 18/11/2026,,0
3650,9060164-41.2020.5.36.2381,21/06/2024,audiência de instrução,Dr. Melo,Prazo fatal: 21/10/2026,29/06/2026,S
3651,5661974-14.2020.6.39.3137,07/11/2024,habilitação,Dra Fontes,prazo para recurso: 13 dias úteis a contar da intimação,,N
3652,2341370-92.2024.9.60.8122,04/04/22,habilitação,Dra. Fontes,,07/01/2026,N
3653,3541821-31.2021.8.96.1927,02/10/20,recurso de apelação,Dr. Melo,documentos pendentes de entrega pelo cliente,,não
3654,3710559-31.2020.9.95.2540,2022-04-20,agravo regimental,DRA. CAVALCANTE,juntada de documentos realizada,19/12/26,S
3655,2019436-32.2020.6.16.9856,08/09/2020,memoriais,Dr. Melo,diligência externa necessária,23 de janeiro de 2026,S
3656,6686912-30.2025.4.68.7078,24/12/23,contestação,Dr. Barros,prazo para recurso: 15 dias úteis a contar da intimação,,N
3657,5614769-67.2022.9.87.1001,25 de março de 2020,laudo pericial,Dr. Barros,prazo para recurso: 17 dias úteis a contar da intimação,,0
3658,7948577-74.2025.1.60.7583,26 de novembro de 2022,despacho,Dra. Fontes,aguardando manifestação da parte contrária,,não
3659,5401874-62.2025.2.46.8337,2022-03-11,petição inicial,Dra. Fontes,audiência marcada para 23/06/26,,1
3660,4493339-70.2021.7.17.8725,2023-07-02,agravo regimental,DRA. CAVALCANTE,aguardando manifestação da parte contrária,,sim
3661,2341370-92.2024.9.60.8122,2023-04-07,citação,dr. melo,prazo para recurso: 15 dias úteis a contar da intimação,,sim
3662,7789809-22.2020.1.73.9031,08/02/24,citação,Dr. Barros,documentos pendentes de entrega pelo cliente,,N
3663,8215015-64.2021.5.32.1893,27 de maio de 2021,recurso de apelação,Dra. Cavalcante,audiência marcada para 14/08/2026,6 de outubro de 2026,S
3664,2545435-52.2025.3.59.7623,2023-01-04,embargos de declaração,Dr. Melo,juntada de documentos realizada,,
3665,9398629-61.2022.5.88.8253,08/02/26,embargos de declaração,Dr. Barros,audiência marcada para 05/08/2026,,N
3666,1183693-37.2024.1.85.2937,26 de dezembro de 2022,réplica,Dra. Fontes,juntada de documentos realizada,20 de outubro de 2026,N
3667,2554938-48.2024.1.13.4544,28/07/21,contestação,Dra. Cavalcante,diligência externa necessária,2026-06-30,
3668,8749473-21.2020.4.12.9144,11 de maio de 2020,contestação,Dra. Fontes,juntada de documentos realizada,,não
3669,9898363-27.2020.4.89.2966,11 de fevereiro de 2026,habilitação,Dra. Cavalcante,,,N
3670,2411026-52.2022.6.26.7373,27/02/2025,petição inicial,Dra. Fontes,audiência marcada para 25 de julho de 2026,,sim
3671,4952151-27.2023.3.38.8762,25 de março de 2021,laudo pericial,Dra Fontes,Prazo fatal: 26 de janeiro de 2026,,S
3672,8062805-72.2022.1.22.8771,2022-08-05,petição inicial,Dr. Melo,aguardando manifestação da parte contrária,,1
3673,5492622-29.2021.9.92.7737,2022-08-27,intimação,Dra Fontes,prazo para recurso: 11 dias úteis a contar da intimação,17/12/2026,N
3674,2545435-52.2025.3.59.7623,10 de setembro de 2025,laudo pericial,Dr. Melo,Prazo fatal: 7 de junho de 2026,,não
3675,5545511-73.2023.1.66.9757,28/12/2023,laudo pericial,DRA. CAVALCANTE,prazo para recurso: 5 dias úteis a contar da intimação,,S
3676,6404948-40.2021.7.68.7161,2024-05-12,embargos de declaração,Dr. Melo,Prazo fatal: 2026-03-30,,1
3677,6418382-43.2020.8.63.9133,28 de dezembro de 2025,audiência de instrução,Dr. Barros,juntada de documentos realizada,2026-08-24,S
3678,7544569-30.2022.4.91.9370,01/08/22,contestação,Dr. Melo,diligência externa necessária,,sim
3679,6384831-67.2022.5.89.7429,24/06/23,audiência de instrução,Dr. Barros,aguardando manifestação da parte contrária,,1
3680,5284129-51.2020.3.32.5205,06/03/26,audiência de instrução,Dr. Melo,diligência externa necessária,,S
3681,1116024-57.2025.8.16.4043,19 de novembro de 2024,contestação,Dra. Cavalcante,aguardando manifestação da parte contrária,,1
3682,5732779-86.2025.4.28.7831,30/01/26,habilitação,Dr. Melo,Prazo fatal: 2026-12-29,,1
3683,3542616-60.2022.3.87.6536,2021-08-18,embargos de declaração,dr. melo,Prazo fatal: 28/09/2026,,S
3684,5289264-48.2020.4.41.6347,17/05/19,despacho,Dr. Melo,documentos pendentes de entrega pelo cliente,11/03/26,0
3685,5472823-70.2022.4.41.7624,2023-12-17,recurso de apelação,Dr. Melo,audiência marcada para 22 de julho de 2026,04/12/26,0
3686,5967836-10.2021.4.35.9671,23/12/23,réplica,DRA. CAVALCANTE,audiência marcada para 09/07/26,,N
3687,5284129-51.2020.3.32.5205,08/10/2023,citação,Dr. Melo,documentos pendentes de entrega pelo cliente,,sim
3688,3675188-38.2025.9.53.3305,05/04/23,citação,Dr. Barros,audiência marcada para 22/10/26,27/09/26,S
3689,2884639-86.2023.2.31.8737,2022-09-13,citação,Dr. Melo,prazo para recurso: 7 dias úteis a contar da intimação,27 de dezembro de 2026,N
3690,6018860-77.2022.1.94.1315,30/10/2021,recurso de apelação,Dra Fontes,documentos pendentes de entrega pelo cliente,,S
3691,5266269-78.2021.7.59.1392,15 de abril de 2022,memoriais,dr. melo,documentos pendentes de entrega pelo cliente,12/06/26,não
3692,1116024-57.2025.8.16.4043,2022-04-11,contestação,Dr. Melo,,,N
3693,4687348-31.2023.1.92.6907,19/02/21,recurso de apelação,Dra Fontes,audiência marcada para 15/06/26,,N
3694,7398699-88.2025.6.55.3587,2026-04-16,recurso de apelação,Dr. Barros,,,não
3695,9835331-11.2022.6.15.8602,29 de outubro de 2024,audiência de instrução,Dr. Barros,,,S
3696,7486138-99.2020.5.81.4332,7 de agosto de 2022,réplica,Dra. Cavalcante,aguardando manifestação da parte contrária,31 de dezembro de 2026,0
3697,7948577-74.2025.1.60.7583,2022-03-30,habilitação,Dra Fontes,audiência marcada para 01/10/2026,,não
3698,2411026-52.2022.6.26.7373,21/11/21,citação,Dr. Melo,diligência externa necessária,,N
3699,2231929-89.2024.6.41.5461,2021-07-16,embargos de declaração,Dra. Fontes,juntada de documentos realizada,16/05/2026,N
3700,7539718-58.2020.2.52.9800,8 de dezembro de 2020,laudo pericial,Dr. Barros,audiência marcada para 18/08/2026,,
3701,9666878-83.2023.6.29.9905,11/12/2024,agravo regimental,Dr. Barros,juntada de documentos realizada,,sim
3702,4601686-30.2021.5.52.7745,11 de outubro de 2020,citação,Dra Fontes,,,S
3703,2231929-89.2024.6.41.5461,27 de março de 2020,laudo pericial,Dr. Barros,prazo para recurso: 25 dias úteis a contar da intimação,,não
3704,5901155-82.2023.2.89.7717,2019-01-04,citação,Dr. Barros,Prazo fatal: 29 de agosto de 2026,,N
3705,5966644-82.2023.4.88.9951,19 de setembro de 2025,sentença,Dra Fontes,audiência marcada para 17/03/26,,não
3706,4510407-23.2020.5.18.6055,28 de fevereiro de 2024,citação,DRA. CAVALCANTE,Prazo fatal: 2026-05-18,04/04/26,S
3707,1966014-66.2022.7.82.2137,2023-09-02,agravo regimental,Dra Fontes,,4 de dezembro de 2026,
3708,7916680-90.2022.1.67.1785,09/12/2022,citação,dr. melo,prazo para recurso: 6 dias úteis a contar da intimação,21/11/26,0
3709,5159219-49.2023.5.25.3676,2024-08-30,despacho,Dra. Fontes,prazo para recurso: 13 dias úteis a contar da intimação,,S
3710,4874996-38.2022.9.94.8154,12/12/2023,embargos de declaração,Dr. Melo,,,
3711,4131852-60.2020.1.89.9739,31/10/2020,habilitação,Dra Fontes,juntada de documentos realizada,,não
3712,6011987-71.2020.8.10.4396,10/05/2022,contestação,dr. melo,Prazo fatal: 12/10/2026,25/10/2026,não
3713,7141324-67.2025.3.86.3413,20/02/20,citação,dr. melo,aguardando manifestação da parte contrária,12 de dezembro de 2026,sim
3714,9573194-21.2022.1.35.8352,2025-07-22,audiência de instrução,DRA. CAVALCANTE,audiência marcada para 25/06/26,,não
3715,8607512-63.2021.6.82.1039,03/03/21,memoriais,dr. melo,prazo para recurso: 22 dias úteis a contar da intimação,,0
3716,7820540-78.2023.1.75.4823,29/08/20,contestação,Dr. Barros,juntada de documentos realizada,,sim
3717,8382607-83.2020.6.26.3936,28/05/23,agravo regimental,Dra Fontes,documentos pendentes de entrega pelo cliente,,não
3718,7381740-86.2021.2.88.6570,2021-07-05,laudo pericial,Dr. Melo,Prazo fatal: 2026-12-27,17/02/26,1
3719,5967836-10.2021.4.35.9671,1 de fevereiro de 2020,despacho,Dra. Fontes,Prazo fatal: 19/07/26,25/03/26,
3720,1099617-37.2023.9.61.1793,23/07/24,sentença,Dr. Barros,documentos pendentes de entrega pelo cliente,,1
3721,5850223-43.2020.3.81.3185,12 de maio de 2025,audiência de instrução,dr. melo,documentos pendentes de entrega pelo cliente,10/04/26,sim
3722,4061044-97.2023.7.99.3676,3 de julho de 2025,sentença,Dra. Fontes,aguardando manifestação da parte contrária,,0
3723,8157599-64.2024.2.89.5276,05/03/21,citação,Dr. Barros,prazo para recurso: 18 dias úteis a contar da intimação,,
3724,8168450-48.2020.2.65.4570,21/05/2020,petição inicial,Dr. Barros,prazo para recurso: 21 dias úteis a contar da intimação,,não
3725,7892487-80.2022.9.64.5036,18/02/2020,audiência de instrução,DRA. CAVALCANTE,aguardando manifestação da parte contrária,4 de setembro de 2026,N
3726,4326518-76.2023.4.36.8530,2024-07-26,embargos de declaração,dr. melo,documentos pendentes de entrega pelo cliente,,
3727,8886588-26.2020.9.65.6361,7 de maio de 2024,despacho,DRA. CAVALCANTE,,,não
3728,5625093-80.2022.9.16.6618,17 de maio de 2025,recurso de apelação,Dra. Cavalcante,,,S
3729,5112941-62.2021.1.89.5887,2025-09-11,réplica,Dra Fontes,,,N
3730,7820540-78.2023.1.75.4823,2022-04-24,agravo regimental,dr. melo,,,N
3731,6445422-21.2020.5.39.8096,28 de abril de 2026,habilitação,Dr. Barros,Prazo fatal: 14/08/2026,,1
3732,6547287-16.2023.4.15.7491,28/09/24,memoriais,Dra. Cavalcante,Prazo fatal: 2026-08-18,5 de junho de 2026,0
3733,1833330-93.2025.8.61.3405,17/03/24,habilitação,Dra Fontes,,21/11/2026,N
3734,4510407-23.2020.5.18.6055,7 de março de 2023,réplica,DRA. CAVALCANTE,aguardando manifestação da parte contrária,,não
3735,5826200-20.2025.1.91.8748,21/02/23,laudo pericial,Dr. Barros,aguardando manifestação da parte contrária,,não
3736,5284129-51.2020.3.32.5205,7 de novembro de 2025,audiência de instrução,Dra. Cavalcante,aguardando manifestação da parte contrária,,não
3737,1933296-95.2024.5.69.8317,1 de março de 2023,despacho,DRA. CAVALCANTE,,,
3738,7640585-40.2023.1.57.1721,29/03/20,recurso de apelação,Dr. Barros,aguardando manifestação da parte contrária,,não
3739,1754781-28.2025.6.89.2162,2026-01-13,réplica,Dr. Barros,Prazo fatal: 10/08/26,13/03/26,S
3740,1614850-25.2020.8.85.3161,13 de julho de 2023,embargos de declaração,DRA. CAVALCANTE,juntada de documentos realizada,,N
3741,8590346-68.2020.7.63.7780,3 de junho de 2020,audiência de instrução,Dra. Cavalcante,juntada de documentos realizada,,não
3742,7419280-60.2021.1.40.9417,11/06/20,habilitação,Dr. Barros,juntada de documentos realizada,,0
3743,7749444-78.2021.1.20.8763,28/09/2024,intimação,Dr. Barros,diligência externa necessária,09/01/2026,1
3744,9071705-28.2021.9.78.4746,21/08/23,contestação,DRA. CAVALCANTE,documentos pendentes de entrega pelo cliente,,não
3745,5422047-80.2024.8.62.4364,20 de setembro de 2025,acordo extrajudicial,DRA. CAVALCANTE,aguardando manifestação da parte contrária,30/09/26,não
3746,7626521-25.2020.9.17.3305,02/02/24,contestação,DRA. CAVALCANTE,,,sim
3747,7820540-78.2023.1.75.4823,30/10/25,recurso de apelação,Dr. Melo,Prazo fatal: 06/09/2026,,não
3748,6011987-71.2020.8.10.4396,24/02/21,audiência de instrução,Dr. Melo,audiência marcada para 2026-05-22,05/04/2026,1
3749,5625093-80.2022.9.16.6618,3 de fevereiro de 2024,recurso de apelação,Dra. Cavalcante,Prazo fatal: 20/09/26,,N
3750,1754781-28.2025.6.89.2162,12/05/21,sentença,dr. melo,documentos pendentes de entrega pelo cliente,,sim
3751,4865461-96.2025.2.64.9143,2020-06-22,petição inicial,Dra. Cavalcante,juntada de documentos realizada,,não
3752,5631823-61.2020.5.47.1440,15/09/2023,embargos de declaração,Dr. Melo,,,1
3753,9810112-12.2021.1.97.8847,23 de março de 2023,recurso de apelação,Dra Fontes,audiência marcada para 09/12/2026,,sim
3754,1742202-63.2023.6.68.9372,30 de setembro de 2023,agravo regimental,Dra Fontes,prazo para recurso: 20 dias úteis a contar da intimação,2026-01-19,0
3755,5451988-41.2020.2.82.4041,2020-08-09,laudo pericial,Dr. Barros,juntada de documentos realizada,2026-02-12,sim
3756,4084503-92.2025.8.90.5515,24/12/2022,despacho,Dra Fontes,documentos pendentes de entrega pelo cliente,01/01/2026,1
3757,7951127-89.2024.1.63.3502,28/03/2021,memoriais,Dra Fontes,audiência marcada para 2026-03-13,,não
3758,2842764-33.2025.7.99.7279,18/04/2022,laudo pericial,Dr. Barros,prazo para recurso: 8 dias úteis a contar da intimação,,
3759,5438623-45.2022.4.51.7250,03/11/2022,réplica,Dra Fontes,aguardando manifestação da parte contrária,2026-07-25,sim
3760,3778380-86.2023.9.32.5849,12/02/20,intimação,Dr. Barros,documentos pendentes de entrega pelo cliente,,0
3761,2884639-86.2023.2.31.8737,30/10/2024,laudo pericial,Dr. Barros,diligência externa necessária,,sim
3762,4568537-97.2021.4.82.7633,31/12/20,sentença,Dr. Barros,audiência marcada para 23/07/26,,não
3763,2186433-37.2022.2.12.4344,12/05/2023,citação,dr. melo,juntada de documentos realizada,5 de março de 2026,
3764,8168054-14.2024.6.50.1232,24/08/2025,agravo regimental,DRA. CAVALCANTE,aguardando manifestação da parte contrária,,0
3765,1602496-64.2022.5.79.8340,09/04/25,réplica,dr. melo,prazo para recurso: 8 dias úteis a contar da intimação,,
3766,1614850-25.2020.8.85.3161,4 de março de 2019,sentença,Dr. Barros,juntada de documentos realizada,16/11/2026,sim
3767,8306601-19.2020.3.50.7457,9 de maio de 2021,agravo regimental,Dra. Cavalcante,,,sim
3768,7848147-32.2021.6.58.3528,30 de junho de 2022,citação,DRA. CAVALCANTE,,26/10/26,
3769,8717678-27.2025.5.11.4526,22/01/23,intimação,Dra Fontes,audiência marcada para 15/12/26,,S
3770,5514997-95.2024.1.84.8098,2021-04-01,despacho,Dra. Fontes,documentos pendentes de entrega pelo cliente,,
3771,6034606-21.2023.6.18.6684,22/01/2023,recurso de apelação,dr. melo,Prazo fatal: 19/04/26,,sim
3772,3260101-88.2022.8.37.9169,2025-03-18,habilitação,Dr. Barros,audiência marcada para 2026-04-19,,N
3773,1896520-28.2021.5.90.5374,20/06/24,petição inicial,Dra. Cavalcante,audiência marcada para 2026-03-07,,não
3774,6036037-32.2025.3.53.7515,20/03/21,audiência de instrução,Dra Fontes,documentos pendentes de entrega pelo cliente,,
3775,8220628-15.2021.8.54.9077,04/01/22,embargos de declaração,Dr. Barros,Prazo fatal: 2 de abril de 2026,,0
3776,7840442-26.2025.9.53.5093,2024-09-24,embargos de declaração,DRA. CAVALCANTE,prazo para recurso: 9 dias úteis a contar da intimação,19/10/2026,0
3777,8749473-21.2020.4.12.9144,26/12/2025,réplica,dr. melo,prazo para recurso: 11 dias úteis a contar da intimação,,0
3778,5545511-73.2023.1.66.9757,16/01/2023,petição inicial,dr. melo,audiência marcada para 8 de março de 2026,2026-09-05,
3779,4065326-72.2025.8.58.5304,7 de outubro de 2021,intimação,Dr. Barros,Prazo fatal: 05/02/2026,,sim
3780,2966787-79.2022.1.41.9944,2021-03-31,agravo regimental,Dra. Fontes,diligência externa necessária,06/05/26,sim
3781,7979033-26.2021.6.18.1084,2021-06-04,laudo pericial,Dr. Melo,prazo para recurso: 21 dias úteis a contar da intimação,,N
3782,1757615-27.2025.7.10.3762,4 de abril de 2023,réplica,dr. melo,prazo para recurso: 16 dias úteis a contar da intimação,2026-07-24,não
3783,2895065-46.2022.7.67.1438,2023-01-02,habilitação,Dr. Melo,documentos pendentes de entrega pelo cliente,,S
3784,3821719-15.2025.2.86.2518,2024-09-06,memoriais,Dra Fontes,juntada de documentos realizada,,não
3785,9489806-94.2021.2.55.9162,15/11/2023,agravo regimental,Dra Fontes,documentos pendentes de entrega pelo cliente,,1
3786,2545435-52.2025.3.59.7623,11/09/20,memoriais,DRA. CAVALCANTE,documentos pendentes de entrega pelo cliente,,não
3787,8843195-99.2024.6.39.2836,2021-06-19,embargos de declaração,Dr. Barros,prazo para recurso: 15 dias úteis a contar da intimação,,N
3788,5786762-52.2021.9.21.3037,8 de maio de 2024,intimação,Dr. Melo,documentos pendentes de entrega pelo cliente,,0
3789,6334947-38.2020.4.71.6173,2021-12-13,embargos de declaração,Dra. Cavalcante,documentos pendentes de entrega pelo cliente,,
3790,6260319-38.2024.8.96.1114,2024-12-13,audiência de instrução,Dr. Melo,prazo para recurso: 17 dias úteis a contar da intimação,,S
3791,7633905-83.2022.9.95.2309,11 de junho de 2022,embargos de declaração,Dr. Barros,aguardando manifestação da parte contrária,,0
3792,7979033-26.2021.6.18.1084,04/07/22,laudo pericial,Dr. Barros,aguardando manifestação da parte contrária,,S
3793,1602496-64.2022.5.79.8340,2023-12-01,agravo regimental,Dra. Cavalcante,prazo para recurso: 17 dias úteis a contar da intimação,05/10/2026,
3794,6524227-53.2025.1.97.6214,21/10/24,intimação,Dr. Barros,aguardando manifestação da parte contrária,,1
3795,1013314-48.2023.4.39.2083,03/02/2020,laudo pericial,Dra. Cavalcante,,18/09/26,N
3796,9071705-28.2021.9.78.4746,16/08/2025,recurso de apelação,DRA. CAVALCANTE,,,não
3797,4493339-70.2021.7.17.8725,2025-03-21,recurso de apelação,dr. melo,diligência externa necessária,,S
3798,8157599-64.2024.2.89.5276,08/10/2025,recurso de apelação,Dr. Barros,prazo para recurso: 18 dias úteis a contar da intimação,,não
3799,2824928-33.2020.1.90.6467,2023-07-09,petição inicial,Dr. Melo,aguardando manifestação da parte contrária,,
3800,6384831-67.2022.5.89.7429,28/01/2020,despacho,Dr. Barros,,,
3801,9804642-71.2024.4.76.5486,06/09/2024,habilitação,DRA. CAVALCANTE,prazo para recurso: 26 dias úteis a contar da intimação,,
3802,2895065-46.2022.7.67.1438,2019-07-30,citação,Dr. Melo,prazo para recurso: 6 dias úteis a contar da intimação,,não
3803,5432782-56.2021.2.97.6240,24/06/22,habilitação,Dra. Fontes,documentos pendentes de entrega pelo cliente,20 de outubro de 2026,S
3804,6339808-70.2020.2.67.1325,30/07/2021,despacho,Dr. Barros,prazo para recurso: 16 dias úteis a contar da intimação,03/08/2026,sim
3805,4064382-39.2022.4.13.8937,09/11/24,memoriais,Dra Fontes,audiência marcada para 19 de março de 2026,,N
3806,8368372-34.2020.6.43.9691,09/03/2025,intimação,Dr. Barros,prazo para recurso: 19 dias úteis a contar da intimação,,N
3807,5438623-45.2022.4.51.7250,11 de abril de 2022,despacho,Dr. Barros,juntada de documentos realizada,,sim
3808,1628717-84.2025.8.67.8313,06/10/2020,laudo pericial,dr. melo,documentos pendentes de entrega pelo cliente,,não
3809,7722274-26.2024.9.14.7062,12 de janeiro de 2025,contestação,Dr. Melo,Prazo fatal: 2026-05-24,,S
3810,6267378-50.2021.9.19.9923,31/07/2022,petição inicial,Dr. Melo,aguardando manifestação da parte contrária,18/11/2026,S
3811,6418382-43.2020.8.63.9133,21 de abril de 2026,acordo extrajudicial,Dr. Barros,prazo para recurso: 11 dias úteis a contar da intimação,19/10/26,não
3812,5788467-41.2023.8.93.8134,29/08/20,acordo extrajudicial,Dr. Barros,,07/12/2026,0
3813,2236315-26.2022.5.82.8939,26/05/24,citação,Dra Fontes,prazo para recurso: 7 dias úteis a contar da intimação,09/07/2026,S
3814,1966014-66.2022.7.82.2137,21/04/2020,sentença,Dra Fontes,diligência externa necessária,,não
3815,8062805-72.2022.1.22.8771,05/08/22,recurso de apelação,Dra Fontes,documentos pendentes de entrega pelo cliente,,sim
3816,6686912-30.2025.4.68.7078,17/01/23,sentença,Dr. Melo,audiência marcada para 2 de outubro de 2026,,N
3817,1933296-95.2024.5.69.8317,12/01/20,citação,Dra. Cavalcante,aguardando manifestação da parte contrária,2026-05-23,sim
3818,2884639-86.2023.2.31.8737,2024-04-18,acordo extrajudicial,Dra Fontes,diligência externa necessária,,0
3819,6101036-60.2022.7.49.3295,08/07/19,agravo regimental,Dra. Cavalcante,Prazo fatal: 06/02/2026,,1
3820,2328070-99.2024.8.57.5561,29 de maio de 2020,petição inicial,Dra. Fontes,audiência marcada para 17/05/26,,N
3821,5422047-80.2024.8.62.4364,2025-10-20,sentença,Dr. Barros,audiência marcada para 10/04/26,,sim
3822,9071705-28.2021.9.78.4746,21 de janeiro de 2023,réplica,Dr. Barros,prazo para recurso: 9 dias úteis a contar da intimação,,1
3823,8168450-48.2020.2.65.4570,22 de junho de 2020,citação,dr. melo,documentos pendentes de entrega pelo cliente,2026-04-02,N
3824,6944389-98.2023.1.72.8245,2022-03-14,audiência de instrução,Dra Fontes,aguardando manifestação da parte contrária,,S
3825,5472823-70.2022.4.41.7624,15/04/20,memoriais,Dr. Melo,prazo para recurso: 28 dias úteis a contar da intimação,,S
3826,6404948-40.2021.7.68.7161,6 de dezembro de 2019,despacho,Dr. Melo,,,1
3827,2191287-57.2021.1.18.8228,26/11/20,acordo extrajudicial,Dra Fontes,,,1
3828,1714231-74.2025.9.71.1697,14/05/23,contestação,Dr. Melo,audiência marcada para 30/12/26,16/09/2026,N
3829,6694761-39.2022.1.10.2199,15/01/21,embargos de declaração,dr. melo,documentos pendentes de entrega pelo cliente,,1
3830,4326518-76.2023.4.36.8530,2020-03-18,intimação,dr. melo,prazo para recurso: 13 dias úteis a contar da intimação,,sim
3831,8588997-88.2020.6.29.5987,26/07/2022,recurso de apelação,Dr. Barros,audiência marcada para 25 de outubro de 2026,,1
3832,5514997-95.2024.1.84.8098,2026-03-02,habilitação,Dra. Cavalcante,aguardando manifestação da parte contrária,,S
3833,3054975-46.2023.4.85.5879,29 de junho de 2019,agravo regimental,DRA. CAVALCANTE,Prazo fatal: 2026-01-02,2026-06-22,S
3834,8415891-60.2021.6.92.5554,2022-04-27,contestação,DRA. CAVALCANTE,documentos pendentes de entrega pelo cliente,,
3835,5826200-20.2025.1.91.8748,18/08/2025,citação,dr. melo,audiência marcada para 28/04/2026,,sim
3836,6663627-76.2023.9.26.5770,2021-05-13,agravo regimental,Dr. Barros,prazo para recurso: 17 dias úteis a contar da intimação,9 de março de 2026,S
3837,5514997-95.2024.1.84.8098,14/02/20,agravo regimental,Dr. Barros,juntada de documentos realizada,2026-06-27,0
3838,8886588-26.2020.9.65.6361,28/06/2022,recurso de apelação,Dra Fontes,prazo para recurso: 9 dias úteis a contar da intimação,30 de abril de 2026,S
3839,2545435-52.2025.3.59.7623,28 de novembro de 2025,audiência de instrução,Dra. Cavalcante,diligência externa necessária,,
3840,1878000-50.2025.7.58.1197,23/11/22,laudo pericial,Dra. Cavalcante,Prazo fatal: 6 de outubro de 2026,,sim
3841,7786207-82.2024.2.92.5696,14 de novembro de 2019,laudo pericial,Dr. Barros,,,0
3842,3306375-34.2024.9.48.9154,20/12/25,recurso de apelação,Dra. Fontes,Prazo fatal: 07/03/2026,,sim
3843,5850223-43.2020.3.81.3185,01/12/2019,intimação,DRA. CAVALCANTE,diligência externa necessária,,1
3844,5625093-80.2022.9.16.6618,26/08/24,agravo regimental,Dr. Barros,,3 de setembro de 2026,S
3845,1248003-72.2024.2.80.8472,31 de julho de 2021,audiência de instrução,Dr. Melo,documentos pendentes de entrega pelo cliente,,0
3846,6694761-39.2022.1.10.2199,23/01/19,réplica,Dra Fontes,documentos pendentes de entrega pelo cliente,2026-08-05,S
3847,5638123-23.2024.7.30.5009,30/11/24,réplica,Dra. Cavalcante,juntada de documentos realizada,2026-05-18,S
3848,5661974-14.2020.6.39.3137,18 de janeiro de 2022,memoriais,dr. melo,juntada de documentos realizada,2026-05-28,não
3849,1101935-78.2023.5.88.5299,07/11/2025,acordo extrajudicial,Dra. Fontes,prazo para recurso: 24 dias úteis a contar da intimação,,
3850,4510407-23.2020.5.18.6055,07/05/21,habilitação,Dr. Barros,prazo para recurso: 16 dias úteis a contar da intimação,,0
3851,8415891-60.2021.6.92.5554,2024-10-09,agravo regimental,Dr. Barros,prazo para recurso: 23 dias úteis a contar da intimação,,S
3852,2461262-96.2021.6.48.1315,03/05/20,intimação,Dr. Melo,audiência marcada para 11 de julho de 2026,5 de outubro de 2026,não
3853,2966787-79.2022.1.41.9944,2022-10-24,embargos de declaração,Dr. Barros,,,0
3854,8129073-22.2024.4.16.9656,25/09/2023,citação,Dr. Barros,documentos pendentes de entrega pelo cliente,,1
3855,9071705-28.2021.9.78.4746,27/10/25,intimação,Dra. Cavalcante,audiência marcada para 12/03/2026,,1
3856,6865513-17.2021.7.21.3938,2024-06-05,réplica,Dr. Melo,,15 de fevereiro de 2026,sim
3857,9804642-71.2024.4.76.5486,07/06/2024,recurso de apelação,Dr. Barros,prazo para recurso: 20 dias úteis a contar da intimação,24/12/2026,N
3858,1933296-95.2024.5.69.8317,31 de janeiro de 2020,habilitação,Dr. Barros,,,1
3859,9822459-92.2024.8.17.6403,10/05/24,audiência de instrução,Dr. Barros,,,S
3860,7136189-41.2024.2.60.1768,23/07/2022,embargos de declaração,Dra Fontes,prazo para recurso: 26 dias úteis a contar da intimação,09/01/2026,1
3861,8066975-72.2023.7.26.7675,18/02/25,sentença,Dra. Fontes,audiência marcada para 2026-11-02,2026-01-13,não
3862,5661974-14.2020.6.39.3137,2022-06-15,laudo pericial,DRA. CAVALCANTE,Prazo fatal: 28/03/26,,S
3863,2554938-48.2024.1.13.4544,2022-05-20,audiência de instrução,Dra. Fontes,juntada de documentos realizada,,não
3864,9076234-78.2023.3.90.2702,15/12/22,memoriais,DRA. CAVALCANTE,prazo para recurso: 27 dias úteis a contar da intimação,,0
3865,2997279-67.2024.9.84.1441,27/04/2022,despacho,Dr. Barros,prazo para recurso: 18 dias úteis a contar da intimação,,0
3866,1964519-55.2020.7.58.6781,4 de novembro de 2024,audiência de instrução,DRA. CAVALCANTE,prazo para recurso: 26 dias úteis a contar da intimação,,S
3867,3306375-34.2024.9.48.9154,2019-01-04,audiência de instrução,Dra. Fontes,Prazo fatal: 2026-06-02,,sim
3868,6779292-61.2021.4.86.2783,9 de maio de 2024,intimação,Dr. Melo,,27/10/2026,S
3869,3576390-15.2021.2.82.8209,24/01/2023,despacho,DRA. CAVALCANTE,audiência marcada para 14/06/2026,,não
3870,3667022-35.2020.9.76.3115,29 de fevereiro de 2020,petição inicial,Dra Fontes,prazo para recurso: 27 dias úteis a contar da intimação,03/06/26,1
3871,7724543-49.2023.9.44.7412,26/07/24,réplica,DRA. CAVALCANTE,,2026-03-21,não
3872,5462435-11.2024.9.85.2977,2023-10-27,petição inicial,DRA. CAVALCANTE,documentos pendentes de entrega pelo cliente,16 de agosto de 2026,sim
3873,5274951-77.2021.1.76.5120,2024-10-08,petição inicial,Dr. Melo,diligência externa necessária,10/08/26,0
3874,6686912-30.2025.4.68.7078,2021-11-21,habilitação,Dra. Cavalcante,aguardando manifestação da parte contrária,31/12/2026,não
3875,5432782-56.2021.2.97.6240,22 de fevereiro de 2021,despacho,dr. melo,prazo para recurso: 19 dias úteis a contar da intimação,,S
3876,3541821-31.2021.8.96.1927,15/10/2020,contestação,Dra. Cavalcante,aguardando manifestação da parte contrária,,
3877,1974389-81.2024.5.57.9354,29/10/20,audiência de instrução,Dra. Cavalcante,aguardando manifestação da parte contrária,,N
3878,3346094-93.2020.2.94.1759,20 de janeiro de 2019,réplica,Dra. Fontes,juntada de documentos realizada,06/06/26,
3879,7948577-74.2025.1.60.7583,2023-04-12,réplica,Dr. Barros,Prazo fatal: 2026-09-09,9 de setembro de 2026,N
3880,1411065-96.2022.9.64.8271,2020-09-17,intimação,Dra Fontes,diligência externa necessária,,S
3881,2997279-67.2024.9.84.1441,11 de agosto de 2024,recurso de apelação,dr. melo,aguardando manifestação da parte contrária,,1
3882,4893809-11.2021.7.19.9759,29 de março de 2023,habilitação,Dr. Barros,,,sim
3883,5316105-58.2020.3.22.3571,03/12/2020,recurso de apelação,Dra Fontes,prazo para recurso: 14 dias úteis a contar da intimação,2026-03-22,não
3884,2129757-49.2025.4.14.5657,15/08/2023,audiência de instrução,dr. melo,Prazo fatal: 2026-05-17,,S
3885,2397582-22.2023.9.93.4223,15 de janeiro de 2022,laudo pericial,Dra. Fontes,juntada de documentos realizada,28/01/2026,sim
3886,5462435-11.2024.9.85.2977,2021-08-24,citação,Dra. Cavalcante,documentos pendentes de entrega pelo cliente,,0
3887,9168044-67.2022.1.26.3054,22/12/25,habilitação,Dr. Melo,juntada de documentos realizada,,1
3888,6414076-16.2021.7.78.8273,02/05/2020,recurso de apelação,Dr. Barros,prazo para recurso: 15 dias úteis a contar da intimação,,N
3889,2129757-49.2025.4.14.5657,2025-03-23,contestação,DRA. CAVALCANTE,,,N
3890,1964519-55.2020.7.58.6781,27 de janeiro de 2024,sentença,Dr. Barros,aguardando manifestação da parte contrária,,1
3891,1757615-27.2025.7.10.3762,20/02/21,citação,Dr. Melo,documentos pendentes de entrega pelo cliente,,
3892,3785792-10.2020.5.78.7940,25/02/2023,citação,Dr. Melo,prazo para recurso: 15 dias úteis a contar da intimação,,0
3893,8183950-10.2021.5.84.9388,17 de abril de 2025,laudo pericial,DRA. CAVALCANTE,audiência marcada para 2 de março de 2026,,0
3894,5289264-48.2020.4.41.6347,03/11/24,agravo regimental,Dr. Barros,documentos pendentes de entrega pelo cliente,,0
3895,2267110-24.2021.5.78.6025,19/05/20,citação,Dra. Cavalcante,juntada de documentos realizada,,0
3896,6011987-71.2020.8.10.4396,25/03/2019,citação,dr. melo,prazo para recurso: 18 dias úteis a contar da intimação,04/10/2026,
3897,9302979-43.2025.9.68.7487,26 de dezembro de 2019,agravo regimental,Dra Fontes,,,não
3898,2997279-67.2024.9.84.1441,2022-05-24,agravo regimental,DRA. CAVALCANTE,juntada de documentos realizada,2026-07-18,
3899,1183693-37.2024.1.85.2937,09/09/2022,sentença,Dr. Barros,audiência marcada para 2026-05-31,,N
3900,2461262-96.2021.6.48.1315,23/12/25,laudo pericial,DRA. CAVALCANTE,,08/06/26,0
3901,3260101-88.2022.8.37.9169,11 de julho de 2024,agravo regimental,Dr. Barros,diligência externa necessária,31/08/2026,S
3902,2328070-99.2024.8.57.5561,2019-06-22,habilitação,Dr. Melo,prazo para recurso: 15 dias úteis a contar da intimação,,S
3903,6476769-27.2021.5.22.2570,16 de maio de 2021,audiência de instrução,Dr. Melo,diligência externa necessária,,N
3904,6011987-71.2020.8.10.4396,17 de setembro de 2023,petição inicial,Dra Fontes,audiência marcada para 2026-07-17,06/01/2026,sim
3905,6003915-30.2025.6.37.7681,2019-07-23,habilitação,Dr. Barros,documentos pendentes de entrega pelo cliente,18 de abril de 2026,sim
3906,5050722-10.2024.8.29.4298,08/06/25,audiência de instrução,Dr. Barros,diligência externa necessária,,S
3907,2231929-89.2024.6.41.5461,15/07/2023,memoriais,DRA. CAVALCANTE,documentos pendentes de entrega pelo cliente,,
3908,6101036-60.2022.7.49.3295,2026-02-13,embargos de declaração,Dra. Cavalcante,documentos pendentes de entrega pelo cliente,,1
3909,6663627-76.2023.9.26.5770,16 de novembro de 2019,intimação,DRA. CAVALCANTE,prazo para recurso: 17 dias úteis a contar da intimação,,N
3910,3168718-77.2025.2.92.8027,2023-12-28,petição inicial,Dr. Melo,prazo para recurso: 20 dias úteis a contar da intimação,,1
3911,6418382-43.2020.8.63.9133,09/09/2022,memoriais,Dra Fontes,diligência externa necessária,,N
3912,3306375-34.2024.9.48.9154,6 de novembro de 2021,habilitação,Dra. Fontes,audiência marcada para 24/08/2026,,não
3913,1966014-66.2022.7.82.2137,2025-02-11,embargos de declaração,Dra Fontes,documentos pendentes de entrega pelo cliente,,1
3914,7245951-43.2021.4.11.7623,19/09/20,intimação,Dr. Barros,prazo para recurso: 14 dias úteis a contar da intimação,,não
3915,6982910-41.2023.8.91.8758,05/04/25,acordo extrajudicial,Dra. Fontes,audiência marcada para 2026-10-20,23/12/26,1
3916,2292432-35.2025.5.83.7063,20/04/23,sentença,Dra. Cavalcante,Prazo fatal: 2026-07-17,,0
3917,8157599-64.2024.2.89.5276,23/01/2022,embargos de declaração,Dra. Fontes,documentos pendentes de entrega pelo cliente,,não
3918,7848147-32.2021.6.58.3528,08/10/20,intimação,dr. melo,prazo para recurso: 29 dias úteis a contar da intimação,21/12/2026,sim
3919,5614769-67.2022.9.87.1001,2026-02-01,acordo extrajudicial,Dra Fontes,diligência externa necessária,2026-10-22,
3920,9798556-59.2021.3.62.3110,3 de janeiro de 2020,acordo extrajudicial,Dra. Fontes,juntada de documentos realizada,,
3921,6370110-64.2022.3.52.8440,19/08/2023,sentença,Dra. Cavalcante,audiência marcada para 07/07/26,,S
3922,5401874-62.2025.2.46.8337,20/09/2025,recurso de apelação,Dra. Fontes,prazo para recurso: 6 dias úteis a contar da intimação,,0
3923,7065068-16.2021.7.14.6489,06/04/20,memoriais,Dr. Barros,Prazo fatal: 13 de outubro de 2026,,1
3924,5266269-78.2021.7.59.1392,2 de janeiro de 2026,recurso de apelação,DRA. CAVALCANTE,,,não
3925,6992158-64.2024.5.43.7750,11/09/2019,intimação,Dra. Cavalcante,juntada de documentos realizada,2026-04-26,sim
3926,9408522-77.2021.3.36.8376,12/10/23,embargos de declaração,Dra. Cavalcante,juntada de documentos realizada,,sim
3927,5239450-56.2022.7.99.2371,17 de abril de 2026,réplica,Dra. Cavalcante,,,
3928,7419280-60.2021.1.40.9417,2022-09-10,réplica,dr. melo,Prazo fatal: 13 de fevereiro de 2026,,N
3929,8816646-78.2020.7.70.9224,8 de agosto de 2024,réplica,Dr. Barros,prazo para recurso: 5 dias úteis a contar da intimação,,1
3930,5210656-44.2021.1.39.2474,13/11/2021,agravo regimental,Dra Fontes,audiência marcada para 2026-07-01,2026-05-15,
3931,1933296-95.2024.5.69.8317,26 de dezembro de 2022,recurso de apelação,Dr. Barros,documentos pendentes de entrega pelo cliente,,0
3932,7115217-41.2025.1.67.7692,2024-10-10,habilitação,DRA. CAVALCANTE,prazo para recurso: 23 dias úteis a contar da intimação,24/08/26,sim
3933,6686912-30.2025.4.68.7078,29 de dezembro de 2020,embargos de declaração,Dra Fontes,juntada de documentos realizada,,S
3934,6404948-40.2021.7.68.7161,2021-11-12,contestação,Dr. Melo,diligência externa necessária,,N
3935,7786207-82.2024.2.92.5696,2023-09-09,citação,Dr. Melo,audiência marcada para 29 de julho de 2026,,0
3936,4134515-43.2021.8.70.4879,29/05/21,sentença,dr. melo,documentos pendentes de entrega pelo cliente,,1
3937,8677980-28.2024.9.94.6552,20 de janeiro de 2023,réplica,Dra. Fontes,documentos pendentes de entrega pelo cliente,14/12/2026,não
3938,7840442-26.2025.9.53.5093,30/10/2019,sentença,Dr. Melo,juntada de documentos realizada,,N
3939,3710559-31.2020.9.95.2540,2019-06-13,habilitação,Dr. Barros,prazo para recurso: 12 dias úteis a contar da intimação,29/03/2026,N
3940,3679963-72.2020.9.29.7859,2024-11-25,laudo pericial,Dra. Cavalcante,Prazo fatal: 27/06/26,,S
3941,7633905-83.2022.9.95.2309,2025-04-22,acordo extrajudicial,Dr. Melo,aguardando manifestação da parte contrária,,1
3942,6101036-60.2022.7.49.3295,22/05/24,citação,Dra. Cavalcante,juntada de documentos realizada,,1
3943,2554938-48.2024.1.13.4544,29 de julho de 2023,acordo extrajudicial,Dr. Melo,juntada de documentos realizada,,não
3944,7840442-26.2025.9.53.5093,23/03/2022,habilitação,Dr. Barros,Prazo fatal: 31/10/26,2026-09-09,S
3945,9798556-59.2021.3.62.3110,01/01/2025,laudo pericial,Dr. Barros,audiência marcada para 24/09/2026,,1
3946,9086174-80.2025.1.81.3292,21/02/24,contestação,Dr. Barros,documentos pendentes de entrega pelo cliente,,
3947,7245951-43.2021.4.11.7623,17/03/21,recurso de apelação,Dr. Barros,audiência marcada para 05/07/2026,2026-10-26,N
3948,6053412-12.2021.6.72.8346,17/12/24,sentença,Dr. Melo,Prazo fatal: 21/04/26,21/05/2026,1
3949,6528202-89.2025.3.17.9496,14/10/24,habilitação,Dr. Melo,documentos pendentes de entrega pelo cliente,17/10/26,0
3950,6953559-38.2025.7.42.9212,2026-02-23,audiência de instrução,Dra. Cavalcante,audiência marcada para 14 de setembro de 2026,25/07/26,0
3951,8607512-63.2021.6.82.1039,24/04/23,agravo regimental,Dra. Fontes,,,
3952,3675188-38.2025.9.53.3305,10 de junho de 2021,audiência de instrução,Dra. Fontes,Prazo fatal: 17/07/26,,1
3953,4064382-39.2022.4.13.8937,24 de novembro de 2021,réplica,Dr. Melo,audiência marcada para 2026-03-13,,não
3954,1974389-81.2024.5.57.9354,7 de maio de 2025,habilitação,DRA. CAVALCANTE,documentos pendentes de entrega pelo cliente,,sim
3955,4415624-13.2024.9.14.9480,09/10/23,embargos de declaração,Dr. Barros,prazo para recurso: 13 dias úteis a contar da intimação,,sim
3956,7941836-76.2025.4.34.6543,19 de outubro de 2022,acordo extrajudicial,Dra. Fontes,diligência externa necessária,,0
3957,4824419-32.2024.5.47.3265,15/02/2020,audiência de instrução,DRA. CAVALCANTE,juntada de documentos realizada,8 de fevereiro de 2026,
3958,7687351-51.2022.6.73.6768,2021-05-30,laudo pericial,Dr. Melo,documentos pendentes de entrega pelo cliente,2026-08-28,
3959,5432782-56.2021.2.97.6240,02/12/2024,acordo extrajudicial,Dra Fontes,Prazo fatal: 28 de fevereiro de 2026,2026-04-29,1
3960,3418432-84.2025.3.59.5858,29/06/2024,acordo extrajudicial,DRA. CAVALCANTE,audiência marcada para 5 de outubro de 2026,,S
3961,9885734-21.2023.9.74.3450,21/09/21,audiência de instrução,Dr. Melo,documentos pendentes de entrega pelo cliente,11/10/26,sim
3962,4961530-22.2021.4.22.6290,12/09/2025,agravo regimental,Dra Fontes,diligência externa necessária,18 de março de 2026,1
3963,5625093-80.2022.9.16.6618,02/02/2020,habilitação,Dr. Barros,juntada de documentos realizada,,1
3964,3778380-86.2023.9.32.5849,2021-03-12,réplica,dr. melo,juntada de documentos realizada,2026-12-29,não
3965,9057960-29.2025.5.10.6072,2022-09-17,citação,dr. melo,prazo para recurso: 7 dias úteis a contar da intimação,,N
3966,8323566-47.2021.3.26.4644,19 de setembro de 2022,réplica,dr. melo,prazo para recurso: 11 dias úteis a contar da intimação,,não
3967,8415891-60.2021.6.92.5554,28/04/25,embargos de declaração,Dr. Melo,aguardando manifestação da parte contrária,,0
3968,8574876-96.2020.7.97.4673,20/09/2025,intimação,Dr. Barros,audiência marcada para 29 de abril de 2026,13/04/2026,
3969,5451988-41.2020.2.82.4041,2023-10-17,petição inicial,Dr. Barros,aguardando manifestação da parte contrária,17/07/2026,1
3970,2909764-51.2025.7.78.2223,15/04/2024,réplica,Dr. Melo,,,0
3971,4824419-32.2024.5.47.3265,2023-06-06,contestação,Dr. Barros,documentos pendentes de entrega pelo cliente,,S
3972,3395583-64.2024.4.41.2181,27/11/19,agravo regimental,Dr. Barros,,,S
3973,2753004-76.2021.8.83.9874,20/04/2026,petição inicial,Dra. Cavalcante,documentos pendentes de entrega pelo cliente,,não
3974,1714231-74.2025.9.71.1697,29 de janeiro de 2022,intimação,Dr. Barros,prazo para recurso: 27 dias úteis a contar da intimação,,S
3975,5289264-48.2020.4.41.6347,14/10/2021,despacho,Dra. Fontes,juntada de documentos realizada,,não
3976,9489806-94.2021.2.55.9162,16/04/2026,habilitação,Dr. Melo,documentos pendentes de entrega pelo cliente,,sim
3977,3785792-10.2020.5.78.7940,2022-08-24,petição inicial,Dra. Cavalcante,diligência externa necessária,,0
3978,6418382-43.2020.8.63.9133,18/07/24,réplica,Dra Fontes,Prazo fatal: 2026-03-15,01/02/26,não
3979,7813974-60.2021.1.81.1542,8 de junho de 2021,citação,Dr. Barros,Prazo fatal: 18/08/26,,0
3980,3510061-32.2020.9.13.4424,13/10/20,habilitação,Dr. Barros,,26/04/26,não
3981,4563779-48.2023.2.87.9606,04/07/20,réplica,dr. melo,Prazo fatal: 21 de agosto de 2026,,sim
3982,6779292-61.2021.4.86.2783,02/09/20,audiência de instrução,Dr. Melo,Prazo fatal: 2026-06-18,2026-12-30,sim
3983,4016576-41.2022.7.10.6952,2023-07-30,despacho,Dra Fontes,,,
3984,4326518-76.2023.4.36.8530,16/07/2023,intimação,Dr. Melo,prazo para recurso: 15 dias úteis a contar da intimação,,N
3985,3346094-93.2020.2.94.1759,18/10/24,réplica,Dr. Barros,Prazo fatal: 17/12/2026,,não
3986,1735592-50.2022.9.87.5612,22/02/2025,despacho,Dra. Fontes,aguardando manifestação da parte contrária,,não
3987,7948577-74.2025.1.60.7583,17/04/2023,sentença,Dra. Cavalcante,,,sim
3988,7398699-88.2025.6.55.3587,2024-08-20,habilitação,Dra Fontes,prazo para recurso: 11 dias úteis a contar da intimação,,0
3989,6982910-41.2023.8.91.8758,10/09/2020,recurso de apelação,Dr. Barros,diligência externa necessária,,0
3990,7419280-60.2021.1.40.9417,11/07/2025,memoriais,Dra. Fontes,documentos pendentes de entrega pelo cliente,,sim
3991,1346701-74.2024.1.65.8985,13/07/23,acordo extrajudicial,DRA. CAVALCANTE,Prazo fatal: 08/12/26,2026-09-21,
3992,1411065-96.2022.9.64.8271,08/02/24,despacho,Dr. Melo,diligência externa necessária,01/09/2026,sim
3993,6953559-38.2025.7.42.9212,23 de janeiro de 2026,despacho,DRA. CAVALCANTE,diligência externa necessária,25/06/26,N
3994,4961530-22.2021.4.22.6290,15/03/26,petição inicial,Dra. Cavalcante,diligência externa necessária,,
3995,6384831-67.2022.5.89.7429,06/02/2025,embargos de declaração,Dr. Barros,audiência marcada para 2026-06-07,2026-02-14,1
3996,1778149-24.2023.1.86.3557,2024-03-21,despacho,Dra. Fontes,audiência marcada para 2026-11-08,,não
3997,7515318-25.2024.4.34.6280,2024-01-13,laudo pericial,dr. melo,Prazo fatal: 11 de julho de 2026,,N
3998,1095980-10.2020.7.77.8313,02/04/2020,citação,Dra. Cavalcante,juntada de documentos realizada,,sim
3999,6836135-90.2022.9.37.5643,21/01/2021,memoriais,dr. melo,juntada de documentos realizada,,não
4000,7110796-41.2020.3.80.5362,2023-03-20,sentença,dr. melo,Prazo fatal: 05/03/2026,,não
4001,6779292-61.2021.4.86.2783,2024-08-01,habilitação,Dr. Barros,,,1
4002,9398629-61.2022.5.88.8253,2019-02-04,recurso de apelação,DRA. CAVALCANTE,,,não
4003,4299848-20.2023.2.47.7396,09/09/25,sentença,Dr. Melo,aguardando manifestação da parte contrária,,
4004,4433355-55.2023.8.48.9346,16/06/2025,acordo extrajudicial,Dra. Fontes,diligência externa necessária,2026-02-02,
4005,5966644-82.2023.4.88.9951,15/05/24,embargos de declaração,Dr. Barros,prazo para recurso: 12 dias úteis a contar da intimação,,sim
4006,3496733-55.2020.2.43.8503,06/12/22,audiência de instrução,DRA. CAVALCANTE,audiência marcada para 2026-05-01,,N
4007,9898363-27.2020.4.89.2966,2022-03-15,audiência de instrução,Dr. Barros,diligência externa necessária,,
4008,5159882-37.2022.9.71.7550,27 de janeiro de 2023,audiência de instrução,Dra. Cavalcante,aguardando manifestação da parte contrária,,S
4009,1273300-90.2024.2.80.7378,25/06/23,citação,Dra Fontes,,2026-04-22,não
4010,7916680-90.2022.1.67.1785,07/04/2020,agravo regimental,Dr. Barros,prazo para recurso: 14 dias úteis a contar da intimação,,
4011,8286828-70.2022.9.31.8012,05/12/2025,petição inicial,Dra. Fontes,,,sim
4012,8066975-72.2023.7.26.7675,27/01/2020,habilitação,Dra. Cavalcante,,,
4013,5953905-94.2022.5.44.3245,03/03/2025,intimação,Dr. Barros,aguardando manifestação da parte contrária,,sim
4014,9636371-69.2025.8.67.4068,23/06/25,laudo pericial,dr. melo,,,
4015,5159882-37.2022.9.71.7550,5 de setembro de 2022,laudo pericial,Dr. Melo,documentos pendentes de entrega pelo cliente,25/06/26,não
4016,8381610-96.2020.6.26.2533,20 de julho de 2020,citação,Dr. Melo,diligência externa necessária,04/12/26,não
4017,1676369-34.2022.3.47.6087,06/07/25,habilitação,DRA. CAVALCANTE,,,não
4018,4326518-76.2023.4.36.8530,2024-04-22,recurso de apelação,Dr. Barros,audiência marcada para 29 de outubro de 2026,,não
4019,8062805-72.2022.1.22.8771,03/06/22,intimação,dr. melo,audiência marcada para 11 de março de 2026,2026-12-19,
4020,2294596-63.2020.6.38.9193,2020-12-14,embargos de declaração,dr. melo,Prazo fatal: 25 de julho de 2026,,
4021,1778149-24.2023.1.86.3557,15/03/2025,recurso de apelação,Dr. Barros,audiência marcada para 20/07/26,05/12/2026,
4022,1248003-72.2024.2.80.8472,2020-10-20,acordo extrajudicial,Dra. Fontes,juntada de documentos realizada,,N
4023,4452862-76.2021.3.27.3238,30/12/2021,intimação,Dr. Barros,Prazo fatal: 2026-03-24,17/07/2026,sim
4024,5451988-41.2020.2.82.4041,10/03/20,sentença,Dra Fontes,prazo para recurso: 30 dias úteis a contar da intimação,,S
4025,3054975-46.2023.4.85.5879,11 de agosto de 2023,réplica,dr. melo,diligência externa necessária,,0
4026,6686912-30.2025.4.68.7078,09/05/24,recurso de apelação,Dr. Barros,documentos pendentes de entrega pelo cliente,06/02/26,N
4027,1931030-34.2024.8.48.5319,12 de maio de 2024,audiência de instrução,Dr. Melo,diligência externa necessária,13/06/2026,não
4028,3924425-56.2021.9.58.2912,2 de fevereiro de 2022,audiência de instrução,Dr. Barros,documentos pendentes de entrega pelo cliente,,0
4029,9398629-61.2022.5.88.8253,2019-01-07,laudo pericial,Dra. Fontes,documentos pendentes de entrega pelo cliente,,0
4030,9686751-57.2022.7.62.3494,15/05/2020,laudo pericial,Dra. Fontes,juntada de documentos realizada,,sim
4031,8209168-30.2020.1.41.7632,2 de março de 2022,acordo extrajudicial,Dra. Fontes,audiência marcada para 2026-09-26,28/09/26,
4032,6075721-43.2020.9.85.8738,01/10/2025,audiência de instrução,Dra. Fontes,audiência marcada para 5 de junho de 2026,,sim
4033,9686751-57.2022.7.62.3494,28/06/20,despacho,dr. melo,diligência externa necessária,,S
4034,3667022-35.2020.9.76.3115,2022-05-20,despacho,Dra. Fontes,Prazo fatal: 2026-09-05,,sim
4035,9060164-41.2020.5.36.2381,15/09/2023,recurso de apelação,dr. melo,juntada de documentos realizada,,1
4036,5124342-11.2025.5.50.6107,2020-03-01,agravo regimental,Dr. Barros,aguardando manifestação da parte contrária,,S
4037,1445483-93.2023.1.61.7357,2021-05-29,contestação,dr. melo,,,não
4038,8168450-48.2020.2.65.4570,31 de dezembro de 2022,réplica,DRA. CAVALCANTE,,,S
4039,5755257-93.2020.8.44.2882,03/05/2023,recurso de apelação,dr. melo,audiência marcada para 1 de junho de 2026,,N
4040,7419280-60.2021.1.40.9417,17/07/2019,habilitação,Dr. Barros,diligência externa necessária,,1
4041,5631823-61.2020.5.47.1440,05/10/2020,memoriais,Dr. Barros,aguardando manifestação da parte contrária,,N
4042,5733649-38.2020.2.35.3379,2026-03-08,recurso de apelação,Dr. Melo,aguardando manifestação da parte contrária,,1
4043,3401866-56.2021.1.87.5297,23/08/2025,recurso de apelação,Dra. Fontes,diligência externa necessária,08/12/26,1
4044,9885734-21.2023.9.74.3450,08/06/22,embargos de declaração,Dra Fontes,aguardando manifestação da parte contrária,,0
4045,3541821-31.2021.8.96.1927,03/04/22,acordo extrajudicial,Dra Fontes,diligência externa necessária,,N
4046,8678370-92.2025.7.35.9962,27/01/2023,acordo extrajudicial,Dra. Cavalcante,aguardando manifestação da parte contrária,11/02/26,0
4047,3924425-56.2021.9.58.2912,20/05/24,laudo pericial,Dr. Barros,audiência marcada para 22 de outubro de 2026,,sim
4048,7398699-88.2025.6.55.3587,27 de fevereiro de 2026,contestação,Dr. Barros,diligência externa necessária,15/01/26,
4049,1116024-57.2025.8.16.4043,15 de fevereiro de 2026,citação,dr. melo,prazo para recurso: 7 dias úteis a contar da intimação,16/07/2026,1
4050,1095980-10.2020.7.77.8313,2023-11-19,habilitação,Dr. Barros,Prazo fatal: 12/12/2026,23 de julho de 2026,não
4051,1933296-95.2024.5.69.8317,4 de dezembro de 2025,memoriais,Dr. Barros,prazo para recurso: 30 dias úteis a contar da intimação,29 de setembro de 2026,0
4052,2461262-96.2021.6.48.1315,31/03/2026,réplica,dr. melo,documentos pendentes de entrega pelo cliente,,
4053,4563779-48.2023.2.87.9606,29/12/2020,agravo regimental,Dra. Cavalcante,juntada de documentos realizada,,S
4054,4510407-23.2020.5.18.6055,19/02/2025,memoriais,Dr. Melo,juntada de documentos realizada,,1
4055,5625093-80.2022.9.16.6618,2024-01-19,recurso de apelação,Dr. Melo,diligência externa necessária,23/03/26,não
4056,8936104-83.2022.1.39.7934,2024-10-03,audiência de instrução,Dr. Barros,aguardando manifestação da parte contrária,,1
4057,8530609-10.2021.5.41.7151,2024-05-31,petição inicial,DRA. CAVALCANTE,prazo para recurso: 16 dias úteis a contar da intimação,,sim
4058,8892606-62.2022.2.87.2168,17 de dezembro de 2021,laudo pericial,Dr. Barros,audiência marcada para 2026-08-01,,
4059,3542616-60.2022.3.87.6536,22 de abril de 2026,contestação,Dra Fontes,audiência marcada para 13/03/2026,,sim
4060,4134515-43.2021.8.70.4879,02/12/22,acordo extrajudicial,dr. melo,Prazo fatal: 02/03/26,,
4061,8588997-88.2020.6.29.5987,17/05/2022,contestação,DRA. CAVALCANTE,prazo para recurso: 26 dias úteis a contar da intimação,03/08/2026,
4062,2632721-15.2024.7.90.9593,13/11/2022,petição inicial,Dra. Fontes,documentos pendentes de entrega pelo cliente,14/06/2026,0
4063,4065326-72.2025.8.58.5304,19 de maio de 2024,réplica,Dra. Cavalcante,audiência marcada para 14 de dezembro de 2026,,sim
4064,5210656-44.2021.1.39.2474,10/05/2025,petição inicial,dr. melo,juntada de documentos realizada,,não
4065,4452862-76.2021.3.27.3238,10/06/2019,petição inicial,Dr. Melo,prazo para recurso: 7 dias úteis a contar da intimação,,S
4066,3922248-27.2025.1.42.4047,2021-10-03,intimação,Dra. Cavalcante,Prazo fatal: 25/11/2026,,não
4067,8382607-83.2020.6.26.3936,03/03/2024,audiência de instrução,Dra. Fontes,aguardando manifestação da parte contrária,,1
4068,5867457-18.2023.9.16.7298,2024-06-29,recurso de apelação,Dra Fontes,,,não
4069,4681694-71.2021.9.28.7350,01/01/22,sentença,Dr. Barros,juntada de documentos realizada,,0
4070,2480014-80.2024.2.29.9847,12 de maio de 2022,audiência de instrução,Dr. Melo,audiência marcada para 28/06/26,,1
4071,2554938-48.2024.1.13.4544,2021-07-21,acordo extrajudicial,Dr. Barros,documentos pendentes de entrega pelo cliente,,S
4072,1438459-62.2020.7.78.3410,25/12/23,agravo regimental,DRA. CAVALCANTE,,2026-11-02,não
4073,7419280-60.2021.1.40.9417,2021-09-03,habilitação,Dra Fontes,prazo para recurso: 20 dias úteis a contar da intimação,,
4074,3922248-27.2025.1.42.4047,4 de maio de 2024,citação,Dra. Cavalcante,prazo para recurso: 24 dias úteis a contar da intimação,19 de julho de 2026,S
4075,8588997-88.2020.6.29.5987,13/02/2020,citação,Dr. Barros,Prazo fatal: 24/10/26,,sim
4076,7141324-67.2025.3.86.3413,27 de julho de 2021,embargos de declaração,Dr. Barros,diligência externa necessária,,N
4077,3242098-97.2025.4.44.9916,20/03/25,intimação,Dr. Melo,audiência marcada para 2026-06-06,,1
4078,1667591-67.2025.4.69.9424,4 de novembro de 2025,réplica,Dr. Barros,aguardando manifestação da parte contrária,,0
4079,4768255-51.2022.4.94.5695,28 de janeiro de 2025,laudo pericial,Dr. Barros,Prazo fatal: 2026-10-20,,0
4080,4131852-60.2020.1.89.9739,12/06/25,audiência de instrução,DRA. CAVALCANTE,aguardando manifestação da parte contrária,,0
4081,7438163-48.2021.3.47.1186,3 de agosto de 2023,memoriais,dr. melo,audiência marcada para 20 de março de 2026,06/07/2026,sim
4082,6018860-77.2022.1.94.1315,2024-08-04,intimação,Dra Fontes,aguardando manifestação da parte contrária,,0
4083,6414076-16.2021.7.78.8273,10/09/25,embargos de declaração,Dr. Melo,,,N
4084,9060164-41.2020.5.36.2381,17/05/20,habilitação,Dr. Barros,juntada de documentos realizada,09/12/2026,
4085,1742202-63.2023.6.68.9372,2021-11-16,réplica,dr. melo,aguardando manifestação da parte contrária,,
4086,5614769-67.2022.9.87.1001,23/05/2019,citação,dr. melo,juntada de documentos realizada,,N
4087,7539718-58.2020.2.52.9800,2021-08-27,réplica,DRA. CAVALCANTE,audiência marcada para 2026-03-08,25 de maio de 2026,
4088,4131852-60.2020.1.89.9739,24 de novembro de 2025,réplica,DRA. CAVALCANTE,diligência externa necessária,,
4089,5700249-43.2020.5.57.9341,2025-04-22,agravo regimental,dr. melo,,,1
4090,7323234-16.2020.9.59.5035,4 de agosto de 2023,sentença,Dra Fontes,diligência externa necessária,,não
4091,5703772-88.2020.8.34.6114,2024-10-12,contestação,Dra. Cavalcante,aguardando manifestação da parte contrária,3 de julho de 2026,não
4092,6267378-50.2021.9.19.9923,2022-02-14,sentença,Dr. Barros,prazo para recurso: 17 dias úteis a contar da intimação,,1
4093,5747786-52.2023.7.30.3750,10/01/23,despacho,Dra. Cavalcante,documentos pendentes de entrega pelo cliente,,N
4094,5144296-22.2022.4.87.9648,2025-11-11,citação,Dra Fontes,juntada de documentos realizada,,não
4095,8677980-28.2024.9.94.6552,2021-09-28,habilitação,Dr. Barros,prazo para recurso: 29 dias úteis a contar da intimação,13/10/26,N
4096,6267378-50.2021.9.19.9923,11 de dezembro de 2021,agravo regimental,Dr. Barros,juntada de documentos realizada,,sim
4097,9168044-67.2022.1.26.3054,2025-08-20,réplica,Dr. Melo,prazo para recurso: 23 dias úteis a contar da intimação,,S
4098,1024421-54.2022.9.20.2563,20 de fevereiro de 2020,citação,Dr. Barros,audiência marcada para 29/12/26,12 de junho de 2026,S
4099,1974389-81.2024.5.57.9354,12/05/22,memoriais,Dra. Cavalcante,aguardando manifestação da parte contrária,,sim
4100,3879233-61.2024.5.30.1494,28/06/20,sentença,Dr. Barros,audiência marcada para 17/09/26,,0
4101,7243958-65.2020.5.25.5047,10/08/2020,réplica,Dra. Fontes,aguardando manifestação da parte contrária,,N
4102,8655267-17.2025.3.63.4188,08/11/20,contestação,Dr. Barros,juntada de documentos realizada,14/11/2026,sim
4103,2966787-79.2022.1.41.9944,2025-05-01,recurso de apelação,Dra Fontes,,,sim
4104,3401866-56.2021.1.87.5297,2025-08-24,acordo extrajudicial,Dra Fontes,,,S
4105,6053412-12.2021.6.72.8346,17 de maio de 2025,habilitação,dr. melo,aguardando manifestação da parte contrária,,S
4106,1966014-66.2022.7.82.2137,23/04/25,memoriais,dr. melo,diligência externa necessária,26 de dezembro de 2026,sim
4107,7840442-26.2025.9.53.5093,24/09/23,agravo regimental,Dra. Fontes,documentos pendentes de entrega pelo cliente,,
4108,9110060-16.2025.2.29.4716,27/02/21,intimação,Dra. Fontes,,25/03/2026,0
4109,5614769-67.2022.9.87.1001,2022-10-22,laudo pericial,Dra. Cavalcante,juntada de documentos realizada,,não
4110,2658962-39.2022.5.95.8856,2022-08-14,agravo regimental,DRA. CAVALCANTE,Prazo fatal: 2026-09-14,,S
4111,4687348-31.2023.1.92.6907,03/01/24,laudo pericial,DRA. CAVALCANTE,juntada de documentos realizada,,0
4112,8530609-10.2021.5.41.7151,2024-02-27,sentença,DRA. CAVALCANTE,documentos pendentes de entrega pelo cliente,,0
4113,1438459-62.2020.7.78.3410,2021-12-06,recurso de apelação,DRA. CAVALCANTE,diligência externa necessária,,não
4114,8630644-97.2025.3.28.1296,28 de outubro de 2020,sentença,Dra Fontes,,,N
4115,3401866-56.2021.1.87.5297,2025-05-02,memoriais,Dr. Barros,documentos pendentes de entrega pelo cliente,,S
4116,8936104-83.2022.1.39.7934,14/11/2020,embargos de declaração,DRA. CAVALCANTE,juntada de documentos realizada,11/02/26,0
4117,5214684-96.2020.6.84.9986,12/07/2025,audiência de instrução,Dr. Barros,aguardando manifestação da parte contrária,31/12/2026,sim
4118,3260101-88.2022.8.37.9169,06/09/25,memoriais,Dr. Melo,documentos pendentes de entrega pelo cliente,,
4119,4601686-30.2021.5.52.7745,8 de janeiro de 2022,recurso de apelação,Dra. Cavalcante,Prazo fatal: 19/07/26,04/09/2026,S
4120,3464073-25.2022.8.73.5075,2023-03-05,acordo extrajudicial,Dr. Melo,audiência marcada para 10/06/26,,1
4121,6476769-27.2021.5.22.2570,15/02/22,audiência de instrução,DRA. CAVALCANTE,audiência marcada para 20/06/26,18 de abril de 2026,1
4122,7136189-41.2024.2.60.1768,2019-03-18,habilitação,Dra. Fontes,documentos pendentes de entrega pelo cliente,,não
4123,1165147-13.2020.2.47.5874,30 de maio de 2021,audiência de instrução,Dr. Melo,,,sim
4124,2895065-46.2022.7.67.1438,18/04/23,intimação,Dra Fontes,prazo para recurso: 12 dias úteis a contar da intimação,2026-10-30,sim
4125,1346701-74.2024.1.65.8985,22/10/2020,agravo regimental,Dra Fontes,audiência marcada para 18/03/2026,,
4126,6038940-61.2024.4.64.6408,2024-06-24,memoriais,dr. melo,diligência externa necessária,,S
4127,5274951-77.2021.1.76.5120,19 de janeiro de 2024,sentença,Dra Fontes,juntada de documentos realizada,22/10/2026,N
4128,2328070-99.2024.8.57.5561,7 de setembro de 2023,embargos de declaração,dr. melo,documentos pendentes de entrega pelo cliente,,sim
4129,6663627-76.2023.9.26.5770,25/06/2025,intimação,Dr. Melo,Prazo fatal: 22/11/2026,,
4130,4180949-86.2020.3.26.7593,15/07/2023,intimação,Dr. Melo,,19 de setembro de 2026,
4131,6339266-27.2025.5.15.6766,08/04/2022,agravo regimental,Dra. Cavalcante,juntada de documentos realizada,,1
4132,2112478-55.2024.2.51.9095,12/09/2022,despacho,Dr. Barros,documentos pendentes de entrega pelo cliente,,S
4133,5660649-86.2020.5.86.9291,2020-11-30,réplica,Dr. Barros,audiência marcada para 7 de março de 2026,,S
4134,3542799-64.2025.6.13.7299,16/03/2026,intimação,Dra. Fontes,documentos pendentes de entrega pelo cliente,,não
4135,1887163-62.2025.9.93.1037,26 de fevereiro de 2021,laudo pericial,DRA. CAVALCANTE,aguardando manifestação da parte contrária,,N
4136,1896520-28.2021.5.90.5374,2024-05-03,memoriais,Dra. Cavalcante,audiência marcada para 27/09/26,,sim
4137,9057960-29.2025.5.10.6072,2025-12-11,contestação,Dr. Barros,prazo para recurso: 14 dias úteis a contar da intimação,2026-05-14,
4138,9804642-71.2024.4.76.5486,2026-01-04,laudo pericial,Dra. Cavalcante,Prazo fatal: 20/05/26,,N
4139,1735592-50.2022.9.87.5612,28/01/2022,réplica,dr. melo,diligência externa necessária,,1
4140,4140100-24.2024.4.63.7178,19 de março de 2026,audiência de instrução,DRA. CAVALCANTE,prazo para recurso: 18 dias úteis a contar da intimação,,S
4141,5966644-82.2023.4.88.9951,2022-02-16,contestação,Dr. Barros,prazo para recurso: 12 dias úteis a contar da intimação,20/02/2026,N
4142,1013314-48.2023.4.39.2083,15/01/26,contestação,DRA. CAVALCANTE,Prazo fatal: 28/04/26,,1
4143,3505690-87.2020.8.52.6260,22/10/25,citação,Dra Fontes,audiência marcada para 13/06/2026,,N
4144,3576390-15.2021.2.82.8209,06/02/2022,petição inicial,Dr. Melo,documentos pendentes de entrega pelo cliente,,N
4145,4563779-48.2023.2.87.9606,14/12/2020,contestação,Dra. Fontes,Prazo fatal: 25/10/2026,8 de dezembro de 2026,sim
4146,5210656-44.2021.1.39.2474,2021-11-26,despacho,Dr. Barros,audiência marcada para 26/12/2026,,sim
4147,8936104-83.2022.1.39.7934,2024-04-18,audiência de instrução,Dr. Melo,,,não
4148,2236315-26.2022.5.82.8939,29 de dezembro de 2022,agravo regimental,Dr. Barros,diligência externa necessária,6 de julho de 2026,1
4149,8678370-92.2025.7.35.9962,14/12/2025,recurso de apelação,Dr. Barros,,,N
4150,5660649-86.2020.5.86.9291,24/04/2022,intimação,Dr. Melo,,,S
4151,5966644-82.2023.4.88.9951,26 de junho de 2025,despacho,Dr. Barros,aguardando manifestação da parte contrária,30 de agosto de 2026,N
4152,7687292-20.2021.4.85.7539,14/03/22,embargos de declaração,Dr. Barros,diligência externa necessária,28 de outubro de 2026,S
4153,3585301-47.2021.7.73.3469,2024-12-27,memoriais,DRA. CAVALCANTE,prazo para recurso: 5 dias úteis a contar da intimação,,N
4154,9573194-21.2022.1.35.8352,04/05/2025,contestação,Dr. Melo,documentos pendentes de entrega pelo cliente,,
4155,7626521-25.2020.9.17.3305,09/04/2021,contestação,Dra Fontes,aguardando manifestação da parte contrária,21/07/26,1
4156,2292432-35.2025.5.83.7063,17/01/2020,embargos de declaração,Dra Fontes,documentos pendentes de entrega pelo cliente,,S
4157,8714773-70.2022.9.65.8541,18 de janeiro de 2025,citação,Dra. Fontes,audiência marcada para 24 de dezembro de 2026,4 de abril de 2026,
4158,1742202-63.2023.6.68.9372,10/10/24,sentença,Dr. Barros,prazo para recurso: 19 dias úteis a contar da intimação,,S
4159,6663627-76.2023.9.26.5770,31/01/2020,agravo regimental,Dra. Fontes,documentos pendentes de entrega pelo cliente,,
4160,5638123-23.2024.7.30.5009,17/02/22,contestação,Dra. Cavalcante,diligência externa necessária,,sim
4161,9168044-67.2022.1.26.3054,2025-01-26,sentença,Dra. Fontes,juntada de documentos realizada,,sim
4162,9970343-38.2020.5.18.4483,05/11/2025,petição inicial,dr. melo,diligência externa necessária,,1
4163,5472823-70.2022.4.41.7624,3 de dezembro de 2022,embargos de declaração,Dr. Barros,prazo para recurso: 29 dias úteis a contar da intimação,2026-08-26,
4164,7724543-49.2023.9.44.7412,19/11/21,sentença,Dr. Melo,juntada de documentos realizada,,não
4165,4314934-26.2021.7.14.7244,10 de setembro de 2021,acordo extrajudicial,dr. melo,documentos pendentes de entrega pelo cliente,01/06/2026,1
4166,5159882-37.2022.9.71.7550,05/12/24,habilitação,Dra. Fontes,juntada de documentos realizada,,S
4167,5826200-20.2025.1.91.8748,2023-02-24,habilitação,DRA. CAVALCANTE,aguardando manifestação da parte contrária,04/06/2026,S
4168,5144296-22.2022.4.87.9648,21/10/2025,citação,Dr. Barros,,,sim
4169,8306601-19.2020.3.50.7457,30/08/2025,citação,Dra Fontes,audiência marcada para 08/04/26,30/01/26,1
4170,1273300-90.2024.2.80.7378,18 de fevereiro de 2026,acordo extrajudicial,Dr. Melo,Prazo fatal: 2026-02-23,,1
4171,5638123-23.2024.7.30.5009,11/08/2019,recurso de apelação,Dra. Fontes,,27 de fevereiro de 2026,
4172,4417916-40.2022.7.26.4278,28 de março de 2024,embargos de declaração,dr. melo,,09/08/26,
4173,3675188-38.2025.9.53.3305,2025-08-03,memoriais,Dra. Cavalcante,audiência marcada para 12/06/2026,29/06/2026,1
4174,3541821-31.2021.8.96.1927,2026-04-20,memoriais,Dra Fontes,prazo para recurso: 9 dias úteis a contar da intimação,12/03/2026,S
4175,6075721-43.2020.9.85.8738,20/11/24,memoriais,Dr. Barros,documentos pendentes de entrega pelo cliente,,1
4176,7236875-79.2024.7.97.5566,2025-10-11,recurso de apelação,Dr. Barros,diligência externa necessária,01/11/26,N
4177,7687292-20.2021.4.85.7539,2024-07-17,embargos de declaração,dr. melo,aguardando manifestação da parte contrária,,sim
4178,7082985-88.2022.2.94.6058,23/09/2022,acordo extrajudicial,Dra Fontes,prazo para recurso: 26 dias úteis a contar da intimação,,não
4179,6418382-43.2020.8.63.9133,16 de novembro de 2021,acordo extrajudicial,Dr. Barros,documentos pendentes de entrega pelo cliente,,0
4180,8816646-78.2020.7.70.9224,18/08/2021,habilitação,Dra. Fontes,Prazo fatal: 15/07/26,05/01/2026,sim
4181,1024421-54.2022.9.20.2563,11/01/22,intimação,Dra Fontes,,,sim
4182,7813974-60.2021.1.81.1542,13/03/2025,audiência de instrução,Dr. Barros,juntada de documentos realizada,,não
4183,9686751-57.2022.7.62.3494,09/06/20,audiência de instrução,Dra Fontes,documentos pendentes de entrega pelo cliente,,0
4184,7820540-78.2023.1.75.4823,16/07/2022,agravo regimental,Dra Fontes,,19/02/26,N
4185,6836135-90.2022.9.37.5643,03/07/2025,laudo pericial,Dr. Melo,documentos pendentes de entrega pelo cliente,,1
4186,5753123-52.2021.4.48.4042,25 de outubro de 2020,petição inicial,Dra. Cavalcante,documentos pendentes de entrega pelo cliente,,sim
4187,8905709-90.2020.9.55.2471,03/10/2023,habilitação,Dra. Cavalcante,documentos pendentes de entrega pelo cliente,,N
4188,2016341-89.2023.7.48.2724,2023-01-23,embargos de declaração,DRA. CAVALCANTE,audiência marcada para 07/09/2026,26/02/26,sim
4189,1602496-64.2022.5.79.8340,26 de setembro de 2019,petição inicial,Dra Fontes,,,N
4190,9319285-35.2025.3.19.9131,7 de fevereiro de 2025,agravo regimental,Dra Fontes,,4 de maio de 2026,0
4191,2842764-33.2025.7.99.7279,18 de março de 2020,petição inicial,Dr. Barros,prazo para recurso: 26 dias úteis a contar da intimação,,sim
4192,6414076-16.2021.7.78.8273,2020-12-07,despacho,dr. melo,prazo para recurso: 12 dias úteis a contar da intimação,18/03/26,sim
4193,6982910-41.2023.8.91.8758,14/03/2021,citação,Dr. Barros,Prazo fatal: 01/12/2026,,0
4194,2100417-68.2021.7.29.9662,2024-04-10,recurso de apelação,Dra Fontes,aguardando manifestação da parte contrária,,sim
4195,8843195-99.2024.6.39.2836,2021-03-27,audiência de instrução,dr. melo,juntada de documentos realizada,2026-02-12,N
4196,2660213-63.2022.6.50.8366,01/01/23,agravo regimental,dr. melo,diligência externa necessária,,
4197,9110060-16.2025.2.29.4716,2020-08-31,recurso de apelação,Dra. Cavalcante,prazo para recurso: 19 dias úteis a contar da intimação,,
4198,9498791-62.2022.6.73.9564,27/04/2022,citação,Dra. Fontes,,,0
4199,6445422-21.2020.5.39.8096,20/03/2026,despacho,Dr. Melo,documentos pendentes de entrega pelo cliente,07/09/2026,S
4200,4893809-11.2021.7.19.9759,04/02/24,laudo pericial,Dra Fontes,audiência marcada para 24 de outubro de 2026,,
4201,4092125-65.2025.3.26.9073,2023-02-11,réplica,dr. melo,prazo para recurso: 19 dias úteis a contar da intimação,,S
4202,3395583-64.2024.4.41.2181,2020-07-24,intimação,Dr. Barros,,,N
4203,9804642-71.2024.4.76.5486,2 de setembro de 2021,embargos de declaração,Dra Fontes,diligência externa necessária,,0
4204,5703772-88.2020.8.34.6114,2025-08-28,petição inicial,dr. melo,aguardando manifestação da parte contrária,7 de fevereiro de 2026,0
4205,3505690-87.2020.8.52.6260,15/11/24,recurso de apelação,Dr. Melo,aguardando manifestação da parte contrária,25 de junho de 2026,S
4206,4180949-86.2020.3.26.7593,30/10/2021,citação,DRA. CAVALCANTE,aguardando manifestação da parte contrária,,N
4207,2554938-48.2024.1.13.4544,12/07/25,despacho,Dra. Fontes,Prazo fatal: 10/03/2026,,S
4208,5753123-52.2021.4.48.4042,28 de agosto de 2020,embargos de declaração,Dra. Fontes,audiência marcada para 2026-04-07,28/11/26,1
4209,6339808-70.2020.2.67.1325,18 de agosto de 2022,agravo regimental,Dra. Fontes,juntada de documentos realizada,,N
4210,5271615-59.2021.2.54.6844,04/04/25,despacho,Dra. Fontes,aguardando manifestação da parte contrária,,N
4211,7765112-69.2024.9.62.5648,27 de outubro de 2021,embargos de declaração,Dr. Barros,documentos pendentes de entrega pelo cliente,,N
4212,3724721-44.2021.9.75.5553,2026-03-19,laudo pericial,Dra. Cavalcante,diligência externa necessária,,S
4213,6384831-67.2022.5.89.7429,24/12/2021,intimação,Dr. Melo,audiência marcada para 19/04/2026,,sim
4214,3306375-34.2024.9.48.9154,11/12/2020,memoriais,DRA. CAVALCANTE,audiência marcada para 10/08/26,19/03/2026,não
4215,9686751-57.2022.7.62.3494,2024-05-04,laudo pericial,Dra Fontes,audiência marcada para 09/08/2026,,não
4216,5966644-82.2023.4.88.9951,2025-02-07,intimação,dr. melo,,22 de junho de 2026,N
4217,3679963-72.2020.9.29.7859,21/05/20,intimação,dr. melo,audiência marcada para 12/10/26,2026-12-23,sim
4218,1185885-59.2023.7.19.8433,2022-03-12,recurso de apelação,DRA. CAVALCANTE,prazo para recurso: 9 dias úteis a contar da intimação,,1
4219,8323566-47.2021.3.26.4644,3 de março de 2020,despacho,Dra. Fontes,aguardando manifestação da parte contrária,,sim
4220,2191287-57.2021.1.18.8228,20/10/25,audiência de instrução,Dr. Barros,aguardando manifestação da parte contrária,,N
4221,9686751-57.2022.7.62.3494,22 de março de 2025,petição inicial,Dr. Barros,audiência marcada para 7 de novembro de 2026,,0
4222,7916680-90.2022.1.67.1785,16/10/2024,contestação,Dra. Cavalcante,audiência marcada para 14 de maio de 2026,2026-01-02,não
4223,7687351-51.2022.6.73.6768,13/11/24,sentença,Dr. Barros,Prazo fatal: 2026-11-05,2026-07-11,não
4224,6038940-61.2024.4.64.6408,19 de novembro de 2023,sentença,Dra Fontes,documentos pendentes de entrega pelo cliente,,1
4225,9076234-78.2023.3.90.2702,03/10/2022,citação,Dra. Fontes,prazo para recurso: 27 dias úteis a contar da intimação,,N
4226,3667022-35.2020.9.76.3115,9 de fevereiro de 2024,habilitação,Dra. Fontes,documentos pendentes de entrega pelo cliente,30/06/26,0
4227,8886588-26.2020.9.65.6361,9 de julho de 2022,acordo extrajudicial,Dra. Cavalcante,juntada de documentos realizada,,0
4228,5210656-44.2021.1.39.2474,29 de junho de 2025,sentença,DRA. CAVALCANTE,,,S
4229,3263740-44.2022.3.81.5402,1 de janeiro de 2022,agravo regimental,Dr. Melo,juntada de documentos realizada,2026-09-23,1
4230,7599278-46.2021.4.96.3535,2023-02-22,despacho,Dra Fontes,prazo para recurso: 29 dias úteis a contar da intimação,,S
4231,9086174-80.2025.1.81.3292,2024-08-23,despacho,Dra. Fontes,Prazo fatal: 23/02/2026,25/07/26,
4232,4085001-92.2022.6.76.8938,03/04/26,embargos de declaração,Dra Fontes,audiência marcada para 21 de agosto de 2026,,sim
4233,9425559-65.2022.6.99.1309,2023-09-01,laudo pericial,Dra Fontes,audiência marcada para 19 de dezembro de 2026,,
4234,7640585-40.2023.1.57.1721,2025-06-08,memoriais,Dra. Fontes,diligência externa necessária,,
4235,2554938-48.2024.1.13.4544,16 de junho de 2021,acordo extrajudicial,Dr. Barros,juntada de documentos realizada,,1
4236,8749473-21.2020.4.12.9144,12/08/2022,embargos de declaração,Dr. Barros,Prazo fatal: 10/04/2026,06/07/2026,não
4237,9636371-69.2025.8.67.4068,28/04/2024,recurso de apelação,Dra. Fontes,diligência externa necessária,,0
4238,4681694-71.2021.9.28.7350,07/04/2023,réplica,Dr. Barros,documentos pendentes de entrega pelo cliente,,N
4239,8415891-60.2021.6.92.5554,2020-10-20,laudo pericial,DRA. CAVALCANTE,Prazo fatal: 05/09/2026,,não
4240,5747786-52.2023.7.30.3750,2 de março de 2026,acordo extrajudicial,DRA. CAVALCANTE,aguardando manifestação da parte contrária,8 de novembro de 2026,0
4241,9062552-47.2024.4.22.8265,16/04/22,acordo extrajudicial,dr. melo,,,N
4242,9666878-83.2023.6.29.9905,13/11/25,petição inicial,Dra. Cavalcante,juntada de documentos realizada,,não
4243,5660649-86.2020.5.86.9291,19/04/26,réplica,Dra. Cavalcante,prazo para recurso: 24 dias úteis a contar da intimação,,S
4244,5271615-59.2021.2.54.6844,2021-04-24,memoriais,Dr. Barros,prazo para recurso: 24 dias úteis a contar da intimação,,0
4245,8905709-90.2020.9.55.2471,2019-09-03,contestação,Dr. Barros,Prazo fatal: 26 de novembro de 2026,,sim
4246,1101935-78.2023.5.88.5299,20/07/2024,agravo regimental,DRA. CAVALCANTE,diligência externa necessária,,1
4247,9822459-92.2024.8.17.6403,26/05/2021,réplica,Dr. Barros,Prazo fatal: 18/06/26,,0
4248,9953454-93.2020.2.52.5723,24/08/2020,réplica,Dr. Melo,Prazo fatal: 30/07/26,,N
4249,5214684-96.2020.6.84.9986,01/10/21,despacho,Dra Fontes,audiência marcada para 10 de maio de 2026,2026-03-19,0
4250,2824928-33.2020.1.90.6467,2024-05-16,petição inicial,dr. melo,diligência externa necessária,,1
4251,9425559-65.2022.6.99.1309,13/05/20,laudo pericial,Dra. Fontes,juntada de documentos realizada,,S
4252,5159882-37.2022.9.71.7550,14 de janeiro de 2022,acordo extrajudicial,Dra. Cavalcante,juntada de documentos realizada,,1
4253,4299848-20.2023.2.47.7396,2025-02-20,laudo pericial,DRA. CAVALCANTE,juntada de documentos realizada,,sim
4254,3785792-10.2020.5.78.7940,06/05/20,citação,DRA. CAVALCANTE,aguardando manifestação da parte contrária,29 de março de 2026,
4255,1116024-57.2025.8.16.4043,18 de maio de 2024,habilitação,Dra Fontes,audiência marcada para 1 de março de 2026,,sim
4256,6254488-31.2024.9.48.3216,2 de novembro de 2024,audiência de instrução,Dr. Barros,prazo para recurso: 22 dias úteis a contar da intimação,07/11/26,1
4257,3585301-47.2021.7.73.3469,26/04/23,réplica,dr. melo,prazo para recurso: 9 dias úteis a contar da intimação,,N
4258,8735892-74.2025.8.18.9411,2022-09-10,agravo regimental,Dr. Barros,aguardando manifestação da parte contrária,,1
4259,7765112-69.2024.9.62.5648,10 de fevereiro de 2026,audiência de instrução,Dra. Fontes,Prazo fatal: 08/10/2026,20 de junho de 2026,1
4260,7419280-60.2021.1.40.9417,01/02/2026,citação,Dra. Fontes,aguardando manifestação da parte contrária,,sim
4261,3975387-89.2023.4.55.7631,16 de novembro de 2022,citação,Dr. Barros,audiência marcada para 2026-05-10,,N
4262,3924425-56.2021.9.58.2912,30/04/23,embargos de declaração,Dr. Barros,aguardando manifestação da parte contrária,06/02/26,sim
4263,9898363-27.2020.4.89.2966,18 de setembro de 2022,agravo regimental,DRA. CAVALCANTE,juntada de documentos realizada,,
4264,2191287-57.2021.1.18.8228,26 de fevereiro de 2022,memoriais,Dra Fontes,aguardando manifestação da parte contrária,,1
4265,7141324-67.2025.3.86.3413,7 de abril de 2020,contestação,Dra Fontes,documentos pendentes de entrega pelo cliente,,1
4266,6992158-64.2024.5.43.7750,11 de dezembro de 2025,audiência de instrução,Dr. Barros,,,0
4267,5996426-23.2022.8.20.3566,30/04/22,despacho,DRA. CAVALCANTE,documentos pendentes de entrega pelo cliente,,S
4268,5703772-88.2020.8.34.6114,23/10/23,audiência de instrução,DRA. CAVALCANTE,aguardando manifestação da parte contrária,,
4269,4314934-26.2021.7.14.7244,22 de abril de 2024,embargos de declaração,Dra. Cavalcante,Prazo fatal: 19/02/2026,19/07/2026,N
4270,7813974-60.2021.1.81.1542,2025-06-29,laudo pericial,Dr. Melo,Prazo fatal: 22 de fevereiro de 2026,2026-04-10,N
4271,5432782-56.2021.2.97.6240,4 de julho de 2025,embargos de declaração,Dr. Barros,juntada de documentos realizada,,
4272,7789809-22.2020.1.73.9031,8 de outubro de 2025,despacho,Dra. Fontes,aguardando manifestação da parte contrária,30 de agosto de 2026,1
4273,8066975-72.2023.7.26.7675,07/07/21,audiência de instrução,Dr. Barros,,10/11/26,
4274,4415624-13.2024.9.14.9480,19/12/21,despacho,Dr. Barros,documentos pendentes de entrega pelo cliente,,S
4275,6034606-21.2023.6.18.6684,06/04/21,recurso de apelação,Dra Fontes,Prazo fatal: 27/09/2026,,1
4276,6384831-67.2022.5.89.7429,27 de junho de 2020,memoriais,DRA. CAVALCANTE,prazo para recurso: 14 dias úteis a contar da intimação,2026-05-16,0
4277,8677980-28.2024.9.94.6552,2024-07-16,memoriais,DRA. CAVALCANTE,,,
4278,3667022-35.2020.9.76.3115,11/09/2021,intimação,Dr. Barros,documentos pendentes de entrega pelo cliente,2026-02-12,S
4279,6982910-41.2023.8.91.8758,01/01/2020,audiência de instrução,DRA. CAVALCANTE,Prazo fatal: 2026-04-19,,0
4280,1273300-90.2024.2.80.7378,25/04/2020,recurso de apelação,Dr. Barros,aguardando manifestação da parte contrária,,sim
4281,2660213-63.2022.6.50.8366,10/07/24,recurso de apelação,dr. melo,,,1
4282,6927716-18.2022.9.56.1445,28 de agosto de 2022,agravo regimental,Dr. Barros,Prazo fatal: 22/11/26,,S
4283,6524227-53.2025.1.97.6214,15/11/2023,petição inicial,Dr. Barros,juntada de documentos realizada,,S
4284,6368709-92.2024.7.99.9426,9 de outubro de 2022,acordo extrajudicial,DRA. CAVALCANTE,documentos pendentes de entrega pelo cliente,03/08/26,1
4285,7271178-97.2023.5.84.4243,2020-05-25,sentença,Dr. Melo,juntada de documentos realizada,05/06/2026,sim
4286,4865461-96.2025.2.64.9143,19/09/2025,memoriais,dr. melo,juntada de documentos realizada,,1
4287,2328070-99.2024.8.57.5561,10/08/23,réplica,DRA. CAVALCANTE,audiência marcada para 16/07/2026,,0
4288,1887163-62.2025.9.93.1037,20/03/2025,despacho,dr. melo,Prazo fatal: 21 de outubro de 2026,2026-10-23,N
4289,2824928-33.2020.1.90.6467,14/09/2020,laudo pericial,Dra. Fontes,juntada de documentos realizada,2026-03-03,S
4290,4326518-76.2023.4.36.8530,2 de novembro de 2021,despacho,dr. melo,Prazo fatal: 26/08/26,,não
4291,6927716-18.2022.9.56.1445,2022-12-24,audiência de instrução,dr. melo,aguardando manifestação da parte contrária,,S
4292,2129757-49.2025.4.14.5657,2022-02-01,recurso de apelação,Dra. Fontes,Prazo fatal: 30/01/26,,sim
4293,6694761-39.2022.1.10.2199,30/09/20,citação,Dra. Fontes,prazo para recurso: 27 dias úteis a contar da intimação,,0
4294,5432782-56.2021.2.97.6240,2021-07-22,laudo pericial,dr. melo,prazo para recurso: 10 dias úteis a contar da intimação,,N
4295,8749473-21.2020.4.12.9144,25 de julho de 2024,agravo regimental,Dr. Melo,documentos pendentes de entrega pelo cliente,28/12/2026,
4296,1116024-57.2025.8.16.4043,29 de outubro de 2020,acordo extrajudicial,Dra Fontes,audiência marcada para 30/10/26,,0
4297,8678370-92.2025.7.35.9962,23 de dezembro de 2021,petição inicial,Dra Fontes,audiência marcada para 30/06/26,,S
4298,5867457-18.2023.9.16.7298,05/10/25,habilitação,dr. melo,diligência externa necessária,,
4299,6105303-92.2021.4.39.3868,24/04/22,petição inicial,Dra. Fontes,audiência marcada para 15/03/2026,,
4300,8892606-62.2022.2.87.2168,24 de maio de 2024,petição inicial,dr. melo,documentos pendentes de entrega pelo cliente,,S
4301,8129073-22.2024.4.16.9656,21/04/2021,sentença,Dr. Melo,,,1
4302,2837371-36.2022.7.88.5428,24/03/23,audiência de instrução,Dra. Cavalcante,diligência externa necessária,,não
4303,5239450-56.2022.7.99.2371,2021-07-24,sentença,DRA. CAVALCANTE,prazo para recurso: 20 dias úteis a contar da intimação,08/11/2026,S
4304,5432782-56.2021.2.97.6240,23/01/19,citação,Dra. Fontes,diligência externa necessária,26 de julho de 2026,0
4305,8678370-92.2025.7.35.9962,17 de dezembro de 2024,citação,Dr. Barros,diligência externa necessária,21/05/2026,sim
4306,6075721-43.2020.9.85.8738,20/04/2023,agravo regimental,Dr. Barros,prazo para recurso: 23 dias úteis a contar da intimação,,
4307,7749444-78.2021.1.20.8763,2023-02-10,embargos de declaração,Dr. Melo,,,sim
4308,7687351-51.2022.6.73.6768,2022-03-18,acordo extrajudicial,Dra. Cavalcante,Prazo fatal: 10/01/26,,S
4309,9774395-92.2023.2.75.3192,09/03/2026,contestação,Dra Fontes,,19/09/2026,
4310,3242098-97.2025.4.44.9916,15 de novembro de 2023,petição inicial,Dra. Cavalcante,,,1
4311,5214684-96.2020.6.84.9986,22/10/2025,audiência de instrução,dr. melo,audiência marcada para 2026-07-26,,0
4312,4433355-55.2023.8.48.9346,22 de março de 2025,acordo extrajudicial,Dr. Barros,aguardando manifestação da parte contrária,,0
4313,6034606-21.2023.6.18.6684,2025-01-28,réplica,Dra Fontes,documentos pendentes de entrega pelo cliente,,S
4314,4452862-76.2021.3.27.3238,19 de janeiro de 2023,petição inicial,Dra. Fontes,juntada de documentos realizada,,sim
4315,5996426-23.2022.8.20.3566,9 de fevereiro de 2020,acordo extrajudicial,Dra. Fontes,juntada de documentos realizada,2026-07-10,não
4316,5966644-82.2023.4.88.9951,28/01/2024,recurso de apelação,Dra Fontes,juntada de documentos realizada,,
4317,2869625-86.2025.7.14.5837,25 de dezembro de 2024,agravo regimental,Dr. Barros,,,não
4318,1095980-10.2020.7.77.8313,18 de novembro de 2025,acordo extrajudicial,Dra. Cavalcante,Prazo fatal: 14/06/2026,,N
4319,4961530-22.2021.4.22.6290,28/12/20,embargos de declaração,Dra. Fontes,juntada de documentos realizada,,não
4320,2632721-15.2024.7.90.9593,05/09/24,audiência de instrução,Dra Fontes,,23 de setembro de 2026,0
4321,1974389-81.2024.5.57.9354,02/03/23,contestação,Dra. Cavalcante,audiência marcada para 07/07/26,,N
4322,9666878-83.2023.6.29.9905,2025-01-28,despacho,Dra. Cavalcante,audiência marcada para 24 de junho de 2026,10/02/2026,não
4323,4061044-97.2023.7.99.3676,2 de fevereiro de 2021,embargos de declaração,Dra Fontes,,,1
4324,8323566-47.2021.3.26.4644,21/02/24,sentença,DRA. CAVALCANTE,prazo para recurso: 6 dias úteis a contar da intimação,24/07/26,
4325,9810112-12.2021.1.97.8847,24/08/20,petição inicial,Dr. Barros,Prazo fatal: 30 de setembro de 2026,01/07/2026,S
4326,3541821-31.2021.8.96.1927,2023-07-09,intimação,Dr. Barros,documentos pendentes de entrega pelo cliente,07/05/2026,sim
4327,2191287-57.2021.1.18.8228,23/06/23,contestação,Dr. Barros,documentos pendentes de entrega pelo cliente,,
4328,3248366-98.2020.5.11.6279,21/01/21,citação,dr. melo,prazo para recurso: 8 dias úteis a contar da intimação,,S
4329,8714773-70.2022.9.65.8541,26/07/22,despacho,Dra Fontes,diligência externa necessária,2026-07-11,1
4330,9319285-35.2025.3.19.9131,15 de março de 2021,contestação,Dr. Barros,diligência externa necessária,,não
4331,2660213-63.2022.6.50.8366,2025-03-16,citação,Dr. Barros,audiência marcada para 28/06/26,,0
4332,7243958-65.2020.5.25.5047,26/04/21,citação,Dra. Fontes,prazo para recurso: 30 dias úteis a contar da intimação,,
4333,2490107-19.2023.9.10.7930,27/05/23,embargos de declaração,Dra. Fontes,Prazo fatal: 14/05/2026,,1
4334,2997279-67.2024.9.84.1441,11/02/2022,contestação,dr. melo,Prazo fatal: 28 de dezembro de 2026,,
4335,7110796-41.2020.3.80.5362,2023-04-29,contestação,Dra. Cavalcante,prazo para recurso: 24 dias úteis a contar da intimação,,sim
4336,5462435-11.2024.9.85.2977,18 de outubro de 2025,despacho,Dr. Barros,diligência externa necessária,19/03/2026,N
4337,3576390-15.2021.2.82.8209,2025-09-25,audiência de instrução,Dr. Barros,documentos pendentes de entrega pelo cliente,,sim
4338,2824928-33.2020.1.90.6467,13 de dezembro de 2023,acordo extrajudicial,Dr. Barros,aguardando manifestação da parte contrária,27/09/2026,0
4339,7892487-80.2022.9.64.5036,01/05/24,laudo pericial,DRA. CAVALCANTE,diligência externa necessária,,
4340,4893809-11.2021.7.19.9759,2023-05-07,memoriais,dr. melo,prazo para recurso: 13 dias úteis a contar da intimação,,S
4341,3588109-63.2023.1.26.4223,2020-06-02,embargos de declaração,Dra. Fontes,aguardando manifestação da parte contrária,,S
4342,7236875-79.2024.7.97.5566,23/09/2020,contestação,Dra. Fontes,diligência externa necessária,,N
4343,1272937-41.2023.5.75.9958,30/07/2020,acordo extrajudicial,Dra. Cavalcante,,,1
4344,7136189-41.2024.2.60.1768,01/09/2024,agravo regimental,Dr. Melo,prazo para recurso: 16 dias úteis a contar da intimação,,não
4345,8168054-14.2024.6.50.1232,2022-12-11,embargos de declaração,Dr. Melo,diligência externa necessária,31/07/26,S
4346,7223110-52.2024.2.44.8994,07/12/2020,habilitação,Dr. Melo,aguardando manifestação da parte contrária,,
4347,8129073-22.2024.4.16.9656,15/06/2022,memoriais,DRA. CAVALCANTE,Prazo fatal: 2026-12-16,,0
4348,9252661-70.2020.1.46.1185,2024-12-08,recurso de apelação,Dra Fontes,juntada de documentos realizada,21 de agosto de 2026,0
4349,5700249-43.2020.5.57.9341,31 de julho de 2020,acordo extrajudicial,Dr. Barros,prazo para recurso: 13 dias úteis a contar da intimação,,N
4350,5853247-29.2020.7.62.8870,2023-07-29,intimação,Dra Fontes,documentos pendentes de entrega pelo cliente,,1
4351,8607512-63.2021.6.82.1039,2022-07-23,audiência de instrução,DRA. CAVALCANTE,diligência externa necessária,,N
4352,3376786-12.2020.7.64.5093,15/12/2021,contestação,DRA. CAVALCANTE,documentos pendentes de entrega pelo cliente,,N
4353,7136189-41.2024.2.60.1768,08/09/2021,recurso de apelação,Dr. Melo,Prazo fatal: 2026-02-18,,não
4354,6935346-77.2024.3.52.9529,27 de fevereiro de 2022,contestação,Dra Fontes,juntada de documentos realizada,,não
4355,8097721-13.2023.1.47.8354,9 de julho de 2020,recurso de apelação,dr. melo,juntada de documentos realizada,,sim
4356,5614769-67.2022.9.87.1001,2025-05-06,citação,Dra. Cavalcante,prazo para recurso: 22 dias úteis a contar da intimação,,0
4357,7544569-30.2022.4.91.9370,30 de maio de 2023,memoriais,Dra. Cavalcante,,,0
4358,8062805-72.2022.1.22.8771,02/04/26,audiência de instrução,Dra. Fontes,aguardando manifestação da parte contrária,05/04/26,N
4359,7640585-40.2023.1.57.1721,23 de abril de 2024,petição inicial,Dra. Cavalcante,,,1
4360,5614769-67.2022.9.87.1001,2024-09-09,agravo regimental,Dr. Barros,audiência marcada para 02/06/2026,,não
4361,4202942-75.2025.6.91.7611,07/04/20,habilitação,Dra Fontes,,,S
4362,9810112-12.2021.1.97.8847,29/11/25,citação,DRA. CAVALCANTE,audiência marcada para 20/04/26,,S
4363,1742202-63.2023.6.68.9372,04/02/2019,réplica,dr. melo,diligência externa necessária,,0
4364,1676369-34.2022.3.47.6087,30 de janeiro de 2021,réplica,Dr. Barros,,,
4365,1676369-34.2022.3.47.6087,26/05/2022,recurso de apelação,Dr. Melo,,2026-11-26,N
4366,5492622-29.2021.9.92.7737,29 de setembro de 2023,recurso de apelação,Dr. Melo,documentos pendentes de entrega pelo cliente,,N
4367,3667022-35.2020.9.76.3115,18/07/21,petição inicial,Dr. Barros,audiência marcada para 26/12/26,2026-03-25,
4368,2294596-63.2020.6.38.9193,14/01/26,citação,dr. melo,diligência externa necessária,,N
4369,8892606-62.2022.2.87.2168,06/06/2023,habilitação,DRA. CAVALCANTE,juntada de documentos realizada,,N
4370,4326518-76.2023.4.36.8530,20/03/2026,habilitação,Dra. Cavalcante,documentos pendentes de entrega pelo cliente,,S
4371,2016341-89.2023.7.48.2724,05/07/2022,laudo pericial,Dr. Barros,prazo para recurso: 24 dias úteis a contar da intimação,,0
4372,3710559-31.2020.9.95.2540,2 de maio de 2025,intimação,Dr. Barros,documentos pendentes de entrega pelo cliente,20/11/26,sim
4373,2112478-55.2024.2.51.9095,06/03/2022,réplica,Dr. Melo,diligência externa necessária,,N
4374,9319285-35.2025.3.19.9131,19/11/20,citação,Dra. Cavalcante,,,S
4375,2675642-32.2022.8.65.5499,25/06/2022,recurso de apelação,Dra. Cavalcante,Prazo fatal: 7 de junho de 2026,11 de maio de 2026,0
4376,7224257-29.2020.8.88.9110,10/06/2023,contestação,Dra. Cavalcante,audiência marcada para 21/12/26,,não
4377,5483975-50.2024.8.92.4422,23 de abril de 2022,memoriais,Dr. Melo,juntada de documentos realizada,,não
4378,6414076-16.2021.7.78.8273,20 de outubro de 2022,citação,Dr. Melo,Prazo fatal: 07/01/2026,,
4379,1778149-24.2023.1.86.3557,2023-03-30,audiência de instrução,Dr. Barros,aguardando manifestação da parte contrária,28 de junho de 2026,S
4380,5217157-98.2020.2.64.4094,02/04/2021,audiência de instrução,dr. melo,,11 de julho de 2026,N
4381,3778380-86.2023.9.32.5849,2024-08-23,laudo pericial,Dr. Barros,prazo para recurso: 29 dias úteis a contar da intimação,07/09/26,1
4382,7243958-65.2020.5.25.5047,23/10/20,contestação,Dr. Barros,documentos pendentes de entrega pelo cliente,,sim
4383,8286828-70.2022.9.31.8012,27/07/25,audiência de instrução,Dra Fontes,diligência externa necessária,,
4384,5483975-50.2024.8.92.4422,07/09/2023,audiência de instrução,Dr. Melo,audiência marcada para 07/05/2026,14/08/2026,
4385,4061044-97.2023.7.99.3676,22 de julho de 2025,petição inicial,Dr. Melo,diligência externa necessária,,N
4386,6663627-76.2023.9.26.5770,2021-02-14,contestação,Dra. Fontes,diligência externa necessária,,
4387,2236315-26.2022.5.82.8939,8 de maio de 2025,despacho,Dra. Fontes,prazo para recurso: 18 dias úteis a contar da intimação,,não
4388,6476769-27.2021.5.22.2570,08/10/19,embargos de declaração,Dr. Barros,Prazo fatal: 2026-08-07,10/01/2026,1
4389,2753004-76.2021.8.83.9874,14 de abril de 2022,laudo pericial,Dr. Melo,audiência marcada para 3 de março de 2026,,S
4390,5284129-51.2020.3.32.5205,20 de março de 2022,réplica,Dr. Melo,Prazo fatal: 2026-09-16,,0
4391,7813974-60.2021.1.81.1542,01/10/22,habilitação,Dr. Melo,Prazo fatal: 21/05/2026,,1
4392,6547287-16.2023.4.15.7491,2025-04-11,habilitação,dr. melo,prazo para recurso: 27 dias úteis a contar da intimação,20 de julho de 2026,
4393,7115217-41.2025.1.67.7692,2025-02-21,despacho,Dra. Cavalcante,documentos pendentes de entrega pelo cliente,,0
4394,5788467-41.2023.8.93.8134,16 de abril de 2025,acordo extrajudicial,Dr. Melo,prazo para recurso: 29 dias úteis a contar da intimação,01/02/26,sim
4395,4563779-48.2023.2.87.9606,19/01/22,réplica,Dr. Barros,juntada de documentos realizada,2026-04-20,1
4396,4938178-62.2020.7.27.6072,2020-04-27,acordo extrajudicial,Dra. Cavalcante,audiência marcada para 02/09/26,,não
4397,5826200-20.2025.1.91.8748,2023-12-26,citação,Dr. Melo,juntada de documentos realizada,,N
4398,5703772-88.2020.8.34.6114,03/05/19,citação,DRA. CAVALCANTE,diligência externa necessária,,
4399,2545435-52.2025.3.59.7623,2021-02-19,réplica,Dr. Barros,juntada de documentos realizada,,S
4400,3754895-37.2021.6.18.8502,02/12/2025,despacho,Dra. Fontes,diligência externa necessária,,sim
4401,3054975-46.2023.4.85.5879,02/12/21,memoriais,DRA. CAVALCANTE,aguardando manifestação da parte contrária,,
4402,2966787-79.2022.1.41.9944,28 de outubro de 2021,despacho,Dra Fontes,Prazo fatal: 24 de dezembro de 2026,17/07/2026,N
4403,2186433-37.2022.2.12.4344,16/07/2021,contestação,Dr. Melo,diligência externa necessária,,1
4404,7065068-16.2021.7.14.6489,2020-01-20,intimação,Dr. Barros,,,não
4405,9168044-67.2022.1.26.3054,12/07/2024,petição inicial,Dra Fontes,documentos pendentes de entrega pelo cliente,,S
4406,9824532-76.2023.6.37.2040,30/05/2023,réplica,Dr. Melo,prazo para recurso: 24 dias úteis a contar da intimação,,0
4407,6011987-71.2020.8.10.4396,12 de maio de 2025,embargos de declaração,Dr. Melo,Prazo fatal: 2026-06-30,,
4408,5451988-41.2020.2.82.4041,05/01/2023,embargos de declaração,Dra. Cavalcante,aguardando manifestação da parte contrária,,não
4409,8735892-74.2025.8.18.9411,02/03/25,intimação,Dr. Melo,prazo para recurso: 23 dias úteis a contar da intimação,,N
4410,8886588-26.2020.9.65.6361,2021-12-19,audiência de instrução,Dr. Barros,audiência marcada para 27/04/2026,,
4411,4064382-39.2022.4.13.8937,15/01/25,audiência de instrução,Dr. Melo,prazo para recurso: 30 dias úteis a contar da intimação,,S
4412,3734843-61.2021.3.94.2954,02/06/2023,réplica,Dra Fontes,Prazo fatal: 06/06/2026,,
4413,2016341-89.2023.7.48.2724,4 de janeiro de 2024,laudo pericial,Dra. Cavalcante,prazo para recurso: 19 dias úteis a contar da intimação,,N
4414,2112478-55.2024.2.51.9095,2022-01-15,audiência de instrução,Dr. Barros,Prazo fatal: 08/04/26,,não
4415,9822459-92.2024.8.17.6403,2025-04-24,recurso de apelação,Dra. Fontes,aguardando manifestação da parte contrária,28 de novembro de 2026,1
4416,1714231-74.2025.9.71.1697,7 de junho de 2024,laudo pericial,Dr. Barros,prazo para recurso: 15 dias úteis a contar da intimação,,
4417,5483975-50.2024.8.92.4422,06/07/2023,citação,dr. melo,aguardando manifestação da parte contrária,,não
4418,8892606-62.2022.2.87.2168,23 de outubro de 2023,audiência de instrução,Dra. Cavalcante,Prazo fatal: 20/12/26,,N
4419,4417916-40.2022.7.26.4278,2 de fevereiro de 2023,embargos de declaração,dr. melo,juntada de documentos realizada,,
4420,8168054-14.2024.6.50.1232,21/08/2021,recurso de apelação,dr. melo,aguardando manifestação da parte contrária,,não
4421,5068524-45.2025.9.91.6906,23/07/2021,contestação,Dr. Melo,,20/09/26,não
4422,9060164-41.2020.5.36.2381,30 de dezembro de 2025,contestação,Dra. Fontes,,26/03/2026,S
4423,5661974-14.2020.6.39.3137,8 de setembro de 2024,réplica,Dra. Cavalcante,Prazo fatal: 2 de março de 2026,16/05/26,S
4424,5700249-43.2020.5.57.9341,08/02/2023,memoriais,Dra. Fontes,juntada de documentos realizada,,S
4425,1615190-23.2022.2.42.6238,17 de maio de 2025,memoriais,dr. melo,,29 de abril de 2026,N
4426,8368255-39.2020.9.60.4414,18/09/21,recurso de apelação,Dr. Barros,,,não
4427,2675642-32.2022.8.65.5499,2022-08-01,embargos de declaração,dr. melo,aguardando manifestação da parte contrária,,0
4428,5432782-56.2021.2.97.6240,21/06/21,agravo regimental,DRA. CAVALCANTE,audiência marcada para 2026-05-26,,
4429,9057960-29.2025.5.10.6072,2020-04-14,laudo pericial,Dr. Melo,juntada de documentos realizada,,
4430,9835331-11.2022.6.15.8602,2019-09-22,citação,dr. melo,,,1
4431,5159219-49.2023.5.25.3676,29/01/2022,laudo pericial,Dr. Barros,prazo para recurso: 18 dias úteis a contar da intimação,,S
4432,7082985-88.2022.2.94.6058,19/01/23,intimação,Dra Fontes,Prazo fatal: 27/04/26,13 de julho de 2026,0
4433,8157599-64.2024.2.89.5276,03/07/2020,citação,DRA. CAVALCANTE,audiência marcada para 20/07/2026,,
4434,8157599-64.2024.2.89.5276,15/09/25,réplica,Dr. Barros,aguardando manifestação da parte contrária,2026-08-03,S
4435,1667591-67.2025.4.69.9424,2025-03-15,despacho,Dra. Cavalcante,prazo para recurso: 10 dias úteis a contar da intimação,,
4436,9062552-47.2024.4.22.8265,28/04/2021,laudo pericial,Dr. Barros,Prazo fatal: 08/03/2026,28/09/2026,0
4437,7862554-22.2024.7.83.6459,2024-04-12,réplica,Dr. Melo,documentos pendentes de entrega pelo cliente,,N
4438,5462435-11.2024.9.85.2977,18/07/2020,acordo extrajudicial,Dra Fontes,Prazo fatal: 2026-10-24,,sim
4439,8590346-68.2020.7.63.7780,22/10/2021,habilitação,DRA. CAVALCANTE,juntada de documentos realizada,,
4440,1869144-23.2023.5.84.3325,09/02/20,petição inicial,Dr. Melo,aguardando manifestação da parte contrária,,0
4441,1445483-93.2023.1.61.7357,30/11/2025,agravo regimental,dr. melo,prazo para recurso: 14 dias úteis a contar da intimação,,sim
4442,7438163-48.2021.3.47.1186,7 de março de 2021,recurso de apelação,Dra. Fontes,audiência marcada para 16/05/2026,23 de novembro de 2026,S
4443,6096719-87.2023.1.41.6180,15/06/2020,acordo extrajudicial,Dra. Cavalcante,prazo para recurso: 10 dias úteis a contar da intimação,,não
4444,5266269-78.2021.7.59.1392,22 de setembro de 2024,memoriais,Dr. Barros,juntada de documentos realizada,,N
4445,4084503-92.2025.8.90.5515,26 de novembro de 2023,contestação,Dr. Melo,documentos pendentes de entrega pelo cliente,,1
4446,5947618-28.2023.6.53.6118,2023-05-30,despacho,DRA. CAVALCANTE,diligência externa necessária,,N
4447,7626521-25.2020.9.17.3305,2025-09-13,agravo regimental,Dr. Barros,prazo para recurso: 26 dias úteis a contar da intimação,24/08/26,N
4448,7438163-48.2021.3.47.1186,27/12/2023,contestação,DRA. CAVALCANTE,diligência externa necessária,,N
4449,6105303-92.2021.4.39.3868,7 de janeiro de 2022,petição inicial,Dr. Barros,documentos pendentes de entrega pelo cliente,,sim
4450,5786762-52.2021.9.21.3037,2024-09-13,contestação,dr. melo,Prazo fatal: 08/07/2026,11 de fevereiro de 2026,N
4451,3242098-97.2025.4.44.9916,19/06/25,embargos de declaração,Dr. Barros,prazo para recurso: 16 dias úteis a contar da intimação,,N
4452,3922248-27.2025.1.42.4047,01/12/25,laudo pericial,DRA. CAVALCANTE,diligência externa necessária,,
4453,9636371-69.2025.8.67.4068,2024-09-30,petição inicial,Dra. Fontes,juntada de documentos realizada,,1
4454,1964519-55.2020.7.58.6781,2020-02-22,despacho,Dr. Barros,juntada de documentos realizada,,sim
4455,5401874-62.2025.2.46.8337,20/03/2020,laudo pericial,Dr. Melo,Prazo fatal: 2026-09-28,,não
4456,6944389-98.2023.1.72.8245,17 de maio de 2020,agravo regimental,Dra Fontes,aguardando manifestação da parte contrária,,S
4457,3724721-44.2021.9.75.5553,26 de agosto de 2023,despacho,Dra. Cavalcante,Prazo fatal: 11/04/26,,N
4458,8892606-62.2022.2.87.2168,2022-04-21,embargos de declaração,Dra. Fontes,Prazo fatal: 09/02/26,,
4459,3248366-98.2020.5.11.6279,27/06/22,acordo extrajudicial,Dr. Barros,audiência marcada para 31/10/26,,0
4460,6663627-76.2023.9.26.5770,08/10/2024,memoriais,Dra Fontes,juntada de documentos realizada,,1
4461,6528202-89.2025.3.17.9496,13/03/21,despacho,Dra. Fontes,prazo para recurso: 24 dias úteis a contar da intimação,,1
4462,8843195-99.2024.6.39.2836,15 de março de 2019,citação,Dr. Melo,aguardando manifestação da parte contrária,,sim
4463,2490107-19.2023.9.10.7930,2 de julho de 2025,acordo extrajudicial,dr. melo,juntada de documentos realizada,9 de dezembro de 2026,N
4464,1353022-94.2023.9.79.1203,5 de julho de 2021,contestação,Dra Fontes,documentos pendentes de entrega pelo cliente,26/02/2026,sim
4465,8886588-26.2020.9.65.6361,2022-03-25,despacho,Dr. Melo,prazo para recurso: 27 dias úteis a contar da intimação,2026-04-23,N
4466,2575202-50.2023.1.54.9627,2025-05-31,petição inicial,DRA. CAVALCANTE,,,sim
4467,3263740-44.2022.3.81.5402,14 de novembro de 2019,recurso de apelação,Dr. Barros,Prazo fatal: 17/06/2026,,1
4468,7999133-20.2023.7.26.1121,09/07/22,petição inicial,Dr. Barros,audiência marcada para 2026-09-16,2026-12-12,não
4469,6686912-30.2025.4.68.7078,20/07/21,agravo regimental,Dr. Barros,audiência marcada para 03/09/2026,,S
4470,5266269-78.2021.7.59.1392,06/12/2021,intimação,Dra. Cavalcante,audiência marcada para 23/06/26,17/04/26,
4471,6404948-40.2021.7.68.7161,2026-02-05,memoriais,DRA. CAVALCANTE,documentos pendentes de entrega pelo cliente,2 de junho de 2026,0
4472,1931030-34.2024.8.48.5319,16 de abril de 2020,audiência de instrução,Dra. Fontes,documentos pendentes de entrega pelo cliente,,S
4473,8168450-48.2020.2.65.4570,11/09/22,intimação,dr. melo,,,S
4474,3924425-56.2021.9.58.2912,30/07/2020,petição inicial,Dra Fontes,audiência marcada para 11/11/2026,,
4475,1664676-19.2021.8.64.4616,13/07/20,despacho,Dr. Melo,aguardando manifestação da parte contrária,,N
4476,4874996-38.2022.9.94.8154,25/01/2023,contestação,dr. melo,audiência marcada para 2026-06-21,,não
4477,5661974-14.2020.6.39.3137,15 de maio de 2024,contestação,Dra. Cavalcante,audiência marcada para 2026-03-15,,N
4478,5947618-28.2023.6.53.6118,2020-11-22,despacho,Dr. Barros,diligência externa necessária,,
4479,4568537-97.2021.4.82.7633,2022-09-27,despacho,Dr. Melo,audiência marcada para 23 de março de 2026,,N
4480,9060164-41.2020.5.36.2381,3 de outubro de 2024,recurso de apelação,Dra Fontes,documentos pendentes de entrega pelo cliente,,sim
4481,4874996-38.2022.9.94.8154,17/03/25,réplica,dr. melo,,,S
4482,5660649-86.2020.5.86.9291,29/04/2022,habilitação,Dr. Barros,prazo para recurso: 13 dias úteis a contar da intimação,,0
4483,7941836-76.2025.4.34.6543,2024-04-07,agravo regimental,Dra Fontes,,,S
4484,3376786-12.2020.7.64.5093,09/01/2023,laudo pericial,Dra. Fontes,audiência marcada para 2026-03-19,18/03/2026,
4485,2884639-86.2023.2.31.8737,17 de maio de 2024,sentença,Dr. Barros,prazo para recurso: 19 dias úteis a contar da intimação,,
4486,3510061-32.2020.9.13.4424,2020-02-14,contestação,Dra. Fontes,,,1
4487,3306375-34.2024.9.48.9154,2025-08-12,laudo pericial,Dra. Cavalcante,prazo para recurso: 24 dias úteis a contar da intimação,,sim
4488,5700249-43.2020.5.57.9341,2022-08-09,citação,Dr. Barros,prazo para recurso: 27 dias úteis a contar da intimação,2026-10-16,N
4489,7892487-80.2022.9.64.5036,2025-01-08,habilitação,Dr. Melo,Prazo fatal: 27/04/2026,04/01/26,N
4490,3260101-88.2022.8.37.9169,08/04/2020,agravo regimental,DRA. CAVALCANTE,,,
4491,9302979-43.2025.9.68.7487,2022-06-22,intimação,Dr. Barros,aguardando manifestação da parte contrária,,sim
4492,1784068-27.2021.3.12.2538,2026-01-25,intimação,Dra Fontes,diligência externa necessária,,sim
4493,2129757-49.2025.4.14.5657,2019-02-11,sentença,Dr. Melo,aguardando manifestação da parte contrária,,1
4494,3710559-31.2020.9.95.2540,08/03/24,intimação,Dr. Barros,audiência marcada para 27/11/2026,12 de fevereiro de 2026,sim
4495,2341370-92.2024.9.60.8122,2021-06-06,réplica,Dra. Cavalcante,,,
4496,3376786-12.2020.7.64.5093,22/02/26,acordo extrajudicial,Dra Fontes,diligência externa necessária,18/09/26,sim
4497,7848147-32.2021.6.58.3528,23/11/25,memoriais,Dr. Barros,prazo para recurso: 13 dias úteis a contar da intimação,,N
4498,3510061-32.2020.9.13.4424,2 de novembro de 2022,agravo regimental,Dra. Cavalcante,documentos pendentes de entrega pelo cliente,,N
4499,5483975-50.2024.8.92.4422,29/11/2025,memoriais,Dra Fontes,,,N
4500,5991409-16.2021.8.44.1303,02/10/2025,audiência de instrução,Dr. Barros,aguardando manifestação da parte contrária,,não
4501,6953559-38.2025.7.42.9212,2023-03-13,sentença,Dra. Fontes,diligência externa necessária,,1
4502,9060164-41.2020.5.36.2381,12/04/24,agravo regimental,Dra Fontes,diligência externa necessária,,N
4503,7979033-26.2021.6.18.1084,22 de dezembro de 2020,sentença,Dra. Cavalcante,,,S
4504,4433355-55.2023.8.48.9346,6 de abril de 2022,laudo pericial,Dra. Fontes,audiência marcada para 8 de julho de 2026,,N
4505,2895065-46.2022.7.67.1438,08/12/23,contestação,Dr. Barros,documentos pendentes de entrega pelo cliente,,sim
4506,5755257-93.2020.8.44.2882,13/09/20,petição inicial,Dra Fontes,Prazo fatal: 18 de setembro de 2026,,0
4507,9804642-71.2024.4.76.5486,2023-07-31,despacho,Dra. Cavalcante,aguardando manifestação da parte contrária,28/04/26,S
4508,9062552-47.2024.4.22.8265,13/01/23,memoriais,DRA. CAVALCANTE,Prazo fatal: 2026-07-27,,N
4509,3588109-63.2023.1.26.4223,2 de setembro de 2020,habilitação,Dr. Barros,audiência marcada para 05/04/26,20/04/2026,não
4510,9953454-93.2020.2.52.5723,2022-02-12,acordo extrajudicial,dr. melo,aguardando manifestação da parte contrária,,0
4511,1445483-93.2023.1.61.7357,14/06/24,citação,DRA. CAVALCANTE,aguardando manifestação da parte contrária,,não
4512,8986773-71.2022.6.45.5854,26/05/22,laudo pericial,Dr. Barros,diligência externa necessária,,0
4513,2480014-80.2024.2.29.9847,16 de abril de 2026,intimação,DRA. CAVALCANTE,diligência externa necessária,,
4514,2461262-96.2021.6.48.1315,26 de novembro de 2024,audiência de instrução,DRA. CAVALCANTE,audiência marcada para 19/09/2026,2026-05-21,
4515,7786207-82.2024.2.92.5696,20/09/23,intimação,DRA. CAVALCANTE,,,sim
4516,5210656-44.2021.1.39.2474,09/01/2024,embargos de declaração,Dr. Barros,prazo para recurso: 14 dias úteis a contar da intimação,,sim
4517,6445422-21.2020.5.39.8096,2022-04-14,intimação,Dra. Fontes,documentos pendentes de entrega pelo cliente,,0
4518,4584224-94.2025.2.57.2511,26/03/23,despacho,Dra. Fontes,juntada de documentos realizada,,não
4519,4493339-70.2021.7.17.8725,2019-10-10,recurso de apelação,Dra. Fontes,documentos pendentes de entrega pelo cliente,,N
4520,7820540-78.2023.1.75.4823,14/07/2020,despacho,Dra. Fontes,Prazo fatal: 2026-08-13,2026-01-12,1
4521,8843195-99.2024.6.39.2836,16/01/20,agravo regimental,Dra. Cavalcante,,2026-02-01,0
4522,3588109-63.2023.1.26.4223,09/01/2026,contestação,Dr. Barros,diligência externa necessária,2 de novembro de 2026,1
4523,5753123-52.2021.4.48.4042,15 de agosto de 2020,petição inicial,Dra. Cavalcante,diligência externa necessária,,N
4524,7951127-89.2024.1.63.3502,29 de outubro de 2020,acordo extrajudicial,Dr. Barros,diligência externa necessária,2026-06-18,S
4525,1098476-20.2021.1.47.3336,21/05/19,agravo regimental,DRA. CAVALCANTE,prazo para recurso: 5 dias úteis a contar da intimação,,S
4526,9489806-94.2021.2.55.9162,7 de setembro de 2025,memoriais,Dra Fontes,diligência externa necessária,,0
4527,6418382-43.2020.8.63.9133,19 de janeiro de 2023,intimação,Dr. Barros,Prazo fatal: 13 de setembro de 2026,16/08/26,S
4528,4433355-55.2023.8.48.9346,21/01/26,recurso de apelação,DRA. CAVALCANTE,documentos pendentes de entrega pelo cliente,,0
4529,5753123-52.2021.4.48.4042,1 de fevereiro de 2024,citação,Dra. Fontes,aguardando manifestação da parte contrária,26 de fevereiro de 2026,não
4530,2545435-52.2025.3.59.7623,2 de novembro de 2021,audiência de instrução,Dra. Fontes,aguardando manifestação da parte contrária,,
4531,4563779-48.2023.2.87.9606,10/01/2020,petição inicial,Dr. Melo,prazo para recurso: 9 dias úteis a contar da intimação,,N
4532,6416661-36.2021.8.21.8496,25/03/2024,habilitação,Dra. Fontes,prazo para recurso: 25 dias úteis a contar da intimação,01/05/26,0
4533,2658962-39.2022.5.95.8856,2021-03-29,sentença,Dr. Melo,documentos pendentes de entrega pelo cliente,,não
4534,3505690-87.2020.8.52.6260,07/08/22,despacho,dr. melo,,,sim
4535,9898363-27.2020.4.89.2966,23/02/20,réplica,dr. melo,diligência externa necessária,05/08/26,sim
4536,4061044-97.2023.7.99.3676,2025-11-05,agravo regimental,Dra. Fontes,,,1
4537,2129757-49.2025.4.14.5657,19 de fevereiro de 2022,agravo regimental,Dr. Barros,documentos pendentes de entrega pelo cliente,,N
4538,5035093-45.2021.1.27.3097,12/08/24,sentença,Dra Fontes,prazo para recurso: 25 dias úteis a contar da intimação,16/05/26,1
4539,6260319-38.2024.8.96.1114,2024-10-31,contestação,Dra. Cavalcante,documentos pendentes de entrega pelo cliente,2026-08-28,sim
4540,1116024-57.2025.8.16.4043,2025-06-18,citação,DRA. CAVALCANTE,juntada de documentos realizada,2026-07-23,
4541,7136189-41.2024.2.60.1768,2019-12-17,despacho,Dr. Barros,juntada de documentos realizada,,0
4542,7271178-97.2023.5.84.4243,10/12/2025,agravo regimental,Dr. Barros,aguardando manifestação da parte contrária,26/08/26,
4543,9252661-70.2020.1.46.1185,22/12/22,memoriais,dr. melo,aguardando manifestação da parte contrária,2026-03-01,1
4544,1101935-78.2023.5.88.5299,2020-11-25,sentença,Dr. Barros,aguardando manifestação da parte contrária,,não
4545,8168054-14.2024.6.50.1232,05/07/2022,agravo regimental,Dra. Fontes,audiência marcada para 09/05/26,,0
4546,4417916-40.2022.7.26.4278,2021-12-15,memoriais,Dr. Barros,documentos pendentes de entrega pelo cliente,,1
4547,9425559-65.2022.6.99.1309,2023-07-19,acordo extrajudicial,dr. melo,,06/10/26,
4548,5438623-45.2022.4.51.7250,21/11/2020,despacho,dr. melo,juntada de documentos realizada,,N
4549,8215015-64.2021.5.32.1893,28/02/2026,réplica,DRA. CAVALCANTE,prazo para recurso: 28 dias úteis a contar da intimação,,S
4550,6018860-77.2022.1.94.1315,17/07/20,petição inicial,Dra Fontes,Prazo fatal: 2026-06-02,,S
4551,7951127-89.2024.1.63.3502,2023-07-24,audiência de instrução,DRA. CAVALCANTE,aguardando manifestação da parte contrária,,não
4552,4092125-65.2025.3.26.9073,30/12/2022,intimação,dr. melo,Prazo fatal: 11/03/26,,N
4553,6003915-30.2025.6.37.7681,12 de junho de 2020,petição inicial,Dr. Melo,diligência externa necessária,,não
4554,7419280-60.2021.1.40.9417,2020-12-24,laudo pericial,DRA. CAVALCANTE,juntada de documentos realizada,,0
4555,8286382-50.2025.4.53.4414,18 de agosto de 2021,habilitação,Dr. Melo,juntada de documentos realizada,2026-11-19,sim
4556,8905709-90.2020.9.55.2471,23/01/19,laudo pericial,Dr. Melo,,,sim
4557,8886588-26.2020.9.65.6361,21 de junho de 2021,habilitação,DRA. CAVALCANTE,juntada de documentos realizada,02/06/2026,
4558,3585301-47.2021.7.73.3469,5 de julho de 2020,laudo pericial,Dr. Melo,prazo para recurso: 19 dias úteis a contar da intimação,,0
4559,6935346-77.2024.3.52.9529,20/02/24,contestação,Dr. Barros,juntada de documentos realizada,,sim
4560,4384627-80.2021.2.13.1061,27 de abril de 2026,contestação,Dr. Barros,,27/06/2026,não
4561,6105303-92.2021.4.39.3868,16/07/25,laudo pericial,Dr. Barros,juntada de documentos realizada,,1
4562,4865461-96.2025.2.64.9143,06/09/2020,contestação,dr. melo,aguardando manifestação da parte contrária,,N
4563,1116024-57.2025.8.16.4043,14/03/2023,audiência de instrução,Dra Fontes,aguardando manifestação da parte contrária,7 de outubro de 2026,
4564,1024421-54.2022.9.20.2563,18 de janeiro de 2021,contestação,Dr. Melo,audiência marcada para 14 de setembro de 2026,,S
4565,3924425-56.2021.9.58.2912,7 de julho de 2022,intimação,Dra. Fontes,juntada de documentos realizada,,
4566,8183950-10.2021.5.84.9388,2021-07-16,memoriais,Dra Fontes,aguardando manifestação da parte contrária,,S
4567,3263740-44.2022.3.81.5402,02/10/2025,réplica,Dra. Cavalcante,Prazo fatal: 2026-12-08,,N
4568,8655267-17.2025.3.63.4188,2020-01-15,memoriais,Dr. Barros,diligência externa necessária,2026-05-10,sim
4569,2461262-96.2021.6.48.1315,2025-06-07,agravo regimental,Dr. Barros,documentos pendentes de entrega pelo cliente,,N
4570,7222167-30.2022.8.44.7452,10/06/2020,acordo extrajudicial,DRA. CAVALCANTE,Prazo fatal: 12 de fevereiro de 2026,,não
4571,3879233-61.2024.5.30.1494,9 de agosto de 2025,acordo extrajudicial,Dra. Fontes,diligência externa necessária,,N
4572,9636371-69.2025.8.67.4068,2025-09-30,laudo pericial,Dr. Barros,prazo para recurso: 19 dias úteis a contar da intimação,2026-03-22,1
4573,4140100-24.2024.4.63.7178,11/03/24,intimação,Dr. Barros,juntada de documentos realizada,17 de novembro de 2026,N
4574,5451988-41.2020.2.82.4041,17 de outubro de 2025,habilitação,Dr. Barros,aguardando manifestação da parte contrária,,S
4575,1974389-81.2024.5.57.9354,23 de julho de 2024,laudo pericial,Dra Fontes,juntada de documentos realizada,27/12/26,N
4576,1714231-74.2025.9.71.1697,04/12/23,réplica,dr. melo,prazo para recurso: 8 dias úteis a contar da intimação,,não
4577,1714231-74.2025.9.71.1697,2023-04-29,citação,Dra. Fontes,audiência marcada para 26 de setembro de 2026,23 de março de 2026,
4578,5422047-80.2024.8.62.4364,26/05/25,contestação,Dra. Fontes,documentos pendentes de entrega pelo cliente,,0
4579,5753123-52.2021.4.48.4042,12 de junho de 2025,intimação,Dr. Barros,Prazo fatal: 2026-05-04,,S
4580,5274951-77.2021.1.76.5120,27 de setembro de 2023,sentença,Dr. Melo,prazo para recurso: 26 dias úteis a contar da intimação,,não
4581,6036037-32.2025.3.53.7515,22/03/2024,audiência de instrução,Dr. Barros,documentos pendentes de entrega pelo cliente,,0
4582,5700249-43.2020.5.57.9341,17 de maio de 2022,sentença,DRA. CAVALCANTE,documentos pendentes de entrega pelo cliente,,não
4583,9071705-28.2021.9.78.4746,06/03/21,petição inicial,DRA. CAVALCANTE,aguardando manifestação da parte contrária,,S
4584,2869625-86.2025.7.14.5837,30/01/2022,embargos de declaração,Dra Fontes,aguardando manifestação da parte contrária,,
4585,9498791-62.2022.6.73.9564,23/11/23,habilitação,Dr. Melo,aguardando manifestação da parte contrária,2026-10-22,1
4586,9071705-28.2021.9.78.4746,2023-04-22,laudo pericial,Dr. Melo,prazo para recurso: 19 dias úteis a contar da intimação,,sim
4587,9686751-57.2022.7.62.3494,2021-09-22,contestação,Dra Fontes,Prazo fatal: 2026-12-10,14/11/2026,1
4588,3750497-13.2024.6.65.9009,03/05/2025,citação,Dr. Melo,documentos pendentes de entrega pelo cliente,,não
4589,8368255-39.2020.9.60.4414,09/04/2025,habilitação,dr. melo,Prazo fatal: 12 de maio de 2026,,
4590,2186433-37.2022.2.12.4344,31/12/2022,contestação,Dra Fontes,aguardando manifestação da parte contrária,,S
4591,7862554-22.2024.7.83.6459,09/03/2022,despacho,Dr. Barros,,,N
4592,8655267-17.2025.3.63.4188,2026-03-05,sentença,Dr. Melo,juntada de documentos realizada,,não
4593,1557680-16.2021.4.16.4031,2021-09-09,petição inicial,Dr. Melo,aguardando manifestação da parte contrária,2026-03-30,S
4594,9110060-16.2025.2.29.4716,28 de fevereiro de 2020,embargos de declaração,Dr. Barros,Prazo fatal: 14/04/26,,N
4595,4824419-32.2024.5.47.3265,12 de outubro de 2020,recurso de apelação,DRA. CAVALCANTE,prazo para recurso: 18 dias úteis a contar da intimação,,0
4596,7840442-26.2025.9.53.5093,06/04/24,réplica,Dra. Fontes,documentos pendentes de entrega pelo cliente,,N
4597,2129757-49.2025.4.14.5657,27/05/2025,habilitação,Dr. Barros,juntada de documentos realizada,,N
4598,4893809-11.2021.7.19.9759,25 de abril de 2020,audiência de instrução,Dra Fontes,audiência marcada para 03/10/26,,não
4599,4202942-75.2025.6.91.7611,11/04/24,contestação,Dr. Barros,documentos pendentes de entrega pelo cliente,26/10/2026,0
4600,9970343-38.2020.5.18.4483,16/01/22,citação,Dr. Barros,audiência marcada para 25/03/2026,,
4601,7786207-82.2024.2.92.5696,03/10/23,citação,Dr. Melo,documentos pendentes de entrega pelo cliente,03/09/26,0
4602,1311508-84.2020.3.38.8512,13 de outubro de 2025,habilitação,DRA. CAVALCANTE,Prazo fatal: 29/03/2026,,
4603,3766710-17.2025.4.91.1472,2026-02-10,acordo extrajudicial,dr. melo,juntada de documentos realizada,,sim
4604,9686751-57.2022.7.62.3494,30/11/2020,petição inicial,Dr. Barros,audiência marcada para 25/03/26,,não
4605,9062552-47.2024.4.22.8265,24 de outubro de 2020,intimação,dr. melo,prazo para recurso: 18 dias úteis a contar da intimação,03/08/2026,1
4606,2019436-32.2020.6.16.9856,23 de abril de 2023,memoriais,Dr. Barros,juntada de documentos realizada,,N
4607,8183950-10.2021.5.84.9388,2020-12-19,laudo pericial,DRA. CAVALCANTE,Prazo fatal: 18/08/2026,,0
4608,1757615-27.2025.7.10.3762,2024-09-04,laudo pericial,dr. melo,juntada de documentos realizada,,N
4609,4601686-30.2021.5.52.7745,15 de agosto de 2021,agravo regimental,Dra Fontes,aguardando manifestação da parte contrária,,não
4610,2231929-89.2024.6.41.5461,22/09/2025,laudo pericial,Dra Fontes,aguardando manifestação da parte contrária,26/08/26,S
4611,1676369-34.2022.3.47.6087,23/02/21,petição inicial,Dra Fontes,juntada de documentos realizada,09/11/2026,
4612,6524227-53.2025.1.97.6214,14/03/25,acordo extrajudicial,Dra. Fontes,Prazo fatal: 2026-06-02,,S
4613,9168044-67.2022.1.26.3054,11 de novembro de 2019,audiência de instrução,Dra. Cavalcante,juntada de documentos realizada,,S
4614,2341370-92.2024.9.60.8122,28/01/22,contestação,DRA. CAVALCANTE,aguardando manifestação da parte contrária,,não
4615,1438459-62.2020.7.78.3410,2024-12-19,agravo regimental,Dra. Cavalcante,documentos pendentes de entrega pelo cliente,26/09/2026,
4616,5210656-44.2021.1.39.2474,02/12/2019,petição inicial,Dr. Barros,audiência marcada para 24/08/2026,,não
4617,7486029-45.2024.4.25.3159,24/07/23,petição inicial,Dr. Melo,prazo para recurso: 30 dias úteis a contar da intimação,19/06/26,
4618,7765112-69.2024.9.62.5648,2021-05-05,audiência de instrução,Dra. Cavalcante,prazo para recurso: 17 dias úteis a contar da intimação,,S
4619,2316290-44.2022.7.34.5190,01/05/24,citação,Dr. Barros,Prazo fatal: 24/04/26,,S
4620,7515318-25.2024.4.34.6280,04/07/2021,petição inicial,Dra. Cavalcante,aguardando manifestação da parte contrária,,
4621,6018860-77.2022.1.94.1315,26/08/22,réplica,Dra. Fontes,Prazo fatal: 17/07/2026,,S
4622,9835331-11.2022.6.15.8602,2021-12-09,audiência de instrução,Dr. Barros,juntada de documentos realizada,,sim
4623,9798556-59.2021.3.62.3110,28/01/20,sentença,Dr. Barros,diligência externa necessária,12/12/2026,sim
4624,5631823-61.2020.5.47.1440,21 de maio de 2022,habilitação,Dr. Barros,juntada de documentos realizada,2026-07-04,S
4625,7274275-74.2020.1.22.9780,9 de abril de 2022,acordo extrajudicial,Dra. Fontes,diligência externa necessária,,
4626,6384831-67.2022.5.89.7429,2025-04-19,intimação,Dr. Barros,documentos pendentes de entrega pelo cliente,,N
4627,5991409-16.2021.8.44.1303,11/03/25,acordo extrajudicial,DRA. CAVALCANTE,Prazo fatal: 24/05/2026,22/11/2026,
4628,9636371-69.2025.8.67.4068,15 de janeiro de 2026,recurso de apelação,dr. melo,aguardando manifestação da parte contrária,,não
4629,1346701-74.2024.1.65.8985,2023-06-24,petição inicial,Dra. Fontes,audiência marcada para 06/08/2026,,1
4630,8323566-47.2021.3.26.4644,11/02/20,memoriais,Dr. Melo,audiência marcada para 31/05/2026,10/02/26,
4631,6003915-30.2025.6.37.7681,2023-05-16,sentença,Dr. Barros,Prazo fatal: 2026-01-20,,
4632,2895065-46.2022.7.67.1438,2023-11-30,petição inicial,Dr. Barros,prazo para recurso: 8 dias úteis a contar da intimação,,sim
4633,5274951-77.2021.1.76.5120,27/07/2024,recurso de apelação,Dra Fontes,documentos pendentes de entrega pelo cliente,15 de janeiro de 2026,0
4634,3975387-89.2023.4.55.7631,18/12/20,sentença,Dr. Barros,Prazo fatal: 04/11/2026,6 de novembro de 2026,1
4635,8936104-83.2022.1.39.7934,14/04/22,recurso de apelação,Dra. Cavalcante,diligência externa necessária,,não
4636,5266269-78.2021.7.59.1392,2025-01-09,acordo extrajudicial,Dra Fontes,audiência marcada para 2026-06-26,,1
4637,1013314-48.2023.4.39.2083,25/05/24,réplica,Dr. Melo,aguardando manifestação da parte contrária,,não
4638,8843990-84.2020.6.68.3017,30/05/2024,contestação,dr. melo,audiência marcada para 07/04/26,,não
4639,4384627-80.2021.2.13.1061,13/01/24,laudo pericial,Dr. Barros,Prazo fatal: 2026-01-10,,N
4640,3168718-77.2025.2.92.8027,2023-03-10,embargos de declaração,DRA. CAVALCANTE,,,S
4641,6953559-38.2025.7.42.9212,1 de novembro de 2020,audiência de instrução,DRA. CAVALCANTE,documentos pendentes de entrega pelo cliente,18/09/26,0
4642,5545511-73.2023.1.66.9757,2022-12-16,audiência de instrução,Dr. Barros,documentos pendentes de entrega pelo cliente,,S
4643,1664676-19.2021.8.64.4616,2021-10-21,embargos de declaração,Dr. Barros,documentos pendentes de entrega pelo cliente,,
4644,5753123-52.2021.4.48.4042,11/03/20,petição inicial,Dr. Melo,documentos pendentes de entrega pelo cliente,,S
4645,3975387-89.2023.4.55.7631,30/03/2024,contestação,Dr. Barros,documentos pendentes de entrega pelo cliente,,0
4646,8607512-63.2021.6.82.1039,07/07/2023,sentença,DRA. CAVALCANTE,aguardando manifestação da parte contrária,13 de fevereiro de 2026,N
4647,5826200-20.2025.1.91.8748,07/08/23,réplica,Dra Fontes,prazo para recurso: 9 dias úteis a contar da intimação,,
4648,5401874-62.2025.2.46.8337,27/04/23,embargos de declaração,Dra. Fontes,prazo para recurso: 13 dias úteis a contar da intimação,,1
4649,7245951-43.2021.4.11.7623,2022-11-28,laudo pericial,Dra. Fontes,prazo para recurso: 18 dias úteis a contar da intimação,31 de dezembro de 2026,
4650,7398699-88.2025.6.55.3587,05/01/25,réplica,Dra Fontes,prazo para recurso: 24 dias úteis a contar da intimação,,1
4651,4452862-76.2021.3.27.3238,2026-01-24,laudo pericial,DRA. CAVALCANTE,juntada de documentos realizada,,0
4652,9302979-43.2025.9.68.7487,07/04/20,contestação,Dr. Barros,prazo para recurso: 13 dias úteis a contar da intimação,,S
4653,8816646-78.2020.7.70.9224,1 de julho de 2020,audiência de instrução,Dra Fontes,prazo para recurso: 21 dias úteis a contar da intimação,,não
4654,4865461-96.2025.2.64.9143,19/03/25,despacho,Dr. Melo,Prazo fatal: 13/07/2026,2026-08-05,
4655,1742202-63.2023.6.68.9372,06/05/24,contestação,dr. melo,documentos pendentes de entrega pelo cliente,03/03/26,1
4656,9057219-99.2020.9.96.3254,2020-05-13,réplica,Dr. Barros,Prazo fatal: 3 de dezembro de 2026,,0
4657,8306601-19.2020.3.50.7457,6 de outubro de 2022,petição inicial,dr. melo,Prazo fatal: 31/03/26,09/09/26,0
4658,5660649-86.2020.5.86.9291,24/06/2023,acordo extrajudicial,Dra. Cavalcante,aguardando manifestação da parte contrária,,sim
4659,6445422-21.2020.5.39.8096,02/01/23,contestação,DRA. CAVALCANTE,prazo para recurso: 30 dias úteis a contar da intimação,,não
4660,7599278-46.2021.4.96.3535,24/07/2025,embargos de declaração,Dr. Barros,aguardando manifestação da parte contrária,,sim
4661,5953905-94.2022.5.44.3245,2023-03-31,contestação,Dr. Melo,documentos pendentes de entrega pelo cliente,,S
4662,8843195-99.2024.6.39.2836,2022-06-22,réplica,Dra. Fontes,diligência externa necessária,,
4663,1784068-27.2021.3.12.2538,16/04/2026,réplica,Dra. Cavalcante,juntada de documentos realizada,21 de novembro de 2026,não
4664,4681694-71.2021.9.28.7350,12/11/21,petição inicial,Dra. Fontes,diligência externa necessária,18/05/26,sim
4665,6018860-77.2022.1.94.1315,2025-02-06,sentença,dr. melo,audiência marcada para 2026-09-22,,S
4666,2292432-35.2025.5.83.7063,10/08/19,petição inicial,DRA. CAVALCANTE,juntada de documentos realizada,,N
4667,9408522-77.2021.3.36.8376,31/10/22,habilitação,dr. melo,aguardando manifestação da parte contrária,7 de julho de 2026,S
4668,6339266-27.2025.5.15.6766,29/04/2022,réplica,DRA. CAVALCANTE,,,não
4669,8381610-96.2020.6.26.2533,24/04/24,memoriais,dr. melo,Prazo fatal: 29/01/2026,21 de maio de 2026,S
4670,5112941-62.2021.1.89.5887,2023-06-17,despacho,dr. melo,audiência marcada para 18/03/26,2026-11-02,não
4671,2966787-79.2022.1.41.9944,06/05/2021,recurso de apelação,DRA. CAVALCANTE,audiência marcada para 03/10/26,,sim
4672,3242098-97.2025.4.44.9916,24 de junho de 2023,sentença,Dr. Melo,Prazo fatal: 10 de novembro de 2026,21/04/2026,
4673,2118934-75.2023.5.97.9563,2024-07-18,contestação,Dr. Barros,,2026-09-02,sim
4674,6865513-17.2021.7.21.3938,26 de maio de 2020,citação,Dra. Cavalcante,aguardando manifestação da parte contrária,2026-06-18,não
4675,5124342-11.2025.5.50.6107,20 de março de 2026,sentença,Dr. Melo,diligência externa necessária,,1
4676,1438459-62.2020.7.78.3410,15 de março de 2019,sentença,Dra. Cavalcante,documentos pendentes de entrega pelo cliente,20/07/26,N
4677,8816646-78.2020.7.70.9224,2024-02-22,embargos de declaração,Dra. Cavalcante,juntada de documentos realizada,10/10/2026,
4678,6053412-12.2021.6.72.8346,12/04/2021,acordo extrajudicial,dr. melo,juntada de documentos realizada,,0
4679,9302979-43.2025.9.68.7487,2022-12-10,acordo extrajudicial,dr. melo,,,S
4680,5733649-38.2020.2.35.3379,08/08/21,recurso de apelação,Dra. Fontes,documentos pendentes de entrega pelo cliente,,
4681,6404948-40.2021.7.68.7161,2022-06-17,acordo extrajudicial,Dr. Barros,Prazo fatal: 23 de julho de 2026,,
4682,7862554-22.2024.7.83.6459,14/11/21,laudo pericial,Dr. Barros,prazo para recurso: 17 dias úteis a contar da intimação,02/11/2026,sim
4683,1237577-83.2022.8.91.4649,27/02/2026,contestação,Dra. Cavalcante,juntada de documentos realizada,,1
4684,7626521-25.2020.9.17.3305,3 de junho de 2025,sentença,DRA. CAVALCANTE,documentos pendentes de entrega pelo cliente,,S
4685,6779292-61.2021.4.86.2783,23/05/24,citação,Dr. Barros,aguardando manifestação da parte contrária,,0
4686,6476769-27.2021.5.22.2570,27 de junho de 2024,memoriais,Dr. Barros,diligência externa necessária,,1
4687,5159882-37.2022.9.71.7550,05/05/2024,petição inicial,Dr. Barros,audiência marcada para 27/07/26,,1
4688,4584224-94.2025.2.57.2511,13 de outubro de 2020,petição inicial,Dra. Cavalcante,juntada de documentos realizada,,0
4689,5159219-49.2023.5.25.3676,03/04/26,acordo extrajudicial,Dra. Cavalcante,diligência externa necessária,,sim
4690,6384831-67.2022.5.89.7429,24 de setembro de 2025,memoriais,dr. melo,audiência marcada para 3 de junho de 2026,,S
4691,5239450-56.2022.7.99.2371,05/08/22,citação,DRA. CAVALCANTE,diligência externa necessária,2026-07-29,sim
4692,9060164-41.2020.5.36.2381,31 de janeiro de 2020,citação,Dr. Barros,audiência marcada para 15 de dezembro de 2026,01/02/2026,
4693,6036037-32.2025.3.53.7515,9 de março de 2025,réplica,dr. melo,aguardando manifestação da parte contrária,,sim
4694,2675642-32.2022.8.65.5499,2 de dezembro de 2024,contestação,Dra Fontes,juntada de documentos realizada,,não
4695,6160516-66.2024.5.17.7150,10/12/20,intimação,Dra Fontes,audiência marcada para 2026-03-23,,N
4696,4938178-62.2020.7.27.6072,2025-11-07,réplica,Dra. Cavalcante,prazo para recurso: 23 dias úteis a contar da intimação,,não
4697,7786207-82.2024.2.92.5696,02/06/2022,sentença,DRA. CAVALCANTE,diligência externa necessária,19/10/26,
4698,1165147-13.2020.2.47.5874,17 de setembro de 2021,agravo regimental,Dra. Cavalcante,audiência marcada para 6 de abril de 2026,,S
4699,1615190-23.2022.2.42.6238,23/01/2020,intimação,dr. melo,prazo para recurso: 11 dias úteis a contar da intimação,,0
4700,6686912-30.2025.4.68.7078,2021-10-21,intimação,Dra Fontes,aguardando manifestação da parte contrária,,sim
4701,4433355-55.2023.8.48.9346,23 de janeiro de 2026,audiência de instrução,Dr. Barros,documentos pendentes de entrega pelo cliente,09/08/2026,
4702,4768255-51.2022.4.94.5695,2024-10-18,embargos de declaração,dr. melo,Prazo fatal: 24/05/2026,,1
4703,2112478-55.2024.2.51.9095,2025-08-13,habilitação,Dr. Barros,,2026-05-28,1
4704,4417916-40.2022.7.26.4278,09/03/2020,memoriais,Dra. Cavalcante,documentos pendentes de entrega pelo cliente,,N
4705,4494463-44.2022.5.80.7542,2025-06-19,acordo extrajudicial,Dr. Barros,juntada de documentos realizada,,
4706,5545511-73.2023.1.66.9757,2025-08-20,agravo regimental,Dra. Fontes,diligência externa necessária,,S
4707,5239450-56.2022.7.99.2371,17/10/22,contestação,Dr. Melo,juntada de documentos realizada,26/08/26,sim
4708,7848147-32.2021.6.58.3528,2 de janeiro de 2022,habilitação,Dra. Fontes,juntada de documentos realizada,,N
4709,8368255-39.2020.9.60.4414,2 de setembro de 2025,petição inicial,Dra Fontes,audiência marcada para 27 de agosto de 2026,,N
4710,5901155-82.2023.2.89.7717,2022-10-27,habilitação,Dra Fontes,documentos pendentes de entrega pelo cliente,,
4711,1311508-84.2020.3.38.8512,28/09/2021,recurso de apelação,Dr. Barros,aguardando manifestação da parte contrária,,N
4712,5867457-18.2023.9.16.7298,11/10/20,memoriais,Dra. Fontes,aguardando manifestação da parte contrária,,
4713,5438623-45.2022.4.51.7250,11 de dezembro de 2023,contestação,Dra. Cavalcante,prazo para recurso: 11 dias úteis a contar da intimação,21/03/26,0
4714,4229107-99.2020.7.61.3978,05/07/2023,habilitação,Dr. Melo,,05/07/26,N
4715,7245951-43.2021.4.11.7623,10/04/2021,recurso de apelação,Dr. Melo,diligência externa necessária,,N
4716,6160516-66.2024.5.17.7150,2026-04-03,réplica,dr. melo,documentos pendentes de entrega pelo cliente,8 de outubro de 2026,S
4717,4510407-23.2020.5.18.6055,3 de novembro de 2023,despacho,Dr. Barros,prazo para recurso: 6 dias úteis a contar da intimação,2026-06-26,0
4718,9774395-92.2023.2.75.3192,19 de janeiro de 2026,laudo pericial,Dra Fontes,,,1
4719,9108785-98.2021.3.78.6687,09/10/23,acordo extrajudicial,Dra Fontes,audiência marcada para 29/03/26,2026-01-20,S
4720,7245951-43.2021.4.11.7623,03/03/2022,citação,Dr. Barros,,31/07/2026,0
4721,8157599-64.2024.2.89.5276,10/06/23,petição inicial,DRA. CAVALCANTE,audiência marcada para 2026-10-25,21/07/2026,
4722,4314934-26.2021.7.14.7244,30 de março de 2025,sentença,dr. melo,,,não
4723,3542616-60.2022.3.87.6536,20/02/2024,sentença,Dra Fontes,prazo para recurso: 12 dias úteis a contar da intimação,20/07/26,0
4724,5210656-44.2021.1.39.2474,17/09/19,sentença,Dr. Barros,,,
4725,4415624-13.2024.9.14.9480,14/01/22,acordo extrajudicial,Dr. Barros,diligência externa necessária,,sim
4726,1714231-74.2025.9.71.1697,10/07/2022,petição inicial,Dr. Barros,Prazo fatal: 15/03/26,2026-04-03,S
4727,8168054-14.2024.6.50.1232,10/11/20,audiência de instrução,DRA. CAVALCANTE,,,não
4728,9110060-16.2025.2.29.4716,14 de fevereiro de 2021,contestação,Dra. Fontes,juntada de documentos realizada,,não
4729,2100417-68.2021.7.29.9662,25/01/19,despacho,DRA. CAVALCANTE,,,sim
4730,7323234-16.2020.9.59.5035,07/10/2019,laudo pericial,Dra. Fontes,aguardando manifestação da parte contrária,,N
4731,7515318-25.2024.4.34.6280,2021-08-30,acordo extrajudicial,Dra. Fontes,,2026-06-11,
4732,5239450-56.2022.7.99.2371,2021-09-08,sentença,Dr. Barros,documentos pendentes de entrega pelo cliente,02/01/26,
4733,8717678-27.2025.5.11.4526,13 de dezembro de 2021,acordo extrajudicial,Dr. Barros,juntada de documentos realizada,,N
4734,2110878-87.2023.8.83.8978,2020-07-20,petição inicial,Dr. Melo,juntada de documentos realizada,,sim
4735,6414076-16.2021.7.78.8273,24 de fevereiro de 2024,sentença,DRA. CAVALCANTE,,,não
4736,4601686-30.2021.5.52.7745,10/03/21,habilitação,Dr. Melo,Prazo fatal: 31/05/26,,N
4737,3778380-86.2023.9.32.5849,25/11/23,audiência de instrução,Dra. Cavalcante,audiência marcada para 14 de abril de 2026,28/07/2026,não
4738,1931030-34.2024.8.48.5319,03/02/2019,acordo extrajudicial,DRA. CAVALCANTE,aguardando manifestação da parte contrária,,
4739,6053412-12.2021.6.72.8346,10/11/22,habilitação,Dr. Melo,diligência externa necessária,,não
4740,2019436-32.2020.6.16.9856,11 de dezembro de 2023,embargos de declaração,Dra Fontes,,,S
4741,9573194-21.2022.1.35.8352,23/11/2020,citação,Dr. Barros,documentos pendentes de entrega pelo cliente,5 de setembro de 2026,0
4742,9498791-62.2022.6.73.9564,23 de junho de 2022,embargos de declaração,Dra. Fontes,audiência marcada para 30 de abril de 2026,,não
4743,4768255-51.2022.4.94.5695,27 de abril de 2020,embargos de declaração,Dra. Fontes,aguardando manifestação da parte contrária,05/08/26,não
4744,9953454-93.2020.2.52.5723,06/08/24,agravo regimental,Dra. Cavalcante,,5 de outubro de 2026,
4745,9302979-43.2025.9.68.7487,08/09/20,laudo pericial,Dra. Cavalcante,audiência marcada para 2026-05-14,14 de outubro de 2026,0
4746,8590346-68.2020.7.63.7780,28/07/2023,citação,Dra Fontes,juntada de documentos realizada,,0
4747,3734843-61.2021.3.94.2954,22/04/22,sentença,Dr. Melo,,,S
4748,1628717-84.2025.8.67.8313,24 de outubro de 2021,embargos de declaração,Dr. Barros,documentos pendentes de entrega pelo cliente,,0
4749,3263740-44.2022.3.81.5402,21/07/25,recurso de apelação,dr. melo,juntada de documentos realizada,18/11/2026,0
4750,6694761-39.2022.1.10.2199,17/05/25,sentença,Dr. Barros,,2026-01-04,S
4751,6779292-61.2021.4.86.2783,15/05/2022,agravo regimental,Dr. Barros,prazo para recurso: 23 dias úteis a contar da intimação,,1
4752,3505690-87.2020.8.52.6260,22/06/20,petição inicial,Dra. Cavalcante,juntada de documentos realizada,,não
4753,5700249-43.2020.5.57.9341,11/01/2025,laudo pericial,Dr. Barros,diligência externa necessária,,não
4754,2191287-57.2021.1.18.8228,31/12/19,réplica,Dr. Barros,audiência marcada para 25/05/26,,S
4755,5850223-43.2020.3.81.3185,23/03/24,intimação,Dra. Cavalcante,audiência marcada para 2026-08-24,09/05/2026,S
4756,2016341-89.2023.7.48.2724,2022-01-30,citação,Dra. Fontes,diligência externa necessária,02/10/2026,não
4757,9252661-70.2020.1.46.1185,2021-02-15,sentença,Dra. Fontes,Prazo fatal: 2026-11-09,21/11/2026,N
4758,7862554-22.2024.7.83.6459,25 de julho de 2023,despacho,Dr. Melo,diligência externa necessária,01/09/2026,sim
4759,5747786-52.2023.7.30.3750,12/03/21,recurso de apelação,Dra Fontes,Prazo fatal: 30/09/26,,0
4760,1966014-66.2022.7.82.2137,9 de abril de 2023,memoriais,Dra. Cavalcante,prazo para recurso: 19 dias úteis a contar da intimação,,S
4761,7082985-88.2022.2.94.6058,21 de agosto de 2020,acordo extrajudicial,Dra Fontes,juntada de documentos realizada,18 de abril de 2026,N
4762,8717678-27.2025.5.11.4526,17 de setembro de 2020,citação,Dr. Barros,juntada de documentos realizada,,1
4763,6011987-71.2020.8.10.4396,2021-09-10,citação,Dr. Barros,juntada de documentos realizada,,sim
4764,6935346-77.2024.3.52.9529,2020-10-31,despacho,Dra. Cavalcante,audiência marcada para 2026-05-10,11/11/26,
4765,4493339-70.2021.7.17.8725,2025-02-27,recurso de apelação,DRA. CAVALCANTE,audiência marcada para 27 de março de 2026,,não
4766,9057960-29.2025.5.10.6072,05/11/22,recurso de apelação,dr. melo,,,sim
4767,3346094-93.2020.2.94.1759,19/08/2022,habilitação,Dra. Cavalcante,prazo para recurso: 23 dias úteis a contar da intimação,2026-03-16,não
4768,7419280-60.2021.1.40.9417,06/03/2021,citação,Dra. Cavalcante,juntada de documentos realizada,,sim
4769,7274275-74.2020.1.22.9780,23 de novembro de 2025,sentença,DRA. CAVALCANTE,audiência marcada para 02/12/2026,,0
4770,4085001-92.2022.6.76.8938,14 de abril de 2023,audiência de instrução,Dr. Barros,Prazo fatal: 2026-08-09,,sim
4771,3724721-44.2021.9.75.5553,19 de setembro de 2023,audiência de instrução,Dr. Melo,,28/06/2026,
4772,2110878-87.2023.8.83.8978,23/12/2020,petição inicial,DRA. CAVALCANTE,documentos pendentes de entrega pelo cliente,,N
4773,2658962-39.2022.5.95.8856,2020-09-28,habilitação,Dr. Barros,prazo para recurso: 7 dias úteis a contar da intimação,,
4774,5159219-49.2023.5.25.3676,26/08/2020,agravo regimental,Dr. Barros,juntada de documentos realizada,,0
4775,6339266-27.2025.5.15.6766,5 de janeiro de 2021,sentença,dr. melo,audiência marcada para 2026-09-02,,S
4776,5967836-10.2021.4.35.9671,11/04/19,memoriais,Dra Fontes,juntada de documentos realizada,,não
4777,3505690-87.2020.8.52.6260,29 de setembro de 2020,citação,DRA. CAVALCANTE,prazo para recurso: 23 dias úteis a contar da intimação,2026-07-24,
4778,1185885-59.2023.7.19.8433,2022-10-24,memoriais,Dra. Cavalcante,aguardando manifestação da parte contrária,,sim
4779,6254488-31.2024.9.48.3216,2025-04-11,réplica,Dra Fontes,juntada de documentos realizada,,1
4780,3724721-44.2021.9.75.5553,2023-01-20,habilitação,Dra. Fontes,juntada de documentos realizada,2 de maio de 2026,sim
4781,3401866-56.2021.1.87.5297,30 de março de 2024,citação,Dr. Barros,Prazo fatal: 16/09/26,,1
4782,7236875-79.2024.7.97.5566,21/03/2025,despacho,Dra. Cavalcante,aguardando manifestação da parte contrária,,S
4783,9885734-21.2023.9.74.3450,27/12/24,sentença,Dra. Fontes,audiência marcada para 03/08/2026,,sim
4784,5289264-48.2020.4.41.6347,05/03/2020,intimação,Dra. Fontes,diligência externa necessária,,não
4785,5438623-45.2022.4.51.7250,10 de outubro de 2020,recurso de apelação,DRA. CAVALCANTE,juntada de documentos realizada,,1
4786,9992831-61.2022.4.35.1469,20/08/2024,recurso de apelação,Dra Fontes,prazo para recurso: 26 dias úteis a contar da intimação,10 de fevereiro de 2026,N
4787,7999133-20.2023.7.26.1121,2024-05-13,memoriais,Dr. Barros,,,N
4788,2519059-58.2022.7.86.4385,08/11/23,contestação,Dr. Barros,,,
4789,3542799-64.2025.6.13.7299,14/03/23,agravo regimental,Dra. Fontes,diligência externa necessária,13/10/2026,não
4790,3401866-56.2021.1.87.5297,29/12/20,acordo extrajudicial,Dr. Barros,audiência marcada para 06/08/2026,,N
4791,9062552-47.2024.4.22.8265,31 de maio de 2025,audiência de instrução,Dra. Cavalcante,Prazo fatal: 23/03/26,09/12/26,S
4792,5144296-22.2022.4.87.9648,20/11/21,sentença,DRA. CAVALCANTE,audiência marcada para 17/10/2026,2026-11-18,não
4793,3376786-12.2020.7.64.5093,10 de fevereiro de 2020,réplica,Dra. Cavalcante,diligência externa necessária,,0
4794,9252661-70.2020.1.46.1185,06/11/2023,memoriais,Dra. Fontes,aguardando manifestação da parte contrária,,não
4795,7749444-78.2021.1.20.8763,2023-08-10,contestação,Dra. Fontes,prazo para recurso: 14 dias úteis a contar da intimação,,1
4796,1438459-62.2020.7.78.3410,09/09/25,sentença,Dr. Barros,audiência marcada para 28/05/2026,,0
4797,9086174-80.2025.1.81.3292,01/11/2022,sentença,Dra. Fontes,,,
4798,6836135-90.2022.9.37.5643,15/05/20,despacho,Dra. Cavalcante,,,S
4799,6339266-27.2025.5.15.6766,2020-09-06,petição inicial,Dr. Melo,juntada de documentos realizada,,1
4800,5432782-56.2021.2.97.6240,2024-03-17,acordo extrajudicial,Dr. Barros,Prazo fatal: 2026-07-11,,N
4801,8749473-21.2020.4.12.9144,16 de maio de 2024,audiência de instrução,Dra. Fontes,diligência externa necessária,,sim
4802,1183693-37.2024.1.85.2937,17/02/2020,despacho,Dra. Cavalcante,diligência externa necessária,,não
4803,1237577-83.2022.8.91.4649,13/09/2025,acordo extrajudicial,Dra. Cavalcante,Prazo fatal: 30 de junho de 2026,,1
4804,9636371-69.2025.8.67.4068,29 de março de 2023,habilitação,Dr. Barros,aguardando manifestação da parte contrária,,S
4805,3263740-44.2022.3.81.5402,2019-10-09,audiência de instrução,Dra. Fontes,juntada de documentos realizada,01/06/26,
4806,2186433-37.2022.2.12.4344,29 de abril de 2025,audiência de instrução,Dra. Fontes,documentos pendentes de entrega pelo cliente,,1
4807,4131852-60.2020.1.89.9739,05/12/25,réplica,Dr. Barros,documentos pendentes de entrega pelo cliente,25 de outubro de 2026,não
4808,4768255-51.2022.4.94.5695,2025-10-17,memoriais,Dr. Melo,documentos pendentes de entrega pelo cliente,02/02/26,0
4809,3588109-63.2023.1.26.4223,20 de novembro de 2025,laudo pericial,Dr. Melo,aguardando manifestação da parte contrária,2026-10-19,1
4810,3418432-84.2025.3.59.5858,06/03/2019,habilitação,Dra. Fontes,prazo para recurso: 19 dias úteis a contar da intimação,,S
4811,7486029-45.2024.4.25.3159,22/09/21,acordo extrajudicial,Dr. Barros,,,N
4812,6075721-43.2020.9.85.8738,2023-08-25,acordo extrajudicial,dr. melo,juntada de documentos realizada,,sim
4813,7224257-29.2020.8.88.9110,13/10/2019,recurso de apelação,dr. melo,audiência marcada para 09/11/26,2026-09-05,não
4814,6836135-90.2022.9.37.5643,18/02/22,intimação,Dra. Fontes,documentos pendentes de entrega pelo cliente,,1
4815,7840442-26.2025.9.53.5093,2021-08-11,intimação,Dr. Melo,juntada de documentos realizada,,sim
4816,7722274-26.2024.9.14.7062,27/10/22,intimação,Dr. Barros,audiência marcada para 2026-07-11,,1
4817,4510407-23.2020.5.18.6055,27/09/2020,contestação,dr. melo,,,sim
4818,4493339-70.2021.7.17.8725,21 de março de 2026,intimação,dr. melo,diligência externa necessária,,não
4819,3542616-60.2022.3.87.6536,02/01/2022,habilitação,Dra. Fontes,aguardando manifestação da parte contrária,,
4820,2837371-36.2022.7.88.5428,2022-09-12,agravo regimental,DRA. CAVALCANTE,juntada de documentos realizada,,não
4821,8381610-96.2020.6.26.2533,2021-10-15,recurso de apelação,Dra. Fontes,aguardando manifestação da parte contrária,,
4822,8183950-10.2021.5.84.9388,08/10/24,recurso de apelação,Dr. Barros,audiência marcada para 27 de outubro de 2026,,sim
4823,6528202-89.2025.3.17.9496,15/02/2022,memoriais,DRA. CAVALCANTE,documentos pendentes de entrega pelo cliente,,S
4824,2019436-32.2020.6.16.9856,2023-10-20,sentença,Dra Fontes,,,
4825,4299848-20.2023.2.47.7396,31/07/24,sentença,Dra. Fontes,juntada de documentos realizada,08/03/2026,1
4826,4064382-39.2022.4.13.8937,24 de novembro de 2020,laudo pericial,Dr. Barros,documentos pendentes de entrega pelo cliente,,
4827,7381740-86.2021.2.88.6570,4 de maio de 2024,laudo pericial,Dra. Cavalcante,juntada de documentos realizada,,1
4828,9408522-77.2021.3.36.8376,10/05/25,memoriais,Dra. Fontes,diligência externa necessária,5 de novembro de 2026,N
4829,6370110-64.2022.3.52.8440,10/05/2023,agravo regimental,DRA. CAVALCANTE,diligência externa necessária,17/01/2026,
4830,5700249-43.2020.5.57.9341,17 de fevereiro de 2023,embargos de declaração,Dra. Cavalcante,,,não
4831,5112941-62.2021.1.89.5887,21/11/25,habilitação,Dr. Barros,Prazo fatal: 18/11/2026,,N
4832,7243958-65.2020.5.25.5047,19/11/2023,recurso de apelação,Dra. Cavalcante,Prazo fatal: 20 de junho de 2026,,
4833,3975387-89.2023.4.55.7631,2024-10-12,laudo pericial,Dr. Barros,documentos pendentes de entrega pelo cliente,,N
4834,2328070-99.2024.8.57.5561,2025-10-24,petição inicial,DRA. CAVALCANTE,documentos pendentes de entrega pelo cliente,2026-11-27,1
4835,4140100-24.2024.4.63.7178,11 de julho de 2024,sentença,dr. melo,Prazo fatal: 15 de setembro de 2026,,0
4836,5124342-11.2025.5.50.6107,2020-07-14,laudo pericial,dr. melo,juntada de documentos realizada,,0
4837,9970343-38.2020.5.18.4483,19/01/26,agravo regimental,dr. melo,prazo para recurso: 7 dias úteis a contar da intimação,2026-06-15,N
4838,7820540-78.2023.1.75.4823,2020-11-04,intimação,Dr. Melo,Prazo fatal: 2026-05-23,,1
4839,1101935-78.2023.5.88.5299,13/03/2025,embargos de declaração,Dra. Cavalcante,,,S
4840,2397582-22.2023.9.93.4223,05/10/25,contestação,DRA. CAVALCANTE,,,não
4841,8129073-22.2024.4.16.9656,23 de fevereiro de 2025,petição inicial,Dr. Melo,audiência marcada para 02/08/26,,0
4842,5451988-41.2020.2.82.4041,20/01/24,habilitação,Dr. Barros,,,sim
4843,5316105-58.2020.3.22.3571,2 de maio de 2025,acordo extrajudicial,Dr. Barros,Prazo fatal: 4 de setembro de 2026,16 de maio de 2026,S
4844,9573194-21.2022.1.35.8352,2024-01-31,laudo pericial,Dr. Melo,Prazo fatal: 11/02/26,2026-12-15,N
4845,6953559-38.2025.7.42.9212,25 de julho de 2023,memoriais,Dra Fontes,prazo para recurso: 13 dias úteis a contar da intimação,,0
4846,5401874-62.2025.2.46.8337,2024-12-23,petição inicial,DRA. CAVALCANTE,juntada de documentos realizada,,N
4847,5274951-77.2021.1.76.5120,2022-01-15,audiência de instrução,Dr. Barros,aguardando manifestação da parte contrária,,1
4848,6036037-32.2025.3.53.7515,28/08/2019,intimação,DRA. CAVALCANTE,Prazo fatal: 14/09/2026,,sim
4849,5289264-48.2020.4.41.6347,2021-10-13,audiência de instrução,Dra. Fontes,,,S
4850,8905709-90.2020.9.55.2471,30/10/24,intimação,Dra. Fontes,diligência externa necessária,,não
4851,5159219-49.2023.5.25.3676,04/12/22,réplica,Dr. Melo,,,0
4852,4415624-13.2024.9.14.9480,05/02/22,embargos de declaração,Dr. Barros,aguardando manifestação da parte contrária,,S
4853,4084503-92.2025.8.90.5515,09/06/2022,audiência de instrução,DRA. CAVALCANTE,aguardando manifestação da parte contrária,,sim
4854,8368372-34.2020.6.43.9691,27/02/2026,recurso de apelação,Dra Fontes,diligência externa necessária,,
4855,3785792-10.2020.5.78.7940,2020-09-27,contestação,Dr. Melo,diligência externa necessária,,sim
4856,6935346-77.2024.3.52.9529,29/01/22,despacho,Dra Fontes,Prazo fatal: 10 de fevereiro de 2026,17 de agosto de 2026,0
4857,7486138-99.2020.5.81.4332,08/05/2025,intimação,DRA. CAVALCANTE,audiência marcada para 13 de dezembro de 2026,21/12/2026,não
4858,5631823-61.2020.5.47.1440,25/01/26,acordo extrajudicial,Dr. Barros,prazo para recurso: 12 dias úteis a contar da intimação,,sim
4859,3505690-87.2020.8.52.6260,2024-06-06,memoriais,Dr. Barros,audiência marcada para 2026-04-26,,0
4860,8209168-30.2020.1.41.7632,28 de abril de 2023,recurso de apelação,Dra. Cavalcante,Prazo fatal: 2026-01-04,3 de junho de 2026,S
4861,7323234-16.2020.9.59.5035,12 de agosto de 2025,laudo pericial,Dr. Barros,documentos pendentes de entrega pelo cliente,,
4862,5074974-98.2023.8.21.9881,2022-11-25,laudo pericial,Dr. Barros,audiência marcada para 19/03/26,,S
4863,9319285-35.2025.3.19.9131,30 de dezembro de 2021,agravo regimental,Dr. Barros,,,1
4864,5850223-43.2020.3.81.3185,19/12/2019,citação,Dra. Cavalcante,juntada de documentos realizada,,1
4865,6260319-38.2024.8.96.1114,2023-08-08,habilitação,Dra. Cavalcante,diligência externa necessária,2026-09-19,N
4866,2575202-50.2023.1.54.9627,29/12/25,laudo pericial,DRA. CAVALCANTE,juntada de documentos realizada,,N
4867,9810112-12.2021.1.97.8847,22/04/2021,recurso de apelação,Dr. Melo,aguardando manifestação da parte contrária,,S
4868,6267378-50.2021.9.19.9923,2023-01-28,audiência de instrução,Dra Fontes,audiência marcada para 11/04/26,,1
4869,8655267-17.2025.3.63.4188,24/07/23,embargos de declaração,Dr. Barros,audiência marcada para 20 de agosto de 2026,,não
4870,7553290-31.2023.9.36.9282,06/06/20,sentença,Dra Fontes,prazo para recurso: 24 dias úteis a contar da intimação,,1
4871,1667591-67.2025.4.69.9424,1 de junho de 2019,audiência de instrução,Dra. Fontes,audiência marcada para 5 de outubro de 2026,,
4872,7979033-26.2021.6.18.1084,27 de março de 2026,intimação,Dr. Barros,Prazo fatal: 07/10/26,,sim
4873,4134515-43.2021.8.70.4879,02/10/21,memoriais,Dr. Melo,Prazo fatal: 09/08/2026,15/07/26,0
4874,6404948-40.2021.7.68.7161,23/01/23,acordo extrajudicial,Dr. Melo,diligência externa necessária,2026-09-05,não
4875,7640585-40.2023.1.57.1721,2022-06-19,acordo extrajudicial,Dr. Barros,prazo para recurso: 22 dias úteis a contar da intimação,,0
4876,3975387-89.2023.4.55.7631,8 de agosto de 2020,contestação,Dr. Melo,prazo para recurso: 23 dias úteis a contar da intimação,,sim
4877,2019436-32.2020.6.16.9856,17/04/20,contestação,Dra Fontes,,,
4878,1101935-78.2023.5.88.5299,03/05/2021,habilitação,Dr. Barros,audiência marcada para 4 de novembro de 2026,,não
4879,1346701-74.2024.1.65.8985,04/07/24,contestação,Dra Fontes,juntada de documentos realizada,,
4880,8677980-28.2024.9.94.6552,2021-05-30,petição inicial,Dra Fontes,aguardando manifestação da parte contrária,,
4881,5492622-29.2021.9.92.7737,24 de julho de 2021,contestação,Dra. Cavalcante,documentos pendentes de entrega pelo cliente,25/11/26,
4882,5401874-62.2025.2.46.8337,2 de setembro de 2020,audiência de instrução,Dra. Fontes,juntada de documentos realizada,2026-02-01,S
4883,4961530-22.2021.4.22.6290,14/12/2022,contestação,Dr. Melo,prazo para recurso: 5 dias úteis a contar da intimação,8 de setembro de 2026,
4884,6865513-17.2021.7.21.3938,2022-11-01,réplica,Dr. Melo,documentos pendentes de entrega pelo cliente,,1
4885,6036037-32.2025.3.53.7515,15 de setembro de 2020,petição inicial,dr. melo,aguardando manifestação da parte contrária,,1
4886,2292432-35.2025.5.83.7063,30 de julho de 2024,embargos de declaração,Dra. Fontes,aguardando manifestação da parte contrária,,N
4887,1974389-81.2024.5.57.9354,27 de abril de 2021,embargos de declaração,Dra Fontes,prazo para recurso: 8 dias úteis a contar da intimação,,não
4888,8590346-68.2020.7.63.7780,30 de outubro de 2020,réplica,Dra Fontes,aguardando manifestação da parte contrária,,não
4889,1742202-63.2023.6.68.9372,06/05/2021,memoriais,DRA. CAVALCANTE,diligência externa necessária,,N
4890,4326518-76.2023.4.36.8530,17/08/24,habilitação,dr. melo,diligência externa necessária,22/01/2026,não
4891,4687348-31.2023.1.92.6907,03/12/2024,audiência de instrução,Dra. Fontes,aguardando manifestação da parte contrária,2026-03-12,S
4892,1237577-83.2022.8.91.4649,25 de outubro de 2024,embargos de declaração,Dra Fontes,prazo para recurso: 27 dias úteis a contar da intimação,,
4893,1614850-25.2020.8.85.3161,5 de dezembro de 2025,contestação,Dr. Melo,documentos pendentes de entrega pelo cliente,,N
4894,1311508-84.2020.3.38.8512,2021-04-02,memoriais,dr. melo,diligência externa necessária,,S
4895,3585301-47.2021.7.73.3469,05/06/2021,agravo regimental,Dr. Barros,prazo para recurso: 9 dias úteis a contar da intimação,15 de junho de 2026,
4896,7486138-99.2020.5.81.4332,27/04/2026,sentença,dr. melo,aguardando manifestação da parte contrária,,
4897,9108785-98.2021.3.78.6687,1 de janeiro de 2026,embargos de declaração,Dr. Melo,,,S
4898,5614769-67.2022.9.87.1001,06/09/2021,memoriais,Dr. Melo,aguardando manifestação da parte contrária,2026-08-30,sim
4899,8157599-64.2024.2.89.5276,17 de abril de 2020,intimação,Dra. Cavalcante,Prazo fatal: 2026-02-18,,1
4900,8827641-36.2022.5.59.8715,5 de maio de 2024,réplica,Dra. Cavalcante,diligência externa necessária,,N
4901,2397582-22.2023.9.93.4223,2025-01-30,despacho,Dra. Fontes,juntada de documentos realizada,,1
4902,2660213-63.2022.6.50.8366,2024-01-20,recurso de apelação,Dra. Fontes,juntada de documentos realizada,,N
4903,8843195-99.2024.6.39.2836,26/01/25,laudo pericial,dr. melo,,,S
4904,5035093-45.2021.1.27.3097,04/11/21,intimação,Dr. Barros,prazo para recurso: 24 dias úteis a contar da intimação,,sim
4905,1614850-25.2020.8.85.3161,16/09/25,habilitação,DRA. CAVALCANTE,documentos pendentes de entrega pelo cliente,,sim
4906,1311508-84.2020.3.38.8512,09/06/23,citação,Dra. Fontes,documentos pendentes de entrega pelo cliente,27 de junho de 2026,não
4907,7381740-86.2021.2.88.6570,5 de novembro de 2020,petição inicial,Dra. Cavalcante,prazo para recurso: 23 dias úteis a contar da intimação,,0
4908,7224257-29.2020.8.88.9110,30/08/2023,contestação,Dr. Melo,Prazo fatal: 28 de fevereiro de 2026,2026-07-29,N
4909,4299848-20.2023.2.47.7396,23/01/2024,memoriais,Dra Fontes,,07/01/26,
4910,6414076-16.2021.7.78.8273,18/04/2024,contestação,Dr. Melo,documentos pendentes de entrega pelo cliente,11/10/26,não
4911,6779292-61.2021.4.86.2783,27/02/24,petição inicial,Dra. Fontes,documentos pendentes de entrega pelo cliente,,S
4912,3496733-55.2020.2.43.8503,26 de março de 2020,réplica,Dr. Melo,diligência externa necessária,18 de março de 2026,S
4913,8905709-90.2020.9.55.2471,21 de junho de 2025,contestação,Dra Fontes,,,N
4914,1438459-62.2020.7.78.3410,02/07/22,habilitação,dr. melo,documentos pendentes de entrega pelo cliente,,N
4915,5432782-56.2021.2.97.6240,9 de dezembro de 2025,petição inicial,DRA. CAVALCANTE,diligência externa necessária,,1
4916,4893809-11.2021.7.19.9759,04/04/21,réplica,Dr. Melo,audiência marcada para 07/12/26,,N
4917,7820540-78.2023.1.75.4823,19/05/2019,audiência de instrução,Dra Fontes,aguardando manifestação da parte contrária,28/11/26,N
4918,8905709-90.2020.9.55.2471,16 de julho de 2025,audiência de instrução,Dra. Cavalcante,prazo para recurso: 14 dias úteis a contar da intimação,,0
4919,4202942-75.2025.6.91.7611,26/09/2022,intimação,Dr. Melo,prazo para recurso: 11 dias úteis a contar da intimação,03/03/2026,N
4920,7486029-45.2024.4.25.3159,18/05/22,embargos de declaração,Dra. Cavalcante,aguardando manifestação da parte contrária,,1
4921,7419280-60.2021.1.40.9417,12 de abril de 2020,despacho,Dr. Barros,diligência externa necessária,,S
4922,8886588-26.2020.9.65.6361,8 de fevereiro de 2019,intimação,Dra. Cavalcante,diligência externa necessária,27 de fevereiro de 2026,N
4923,1013314-48.2023.4.39.2083,11/10/2023,intimação,DRA. CAVALCANTE,audiência marcada para 2026-08-30,,N
4924,8892606-62.2022.2.87.2168,21/10/2023,audiência de instrução,Dr. Barros,aguardando manifestação da parte contrária,,0
4925,3376786-12.2020.7.64.5093,22/02/2025,sentença,Dr. Barros,audiência marcada para 2026-10-30,21 de maio de 2026,sim
4926,1557680-16.2021.4.16.4031,17/04/2019,acordo extrajudicial,Dr. Barros,documentos pendentes de entrega pelo cliente,,não
4927,3588109-63.2023.1.26.4223,18/12/2019,audiência de instrução,Dr. Barros,aguardando manifestação da parte contrária,,não
4928,5058333-37.2021.3.98.8848,2021-07-24,intimação,Dr. Melo,aguardando manifestação da parte contrária,,
4929,8066975-72.2023.7.26.7675,16/06/24,acordo extrajudicial,dr. melo,aguardando manifestação da parte contrária,,
4930,8816646-78.2020.7.70.9224,25/08/24,sentença,Dr. Barros,aguardando manifestação da parte contrária,15/10/2026,1
4931,7916680-90.2022.1.67.1785,9 de março de 2024,citação,DRA. CAVALCANTE,juntada de documentos realizada,,1
4932,6339808-70.2020.2.67.1325,2022-10-03,sentença,DRA. CAVALCANTE,documentos pendentes de entrega pelo cliente,,sim
4933,9953454-93.2020.2.52.5723,14/03/22,embargos de declaração,Dr. Melo,aguardando manifestação da parte contrária,27/11/2026,não
4934,7515318-25.2024.4.34.6280,2020-07-13,laudo pericial,Dr. Barros,juntada de documentos realizada,,S
4935,5996426-23.2022.8.20.3566,22 de outubro de 2023,acordo extrajudicial,Dra. Cavalcante,juntada de documentos realizada,2026-10-03,sim
4936,1165147-13.2020.2.47.5874,15/03/21,petição inicial,dr. melo,juntada de documentos realizada,2026-11-16,não
4937,6105303-92.2021.4.39.3868,2019-11-16,despacho,Dra. Cavalcante,juntada de documentos realizada,,não
4938,4563779-48.2023.2.87.9606,21/11/24,sentença,Dr. Barros,,,1
4939,9071705-28.2021.9.78.4746,09/06/24,contestação,DRA. CAVALCANTE,diligência externa necessária,,0
4940,8936104-83.2022.1.39.7934,25/07/2025,citação,Dra Fontes,aguardando manifestação da parte contrária,,N
4941,7941836-76.2025.4.34.6543,2022-02-05,contestação,DRA. CAVALCANTE,Prazo fatal: 16 de janeiro de 2026,,sim
4942,2292432-35.2025.5.83.7063,30 de novembro de 2024,acordo extrajudicial,Dr. Barros,documentos pendentes de entrega pelo cliente,,não
4943,2753004-76.2021.8.83.9874,2 de fevereiro de 2023,audiência de instrução,Dra. Cavalcante,aguardando manifestação da parte contrária,21/12/26,
4944,8183950-10.2021.5.84.9388,12/10/2022,despacho,Dra. Cavalcante,aguardando manifestação da parte contrária,,0
4945,4134515-43.2021.8.70.4879,9 de fevereiro de 2021,despacho,Dra. Cavalcante,Prazo fatal: 27 de junho de 2026,,
4946,5901155-82.2023.2.89.7717,01/12/22,despacho,Dra. Fontes,diligência externa necessária,2026-09-08,
4947,5451988-41.2020.2.82.4041,2020-09-28,recurso de apelação,Dr. Melo,juntada de documentos realizada,15/09/2026,
4948,5614769-67.2022.9.87.1001,16/07/2025,agravo regimental,Dra. Fontes,,2026-07-01,sim
4949,6865513-17.2021.7.21.3938,27/02/2026,agravo regimental,Dr. Barros,audiência marcada para 16 de julho de 2026,,S
4950,4092125-65.2025.3.26.9073,04/12/21,citação,Dra Fontes,documentos pendentes de entrega pelo cliente,,0
4951,5703772-88.2020.8.34.6114,2022-07-13,habilitação,DRA. CAVALCANTE,diligência externa necessária,29 de setembro de 2026,0
4952,5492622-29.2021.9.92.7737,12 de agosto de 2022,audiência de instrução,Dr. Barros,aguardando manifestação da parte contrária,,1
4953,4681694-71.2021.9.28.7350,7 de dezembro de 2020,agravo regimental,DRA. CAVALCANTE,diligência externa necessária,,não
4954,9822459-92.2024.8.17.6403,2024-06-27,intimação,DRA. CAVALCANTE,audiência marcada para 6 de agosto de 2026,,S
4955,3576390-15.2021.2.82.8209,30/09/2020,intimação,Dr. Barros,aguardando manifestação da parte contrária,,1
4956,8936104-83.2022.1.39.7934,05/03/2020,réplica,Dr. Melo,,,1
4957,5271615-59.2021.2.54.6844,02/03/2020,laudo pericial,Dr. Melo,juntada de documentos realizada,,1
4958,9252661-70.2020.1.46.1185,2024-04-28,petição inicial,Dr. Barros,aguardando manifestação da parte contrária,,1
4959,1896520-28.2021.5.90.5374,2021-10-05,despacho,Dra. Fontes,audiência marcada para 16 de março de 2026,,1
4960,3496733-55.2020.2.43.8503,20/04/22,recurso de apelação,DRA. CAVALCANTE,,25/08/26,sim
4961,2480014-80.2024.2.29.9847,27 de setembro de 2024,citação,Dra. Fontes,juntada de documentos realizada,,S
4962,6779292-61.2021.4.86.2783,2020-12-06,laudo pericial,Dra. Cavalcante,prazo para recurso: 25 dias úteis a contar da intimação,19/12/26,S
4963,1116024-57.2025.8.16.4043,10/01/22,habilitação,Dra. Cavalcante,,14/07/26,N
4964,1676369-34.2022.3.47.6087,2023-04-06,réplica,Dr. Melo,diligência externa necessária,16 de dezembro de 2026,S
4965,5035093-45.2021.1.27.3097,13/03/2024,citação,Dr. Barros,documentos pendentes de entrega pelo cliente,,0
4966,1676369-34.2022.3.47.6087,23/06/25,sentença,dr. melo,,,não
4967,2490107-19.2023.9.10.7930,14/06/2023,laudo pericial,Dr. Barros,juntada de documentos realizada,,não
4968,5747786-52.2023.7.30.3750,03/05/20,agravo regimental,Dr. Melo,documentos pendentes de entrega pelo cliente,,0
4969,5472823-70.2022.4.41.7624,2024-04-13,embargos de declaração,Dra. Fontes,aguardando manifestação da parte contrária,,N
4970,5074974-98.2023.8.21.9881,24 de dezembro de 2023,recurso de apelação,Dra Fontes,aguardando manifestação da parte contrária,,não
4971,6524227-53.2025.1.97.6214,1 de novembro de 2025,despacho,Dra Fontes,audiência marcada para 2026-09-18,,S
4972,5058333-37.2021.3.98.8848,06/11/23,intimação,Dra. Fontes,juntada de documentos realizada,,S
4973,8168054-14.2024.6.50.1232,16/10/22,despacho,Dr. Melo,diligência externa necessária,,0
4974,1346701-74.2024.1.65.8985,03/01/24,sentença,DRA. CAVALCANTE,prazo para recurso: 29 dias úteis a contar da intimação,,0
4975,5274951-77.2021.1.76.5120,2025-09-24,recurso de apelação,DRA. CAVALCANTE,documentos pendentes de entrega pelo cliente,,sim
4976,8097721-13.2023.1.47.8354,19/01/23,recurso de apelação,DRA. CAVALCANTE,diligência externa necessária,28/04/26,N
4977,3750497-13.2024.6.65.9009,29/08/19,laudo pericial,Dr. Barros,Prazo fatal: 18/01/26,,0
4978,8215015-64.2021.5.32.1893,21/04/2026,despacho,Dr. Melo,Prazo fatal: 23/01/2026,06/03/26,não
4979,2118934-75.2023.5.97.9563,05/12/22,intimação,Dra. Fontes,documentos pendentes de entrega pelo cliente,,S
4980,2966787-79.2022.1.41.9944,09/02/26,habilitação,Dra. Fontes,juntada de documentos realizada,2026-09-25,1
4981,3576390-15.2021.2.82.8209,13/12/2025,citação,Dr. Barros,aguardando manifestação da parte contrária,,N
4982,5732779-86.2025.4.28.7831,2021-01-17,réplica,Dra Fontes,diligência externa necessária,12/12/2026,0
4983,5144296-22.2022.4.87.9648,22/08/20,intimação,DRA. CAVALCANTE,audiência marcada para 05/04/26,2026-02-10,N
4984,7840442-26.2025.9.53.5093,17/05/25,agravo regimental,Dr. Barros,audiência marcada para 24/04/26,,0
4985,7136189-41.2024.2.60.1768,20/09/2022,memoriais,Dr. Barros,diligência externa necessária,,N
4986,6075721-43.2020.9.85.8738,2021-01-11,contestação,Dr. Barros,prazo para recurso: 10 dias úteis a contar da intimação,10/08/2026,0
4987,2753004-76.2021.8.83.9874,16/01/2022,laudo pericial,Dr. Melo,documentos pendentes de entrega pelo cliente,2026-04-26,1
4988,9824532-76.2023.6.37.2040,14/07/2021,contestação,Dr. Barros,diligência externa necessária,09/07/2026,N
4989,8129073-22.2024.4.16.9656,24/08/2020,recurso de apelação,DRA. CAVALCANTE,documentos pendentes de entrega pelo cliente,,0
4990,9398629-61.2022.5.88.8253,09/03/20,contestação,DRA. CAVALCANTE,prazo para recurso: 23 dias úteis a contar da intimação,,
4991,9489806-94.2021.2.55.9162,2023-07-23,intimação,Dra. Cavalcante,Prazo fatal: 16 de junho de 2026,,1
4992,5514997-95.2024.1.84.8098,14 de fevereiro de 2022,petição inicial,Dra. Fontes,,,S
4993,2411026-52.2022.6.26.7373,2022-04-20,laudo pericial,Dr. Melo,juntada de documentos realizada,,não
4994,5316105-58.2020.3.22.3571,13/02/22,citação,DRA. CAVALCANTE,documentos pendentes de entrega pelo cliente,,N
4995,4961530-22.2021.4.22.6290,23/11/2024,citação,Dr. Melo,audiência marcada para 31/03/26,,0
4996,6425355-10.2021.6.53.2041,2024-07-09,acordo extrajudicial,Dra Fontes,audiência marcada para 12/04/26,30/08/26,não
4997,4460247-99.2024.9.97.4840,21/12/21,embargos de declaração,Dr. Barros,aguardando manifestação da parte contrária,,
4998,8574876-96.2020.7.97.4673,13/01/2021,habilitação,Dr. Barros,aguardando manifestação da parte contrária,,sim
4999,3924425-56.2021.9.58.2912,5 de setembro de 2023,citação,Dr. Barros,aguardando manifestação da parte contrária,,não
5000,2519059-58.2022.7.86.4385,2022-08-28,réplica,Dr. Melo,diligência externa necessária,2026-07-30,0
5001,5116418-16.2025.3.98.2234,24/03/24,sentença,Dra. Fontes,documentos pendentes de entrega pelo cliente,,1
5002,9071705-28.2021.9.78.4746,01/10/2024,memoriais,Dr. Barros,prazo para recurso: 11 dias úteis a contar da intimação,,
5003,7979033-26.2021.6.18.1084,20 de janeiro de 2020,réplica,Dr. Barros,Prazo fatal: 08/12/26,2026-05-09,S
5004,8125196-18.2023.1.53.1215,29/03/2020,memoriais,DRA. CAVALCANTE,aguardando manifestação da parte contrária,,
5005,6779292-61.2021.4.86.2783,13/07/22,despacho,Dr. Barros,juntada de documentos realizada,,0
5006,3785792-10.2020.5.78.7940,2021-07-18,acordo extrajudicial,Dra. Cavalcante,prazo para recurso: 25 dias úteis a contar da intimação,,
5007,4433355-55.2023.8.48.9346,28/02/21,recurso de apelação,Dr. Barros,Prazo fatal: 31/05/26,,0
5008,4180949-86.2020.3.26.7593,2020-07-09,memoriais,Dra. Fontes,prazo para recurso: 13 dias úteis a contar da intimação,2026-11-20,sim
5009,2842764-33.2025.7.99.7279,2022-06-22,petição inicial,Dr. Melo,Prazo fatal: 11 de abril de 2026,,0
5010,8905709-90.2020.9.55.2471,15/08/20,petição inicial,Dr. Barros,documentos pendentes de entrega pelo cliente,,não
5011,1966014-66.2022.7.82.2137,30/04/19,audiência de instrução,dr. melo,diligência externa necessária,,sim
5012,2660213-63.2022.6.50.8366,16/09/22,laudo pericial,Dr. Barros,documentos pendentes de entrega pelo cliente,,1
5013,7065068-16.2021.7.14.6489,4 de fevereiro de 2021,sentença,Dra Fontes,audiência marcada para 3 de maio de 2026,,1
5014,2909764-51.2025.7.78.2223,27/12/2025,acordo extrajudicial,Dr. Barros,Prazo fatal: 30/03/26,25 de dezembro de 2026,
5015,2191287-57.2021.1.18.8228,2022-05-02,despacho,DRA. CAVALCANTE,juntada de documentos realizada,,1
5016,4510407-23.2020.5.18.6055,14/07/19,contestação,Dra Fontes,aguardando manifestação da parte contrária,,N
5017,7539718-58.2020.2.52.9800,15/08/21,sentença,dr. melo,Prazo fatal: 6 de dezembro de 2026,,
5018,3242098-97.2025.4.44.9916,17/08/20,acordo extrajudicial,Dr. Melo,,09/07/2026,1
5019,4134515-43.2021.8.70.4879,17 de março de 2023,agravo regimental,Dr. Barros,documentos pendentes de entrega pelo cliente,02/06/26,sim
5020,4494463-44.2022.5.80.7542,01/01/2021,memoriais,DRA. CAVALCANTE,juntada de documentos realizada,,0
5021,1353022-94.2023.9.79.1203,02/03/2022,sentença,Dr. Melo,diligência externa necessária,,
5022,1615190-23.2022.2.42.6238,25/12/21,sentença,Dra Fontes,documentos pendentes de entrega pelo cliente,13 de setembro de 2026,0
5023,1667591-67.2025.4.69.9424,17/08/2024,habilitação,DRA. CAVALCANTE,diligência externa necessária,,S
5024,4384627-80.2021.2.13.1061,2022-05-26,recurso de apelação,Dr. Barros,aguardando manifestação da parte contrária,,N
5025,7724543-49.2023.9.44.7412,13 de julho de 2020,réplica,Dr. Barros,,23/08/26,sim
5026,8574876-96.2020.7.97.4673,14/10/2022,recurso de apelação,Dra Fontes,juntada de documentos realizada,21 de janeiro de 2026,
5027,7515318-25.2024.4.34.6280,1 de junho de 2024,agravo regimental,Dr. Barros,aguardando manifestação da parte contrária,3 de março de 2026,S
5028,1185885-59.2023.7.19.8433,15/03/2023,petição inicial,Dra Fontes,aguardando manifestação da parte contrária,,não
5029,1183693-37.2024.1.85.2937,27/03/2020,laudo pericial,dr. melo,juntada de documentos realizada,,0
5030,5116418-16.2025.3.98.2234,14 de agosto de 2023,acordo extrajudicial,Dra Fontes,juntada de documentos realizada,,0
5031,9062552-47.2024.4.22.8265,6 de julho de 2022,laudo pericial,Dra. Cavalcante,Prazo fatal: 26/04/2026,,1
5032,2236315-26.2022.5.82.8939,08/12/20,agravo regimental,DRA. CAVALCANTE,aguardando manifestação da parte contrária,,não
5033,2397582-22.2023.9.93.4223,02/07/2025,intimação,dr. melo,Prazo fatal: 2026-04-25,,N
5034,7941836-76.2025.4.34.6543,2024-02-25,contestação,Dr. Barros,,,não
5035,5144296-22.2022.4.87.9648,13 de setembro de 2023,recurso de apelação,Dra Fontes,documentos pendentes de entrega pelo cliente,,S
5036,4510407-23.2020.5.18.6055,13/03/2019,embargos de declaração,Dr. Melo,documentos pendentes de entrega pelo cliente,,não
5037,6384831-67.2022.5.89.7429,23/01/2026,despacho,DRA. CAVALCANTE,,,1
5038,1931030-34.2024.8.48.5319,25/12/2020,agravo regimental,Dra. Fontes,diligência externa necessária,,sim
5039,9804642-71.2024.4.76.5486,15/06/24,sentença,Dr. Barros,audiência marcada para 28/11/2026,,1
5040,5732779-86.2025.4.28.7831,02/01/2022,habilitação,Dra. Fontes,documentos pendentes de entrega pelo cliente,,1
5041,9408522-77.2021.3.36.8376,15/01/23,sentença,Dr. Melo,audiência marcada para 2026-03-10,,sim
5042,2231929-89.2024.6.41.5461,03/10/2020,sentença,Dra. Fontes,audiência marcada para 01/08/2026,,N
5043,4134515-43.2021.8.70.4879,18 de maio de 2020,petição inicial,Dr. Barros,Prazo fatal: 27 de fevereiro de 2026,,
5044,3924425-56.2021.9.58.2912,23/04/21,contestação,Dr. Barros,audiência marcada para 03/08/26,,1
5045,7979033-26.2021.6.18.1084,2021-05-29,intimação,Dr. Barros,documentos pendentes de entrega pelo cliente,03/02/2026,S
5046,8530609-10.2021.5.41.7151,06/12/20,audiência de instrução,dr. melo,documentos pendentes de entrega pelo cliente,,sim
5047,9062552-47.2024.4.22.8265,01/03/2024,contestação,Dra. Fontes,prazo para recurso: 8 dias úteis a contar da intimação,,
5048,2129757-49.2025.4.14.5657,10/02/20,recurso de apelação,Dra. Cavalcante,diligência externa necessária,,0
5049,6414076-16.2021.7.78.8273,19/11/25,citação,Dra Fontes,Prazo fatal: 09/06/2026,,0
5050,8574876-96.2020.7.97.4673,6 de outubro de 2024,réplica,DRA. CAVALCANTE,,,1
5051,1614850-25.2020.8.85.3161,2021-05-04,agravo regimental,DRA. CAVALCANTE,Prazo fatal: 17/08/26,,N
5052,3542616-60.2022.3.87.6536,25 de março de 2021,citação,DRA. CAVALCANTE,Prazo fatal: 10 de dezembro de 2026,18/07/26,
5053,4938178-62.2020.7.27.6072,29/10/25,intimação,Dr. Melo,diligência externa necessária,29/07/26,1
5054,6865513-17.2021.7.21.3938,25 de janeiro de 2020,memoriais,dr. melo,documentos pendentes de entrega pelo cliente,,0
5055,1273300-90.2024.2.80.7378,20/07/2025,petição inicial,dr. melo,prazo para recurso: 7 dias úteis a contar da intimação,,S
5056,8381610-96.2020.6.26.2533,29/11/2022,recurso de apelação,DRA. CAVALCANTE,prazo para recurso: 10 dias úteis a contar da intimação,13/10/26,1
5057,3924425-56.2021.9.58.2912,2025-07-26,petição inicial,Dra. Fontes,diligência externa necessária,28 de janeiro de 2026,não
5058,5660649-86.2020.5.86.9291,14 de setembro de 2024,recurso de apelação,Dra. Fontes,audiência marcada para 02/09/2026,,não
5059,2480014-80.2024.2.29.9847,17/11/22,memoriais,Dr. Melo,audiência marcada para 17/04/26,,0
5060,1411065-96.2022.9.64.8271,2024-10-17,agravo regimental,DRA. CAVALCANTE,documentos pendentes de entrega pelo cliente,,N
5061,1438459-62.2020.7.78.3410,8 de março de 2025,habilitação,Dr. Melo,documentos pendentes de entrega pelo cliente,,0
5062,8714773-70.2022.9.65.8541,2020-03-19,réplica,dr. melo,prazo para recurso: 17 dias úteis a contar da intimação,,0
5063,3778380-86.2023.9.32.5849,16/08/21,citação,DRA. CAVALCANTE,diligência externa necessária,2026-08-26,
5064,8183950-10.2021.5.84.9388,2022-11-12,laudo pericial,dr. melo,,,
5065,1974389-81.2024.5.57.9354,24/05/2025,habilitação,DRA. CAVALCANTE,documentos pendentes de entrega pelo cliente,,1
5066,5214684-96.2020.6.84.9986,11/01/2025,audiência de instrução,dr. melo,juntada de documentos realizada,,0
5067,9774395-92.2023.2.75.3192,12/08/20,sentença,Dr. Barros,,,0
5068,5462435-11.2024.9.85.2977,5 de julho de 2023,contestação,Dr. Barros,prazo para recurso: 25 dias úteis a contar da intimação,,
5069,7245951-43.2021.4.11.7623,22/09/2023,citação,Dr. Barros,juntada de documentos realizada,,0
5070,2554938-48.2024.1.13.4544,2025-12-26,sentença,Dr. Barros,audiência marcada para 05/11/2026,,não
5071,9835331-11.2022.6.15.8602,31/07/19,petição inicial,dr. melo,prazo para recurso: 22 dias úteis a contar da intimação,25/05/2026,N
5072,3724721-44.2021.9.75.5553,16/08/24,audiência de instrução,Dra. Fontes,diligência externa necessária,,N
5073,4865461-96.2025.2.64.9143,12/03/21,sentença,DRA. CAVALCANTE,aguardando manifestação da parte contrária,2026-02-10,não
5074,3306375-34.2024.9.48.9154,2021-05-23,laudo pericial,Dr. Barros,audiência marcada para 2026-07-29,21/09/26,1
5075,1931030-34.2024.8.48.5319,15 de abril de 2020,réplica,dr. melo,prazo para recurso: 19 dias úteis a contar da intimação,2026-12-23,sim
5076,6416661-36.2021.8.21.8496,2024-11-17,intimação,Dra. Cavalcante,aguardando manifestação da parte contrária,,
5077,2554938-48.2024.1.13.4544,2023-10-20,petição inicial,Dra. Cavalcante,documentos pendentes de entrega pelo cliente,2026-12-24,não
5078,9060164-41.2020.5.36.2381,19/07/2022,contestação,Dr. Barros,documentos pendentes de entrega pelo cliente,,sim
5079,6053412-12.2021.6.72.8346,2020-03-08,despacho,DRA. CAVALCANTE,audiência marcada para 8 de dezembro de 2026,,
5080,9804642-71.2024.4.76.5486,11/05/2024,contestação,dr. melo,audiência marcada para 28/06/26,,0
5081,1833330-93.2025.8.61.3405,07/02/2026,audiência de instrução,Dra Fontes,,,0
5082,1896520-28.2021.5.90.5374,12/11/2023,memoriais,Dr. Melo,,,não
5083,6011987-71.2020.8.10.4396,22/05/2025,despacho,Dr. Barros,juntada de documentos realizada,2026-05-28,sim
5084,5058333-37.2021.3.98.8848,30 de agosto de 2023,sentença,Dr. Barros,Prazo fatal: 16/11/26,,sim
5085,7544569-30.2022.4.91.9370,2020-03-25,citação,Dra. Fontes,Prazo fatal: 20/09/2026,3 de dezembro de 2026,S
5086,8678370-92.2025.7.35.9962,16 de maio de 2021,memoriais,DRA. CAVALCANTE,juntada de documentos realizada,2026-02-05,S
5087,2316290-44.2022.7.34.5190,1 de agosto de 2020,agravo regimental,Dr. Barros,,,N
5088,8816646-78.2020.7.70.9224,2020-10-25,citação,Dra. Fontes,prazo para recurso: 12 dias úteis a contar da intimação,31/01/26,1
5089,4721085-96.2020.6.92.9645,13 de dezembro de 2020,memoriais,Dra Fontes,documentos pendentes de entrega pelo cliente,,sim
5090,2632721-15.2024.7.90.9593,31/12/2020,agravo regimental,Dr. Melo,,,N
5091,4064382-39.2022.4.13.8937,30/06/25,citação,Dr. Barros,aguardando manifestação da parte contrária,,0
5092,3667022-35.2020.9.76.3115,11/10/2023,agravo regimental,Dra. Fontes,,,sim
5093,3496733-55.2020.2.43.8503,03/08/2025,acordo extrajudicial,Dra. Cavalcante,diligência externa necessária,,1
5094,9168044-67.2022.1.26.3054,29/07/2021,laudo pericial,DRA. CAVALCANTE,diligência externa necessária,2026-10-29,N
5095,8368372-34.2020.6.43.9691,22 de novembro de 2021,laudo pericial,Dr. Melo,aguardando manifestação da parte contrária,,S
5096,1099617-37.2023.9.61.1793,2024-03-08,petição inicial,Dr. Barros,juntada de documentos realizada,,1
5097,1933296-95.2024.5.69.8317,2020-03-29,citação,DRA. CAVALCANTE,documentos pendentes de entrega pelo cliente,,0
5098,4874996-38.2022.9.94.8154,27/10/2023,memoriais,Dra. Cavalcante,Prazo fatal: 9 de novembro de 2026,,0
5099,6034606-21.2023.6.18.6684,2020-05-06,despacho,dr. melo,Prazo fatal: 08/03/26,,
5100,2824928-33.2020.1.90.6467,24/11/23,agravo regimental,Dr. Barros,prazo para recurso: 15 dias úteis a contar da intimação,,não
5101,2118934-75.2023.5.97.9563,2024-08-03,embargos de declaração,Dra. Fontes,,,sim
5102,1272937-41.2023.5.75.9958,2021-02-09,acordo extrajudicial,Dr. Melo,documentos pendentes de entrega pelo cliente,18/09/26,sim
5103,4601686-30.2021.5.52.7745,2023-11-08,recurso de apelação,Dra. Fontes,documentos pendentes de entrega pelo cliente,,1
5104,5316105-58.2020.3.22.3571,2020-05-12,audiência de instrução,Dra. Cavalcante,Prazo fatal: 18 de junho de 2026,,0
5105,6339808-70.2020.2.67.1325,22 de maio de 2021,memoriais,Dra. Fontes,juntada de documentos realizada,,sim
5106,1248003-72.2024.2.80.8472,6 de agosto de 2020,laudo pericial,Dra. Fontes,,,1
5107,6416661-36.2021.8.21.8496,20/04/2023,despacho,Dr. Melo,documentos pendentes de entrega pelo cliente,07/12/2026,1
5108,1714231-74.2025.9.71.1697,20/12/2021,habilitação,Dr. Barros,Prazo fatal: 4 de agosto de 2026,18 de agosto de 2026,
5109,5144296-22.2022.4.87.9648,15/12/2022,sentença,Dr. Melo,Prazo fatal: 21/08/26,21/09/26,N
5110,1095980-10.2020.7.77.8313,02/07/24,habilitação,DRA. CAVALCANTE,documentos pendentes de entrega pelo cliente,,não
5111,9636371-69.2025.8.67.4068,23 de março de 2020,contestação,Dra. Cavalcante,aguardando manifestação da parte contrária,,sim
5112,5661974-14.2020.6.39.3137,19 de novembro de 2025,agravo regimental,Dr. Barros,,,N
5113,6260319-38.2024.8.96.1114,06/05/21,recurso de apelação,DRA. CAVALCANTE,,,1
5114,6339266-27.2025.5.15.6766,05/10/24,réplica,Dr. Barros,audiência marcada para 2026-10-19,11/11/26,0
5115,8215015-64.2021.5.32.1893,2021-02-10,réplica,Dr. Barros,,,0
5116,1095980-10.2020.7.77.8313,29 de novembro de 2025,embargos de declaração,dr. melo,prazo para recurso: 25 dias úteis a contar da intimação,2026-12-12,não
5117,5753123-52.2021.4.48.4042,2020-07-21,despacho,dr. melo,aguardando manifestação da parte contrária,,sim
5118,4510407-23.2020.5.18.6055,17/01/19,citação,Dra Fontes,Prazo fatal: 11 de novembro de 2026,,0
5119,4065326-72.2025.8.58.5304,11 de julho de 2020,agravo regimental,DRA. CAVALCANTE,diligência externa necessária,1 de dezembro de 2026,S
5120,3401866-56.2021.1.87.5297,2023-08-21,acordo extrajudicial,Dr. Melo,documentos pendentes de entrega pelo cliente,2026-01-30,
5121,3585301-47.2021.7.73.3469,06/07/19,laudo pericial,Dra. Cavalcante,juntada de documentos realizada,18 de maio de 2026,
5122,9425559-65.2022.6.99.1309,24/10/2025,réplica,Dra. Fontes,juntada de documentos realizada,,sim
5123,5638123-23.2024.7.30.5009,17/11/2024,réplica,Dr. Melo,aguardando manifestação da parte contrária,,
5124,7115217-41.2025.1.67.7692,30 de junho de 2023,réplica,Dra. Cavalcante,aguardando manifestação da parte contrária,19/02/26,
5125,7141324-67.2025.3.86.3413,16 de dezembro de 2024,agravo regimental,DRA. CAVALCANTE,Prazo fatal: 26/02/2026,03/05/26,não
5126,1099617-37.2023.9.61.1793,12/07/2020,recurso de apelação,Dr. Barros,juntada de documentos realizada,,
5127,4131852-60.2020.1.89.9739,2023-12-09,petição inicial,Dr. Barros,documentos pendentes de entrega pelo cliente,,S
5128,7486138-99.2020.5.81.4332,06/03/2020,agravo regimental,Dr. Barros,audiência marcada para 30 de agosto de 2026,,não
5129,5967836-10.2021.4.35.9671,11 de dezembro de 2021,intimação,DRA. CAVALCANTE,Prazo fatal: 18/05/26,,N
5130,1273300-90.2024.2.80.7378,07/01/2024,réplica,Dr. Barros,diligência externa necessária,10/12/26,
5131,7999133-20.2023.7.26.1121,2022-04-28,sentença,Dra Fontes,documentos pendentes de entrega pelo cliente,24/03/26,0
5132,5266269-78.2021.7.59.1392,19/01/2019,recurso de apelação,Dra Fontes,aguardando manifestação da parte contrária,05/02/2026,N
5133,1887163-62.2025.9.93.1037,06/07/23,réplica,DRA. CAVALCANTE,diligência externa necessária,,S
5134,2016341-89.2023.7.48.2724,05/04/21,memoriais,Dra. Cavalcante,audiência marcada para 02/09/2026,,N
5135,7916680-90.2022.1.67.1785,7 de novembro de 2019,réplica,Dr. Barros,juntada de documentos realizada,,0
5136,8607512-63.2021.6.82.1039,13/05/22,intimação,Dra. Fontes,audiência marcada para 09/09/26,2026-12-16,sim
5137,1353022-94.2023.9.79.1203,12/02/2020,despacho,Dra Fontes,juntada de documentos realizada,2026-07-12,1
5138,2895065-46.2022.7.67.1438,09/04/2020,recurso de apelação,Dr. Barros,audiência marcada para 2026-10-10,,não
5139,1964519-55.2020.7.58.6781,30/05/19,recurso de apelação,Dra. Cavalcante,aguardando manifestação da parte contrária,,não
5140,6686912-30.2025.4.68.7078,21 de agosto de 2020,memoriais,Dra Fontes,,,1
5141,5483975-50.2024.8.92.4422,11/03/26,réplica,Dra Fontes,diligência externa necessária,,S
5142,6003915-30.2025.6.37.7681,2023-01-03,agravo regimental,Dra Fontes,juntada de documentos realizada,,1
5143,9057219-99.2020.9.96.3254,23/03/26,recurso de apelação,DRA. CAVALCANTE,audiência marcada para 21 de março de 2026,,1
5144,3588109-63.2023.1.26.4223,16/03/20,despacho,dr. melo,,11 de janeiro de 2026,1
5145,2328070-99.2024.8.57.5561,14/06/2020,acordo extrajudicial,DRA. CAVALCANTE,documentos pendentes de entrega pelo cliente,,0
5146,9774395-92.2023.2.75.3192,15/05/22,audiência de instrução,dr. melo,documentos pendentes de entrega pelo cliente,13 de setembro de 2026,1
5147,2519059-58.2022.7.86.4385,26/03/2019,agravo regimental,Dr. Barros,prazo para recurso: 12 dias úteis a contar da intimação,,sim
5148,6445422-21.2020.5.39.8096,16/07/2025,sentença,Dra Fontes,audiência marcada para 07/09/2026,,N
5149,4874996-38.2022.9.94.8154,21 de setembro de 2024,recurso de apelação,DRA. CAVALCANTE,documentos pendentes de entrega pelo cliente,08/10/2026,S
5150,9057960-29.2025.5.10.6072,12/08/22,despacho,Dr. Melo,documentos pendentes de entrega pelo cliente,,
5151,5217157-98.2020.2.64.4094,4 de abril de 2023,audiência de instrução,Dr. Melo,audiência marcada para 16 de dezembro de 2026,,0
5152,5661974-14.2020.6.39.3137,12/02/24,intimação,DRA. CAVALCANTE,diligência externa necessária,,S
5153,4415624-13.2024.9.14.9480,24 de dezembro de 2024,recurso de apelação,Dra. Fontes,documentos pendentes de entrega pelo cliente,08/01/2026,0
5154,5401874-62.2025.2.46.8337,22 de maio de 2024,petição inicial,Dr. Barros,prazo para recurso: 17 dias úteis a contar da intimação,,1
5155,8381610-96.2020.6.26.2533,27/12/2024,acordo extrajudicial,dr. melo,aguardando manifestação da parte contrária,,não
5156,6953559-38.2025.7.42.9212,03/05/22,acordo extrajudicial,dr. melo,prazo para recurso: 18 dias úteis a contar da intimação,2026-12-05,0
5157,8097721-13.2023.1.47.8354,10 de fevereiro de 2022,agravo regimental,Dra. Cavalcante,juntada de documentos realizada,,S
5158,1964519-55.2020.7.58.6781,20/05/2020,acordo extrajudicial,Dr. Melo,prazo para recurso: 17 dias úteis a contar da intimação,,S
5159,2545435-52.2025.3.59.7623,12 de janeiro de 2026,intimação,Dr. Melo,Prazo fatal: 11/06/2026,,
5160,4494463-44.2022.5.80.7542,31/10/24,acordo extrajudicial,Dr. Melo,prazo para recurso: 7 dias úteis a contar da intimação,,N
5161,9885734-21.2023.9.74.3450,05/10/22,réplica,Dra. Cavalcante,prazo para recurso: 18 dias úteis a contar da intimação,,
5162,7820540-78.2023.1.75.4823,29/11/21,agravo regimental,DRA. CAVALCANTE,audiência marcada para 2026-10-23,,não
5163,1621418-87.2020.9.55.9337,2024-07-28,audiência de instrução,DRA. CAVALCANTE,,,N
5164,5422047-80.2024.8.62.4364,2023-10-07,recurso de apelação,Dra. Cavalcante,,,
5165,1353022-94.2023.9.79.1203,2026-04-21,sentença,Dr. Melo,diligência externa necessária,,S
5166,2966787-79.2022.1.41.9944,11/02/2026,despacho,Dra. Fontes,audiência marcada para 14/09/26,21 de janeiro de 2026,não
5167,7224257-29.2020.8.88.9110,2023-11-04,sentença,dr. melo,documentos pendentes de entrega pelo cliente,14/06/26,0
5168,5953905-94.2022.5.44.3245,26 de abril de 2022,laudo pericial,Dr. Barros,,,não
5169,5733649-38.2020.2.35.3379,2022-12-19,embargos de declaração,dr. melo,,,
5170,1887163-62.2025.9.93.1037,2022-07-30,intimação,Dra. Cavalcante,juntada de documentos realizada,30/05/2026,1
5171,2328070-99.2024.8.57.5561,16/05/2022,réplica,Dr. Barros,diligência externa necessária,,S
5172,8574876-96.2020.7.97.4673,11/09/23,intimação,Dra. Fontes,prazo para recurso: 18 dias úteis a contar da intimação,14 de junho de 2026,não
5173,7323234-16.2020.9.59.5035,15/12/21,despacho,Dr. Barros,aguardando manifestação da parte contrária,,S
5174,5631823-61.2020.5.47.1440,9 de maio de 2025,memoriais,Dra. Cavalcante,aguardando manifestação da parte contrária,,0
5175,4601686-30.2021.5.52.7745,2020-01-15,contestação,DRA. CAVALCANTE,,30/03/2026,não
5176,6694761-39.2022.1.10.2199,3 de outubro de 2022,agravo regimental,Dra Fontes,documentos pendentes de entrega pelo cliente,,1
5177,6445422-21.2020.5.39.8096,2024-09-07,contestação,Dra Fontes,,2026-11-20,
5178,5614769-67.2022.9.87.1001,25/10/2025,acordo extrajudicial,Dra. Fontes,documentos pendentes de entrega pelo cliente,,N
5179,1974389-81.2024.5.57.9354,05/04/2026,réplica,Dra. Fontes,audiência marcada para 06/08/26,,1
5180,1714231-74.2025.9.71.1697,16 de janeiro de 2024,agravo regimental,Dr. Barros,documentos pendentes de entrega pelo cliente,23 de janeiro de 2026,N
5181,9774395-92.2023.2.75.3192,23 de setembro de 2020,despacho,DRA. CAVALCANTE,,,0
5182,2100417-68.2021.7.29.9662,2021-10-01,citação,Dr. Barros,,,não
5183,9774395-92.2023.2.75.3192,1 de novembro de 2020,recurso de apelação,Dr. Barros,diligência externa necessária,20 de setembro de 2026,1
5184,8129073-22.2024.4.16.9656,2023-10-15,contestação,Dr. Barros,Prazo fatal: 19 de março de 2026,,1
5185,1933296-95.2024.5.69.8317,2019-12-23,citação,DRA. CAVALCANTE,audiência marcada para 2026-03-19,6 de junho de 2026,S
5186,2554938-48.2024.1.13.4544,24/10/2024,sentença,Dr. Melo,juntada de documentos realizada,,sim
5187,7820540-78.2023.1.75.4823,1 de outubro de 2024,agravo regimental,Dra. Fontes,audiência marcada para 2026-09-25,,1
5188,9398629-61.2022.5.88.8253,23/05/2021,habilitação,Dr. Barros,diligência externa necessária,,0
5189,9489806-94.2021.2.55.9162,03/02/2023,sentença,dr. melo,audiência marcada para 7 de março de 2026,,N
5190,3168718-77.2025.2.92.8027,13/10/21,contestação,Dr. Barros,documentos pendentes de entrega pelo cliente,,S
5191,7136189-41.2024.2.60.1768,14/11/2022,citação,Dr. Barros,Prazo fatal: 2026-06-24,,0
5192,7438163-48.2021.3.47.1186,01/11/2025,agravo regimental,DRA. CAVALCANTE,documentos pendentes de entrega pelo cliente,,sim
5193,6254488-31.2024.9.48.3216,30/07/2021,despacho,Dra. Fontes,diligência externa necessária,12/05/26,
5194,5266269-78.2021.7.59.1392,3 de fevereiro de 2022,embargos de declaração,Dra. Fontes,,,não
5195,4140100-24.2024.4.63.7178,2020-06-12,habilitação,dr. melo,aguardando manifestação da parte contrária,,0
5196,5733649-38.2020.2.35.3379,24/05/24,despacho,dr. melo,diligência externa necessária,,sim
5197,5271615-59.2021.2.54.6844,04/09/23,sentença,Dr. Barros,audiência marcada para 03/12/2026,,0
5198,2191287-57.2021.1.18.8228,17 de outubro de 2022,habilitação,dr. melo,prazo para recurso: 11 dias úteis a contar da intimação,,sim
5199,6105303-92.2021.4.39.3868,29 de março de 2024,intimação,Dra. Cavalcante,prazo para recurso: 12 dias úteis a contar da intimação,18 de fevereiro de 2026,0
5200,7813974-60.2021.1.81.1542,2024-05-14,despacho,Dr. Barros,audiência marcada para 2026-05-16,,0
5201,9636371-69.2025.8.67.4068,08/02/2024,petição inicial,Dr. Barros,juntada de documentos realizada,2026-10-29,0
5202,2575202-50.2023.1.54.9627,2 de agosto de 2022,citação,Dra Fontes,audiência marcada para 2026-10-10,,N
5203,4140100-24.2024.4.63.7178,05/03/2025,laudo pericial,Dr. Barros,audiência marcada para 2026-04-20,,não
5204,2267110-24.2021.5.78.6025,13/07/2022,acordo extrajudicial,Dr. Barros,audiência marcada para 30 de outubro de 2026,19 de janeiro de 2026,sim
5205,2267110-24.2021.5.78.6025,2023-01-25,laudo pericial,Dra. Fontes,aguardando manifestação da parte contrária,,não
5206,1974389-81.2024.5.57.9354,26 de julho de 2023,sentença,Dr. Barros,audiência marcada para 02/06/2026,,
5207,2129757-49.2025.4.14.5657,13 de agosto de 2020,agravo regimental,Dr. Barros,documentos pendentes de entrega pelo cliente,,S
5208,2100417-68.2021.7.29.9662,14/01/2026,acordo extrajudicial,Dr. Barros,Prazo fatal: 19/02/26,,1
5209,6547287-16.2023.4.15.7491,29 de julho de 2024,acordo extrajudicial,DRA. CAVALCANTE,audiência marcada para 03/07/2026,,0
5210,9108785-98.2021.3.78.6687,09/06/24,petição inicial,Dr. Melo,documentos pendentes de entrega pelo cliente,13 de abril de 2026,sim
5211,6260319-38.2024.8.96.1114,03/11/2020,memoriais,DRA. CAVALCANTE,Prazo fatal: 2026-06-02,,sim
5212,9398629-61.2022.5.88.8253,25 de maio de 2020,despacho,Dra. Cavalcante,,2026-09-18,N
5213,5786762-52.2021.9.21.3037,2022-08-07,agravo regimental,Dr. Barros,,,S
5214,8905709-90.2020.9.55.2471,1 de abril de 2025,memoriais,dr. melo,juntada de documentos realizada,,1
5215,3346094-93.2020.2.94.1759,19/09/2020,despacho,Dr. Melo,documentos pendentes de entrega pelo cliente,,sim
5216,8827641-36.2022.5.59.8715,02/07/25,embargos de declaração,dr. melo,diligência externa necessária,,1
5217,2545435-52.2025.3.59.7623,2021-02-21,despacho,Dr. Barros,audiência marcada para 29/10/2026,,
5218,7115217-41.2025.1.67.7692,02/11/2020,sentença,Dr. Barros,Prazo fatal: 10 de julho de 2026,29 de outubro de 2026,
5219,5217157-98.2020.2.64.4094,2021-03-13,agravo regimental,Dra Fontes,diligência externa necessária,,S
5220,5050722-10.2024.8.29.4298,21/05/2024,habilitação,Dr. Barros,aguardando manifestação da parte contrária,30/07/26,
5221,8735892-74.2025.8.18.9411,26/08/19,petição inicial,Dra. Cavalcante,audiência marcada para 21 de setembro de 2026,,S
5222,2397582-22.2023.9.93.4223,29/03/2022,citação,Dr. Barros,documentos pendentes de entrega pelo cliente,12/02/2026,1
5223,5401874-62.2025.2.46.8337,2023-04-13,habilitação,dr. melo,,,não
5224,5214684-96.2020.6.84.9986,2021-11-09,audiência de instrução,Dra. Fontes,aguardando manifestação da parte contrária,,S
5225,5058333-37.2021.3.98.8848,2024-02-09,petição inicial,dr. melo,Prazo fatal: 2026-06-05,,sim
5226,2842764-33.2025.7.99.7279,07/07/2023,petição inicial,Dra. Cavalcante,aguardando manifestação da parte contrária,12/01/26,1
5227,7544569-30.2022.4.91.9370,3 de junho de 2025,laudo pericial,Dr. Barros,Prazo fatal: 2026-02-28,,N
5228,7323234-16.2020.9.59.5035,13/10/2022,laudo pericial,Dr. Melo,diligência externa necessária,,
5229,5472823-70.2022.4.41.7624,27/11/25,audiência de instrução,Dr. Barros,audiência marcada para 15/10/26,,não
5230,1272937-41.2023.5.75.9958,22 de fevereiro de 2021,laudo pericial,Dr. Barros,prazo para recurso: 18 dias úteis a contar da intimação,,S
5231,3975387-89.2023.4.55.7631,22 de fevereiro de 2022,petição inicial,Dra. Cavalcante,juntada de documentos realizada,,0
5232,2019436-32.2020.6.16.9856,2025-01-10,embargos de declaração,Dr. Barros,audiência marcada para 01/12/2026,,não
5233,6992158-64.2024.5.43.7750,2023-01-08,embargos de declaração,Dra. Cavalcante,aguardando manifestação da parte contrária,20 de janeiro de 2026,S
5234,7724543-49.2023.9.44.7412,27/08/2022,recurso de apelação,Dr. Barros,diligência externa necessária,,0
5235,9425559-65.2022.6.99.1309,2021-07-01,citação,Dr. Barros,Prazo fatal: 2026-05-19,,não
5236,9822459-92.2024.8.17.6403,10/10/2021,memoriais,dr. melo,prazo para recurso: 28 dias úteis a contar da intimação,,N
5237,3242098-97.2025.4.44.9916,25 de novembro de 2022,recurso de apelação,Dra. Fontes,audiência marcada para 23/04/26,2026-12-11,sim
5238,5788467-41.2023.8.93.8134,30 de abril de 2023,intimação,Dra Fontes,diligência externa necessária,,
5239,5271615-59.2021.2.54.6844,19 de agosto de 2023,sentença,Dra. Cavalcante,documentos pendentes de entrega pelo cliente,,1
5240,1346701-74.2024.1.65.8985,2023-02-09,réplica,Dra. Cavalcante,prazo para recurso: 17 dias úteis a contar da intimação,,N
5241,4085001-92.2022.6.76.8938,2024-04-14,audiência de instrução,Dr. Barros,Prazo fatal: 4 de agosto de 2026,25 de abril de 2026,sim
5242,8286382-50.2025.4.53.4414,2 de maio de 2023,agravo regimental,Dra. Cavalcante,juntada de documentos realizada,,não
5243,5660649-86.2020.5.86.9291,03/01/21,agravo regimental,Dra. Cavalcante,audiência marcada para 06/06/26,2026-03-08,1
5244,3464073-25.2022.8.73.5075,24 de março de 2025,réplica,Dra. Fontes,documentos pendentes de entrega pelo cliente,2026-04-06,não
5245,2341370-92.2024.9.60.8122,27/12/2019,sentença,Dra. Fontes,documentos pendentes de entrega pelo cliente,2026-12-28,N
5246,7274275-74.2020.1.22.9780,05/11/24,acordo extrajudicial,Dr. Barros,documentos pendentes de entrega pelo cliente,,sim
5247,5210656-44.2021.1.39.2474,14/08/20,despacho,Dr. Barros,prazo para recurso: 26 dias úteis a contar da intimação,,sim
5248,6339808-70.2020.2.67.1325,2021-09-07,audiência de instrução,DRA. CAVALCANTE,documentos pendentes de entrega pelo cliente,,sim
5249,4180949-86.2020.3.26.7593,2021-01-04,laudo pericial,Dr. Barros,documentos pendentes de entrega pelo cliente,,N
5250,8323566-47.2021.3.26.4644,2021-07-08,intimação,Dr. Barros,diligência externa necessária,,N
5251,7398699-88.2025.6.55.3587,2023-03-17,réplica,Dr. Melo,,,0
5252,8843195-99.2024.6.39.2836,22 de setembro de 2019,acordo extrajudicial,DRA. CAVALCANTE,Prazo fatal: 08/12/2026,,0
5253,2191287-57.2021.1.18.8228,5 de dezembro de 2024,despacho,dr. melo,prazo para recurso: 22 dias úteis a contar da intimação,06/07/2026,1
5254,5217157-98.2020.2.64.4094,04/02/2022,sentença,DRA. CAVALCANTE,Prazo fatal: 03/02/26,28/06/2026,1
5255,6524227-53.2025.1.97.6214,25/11/25,embargos de declaração,DRA. CAVALCANTE,diligência externa necessária,,S
5256,2292432-35.2025.5.83.7063,16/12/2022,embargos de declaração,DRA. CAVALCANTE,juntada de documentos realizada,,sim
5257,3710559-31.2020.9.95.2540,28/11/2022,embargos de declaração,Dr. Melo,Prazo fatal: 31/07/2026,,1
5258,8749473-21.2020.4.12.9144,19/03/2025,acordo extrajudicial,Dra. Cavalcante,juntada de documentos realizada,01/06/2026,N
5259,1353022-94.2023.9.79.1203,19/08/2020,intimação,dr. melo,,,0
5260,8209168-30.2020.1.41.7632,2024-03-12,acordo extrajudicial,Dr. Barros,documentos pendentes de entrega pelo cliente,,sim
5261,2966787-79.2022.1.41.9944,08/03/24,despacho,Dr. Barros,,,S
5262,9398629-61.2022.5.88.8253,10 de setembro de 2020,habilitação,Dr. Barros,,,não
5263,9798556-59.2021.3.62.3110,13 de abril de 2026,contestação,Dra. Fontes,diligência externa necessária,2026-01-12,N
5264,7136189-41.2024.2.60.1768,07/07/2021,laudo pericial,Dr. Melo,Prazo fatal: 12/02/26,,sim
5265,1602496-64.2022.5.79.8340,23 de fevereiro de 2020,petição inicial,DRA. CAVALCANTE,Prazo fatal: 04/08/26,,sim
5266,4563779-48.2023.2.87.9606,2021-03-26,acordo extrajudicial,Dr. Barros,prazo para recurso: 27 dias úteis a contar da intimação,,S
5267,9970343-38.2020.5.18.4483,16/08/24,memoriais,dr. melo,prazo para recurso: 5 dias úteis a contar da intimação,6 de novembro de 2026,
5268,2966787-79.2022.1.41.9944,22/12/2021,recurso de apelação,Dr. Barros,prazo para recurso: 16 dias úteis a contar da intimação,,0
5269,4563779-48.2023.2.87.9606,23 de abril de 2023,contestação,Dra Fontes,Prazo fatal: 6 de dezembro de 2026,,não
5270,5996426-23.2022.8.20.3566,06/07/25,recurso de apelação,Dra. Cavalcante,audiência marcada para 02/07/26,,S
5271,5638123-23.2024.7.30.5009,29/04/23,audiência de instrução,Dr. Barros,audiência marcada para 30 de dezembro de 2026,,
5272,2236315-26.2022.5.82.8939,26 de abril de 2022,contestação,Dr. Barros,audiência marcada para 22/07/26,2026-07-02,S
5273,4314934-26.2021.7.14.7244,1 de dezembro de 2021,sentença,dr. melo,juntada de documentos realizada,,sim
5274,4865461-96.2025.2.64.9143,2022-11-26,petição inicial,Dra. Cavalcante,audiência marcada para 01/11/2026,27 de outubro de 2026,sim
5275,6260319-38.2024.8.96.1114,26/10/2021,sentença,Dra Fontes,diligência externa necessária,,0
5276,8886588-26.2020.9.65.6361,31/12/22,embargos de declaração,Dra. Cavalcante,Prazo fatal: 12 de maio de 2026,12 de maio de 2026,N
5277,5159219-49.2023.5.25.3676,2024-02-10,embargos de declaração,Dra. Fontes,diligência externa necessária,,
5278,5966644-82.2023.4.88.9951,2021-08-07,laudo pericial,Dra. Cavalcante,documentos pendentes de entrega pelo cliente,,1
5279,7640585-40.2023.1.57.1721,22 de maio de 2022,habilitação,Dr. Melo,juntada de documentos realizada,2026-09-18,N
5280,3168718-77.2025.2.92.8027,08/04/2022,audiência de instrução,dr. melo,audiência marcada para 01/11/26,,sim
5281,1667591-67.2025.4.69.9424,2020-04-17,petição inicial,Dr. Melo,audiência marcada para 7 de outubro de 2026,2026-02-09,não
5282,2490107-19.2023.9.10.7930,12/03/2025,citação,Dr. Barros,aguardando manifestação da parte contrária,12/05/26,
5283,1757615-27.2025.7.10.3762,29/02/2020,petição inicial,Dr. Melo,Prazo fatal: 26/11/2026,,não
5284,3054975-46.2023.4.85.5879,10/03/24,réplica,Dra Fontes,juntada de documentos realizada,,sim
5285,4893809-11.2021.7.19.9759,14/11/2025,contestação,Dra Fontes,aguardando manifestação da parte contrária,,sim
5286,5755257-93.2020.8.44.2882,20/11/20,acordo extrajudicial,Dr. Barros,audiência marcada para 28/04/26,13 de abril de 2026,1
5287,3766710-17.2025.4.91.1472,29 de outubro de 2024,acordo extrajudicial,Dra. Cavalcante,,,1
5288,9885734-21.2023.9.74.3450,2 de agosto de 2023,citação,Dra Fontes,Prazo fatal: 20 de dezembro de 2026,,não
5289,2016341-89.2023.7.48.2724,20/01/2022,memoriais,Dra Fontes,aguardando manifestação da parte contrária,,
5290,3496733-55.2020.2.43.8503,09/08/20,agravo regimental,dr. melo,,,0
5291,2292432-35.2025.5.83.7063,23 de março de 2023,réplica,dr. melo,juntada de documentos realizada,17/12/26,não
5292,7245951-43.2021.4.11.7623,21/01/22,sentença,Dra. Cavalcante,aguardando manifestação da parte contrária,,não
5293,6260319-38.2024.8.96.1114,14/10/2025,memoriais,Dr. Melo,prazo para recurso: 23 dias úteis a contar da intimação,,sim
5294,6663627-76.2023.9.26.5770,2020-11-09,agravo regimental,Dr. Melo,prazo para recurso: 9 dias úteis a contar da intimação,,S
5295,3679963-72.2020.9.29.7859,26/08/2019,laudo pericial,Dr. Barros,documentos pendentes de entrega pelo cliente,,
5296,4064382-39.2022.4.13.8937,2021-11-26,laudo pericial,Dra. Cavalcante,aguardando manifestação da parte contrária,,0
5297,7419280-60.2021.1.40.9417,15/08/24,acordo extrajudicial,DRA. CAVALCANTE,Prazo fatal: 13/07/2026,,sim
5298,5786762-52.2021.9.21.3037,27/10/22,laudo pericial,Dr. Barros,juntada de documentos realizada,,não
5299,9062552-47.2024.4.22.8265,05/05/20,intimação,dr. melo,diligência externa necessária,01/03/2026,S
5300,3922248-27.2025.1.42.4047,2020-02-26,petição inicial,Dra Fontes,documentos pendentes de entrega pelo cliente,,S
5301,1013314-48.2023.4.39.2083,03/10/2023,petição inicial,Dr. Barros,audiência marcada para 08/10/26,,1
5302,6425355-10.2021.6.53.2041,12 de agosto de 2022,contestação,dr. melo,Prazo fatal: 23 de junho de 2026,,
5303,4299848-20.2023.2.47.7396,12/09/2023,memoriais,dr. melo,prazo para recurso: 6 dias úteis a contar da intimação,,N
5304,5700249-43.2020.5.57.9341,10 de fevereiro de 2020,audiência de instrução,Dr. Barros,Prazo fatal: 14/01/26,,
5305,3260101-88.2022.8.37.9169,03/05/22,embargos de declaração,DRA. CAVALCANTE,audiência marcada para 30/11/26,2026-01-24,não
5306,8630644-97.2025.3.28.1296,30 de maio de 2022,intimação,Dra Fontes,diligência externa necessária,,sim
5307,5159219-49.2023.5.25.3676,14/08/19,laudo pericial,Dr. Melo,audiência marcada para 22 de novembro de 2026,,S
5308,3542799-64.2025.6.13.7299,2025-02-26,habilitação,Dr. Melo,juntada de documentos realizada,,S
5309,4865461-96.2025.2.64.9143,2020-02-01,sentença,dr. melo,aguardando manifestação da parte contrária,,S
5310,6267378-50.2021.9.19.9923,15/07/2019,petição inicial,dr. melo,juntada de documentos realizada,,
5311,4687348-31.2023.1.92.6907,14/06/2024,memoriais,Dra Fontes,prazo para recurso: 30 dias úteis a contar da intimação,30 de outubro de 2026,0
5312,5266269-78.2021.7.59.1392,09/11/25,sentença,DRA. CAVALCANTE,,,0
5313,6260319-38.2024.8.96.1114,2020-11-14,memoriais,Dra. Cavalcante,diligência externa necessária,,1
5314,8097721-13.2023.1.47.8354,2023-10-13,acordo extrajudicial,Dr. Melo,Prazo fatal: 24 de outubro de 2026,,não
5315,9636371-69.2025.8.67.4068,14/03/21,réplica,Dr. Barros,,,1
5316,5953905-94.2022.5.44.3245,11/10/22,agravo regimental,Dra. Cavalcante,diligência externa necessária,,1
5317,5284129-51.2020.3.32.5205,22/10/2021,citação,Dr. Barros,,,N
5318,1346701-74.2024.1.65.8985,17/11/2023,réplica,Dra. Fontes,audiência marcada para 27 de março de 2026,,N
5319,8306601-19.2020.3.50.7457,17 de março de 2025,agravo regimental,Dr. Melo,prazo para recurso: 13 dias úteis a contar da intimação,,N
5320,2100417-68.2021.7.29.9662,20/09/2020,réplica,Dra. Fontes,,,S
5321,9824532-76.2023.6.37.2040,22/06/2025,sentença,Dr. Melo,,,N
5322,5451988-41.2020.2.82.4041,1 de agosto de 2023,habilitação,Dra. Fontes,,,1
5323,8986773-71.2022.6.45.5854,09/01/2020,laudo pericial,dr. melo,juntada de documentos realizada,27/01/26,sim
5324,2112478-55.2024.2.51.9095,14/10/24,contestação,dr. melo,audiência marcada para 22 de abril de 2026,,não
5325,8886588-26.2020.9.65.6361,2025-02-13,petição inicial,dr. melo,Prazo fatal: 2026-08-05,09/03/2026,sim
5326,6018860-77.2022.1.94.1315,2025-05-23,citação,dr. melo,documentos pendentes de entrega pelo cliente,,1
5327,2231929-89.2024.6.41.5461,17 de janeiro de 2020,sentença,Dr. Barros,aguardando manifestação da parte contrária,18/05/26,0
5328,1878000-50.2025.7.58.1197,06/11/2020,citação,Dra Fontes,juntada de documentos realizada,2026-10-15,sim
5329,3724721-44.2021.9.75.5553,2023-06-29,embargos de declaração,Dr. Barros,diligência externa necessária,14 de outubro de 2026,1
5330,5068524-45.2025.9.91.6906,25/02/2023,embargos de declaração,Dra Fontes,documentos pendentes de entrega pelo cliente,,N
5331,4433355-55.2023.8.48.9346,21 de setembro de 2025,recurso de apelação,Dr. Barros,audiência marcada para 2026-08-16,,N
5332,8097721-13.2023.1.47.8354,26 de agosto de 2022,memoriais,Dra. Fontes,,,não
5333,5753123-52.2021.4.48.4042,13/06/21,audiência de instrução,Dr. Barros,juntada de documentos realizada,2026-12-29,1
5334,7115217-41.2025.1.67.7692,20/05/2025,recurso de apelação,Dr. Melo,prazo para recurso: 28 dias úteis a contar da intimação,,0
5335,4433355-55.2023.8.48.9346,22 de abril de 2022,laudo pericial,DRA. CAVALCANTE,aguardando manifestação da parte contrária,,0
5336,7245951-43.2021.4.11.7623,17/02/21,embargos de declaração,DRA. CAVALCANTE,diligência externa necessária,,S
5337,1116024-57.2025.8.16.4043,07/11/2023,citação,Dra. Fontes,documentos pendentes de entrega pelo cliente,,N
5338,5953905-94.2022.5.44.3245,2023-01-23,audiência de instrução,Dra. Cavalcante,diligência externa necessária,9 de março de 2026,1
5339,5753123-52.2021.4.48.4042,29 de dezembro de 2025,memoriais,Dra Fontes,Prazo fatal: 15/04/26,,N
5340,3710559-31.2020.9.95.2540,17/11/2024,intimação,Dr. Melo,,28 de abril de 2026,N
5341,6101036-60.2022.7.49.3295,19/06/21,citação,Dr. Barros,juntada de documentos realizada,,
5342,8183950-10.2021.5.84.9388,03/06/21,despacho,Dra. Fontes,,12/12/26,
5343,7722274-26.2024.9.14.7062,16/11/23,memoriais,Dra. Cavalcante,juntada de documentos realizada,,não
5344,2411026-52.2022.6.26.7373,19/04/2025,contestação,dr. melo,documentos pendentes de entrega pelo cliente,,
5345,1833330-93.2025.8.61.3405,29 de outubro de 2021,acordo extrajudicial,Dra Fontes,Prazo fatal: 2026-05-25,22 de julho de 2026,não
5346,3924425-56.2021.9.58.2912,24 de setembro de 2025,laudo pericial,Dra. Cavalcante,diligência externa necessária,,N
5347,9110060-16.2025.2.29.4716,03/06/2021,habilitação,Dra. Fontes,diligência externa necessária,,N
5348,4865461-96.2025.2.64.9143,2020-02-08,recurso de apelação,Dra. Cavalcante,Prazo fatal: 24/08/26,,sim
5349,5438623-45.2022.4.51.7250,2023-05-09,memoriais,Dra Fontes,diligência externa necessária,,sim
5350,9898363-27.2020.4.89.2966,30/07/2024,citação,Dra Fontes,juntada de documentos realizada,,sim
5351,3710559-31.2020.9.95.2540,10 de março de 2025,habilitação,Dra Fontes,documentos pendentes de entrega pelo cliente,,não
5352,7640585-40.2023.1.57.1721,10/04/22,agravo regimental,DRA. CAVALCANTE,audiência marcada para 20 de junho de 2026,24 de junho de 2026,0
5353,9666878-83.2023.6.29.9905,2023-01-27,memoriais,Dra Fontes,diligência externa necessária,,sim
5354,7916680-90.2022.1.67.1785,2020-02-28,agravo regimental,DRA. CAVALCANTE,documentos pendentes de entrega pelo cliente,,sim
5355,8323566-47.2021.3.26.4644,2019-03-11,habilitação,Dr. Barros,Prazo fatal: 2026-08-10,,sim
5356,9686751-57.2022.7.62.3494,16/06/23,laudo pericial,Dra. Cavalcante,audiência marcada para 09/03/26,,1
5357,7065068-16.2021.7.14.6489,2020-08-27,recurso de apelação,Dr. Melo,documentos pendentes de entrega pelo cliente,18/02/26,S
5358,3306375-34.2024.9.48.9154,12/10/2022,intimação,Dra. Fontes,diligência externa necessária,17 de junho de 2026,0
5359,2575202-50.2023.1.54.9627,17 de janeiro de 2024,réplica,dr. melo,prazo para recurso: 23 dias úteis a contar da intimação,,1
5360,4568537-97.2021.4.82.7633,12/08/2025,citação,Dra. Fontes,audiência marcada para 14/05/26,,S
5361,2658962-39.2022.5.95.8856,01/01/2020,memoriais,Dr. Barros,audiência marcada para 04/07/2026,19 de setembro de 2026,não
5362,8735892-74.2025.8.18.9411,01/02/2019,acordo extrajudicial,Dr. Barros,diligência externa necessária,,S
5363,7765112-69.2024.9.62.5648,16/07/21,petição inicial,Dra. Cavalcante,,,1
5364,8588997-88.2020.6.29.5987,13 de agosto de 2020,sentença,Dr. Barros,,07/05/2026,S
5365,6414076-16.2021.7.78.8273,19 de maio de 2025,intimação,dr. melo,audiência marcada para 4 de outubro de 2026,,N
5366,6694761-39.2022.1.10.2199,2 de novembro de 2019,intimação,Dra. Cavalcante,audiência marcada para 12/11/2026,,S
5367,7544569-30.2022.4.91.9370,2025-12-31,citação,Dra. Cavalcante,diligência externa necessária,12/02/2026,
5368,5853247-29.2020.7.62.8870,01/11/21,audiência de instrução,Dra. Fontes,documentos pendentes de entrega pelo cliente,24/03/2026,N
5369,2236315-26.2022.5.82.8939,2023-08-28,acordo extrajudicial,dr. melo,Prazo fatal: 23 de novembro de 2026,11 de dezembro de 2026,sim
5370,7223110-52.2024.2.44.8994,25 de novembro de 2020,contestação,Dr. Melo,,,
5371,9408522-77.2021.3.36.8376,18/01/2020,contestação,DRA. CAVALCANTE,Prazo fatal: 16/08/2026,,0
5372,3750497-13.2024.6.65.9009,27/03/2026,laudo pericial,Dr. Barros,,2026-02-03,S
5373,7979033-26.2021.6.18.1084,21/01/2024,citação,Dra. Cavalcante,prazo para recurso: 7 dias úteis a contar da intimação,,0
5374,4494463-44.2022.5.80.7542,22 de março de 2022,recurso de apelação,Dr. Barros,documentos pendentes de entrega pelo cliente,,sim
5375,7941836-76.2025.4.34.6543,05/09/20,audiência de instrução,Dr. Barros,aguardando manifestação da parte contrária,05/02/26,S
5376,4563779-48.2023.2.87.9606,02/08/2021,memoriais,Dra. Cavalcante,documentos pendentes de entrega pelo cliente,,S
5377,6370110-64.2022.3.52.8440,30/03/2020,contestação,dr. melo,juntada de documentos realizada,29/12/2026,S
5378,6476769-27.2021.5.22.2570,17/09/2021,acordo extrajudicial,DRA. CAVALCANTE,aguardando manifestação da parte contrária,2026-01-31,
5379,4202942-75.2025.6.91.7611,08/04/25,agravo regimental,Dra. Fontes,Prazo fatal: 2026-02-23,,sim
5380,4865461-96.2025.2.64.9143,19 de novembro de 2024,recurso de apelação,Dr. Melo,Prazo fatal: 15/01/2026,13/08/26,
5381,8892606-62.2022.2.87.2168,15 de dezembro de 2020,embargos de declaração,dr. melo,Prazo fatal: 21 de março de 2026,09/04/2026,1
5382,7626521-25.2020.9.17.3305,2024-08-27,intimação,DRA. CAVALCANTE,diligência externa necessária,,N
5383,8714773-70.2022.9.65.8541,10/11/2020,habilitação,Dra. Cavalcante,documentos pendentes de entrega pelo cliente,15 de fevereiro de 2026,
5384,7640585-40.2023.1.57.1721,12 de agosto de 2025,citação,Dra. Fontes,juntada de documentos realizada,,1
5385,9885734-21.2023.9.74.3450,2020-07-28,audiência de instrução,Dr. Melo,audiência marcada para 04/10/2026,,não
5386,2884639-86.2023.2.31.8737,15/05/2020,despacho,Dr. Barros,aguardando manifestação da parte contrária,,N
5387,7486138-99.2020.5.81.4332,2026-04-26,sentença,dr. melo,aguardando manifestação da parte contrária,,não
5388,4140100-24.2024.4.63.7178,01/04/2021,réplica,Dr. Barros,,,
5389,2397582-22.2023.9.93.4223,4 de janeiro de 2023,acordo extrajudicial,Dra Fontes,Prazo fatal: 2026-07-13,,1
5390,9076234-78.2023.3.90.2702,2019-09-18,laudo pericial,DRA. CAVALCANTE,juntada de documentos realizada,,1
5391,5853247-29.2020.7.62.8870,25/02/2025,citação,Dr. Melo,aguardando manifestação da parte contrária,15/02/26,
5392,1778149-24.2023.1.86.3557,01/04/20,acordo extrajudicial,dr. melo,Prazo fatal: 2026-12-08,,S
5393,8735892-74.2025.8.18.9411,25/05/20,sentença,Dra. Fontes,audiência marcada para 24/12/26,,0
5394,8714773-70.2022.9.65.8541,12/02/20,petição inicial,Dr. Barros,documentos pendentes de entrega pelo cliente,2026-05-23,
5395,3346094-93.2020.2.94.1759,2025-07-04,acordo extrajudicial,Dra. Cavalcante,audiência marcada para 20/11/26,,
5396,5638123-23.2024.7.30.5009,24/06/2024,despacho,Dra. Fontes,diligência externa necessária,,1
5397,7323234-16.2020.9.59.5035,21 de agosto de 2024,laudo pericial,Dr. Melo,Prazo fatal: 29 de setembro de 2026,2026-11-04,1
5398,1742202-63.2023.6.68.9372,18/06/25,contestação,Dr. Barros,documentos pendentes de entrega pelo cliente,,não
5399,1095980-10.2020.7.77.8313,19/03/22,recurso de apelação,dr. melo,diligência externa necessária,,1
5400,4090182-95.2021.1.57.7189,7 de março de 2020,sentença,Dra. Cavalcante,Prazo fatal: 16 de novembro de 2026,,0
5401,4092125-65.2025.3.26.9073,19/01/2021,agravo regimental,Dr. Barros,documentos pendentes de entrega pelo cliente,2026-09-20,não
5402,5239450-56.2022.7.99.2371,26/02/25,audiência de instrução,Dra. Cavalcante,juntada de documentos realizada,25 de setembro de 2026,S
5403,7236875-79.2024.7.97.5566,14/04/2026,memoriais,Dr. Barros,,,0
5404,7515318-25.2024.4.34.6280,23/11/25,contestação,DRA. CAVALCANTE,,,1
5405,7381740-86.2021.2.88.6570,05/05/2025,habilitação,Dra. Cavalcante,,,N
5406,4893809-11.2021.7.19.9759,05/03/2020,agravo regimental,Dra Fontes,prazo para recurso: 12 dias úteis a contar da intimação,,S
5407,1621418-87.2020.9.55.9337,09/04/22,recurso de apelação,Dra. Fontes,diligência externa necessária,,não
5408,1667591-67.2025.4.69.9424,29 de novembro de 2025,embargos de declaração,Dr. Barros,,,não
5409,4326518-76.2023.4.36.8530,20/09/21,audiência de instrução,Dra. Fontes,Prazo fatal: 21 de dezembro de 2026,,S
5410,7065068-16.2021.7.14.6489,22 de outubro de 2024,acordo extrajudicial,DRA. CAVALCANTE,Prazo fatal: 29/09/2026,,S
5411,5953905-94.2022.5.44.3245,15/06/19,despacho,Dr. Barros,documentos pendentes de entrega pelo cliente,,não
5412,3248366-98.2020.5.11.6279,2021-05-23,contestação,Dra Fontes,juntada de documentos realizada,,0
5413,6686912-30.2025.4.68.7078,21/10/25,recurso de apelação,Dra Fontes,prazo para recurso: 7 dias úteis a contar da intimação,,S
5414,5159219-49.2023.5.25.3676,2025-11-11,intimação,Dr. Barros,,,S
5415,7544569-30.2022.4.91.9370,25 de junho de 2021,agravo regimental,Dr. Barros,prazo para recurso: 30 dias úteis a contar da intimação,2026-02-03,1
5416,8097721-13.2023.1.47.8354,28/10/24,laudo pericial,dr. melo,,2026-12-10,S
5417,7722274-26.2024.9.14.7062,19/01/2019,acordo extrajudicial,DRA. CAVALCANTE,documentos pendentes de entrega pelo cliente,,N
5418,6339808-70.2020.2.67.1325,27/09/19,memoriais,Dra. Fontes,,,sim
5419,7951127-89.2024.1.63.3502,9 de dezembro de 2025,embargos de declaração,Dr. Melo,audiência marcada para 07/04/26,,S
5420,1602496-64.2022.5.79.8340,2023-10-23,citação,Dr. Melo,diligência externa necessária,,sim
5421,7687292-20.2021.4.85.7539,2 de janeiro de 2023,sentença,Dra Fontes,Prazo fatal: 30 de março de 2026,,sim
5422,6779292-61.2021.4.86.2783,13/06/2024,petição inicial,Dra Fontes,audiência marcada para 01/06/2026,,S
5423,7223110-52.2024.2.44.8994,02/12/2025,contestação,Dr. Melo,,,1
5424,9302979-43.2025.9.68.7487,27/02/2023,despacho,Dr. Melo,documentos pendentes de entrega pelo cliente,,não
5425,7892487-80.2022.9.64.5036,17/11/2022,citação,DRA. CAVALCANTE,audiência marcada para 29/05/2026,27/01/2026,não
5426,5826200-20.2025.1.91.8748,2025-03-19,acordo extrajudicial,Dra Fontes,prazo para recurso: 13 dias úteis a contar da intimação,11/04/2026,1
5427,6663627-76.2023.9.26.5770,28/03/20,recurso de apelação,Dr. Melo,aguardando manifestação da parte contrária,,N
5428,9953454-93.2020.2.52.5723,17 de agosto de 2025,agravo regimental,Dr. Barros,documentos pendentes de entrega pelo cliente,,
5429,7486029-45.2024.4.25.3159,2020-06-12,habilitação,Dra. Fontes,documentos pendentes de entrega pelo cliente,,N
5430,7724543-49.2023.9.44.7412,02/06/19,habilitação,Dra. Cavalcante,,,N
5431,3054975-46.2023.4.85.5879,23/06/2022,contestação,Dr. Melo,aguardando manifestação da parte contrária,,
5432,5284129-51.2020.3.32.5205,09/09/2023,acordo extrajudicial,Dra. Fontes,documentos pendentes de entrega pelo cliente,,1
5433,7951127-89.2024.1.63.3502,27/03/25,sentença,dr. melo,aguardando manifestação da parte contrária,,não
5434,8168450-48.2020.2.65.4570,11/02/21,despacho,DRA. CAVALCANTE,aguardando manifestação da parte contrária,,sim
5435,8539686-69.2023.4.36.2235,2020-08-18,citação,Dra Fontes,diligência externa necessária,,1
5436,4299848-20.2023.2.47.7396,15 de dezembro de 2025,intimação,DRA. CAVALCANTE,prazo para recurso: 28 dias úteis a contar da intimação,,N
5437,1183693-37.2024.1.85.2937,2021-05-06,laudo pericial,Dra Fontes,juntada de documentos realizada,,N
5438,2490107-19.2023.9.10.7930,07/06/2020,sentença,Dra. Cavalcante,Prazo fatal: 12/09/2026,28/06/26,1
5439,4061044-97.2023.7.99.3676,30/12/22,embargos de declaração,Dra. Fontes,prazo para recurso: 15 dias úteis a contar da intimação,,1
5440,1878000-50.2025.7.58.1197,24 de fevereiro de 2019,habilitação,Dr. Barros,,2026-10-08,
5441,7862554-22.2024.7.83.6459,2023-01-04,laudo pericial,Dr. Barros,aguardando manifestação da parte contrária,05/05/26,0
5442,9060164-41.2020.5.36.2381,21 de julho de 2024,recurso de apelação,Dr. Barros,audiência marcada para 25/07/26,,sim
5443,1237577-83.2022.8.91.4649,2024-09-09,petição inicial,Dra. Cavalcante,diligência externa necessária,,não
5444,8677980-28.2024.9.94.6552,13/04/2021,embargos de declaração,Dr. Barros,documentos pendentes de entrega pelo cliente,,0
5445,5159219-49.2023.5.25.3676,28 de outubro de 2021,acordo extrajudicial,Dra. Cavalcante,aguardando manifestação da parte contrária,,0
5446,8714773-70.2022.9.65.8541,18/12/2022,contestação,Dra Fontes,,,S
5447,3542616-60.2022.3.87.6536,23 de janeiro de 2023,acordo extrajudicial,Dra Fontes,,27/02/26,0
5448,1633270-27.2024.2.52.7034,10 de dezembro de 2024,despacho,dr. melo,audiência marcada para 2026-06-04,21/04/26,N
5449,9970343-38.2020.5.18.4483,2021-12-09,intimação,DRA. CAVALCANTE,prazo para recurso: 18 dias úteis a contar da intimação,,não
5450,9425559-65.2022.6.99.1309,08/12/25,audiência de instrução,Dr. Barros,,,
5451,5159882-37.2022.9.71.7550,2022-05-01,audiência de instrução,Dra. Fontes,juntada de documentos realizada,,1
5452,5239450-56.2022.7.99.2371,03/12/2022,petição inicial,Dra. Fontes,,04/12/2026,0
5453,5239450-56.2022.7.99.2371,03/01/19,memoriais,DRA. CAVALCANTE,Prazo fatal: 2026-09-10,,sim
5454,5733649-38.2020.2.35.3379,31/10/24,habilitação,Dr. Barros,aguardando manifestação da parte contrária,,S
5455,2110878-87.2023.8.83.8978,2022-11-27,despacho,Dr. Barros,aguardando manifestação da parte contrária,,1
5456,7223110-52.2024.2.44.8994,07/07/24,sentença,Dr. Barros,diligência externa necessária,,N
5457,4299848-20.2023.2.47.7396,09/03/20,laudo pericial,dr. melo,aguardando manifestação da parte contrária,2026-06-23,sim
5458,9822459-92.2024.8.17.6403,14/01/23,memoriais,Dr. Barros,aguardando manifestação da parte contrária,,0
5459,3588109-63.2023.1.26.4223,28/04/2021,citação,DRA. CAVALCANTE,,24/09/26,
5460,1602496-64.2022.5.79.8340,11/11/21,agravo regimental,Dra. Fontes,prazo para recurso: 10 dias úteis a contar da intimação,,1
5461,4417916-40.2022.7.26.4278,2023-05-07,memoriais,Dr. Barros,audiência marcada para 9 de maio de 2026,21/12/2026,0
5462,2824928-33.2020.1.90.6467,16 de novembro de 2021,petição inicial,Dr. Barros,audiência marcada para 21/09/2026,13/11/2026,S
5463,2909764-51.2025.7.78.2223,01/07/2020,contestação,DRA. CAVALCANTE,diligência externa necessária,,S
5464,4016576-41.2022.7.10.6952,2024-08-11,recurso de apelação,Dra Fontes,,,não
5465,8168054-14.2024.6.50.1232,03/01/23,contestação,dr. melo,,10 de fevereiro de 2026,0
5466,3263740-44.2022.3.81.5402,11 de maio de 2021,laudo pericial,Dr. Melo,diligência externa necessária,,1
5467,2341370-92.2024.9.60.8122,2025-11-21,memoriais,Dra. Fontes,juntada de documentos realizada,2026-12-22,0
5468,5289264-48.2020.4.41.6347,18/11/2024,agravo regimental,Dra. Cavalcante,juntada de documentos realizada,,sim
5469,7948577-74.2025.1.60.7583,19 de julho de 2025,réplica,Dr. Melo,audiência marcada para 26/11/2026,,sim
5470,8323566-47.2021.3.26.4644,26 de setembro de 2022,réplica,Dr. Melo,juntada de documentos realizada,09/10/26,
5471,3346094-93.2020.2.94.1759,5 de setembro de 2021,sentença,Dra. Cavalcante,diligência externa necessária,,
5472,9804642-71.2024.4.76.5486,18 de junho de 2022,embargos de declaração,dr. melo,audiência marcada para 04/10/2026,,1
5473,4510407-23.2020.5.18.6055,2021-07-19,memoriais,Dra. Cavalcante,documentos pendentes de entrega pelo cliente,,0
5474,7749444-78.2021.1.20.8763,2025-03-10,citação,Dr. Barros,audiência marcada para 2026-06-26,16/12/26,0
5475,8215015-64.2021.5.32.1893,2 de maio de 2020,despacho,Dra. Cavalcante,aguardando manifestação da parte contrária,,sim
5476,9898363-27.2020.4.89.2966,04/04/2021,habilitação,dr. melo,juntada de documentos realizada,,sim
5477,2118934-75.2023.5.97.9563,26 de setembro de 2025,acordo extrajudicial,Dr. Melo,juntada de documentos realizada,,1
5478,5058333-37.2021.3.98.8848,2023-04-07,agravo regimental,Dra Fontes,aguardando manifestação da parte contrária,2026-02-16,S
5479,8572382-61.2025.1.41.7172,2021-09-28,agravo regimental,Dra. Fontes,Prazo fatal: 23/08/2026,,sim
5480,2519059-58.2022.7.86.4385,20/12/19,memoriais,Dr. Barros,,,não
5481,1272937-41.2023.5.75.9958,01/11/2022,embargos de declaração,Dr. Barros,,,S
5482,6018860-77.2022.1.94.1315,15/03/2022,acordo extrajudicial,dr. melo,aguardando manifestação da parte contrária,12/07/2026,0
5483,2660213-63.2022.6.50.8366,2 de setembro de 2024,acordo extrajudicial,dr. melo,prazo para recurso: 18 dias úteis a contar da intimação,,N
5484,7862554-22.2024.7.83.6459,14 de outubro de 2023,contestação,DRA. CAVALCANTE,audiência marcada para 02/11/2026,25/03/26,
5485,9804642-71.2024.4.76.5486,17 de fevereiro de 2020,acordo extrajudicial,Dra Fontes,diligência externa necessária,,N
5486,8827641-36.2022.5.59.8715,22/11/2024,citação,DRA. CAVALCANTE,aguardando manifestação da parte contrária,,1
5487,5788467-41.2023.8.93.8134,10/11/20,despacho,dr. melo,juntada de documentos realizada,2026-11-07,0
5488,5451988-41.2020.2.82.4041,7 de abril de 2025,petição inicial,Dra Fontes,audiência marcada para 27/11/26,,N
5489,1101935-78.2023.5.88.5299,20/02/24,intimação,Dra. Cavalcante,audiência marcada para 08/03/26,,
5490,1757615-27.2025.7.10.3762,26 de maio de 2021,habilitação,Dra Fontes,documentos pendentes de entrega pelo cliente,,sim
5491,2316290-44.2022.7.34.5190,01/10/2024,embargos de declaração,Dra. Fontes,,22/05/2026,S
5492,2575202-50.2023.1.54.9627,16/09/20,despacho,Dra. Cavalcante,audiência marcada para 06/11/26,,N
5493,5438623-45.2022.4.51.7250,2025-03-06,laudo pericial,Dra. Fontes,audiência marcada para 24/03/2026,,0
5494,1778149-24.2023.1.86.3557,2022-07-19,contestação,Dr. Barros,documentos pendentes de entrega pelo cliente,,1
5495,8607512-63.2021.6.82.1039,12 de agosto de 2024,recurso de apelação,Dr. Melo,aguardando manifestação da parte contrária,,sim
5496,8368255-39.2020.9.60.4414,2024-02-07,agravo regimental,Dra Fontes,prazo para recurso: 23 dias úteis a contar da intimação,28 de setembro de 2026,sim
5497,9992831-61.2022.4.35.1469,31/12/19,réplica,dr. melo,diligência externa necessária,,S
5498,5438623-45.2022.4.51.7250,16/06/23,sentença,Dra. Fontes,Prazo fatal: 02/06/26,,1
5499,3766710-17.2025.4.91.1472,13/01/2022,habilitação,Dr. Barros,audiência marcada para 26/05/26,,sim
5500,2632721-15.2024.7.90.9593,2021-03-04,intimação,Dr. Melo,audiência marcada para 19/08/26,,N
5501,2236315-26.2022.5.82.8939,30/11/2023,despacho,Dr. Melo,documentos pendentes de entrega pelo cliente,6 de dezembro de 2026,não
5502,5274951-77.2021.1.76.5120,2022-05-29,réplica,Dra. Fontes,Prazo fatal: 2026-05-21,,sim
5503,8574876-96.2020.7.97.4673,4 de novembro de 2023,memoriais,DRA. CAVALCANTE,documentos pendentes de entrega pelo cliente,,N
5504,6528202-89.2025.3.17.9496,13/01/2022,acordo extrajudicial,Dr. Melo,documentos pendentes de entrega pelo cliente,,N
5505,8415891-60.2021.6.92.5554,10/10/2025,agravo regimental,DRA. CAVALCANTE,audiência marcada para 22 de novembro de 2026,28 de abril de 2026,1
5506,4065326-72.2025.8.58.5304,2025-08-27,citação,Dra. Fontes,documentos pendentes de entrega pelo cliente,,sim
5507,5660649-86.2020.5.86.9291,31/10/21,habilitação,Dr. Barros,prazo para recurso: 15 dias úteis a contar da intimação,,1
5508,3667022-35.2020.9.76.3115,2022-12-11,intimação,Dr. Barros,,,S
5509,3785792-10.2020.5.78.7940,05/08/23,acordo extrajudicial,Dra Fontes,documentos pendentes de entrega pelo cliente,,1
5510,8572382-61.2025.1.41.7172,22 de janeiro de 2023,embargos de declaração,Dra. Cavalcante,prazo para recurso: 17 dias úteis a contar da intimação,,N
5511,2461262-96.2021.6.48.1315,18 de janeiro de 2024,agravo regimental,dr. melo,,,sim
5512,5732779-86.2025.4.28.7831,16/11/24,contestação,Dra Fontes,,15 de junho de 2026,
5513,8382607-83.2020.6.26.3936,25/09/24,laudo pericial,Dra Fontes,juntada de documentos realizada,,
5514,8986773-71.2022.6.45.5854,26/06/2020,citação,Dr. Barros,aguardando manifestação da parte contrária,12/02/2026,S
5515,5284129-51.2020.3.32.5205,06/08/2023,agravo regimental,Dra. Fontes,juntada de documentos realizada,,sim
5516,8986773-71.2022.6.45.5854,9 de junho de 2020,recurso de apelação,Dra. Fontes,diligência externa necessária,28/03/26,não
5517,7813974-60.2021.1.81.1542,24/07/2021,intimação,Dr. Melo,prazo para recurso: 18 dias úteis a contar da intimação,,1
5518,6476769-27.2021.5.22.2570,2020-09-08,réplica,Dra. Fontes,prazo para recurso: 7 dias úteis a contar da intimação,,N
5519,7136189-41.2024.2.60.1768,29 de maio de 2025,contestação,Dra. Fontes,,,não
5520,4417916-40.2022.7.26.4278,5 de outubro de 2024,audiência de instrução,Dra Fontes,diligência externa necessária,,N
5521,6779292-61.2021.4.86.2783,2021-05-12,citação,Dr. Melo,juntada de documentos realizada,,
5522,6418382-43.2020.8.63.9133,29/01/2024,petição inicial,Dr. Barros,,10 de junho de 2026,
5523,1273300-90.2024.2.80.7378,2025-07-20,embargos de declaração,Dra. Fontes,Prazo fatal: 08/12/2026,,1
5524,1633270-27.2024.2.52.7034,23 de novembro de 2025,contestação,Dra Fontes,documentos pendentes de entrega pelo cliente,29/04/2026,1
5525,5755257-93.2020.8.44.2882,2025-05-23,contestação,Dra. Fontes,diligência externa necessária,,1
5526,9824532-76.2023.6.37.2040,13/04/2023,acordo extrajudicial,Dra Fontes,juntada de documentos realizada,13/03/2026,1
5527,5144296-22.2022.4.87.9648,27/10/25,intimação,DRA. CAVALCANTE,diligência externa necessária,,1
5528,6384831-67.2022.5.89.7429,4 de outubro de 2019,laudo pericial,Dra. Fontes,,,1
5529,5210656-44.2021.1.39.2474,26/03/25,petição inicial,Dr. Barros,aguardando manifestação da parte contrária,,sim
5530,8381610-96.2020.6.26.2533,06/08/21,réplica,Dr. Melo,documentos pendentes de entrega pelo cliente,,
5531,8892606-62.2022.2.87.2168,2025-05-30,embargos de declaração,Dra. Cavalcante,diligência externa necessária,2026-08-30,1
5532,9822459-92.2024.8.17.6403,03/06/2025,citação,Dra. Fontes,audiência marcada para 2026-11-13,,não
5533,7941836-76.2025.4.34.6543,13/06/2020,laudo pericial,Dr. Barros,documentos pendentes de entrega pelo cliente,,N
5534,2231929-89.2024.6.41.5461,22/11/23,citação,Dra. Cavalcante,,,
5535,5074974-98.2023.8.21.9881,21/01/20,petição inicial,Dr. Barros,documentos pendentes de entrega pelo cliente,,0
5536,9108785-98.2021.3.78.6687,29/06/23,citação,Dra. Cavalcante,diligência externa necessária,,0
5537,9214397-26.2023.4.18.6844,2023-10-05,citação,Dra. Fontes,prazo para recurso: 24 dias úteis a contar da intimação,12/12/26,S
5538,8630644-97.2025.3.28.1296,28/03/2022,embargos de declaração,Dra. Fontes,,,S
5539,9686751-57.2022.7.62.3494,29 de dezembro de 2023,réplica,Dra Fontes,audiência marcada para 09/10/26,21/01/26,N
5540,4433355-55.2023.8.48.9346,04/07/23,contestação,Dr. Barros,documentos pendentes de entrega pelo cliente,,S
5541,7840442-26.2025.9.53.5093,03/12/2025,despacho,Dr. Melo,prazo para recurso: 18 dias úteis a contar da intimação,,N
5542,1931030-34.2024.8.48.5319,10/10/2023,laudo pericial,Dra Fontes,,11/07/2026,sim
5543,9686751-57.2022.7.62.3494,2019-06-01,petição inicial,Dra Fontes,,7 de janeiro de 2026,
5544,7999133-20.2023.7.26.1121,14/09/2025,laudo pericial,Dr. Barros,Prazo fatal: 22/08/26,,1
5545,5451988-41.2020.2.82.4041,06/03/2024,citação,Dr. Melo,Prazo fatal: 2026-05-01,28/08/26,
5546,6105303-92.2021.4.39.3868,2021-12-10,habilitação,Dr. Barros,juntada de documentos realizada,31 de julho de 2026,0
5547,1346701-74.2024.1.65.8985,2021-12-16,laudo pericial,Dra. Cavalcante,,,S
5548,9060164-41.2020.5.36.2381,28/01/2023,petição inicial,dr. melo,documentos pendentes de entrega pelo cliente,,S
5549,5660649-86.2020.5.86.9291,2023-08-21,sentença,Dr. Melo,juntada de documentos realizada,,N
5550,5316105-58.2020.3.22.3571,17 de março de 2026,acordo extrajudicial,Dr. Barros,audiência marcada para 02/08/2026,2026-12-08,
5551,8655267-17.2025.3.63.4188,06/12/2022,sentença,dr. melo,juntada de documentos realizada,,S
5552,5116418-16.2025.3.98.2234,13/10/20,memoriais,Dra Fontes,diligência externa necessária,,não
5553,9835331-11.2022.6.15.8602,26/10/24,recurso de apelação,Dra. Fontes,documentos pendentes de entrega pelo cliente,25 de junho de 2026,S
5554,4768255-51.2022.4.94.5695,7 de novembro de 2021,recurso de apelação,DRA. CAVALCANTE,,2026-12-06,N
5555,9666878-83.2023.6.29.9905,22/04/2025,habilitação,Dr. Barros,prazo para recurso: 17 dias úteis a contar da intimação,,0
5556,6370110-64.2022.3.52.8440,2024-05-08,habilitação,Dr. Barros,aguardando manifestação da parte contrária,,não
5557,9319285-35.2025.3.19.9131,29/09/22,petição inicial,dr. melo,audiência marcada para 2026-03-13,,sim
5558,7848147-32.2021.6.58.3528,27/04/2025,memoriais,Dr. Barros,diligência externa necessária,,
5559,5786762-52.2021.9.21.3037,2023-08-18,audiência de instrução,dr. melo,audiência marcada para 15 de março de 2026,2026-11-30,N
5560,3542616-60.2022.3.87.6536,14/12/25,habilitação,Dr. Melo,Prazo fatal: 2026-09-04,,
5561,6260319-38.2024.8.96.1114,19/10/25,contestação,DRA. CAVALCANTE,prazo para recurso: 22 dias úteis a contar da intimação,,
5562,8530609-10.2021.5.41.7151,2020-12-07,agravo regimental,DRA. CAVALCANTE,,,0
5563,6105303-92.2021.4.39.3868,06/08/21,petição inicial,Dra. Cavalcante,prazo para recurso: 7 dias úteis a contar da intimação,3 de junho de 2026,S
5564,4064382-39.2022.4.13.8937,2021-04-24,memoriais,Dra Fontes,juntada de documentos realizada,03/10/26,não
5565,9076234-78.2023.3.90.2702,2024-11-04,despacho,Dr. Barros,prazo para recurso: 8 dias úteis a contar da intimação,,N
5566,3248366-98.2020.5.11.6279,23/11/22,petição inicial,Dra Fontes,juntada de documentos realizada,,N
5567,4180949-86.2020.3.26.7593,2024-11-29,réplica,Dr. Melo,,2026-12-08,N
5568,5492622-29.2021.9.92.7737,15 de abril de 2025,laudo pericial,Dr. Barros,Prazo fatal: 2026-08-18,,N
5569,7999133-20.2023.7.26.1121,30 de dezembro de 2022,agravo regimental,Dr. Barros,juntada de documentos realizada,2026-08-07,N
5570,3975387-89.2023.4.55.7631,08/06/25,réplica,dr. melo,audiência marcada para 21/03/26,,S
5571,5786762-52.2021.9.21.3037,2021-03-16,sentença,Dr. Barros,juntada de documentos realizada,,1
5572,8905709-90.2020.9.55.2471,3 de fevereiro de 2025,embargos de declaração,Dr. Barros,diligência externa necessária,,
5573,6694761-39.2022.1.10.2199,2021-01-29,recurso de apelação,DRA. CAVALCANTE,juntada de documentos realizada,,1
5574,8572382-61.2025.1.41.7172,21 de julho de 2025,agravo regimental,Dra. Cavalcante,audiência marcada para 2026-08-17,,1
5575,3924425-56.2021.9.58.2912,01/09/2025,despacho,Dra. Fontes,audiência marcada para 01/12/2026,2026-04-22,1
5576,8381610-96.2020.6.26.2533,22/05/23,intimação,Dra. Cavalcante,documentos pendentes de entrega pelo cliente,,1
5577,4134515-43.2021.8.70.4879,2022-11-01,acordo extrajudicial,dr. melo,juntada de documentos realizada,,N
5578,1445483-93.2023.1.61.7357,18/02/2024,habilitação,Dr. Barros,aguardando manifestação da parte contrária,,0
5579,1833330-93.2025.8.61.3405,2025-02-23,recurso de apelação,Dra. Fontes,audiência marcada para 25/09/2026,,
5580,8936104-83.2022.1.39.7934,2026-02-19,intimação,Dra. Cavalcante,aguardando manifestação da parte contrária,10 de dezembro de 2026,S
5581,3510061-32.2020.9.13.4424,2025-02-11,petição inicial,DRA. CAVALCANTE,Prazo fatal: 2026-01-02,,
5582,3588109-63.2023.1.26.4223,2020-01-25,embargos de declaração,Dr. Barros,audiência marcada para 03/05/26,,N
5583,4417916-40.2022.7.26.4278,28/03/2019,laudo pericial,Dr. Barros,documentos pendentes de entrega pelo cliente,26/05/26,sim
5584,2554938-48.2024.1.13.4544,2021-03-03,intimação,dr. melo,juntada de documentos realizada,,não
5585,4952151-27.2023.3.38.8762,08/06/2023,despacho,Dr. Barros,aguardando manifestação da parte contrária,13/05/2026,0
5586,7820540-78.2023.1.75.4823,2022-06-07,citação,dr. melo,documentos pendentes de entrega pelo cliente,13 de agosto de 2026,não
5587,9057960-29.2025.5.10.6072,2022-10-04,audiência de instrução,Dr. Melo,audiência marcada para 07/07/26,,0
5588,6339808-70.2020.2.67.1325,2022-05-23,contestação,Dra Fontes,diligência externa necessária,,não
5589,3576390-15.2021.2.82.8209,2020-02-24,recurso de apelação,Dr. Barros,aguardando manifestação da parte contrária,3 de agosto de 2026,
5590,5401874-62.2025.2.46.8337,2023-08-29,embargos de declaração,dr. melo,audiência marcada para 2026-04-06,5 de março de 2026,S
5591,5144296-22.2022.4.87.9648,28/01/24,despacho,Dra. Fontes,diligência externa necessária,5 de março de 2026,sim
5592,5274951-77.2021.1.76.5120,27/08/22,recurso de apelação,Dr. Barros,prazo para recurso: 24 dias úteis a contar da intimação,,não
5593,5700249-43.2020.5.57.9341,11/11/22,intimação,dr. melo,Prazo fatal: 17 de junho de 2026,,0
5594,1933296-95.2024.5.69.8317,22/04/24,memoriais,Dra. Cavalcante,Prazo fatal: 2026-01-11,,1
5595,2397582-22.2023.9.93.4223,2020-07-02,agravo regimental,Dr. Barros,audiência marcada para 2026-12-15,,
5596,5732779-86.2025.4.28.7831,9 de maio de 2023,acordo extrajudicial,Dra. Cavalcante,,,sim
5597,7687292-20.2021.4.85.7539,1 de fevereiro de 2021,memoriais,Dra. Fontes,documentos pendentes de entrega pelo cliente,16 de fevereiro de 2026,sim
5598,1099617-37.2023.9.61.1793,17 de agosto de 2019,petição inicial,Dra. Fontes,aguardando manifestação da parte contrária,01/05/2026,N
5599,3306375-34.2024.9.48.9154,01/04/2024,audiência de instrução,Dra Fontes,audiência marcada para 27/04/2026,09/01/2026,0
5600,9810112-12.2021.1.97.8847,02/03/2022,citação,Dr. Melo,,,S
5601,3505690-87.2020.8.52.6260,5 de setembro de 2021,audiência de instrução,Dr. Melo,juntada de documentos realizada,03/01/2026,1
5602,5967836-10.2021.4.35.9671,2022-04-03,contestação,DRA. CAVALCANTE,diligência externa necessária,,não
5603,5661974-14.2020.6.39.3137,09/01/26,embargos de declaração,DRA. CAVALCANTE,,,não
5604,7916680-90.2022.1.67.1785,10/06/2022,petição inicial,Dr. Barros,,,0
5605,5289264-48.2020.4.41.6347,24 de junho de 2019,réplica,Dra. Fontes,audiência marcada para 2026-11-10,,sim
5606,3248366-98.2020.5.11.6279,18/03/2021,laudo pericial,Dra. Fontes,documentos pendentes de entrega pelo cliente,24/09/26,sim
5607,5035093-45.2021.1.27.3097,21/01/2020,acordo extrajudicial,Dra. Cavalcante,juntada de documentos realizada,,0
5608,7141324-67.2025.3.86.3413,02/04/2026,petição inicial,Dra. Fontes,Prazo fatal: 01/07/26,,S
5609,7916680-90.2022.1.67.1785,25/02/21,recurso de apelação,Dra. Cavalcante,documentos pendentes de entrega pelo cliente,,S
5610,9168044-67.2022.1.26.3054,2024-09-15,sentença,Dra Fontes,Prazo fatal: 05/01/26,08/07/2026,não
5611,7789809-22.2020.1.73.9031,2025-06-25,recurso de apelação,dr. melo,juntada de documentos realizada,,
5612,1185885-59.2023.7.19.8433,15/01/2021,réplica,dr. melo,documentos pendentes de entrega pelo cliente,,0
5613,3242098-97.2025.4.44.9916,17 de março de 2021,contestação,Dr. Barros,aguardando manifestação da parte contrária,1 de março de 2026,não
5614,7438163-48.2021.3.47.1186,2020-08-07,despacho,Dra. Cavalcante,aguardando manifestação da parte contrária,,S
5615,7892487-80.2022.9.64.5036,2020-01-09,intimação,Dr. Barros,prazo para recurso: 21 dias úteis a contar da intimação,17/03/26,S
5616,8323566-47.2021.3.26.4644,1 de abril de 2023,agravo regimental,Dra Fontes,juntada de documentos realizada,,S
5617,2895065-46.2022.7.67.1438,2021-07-09,réplica,Dra Fontes,documentos pendentes de entrega pelo cliente,,não
5618,3922248-27.2025.1.42.4047,03/06/22,memoriais,Dr. Barros,aguardando manifestação da parte contrária,,N
5619,1602496-64.2022.5.79.8340,14/03/26,contestação,Dra. Cavalcante,diligência externa necessária,,S
5620,6836135-90.2022.9.37.5643,2020-12-11,contestação,Dra. Fontes,juntada de documentos realizada,,S
5621,6096719-87.2023.1.41.6180,10/03/2021,audiência de instrução,Dra Fontes,juntada de documentos realizada,14/12/2026,N
5622,3306375-34.2024.9.48.9154,30/07/23,laudo pericial,dr. melo,juntada de documentos realizada,,S
5623,3054975-46.2023.4.85.5879,24/02/2024,citação,Dr. Barros,diligência externa necessária,2026-07-21,
5624,3464073-25.2022.8.73.5075,10 de maio de 2019,memoriais,Dr. Barros,,,S
5625,5274951-77.2021.1.76.5120,2021-09-03,agravo regimental,Dra. Cavalcante,prazo para recurso: 17 dias úteis a contar da intimação,21/08/26,S
5626,2895065-46.2022.7.67.1438,13/09/2025,petição inicial,dr. melo,aguardando manifestação da parte contrária,12/05/2026,1
5627,5432782-56.2021.2.97.6240,2020-06-23,recurso de apelação,DRA. CAVALCANTE,juntada de documentos realizada,,N
5628,8905709-90.2020.9.55.2471,2021-10-26,audiência de instrução,Dra Fontes,,,S
5629,5159882-37.2022.9.71.7550,10/05/2021,sentença,Dra Fontes,,,não
5630,7236875-79.2024.7.97.5566,2023-10-25,agravo regimental,Dr. Barros,diligência externa necessária,2026-01-14,1
5631,8677980-28.2024.9.94.6552,2024-02-27,petição inicial,Dr. Melo,prazo para recurso: 14 dias úteis a contar da intimação,30/10/26,0
5632,4601686-30.2021.5.52.7745,28 de maio de 2024,sentença,DRA. CAVALCANTE,juntada de documentos realizada,,1
5633,7687351-51.2022.6.73.6768,2022-05-27,agravo regimental,Dr. Barros,prazo para recurso: 11 dias úteis a contar da intimação,,S
5634,8905709-90.2020.9.55.2471,2020-09-08,recurso de apelação,Dra. Fontes,audiência marcada para 26/05/26,,0
5635,7951127-89.2024.1.63.3502,2024-08-22,contestação,Dr. Barros,,,1
5636,7941836-76.2025.4.34.6543,19 de junho de 2025,despacho,Dra Fontes,documentos pendentes de entrega pelo cliente,2 de abril de 2026,S
5637,6105303-92.2021.4.39.3868,19 de novembro de 2022,audiência de instrução,Dra. Fontes,documentos pendentes de entrega pelo cliente,,1
5638,7082985-88.2022.2.94.6058,2021-05-04,intimação,Dr. Melo,,,0
5639,4134515-43.2021.8.70.4879,10/04/2022,réplica,Dr. Melo,juntada de documentos realizada,,sim
5640,4460247-99.2024.9.97.4840,15/02/22,sentença,Dra Fontes,prazo para recurso: 13 dias úteis a contar da intimação,,
5641,9060164-41.2020.5.36.2381,07/07/20,réplica,dr. melo,diligência externa necessária,,não
5642,3054975-46.2023.4.85.5879,2024-06-26,despacho,Dr. Barros,diligência externa necessária,2026-09-06,1
5643,9168044-67.2022.1.26.3054,29/05/2024,laudo pericial,dr. melo,audiência marcada para 11/10/2026,,não
5644,9302979-43.2025.9.68.7487,12/01/2020,contestação,Dr. Barros,diligência externa necessária,,1
5645,7722274-26.2024.9.14.7062,19/02/2024,sentença,Dra Fontes,prazo para recurso: 30 dias úteis a contar da intimação,7 de agosto de 2026,não
5646,4229107-99.2020.7.61.3978,23/10/20,audiência de instrução,DRA. CAVALCANTE,documentos pendentes de entrega pelo cliente,,S
5647,8749473-21.2020.4.12.9144,01/09/2022,contestação,Dr. Barros,prazo para recurso: 24 dias úteis a contar da intimação,,0
5648,1621418-87.2020.9.55.9337,2020-06-23,citação,Dra. Cavalcante,,,não
5649,6034606-21.2023.6.18.6684,28 de janeiro de 2024,intimação,Dr. Barros,,19 de fevereiro de 2026,sim
5650,6339808-70.2020.2.67.1325,22/06/2023,intimação,Dr. Melo,diligência externa necessária,,não
5651,4016576-41.2022.7.10.6952,26 de dezembro de 2020,citação,Dra Fontes,diligência externa necessária,14/03/2026,1
5652,1621418-87.2020.9.55.9337,24 de junho de 2022,habilitação,Dra Fontes,,26 de junho de 2026,S
5653,9810112-12.2021.1.97.8847,08/04/2020,contestação,Dr. Barros,prazo para recurso: 15 dias úteis a contar da intimação,,1
5654,5867457-18.2023.9.16.7298,21/09/2021,recurso de apelação,Dr. Barros,prazo para recurso: 10 dias úteis a contar da intimação,,não
5655,4314934-26.2021.7.14.7244,19/04/19,habilitação,Dr. Barros,diligência externa necessária,,0
5656,1628717-84.2025.8.67.8313,05/06/22,recurso de apelação,Dr. Barros,Prazo fatal: 24/08/2026,09/05/26,0
5657,5788467-41.2023.8.93.8134,18/04/2026,agravo regimental,DRA. CAVALCANTE,,16 de maio de 2026,S
5658,6105303-92.2021.4.39.3868,16 de julho de 2025,memoriais,Dra. Fontes,juntada de documentos realizada,,S
5659,5289264-48.2020.4.41.6347,10/06/2023,embargos de declaração,Dr. Barros,documentos pendentes de entrega pelo cliente,29 de março de 2026,
5660,9686751-57.2022.7.62.3494,20 de setembro de 2022,citação,DRA. CAVALCANTE,juntada de documentos realizada,,N
5661,8843195-99.2024.6.39.2836,2023-05-11,agravo regimental,Dra. Fontes,audiência marcada para 13/03/2026,,
5662,7223110-52.2024.2.44.8994,18 de fevereiro de 2022,réplica,Dr. Barros,aguardando manifestação da parte contrária,,N
5663,8607512-63.2021.6.82.1039,2 de fevereiro de 2020,réplica,dr. melo,audiência marcada para 4 de março de 2026,23 de outubro de 2026,0
5664,2575202-50.2023.1.54.9627,2022-11-21,despacho,Dr. Barros,Prazo fatal: 2026-10-29,,sim
5665,2118934-75.2023.5.97.9563,2022-03-11,embargos de declaração,dr. melo,documentos pendentes de entrega pelo cliente,,
5666,5316105-58.2020.3.22.3571,19/12/21,intimação,Dr. Melo,,,0
5667,7892487-80.2022.9.64.5036,9 de junho de 2025,laudo pericial,Dra. Fontes,audiência marcada para 13 de março de 2026,,
5668,2019436-32.2020.6.16.9856,16/07/25,laudo pericial,DRA. CAVALCANTE,,,N
5669,7813974-60.2021.1.81.1542,2022-08-10,citação,Dr. Barros,Prazo fatal: 2026-06-12,13/02/26,
5670,4452862-76.2021.3.27.3238,22 de janeiro de 2020,réplica,Dr. Barros,audiência marcada para 05/09/2026,,0
5671,7765112-69.2024.9.62.5648,2024-10-16,agravo regimental,Dr. Barros,,5 de julho de 2026,sim
5672,4180949-86.2020.3.26.7593,20/08/19,habilitação,Dr. Melo,audiência marcada para 2026-04-06,21/07/26,0
5673,6018860-77.2022.1.94.1315,2019-06-25,memoriais,Dra. Fontes,juntada de documentos realizada,,
5674,7951127-89.2024.1.63.3502,2026-02-28,laudo pericial,Dr. Melo,juntada de documentos realizada,,1
5675,2575202-50.2023.1.54.9627,19 de novembro de 2025,despacho,Dr. Barros,audiência marcada para 24/11/2026,03/04/26,
5676,1757615-27.2025.7.10.3762,05/04/2026,recurso de apelação,dr. melo,audiência marcada para 26 de novembro de 2026,,1
5677,6038940-61.2024.4.64.6408,24 de dezembro de 2022,laudo pericial,Dra Fontes,aguardando manifestação da parte contrária,14/12/26,
5678,7640585-40.2023.1.57.1721,03/09/25,agravo regimental,DRA. CAVALCANTE,,,N
5679,5631823-61.2020.5.47.1440,8 de outubro de 2024,intimação,DRA. CAVALCANTE,audiência marcada para 20/06/26,21/05/2026,1
5680,1833330-93.2025.8.61.3405,09/08/25,habilitação,DRA. CAVALCANTE,juntada de documentos realizada,,N
5681,4952151-27.2023.3.38.8762,2025-11-07,citação,DRA. CAVALCANTE,diligência externa necessária,2026-03-07,1
5682,5284129-51.2020.3.32.5205,15/04/2021,habilitação,DRA. CAVALCANTE,aguardando manifestação da parte contrária,,0
5683,7320713-89.2022.3.68.7881,23/03/24,memoriais,DRA. CAVALCANTE,prazo para recurso: 24 dias úteis a contar da intimação,08/11/26,N
5684,5210656-44.2021.1.39.2474,18/08/2024,contestação,Dr. Barros,Prazo fatal: 2026-05-12,,1
5685,8607512-63.2021.6.82.1039,03/12/2020,habilitação,Dra Fontes,documentos pendentes de entrega pelo cliente,2 de novembro de 2026,não
5686,5068524-45.2025.9.91.6906,2023-10-25,sentença,DRA. CAVALCANTE,diligência externa necessária,27/11/26,0
5687,1273300-90.2024.2.80.7378,17/05/22,intimação,Dr. Barros,juntada de documentos realizada,25/06/2026,
5688,5747786-52.2023.7.30.3750,19 de dezembro de 2024,sentença,Dra Fontes,diligência externa necessária,,sim
5689,7979033-26.2021.6.18.1084,2020-01-20,agravo regimental,Dra. Fontes,,,
5690,7110796-41.2020.3.80.5362,1 de abril de 2021,habilitação,Dr. Melo,diligência externa necessária,,não
5691,4452862-76.2021.3.27.3238,07/02/26,despacho,Dr. Melo,prazo para recurso: 20 dias úteis a contar da intimação,,N
5692,6953559-38.2025.7.42.9212,31/01/2024,despacho,Dr. Barros,,,S
5693,9302979-43.2025.9.68.7487,2024-09-11,agravo regimental,Dr. Barros,aguardando manifestação da parte contrária,,
5694,9798556-59.2021.3.62.3110,05/08/2023,despacho,dr. melo,diligência externa necessária,,S
5695,1633270-27.2024.2.52.7034,22/07/22,citação,Dra Fontes,Prazo fatal: 2026-08-04,,N
5696,3879233-61.2024.5.30.1494,2022-02-27,despacho,Dr. Barros,,6 de agosto de 2026,N
5697,5451988-41.2020.2.82.4041,24 de fevereiro de 2025,agravo regimental,Dr. Barros,diligência externa necessária,2026-12-19,S
5698,4687348-31.2023.1.92.6907,2024-06-19,embargos de declaração,Dra. Fontes,prazo para recurso: 23 dias úteis a contar da intimação,,0
5699,6003915-30.2025.6.37.7681,2023-11-02,recurso de apelação,Dra Fontes,diligência externa necessária,,S
5700,6476769-27.2021.5.22.2570,12/08/2025,habilitação,DRA. CAVALCANTE,,,sim
5701,7724543-49.2023.9.44.7412,30 de agosto de 2021,intimação,DRA. CAVALCANTE,prazo para recurso: 28 dias úteis a contar da intimação,,não
5702,9686751-57.2022.7.62.3494,21/10/2023,citação,Dra Fontes,Prazo fatal: 17/02/2026,,N
5703,6053412-12.2021.6.72.8346,12 de abril de 2021,embargos de declaração,dr. melo,aguardando manifestação da parte contrária,08/01/26,S
5704,4016576-41.2022.7.10.6952,24/04/2026,acordo extrajudicial,Dra. Fontes,aguardando manifestação da parte contrária,,sim
5705,2660213-63.2022.6.50.8366,08/07/2023,recurso de apelação,dr. melo,aguardando manifestação da parte contrária,,1
5706,9970343-38.2020.5.18.4483,13 de agosto de 2020,réplica,Dr. Barros,diligência externa necessária,2026-12-29,não
5707,8986773-71.2022.6.45.5854,08/05/2024,habilitação,DRA. CAVALCANTE,,,N
5708,2675642-32.2022.8.65.5499,10 de janeiro de 2021,memoriais,Dr. Melo,audiência marcada para 24 de julho de 2026,,0
5709,9302979-43.2025.9.68.7487,25/11/2024,petição inicial,Dr. Barros,,,sim
5710,8843195-99.2024.6.39.2836,2025-01-08,despacho,Dr. Barros,diligência externa necessária,14 de outubro de 2026,N
5711,5401874-62.2025.2.46.8337,25 de abril de 2025,intimação,Dr. Barros,documentos pendentes de entrega pelo cliente,,sim
5712,4061044-97.2023.7.99.3676,12/08/24,intimação,Dra. Fontes,,,0
5713,1896520-28.2021.5.90.5374,2023-01-01,audiência de instrução,Dra. Fontes,diligência externa necessária,,
5714,4326518-76.2023.4.36.8530,2022-02-08,acordo extrajudicial,Dr. Barros,Prazo fatal: 4 de maio de 2026,,
5715,1272937-41.2023.5.75.9958,09/07/2022,memoriais,Dr. Barros,audiência marcada para 24/11/26,,0
5716,5438623-45.2022.4.51.7250,2026-01-26,sentença,DRA. CAVALCANTE,aguardando manifestação da parte contrária,,
5717,5271615-59.2021.2.54.6844,04/08/21,sentença,Dra Fontes,,,não
5718,9302979-43.2025.9.68.7487,2023-04-01,contestação,DRA. CAVALCANTE,diligência externa necessária,,não
5719,4494463-44.2022.5.80.7542,24 de abril de 2023,sentença,dr. melo,,,
5720,1615190-23.2022.2.42.6238,2025-07-13,despacho,Dra. Cavalcante,audiência marcada para 27/05/2026,24/12/26,S
5721,8097721-13.2023.1.47.8354,2024-02-11,réplica,dr. melo,diligência externa necessária,,1
5722,3418432-84.2025.3.59.5858,02/05/2020,despacho,Dra. Fontes,Prazo fatal: 2026-06-25,,
5723,2480014-80.2024.2.29.9847,09/08/21,réplica,Dr. Melo,aguardando manifestação da parte contrária,,1
5724,4952151-27.2023.3.38.8762,03/07/24,embargos de declaração,Dra. Cavalcante,aguardando manifestação da parte contrária,,S
5725,7141324-67.2025.3.86.3413,22/12/21,acordo extrajudicial,Dra. Fontes,juntada de documentos realizada,,0
5726,3667022-35.2020.9.76.3115,17/03/26,sentença,Dra Fontes,audiência marcada para 23/09/26,12 de junho de 2026,0
5727,4084503-92.2025.8.90.5515,2023-06-16,memoriais,Dr. Barros,juntada de documentos realizada,28/08/2026,não
5728,8986773-71.2022.6.45.5854,2021-08-16,intimação,DRA. CAVALCANTE,,,1
5729,9636371-69.2025.8.67.4068,4 de fevereiro de 2020,réplica,Dr. Melo,audiência marcada para 24/12/2026,,não
5730,7724543-49.2023.9.44.7412,2022-04-01,sentença,Dra. Cavalcante,prazo para recurso: 9 dias úteis a contar da intimação,2026-03-05,N
5731,1633270-27.2024.2.52.7034,2024-12-14,despacho,DRA. CAVALCANTE,prazo para recurso: 27 dias úteis a contar da intimação,,S
5732,4085001-92.2022.6.76.8938,24/01/2021,petição inicial,Dra. Fontes,juntada de documentos realizada,,S
5733,5217157-98.2020.2.64.4094,9 de junho de 2021,petição inicial,dr. melo,diligência externa necessária,,sim
5734,6953559-38.2025.7.42.9212,14/08/20,audiência de instrução,Dr. Melo,documentos pendentes de entrega pelo cliente,,N
5735,7486029-45.2024.4.25.3159,23/05/2025,audiência de instrução,DRA. CAVALCANTE,diligência externa necessária,30/01/26,S
5736,2110878-87.2023.8.83.8978,4 de janeiro de 2021,despacho,Dr. Barros,Prazo fatal: 02/11/26,2026-05-31,não
5737,7082985-88.2022.2.94.6058,02/11/23,citação,Dra. Fontes,juntada de documentos realizada,,N
5738,8574876-96.2020.7.97.4673,11/04/26,intimação,dr. melo,Prazo fatal: 26/12/26,,sim
5739,5867457-18.2023.9.16.7298,19/01/2026,despacho,Dr. Barros,,15/01/2026,sim
5740,7065068-16.2021.7.14.6489,07/04/2025,embargos de declaração,Dra. Fontes,juntada de documentos realizada,,
5741,8097721-13.2023.1.47.8354,2025-08-29,sentença,Dr. Melo,prazo para recurso: 20 dias úteis a contar da intimação,,não
5742,1614850-25.2020.8.85.3161,18/02/25,acordo extrajudicial,Dra. Cavalcante,audiência marcada para 6 de junho de 2026,,
5743,7141324-67.2025.3.86.3413,2021-05-10,citação,Dra. Fontes,Prazo fatal: 26/10/2026,,sim
5744,8381610-96.2020.6.26.2533,12 de fevereiro de 2023,acordo extrajudicial,Dra. Fontes,prazo para recurso: 8 dias úteis a contar da intimação,,1
5745,2231929-89.2024.6.41.5461,09/05/2019,petição inicial,dr. melo,documentos pendentes de entrega pelo cliente,,sim
5746,6686912-30.2025.4.68.7078,22 de junho de 2021,citação,Dr. Melo,aguardando manifestação da parte contrária,23/02/2026,
5747,5316105-58.2020.3.22.3571,20/10/2023,despacho,Dr. Melo,Prazo fatal: 26 de novembro de 2026,2026-10-04,1
5748,4299848-20.2023.2.47.7396,25/11/2022,recurso de apelação,dr. melo,juntada de documentos realizada,20/04/2026,sim
5749,3754895-37.2021.6.18.8502,26 de abril de 2022,agravo regimental,Dr. Barros,aguardando manifestação da parte contrária,,S
5750,3922248-27.2025.1.42.4047,21/03/2024,memoriais,Dr. Melo,juntada de documentos realizada,2026-03-29,S
5751,3576390-15.2021.2.82.8209,28/08/20,memoriais,Dra Fontes,diligência externa necessária,,
5752,4415624-13.2024.9.14.9480,09/07/23,contestação,Dr. Barros,prazo para recurso: 24 dias úteis a contar da intimação,,N
5753,5462435-11.2024.9.85.2977,15/05/20,petição inicial,Dr. Barros,aguardando manifestação da parte contrária,1 de janeiro de 2026,sim
5754,7765112-69.2024.9.62.5648,30/04/22,citação,DRA. CAVALCANTE,prazo para recurso: 23 dias úteis a contar da intimação,6 de agosto de 2026,sim
5755,1896520-28.2021.5.90.5374,16 de junho de 2023,audiência de instrução,Dra. Cavalcante,juntada de documentos realizada,,0
5756,9071705-28.2021.9.78.4746,15/03/2023,habilitação,dr. melo,aguardando manifestação da parte contrária,,0
5757,5788467-41.2023.8.93.8134,13/01/25,intimação,Dra. Cavalcante,prazo para recurso: 29 dias úteis a contar da intimação,,sim
5758,2129757-49.2025.4.14.5657,25/08/20,embargos de declaração,Dr. Melo,Prazo fatal: 13/03/26,01/02/26,sim
5759,7271178-97.2023.5.84.4243,16/08/24,réplica,Dra. Cavalcante,audiência marcada para 27/04/26,,sim
5760,6034606-21.2023.6.18.6684,18/10/23,réplica,Dra. Cavalcante,juntada de documentos realizada,2026-01-19,S
5761,5625093-80.2022.9.16.6618,18 de maio de 2025,recurso de apelação,Dr. Barros,aguardando manifestação da parte contrária,,sim
5762,1869144-23.2023.5.84.3325,17 de fevereiro de 2025,intimação,Dra Fontes,Prazo fatal: 07/12/26,,não
5763,9686751-57.2022.7.62.3494,2025-03-03,recurso de apelação,Dr. Melo,,,0
5764,1933296-95.2024.5.69.8317,2023-08-01,sentença,Dra. Fontes,diligência externa necessária,,1
5765,5901155-82.2023.2.89.7717,02/07/2025,agravo regimental,Dra. Cavalcante,Prazo fatal: 15/09/2026,,1
5766,3675188-38.2025.9.53.3305,02/01/24,petição inicial,Dr. Barros,Prazo fatal: 2026-08-13,17/11/26,S
5767,1013314-48.2023.4.39.2083,20 de setembro de 2021,agravo regimental,DRA. CAVALCANTE,prazo para recurso: 30 dias úteis a contar da intimação,,S
5768,2316290-44.2022.7.34.5190,06/02/2021,contestação,dr. melo,juntada de documentos realizada,4 de fevereiro de 2026,
5769,1602496-64.2022.5.79.8340,06/02/2026,sentença,DRA. CAVALCANTE,prazo para recurso: 22 dias úteis a contar da intimação,,0
5770,7979033-26.2021.6.18.1084,2022-12-31,intimação,Dr. Barros,,,sim
5771,1248003-72.2024.2.80.8472,16/12/25,acordo extrajudicial,DRA. CAVALCANTE,prazo para recurso: 25 dias úteis a contar da intimação,,0
5772,2895065-46.2022.7.67.1438,17/10/21,intimação,Dra Fontes,prazo para recurso: 13 dias úteis a contar da intimação,,
5773,9057219-99.2020.9.96.3254,8 de junho de 2024,réplica,Dra Fontes,prazo para recurso: 30 dias úteis a contar da intimação,,0
5774,2186433-37.2022.2.12.4344,19 de fevereiro de 2021,agravo regimental,Dr. Barros,audiência marcada para 2026-05-31,,0
5775,2411026-52.2022.6.26.7373,08/07/2023,embargos de declaração,Dra Fontes,audiência marcada para 25/08/2026,,S
5776,6105303-92.2021.4.39.3868,2023-05-22,contestação,dr. melo,diligência externa necessária,,0
5777,7848147-32.2021.6.58.3528,19/11/2024,embargos de declaração,Dra. Fontes,diligência externa necessária,17 de julho de 2026,S
5778,1615190-23.2022.2.42.6238,07/12/2020,acordo extrajudicial,Dra. Cavalcante,prazo para recurso: 27 dias úteis a contar da intimação,,1
5779,9302979-43.2025.9.68.7487,18/02/2021,despacho,DRA. CAVALCANTE,,,1
5780,4938178-62.2020.7.27.6072,2023-10-02,habilitação,dr. melo,juntada de documentos realizada,,S
5781,6686912-30.2025.4.68.7078,01/01/2022,laudo pericial,Dr. Barros,Prazo fatal: 23/01/26,22/02/26,1
5782,8607512-63.2021.6.82.1039,01/04/25,contestação,Dr. Melo,prazo para recurso: 30 dias úteis a contar da intimação,,0
5783,9498791-62.2022.6.73.9564,15/08/2024,contestação,Dra Fontes,diligência externa necessária,,N
5784,5753123-52.2021.4.48.4042,20 de junho de 2023,embargos de declaração,dr. melo,diligência externa necessária,,não
5785,8843990-84.2020.6.68.3017,17/02/2020,sentença,Dr. Melo,,,N
5786,7223110-52.2024.2.44.8994,12/04/2024,petição inicial,dr. melo,prazo para recurso: 22 dias úteis a contar da intimação,,
5787,6779292-61.2021.4.86.2783,04/05/20,réplica,Dra. Cavalcante,juntada de documentos realizada,,N
5788,5614769-67.2022.9.87.1001,2025-05-15,intimação,Dr. Barros,juntada de documentos realizada,31/07/2026,
5789,5867457-18.2023.9.16.7298,14/10/2023,intimação,Dra Fontes,juntada de documentos realizada,,1
5790,6384831-67.2022.5.89.7429,10/04/2020,intimação,dr. melo,prazo para recurso: 12 dias úteis a contar da intimação,2026-06-08,não
5791,4090182-95.2021.1.57.7189,2025-05-08,memoriais,Dr. Barros,,,sim
5792,5050722-10.2024.8.29.4298,16/04/2021,laudo pericial,Dr. Barros,aguardando manifestação da parte contrária,2026-02-26,0
5793,5210656-44.2021.1.39.2474,2022-10-12,sentença,DRA. CAVALCANTE,juntada de documentos realizada,29/11/26,não
5794,4140100-24.2024.4.63.7178,25/06/2023,laudo pericial,Dr. Barros,diligência externa necessária,,não
5795,4417916-40.2022.7.26.4278,2024-01-13,acordo extrajudicial,Dra. Cavalcante,,,não
5796,4681694-71.2021.9.28.7350,22/07/2025,petição inicial,Dr. Barros,juntada de documentos realizada,16 de novembro de 2026,0
5797,4865461-96.2025.2.64.9143,26/11/2020,despacho,DRA. CAVALCANTE,Prazo fatal: 2026-05-22,,0
5798,9898363-27.2020.4.89.2966,5 de setembro de 2025,habilitação,Dr. Barros,documentos pendentes de entrega pelo cliente,,não
5799,6334947-38.2020.4.71.6173,2 de janeiro de 2026,contestação,Dr. Melo,juntada de documentos realizada,25 de setembro de 2026,N
5800,7916680-90.2022.1.67.1785,16/08/2025,agravo regimental,dr. melo,documentos pendentes de entrega pelo cliente,,0
5801,9408522-77.2021.3.36.8376,01/04/25,despacho,DRA. CAVALCANTE,aguardando manifestação da parte contrária,2026-01-29,S
5802,1887163-62.2025.9.93.1037,2021-04-15,audiência de instrução,Dr. Barros,audiência marcada para 18/10/2026,,
5803,1933296-95.2024.5.69.8317,16/07/2021,contestação,Dra Fontes,documentos pendentes de entrega pelo cliente,,N
5804,2461262-96.2021.6.48.1315,06/08/25,agravo regimental,DRA. CAVALCANTE,audiência marcada para 09/12/26,,sim
5805,1272937-41.2023.5.75.9958,08/08/2023,citação,Dra. Fontes,aguardando manifestação da parte contrária,,S
5806,9686751-57.2022.7.62.3494,18/02/2026,laudo pericial,Dr. Barros,Prazo fatal: 2026-09-11,,S
5807,1438459-62.2020.7.78.3410,2020-01-09,sentença,Dra. Fontes,Prazo fatal: 20 de abril de 2026,,sim
5808,5700249-43.2020.5.57.9341,28/10/2020,citação,Dr. Barros,aguardando manifestação da parte contrária,17/08/26,
5809,7243958-65.2020.5.25.5047,2019-02-09,réplica,Dra. Fontes,diligência externa necessária,,sim
5810,4016576-41.2022.7.10.6952,2024-05-31,audiência de instrução,Dra Fontes,documentos pendentes de entrega pelo cliente,,sim
5811,2632721-15.2024.7.90.9593,02/08/2023,intimação,DRA. CAVALCANTE,audiência marcada para 18/03/26,,sim
5812,7438163-48.2021.3.47.1186,2022-04-20,sentença,Dra. Cavalcante,audiência marcada para 03/07/26,22 de junho de 2026,0
5813,1784068-27.2021.3.12.2538,29/05/22,embargos de declaração,Dra. Cavalcante,audiência marcada para 2026-07-24,31 de março de 2026,sim
5814,7951127-89.2024.1.63.3502,21 de fevereiro de 2022,recurso de apelação,Dra Fontes,audiência marcada para 13 de setembro de 2026,2026-02-10,1
5815,6416661-36.2021.8.21.8496,02/12/21,intimação,dr. melo,,,
5816,6105303-92.2021.4.39.3868,22/06/22,despacho,Dra. Cavalcante,audiência marcada para 25/08/2026,,não
5817,2100417-68.2021.7.29.9662,13/02/2026,intimação,Dra. Fontes,documentos pendentes de entrega pelo cliente,,sim
5818,4134515-43.2021.8.70.4879,2022-11-05,recurso de apelação,DRA. CAVALCANTE,,,1
5819,3724721-44.2021.9.75.5553,6 de setembro de 2024,embargos de declaração,Dr. Barros,juntada de documentos realizada,13/08/2026,sim
5820,3401866-56.2021.1.87.5297,31/03/19,contestação,dr. melo,Prazo fatal: 2026-06-19,21 de maio de 2026,
5821,4493339-70.2021.7.17.8725,12 de fevereiro de 2021,despacho,Dra. Cavalcante,,21/09/2026,
5822,8220628-15.2021.8.54.9077,06/01/2026,habilitação,Dra. Cavalcante,audiência marcada para 27 de abril de 2026,11/09/26,não
5823,4824419-32.2024.5.47.3265,2025-06-12,sentença,Dr. Melo,documentos pendentes de entrega pelo cliente,,S
5824,1165147-13.2020.2.47.5874,23/05/23,intimação,Dra Fontes,diligência externa necessária,19/12/2026,
5825,4417916-40.2022.7.26.4278,07/05/23,sentença,dr. melo,diligência externa necessária,,não
5826,4584224-94.2025.2.57.2511,2024-06-16,intimação,Dr. Barros,Prazo fatal: 26/03/26,,não
5827,3248366-98.2020.5.11.6279,1 de outubro de 2023,laudo pericial,dr. melo,documentos pendentes de entrega pelo cliente,,1
5828,4384627-80.2021.2.13.1061,17/10/2021,embargos de declaração,Dra. Cavalcante,,,1
5829,1667591-67.2025.4.69.9424,12 de abril de 2021,réplica,Dra. Cavalcante,juntada de documentos realizada,,
5830,8125196-18.2023.1.53.1215,01/08/22,habilitação,Dra. Cavalcante,audiência marcada para 21/03/26,,
5831,6953559-38.2025.7.42.9212,6 de janeiro de 2026,sentença,Dr. Melo,juntada de documentos realizada,,1
5832,8735892-74.2025.8.18.9411,2025-01-12,laudo pericial,Dra. Cavalcante,diligência externa necessária,,S
5833,4721085-96.2020.6.92.9645,30/05/20,contestação,Dra Fontes,,,não
5834,2632721-15.2024.7.90.9593,26/01/24,acordo extrajudicial,Dr. Barros,aguardando manifestação da parte contrária,2026-05-01,
5835,9408522-77.2021.3.36.8376,20/08/23,laudo pericial,Dra. Cavalcante,documentos pendentes de entrega pelo cliente,,não
5836,7398699-88.2025.6.55.3587,2019-07-16,acordo extrajudicial,Dr. Melo,aguardando manifestação da parte contrária,,
5837,7724543-49.2023.9.44.7412,06/02/2022,petição inicial,Dr. Melo,,30/08/2026,0
5838,9573194-21.2022.1.35.8352,23/12/25,habilitação,Dra. Fontes,audiência marcada para 16/11/2026,,não
5839,7979033-26.2021.6.18.1084,05/07/23,memoriais,Dr. Melo,documentos pendentes de entrega pelo cliente,,0
5840,8905709-90.2020.9.55.2471,15/03/2020,intimação,Dr. Barros,,,S
5841,1966014-66.2022.7.82.2137,03/03/2021,intimação,Dr. Barros,diligência externa necessária,1 de abril de 2026,sim
5842,7840442-26.2025.9.53.5093,06/05/2023,embargos de declaração,Dr. Melo,,,
5843,1964519-55.2020.7.58.6781,14/02/26,citação,Dra Fontes,diligência externa necessária,04/04/26,1
5844,4452862-76.2021.3.27.3238,2023-11-12,audiência de instrução,Dra Fontes,aguardando manifestação da parte contrária,,N
5845,6267378-50.2021.9.19.9923,12/05/22,réplica,Dra. Fontes,audiência marcada para 22/10/26,,não
5846,5996426-23.2022.8.20.3566,2025-11-10,laudo pericial,dr. melo,documentos pendentes de entrega pelo cliente,26 de abril de 2026,
5847,8749473-21.2020.4.12.9144,23 de março de 2021,sentença,Dr. Barros,aguardando manifestação da parte contrária,,1
5848,4061044-97.2023.7.99.3676,2025-12-26,sentença,Dr. Melo,diligência externa necessária,,1
5849,4299848-20.2023.2.47.7396,2021-11-04,embargos de declaração,Dra Fontes,documentos pendentes de entrega pelo cliente,,sim
5850,5661974-14.2020.6.39.3137,04/01/2025,memoriais,Dra Fontes,audiência marcada para 2026-12-25,10 de março de 2026,
5851,5826200-20.2025.1.91.8748,2 de setembro de 2021,embargos de declaração,Dra Fontes,diligência externa necessária,,
5852,4865461-96.2025.2.64.9143,2024-01-19,citação,Dr. Barros,,,N
5853,4601686-30.2021.5.52.7745,2025-01-16,contestação,Dr. Melo,diligência externa necessária,2026-03-09,1
5854,8157599-64.2024.2.89.5276,02/08/25,réplica,DRA. CAVALCANTE,aguardando manifestação da parte contrária,22/12/26,não
5855,6982910-41.2023.8.91.8758,2024-07-22,acordo extrajudicial,Dra. Cavalcante,diligência externa necessária,,
5856,1754781-28.2025.6.89.2162,10/07/2020,petição inicial,Dr. Barros,documentos pendentes de entrega pelo cliente,,0
5857,5703772-88.2020.8.34.6114,28 de agosto de 2025,laudo pericial,Dr. Barros,audiência marcada para 10 de abril de 2026,,0
5858,4510407-23.2020.5.18.6055,2025-12-04,laudo pericial,Dr. Melo,,,
5859,6370110-64.2022.3.52.8440,2021-03-28,habilitação,Dra. Cavalcante,Prazo fatal: 2026-03-09,,sim
5860,9408522-77.2021.3.36.8376,2020-06-06,despacho,Dra. Fontes,Prazo fatal: 16/07/26,14/02/26,0
5861,8220628-15.2021.8.54.9077,2021-02-17,embargos de declaração,Dra Fontes,diligência externa necessária,,0
5862,5703772-88.2020.8.34.6114,2025-01-20,citação,Dra Fontes,diligência externa necessária,22/04/2026,N
5863,6038940-61.2024.4.64.6408,2023-02-06,acordo extrajudicial,dr. melo,diligência externa necessária,2026-10-22,não
5864,3778380-86.2023.9.32.5849,30/08/23,laudo pericial,Dra. Cavalcante,audiência marcada para 2026-04-18,,0
5865,2997279-67.2024.9.84.1441,29/12/25,sentença,dr. melo,Prazo fatal: 2026-12-13,,1
5866,8816646-78.2020.7.70.9224,15 de novembro de 2024,sentença,Dr. Barros,prazo para recurso: 13 dias úteis a contar da intimação,2026-05-10,sim
5867,8572382-61.2025.1.41.7172,03/10/24,acordo extrajudicial,Dra Fontes,audiência marcada para 30 de maio de 2026,,não
5868,1098476-20.2021.1.47.3336,24 de janeiro de 2023,petição inicial,Dra. Cavalcante,audiência marcada para 30 de junho de 2026,,1
5869,7765112-69.2024.9.62.5648,19/09/2025,petição inicial,Dra Fontes,juntada de documentos realizada,08/10/2026,
5870,5214684-96.2020.6.84.9986,2020-11-25,sentença,Dra Fontes,,,1
5871,4016576-41.2022.7.10.6952,6 de abril de 2021,réplica,dr. melo,documentos pendentes de entrega pelo cliente,,0
5872,1248003-72.2024.2.80.8472,2025-05-12,memoriais,dr. melo,aguardando manifestação da parte contrária,,1
5873,5422047-80.2024.8.62.4364,2026-01-31,laudo pericial,Dra Fontes,,,
5874,1667591-67.2025.4.69.9424,29/11/2021,despacho,Dr. Barros,prazo para recurso: 11 dias úteis a contar da intimação,,0
5875,7948577-74.2025.1.60.7583,15 de novembro de 2020,agravo regimental,Dr. Barros,,,sim
5876,7115217-41.2025.1.67.7692,06/12/23,embargos de declaração,Dr. Barros,aguardando manifestação da parte contrária,10/01/2026,não
5877,7786207-82.2024.2.92.5696,29 de abril de 2024,embargos de declaração,dr. melo,aguardando manifestação da parte contrária,,sim
5878,8843195-99.2024.6.39.2836,01/06/2022,intimação,dr. melo,juntada de documentos realizada,2026-07-10,não
5879,6018860-77.2022.1.94.1315,1 de junho de 2021,embargos de declaração,dr. melo,Prazo fatal: 25/02/2026,12/02/26,N
5880,3054975-46.2023.4.85.5879,17 de agosto de 2021,memoriais,dr. melo,Prazo fatal: 18/10/2026,,sim
5881,7544569-30.2022.4.91.9370,21/08/25,laudo pericial,Dra. Fontes,aguardando manifestação da parte contrária,,0
5882,9498791-62.2022.6.73.9564,14/11/22,memoriais,dr. melo,prazo para recurso: 6 dias úteis a contar da intimação,22 de setembro de 2026,S
5883,7862554-22.2024.7.83.6459,31 de maio de 2024,laudo pericial,dr. melo,audiência marcada para 2026-10-29,,1
5884,1445483-93.2023.1.61.7357,25/07/2024,agravo regimental,Dra. Fontes,diligência externa necessária,,
5885,2480014-80.2024.2.29.9847,13/06/23,recurso de apelação,Dr. Melo,audiência marcada para 17 de julho de 2026,,
5886,4326518-76.2023.4.36.8530,31/03/2020,sentença,Dra. Fontes,juntada de documentos realizada,,N
5887,2236315-26.2022.5.82.8939,7 de abril de 2021,acordo extrajudicial,dr. melo,juntada de documentos realizada,,
5888,5159219-49.2023.5.25.3676,2025-07-13,contestação,Dr. Barros,juntada de documentos realizada,15 de julho de 2026,0
5889,7236875-79.2024.7.97.5566,08/03/2020,laudo pericial,Dr. Melo,,26 de dezembro de 2026,0
5890,3766710-17.2025.4.91.1472,30/08/2024,memoriais,dr. melo,Prazo fatal: 2026-10-06,18/02/2026,
5891,1896520-28.2021.5.90.5374,2024-03-26,citação,Dra. Cavalcante,juntada de documentos realizada,26 de junho de 2026,não
5892,1966014-66.2022.7.82.2137,16/06/20,contestação,DRA. CAVALCANTE,documentos pendentes de entrega pelo cliente,2026-02-08,1
5893,3401866-56.2021.1.87.5297,13/04/2026,réplica,Dr. Barros,audiência marcada para 07/09/26,,0
5894,4494463-44.2022.5.80.7542,04/03/2026,citação,DRA. CAVALCANTE,,,
5895,5660649-86.2020.5.86.9291,2022-09-12,habilitação,DRA. CAVALCANTE,audiência marcada para 2026-07-03,,não
5896,7749444-78.2021.1.20.8763,2024-01-27,embargos de declaração,Dra. Fontes,aguardando manifestação da parte contrária,11/02/26,
5897,8530609-10.2021.5.41.7151,19/11/22,agravo regimental,Dra. Cavalcante,documentos pendentes de entrega pelo cliente,,N
5898,7979033-26.2021.6.18.1084,16/02/20,contestação,Dr. Melo,aguardando manifestação da parte contrária,,
5899,3496733-55.2020.2.43.8503,2 de junho de 2024,recurso de apelação,Dr. Barros,juntada de documentos realizada,01/02/2026,sim
5900,5996426-23.2022.8.20.3566,12/05/2025,réplica,Dr. Barros,audiência marcada para 2026-09-15,18 de dezembro de 2026,1
5901,2895065-46.2022.7.67.1438,26/12/20,memoriais,Dra Fontes,,08/01/2026,
5902,7065068-16.2021.7.14.6489,2021-08-26,recurso de apelação,Dr. Barros,prazo para recurso: 26 dias úteis a contar da intimação,1 de fevereiro de 2026,1
5903,5947618-28.2023.6.53.6118,8 de julho de 2022,laudo pericial,Dra Fontes,juntada de documentos realizada,12/04/26,N
5904,1101935-78.2023.5.88.5299,08/10/24,agravo regimental,Dra Fontes,diligência externa necessária,,S
5905,3922248-27.2025.1.42.4047,22 de fevereiro de 2024,sentença,Dra. Cavalcante,prazo para recurso: 29 dias úteis a contar da intimação,,S
5906,5284129-51.2020.3.32.5205,18/05/2025,memoriais,Dra. Cavalcante,aguardando manifestação da parte contrária,,não
5907,1869144-23.2023.5.84.3325,2022-11-27,intimação,Dra. Cavalcante,documentos pendentes de entrega pelo cliente,28/03/26,1
5908,9824532-76.2023.6.37.2040,2021-11-07,despacho,dr. melo,,,1
5909,4314934-26.2021.7.14.7244,10/01/26,audiência de instrução,Dra Fontes,diligência externa necessária,23/05/26,0
5910,5422047-80.2024.8.62.4364,14 de dezembro de 2025,réplica,Dra. Cavalcante,prazo para recurso: 28 dias úteis a contar da intimação,2026-11-18,não
5911,3496733-55.2020.2.43.8503,25/10/2023,réplica,Dra. Fontes,Prazo fatal: 29/11/2026,,sim
5912,3242098-97.2025.4.44.9916,01/03/2020,agravo regimental,DRA. CAVALCANTE,juntada de documentos realizada,,não
5913,2294596-63.2020.6.38.9193,05/01/24,embargos de declaração,Dr. Melo,audiência marcada para 23/03/2026,,não
5914,2231929-89.2024.6.41.5461,25 de novembro de 2020,audiência de instrução,Dra Fontes,Prazo fatal: 2026-03-12,,N
5915,7245951-43.2021.4.11.7623,24/03/22,despacho,Dra. Fontes,aguardando manifestação da parte contrária,1 de janeiro de 2026,
5916,1974389-81.2024.5.57.9354,18/12/2022,agravo regimental,dr. melo,diligência externa necessária,,N
5917,1183693-37.2024.1.85.2937,14 de julho de 2023,recurso de apelação,Dra. Cavalcante,,,1
5918,1272937-41.2023.5.75.9958,2020-09-03,recurso de apelação,DRA. CAVALCANTE,documentos pendentes de entrega pelo cliente,12/02/2026,1
5919,8183950-10.2021.5.84.9388,2020-01-15,embargos de declaração,Dr. Barros,diligência externa necessária,23/07/26,sim
5920,8588997-88.2020.6.29.5987,2024-05-26,acordo extrajudicial,Dr. Barros,prazo para recurso: 17 dias úteis a contar da intimação,,não
5921,3263740-44.2022.3.81.5402,10 de fevereiro de 2026,laudo pericial,Dra Fontes,juntada de documentos realizada,31 de agosto de 2026,1
5922,2397582-22.2023.9.93.4223,16 de julho de 2022,intimação,Dra. Cavalcante,documentos pendentes de entrega pelo cliente,,S
5923,7539718-58.2020.2.52.9800,19/02/2024,petição inicial,dr. melo,juntada de documentos realizada,,
5924,1615190-23.2022.2.42.6238,2023-05-15,réplica,Dra. Cavalcante,aguardando manifestação da parte contrária,,
5925,6034606-21.2023.6.18.6684,11/07/20,contestação,Dr. Barros,aguardando manifestação da parte contrária,,S
5926,6524227-53.2025.1.97.6214,2024-02-19,intimação,Dra. Cavalcante,Prazo fatal: 23/07/2026,,1
5927,4065326-72.2025.8.58.5304,2019-01-16,petição inicial,Dr. Melo,documentos pendentes de entrega pelo cliente,27/12/2026,
5928,5631823-61.2020.5.47.1440,14/09/25,acordo extrajudicial,Dra. Fontes,audiência marcada para 2026-12-04,,sim
5929,9214397-26.2023.4.18.6844,30/03/26,citação,Dr. Barros,diligência externa necessária,,S
5930,5462435-11.2024.9.85.2977,02/01/22,citação,Dra Fontes,juntada de documentos realizada,,S
5931,8530609-10.2021.5.41.7151,28 de junho de 2021,recurso de apelação,Dra. Cavalcante,documentos pendentes de entrega pelo cliente,,0
5932,9252661-70.2020.1.46.1185,03/10/25,intimação,Dra. Fontes,,,sim
5933,3248366-98.2020.5.11.6279,23 de fevereiro de 2026,recurso de apelação,Dra. Cavalcante,Prazo fatal: 27/05/26,,não
5934,7749444-78.2021.1.20.8763,26 de julho de 2024,audiência de instrução,Dr. Melo,audiência marcada para 09/10/26,,S
5935,1869144-23.2023.5.84.3325,8 de maio de 2024,habilitação,Dr. Melo,Prazo fatal: 23 de fevereiro de 2026,21/02/2026,não
5936,2231929-89.2024.6.41.5461,2023-07-26,recurso de apelação,Dr. Barros,aguardando manifestação da parte contrária,19/11/2026,S
5937,7640585-40.2023.1.57.1721,13/02/21,réplica,Dr. Barros,Prazo fatal: 09/09/26,,N
5938,7633905-83.2022.9.95.2309,14/04/2021,despacho,dr. melo,diligência externa necessária,,
5939,3750497-13.2024.6.65.9009,18/11/22,contestação,Dra. Cavalcante,documentos pendentes de entrega pelo cliente,,1
5940,7687292-20.2021.4.85.7539,09/09/25,embargos de declaração,Dr. Barros,juntada de documentos realizada,,0
5941,9953454-93.2020.2.52.5723,28/02/23,citação,Dr. Melo,documentos pendentes de entrega pelo cliente,,0
5942,6368709-92.2024.7.99.9426,30/12/2024,acordo extrajudicial,Dra Fontes,juntada de documentos realizada,,S
5943,1833330-93.2025.8.61.3405,10/01/21,embargos de declaração,dr. melo,aguardando manifestação da parte contrária,04/05/26,N
5944,7840442-26.2025.9.53.5093,23/05/2021,despacho,Dr. Melo,prazo para recurso: 12 dias úteis a contar da intimação,12 de maio de 2026,não
5945,3576390-15.2021.2.82.8209,2024-06-04,sentença,Dra. Fontes,Prazo fatal: 2026-07-19,,S
5946,3054975-46.2023.4.85.5879,2021-12-14,contestação,dr. melo,prazo para recurso: 18 dias úteis a contar da intimação,19 de março de 2026,1
5947,3679963-72.2020.9.29.7859,02/12/2019,sentença,Dra. Fontes,Prazo fatal: 23/02/2026,,S
5948,3542616-60.2022.3.87.6536,23 de agosto de 2025,embargos de declaração,Dra Fontes,prazo para recurso: 6 dias úteis a contar da intimação,2026-11-22,S
5949,8678370-92.2025.7.35.9962,21/05/2024,habilitação,Dra Fontes,diligência externa necessária,2026-09-10,1
5950,4452862-76.2021.3.27.3238,19 de julho de 2024,recurso de apelação,DRA. CAVALCANTE,Prazo fatal: 08/06/26,24/10/26,N
5951,7320713-89.2022.3.68.7881,26/10/21,citação,Dra. Cavalcante,Prazo fatal: 26/04/2026,,sim
5952,9824532-76.2023.6.37.2040,13/03/2024,memoriais,Dr. Melo,diligência externa necessária,2026-09-23,não
5953,7687351-51.2022.6.73.6768,24 de janeiro de 2025,petição inicial,Dra Fontes,,,S
5954,6160516-66.2024.5.17.7150,13/03/23,citação,DRA. CAVALCANTE,prazo para recurso: 11 dias úteis a contar da intimação,,1
5955,9992831-61.2022.4.35.1469,13/10/2020,sentença,dr. melo,Prazo fatal: 17/05/2026,,0
5956,1742202-63.2023.6.68.9372,14/09/2025,intimação,DRA. CAVALCANTE,documentos pendentes de entrega pelo cliente,,S
5957,5732779-86.2025.4.28.7831,2024-09-10,habilitação,dr. melo,audiência marcada para 05/09/2026,,sim
5958,6105303-92.2021.4.39.3868,28/04/20,petição inicial,Dra. Cavalcante,diligência externa necessária,,
5959,4721085-96.2020.6.92.9645,5 de setembro de 2021,petição inicial,Dra. Fontes,Prazo fatal: 26/05/26,,sim
5960,4460247-99.2024.9.97.4840,13/11/2022,sentença,dr. melo,juntada de documentos realizada,,0
5961,4314934-26.2021.7.14.7244,1 de setembro de 2023,contestação,Dra. Cavalcante,,,0
5962,2100417-68.2021.7.29.9662,16/11/25,laudo pericial,Dra. Fontes,prazo para recurso: 24 dias úteis a contar da intimação,,não
5963,5401874-62.2025.2.46.8337,10 de fevereiro de 2026,sentença,DRA. CAVALCANTE,prazo para recurso: 24 dias úteis a contar da intimação,26 de fevereiro de 2026,0
5964,7749444-78.2021.1.20.8763,20/03/25,réplica,Dra. Cavalcante,diligência externa necessária,26/08/2026,1
5965,6547287-16.2023.4.15.7491,2023-09-01,réplica,Dra Fontes,Prazo fatal: 11/06/2026,,não
5966,4415624-13.2024.9.14.9480,24 de março de 2021,intimação,Dr. Barros,diligência externa necessária,25 de fevereiro de 2026,S
5967,1878000-50.2025.7.58.1197,9 de maio de 2019,embargos de declaração,Dr. Barros,prazo para recurso: 15 dias úteis a contar da intimação,,sim
5968,7840442-26.2025.9.53.5093,05/09/2024,habilitação,Dr. Barros,juntada de documentos realizada,,1
5969,5401874-62.2025.2.46.8337,07/03/23,embargos de declaração,DRA. CAVALCANTE,audiência marcada para 06/10/2026,,sim
5970,1237577-83.2022.8.91.4649,3 de janeiro de 2021,embargos de declaração,Dra Fontes,juntada de documentos realizada,19/02/2026,
5971,3821719-15.2025.2.86.2518,24/03/26,citação,Dr. Barros,audiência marcada para 2026-05-02,,S
5972,2753004-76.2021.8.83.9874,18/08/2025,sentença,Dr. Melo,Prazo fatal: 2026-03-28,,1
5973,1966014-66.2022.7.82.2137,19 de abril de 2024,contestação,DRA. CAVALCANTE,audiência marcada para 27/08/26,,S
5974,4768255-51.2022.4.94.5695,21 de outubro de 2023,sentença,Dr. Barros,aguardando manifestação da parte contrária,2026-10-07,0
5975,3464073-25.2022.8.73.5075,23/01/24,embargos de declaração,DRA. CAVALCANTE,,,S
5976,7553290-31.2023.9.36.9282,13/11/24,citação,Dra. Cavalcante,aguardando manifestação da parte contrária,,sim
5977,8714773-70.2022.9.65.8541,07/07/21,memoriais,Dra. Fontes,prazo para recurso: 23 dias úteis a contar da intimação,,1
5978,7916680-90.2022.1.67.1785,11/12/21,réplica,Dra Fontes,audiência marcada para 24/12/2026,,não
5979,2112478-55.2024.2.51.9095,6 de julho de 2025,memoriais,DRA. CAVALCANTE,prazo para recurso: 14 dias úteis a contar da intimação,,
5980,3054975-46.2023.4.85.5879,11/02/19,réplica,dr. melo,Prazo fatal: 27 de outubro de 2026,,
5981,4084503-92.2025.8.90.5515,25 de março de 2025,embargos de declaração,Dra. Fontes,aguardando manifestação da parte contrária,12 de março de 2026,não
5982,7486029-45.2024.4.25.3159,13 de agosto de 2021,laudo pericial,Dra. Fontes,juntada de documentos realizada,,N
5983,2490107-19.2023.9.10.7930,12/01/2026,embargos de declaração,Dra. Cavalcante,aguardando manifestação da parte contrária,25 de janeiro de 2026,N
5984,7141324-67.2025.3.86.3413,23/12/20,contestação,dr. melo,audiência marcada para 16 de agosto de 2026,,1
5985,1237577-83.2022.8.91.4649,14/12/25,sentença,Dra Fontes,aguardando manifestação da parte contrária,,0
5986,7544569-30.2022.4.91.9370,20/05/22,memoriais,dr. melo,juntada de documentos realizada,13/07/2026,1
5987,5545511-73.2023.1.66.9757,12 de março de 2026,contestação,DRA. CAVALCANTE,prazo para recurso: 19 dias úteis a contar da intimação,,1
5988,7419280-60.2021.1.40.9417,16 de outubro de 2022,intimação,Dra Fontes,audiência marcada para 2 de julho de 2026,13 de julho de 2026,0
5989,2966787-79.2022.1.41.9944,29 de maio de 2020,petição inicial,Dra Fontes,prazo para recurso: 17 dias úteis a contar da intimação,,0
5990,5492622-29.2021.9.92.7737,2023-10-17,agravo regimental,Dr. Barros,aguardando manifestação da parte contrária,06/10/2026,1
5991,1165147-13.2020.2.47.5874,2024-05-20,embargos de declaração,Dra. Cavalcante,Prazo fatal: 20/06/26,28 de abril de 2026,N
5992,7687292-20.2021.4.85.7539,03/06/2023,acordo extrajudicial,dr. melo,aguardando manifestação da parte contrária,2026-07-06,N
5993,5545511-73.2023.1.66.9757,20/07/2020,intimação,dr. melo,juntada de documentos realizada,,não
5994,8714773-70.2022.9.65.8541,27/01/2026,embargos de declaração,Dr. Barros,documentos pendentes de entrega pelo cliente,,
5995,3922248-27.2025.1.42.4047,26/12/22,habilitação,Dra. Cavalcante,prazo para recurso: 30 dias úteis a contar da intimação,,N
5996,8677980-28.2024.9.94.6552,12 de fevereiro de 2021,agravo regimental,Dr. Barros,diligência externa necessária,,sim
5997,3418432-84.2025.3.59.5858,22/11/23,acordo extrajudicial,DRA. CAVALCANTE,diligência externa necessária,,0
5998,3541821-31.2021.8.96.1927,27/11/20,embargos de declaração,Dra Fontes,,7 de agosto de 2026,não
5999,8062805-72.2022.1.22.8771,12 de abril de 2022,embargos de declaração,Dra. Fontes,prazo para recurso: 16 dias úteis a contar da intimação,,sim
6000,8306601-19.2020.3.50.7457,16 de fevereiro de 2024,habilitação,dr. melo,prazo para recurso: 9 dias úteis a contar da intimação,,1
6001,5826200-20.2025.1.91.8748,02/02/20,despacho,Dra Fontes,Prazo fatal: 2026-01-30,2026-01-04,N
6002,8183950-10.2021.5.84.9388,15 de junho de 2020,contestação,DRA. CAVALCANTE,juntada de documentos realizada,,1
6003,2554938-48.2024.1.13.4544,16/11/2022,petição inicial,Dr. Barros,aguardando manifestação da parte contrária,11/05/2026,não
6004,3542799-64.2025.6.13.7299,2025-09-16,embargos de declaração,DRA. CAVALCANTE,documentos pendentes de entrega pelo cliente,,
6005,8129073-22.2024.4.16.9656,05/10/2021,despacho,Dr. Barros,audiência marcada para 02/06/2026,,sim
6006,8286382-50.2025.4.53.4414,9 de agosto de 2025,memoriais,Dr. Barros,juntada de documentos realizada,21 de novembro de 2026,
6007,3505690-87.2020.8.52.6260,2024-08-06,intimação,Dr. Barros,prazo para recurso: 22 dias úteis a contar da intimação,,
6008,4687348-31.2023.1.92.6907,2020-10-06,petição inicial,Dra. Cavalcante,juntada de documentos realizada,,não
6009,8678370-92.2025.7.35.9962,2021-06-27,despacho,Dra. Cavalcante,audiência marcada para 23 de maio de 2026,2026-03-23,N
6010,1633270-27.2024.2.52.7034,03/01/26,memoriais,DRA. CAVALCANTE,,,0
6011,4134515-43.2021.8.70.4879,2025-12-03,habilitação,Dra. Cavalcante,aguardando manifestação da parte contrária,,S
6012,7687351-51.2022.6.73.6768,13 de maio de 2023,laudo pericial,Dra. Fontes,prazo para recurso: 27 dias úteis a contar da intimação,,0
6013,1237577-83.2022.8.91.4649,30/12/23,petição inicial,Dra Fontes,documentos pendentes de entrega pelo cliente,,não
6014,3263740-44.2022.3.81.5402,2024-07-17,acordo extrajudicial,DRA. CAVALCANTE,documentos pendentes de entrega pelo cliente,,1
6015,7082985-88.2022.2.94.6058,27/08/19,audiência de instrução,DRA. CAVALCANTE,,,S
6016,9076234-78.2023.3.90.2702,22/06/25,réplica,Dr. Barros,,,N
6017,3576390-15.2021.2.82.8209,07/02/25,laudo pericial,Dra. Cavalcante,diligência externa necessária,,N
6018,1311508-84.2020.3.38.8512,29/09/2020,despacho,Dra. Cavalcante,audiência marcada para 2026-12-12,2026-10-25,1
6019,2016341-89.2023.7.48.2724,28/12/20,intimação,Dr. Melo,aguardando manifestação da parte contrária,,sim
6020,3734843-61.2021.3.94.2954,5 de setembro de 2024,laudo pericial,Dra. Fontes,aguardando manifestação da parte contrária,08/05/26,sim
6021,5947618-28.2023.6.53.6118,2022-01-07,audiência de instrução,dr. melo,audiência marcada para 22/09/26,,sim
6022,3541821-31.2021.8.96.1927,12/04/21,contestação,Dr. Melo,prazo para recurso: 27 dias úteis a contar da intimação,,1
6023,8168450-48.2020.2.65.4570,25 de fevereiro de 2022,laudo pericial,Dr. Barros,prazo para recurso: 15 dias úteis a contar da intimação,,S
6024,4134515-43.2021.8.70.4879,05/03/2024,memoriais,Dra. Cavalcante,documentos pendentes de entrega pelo cliente,,0
6025,8368372-34.2020.6.43.9691,21/01/26,sentença,Dra Fontes,diligência externa necessária,,sim
6026,3766710-17.2025.4.91.1472,12 de novembro de 2024,intimação,dr. melo,Prazo fatal: 02/05/2026,24/10/26,não
6027,9992831-61.2022.4.35.1469,2025-07-21,recurso de apelação,DRA. CAVALCANTE,audiência marcada para 29 de junho de 2026,08/10/26,0
6028,7813974-60.2021.1.81.1542,02/06/20,laudo pericial,Dr. Barros,juntada de documentos realizada,,sim
6029,3054975-46.2023.4.85.5879,21/10/23,habilitação,dr. melo,audiência marcada para 2026-07-31,,N
6030,5432782-56.2021.2.97.6240,2023-11-06,petição inicial,dr. melo,Prazo fatal: 31 de agosto de 2026,,S
6031,7951127-89.2024.1.63.3502,2021-04-09,intimação,Dr. Barros,prazo para recurso: 24 dias úteis a contar da intimação,,não
6032,2632721-15.2024.7.90.9593,2020-08-24,petição inicial,Dra Fontes,,,sim
6033,4865461-96.2025.2.64.9143,2021-10-21,sentença,Dra Fontes,juntada de documentos realizada,19 de março de 2026,não
6034,6524227-53.2025.1.97.6214,2022-05-19,sentença,Dr. Melo,diligência externa necessária,,0
6035,8827641-36.2022.5.59.8715,2024-06-19,memoriais,Dra Fontes,,,1
6036,9498791-62.2022.6.73.9564,2021-11-27,réplica,Dr. Melo,juntada de documentos realizada,2026-07-05,S
6037,8886588-26.2020.9.65.6361,11 de julho de 2023,agravo regimental,DRA. CAVALCANTE,audiência marcada para 2026-10-15,,N
6038,7941836-76.2025.4.34.6543,21/09/24,intimação,Dra Fontes,juntada de documentos realizada,,S
6039,2397582-22.2023.9.93.4223,2021-07-02,recurso de apelação,Dr. Barros,Prazo fatal: 28/11/2026,,0
6040,8382607-83.2020.6.26.3936,24/08/23,sentença,Dr. Barros,prazo para recurso: 26 dias úteis a contar da intimação,,não
6041,3263740-44.2022.3.81.5402,27/12/21,recurso de apelação,Dr. Barros,diligência externa necessária,,sim
6042,8936104-83.2022.1.39.7934,28/02/2024,memoriais,Dra. Cavalcante,aguardando manifestação da parte contrária,,sim
6043,5967836-10.2021.4.35.9671,25/06/20,contestação,Dr. Barros,diligência externa necessária,,0
6044,5266269-78.2021.7.59.1392,8 de julho de 2019,agravo regimental,Dr. Barros,juntada de documentos realizada,05/11/26,S
6045,8530609-10.2021.5.41.7151,25/06/2020,réplica,DRA. CAVALCANTE,Prazo fatal: 07/01/2026,,N
6046,1353022-94.2023.9.79.1203,31 de março de 2022,recurso de apelação,dr. melo,aguardando manifestação da parte contrária,,N
6047,2753004-76.2021.8.83.9874,14 de outubro de 2022,petição inicial,Dr. Barros,diligência externa necessária,30/12/2026,
6048,2411026-52.2022.6.26.7373,21/12/21,contestação,Dr. Barros,juntada de documentos realizada,10 de dezembro de 2026,0
6049,6663627-76.2023.9.26.5770,30/12/2023,citação,dr. melo,prazo para recurso: 18 dias úteis a contar da intimação,2026-06-21,S
6050,8905709-90.2020.9.55.2471,01/05/2023,habilitação,Dr. Barros,,,não
6051,1411065-96.2022.9.64.8271,2020-04-28,audiência de instrução,Dra Fontes,audiência marcada para 19/07/2026,14/08/2026,1
6052,4180949-86.2020.3.26.7593,06/05/19,laudo pericial,Dra. Fontes,,30 de junho de 2026,não
6053,1311508-84.2020.3.38.8512,10/04/2024,agravo regimental,DRA. CAVALCANTE,juntada de documentos realizada,23/07/26,sim
6054,1878000-50.2025.7.58.1197,23/02/26,habilitação,DRA. CAVALCANTE,documentos pendentes de entrega pelo cliente,,N
6055,4865461-96.2025.2.64.9143,28/10/2021,embargos de declaração,Dra. Fontes,Prazo fatal: 28 de julho de 2026,,
6056,2824928-33.2020.1.90.6467,24 de janeiro de 2021,contestação,Dra Fontes,prazo para recurso: 10 dias úteis a contar da intimação,10/06/26,
6057,4687348-31.2023.1.92.6907,18 de outubro de 2019,embargos de declaração,Dr. Barros,documentos pendentes de entrega pelo cliente,,sim
6058,5867457-18.2023.9.16.7298,20 de novembro de 2023,audiência de instrução,Dra. Fontes,juntada de documentos realizada,,N
6059,9057219-99.2020.9.96.3254,2024-09-01,intimação,Dra. Fontes,aguardando manifestação da parte contrária,,0
6060,4061044-97.2023.7.99.3676,20/02/2022,recurso de apelação,Dra. Cavalcante,aguardando manifestação da parte contrária,21/05/26,N
6061,5112941-62.2021.1.89.5887,19/10/20,contestação,DRA. CAVALCANTE,,8 de maio de 2026,0
6062,4061044-97.2023.7.99.3676,16 de março de 2024,petição inicial,dr. melo,prazo para recurso: 20 dias úteis a contar da intimação,,não
6063,8905709-90.2020.9.55.2471,21/09/2025,audiência de instrução,dr. melo,audiência marcada para 2026-08-28,,
6064,9214397-26.2023.4.18.6844,20/04/2023,réplica,Dra. Fontes,documentos pendentes de entrega pelo cliente,,0
6065,4824419-32.2024.5.47.3265,05/12/2024,embargos de declaração,Dra. Fontes,audiência marcada para 16/10/2026,,
6066,5035093-45.2021.1.27.3097,24 de dezembro de 2024,contestação,DRA. CAVALCANTE,documentos pendentes de entrega pelo cliente,,0
6067,5947618-28.2023.6.53.6118,2020-01-14,memoriais,Dr. Melo,diligência externa necessária,,1
6068,3395583-64.2024.4.41.2181,28/07/23,réplica,Dra. Fontes,documentos pendentes de entrega pelo cliente,05/01/26,S
6069,2118934-75.2023.5.97.9563,10/06/2025,recurso de apelação,Dr. Barros,documentos pendentes de entrega pelo cliente,,S
6070,3975387-89.2023.4.55.7631,21/02/2023,despacho,Dr. Barros,diligência externa necessária,27/01/2026,
6071,9686751-57.2022.7.62.3494,06/07/2019,réplica,Dr. Barros,aguardando manifestação da parte contrária,,não
6072,4299848-20.2023.2.47.7396,04/01/26,memoriais,Dra. Cavalcante,aguardando manifestação da parte contrária,,0
6073,8168054-14.2024.6.50.1232,3 de fevereiro de 2022,habilitação,Dra Fontes,prazo para recurso: 28 dias úteis a contar da intimação,,sim
6074,2842764-33.2025.7.99.7279,09/11/22,memoriais,Dra. Cavalcante,documentos pendentes de entrega pelo cliente,,1
6075,3401866-56.2021.1.87.5297,27/01/2022,despacho,dr. melo,aguardando manifestação da parte contrária,02/10/2026,não
6076,1784068-27.2021.3.12.2538,03/01/19,embargos de declaração,Dr. Barros,audiência marcada para 10 de dezembro de 2026,29/05/2026,
6077,5210656-44.2021.1.39.2474,08/01/2026,habilitação,Dr. Melo,juntada de documentos realizada,,0
6078,2519059-58.2022.7.86.4385,14 de agosto de 2024,memoriais,dr. melo,documentos pendentes de entrega pelo cliente,,1
6079,5947618-28.2023.6.53.6118,4 de junho de 2024,sentença,Dra Fontes,documentos pendentes de entrega pelo cliente,,sim
6080,7323234-16.2020.9.59.5035,2020-08-23,agravo regimental,Dra. Cavalcante,documentos pendentes de entrega pelo cliente,,sim
6081,2519059-58.2022.7.86.4385,2024-06-05,réplica,DRA. CAVALCANTE,diligência externa necessária,13/04/26,S
6082,6034606-21.2023.6.18.6684,12/07/21,embargos de declaração,DRA. CAVALCANTE,aguardando manifestação da parte contrária,2026-01-03,N
6083,8630644-97.2025.3.28.1296,2019-10-25,recurso de apelação,dr. melo,documentos pendentes de entrega pelo cliente,,0
6084,1353022-94.2023.9.79.1203,24/08/2021,citação,Dr. Barros,Prazo fatal: 10/08/2026,,S
6085,2316290-44.2022.7.34.5190,20/02/25,laudo pericial,dr. melo,aguardando manifestação da parte contrária,,S
6086,4865461-96.2025.2.64.9143,2025-05-02,contestação,Dr. Barros,prazo para recurso: 30 dias úteis a contar da intimação,12 de março de 2026,S
6087,5625093-80.2022.9.16.6618,2022-11-16,sentença,Dra. Cavalcante,juntada de documentos realizada,11/06/26,S
6088,7848147-32.2021.6.58.3528,23/03/26,petição inicial,DRA. CAVALCANTE,audiência marcada para 24 de março de 2026,10/02/2026,N
6089,2554938-48.2024.1.13.4544,10/04/2020,recurso de apelação,Dr. Barros,aguardando manifestação da parte contrária,,1
6090,4961530-22.2021.4.22.6290,4 de março de 2023,citação,Dra. Cavalcante,documentos pendentes de entrega pelo cliente,24/01/2026,não
6091,9822459-92.2024.8.17.6403,02/12/2023,agravo regimental,Dra. Fontes,audiência marcada para 08/04/2026,,S
6092,9810112-12.2021.1.97.8847,08/07/2025,memoriais,Dr. Melo,,22/08/26,sim
6093,8183950-10.2021.5.84.9388,06/04/2023,sentença,Dr. Barros,diligência externa necessária,26/02/26,
6094,6254488-31.2024.9.48.3216,2026-01-01,réplica,DRA. CAVALCANTE,diligência externa necessária,,sim
6095,6018860-77.2022.1.94.1315,2023-08-29,intimação,dr. melo,,25/02/26,0
6096,5050722-10.2024.8.29.4298,16/11/22,acordo extrajudicial,Dra Fontes,diligência externa necessária,04/11/26,sim
6097,1116024-57.2025.8.16.4043,2025-03-01,laudo pericial,Dr. Barros,juntada de documentos realizada,,
6098,7999133-20.2023.7.26.1121,29/05/2024,embargos de declaração,Dra. Cavalcante,documentos pendentes de entrega pelo cliente,,não
6099,1974389-81.2024.5.57.9354,13/03/23,petição inicial,Dr. Melo,juntada de documentos realizada,25 de maio de 2026,
6100,6096719-87.2023.1.41.6180,17/10/2020,citação,Dra. Fontes,documentos pendentes de entrega pelo cliente,,sim
6101,2824928-33.2020.1.90.6467,2025-09-23,embargos de declaração,Dra Fontes,documentos pendentes de entrega pelo cliente,25/08/26,sim
6102,2100417-68.2021.7.29.9662,20 de março de 2022,réplica,dr. melo,juntada de documentos realizada,,não
6103,7223110-52.2024.2.44.8994,25 de outubro de 2023,laudo pericial,Dr. Melo,prazo para recurso: 21 dias úteis a contar da intimação,,S
6104,3879233-61.2024.5.30.1494,07/06/2022,agravo regimental,Dr. Melo,documentos pendentes de entrega pelo cliente,08/02/26,0
6105,2231929-89.2024.6.41.5461,20 de agosto de 2022,petição inicial,Dr. Melo,,,0
6106,4061044-97.2023.7.99.3676,06/10/2020,réplica,Dra Fontes,Prazo fatal: 4 de março de 2026,,0
6107,1013314-48.2023.4.39.2083,17 de março de 2026,réplica,dr. melo,audiência marcada para 13 de agosto de 2026,,
6108,7486138-99.2020.5.81.4332,31/03/21,recurso de apelação,Dra Fontes,Prazo fatal: 3 de dezembro de 2026,,S
6109,7115217-41.2025.1.67.7692,18/11/2023,petição inicial,dr. melo,Prazo fatal: 24/03/2026,27/03/26,sim
6110,7115217-41.2025.1.67.7692,2024-05-28,sentença,DRA. CAVALCANTE,,,0
6111,2231929-89.2024.6.41.5461,2022-07-22,acordo extrajudicial,dr. melo,audiência marcada para 10/05/26,,1
6112,8381610-96.2020.6.26.2533,06/04/2026,réplica,Dra. Cavalcante,juntada de documentos realizada,,não
6113,1185885-59.2023.7.19.8433,12/06/2025,memoriais,Dra. Fontes,prazo para recurso: 19 dias úteis a contar da intimação,,0
6114,7438163-48.2021.3.47.1186,25/12/2020,sentença,Dra. Fontes,Prazo fatal: 31/10/2026,,sim
6115,4507711-38.2024.2.34.4732,31/03/2022,sentença,Dra. Fontes,documentos pendentes de entrega pelo cliente,10/08/26,
6116,4140100-24.2024.4.63.7178,2026-02-22,acordo extrajudicial,Dr. Barros,audiência marcada para 2026-05-13,,1
6117,5074974-98.2023.8.21.9881,24/04/25,memoriais,Dra Fontes,documentos pendentes de entrega pelo cliente,,sim
6118,7398699-88.2025.6.55.3587,2021-10-22,habilitação,Dra Fontes,audiência marcada para 13/06/2026,,1
6119,7222167-30.2022.8.44.7452,07/06/19,despacho,dr. melo,documentos pendentes de entrega pelo cliente,,1
6120,1964519-55.2020.7.58.6781,2020-04-21,laudo pericial,Dr. Barros,diligência externa necessária,,sim
6121,2869625-86.2025.7.14.5837,20/02/19,laudo pericial,Dra. Fontes,documentos pendentes de entrega pelo cliente,,N
6122,6075721-43.2020.9.85.8738,25/07/20,acordo extrajudicial,Dr. Barros,,1 de abril de 2026,sim
6123,6105303-92.2021.4.39.3868,25/03/2021,despacho,DRA. CAVALCANTE,diligência externa necessária,,1
6124,1093623-59.2025.7.92.5441,11 de agosto de 2022,sentença,Dra Fontes,Prazo fatal: 03/09/2026,,0
6125,2554938-48.2024.1.13.4544,27/03/26,laudo pericial,Dr. Melo,diligência externa necessária,20/02/2026,não
6126,4601686-30.2021.5.52.7745,03/07/22,laudo pericial,dr. melo,juntada de documentos realizada,,N
6127,6053412-12.2021.6.72.8346,16/07/22,contestação,DRA. CAVALCANTE,audiência marcada para 20/11/2026,,
6128,9398629-61.2022.5.88.8253,26/07/21,despacho,Dr. Melo,aguardando manifestação da parte contrária,,
6129,8066975-72.2023.7.26.7675,2020-06-21,agravo regimental,Dra Fontes,prazo para recurso: 16 dias úteis a contar da intimação,,S
6130,1165147-13.2020.2.47.5874,2026-03-16,agravo regimental,Dr. Barros,prazo para recurso: 6 dias úteis a contar da intimação,,
6131,8735892-74.2025.8.18.9411,06/03/24,réplica,Dra. Fontes,juntada de documentos realizada,,0
6132,5514997-95.2024.1.84.8098,10/10/2019,habilitação,Dr. Melo,aguardando manifestação da parte contrária,,S
6133,2966787-79.2022.1.41.9944,07/03/21,intimação,DRA. CAVALCANTE,audiência marcada para 05/11/2026,,1
6134,5514997-95.2024.1.84.8098,18 de setembro de 2022,petição inicial,Dra Fontes,documentos pendentes de entrega pelo cliente,,1
6135,1878000-50.2025.7.58.1197,19/05/23,habilitação,Dra. Cavalcante,diligência externa necessária,,N
6136,1602496-64.2022.5.79.8340,18 de março de 2022,réplica,Dr. Melo,documentos pendentes de entrega pelo cliente,,N
6137,1633270-27.2024.2.52.7034,2026-01-07,citação,Dra Fontes,juntada de documentos realizada,,sim
6138,3510061-32.2020.9.13.4424,16/07/2025,habilitação,DRA. CAVALCANTE,audiência marcada para 2026-03-23,09/07/2026,1
6139,2397582-22.2023.9.93.4223,12/06/2020,réplica,Dra Fontes,aguardando manifestação da parte contrária,,N
6140,6663627-76.2023.9.26.5770,11 de junho de 2025,petição inicial,dr. melo,,,1
6141,8986773-71.2022.6.45.5854,1 de fevereiro de 2021,sentença,DRA. CAVALCANTE,audiência marcada para 5 de abril de 2026,27/06/26,não
6142,3401866-56.2021.1.87.5297,05/01/25,intimação,Dra. Fontes,,19 de julho de 2026,
6143,3679963-72.2020.9.29.7859,2025-09-12,contestação,dr. melo,prazo para recurso: 29 dias úteis a contar da intimação,,
6144,7765112-69.2024.9.62.5648,10/06/20,laudo pericial,Dra. Cavalcante,aguardando manifestação da parte contrária,,sim
6145,2328070-99.2024.8.57.5561,09/02/22,contestação,DRA. CAVALCANTE,documentos pendentes de entrega pelo cliente,,sim
6146,7515318-25.2024.4.34.6280,20/06/2020,acordo extrajudicial,Dr. Barros,,,0
6147,5850223-43.2020.3.81.3185,2026-04-29,réplica,Dr. Barros,aguardando manifestação da parte contrária,,sim
6148,5947618-28.2023.6.53.6118,2024-08-22,petição inicial,Dr. Barros,audiência marcada para 22 de maio de 2026,,não
6149,5214684-96.2020.6.84.9986,11/12/2022,acordo extrajudicial,Dr. Barros,,,sim
6150,4090182-95.2021.1.57.7189,21/02/2022,sentença,Dr. Barros,,,N
6151,5732779-86.2025.4.28.7831,10 de agosto de 2024,agravo regimental,Dra. Fontes,diligência externa necessária,,1
6152,8630644-97.2025.3.28.1296,19/02/25,sentença,dr. melo,audiência marcada para 2026-10-24,,
6153,2129757-49.2025.4.14.5657,2020-01-02,acordo extrajudicial,Dra. Cavalcante,juntada de documentos realizada,,
6154,6038940-61.2024.4.64.6408,05/12/2023,laudo pericial,Dr. Barros,aguardando manifestação da parte contrária,,0
6155,4568537-97.2021.4.82.7633,06/05/2025,intimação,Dr. Melo,aguardando manifestação da parte contrária,,não
6156,4507711-38.2024.2.34.4732,25/07/2020,laudo pericial,dr. melo,documentos pendentes de entrega pelo cliente,,
6157,5853247-29.2020.7.62.8870,25/01/25,memoriais,dr. melo,aguardando manifestação da parte contrária,1 de março de 2026,
6158,3376786-12.2020.7.64.5093,08/05/2021,habilitação,Dra. Cavalcante,diligência externa necessária,,N
6159,3754895-37.2021.6.18.8502,2020-04-11,petição inicial,dr. melo,audiência marcada para 11/09/26,,N
6160,6953559-38.2025.7.42.9212,04/09/24,citação,Dr. Melo,audiência marcada para 2026-12-20,,1
6161,7438163-48.2021.3.47.1186,22/10/2022,audiência de instrução,Dr. Barros,documentos pendentes de entrega pelo cliente,09/08/2026,não
6162,6982910-41.2023.8.91.8758,17/02/2026,recurso de apelação,Dra. Fontes,juntada de documentos realizada,,1
6163,5316105-58.2020.3.22.3571,31 de dezembro de 2020,embargos de declaração,Dra. Cavalcante,diligência externa necessária,,0
6164,1024421-54.2022.9.20.2563,24/01/20,despacho,Dr. Melo,Prazo fatal: 5 de julho de 2026,,S
6165,6267378-50.2021.9.19.9923,2022-07-27,contestação,Dr. Barros,,,sim
6166,9076234-78.2023.3.90.2702,2022-09-28,intimação,Dr. Barros,aguardando manifestação da parte contrária,,sim
6167,7419280-60.2021.1.40.9417,14/11/2022,despacho,Dr. Melo,diligência externa necessária,,não
6168,9302979-43.2025.9.68.7487,2019-05-29,intimação,Dra Fontes,audiência marcada para 2026-05-31,,
6169,8936104-83.2022.1.39.7934,09/02/2024,embargos de declaração,dr. melo,prazo para recurso: 19 dias úteis a contar da intimação,,
6170,7848147-32.2021.6.58.3528,08/03/2026,petição inicial,Dr. Barros,Prazo fatal: 2026-01-26,,não
6171,8381610-96.2020.6.26.2533,17 de março de 2023,sentença,Dra. Fontes,prazo para recurso: 22 dias úteis a contar da intimação,16 de janeiro de 2026,
6172,9425559-65.2022.6.99.1309,5 de agosto de 2025,memoriais,dr. melo,,2026-02-21,não
6173,5753123-52.2021.4.48.4042,2024-03-19,contestação,Dr. Melo,prazo para recurso: 12 dias úteis a contar da intimação,28 de novembro de 2026,N
6174,5462435-11.2024.9.85.2977,2025-12-29,intimação,DRA. CAVALCANTE,diligência externa necessária,,
6175,5144296-22.2022.4.87.9648,20/01/23,despacho,Dr. Melo,,,1
6176,5112941-62.2021.1.89.5887,24 de novembro de 2025,contestação,Dr. Barros,prazo para recurso: 25 dias úteis a contar da intimação,30/09/2026,1
6177,3588109-63.2023.1.26.4223,27/12/24,audiência de instrução,dr. melo,aguardando manifestação da parte contrária,,
6178,4084503-92.2025.8.90.5515,26 de abril de 2023,despacho,Dra Fontes,juntada de documentos realizada,,1
6179,5274951-77.2021.1.76.5120,2020-01-26,réplica,Dra. Cavalcante,documentos pendentes de entrega pelo cliente,11 de maio de 2026,não
6180,1557680-16.2021.4.16.4031,02/05/23,petição inicial,Dra Fontes,diligência externa necessária,,N
6181,4314934-26.2021.7.14.7244,10/07/20,embargos de declaração,Dr. Barros,juntada de documentos realizada,16 de janeiro de 2026,N
6182,4180949-86.2020.3.26.7593,12/08/20,habilitação,DRA. CAVALCANTE,juntada de documentos realizada,2026-02-02,S
6183,5462435-11.2024.9.85.2977,31/10/25,acordo extrajudicial,Dr. Melo,diligência externa necessária,,N
6184,5284129-51.2020.3.32.5205,18/07/20,sentença,Dr. Barros,documentos pendentes de entrega pelo cliente,,não
6185,9489806-94.2021.2.55.9162,07/04/2026,citação,Dr. Barros,documentos pendentes de entrega pelo cliente,,1
6186,8368372-34.2020.6.43.9691,19/07/24,citação,dr. melo,juntada de documentos realizada,,
6187,5217157-98.2020.2.64.4094,2024-09-04,habilitação,Dr. Melo,,,0
6188,9319285-35.2025.3.19.9131,22 de novembro de 2021,acordo extrajudicial,Dr. Melo,Prazo fatal: 8 de agosto de 2026,,não
6189,5210656-44.2021.1.39.2474,2019-10-27,réplica,Dr. Barros,juntada de documentos realizada,,S
6190,4180949-86.2020.3.26.7593,2023-03-23,agravo regimental,DRA. CAVALCANTE,Prazo fatal: 25/12/26,,sim
6191,8215015-64.2021.5.32.1893,08/05/2020,audiência de instrução,Dr. Barros,audiência marcada para 16/07/26,,1
6192,8368255-39.2020.9.60.4414,26 de agosto de 2022,embargos de declaração,Dr. Barros,diligência externa necessária,,
6193,7862554-22.2024.7.83.6459,28 de janeiro de 2023,réplica,Dra. Fontes,Prazo fatal: 12/09/26,,N
6194,7245951-43.2021.4.11.7623,02/11/2021,intimação,Dra. Cavalcante,,,sim
6195,7892487-80.2022.9.64.5036,20 de outubro de 2023,sentença,Dr. Barros,diligência externa necessária,,sim
6196,2019436-32.2020.6.16.9856,2023-06-25,laudo pericial,Dr. Barros,documentos pendentes de entrega pelo cliente,,
6197,6075721-43.2020.9.85.8738,20/09/2022,acordo extrajudicial,Dra. Cavalcante,diligência externa necessária,,sim
6198,3263740-44.2022.3.81.5402,2025-12-13,citação,Dr. Melo,,,1
6199,5514997-95.2024.1.84.8098,7 de maio de 2025,intimação,Dr. Barros,,2026-10-27,1
6200,9168044-67.2022.1.26.3054,4 de maio de 2020,sentença,Dra. Fontes,Prazo fatal: 01/09/2026,20 de março de 2026,N
6201,3464073-25.2022.8.73.5075,2025-11-13,embargos de declaração,Dr. Barros,Prazo fatal: 22/06/26,,0
6202,8735892-74.2025.8.18.9411,2020-03-29,sentença,Dr. Barros,Prazo fatal: 30 de janeiro de 2026,,S
6203,9408522-77.2021.3.36.8376,31/05/2020,recurso de apelação,Dr. Barros,juntada de documentos realizada,,S
6204,3710559-31.2020.9.95.2540,30/11/25,contestação,Dr. Melo,juntada de documentos realizada,05/02/2026,1
6205,9953454-93.2020.2.52.5723,07/07/2022,habilitação,dr. melo,diligência externa necessária,2026-05-19,
6206,1237577-83.2022.8.91.4649,5 de outubro de 2025,agravo regimental,DRA. CAVALCANTE,Prazo fatal: 2026-01-19,,N
6207,6927716-18.2022.9.56.1445,1 de outubro de 2024,réplica,Dr. Melo,audiência marcada para 10/06/2026,,1
6208,5853247-29.2020.7.62.8870,21/11/20,habilitação,DRA. CAVALCANTE,prazo para recurso: 24 dias úteis a contar da intimação,,não
6209,9060164-41.2020.5.36.2381,21/12/24,citação,Dra Fontes,,,1
6210,9822459-92.2024.8.17.6403,08/02/2022,citação,Dr. Barros,documentos pendentes de entrega pelo cliente,,não
6211,5991409-16.2021.8.44.1303,12 de novembro de 2021,acordo extrajudicial,Dra. Cavalcante,diligência externa necessária,,0
6212,9898363-27.2020.4.89.2966,2024-05-16,embargos de declaração,Dr. Barros,prazo para recurso: 27 dias úteis a contar da intimação,2026-07-06,S
6213,2267110-24.2021.5.78.6025,2021-04-23,recurso de apelação,Dr. Barros,prazo para recurso: 18 dias úteis a contar da intimação,10 de abril de 2026,N
6214,3248366-98.2020.5.11.6279,2021-11-19,petição inicial,DRA. CAVALCANTE,,,não
6215,1742202-63.2023.6.68.9372,21/08/24,despacho,Dr. Barros,juntada de documentos realizada,24 de julho de 2026,sim
6216,1024421-54.2022.9.20.2563,31 de julho de 2025,réplica,Dra. Fontes,juntada de documentos realizada,,1
6217,5826200-20.2025.1.91.8748,2021-04-29,audiência de instrução,dr. melo,,,N
6218,9810112-12.2021.1.97.8847,24/11/2023,recurso de apelação,Dr. Melo,Prazo fatal: 12 de abril de 2026,15/02/2026,não
6219,3922248-27.2025.1.42.4047,19/06/22,memoriais,Dr. Barros,diligência externa necessária,,sim
6220,9686751-57.2022.7.62.3494,28/08/20,agravo regimental,Dra Fontes,aguardando manifestação da parte contrária,,S
6221,4768255-51.2022.4.94.5695,06/12/2024,citação,Dra. Fontes,,16/09/26,S
6222,5967836-10.2021.4.35.9671,19/01/2025,embargos de declaração,Dr. Barros,Prazo fatal: 07/12/26,,N
6223,9214397-26.2023.4.18.6844,05/03/2024,memoriais,Dr. Melo,prazo para recurso: 12 dias úteis a contar da intimação,,não
6224,6694761-39.2022.1.10.2199,25/05/20,sentença,Dra Fontes,documentos pendentes de entrega pelo cliente,,0
6225,2753004-76.2021.8.83.9874,12/04/23,citação,Dr. Melo,Prazo fatal: 2026-07-29,2 de fevereiro de 2026,0
6226,7515318-25.2024.4.34.6280,04/02/25,laudo pericial,Dra. Cavalcante,aguardando manifestação da parte contrária,,1
6227,3675188-38.2025.9.53.3305,23/06/2022,citação,dr. melo,prazo para recurso: 25 dias úteis a contar da intimação,12 de fevereiro de 2026,sim
6228,9970343-38.2020.5.18.4483,2022-05-28,sentença,DRA. CAVALCANTE,,2026-10-31,S
6229,5217157-98.2020.2.64.4094,17 de maio de 2023,recurso de apelação,Dra. Cavalcante,aguardando manifestação da parte contrária,,S
6230,7222167-30.2022.8.44.7452,29/08/2023,contestação,DRA. CAVALCANTE,,28/04/26,S
6231,7916680-90.2022.1.67.1785,13 de março de 2021,audiência de instrução,Dr. Barros,prazo para recurso: 19 dias úteis a contar da intimação,12 de outubro de 2026,
6232,7813974-60.2021.1.81.1542,11/12/24,réplica,dr. melo,documentos pendentes de entrega pelo cliente,05/07/2026,não
6233,3496733-55.2020.2.43.8503,3 de fevereiro de 2020,audiência de instrução,Dra. Cavalcante,prazo para recurso: 24 dias úteis a contar da intimação,,
6234,1615190-23.2022.2.42.6238,02/09/22,contestação,Dra. Cavalcante,diligência externa necessária,,sim
6235,3395583-64.2024.4.41.2181,30/05/2025,recurso de apelação,Dra. Fontes,juntada de documentos realizada,,S
6236,2490107-19.2023.9.10.7930,19/10/21,memoriais,Dr. Barros,documentos pendentes de entrega pelo cliente,,sim
6237,2824928-33.2020.1.90.6467,31 de dezembro de 2022,embargos de declaração,Dr. Melo,aguardando manifestação da parte contrária,,não
6238,4229107-99.2020.7.61.3978,24/04/2019,habilitação,Dra. Fontes,prazo para recurso: 29 dias úteis a contar da intimação,,N
6239,5217157-98.2020.2.64.4094,30/11/2021,agravo regimental,Dra Fontes,prazo para recurso: 17 dias úteis a contar da intimação,,
6240,9110060-16.2025.2.29.4716,2023-01-06,despacho,Dra. Fontes,aguardando manifestação da parte contrária,,
6241,4952151-27.2023.3.38.8762,2025-11-08,recurso de apelação,Dra Fontes,aguardando manifestação da parte contrária,,S
6242,7223110-52.2024.2.44.8994,10 de junho de 2024,intimação,DRA. CAVALCANTE,documentos pendentes de entrega pelo cliente,,0
6243,3263740-44.2022.3.81.5402,7 de dezembro de 2019,intimação,Dra Fontes,Prazo fatal: 29 de dezembro de 2026,,N
6244,5159882-37.2022.9.71.7550,2020-10-14,acordo extrajudicial,Dra Fontes,diligência externa necessária,,N
6245,2824928-33.2020.1.90.6467,2020-04-15,contestação,Dr. Melo,prazo para recurso: 13 dias úteis a contar da intimação,,não
6246,3975387-89.2023.4.55.7631,2026-04-08,memoriais,DRA. CAVALCANTE,documentos pendentes de entrega pelo cliente,,0
6247,5068524-45.2025.9.91.6906,2025-02-24,audiência de instrução,Dra Fontes,prazo para recurso: 7 dias úteis a contar da intimação,2026-09-14,S
6248,1013314-48.2023.4.39.2083,2022-11-05,acordo extrajudicial,dr. melo,,,N
6249,7687351-51.2022.6.73.6768,27 de janeiro de 2022,recurso de apelação,Dr. Melo,Prazo fatal: 2026-02-27,05/10/26,N
6250,3750497-13.2024.6.65.9009,18 de janeiro de 2023,habilitação,Dra. Cavalcante,Prazo fatal: 01/11/2026,,1
6251,3505690-87.2020.8.52.6260,7 de março de 2026,sentença,Dr. Melo,aguardando manifestação da parte contrária,25 de janeiro de 2026,1
6252,4384627-80.2021.2.13.1061,12/06/2020,agravo regimental,Dra. Cavalcante,prazo para recurso: 13 dias úteis a contar da intimação,,1
6253,8986773-71.2022.6.45.5854,06/08/2020,réplica,Dra Fontes,juntada de documentos realizada,03/11/2026,sim
6254,7786207-82.2024.2.92.5696,14 de janeiro de 2026,memoriais,dr. melo,documentos pendentes de entrega pelo cliente,,N
6255,3778380-86.2023.9.32.5849,2025-07-19,despacho,Dr. Melo,juntada de documentos realizada,,S
6256,1974389-81.2024.5.57.9354,04/02/26,habilitação,Dr. Barros,Prazo fatal: 5 de junho de 2026,,não
6257,2519059-58.2022.7.86.4385,4 de outubro de 2020,intimação,Dr. Barros,aguardando manifestação da parte contrária,27/08/26,sim
6258,4326518-76.2023.4.36.8530,27/06/25,réplica,Dra Fontes,aguardando manifestação da parte contrária,,não
6259,1676369-34.2022.3.47.6087,01/01/2023,citação,Dr. Barros,Prazo fatal: 11 de março de 2026,,S
6260,5631823-61.2020.5.47.1440,28/07/19,intimação,DRA. CAVALCANTE,,,sim
6261,2545435-52.2025.3.59.7623,14/04/2020,petição inicial,Dr. Melo,juntada de documentos realizada,06/04/26,
6262,4865461-96.2025.2.64.9143,20/02/22,memoriais,dr. melo,,26/08/26,sim
6263,8655267-17.2025.3.63.4188,2020-01-13,petição inicial,Dra. Cavalcante,documentos pendentes de entrega pelo cliente,,sim
6264,8125196-18.2023.1.53.1215,30/10/25,intimação,dr. melo,diligência externa necessária,,1
6265,5755257-93.2020.8.44.2882,12 de novembro de 2025,laudo pericial,Dra Fontes,aguardando manifestação da parte contrária,,sim
6266,6267378-50.2021.9.19.9923,2022-12-13,citação,DRA. CAVALCANTE,diligência externa necessária,,1
6267,7599278-46.2021.4.96.3535,2021-09-14,petição inicial,Dr. Barros,Prazo fatal: 28 de maio de 2026,,sim
6268,6038940-61.2024.4.64.6408,2024-06-26,laudo pericial,dr. melo,prazo para recurso: 22 dias úteis a contar da intimação,17 de outubro de 2026,não
6269,6524227-53.2025.1.97.6214,2022-06-30,sentença,DRA. CAVALCANTE,diligência externa necessária,17 de junho de 2026,N
6270,1933296-95.2024.5.69.8317,24 de julho de 2023,recurso de apelação,Dra Fontes,,,N
6271,1411065-96.2022.9.64.8271,14 de outubro de 2021,contestação,Dra. Cavalcante,diligência externa necessária,,não
6272,2186433-37.2022.2.12.4344,2019-01-30,habilitação,Dr. Barros,,,N
6273,4510407-23.2020.5.18.6055,2022-11-27,sentença,Dra Fontes,juntada de documentos realizada,,0
6274,9252661-70.2020.1.46.1185,12/12/24,habilitação,Dr. Melo,juntada de documentos realizada,11/04/2026,1
6275,5214684-96.2020.6.84.9986,8 de janeiro de 2023,réplica,dr. melo,Prazo fatal: 30/01/26,,0
6276,1633270-27.2024.2.52.7034,20/03/24,petição inicial,Dr. Melo,prazo para recurso: 18 dias úteis a contar da intimação,11/08/26,S
6277,7951127-89.2024.1.63.3502,31 de dezembro de 2024,sentença,Dr. Barros,,01/07/26,1
6278,1438459-62.2020.7.78.3410,2022-07-04,acordo extrajudicial,DRA. CAVALCANTE,Prazo fatal: 14/01/2026,,
6279,6368709-92.2024.7.99.9426,19/10/2022,contestação,Dr. Barros,aguardando manifestação da parte contrária,22 de novembro de 2026,sim
6280,6034606-21.2023.6.18.6684,09/05/25,habilitação,Dra. Cavalcante,Prazo fatal: 18/12/26,,não
6281,3576390-15.2021.2.82.8209,21/10/20,contestação,Dr. Barros,audiência marcada para 20/06/2026,,não
6282,7136189-41.2024.2.60.1768,24 de outubro de 2023,citação,DRA. CAVALCANTE,,21/03/26,sim
6283,5210656-44.2021.1.39.2474,19/09/22,habilitação,Dr. Melo,Prazo fatal: 07/05/2026,14/07/26,não
6284,5074974-98.2023.8.21.9881,2026-01-10,despacho,dr. melo,audiência marcada para 2026-06-06,,1
6285,5124342-11.2025.5.50.6107,26/01/23,memoriais,Dra. Cavalcante,juntada de documentos realizada,,não
6286,5661974-14.2020.6.39.3137,30/10/20,despacho,Dra. Cavalcante,aguardando manifestação da parte contrária,,S
6287,1615190-23.2022.2.42.6238,2026-01-18,despacho,Dra. Cavalcante,aguardando manifestação da parte contrária,,
6288,6101036-60.2022.7.49.3295,16/10/2024,réplica,Dr. Melo,prazo para recurso: 26 dias úteis a contar da intimação,31/07/2026,
6289,4601686-30.2021.5.52.7745,29/10/20,despacho,Dr. Melo,,,sim
6290,9086174-80.2025.1.81.3292,16/09/2023,citação,Dra. Fontes,aguardando manifestação da parte contrária,,S
6291,4584224-94.2025.2.57.2511,03/02/2022,citação,Dr. Barros,diligência externa necessária,,sim
6292,5660649-86.2020.5.86.9291,14/04/2026,sentença,Dra. Cavalcante,juntada de documentos realizada,,sim
6293,6339266-27.2025.5.15.6766,06/04/2025,sentença,Dra Fontes,diligência externa necessária,,sim
6294,6944389-98.2023.1.72.8245,11/12/2021,habilitação,DRA. CAVALCANTE,aguardando manifestação da parte contrária,,N
6295,8905709-90.2020.9.55.2471,2023-10-13,recurso de apelação,dr. melo,aguardando manifestação da parte contrária,11/01/2026,não
6296,9489806-94.2021.2.55.9162,29 de novembro de 2025,sentença,Dr. Barros,prazo para recurso: 5 dias úteis a contar da intimação,,
6297,9835331-11.2022.6.15.8602,4 de abril de 2020,habilitação,Dr. Barros,audiência marcada para 28/09/26,,não
6298,4084503-92.2025.8.90.5515,1 de abril de 2019,contestação,Dr. Melo,audiência marcada para 22/05/2026,,
6299,2884639-86.2023.2.31.8737,07/06/20,sentença,DRA. CAVALCANTE,aguardando manifestação da parte contrária,30 de novembro de 2026,
6300,7633905-83.2022.9.95.2309,2 de maio de 2019,sentença,Dr. Melo,Prazo fatal: 2026-11-23,,não
6301,7115217-41.2025.1.67.7692,25 de fevereiro de 2021,memoriais,Dr. Barros,diligência externa necessária,,1
6302,6370110-64.2022.3.52.8440,02/11/21,recurso de apelação,Dr. Barros,,,
6303,4415624-13.2024.9.14.9480,08/03/2026,contestação,Dra. Fontes,audiência marcada para 2026-03-11,,
6304,6160516-66.2024.5.17.7150,24 de agosto de 2023,intimação,Dr. Melo,Prazo fatal: 11/12/26,,1
6305,7599278-46.2021.4.96.3535,16 de outubro de 2021,habilitação,dr. melo,Prazo fatal: 25/12/2026,,0
6306,9992831-61.2022.4.35.1469,30/10/2021,embargos de declaração,Dr. Melo,documentos pendentes de entrega pelo cliente,,1
6307,3346094-93.2020.2.94.1759,2024-12-14,embargos de declaração,DRA. CAVALCANTE,aguardando manifestação da parte contrária,25/02/2026,0
6308,2837371-36.2022.7.88.5428,02/08/25,laudo pericial,DRA. CAVALCANTE,diligência externa necessária,,1
6309,3679963-72.2020.9.29.7859,10 de setembro de 2023,réplica,DRA. CAVALCANTE,prazo para recurso: 23 dias úteis a contar da intimação,,0
6310,8539686-69.2023.4.36.2235,2021-06-21,laudo pericial,Dra. Cavalcante,Prazo fatal: 21 de novembro de 2026,,N
6311,2328070-99.2024.8.57.5561,02/05/2024,habilitação,DRA. CAVALCANTE,prazo para recurso: 13 dias úteis a contar da intimação,,não
6312,5422047-80.2024.8.62.4364,19/06/2020,petição inicial,Dr. Barros,documentos pendentes de entrega pelo cliente,,não
6313,4061044-97.2023.7.99.3676,2019-07-12,memoriais,Dra Fontes,,,0
6314,6944389-98.2023.1.72.8245,2023-12-15,memoriais,Dra. Fontes,,,
6315,2328070-99.2024.8.57.5561,24/07/2020,memoriais,DRA. CAVALCANTE,diligência externa necessária,,0
6316,3346094-93.2020.2.94.1759,24/01/2024,citação,Dr. Barros,aguardando manifestação da parte contrária,,não
6317,5492622-29.2021.9.92.7737,2021-07-03,despacho,Dr. Melo,Prazo fatal: 6 de novembro de 2026,,não
6318,3401866-56.2021.1.87.5297,2021-07-05,embargos de declaração,Dr. Barros,juntada de documentos realizada,,
6319,7486138-99.2020.5.81.4332,10/07/2022,citação,Dr. Barros,,2026-05-01,N
6320,6260319-38.2024.8.96.1114,10 de abril de 2023,citação,Dr. Barros,diligência externa necessária,,
6321,6370110-64.2022.3.52.8440,25/09/19,audiência de instrução,dr. melo,juntada de documentos realizada,,
6322,6414076-16.2021.7.78.8273,23/10/20,sentença,DRA. CAVALCANTE,juntada de documentos realizada,,N
6323,6334947-38.2020.4.71.6173,08/11/22,recurso de apelação,Dr. Melo,documentos pendentes de entrega pelo cliente,,N
6324,5289264-48.2020.4.41.6347,20 de outubro de 2024,laudo pericial,dr. melo,Prazo fatal: 4 de outubro de 2026,,
6325,8574876-96.2020.7.97.4673,08/03/2021,laudo pericial,Dr. Barros,audiência marcada para 2026-03-13,23 de junho de 2026,não
6326,4494463-44.2022.5.80.7542,12/09/2023,sentença,Dr. Barros,,2026-02-07,sim
6327,3766710-17.2025.4.91.1472,2023-05-30,sentença,Dra. Fontes,juntada de documentos realizada,10 de junho de 2026,não
6328,6445422-21.2020.5.39.8096,2019-06-11,memoriais,Dra Fontes,documentos pendentes de entrega pelo cliente,19/01/2026,não
6329,2997279-67.2024.9.84.1441,09/04/2021,habilitação,Dra. Cavalcante,documentos pendentes de entrega pelo cliente,29/11/26,sim
6330,5432782-56.2021.2.97.6240,01/07/2023,sentença,Dra. Cavalcante,audiência marcada para 30 de julho de 2026,2026-04-01,0
6331,7979033-26.2021.6.18.1084,20 de janeiro de 2026,memoriais,Dr. Barros,juntada de documentos realizada,9 de abril de 2026,não
6332,7245951-43.2021.4.11.7623,2022-06-24,embargos de declaração,dr. melo,diligência externa necessária,,1
6333,9774395-92.2023.2.75.3192,11/10/22,sentença,Dr. Barros,audiência marcada para 20/10/2026,,não
6334,1933296-95.2024.5.69.8317,10/03/2022,agravo regimental,DRA. CAVALCANTE,Prazo fatal: 1 de julho de 2026,,0
6335,7640585-40.2023.1.57.1721,19 de janeiro de 2024,contestação,Dr. Melo,Prazo fatal: 08/10/26,,sim
6336,7765112-69.2024.9.62.5648,17/04/22,audiência de instrução,Dr. Barros,aguardando manifestação da parte contrária,,não
6337,6038940-61.2024.4.64.6408,2021-03-04,petição inicial,DRA. CAVALCANTE,juntada de documentos realizada,04/01/26,0
6338,6053412-12.2021.6.72.8346,27/02/2020,petição inicial,DRA. CAVALCANTE,diligência externa necessária,2026-08-04,sim
6339,5159882-37.2022.9.71.7550,06/07/2024,réplica,dr. melo,prazo para recurso: 17 dias úteis a contar da intimação,,1
6340,8607512-63.2021.6.82.1039,4 de julho de 2025,sentença,Dra Fontes,juntada de documentos realizada,,S
6341,9822459-92.2024.8.17.6403,3 de fevereiro de 2026,memoriais,Dra Fontes,audiência marcada para 4 de julho de 2026,,não
6342,5853247-29.2020.7.62.8870,2024-10-04,acordo extrajudicial,Dr. Barros,documentos pendentes de entrega pelo cliente,,1
6343,6036037-32.2025.3.53.7515,09/07/20,intimação,dr. melo,audiência marcada para 05/07/26,12/10/26,1
6344,9060164-41.2020.5.36.2381,03/10/2020,laudo pericial,Dr. Melo,prazo para recurso: 19 dias úteis a contar da intimação,,S
6345,9822459-92.2024.8.17.6403,8 de setembro de 2019,sentença,Dr. Barros,Prazo fatal: 2026-11-23,,0
6346,1887163-62.2025.9.93.1037,16/07/23,embargos de declaração,dr. melo,aguardando manifestação da parte contrária,,
6347,9898363-27.2020.4.89.2966,22 de janeiro de 2022,intimação,Dra. Fontes,juntada de documentos realizada,,N
6348,1757615-27.2025.7.10.3762,2022-06-04,acordo extrajudicial,Dra. Fontes,,,sim
6349,7687351-51.2022.6.73.6768,30/11/25,sentença,Dr. Barros,Prazo fatal: 4 de outubro de 2026,,N
6350,9822459-92.2024.8.17.6403,2023-03-28,sentença,Dra Fontes,diligência externa necessária,27/02/26,
6351,7892487-80.2022.9.64.5036,06/09/24,contestação,Dr. Barros,prazo para recurso: 29 dias úteis a contar da intimação,,S
6352,1896520-28.2021.5.90.5374,26/10/22,audiência de instrução,Dra. Cavalcante,diligência externa necessária,11/03/26,
6353,5472823-70.2022.4.41.7624,2024-09-28,réplica,Dr. Barros,audiência marcada para 22/09/2026,,sim
6354,3346094-93.2020.2.94.1759,24/03/19,audiência de instrução,Dr. Melo,documentos pendentes de entrega pelo cliente,12 de maio de 2026,não
6355,7892487-80.2022.9.64.5036,2020-08-03,petição inicial,Dr. Barros,juntada de documentos realizada,,
6356,8286828-70.2022.9.31.8012,08/03/2023,habilitação,Dra Fontes,documentos pendentes de entrega pelo cliente,,
6357,3346094-93.2020.2.94.1759,20 de abril de 2020,despacho,dr. melo,juntada de documentos realizada,,N
6358,2842764-33.2025.7.99.7279,2023-12-19,habilitação,Dr. Melo,juntada de documentos realizada,,1
6359,7951127-89.2024.1.63.3502,31/07/22,memoriais,DRA. CAVALCANTE,audiência marcada para 28/07/2026,,
6360,2292432-35.2025.5.83.7063,15/05/24,habilitação,Dr. Barros,diligência externa necessária,,sim
6361,5901155-82.2023.2.89.7717,2023-02-02,habilitação,Dr. Melo,aguardando manifestação da parte contrária,,sim
6362,1116024-57.2025.8.16.4043,28/12/24,agravo regimental,Dra. Cavalcante,prazo para recurso: 23 dias úteis a contar da intimação,30/10/26,N
6363,9252661-70.2020.1.46.1185,2024-09-24,citação,dr. melo,prazo para recurso: 22 dias úteis a contar da intimação,,sim
6364,3675188-38.2025.9.53.3305,15/06/23,habilitação,dr. melo,prazo para recurso: 5 dias úteis a contar da intimação,23 de julho de 2026,1
6365,5451988-41.2020.2.82.4041,2023-10-18,agravo regimental,Dra Fontes,aguardando manifestação da parte contrária,11 de janeiro de 2026,0
6366,9686751-57.2022.7.62.3494,10/12/22,despacho,Dr. Barros,prazo para recurso: 8 dias úteis a contar da intimação,,0
6367,1272937-41.2023.5.75.9958,31 de outubro de 2024,réplica,Dra. Fontes,aguardando manifestação da parte contrária,,não
6368,2316290-44.2022.7.34.5190,30/06/24,petição inicial,Dra. Fontes,aguardando manifestação da parte contrária,,1
6369,4134515-43.2021.8.70.4879,2023-10-01,citação,Dr. Barros,documentos pendentes de entrega pelo cliente,,não
6370,6339266-27.2025.5.15.6766,26 de fevereiro de 2024,embargos de declaração,Dr. Barros,prazo para recurso: 25 dias úteis a contar da intimação,11/10/26,S
6371,1237577-83.2022.8.91.4649,5 de novembro de 2023,sentença,Dr. Barros,documentos pendentes de entrega pelo cliente,,1
6372,5867457-18.2023.9.16.7298,12 de março de 2022,sentença,Dr. Barros,juntada de documentos realizada,,
6373,8066975-72.2023.7.26.7675,13/10/2020,audiência de instrução,Dra Fontes,,2026-05-01,sim
6374,1676369-34.2022.3.47.6087,02/12/25,contestação,DRA. CAVALCANTE,documentos pendentes de entrega pelo cliente,,não
6375,2824928-33.2020.1.90.6467,18 de janeiro de 2026,laudo pericial,Dr. Melo,,09/06/2026,1
6376,5661974-14.2020.6.39.3137,13 de setembro de 2025,acordo extrajudicial,Dra. Cavalcante,audiência marcada para 2026-11-06,,S
6377,9425559-65.2022.6.99.1309,10/12/2022,citação,dr. melo,prazo para recurso: 17 dias úteis a contar da intimação,,sim
6378,4229107-99.2020.7.61.3978,27/12/2022,recurso de apelação,Dra. Cavalcante,audiência marcada para 24 de agosto de 2026,,sim
6379,7687292-20.2021.4.85.7539,24 de outubro de 2020,recurso de apelação,DRA. CAVALCANTE,juntada de documentos realizada,,não
6380,6927716-18.2022.9.56.1445,2021-09-16,citação,Dra Fontes,audiência marcada para 29/08/26,03/02/26,sim
6381,1602496-64.2022.5.79.8340,20/11/2022,acordo extrajudicial,DRA. CAVALCANTE,aguardando manifestação da parte contrária,,0
6382,1614850-25.2020.8.85.3161,2022-11-30,embargos de declaração,Dra. Fontes,,,
6383,7236875-79.2024.7.97.5566,08/12/23,petição inicial,Dr. Barros,Prazo fatal: 06/08/26,,0
6384,6935346-77.2024.3.52.9529,22/02/2025,contestação,Dra. Fontes,juntada de documentos realizada,,0
6385,1185885-59.2023.7.19.8433,02/02/26,despacho,Dr. Barros,juntada de documentos realizada,,N
6386,8735892-74.2025.8.18.9411,4 de novembro de 2022,memoriais,Dr. Barros,prazo para recurso: 20 dias úteis a contar da intimação,,não
6387,6075721-43.2020.9.85.8738,21 de setembro de 2020,acordo extrajudicial,DRA. CAVALCANTE,Prazo fatal: 30 de agosto de 2026,2026-09-27,
6388,7722274-26.2024.9.14.7062,25 de outubro de 2024,réplica,dr. melo,Prazo fatal: 07/02/2026,12/03/26,1
6389,7722274-26.2024.9.14.7062,25/05/25,memoriais,Dra. Fontes,prazo para recurso: 23 dias úteis a contar da intimação,,1
6390,1714231-74.2025.9.71.1697,28/04/2024,laudo pericial,Dr. Melo,juntada de documentos realizada,2026-03-06,sim
6391,9071705-28.2021.9.78.4746,2020-07-12,recurso de apelação,Dr. Melo,prazo para recurso: 28 dias úteis a contar da intimação,,sim
6392,7110796-41.2020.3.80.5362,2021-09-03,laudo pericial,DRA. CAVALCANTE,audiência marcada para 2026-11-19,,sim
6393,7274275-74.2020.1.22.9780,15/08/21,recurso de apelação,dr. melo,documentos pendentes de entrega pelo cliente,,sim
6394,3785792-10.2020.5.78.7940,19 de fevereiro de 2021,petição inicial,Dr. Melo,diligência externa necessária,,
6395,6254488-31.2024.9.48.3216,04/10/24,memoriais,dr. melo,,,0
6396,7724543-49.2023.9.44.7412,21/02/20,intimação,Dr. Barros,aguardando manifestação da parte contrária,09/08/26,sim
6397,7223110-52.2024.2.44.8994,30/09/25,acordo extrajudicial,Dra. Cavalcante,diligência externa necessária,,0
6398,8168054-14.2024.6.50.1232,10 de fevereiro de 2024,sentença,Dr. Barros,juntada de documentos realizada,,S
6399,7789809-22.2020.1.73.9031,11 de junho de 2025,habilitação,Dr. Melo,audiência marcada para 2026-05-31,,
6400,2753004-76.2021.8.83.9874,07/10/20,despacho,Dr. Barros,Prazo fatal: 11/11/26,,0
6401,4452862-76.2021.3.27.3238,2020-12-09,laudo pericial,dr. melo,Prazo fatal: 21/03/2026,,S
6402,6160516-66.2024.5.17.7150,2021-02-23,réplica,Dr. Barros,aguardando manifestação da parte contrária,03/03/26,
6403,5747786-52.2023.7.30.3750,2020-03-04,réplica,Dra Fontes,Prazo fatal: 2026-06-26,,1
6404,3975387-89.2023.4.55.7631,10 de fevereiro de 2026,habilitação,DRA. CAVALCANTE,Prazo fatal: 5 de dezembro de 2026,,0
6405,8588997-88.2020.6.29.5987,28/10/2021,intimação,DRA. CAVALCANTE,Prazo fatal: 21/08/26,,0
6406,6003915-30.2025.6.37.7681,08/09/2020,despacho,Dra Fontes,audiência marcada para 19/11/26,,1
6407,9252661-70.2020.1.46.1185,14/04/2022,despacho,dr. melo,juntada de documentos realizada,03/08/2026,sim
6408,6404948-40.2021.7.68.7161,09/04/2025,embargos de declaração,Dr. Melo,Prazo fatal: 30/04/26,15/02/2026,
6409,9168044-67.2022.1.26.3054,28 de dezembro de 2025,petição inicial,Dr. Barros,,24/10/26,S
6410,5401874-62.2025.2.46.8337,2022-06-12,despacho,Dr. Barros,juntada de documentos realizada,21/10/26,S
6411,3724721-44.2021.9.75.5553,04/11/2025,petição inicial,Dra. Fontes,prazo para recurso: 10 dias úteis a contar da intimação,,0
6412,6011987-71.2020.8.10.4396,22/06/2023,acordo extrajudicial,Dr. Barros,,,0
6413,4229107-99.2020.7.61.3978,09/02/2026,laudo pericial,Dra Fontes,aguardando manifestação da parte contrária,20 de novembro de 2026,0
6414,1093623-59.2025.7.92.5441,11 de janeiro de 2025,intimação,Dr. Barros,diligência externa necessária,,N
6415,7323234-16.2020.9.59.5035,05/07/20,acordo extrajudicial,Dr. Barros,juntada de documentos realizada,2026-07-04,não
6416,8607512-63.2021.6.82.1039,2025-05-20,embargos de declaração,Dr. Barros,Prazo fatal: 04/09/2026,,S
6417,5432782-56.2021.2.97.6240,23/01/23,audiência de instrução,Dr. Barros,,,não
6418,3785792-10.2020.5.78.7940,2025-10-26,réplica,Dra. Fontes,juntada de documentos realizada,,não
6419,5755257-93.2020.8.44.2882,01/11/2022,habilitação,Dr. Melo,audiência marcada para 02/11/2026,,
6420,8125196-18.2023.1.53.1215,2020-11-20,laudo pericial,DRA. CAVALCANTE,audiência marcada para 15 de outubro de 2026,2026-01-20,não
6421,8936104-83.2022.1.39.7934,31/07/2020,memoriais,dr. melo,Prazo fatal: 2026-02-01,,N
6422,2231929-89.2024.6.41.5461,2020-08-02,acordo extrajudicial,Dr. Melo,aguardando manifestação da parte contrária,,sim
6423,1445483-93.2023.1.61.7357,08/01/2022,audiência de instrução,Dra. Cavalcante,Prazo fatal: 20/07/26,,1
6424,4085001-92.2022.6.76.8938,19/05/25,laudo pericial,Dra Fontes,,,S
6425,2112478-55.2024.2.51.9095,30/08/2022,recurso de apelação,Dr. Barros,audiência marcada para 6 de outubro de 2026,,S
6426,5159219-49.2023.5.25.3676,21/11/2020,acordo extrajudicial,DRA. CAVALCANTE,,,0
6427,7916680-90.2022.1.67.1785,18/03/2026,memoriais,Dra. Cavalcante,Prazo fatal: 03/03/2026,13 de outubro de 2026,sim
6428,3785792-10.2020.5.78.7940,2021-08-30,réplica,Dra. Cavalcante,documentos pendentes de entrega pelo cliente,29/10/26,
6429,2545435-52.2025.3.59.7623,13/09/23,citação,DRA. CAVALCANTE,Prazo fatal: 09/02/26,,1
6430,3785792-10.2020.5.78.7940,13/04/25,recurso de apelação,Dra. Cavalcante,prazo para recurso: 6 dias úteis a contar da intimação,2026-07-28,0
6431,1778149-24.2023.1.86.3557,18/03/26,intimação,DRA. CAVALCANTE,juntada de documentos realizada,,sim
6432,5514997-95.2024.1.84.8098,07/02/2024,laudo pericial,Dr. Barros,aguardando manifestação da parte contrária,,
6433,5058333-37.2021.3.98.8848,27/03/2021,despacho,Dr. Melo,documentos pendentes de entrega pelo cliente,2026-12-30,1
6434,5124342-11.2025.5.50.6107,2025-01-19,memoriais,Dra. Fontes,diligência externa necessária,,não
6435,5144296-22.2022.4.87.9648,2023-02-20,laudo pericial,Dra Fontes,audiência marcada para 23 de abril de 2026,07/12/26,
6436,5786762-52.2021.9.21.3037,08/02/25,audiência de instrução,Dr. Melo,prazo para recurso: 17 dias úteis a contar da intimação,,0
6437,5991409-16.2021.8.44.1303,2020-12-29,acordo extrajudicial,Dra. Cavalcante,juntada de documentos realizada,15/09/2026,0
6438,8892606-62.2022.2.87.2168,2024-05-31,acordo extrajudicial,Dra. Cavalcante,Prazo fatal: 16/05/26,,não
6439,3922248-27.2025.1.42.4047,05/05/2020,habilitação,Dra Fontes,prazo para recurso: 30 dias úteis a contar da intimação,20 de janeiro de 2026,sim
6440,7141324-67.2025.3.86.3413,2025-12-26,petição inicial,DRA. CAVALCANTE,aguardando manifestação da parte contrária,,1
6441,9885734-21.2023.9.74.3450,2024-01-02,agravo regimental,Dr. Barros,,,1
6442,2675642-32.2022.8.65.5499,14 de julho de 2020,audiência de instrução,Dra. Fontes,prazo para recurso: 9 dias úteis a contar da intimação,2026-06-17,N
6443,1098476-20.2021.1.47.3336,07/09/2025,citação,dr. melo,aguardando manifestação da parte contrária,,não
6444,5058333-37.2021.3.98.8848,29 de setembro de 2023,contestação,Dr. Barros,documentos pendentes de entrega pelo cliente,2026-11-23,
6445,3922248-27.2025.1.42.4047,2020-08-18,acordo extrajudicial,DRA. CAVALCANTE,audiência marcada para 2026-09-08,,0
6446,4433355-55.2023.8.48.9346,30 de setembro de 2020,recurso de apelação,Dra. Cavalcante,juntada de documentos realizada,,0
6447,6953559-38.2025.7.42.9212,24/03/2020,citação,Dr. Melo,aguardando manifestação da parte contrária,,1
6448,6254488-31.2024.9.48.3216,30/01/20,agravo regimental,Dra. Fontes,prazo para recurso: 17 dias úteis a contar da intimação,,0
6449,1933296-95.2024.5.69.8317,2024-06-06,habilitação,Dr. Barros,Prazo fatal: 27/01/2026,,
6450,1101935-78.2023.5.88.5299,26/11/20,réplica,Dra. Cavalcante,audiência marcada para 09/04/26,18/07/26,N
6451,2519059-58.2022.7.86.4385,08/12/22,laudo pericial,DRA. CAVALCANTE,,14 de fevereiro de 2026,S
6452,7274275-74.2020.1.22.9780,02/07/2019,petição inicial,Dra Fontes,,9 de outubro de 2026,
6453,8886588-26.2020.9.65.6361,2022-12-30,petição inicial,DRA. CAVALCANTE,documentos pendentes de entrega pelo cliente,,0
6454,6254488-31.2024.9.48.3216,26 de dezembro de 2020,laudo pericial,dr. melo,audiência marcada para 12/09/26,,
6455,4061044-97.2023.7.99.3676,11 de janeiro de 2020,réplica,Dra Fontes,Prazo fatal: 24/05/26,,
6456,6476769-27.2021.5.22.2570,03/08/21,acordo extrajudicial,Dra Fontes,documentos pendentes de entrega pelo cliente,,S
6457,6836135-90.2022.9.37.5643,4 de agosto de 2021,recurso de apelação,DRA. CAVALCANTE,Prazo fatal: 24/03/2026,,não
6458,2186433-37.2022.2.12.4344,10/02/2025,réplica,Dr. Barros,diligência externa necessária,,1
6459,4601686-30.2021.5.52.7745,24/02/20,intimação,DRA. CAVALCANTE,prazo para recurso: 13 dias úteis a contar da intimação,,1
6460,2118934-75.2023.5.97.9563,20/06/23,petição inicial,Dr. Barros,audiência marcada para 14/07/2026,,0
6461,4681694-71.2021.9.28.7350,2020-01-22,audiência de instrução,dr. melo,aguardando manifestação da parte contrária,,sim
6462,9071705-28.2021.9.78.4746,25 de dezembro de 2022,recurso de apelação,Dra. Fontes,prazo para recurso: 12 dias úteis a contar da intimação,,0
6463,2966787-79.2022.1.41.9944,15/02/2024,petição inicial,dr. melo,,,não
6464,7640585-40.2023.1.57.1721,06/02/2026,despacho,Dr. Melo,documentos pendentes de entrega pelo cliente,,sim
6465,5124342-11.2025.5.50.6107,24 de outubro de 2023,recurso de apelação,Dra. Fontes,audiência marcada para 21 de julho de 2026,,N
6466,1784068-27.2021.3.12.2538,2022-01-18,contestação,Dra Fontes,documentos pendentes de entrega pelo cliente,,
6467,1931030-34.2024.8.48.5319,23/10/2025,habilitação,Dr. Melo,,,
6468,7999133-20.2023.7.26.1121,2024-12-10,audiência de instrução,Dr. Barros,audiência marcada para 2026-07-13,,1
6469,1099617-37.2023.9.61.1793,11/10/2020,citação,Dr. Melo,documentos pendentes de entrega pelo cliente,17/01/26,0
6470,5462435-11.2024.9.85.2977,20 de junho de 2022,audiência de instrução,Dr. Melo,Prazo fatal: 22/01/2026,2026-01-21,não
6471,1974389-81.2024.5.57.9354,19 de dezembro de 2020,habilitação,DRA. CAVALCANTE,Prazo fatal: 02/03/26,,1
6472,8368255-39.2020.9.60.4414,23/07/21,intimação,Dr. Melo,Prazo fatal: 4 de dezembro de 2026,2026-03-11,N
6473,3418432-84.2025.3.59.5858,23 de dezembro de 2023,memoriais,dr. melo,diligência externa necessária,,0
6474,2658962-39.2022.5.95.8856,10/11/2023,réplica,Dra. Fontes,juntada de documentos realizada,15/05/26,0
6475,5401874-62.2025.2.46.8337,3 de março de 2025,agravo regimental,Dra. Fontes,audiência marcada para 2026-10-06,24/06/2026,1
6476,3879233-61.2024.5.30.1494,10/09/2025,acordo extrajudicial,DRA. CAVALCANTE,aguardando manifestação da parte contrária,02/12/26,S
6477,4865461-96.2025.2.64.9143,25/06/2025,acordo extrajudicial,Dr. Melo,,,N
6478,7941836-76.2025.4.34.6543,27 de agosto de 2024,réplica,Dr. Barros,juntada de documentos realizada,,N
6479,6425355-10.2021.6.53.2041,19/02/2026,habilitação,Dr. Barros,,2026-03-17,0
6480,7820540-78.2023.1.75.4823,12/06/2022,petição inicial,Dr. Melo,documentos pendentes de entrega pelo cliente,27/07/26,S
6481,5159882-37.2022.9.71.7550,13 de junho de 2023,agravo regimental,Dra. Fontes,aguardando manifestação da parte contrária,,
6482,2824928-33.2020.1.90.6467,30 de julho de 2023,despacho,Dr. Melo,Prazo fatal: 2026-10-26,,não
6483,2397582-22.2023.9.93.4223,13 de agosto de 2019,réplica,Dr. Melo,juntada de documentos realizada,,sim
6484,2186433-37.2022.2.12.4344,27/02/26,sentença,Dra. Fontes,prazo para recurso: 18 dias úteis a contar da intimação,,S
6485,2267110-24.2021.5.78.6025,1 de agosto de 2024,réplica,Dr. Barros,juntada de documentos realizada,,
6486,4016576-41.2022.7.10.6952,2022-08-13,laudo pericial,Dr. Barros,prazo para recurso: 29 dias úteis a contar da intimação,,N
6487,8886588-26.2020.9.65.6361,2021-12-08,agravo regimental,Dra Fontes,aguardando manifestação da parte contrária,,0
6488,5451988-41.2020.2.82.4041,6 de novembro de 2019,réplica,DRA. CAVALCANTE,audiência marcada para 05/07/2026,,
6489,7820540-78.2023.1.75.4823,17/06/20,sentença,Dra Fontes,,,não
6490,8530609-10.2021.5.41.7151,06/05/2025,citação,Dr. Melo,,,N
6491,3879233-61.2024.5.30.1494,20 de julho de 2020,sentença,Dr. Barros,prazo para recurso: 13 dias úteis a contar da intimação,,N
6492,7236875-79.2024.7.97.5566,3 de março de 2023,sentença,dr. melo,,,0
6493,3679963-72.2020.9.29.7859,2023-02-05,acordo extrajudicial,Dra. Fontes,diligência externa necessária,,
6494,6686912-30.2025.4.68.7078,2019-08-27,citação,Dra. Fontes,documentos pendentes de entrega pelo cliente,04/05/26,não
6495,6686912-30.2025.4.68.7078,2021-02-18,intimação,Dra Fontes,,,S
6496,1165147-13.2020.2.47.5874,12 de setembro de 2023,memoriais,Dr. Barros,audiência marcada para 07/09/2026,,N
6497,5991409-16.2021.8.44.1303,14 de novembro de 2024,petição inicial,dr. melo,diligência externa necessária,19/03/26,não
6498,1165147-13.2020.2.47.5874,20/09/2023,despacho,DRA. CAVALCANTE,Prazo fatal: 25/11/2026,30/11/2026,sim
6499,8286828-70.2022.9.31.8012,2024-05-11,réplica,dr. melo,diligência externa necessária,,não
6500,2545435-52.2025.3.59.7623,2019-12-17,embargos de declaração,DRA. CAVALCANTE,documentos pendentes de entrega pelo cliente,19/09/26,0
6501,5058333-37.2021.3.98.8848,8 de dezembro de 2024,petição inicial,dr. melo,,30/01/26,1
6502,5826200-20.2025.1.91.8748,06/06/22,audiência de instrução,Dr. Barros,,,0
6503,6547287-16.2023.4.15.7491,2020-07-28,contestação,dr. melo,audiência marcada para 2026-11-20,,sim
6504,2236315-26.2022.5.82.8939,9 de dezembro de 2024,agravo regimental,Dr. Barros,aguardando manifestação da parte contrária,,N
6505,1272937-41.2023.5.75.9958,15/08/24,embargos de declaração,Dra Fontes,audiência marcada para 10 de novembro de 2026,,sim
6506,8215015-64.2021.5.32.1893,08/03/2025,audiência de instrução,DRA. CAVALCANTE,documentos pendentes de entrega pelo cliente,19 de outubro de 2026,0
6507,9252661-70.2020.1.46.1185,24/11/21,citação,Dra Fontes,aguardando manifestação da parte contrária,,não
6508,3734843-61.2021.3.94.2954,13/09/24,intimação,Dra Fontes,prazo para recurso: 16 dias úteis a contar da intimação,,
6509,2328070-99.2024.8.57.5561,2025-10-01,audiência de instrução,DRA. CAVALCANTE,diligência externa necessária,2026-09-12,
6510,7544569-30.2022.4.91.9370,19/05/22,intimação,Dra Fontes,aguardando manifestação da parte contrária,,
6511,6982910-41.2023.8.91.8758,11/09/2025,agravo regimental,DRA. CAVALCANTE,,,não
6512,6101036-60.2022.7.49.3295,2024-05-01,recurso de apelação,Dra Fontes,prazo para recurso: 7 dias úteis a contar da intimação,,S
6513,7274275-74.2020.1.22.9780,24 de abril de 2021,intimação,Dra. Fontes,juntada de documentos realizada,2026-08-03,
6514,4202942-75.2025.6.91.7611,10/10/20,habilitação,DRA. CAVALCANTE,prazo para recurso: 21 dias úteis a contar da intimação,,S
6515,5901155-82.2023.2.89.7717,2025-12-05,memoriais,Dr. Barros,aguardando manifestação da parte contrária,21 de setembro de 2026,1
6516,3168718-77.2025.2.92.8027,23 de fevereiro de 2026,despacho,Dr. Barros,aguardando manifestação da parte contrária,,1
6517,7438163-48.2021.3.47.1186,25 de novembro de 2024,citação,Dra Fontes,documentos pendentes de entrega pelo cliente,,S
6518,4493339-70.2021.7.17.8725,30/09/2020,agravo regimental,DRA. CAVALCANTE,audiência marcada para 15/08/2026,,
6519,2658962-39.2022.5.95.8856,2020-05-13,recurso de apelação,Dra Fontes,audiência marcada para 6 de maio de 2026,,S
6520,4510407-23.2020.5.18.6055,30 de junho de 2023,citação,DRA. CAVALCANTE,juntada de documentos realizada,22/12/2026,não
6521,9636371-69.2025.8.67.4068,2 de julho de 2021,petição inicial,DRA. CAVALCANTE,diligência externa necessária,,0
6522,5451988-41.2020.2.82.4041,30/09/2022,embargos de declaração,Dra. Cavalcante,diligência externa necessária,30 de agosto de 2026,1
6523,5967836-10.2021.4.35.9671,21/11/20,agravo regimental,Dr. Melo,juntada de documentos realizada,,
6524,3260101-88.2022.8.37.9169,22/02/2022,petição inicial,Dr. Barros,diligência externa necessária,,0
6525,9686751-57.2022.7.62.3494,11/10/2024,sentença,Dr. Barros,Prazo fatal: 08/11/26,,0
6526,1633270-27.2024.2.52.7034,25 de julho de 2020,embargos de declaração,Dra. Fontes,,18 de outubro de 2026,S
6527,7633905-83.2022.9.95.2309,2 de dezembro de 2021,petição inicial,Dra. Fontes,audiência marcada para 27 de outubro de 2026,2026-05-04,não
6528,9398629-61.2022.5.88.8253,31 de janeiro de 2023,embargos de declaração,DRA. CAVALCANTE,aguardando manifestação da parte contrária,,0
6529,5116418-16.2025.3.98.2234,11 de agosto de 2022,contestação,Dra. Fontes,documentos pendentes de entrega pelo cliente,,0
6530,5472823-70.2022.4.41.7624,17/05/20,memoriais,Dr. Melo,,,
6531,6404948-40.2021.7.68.7161,24/04/2024,habilitação,Dra. Cavalcante,,,N
6532,1614850-25.2020.8.85.3161,24/01/20,recurso de apelação,Dra. Fontes,audiência marcada para 2026-10-08,,0
6533,2997279-67.2024.9.84.1441,12/06/24,recurso de apelação,Dra Fontes,audiência marcada para 02/11/26,2026-07-27,0
6534,2554938-48.2024.1.13.4544,18/12/2025,sentença,Dr. Barros,Prazo fatal: 2026-08-29,,N
6535,2753004-76.2021.8.83.9874,7 de janeiro de 2020,citação,Dr. Barros,aguardando manifestação da parte contrária,,1
6536,3376786-12.2020.7.64.5093,03/12/21,laudo pericial,Dra. Cavalcante,aguardando manifestação da parte contrária,02/02/26,1
6537,2675642-32.2022.8.65.5499,12/11/2025,despacho,Dr. Melo,documentos pendentes de entrega pelo cliente,27/04/2026,N
6538,4131852-60.2020.1.89.9739,3 de abril de 2026,petição inicial,Dra. Fontes,Prazo fatal: 2026-06-08,,não
6539,8936104-83.2022.1.39.7934,2021-09-08,sentença,Dr. Barros,diligência externa necessária,16/03/2026,
6540,3168718-77.2025.2.92.8027,12/02/21,intimação,Dr. Melo,aguardando manifestação da parte contrária,,0
6541,7271178-97.2023.5.84.4243,09/04/21,despacho,dr. melo,Prazo fatal: 06/08/2026,,S
6542,4494463-44.2022.5.80.7542,2022-09-15,habilitação,Dra Fontes,Prazo fatal: 11 de fevereiro de 2026,,S
6543,5217157-98.2020.2.64.4094,24/10/23,recurso de apelação,Dra. Fontes,,,não
6544,7065068-16.2021.7.14.6489,2022-05-06,intimação,Dr. Barros,audiência marcada para 23/06/2026,,1
6545,8062805-72.2022.1.22.8771,29/10/2022,memoriais,DRA. CAVALCANTE,aguardando manifestação da parte contrária,2026-12-13,sim
6546,8286828-70.2022.9.31.8012,11 de janeiro de 2020,despacho,Dra Fontes,juntada de documentos realizada,,N
6547,6953559-38.2025.7.42.9212,03/03/2026,recurso de apelação,Dr. Barros,Prazo fatal: 01/09/26,,
6548,7633905-83.2022.9.95.2309,18/02/23,laudo pericial,Dra. Cavalcante,documentos pendentes de entrega pelo cliente,,N
6549,1628717-84.2025.8.67.8313,25/04/2023,laudo pericial,Dr. Barros,audiência marcada para 04/10/2026,24/11/26,1
6550,7486029-45.2024.4.25.3159,25 de junho de 2021,intimação,Dr. Melo,documentos pendentes de entrega pelo cliente,,1
6551,3588109-63.2023.1.26.4223,1 de setembro de 2022,acordo extrajudicial,Dra. Fontes,prazo para recurso: 6 dias úteis a contar da intimação,,
6552,4134515-43.2021.8.70.4879,01/04/25,acordo extrajudicial,dr. melo,juntada de documentos realizada,,S
6553,4452862-76.2021.3.27.3238,31 de julho de 2024,despacho,Dra. Fontes,,,não
6554,8368372-34.2020.6.43.9691,2024-02-27,sentença,Dra. Cavalcante,diligência externa necessária,09/12/26,não
6555,2895065-46.2022.7.67.1438,10/08/2023,sentença,Dr. Barros,diligência externa necessária,,0
6556,5159219-49.2023.5.25.3676,2021-03-11,despacho,Dr. Melo,Prazo fatal: 30/11/26,,sim
6557,2837371-36.2022.7.88.5428,07/12/2024,recurso de apelação,Dra. Fontes,Prazo fatal: 3 de novembro de 2026,,
6558,7223110-52.2024.2.44.8994,11 de outubro de 2023,audiência de instrução,Dr. Barros,,,1
6559,2110878-87.2023.8.83.8978,2024-07-20,intimação,DRA. CAVALCANTE,juntada de documentos realizada,10/04/26,
6560,1273300-90.2024.2.80.7378,2025-10-16,habilitação,Dr. Barros,diligência externa necessária,,0
6561,7687292-20.2021.4.85.7539,2023-04-08,contestação,Dr. Melo,juntada de documentos realizada,21 de novembro de 2026,sim
6562,7398699-88.2025.6.55.3587,2024-01-02,memoriais,Dra. Cavalcante,Prazo fatal: 07/04/26,05/11/2026,não
6563,3242098-97.2025.4.44.9916,24/06/2022,sentença,Dr. Barros,juntada de documentos realizada,,0
6564,4961530-22.2021.4.22.6290,15/01/25,intimação,Dra Fontes,diligência externa necessária,,
6565,3710559-31.2020.9.95.2540,23/03/2019,recurso de apelação,Dr. Barros,diligência externa necessária,09/07/26,N
6566,3778380-86.2023.9.32.5849,04/12/22,habilitação,Dr. Barros,Prazo fatal: 06/05/26,,não
6567,2895065-46.2022.7.67.1438,3 de setembro de 2024,réplica,Dr. Barros,diligência externa necessária,,sim
6568,5753123-52.2021.4.48.4042,21/05/2021,laudo pericial,Dr. Barros,Prazo fatal: 08/08/2026,,
6569,5753123-52.2021.4.48.4042,21 de março de 2023,réplica,Dr. Melo,aguardando manifestação da parte contrária,,sim
6570,5631823-61.2020.5.47.1440,7 de abril de 2025,réplica,Dra Fontes,aguardando manifestação da parte contrária,,0
6571,5953905-94.2022.5.44.3245,2020-11-05,agravo regimental,Dra. Cavalcante,prazo para recurso: 13 dias úteis a contar da intimação,2026-03-16,sim
6572,8749473-21.2020.4.12.9144,02/06/25,contestação,Dr. Barros,prazo para recurso: 24 dias úteis a contar da intimação,,
6573,3168718-77.2025.2.92.8027,1 de novembro de 2021,laudo pericial,Dra Fontes,Prazo fatal: 22 de junho de 2026,09/03/2026,sim
6574,1676369-34.2022.3.47.6087,05/06/2025,intimação,Dra. Cavalcante,prazo para recurso: 23 dias úteis a contar da intimação,,N
6575,7862554-22.2024.7.83.6459,21 de abril de 2023,embargos de declaração,Dr. Barros,diligência externa necessária,,N
6576,5316105-58.2020.3.22.3571,20/11/2021,intimação,dr. melo,documentos pendentes de entrega pelo cliente,,0
6577,7398699-88.2025.6.55.3587,26/10/24,memoriais,Dr. Melo,prazo para recurso: 24 dias úteis a contar da intimação,22/02/2026,não
6578,1974389-81.2024.5.57.9354,2026-05-01,intimação,Dra Fontes,juntada de documentos realizada,,não
6579,4202942-75.2025.6.91.7611,28/07/2020,despacho,Dra Fontes,,2026-05-06,não
6580,7236875-79.2024.7.97.5566,2021-12-14,acordo extrajudicial,Dr. Barros,aguardando manifestação da parte contrária,,sim
6581,9057960-29.2025.5.10.6072,2020-03-18,memoriais,Dra. Cavalcante,prazo para recurso: 27 dias úteis a contar da intimação,,S
6582,9086174-80.2025.1.81.3292,2019-03-12,laudo pericial,Dra Fontes,audiência marcada para 21 de agosto de 2026,,N
6583,8129073-22.2024.4.16.9656,20 de novembro de 2024,acordo extrajudicial,Dra. Cavalcante,prazo para recurso: 11 dias úteis a contar da intimação,,S
6584,7065068-16.2021.7.14.6489,25 de março de 2026,intimação,Dr. Barros,documentos pendentes de entrega pelo cliente,2026-04-30,S
6585,5451988-41.2020.2.82.4041,21/08/21,intimação,Dra. Fontes,Prazo fatal: 6 de janeiro de 2026,12/07/2026,0
6586,6254488-31.2024.9.48.3216,2024-04-01,contestação,Dr. Barros,diligência externa necessária,,sim
6587,9108785-98.2021.3.78.6687,2023-05-26,petição inicial,DRA. CAVALCANTE,aguardando manifestação da parte contrária,,não
6588,1628717-84.2025.8.67.8313,2020-06-26,memoriais,Dr. Barros,Prazo fatal: 03/11/2026,,S
6589,6694761-39.2022.1.10.2199,03/04/2019,memoriais,DRA. CAVALCANTE,diligência externa necessária,,1
6590,6524227-53.2025.1.97.6214,08/06/2024,agravo regimental,DRA. CAVALCANTE,diligência externa necessária,,0
6591,9110060-16.2025.2.29.4716,2025-07-30,intimação,Dra. Cavalcante,prazo para recurso: 10 dias úteis a contar da intimação,,N
6592,6260319-38.2024.8.96.1114,2024-06-12,contestação,Dr. Melo,audiência marcada para 26 de novembro de 2026,,1
6593,5068524-45.2025.9.91.6906,27 de junho de 2020,citação,DRA. CAVALCANTE,juntada de documentos realizada,26/09/2026,não
6594,7951127-89.2024.1.63.3502,13/03/23,petição inicial,Dra. Cavalcante,juntada de documentos realizada,15/06/26,
6595,1165147-13.2020.2.47.5874,20/02/23,recurso de apelação,Dra Fontes,juntada de documentos realizada,,0
6596,2110878-87.2023.8.83.8978,10/01/2026,intimação,Dra Fontes,documentos pendentes de entrega pelo cliente,,S
6597,4417916-40.2022.7.26.4278,22/05/23,laudo pericial,Dra. Cavalcante,juntada de documentos realizada,,0
6598,5953905-94.2022.5.44.3245,16/04/21,habilitação,Dr. Barros,juntada de documentos realizada,2026-06-10,1
6599,3346094-93.2020.2.94.1759,2026-04-26,habilitação,dr. melo,juntada de documentos realizada,,N
6600,9953454-93.2020.2.52.5723,2020-08-01,intimação,DRA. CAVALCANTE,prazo para recurso: 15 dias úteis a contar da intimação,2026-10-31,0
6601,5625093-80.2022.9.16.6618,27/08/22,recurso de apelação,DRA. CAVALCANTE,aguardando manifestação da parte contrária,2026-08-28,sim
6602,1185885-59.2023.7.19.8433,7 de fevereiro de 2025,embargos de declaração,Dr. Melo,juntada de documentos realizada,,1
6603,6865513-17.2021.7.21.3938,2020-07-02,embargos de declaração,Dra. Fontes,,2026-06-17,
6604,3260101-88.2022.8.37.9169,05/04/2025,embargos de declaração,Dra. Cavalcante,diligência externa necessária,13 de maio de 2026,0
6605,4510407-23.2020.5.18.6055,25 de fevereiro de 2026,intimação,Dr. Barros,audiência marcada para 2026-12-05,21 de agosto de 2026,não
6606,3464073-25.2022.8.73.5075,2024-08-28,contestação,Dra. Cavalcante,,,
6607,6384831-67.2022.5.89.7429,05/04/24,memoriais,Dr. Barros,prazo para recurso: 8 dias úteis a contar da intimação,2026-08-23,N
6608,7486029-45.2024.4.25.3159,2023-09-26,petição inicial,dr. melo,Prazo fatal: 20/01/2026,,1
6609,7999133-20.2023.7.26.1121,15 de janeiro de 2022,habilitação,Dra. Fontes,diligência externa necessária,,sim
6610,5826200-20.2025.1.91.8748,04/04/23,réplica,DRA. CAVALCANTE,documentos pendentes de entrega pelo cliente,,0
6611,6694761-39.2022.1.10.2199,04/03/2024,embargos de declaração,DRA. CAVALCANTE,aguardando manifestação da parte contrária,,não
6612,1013314-48.2023.4.39.2083,13/08/2019,despacho,Dra. Cavalcante,,,1
6613,6992158-64.2024.5.43.7750,12 de março de 2023,intimação,Dra Fontes,diligência externa necessária,,0
6614,7274275-74.2020.1.22.9780,2026-03-16,réplica,Dra Fontes,documentos pendentes de entrega pelo cliente,,S
6615,3542799-64.2025.6.13.7299,2020-04-10,audiência de instrução,Dr. Melo,juntada de documentos realizada,,N
6616,2397582-22.2023.9.93.4223,09/04/21,memoriais,Dra. Cavalcante,Prazo fatal: 11/04/26,07/04/2026,N
6617,1887163-62.2025.9.93.1037,2021-05-13,contestação,Dr. Melo,,,sim
6618,9804642-71.2024.4.76.5486,29/11/25,réplica,Dra. Fontes,aguardando manifestação da parte contrária,2026-09-21,S
6619,3778380-86.2023.9.32.5849,31 de maio de 2024,petição inicial,Dr. Barros,juntada de documentos realizada,,sim
6620,5661974-14.2020.6.39.3137,11 de maio de 2022,réplica,Dra. Cavalcante,documentos pendentes de entrega pelo cliente,,sim
6621,4384627-80.2021.2.13.1061,29 de julho de 2022,habilitação,Dra Fontes,Prazo fatal: 04/02/26,,S
6622,5144296-22.2022.4.87.9648,18/10/19,habilitação,dr. melo,documentos pendentes de entrega pelo cliente,,
6623,6416661-36.2021.8.21.8496,17/03/22,sentença,Dra. Cavalcante,documentos pendentes de entrega pelo cliente,3 de agosto de 2026,não
6624,9824532-76.2023.6.37.2040,2 de janeiro de 2023,laudo pericial,Dr. Barros,prazo para recurso: 9 dias úteis a contar da intimação,,
6625,9573194-21.2022.1.35.8352,06/09/20,embargos de declaração,Dr. Barros,documentos pendentes de entrega pelo cliente,2026-08-30,sim
6626,1754781-28.2025.6.89.2162,06/06/2021,intimação,Dr. Barros,audiência marcada para 2026-05-11,,não
6627,2236315-26.2022.5.82.8939,28/05/2024,audiência de instrução,Dra. Cavalcante,diligência externa necessária,2026-08-20,N
6628,6953559-38.2025.7.42.9212,13/07/22,laudo pericial,dr. melo,,,0
6629,7136189-41.2024.2.60.1768,23 de fevereiro de 2026,intimação,Dra. Fontes,,13 de setembro de 2026,sim
6630,4016576-41.2022.7.10.6952,22/05/25,embargos de declaração,Dr. Barros,prazo para recurso: 13 dias úteis a contar da intimação,2026-08-13,0
6631,6836135-90.2022.9.37.5643,17/04/2021,recurso de apelação,Dra. Fontes,Prazo fatal: 26/08/26,,
6632,7544569-30.2022.4.91.9370,03/05/21,sentença,Dr. Barros,Prazo fatal: 2026-01-15,,S
6633,9168044-67.2022.1.26.3054,2 de junho de 2024,embargos de declaração,Dra Fontes,juntada de documentos realizada,21 de fevereiro de 2026,sim
6634,2675642-32.2022.8.65.5499,21/02/2020,citação,Dra. Fontes,Prazo fatal: 18/06/2026,,não
6635,1557680-16.2021.4.16.4031,31/12/2022,memoriais,Dra. Fontes,,20/04/26,S
6636,6528202-89.2025.3.17.9496,2024-11-19,despacho,Dra. Cavalcante,audiência marcada para 8 de maio de 2026,,sim
6637,7687292-20.2021.4.85.7539,2021-02-15,contestação,Dra. Cavalcante,juntada de documentos realizada,,
6638,8827641-36.2022.5.59.8715,06/08/23,habilitação,Dr. Barros,Prazo fatal: 2026-05-24,2026-07-14,0
6639,9810112-12.2021.1.97.8847,05/08/25,petição inicial,Dra. Cavalcante,prazo para recurso: 29 dias úteis a contar da intimação,,1
6640,7245951-43.2021.4.11.7623,15/05/2021,agravo regimental,Dr. Barros,diligência externa necessária,,N
6641,5996426-23.2022.8.20.3566,30/11/2019,intimação,Dr. Barros,prazo para recurso: 15 dias úteis a contar da intimação,,sim
6642,6404948-40.2021.7.68.7161,2019-07-10,memoriais,Dra. Fontes,,,sim
6643,6982910-41.2023.8.91.8758,05/11/23,acordo extrajudicial,Dra. Cavalcante,Prazo fatal: 2026-04-27,,sim
6644,6011987-71.2020.8.10.4396,25 de novembro de 2023,intimação,Dr. Barros,,3 de outubro de 2026,não
6645,9110060-16.2025.2.29.4716,17/05/2024,acordo extrajudicial,Dra. Cavalcante,diligência externa necessária,04/05/26,sim
6646,5472823-70.2022.4.41.7624,14 de maio de 2021,citação,Dr. Melo,,2026-06-17,1
6647,1778149-24.2023.1.86.3557,04/07/2023,habilitação,Dra. Fontes,,,
6648,3710559-31.2020.9.95.2540,17 de janeiro de 2025,agravo regimental,Dr. Melo,Prazo fatal: 1 de maio de 2026,,S
6649,3054975-46.2023.4.85.5879,29 de janeiro de 2021,petição inicial,dr. melo,Prazo fatal: 23/12/26,,S
6650,9898363-27.2020.4.89.2966,15/12/20,laudo pericial,Dr. Barros,juntada de documentos realizada,,S
6651,4768255-51.2022.4.94.5695,17/01/21,audiência de instrução,Dr. Barros,aguardando manifestação da parte contrária,13/12/2026,1
6652,4768255-51.2022.4.94.5695,1 de julho de 2020,intimação,Dra. Cavalcante,diligência externa necessária,30/04/26,S
6653,5967836-10.2021.4.35.9671,2026-03-06,sentença,Dr. Barros,Prazo fatal: 09/04/2026,,0
6654,8714773-70.2022.9.65.8541,18 de agosto de 2025,audiência de instrução,DRA. CAVALCANTE,audiência marcada para 25 de junho de 2026,,N
6655,1099617-37.2023.9.61.1793,2025-10-05,audiência de instrução,Dr. Barros,diligência externa necessária,,1
6656,8677980-28.2024.9.94.6552,21/05/23,acordo extrajudicial,dr. melo,,,sim
6657,1676369-34.2022.3.47.6087,14/04/2021,citação,Dr. Barros,juntada de documentos realizada,2026-12-05,
6658,9086174-80.2025.1.81.3292,2020-11-09,audiência de instrução,Dra. Cavalcante,Prazo fatal: 29/07/26,,não
6659,9824532-76.2023.6.37.2040,11/07/2020,agravo regimental,Dr. Melo,diligência externa necessária,10 de março de 2026,
6660,4865461-96.2025.2.64.9143,18/11/20,audiência de instrução,Dra Fontes,documentos pendentes de entrega pelo cliente,,sim
6661,2100417-68.2021.7.29.9662,28 de novembro de 2022,habilitação,dr. melo,Prazo fatal: 03/07/26,2026-01-19,
6662,2997279-67.2024.9.84.1441,17 de maio de 2024,habilitação,DRA. CAVALCANTE,prazo para recurso: 30 dias úteis a contar da intimação,8 de junho de 2026,1
6663,2316290-44.2022.7.34.5190,12 de setembro de 2024,habilitação,Dra. Cavalcante,audiência marcada para 2026-03-10,,N
6664,6524227-53.2025.1.97.6214,20/11/2024,petição inicial,Dr. Barros,aguardando manifestação da parte contrária,,
6665,7749444-78.2021.1.20.8763,15/11/2019,habilitação,DRA. CAVALCANTE,,,N
6666,8323566-47.2021.3.26.4644,16/08/22,sentença,DRA. CAVALCANTE,aguardando manifestação da parte contrária,,S
6667,1438459-62.2020.7.78.3410,2025-04-20,sentença,Dra Fontes,,,sim
6668,5144296-22.2022.4.87.9648,2025-01-16,audiência de instrução,Dra. Fontes,diligência externa necessária,,1
6669,5492622-29.2021.9.92.7737,2020-12-24,audiência de instrução,Dra. Cavalcante,juntada de documentos realizada,,
6670,6953559-38.2025.7.42.9212,9 de dezembro de 2021,contestação,Dra Fontes,,,N
6671,4938178-62.2020.7.27.6072,24/03/22,habilitação,DRA. CAVALCANTE,,,N
6672,1778149-24.2023.1.86.3557,7 de fevereiro de 2023,laudo pericial,Dr. Barros,aguardando manifestação da parte contrária,08/09/2026,não
6673,9060164-41.2020.5.36.2381,27/12/24,citação,Dra. Fontes,juntada de documentos realizada,,sim
6674,4584224-94.2025.2.57.2511,06/02/2025,acordo extrajudicial,Dra. Fontes,prazo para recurso: 7 dias úteis a contar da intimação,28/10/2026,1
6675,6334947-38.2020.4.71.6173,03/10/21,citação,DRA. CAVALCANTE,Prazo fatal: 23/01/2026,,0
6676,8306601-19.2020.3.50.7457,14/08/20,memoriais,Dr. Barros,documentos pendentes de entrega pelo cliente,,S
6677,2895065-46.2022.7.67.1438,28/03/2023,laudo pericial,Dra. Fontes,prazo para recurso: 20 dias úteis a contar da intimação,12/07/2026,0
6678,7082985-88.2022.2.94.6058,2019-09-26,citação,dr. melo,,,N
6679,9071705-28.2021.9.78.4746,27/01/20,sentença,Dr. Melo,diligência externa necessária,,sim
6680,1833330-93.2025.8.61.3405,09/12/2022,sentença,dr. melo,,01/07/2026,S
6681,3675188-38.2025.9.53.3305,2023-02-18,recurso de apelação,Dra. Cavalcante,,,sim
6682,2294596-63.2020.6.38.9193,10/02/23,embargos de declaração,Dra Fontes,juntada de documentos realizada,,1
6683,4314934-26.2021.7.14.7244,16/09/25,audiência de instrução,Dra. Cavalcante,prazo para recurso: 21 dias úteis a contar da intimação,,S
6684,4064382-39.2022.4.13.8937,04/11/2022,agravo regimental,Dra. Cavalcante,audiência marcada para 2026-06-29,25/08/2026,1
6685,9970343-38.2020.5.18.4483,2024-08-11,intimação,Dr. Barros,diligência externa necessária,,não
6686,7640585-40.2023.1.57.1721,04/01/26,recurso de apelação,Dra. Fontes,aguardando manifestação da parte contrária,,S
6687,9666878-83.2023.6.29.9905,25 de maio de 2023,memoriais,Dra Fontes,diligência externa necessária,,
6688,9252661-70.2020.1.46.1185,2025-04-19,recurso de apelação,Dr. Melo,audiência marcada para 20 de junho de 2026,,S
6689,7136189-41.2024.2.60.1768,16 de outubro de 2020,acordo extrajudicial,Dr. Melo,prazo para recurso: 13 dias úteis a contar da intimação,,0
6690,1024421-54.2022.9.20.2563,9 de fevereiro de 2022,memoriais,DRA. CAVALCANTE,juntada de documentos realizada,25/04/2026,sim
6691,4180949-86.2020.3.26.7593,07/01/2023,contestação,dr. melo,documentos pendentes de entrega pelo cliente,08/09/2026,sim
6692,9062552-47.2024.4.22.8265,2024-02-26,acordo extrajudicial,dr. melo,,,N
6693,8306601-19.2020.3.50.7457,12/09/25,memoriais,dr. melo,,,S
6694,5700249-43.2020.5.57.9341,2020-04-17,agravo regimental,Dra. Cavalcante,juntada de documentos realizada,3 de novembro de 2026,não
6695,8590346-68.2020.7.63.7780,30/10/22,intimação,Dra. Cavalcante,diligência externa necessária,,1
6696,8892606-62.2022.2.87.2168,06/09/24,intimação,Dra. Fontes,juntada de documentos realizada,,N
6697,9822459-92.2024.8.17.6403,21/04/2022,intimação,Dr. Melo,aguardando manifestação da parte contrária,,N
6698,6445422-21.2020.5.39.8096,24/01/26,memoriais,dr. melo,,,sim
6699,5755257-93.2020.8.44.2882,13 de julho de 2022,contestação,Dra Fontes,aguardando manifestação da parte contrária,13/12/2026,N
6700,7486029-45.2024.4.25.3159,17/05/20,intimação,Dra. Fontes,diligência externa necessária,,S
6701,2397582-22.2023.9.93.4223,11/06/2023,memoriais,Dr. Melo,juntada de documentos realizada,2026-08-20,
6702,8677980-28.2024.9.94.6552,15 de março de 2025,intimação,Dr. Melo,diligência externa necessária,,não
6703,3306375-34.2024.9.48.9154,25 de janeiro de 2024,intimação,Dra Fontes,diligência externa necessária,,N
6704,8215015-64.2021.5.32.1893,12 de junho de 2024,sentença,Dra. Cavalcante,,,1
6705,8572382-61.2025.1.41.7172,23/11/25,embargos de declaração,Dra Fontes,Prazo fatal: 20/03/2026,,não
6706,6003915-30.2025.6.37.7681,03/12/2025,citação,Dr. Barros,diligência externa necessária,,0
6707,8886588-26.2020.9.65.6361,18/07/20,recurso de apelação,Dra. Cavalcante,documentos pendentes de entrega pelo cliente,,sim
6708,9804642-71.2024.4.76.5486,2024-12-23,contestação,Dra. Cavalcante,juntada de documentos realizada,,não
6709,3734843-61.2021.3.94.2954,25/05/22,intimação,Dr. Barros,juntada de documentos realizada,28 de julho de 2026,1
6710,1183693-37.2024.1.85.2937,30 de julho de 2022,sentença,Dr. Barros,,,sim
6711,4452862-76.2021.3.27.3238,09/12/21,acordo extrajudicial,Dra Fontes,Prazo fatal: 11/05/26,26 de janeiro de 2026,sim
6712,6339808-70.2020.2.67.1325,20/07/2024,habilitação,Dra. Cavalcante,documentos pendentes de entrega pelo cliente,,S
6713,6404948-40.2021.7.68.7161,2022-08-29,embargos de declaração,Dr. Melo,aguardando manifestação da parte contrária,2026-01-25,
6714,1714231-74.2025.9.71.1697,18/06/22,réplica,Dr. Barros,diligência externa necessária,,não
6715,7948577-74.2025.1.60.7583,26/04/21,citação,Dr. Melo,Prazo fatal: 07/09/2026,20/06/26,não
6716,4768255-51.2022.4.94.5695,2021-08-17,contestação,dr. melo,documentos pendentes de entrega pelo cliente,2026-05-19,S
6717,4064382-39.2022.4.13.8937,2025-07-02,embargos de declaração,Dra Fontes,juntada de documentos realizada,,sim
6718,1896520-28.2021.5.90.5374,05/10/22,agravo regimental,Dra Fontes,audiência marcada para 22 de outubro de 2026,12/06/2026,
6719,5035093-45.2021.1.27.3097,2019-03-31,laudo pericial,dr. melo,documentos pendentes de entrega pelo cliente,,N
6720,2294596-63.2020.6.38.9193,22 de novembro de 2024,réplica,Dra. Fontes,aguardando manifestação da parte contrária,,0
6721,5068524-45.2025.9.91.6906,2020-07-08,petição inicial,Dra. Fontes,diligência externa necessária,15/02/2026,1
6722,8066975-72.2023.7.26.7675,02/08/22,citação,Dr. Barros,Prazo fatal: 8 de setembro de 2026,,sim
6723,4961530-22.2021.4.22.6290,11/10/2025,intimação,dr. melo,audiência marcada para 05/03/2026,,sim
6724,7687351-51.2022.6.73.6768,30/12/21,audiência de instrução,Dra Fontes,documentos pendentes de entrega pelo cliente,,não
6725,4721085-96.2020.6.92.9645,11/07/21,recurso de apelação,Dra. Fontes,Prazo fatal: 11/06/2026,,N
6726,8215015-64.2021.5.32.1893,20/02/2026,petição inicial,Dra Fontes,audiência marcada para 2026-10-30,,
6727,1833330-93.2025.8.61.3405,15 de julho de 2020,citação,Dr. Melo,documentos pendentes de entrega pelo cliente,,1
6728,7136189-41.2024.2.60.1768,13 de setembro de 2019,memoriais,Dr. Barros,juntada de documentos realizada,2026-09-16,S
6729,7223110-52.2024.2.44.8994,25 de janeiro de 2022,recurso de apelação,Dr. Barros,prazo para recurso: 16 dias úteis a contar da intimação,,não
6730,1024421-54.2022.9.20.2563,11/02/26,laudo pericial,Dra Fontes,prazo para recurso: 14 dias úteis a contar da intimação,2026-12-01,sim
6731,9774395-92.2023.2.75.3192,25/06/19,laudo pericial,Dr. Melo,Prazo fatal: 2026-06-12,27/01/26,0
6732,9898363-27.2020.4.89.2966,02/06/2021,laudo pericial,Dra. Fontes,aguardando manifestação da parte contrária,,0
6733,1411065-96.2022.9.64.8271,22 de agosto de 2021,laudo pericial,DRA. CAVALCANTE,diligência externa necessária,,não
6734,8827641-36.2022.5.59.8715,11 de novembro de 2022,intimação,Dra. Fontes,audiência marcada para 08/10/26,,S
6735,4961530-22.2021.4.22.6290,22/02/20,habilitação,Dr. Barros,prazo para recurso: 26 dias úteis a contar da intimação,,N
6736,8368255-39.2020.9.60.4414,31/08/25,memoriais,dr. melo,documentos pendentes de entrega pelo cliente,,S
6737,1614850-25.2020.8.85.3161,2026-01-24,recurso de apelação,DRA. CAVALCANTE,aguardando manifestação da parte contrária,,N
6738,6404948-40.2021.7.68.7161,2024-09-11,intimação,Dra. Fontes,prazo para recurso: 27 dias úteis a contar da intimação,,
6739,6992158-64.2024.5.43.7750,22/01/24,réplica,Dr. Barros,Prazo fatal: 2026-12-05,,S
6740,2869625-86.2025.7.14.5837,2023-10-13,memoriais,Dr. Melo,audiência marcada para 27/03/26,,não
6741,2231929-89.2024.6.41.5461,2023-03-05,intimação,Dr. Barros,diligência externa necessária,09/05/2026,sim
6742,1093623-59.2025.7.92.5441,15/09/21,acordo extrajudicial,Dr. Barros,diligência externa necessária,13/09/2026,S
6743,5058333-37.2021.3.98.8848,10/11/24,contestação,Dra. Fontes,,,não
6744,5422047-80.2024.8.62.4364,15/10/2024,intimação,dr. melo,Prazo fatal: 31/01/2026,,sim
6745,2632721-15.2024.7.90.9593,30 de dezembro de 2023,acordo extrajudicial,Dra. Cavalcante,juntada de documentos realizada,,sim
6746,6547287-16.2023.4.15.7491,13/03/23,sentença,dr. melo,documentos pendentes de entrega pelo cliente,2026-03-31,sim
6747,5753123-52.2021.4.48.4042,4 de outubro de 2021,agravo regimental,dr. melo,,30/05/26,
6748,1614850-25.2020.8.85.3161,23/03/25,embargos de declaração,Dr. Barros,,,N
6749,7951127-89.2024.1.63.3502,08/12/2024,habilitação,Dra. Fontes,audiência marcada para 5 de outubro de 2026,,sim
6750,3724721-44.2021.9.75.5553,30/08/25,acordo extrajudicial,DRA. CAVALCANTE,,,S
6751,2480014-80.2024.2.29.9847,2026-03-18,acordo extrajudicial,Dr. Barros,Prazo fatal: 2026-06-02,,S
6752,5518767-82.2023.4.96.9873,10/06/2019,embargos de declaração,Dra Fontes,audiência marcada para 18/08/26,,1
6753,3376786-12.2020.7.64.5093,30/12/2023,petição inicial,Dra. Cavalcante,Prazo fatal: 28/07/26,,1
6754,2480014-80.2024.2.29.9847,2026-03-13,sentença,dr. melo,,2026-12-08,N
6755,7789809-22.2020.1.73.9031,2021-12-19,acordo extrajudicial,dr. melo,Prazo fatal: 01/05/2026,,1
6756,1272937-41.2023.5.75.9958,11 de janeiro de 2026,recurso de apelação,Dr. Barros,Prazo fatal: 17/05/2026,,não
6757,8574876-96.2020.7.97.4673,28 de janeiro de 2022,contestação,Dra Fontes,prazo para recurso: 9 dias úteis a contar da intimação,,0
6758,1667591-67.2025.4.69.9424,8 de abril de 2025,acordo extrajudicial,Dra. Fontes,diligência externa necessária,22/01/2026,1
6759,3750497-13.2024.6.65.9009,10/09/2020,citação,DRA. CAVALCANTE,documentos pendentes de entrega pelo cliente,,1
6760,4229107-99.2020.7.61.3978,10 de março de 2026,agravo regimental,Dra. Cavalcante,Prazo fatal: 2026-01-02,,1
6761,2191287-57.2021.1.18.8228,20/10/23,citação,Dr. Melo,Prazo fatal: 11/05/2026,,S
6762,5483975-50.2024.8.92.4422,12 de julho de 2024,recurso de apelação,Dra. Fontes,prazo para recurso: 8 dias úteis a contar da intimação,,0
6763,8717678-27.2025.5.11.4526,2023-02-03,acordo extrajudicial,Dr. Barros,documentos pendentes de entrega pelo cliente,2026-07-06,sim
6764,7640585-40.2023.1.57.1721,22/09/2024,habilitação,Dr. Melo,prazo para recurso: 26 dias úteis a contar da intimação,,S
6765,4493339-70.2021.7.17.8725,17/11/2025,agravo regimental,Dr. Barros,prazo para recurso: 5 dias úteis a contar da intimação,2026-09-22,N
6766,9573194-21.2022.1.35.8352,03/06/2020,citação,Dr. Barros,diligência externa necessária,,S
6767,1615190-23.2022.2.42.6238,04/11/22,acordo extrajudicial,Dr. Barros,diligência externa necessária,03/06/2026,sim
6768,8749473-21.2020.4.12.9144,16/09/2024,intimação,Dra. Cavalcante,prazo para recurso: 24 dias úteis a contar da intimação,,
6769,8286382-50.2025.4.53.4414,08/12/24,réplica,Dra. Cavalcante,juntada de documentos realizada,,0
6770,7633905-83.2022.9.95.2309,2019-03-30,contestação,Dra. Cavalcante,juntada de documentos realizada,,
6771,8607512-63.2021.6.82.1039,2020-03-15,intimação,Dra. Cavalcante,aguardando manifestação da parte contrária,09/06/26,0
6772,9636371-69.2025.8.67.4068,23/04/20,habilitação,Dra. Fontes,aguardando manifestação da parte contrária,,
6773,2660213-63.2022.6.50.8366,2020-01-29,agravo regimental,DRA. CAVALCANTE,aguardando manifestação da parte contrária,,
6774,3376786-12.2020.7.64.5093,13/10/25,intimação,Dr. Barros,aguardando manifestação da parte contrária,01/10/2026,sim
6775,8062805-72.2022.1.22.8771,05/01/24,agravo regimental,DRA. CAVALCANTE,Prazo fatal: 22/12/26,,sim
6776,9953454-93.2020.2.52.5723,19/06/22,citação,Dra Fontes,audiência marcada para 2026-11-14,,N
6777,1757615-27.2025.7.10.3762,2022-11-03,contestação,Dra. Cavalcante,prazo para recurso: 15 dias úteis a contar da intimação,,N
6778,2118934-75.2023.5.97.9563,27 de março de 2023,petição inicial,Dr. Melo,juntada de documentos realizada,14 de janeiro de 2026,
6779,5210656-44.2021.1.39.2474,24/03/25,réplica,DRA. CAVALCANTE,juntada de documentos realizada,,S
6780,7633905-83.2022.9.95.2309,07/06/2020,sentença,Dra. Cavalcante,aguardando manifestação da parte contrária,,sim
6781,8735892-74.2025.8.18.9411,28/01/2019,audiência de instrução,Dra. Fontes,,,0
6782,7848147-32.2021.6.58.3528,2019-02-06,citação,Dra. Cavalcante,aguardando manifestação da parte contrária,,sim
6783,6011987-71.2020.8.10.4396,14 de janeiro de 2020,despacho,Dra Fontes,diligência externa necessária,15 de novembro de 2026,1
6784,2100417-68.2021.7.29.9662,2022-10-12,citação,Dra. Cavalcante,audiência marcada para 28 de março de 2026,,0
6785,4090182-95.2021.1.57.7189,2023-07-06,embargos de declaração,Dr. Barros,diligência externa necessária,,S
6786,2658962-39.2022.5.95.8856,2020-01-02,audiência de instrução,Dra. Cavalcante,Prazo fatal: 15/09/26,,
6787,7115217-41.2025.1.67.7692,05/08/24,sentença,Dr. Barros,documentos pendentes de entrega pelo cliente,,1
6788,4952151-27.2023.3.38.8762,05/03/2025,embargos de declaração,Dra Fontes,juntada de documentos realizada,,N
6789,6404948-40.2021.7.68.7161,15/12/2021,contestação,Dr. Barros,,22 de julho de 2026,1
6790,6384831-67.2022.5.89.7429,18/09/20,embargos de declaração,dr. melo,audiência marcada para 2026-05-22,,S
6791,8735892-74.2025.8.18.9411,2024-05-18,memoriais,dr. melo,Prazo fatal: 26/11/26,,0
6792,3778380-86.2023.9.32.5849,22/12/22,citação,DRA. CAVALCANTE,diligência externa necessária,,não
6793,3922248-27.2025.1.42.4047,07/11/23,intimação,Dr. Melo,juntada de documentos realizada,,1
6794,5625093-80.2022.9.16.6618,8 de agosto de 2020,sentença,Dra. Cavalcante,,2026-10-10,
6795,3879233-61.2024.5.30.1494,19 de novembro de 2019,habilitação,Dra Fontes,,,0
6796,8843195-99.2024.6.39.2836,2022-01-08,contestação,Dra Fontes,juntada de documentos realizada,,sim
6797,5996426-23.2022.8.20.3566,23 de outubro de 2021,intimação,Dr. Melo,audiência marcada para 27 de maio de 2026,,0
6798,3418432-84.2025.3.59.5858,14/12/24,despacho,Dra. Cavalcante,prazo para recurso: 17 dias úteis a contar da intimação,,N
6799,7820540-78.2023.1.75.4823,2021-03-07,acordo extrajudicial,Dr. Melo,diligência externa necessária,,N
6800,5514997-95.2024.1.84.8098,29 de julho de 2020,laudo pericial,dr. melo,Prazo fatal: 08/04/2026,,não
6801,7862554-22.2024.7.83.6459,7 de junho de 2021,réplica,Dra. Fontes,audiência marcada para 2026-07-29,,S
6802,1742202-63.2023.6.68.9372,15/01/26,agravo regimental,Dra. Fontes,audiência marcada para 2026-03-01,,1
6803,7065068-16.2021.7.14.6489,23 de maio de 2023,agravo regimental,Dra. Fontes,audiência marcada para 06/11/2026,,
6804,5451988-41.2020.2.82.4041,2022-08-31,agravo regimental,Dra. Fontes,aguardando manifestação da parte contrária,18/06/26,N
6805,3542799-64.2025.6.13.7299,19 de dezembro de 2022,habilitação,Dra Fontes,diligência externa necessária,2026-05-06,
6806,5661974-14.2020.6.39.3137,8 de março de 2026,contestação,Dr. Barros,aguardando manifestação da parte contrária,,
6807,5545511-73.2023.1.66.9757,2024-07-23,petição inicial,Dr. Barros,documentos pendentes de entrega pelo cliente,24 de dezembro de 2026,1
6808,5755257-93.2020.8.44.2882,2025-09-22,acordo extrajudicial,Dr. Barros,juntada de documentos realizada,,não
6809,2231929-89.2024.6.41.5461,26/01/24,acordo extrajudicial,Dra. Cavalcante,aguardando manifestação da parte contrária,,
6810,3346094-93.2020.2.94.1759,2 de setembro de 2025,sentença,Dra. Cavalcante,audiência marcada para 14/10/2026,,sim
6811,7848147-32.2021.6.58.3528,2022-05-12,intimação,DRA. CAVALCANTE,documentos pendentes de entrega pelo cliente,,sim
6812,2909764-51.2025.7.78.2223,2023-07-09,audiência de instrução,Dr. Barros,diligência externa necessária,11 de julho de 2026,1
6813,8129073-22.2024.4.16.9656,3 de abril de 2025,citação,Dra Fontes,audiência marcada para 12/11/26,,sim
6814,4417916-40.2022.7.26.4278,01/07/2023,intimação,Dr. Barros,,,0
6815,4384627-80.2021.2.13.1061,21/12/2023,audiência de instrução,Dra Fontes,,,sim
6816,9425559-65.2022.6.99.1309,3 de agosto de 2025,acordo extrajudicial,Dr. Barros,juntada de documentos realizada,,1
6817,1445483-93.2023.1.61.7357,12/10/23,petição inicial,Dra Fontes,Prazo fatal: 2026-04-04,,não
6818,3975387-89.2023.4.55.7631,2020-11-20,citação,dr. melo,juntada de documentos realizada,,sim
6819,8157599-64.2024.2.89.5276,10 de julho de 2020,recurso de apelação,Dr. Barros,prazo para recurso: 23 dias úteis a contar da intimação,,S
6820,2909764-51.2025.7.78.2223,20 de janeiro de 2023,audiência de instrução,Dra. Cavalcante,audiência marcada para 3 de agosto de 2026,,0
6821,4584224-94.2025.2.57.2511,5 de maio de 2024,recurso de apelação,Dra. Cavalcante,diligência externa necessária,,
6822,5050722-10.2024.8.29.4298,2024-03-20,petição inicial,Dra. Cavalcante,documentos pendentes de entrega pelo cliente,22 de julho de 2026,N
6823,3395583-64.2024.4.41.2181,2025-04-18,acordo extrajudicial,Dr. Barros,Prazo fatal: 03/07/26,,0
6824,8125196-18.2023.1.53.1215,2022-06-03,embargos de declaração,Dra. Cavalcante,juntada de documentos realizada,,
6825,9666878-83.2023.6.29.9905,2022-08-23,contestação,Dra. Cavalcante,juntada de documentos realizada,,S
6826,2267110-24.2021.5.78.6025,10 de maio de 2024,citação,dr. melo,Prazo fatal: 29/05/26,,sim
6827,8735892-74.2025.8.18.9411,6 de março de 2025,agravo regimental,Dra Fontes,documentos pendentes de entrega pelo cliente,,não
6828,4016576-41.2022.7.10.6952,24/10/25,réplica,Dra Fontes,aguardando manifestação da parte contrária,2026-01-11,0
6829,5786762-52.2021.9.21.3037,16 de maio de 2024,habilitação,Dra. Cavalcante,documentos pendentes de entrega pelo cliente,,0
6830,9898363-27.2020.4.89.2966,18/07/2024,agravo regimental,Dr. Melo,documentos pendentes de entrega pelo cliente,,sim
6831,5050722-10.2024.8.29.4298,2024-10-09,audiência de instrução,Dr. Barros,juntada de documentos realizada,,sim
6832,1248003-72.2024.2.80.8472,2022-08-14,contestação,Dr. Barros,prazo para recurso: 30 dias úteis a contar da intimação,,sim
6833,8183950-10.2021.5.84.9388,25/09/21,recurso de apelação,Dra Fontes,,,1
6834,1615190-23.2022.2.42.6238,23/01/2020,embargos de declaração,Dr. Barros,,,
6835,1833330-93.2025.8.61.3405,2020-03-27,audiência de instrução,Dra. Cavalcante,diligência externa necessária,,
6836,7640585-40.2023.1.57.1721,2020-06-29,memoriais,Dr. Melo,documentos pendentes de entrega pelo cliente,2026-12-21,0
6837,8183950-10.2021.5.84.9388,17/03/21,habilitação,Dra. Fontes,juntada de documentos realizada,29 de junho de 2026,1
6838,4131852-60.2020.1.89.9739,27/12/2019,audiência de instrução,Dr. Barros,documentos pendentes de entrega pelo cliente,,1
6839,1116024-57.2025.8.16.4043,10/07/24,despacho,Dra. Cavalcante,Prazo fatal: 24/11/2026,2026-11-25,1
6840,3679963-72.2020.9.29.7859,20/05/2023,agravo regimental,Dra Fontes,aguardando manifestação da parte contrária,,S
6841,6370110-64.2022.3.52.8440,24 de fevereiro de 2024,réplica,Dr. Barros,prazo para recurso: 5 dias úteis a contar da intimação,,S
6842,1933296-95.2024.5.69.8317,19 de julho de 2021,contestação,Dra Fontes,audiência marcada para 12/07/26,,
6843,3541821-31.2021.8.96.1927,29 de janeiro de 2023,contestação,Dr. Barros,Prazo fatal: 22/04/26,,N
6844,7486138-99.2020.5.81.4332,08/01/21,memoriais,Dr. Barros,Prazo fatal: 22/08/2026,,
6845,4460247-99.2024.9.97.4840,2021-12-24,audiência de instrução,DRA. CAVALCANTE,prazo para recurso: 21 dias úteis a contar da intimação,,sim
6846,5996426-23.2022.8.20.3566,19/04/2021,réplica,Dr. Melo,Prazo fatal: 2026-03-04,,1
6847,9804642-71.2024.4.76.5486,6 de abril de 2021,sentença,Dr. Barros,,,1
6848,6018860-77.2022.1.94.1315,29 de dezembro de 2023,recurso de apelação,Dr. Barros,,7 de junho de 2026,1
6849,2019436-32.2020.6.16.9856,03/07/2021,acordo extrajudicial,Dr. Barros,Prazo fatal: 25/02/2026,01/07/2026,sim
6850,7724543-49.2023.9.44.7412,19 de fevereiro de 2022,despacho,Dra Fontes,juntada de documentos realizada,,
6851,4384627-80.2021.2.13.1061,12/10/19,petição inicial,Dr. Barros,prazo para recurso: 13 dias úteis a contar da intimação,,0
6852,5074974-98.2023.8.21.9881,2021-12-06,agravo regimental,Dr. Melo,documentos pendentes de entrega pelo cliente,,1
6853,8125196-18.2023.1.53.1215,17 de junho de 2024,acordo extrajudicial,Dr. Barros,diligência externa necessária,,1
6854,7979033-26.2021.6.18.1084,07/06/2020,citação,Dr. Melo,,09/09/26,N
6855,1621418-87.2020.9.55.9337,12/01/23,audiência de instrução,dr. melo,documentos pendentes de entrega pelo cliente,17 de março de 2026,sim
6856,9898363-27.2020.4.89.2966,25/11/20,despacho,Dr. Barros,Prazo fatal: 2026-05-29,,não
6857,7236875-79.2024.7.97.5566,2022-10-18,intimação,DRA. CAVALCANTE,juntada de documentos realizada,30 de agosto de 2026,sim
6858,6404948-40.2021.7.68.7161,16/09/2020,embargos de declaração,Dr. Barros,juntada de documentos realizada,,sim
6859,2191287-57.2021.1.18.8228,29/03/2026,contestação,dr. melo,audiência marcada para 04/04/2026,,1
6860,6011987-71.2020.8.10.4396,14/01/2022,intimação,Dr. Barros,diligência externa necessária,29 de novembro de 2026,1
6861,1445483-93.2023.1.61.7357,26 de abril de 2020,recurso de apelação,Dra. Cavalcante,Prazo fatal: 2026-07-05,,sim
6862,3168718-77.2025.2.92.8027,30/10/2020,habilitação,Dra Fontes,prazo para recurso: 29 dias úteis a contar da intimação,,não
6863,6953559-38.2025.7.42.9212,28/02/23,citação,Dr. Barros,diligência externa necessária,,não
6864,3376786-12.2020.7.64.5093,12/10/23,audiência de instrução,Dra. Cavalcante,audiência marcada para 2026-04-19,,N
6865,1633270-27.2024.2.52.7034,19/08/2022,petição inicial,DRA. CAVALCANTE,documentos pendentes de entrega pelo cliente,,1
6866,2267110-24.2021.5.78.6025,14/10/21,acordo extrajudicial,Dra Fontes,,,sim
6867,1557680-16.2021.4.16.4031,20/07/20,habilitação,DRA. CAVALCANTE,audiência marcada para 27/05/2026,,
6868,2019436-32.2020.6.16.9856,03/05/2025,laudo pericial,DRA. CAVALCANTE,juntada de documentos realizada,,1
6869,8574876-96.2020.7.97.4673,18/03/24,habilitação,dr. melo,documentos pendentes de entrega pelo cliente,,não
6870,8892606-62.2022.2.87.2168,2024-02-23,petição inicial,Dr. Barros,juntada de documentos realizada,,0
6871,3542799-64.2025.6.13.7299,03/08/2019,acordo extrajudicial,Dra Fontes,Prazo fatal: 14/08/26,26/08/26,sim
6872,9076234-78.2023.3.90.2702,07/07/2025,agravo regimental,DRA. CAVALCANTE,audiência marcada para 2026-06-24,17/05/26,não
6873,7115217-41.2025.1.67.7692,19 de maio de 2025,habilitação,Dr. Barros,Prazo fatal: 27 de setembro de 2026,,sim
6874,3576390-15.2021.2.82.8209,2021-12-18,réplica,dr. melo,audiência marcada para 2026-08-29,,0
6875,3306375-34.2024.9.48.9154,28 de janeiro de 2022,intimação,Dra Fontes,prazo para recurso: 15 dias úteis a contar da intimação,2026-05-18,
6876,1311508-84.2020.3.38.8512,30/05/20,citação,Dr. Melo,documentos pendentes de entrega pelo cliente,12/05/2026,1
6877,7687351-51.2022.6.73.6768,08/08/25,acordo extrajudicial,Dra. Fontes,aguardando manifestação da parte contrária,29/11/26,não
6878,9408522-77.2021.3.36.8376,2025-06-20,recurso de apelação,Dr. Barros,audiência marcada para 7 de julho de 2026,,S
6879,4384627-80.2021.2.13.1061,2021-04-24,embargos de declaração,Dr. Barros,aguardando manifestação da parte contrária,,0
6880,6018860-77.2022.1.94.1315,19/07/21,audiência de instrução,Dra. Fontes,juntada de documentos realizada,,
6881,1784068-27.2021.3.12.2538,30/12/25,agravo regimental,Dr. Barros,prazo para recurso: 30 dias úteis a contar da intimação,,não
6882,9835331-11.2022.6.15.8602,17/01/23,citação,Dra. Fontes,prazo para recurso: 10 dias úteis a contar da intimação,2026-02-04,1
6883,8381610-96.2020.6.26.2533,27/02/2022,réplica,dr. melo,Prazo fatal: 11 de agosto de 2026,,sim
6884,7486029-45.2024.4.25.3159,30/08/22,contestação,Dr. Melo,diligência externa necessária,2026-09-01,0
6885,8714773-70.2022.9.65.8541,15/11/20,contestação,Dr. Barros,Prazo fatal: 20/03/2026,4 de dezembro de 2026,N
6886,7640585-40.2023.1.57.1721,7 de outubro de 2020,recurso de apelação,Dr. Barros,,2026-10-10,N
6887,5483975-50.2024.8.92.4422,25/06/22,embargos de declaração,Dr. Barros,diligência externa necessária,10/07/2026,
6888,8286382-50.2025.4.53.4414,2021-12-08,acordo extrajudicial,Dr. Barros,prazo para recurso: 23 dias úteis a contar da intimação,,N
6889,5867457-18.2023.9.16.7298,29/08/2021,citação,Dra. Cavalcante,documentos pendentes de entrega pelo cliente,,1
6890,6370110-64.2022.3.52.8440,2020-07-20,petição inicial,Dra Fontes,prazo para recurso: 15 dias úteis a contar da intimação,,
6891,3346094-93.2020.2.94.1759,20/01/2025,intimação,Dr. Barros,diligência externa necessária,,1
6892,5074974-98.2023.8.21.9881,06/09/2019,petição inicial,Dr. Melo,Prazo fatal: 31 de janeiro de 2026,,
6893,7553290-31.2023.9.36.9282,28 de setembro de 2025,sentença,Dra. Fontes,aguardando manifestação da parte contrária,,
6894,5514997-95.2024.1.84.8098,25 de setembro de 2023,audiência de instrução,Dra. Cavalcante,audiência marcada para 19/10/26,,0
6895,5058333-37.2021.3.98.8848,2025-08-04,embargos de declaração,Dra. Fontes,,,N
6896,9498791-62.2022.6.73.9564,23/02/2024,citação,Dr. Melo,audiência marcada para 2026-10-30,,
6897,7749444-78.2021.1.20.8763,12/04/2024,embargos de declaração,Dra. Fontes,documentos pendentes de entrega pelo cliente,,sim
6898,5660649-86.2020.5.86.9291,09/01/2024,recurso de apelação,Dr. Melo,,13/06/2026,
6899,6003915-30.2025.6.37.7681,2020-10-29,habilitação,Dra. Cavalcante,documentos pendentes de entrega pelo cliente,,N
6900,6416661-36.2021.8.21.8496,2023-07-17,citação,Dra. Cavalcante,diligência externa necessária,12/01/2026,
6901,9953454-93.2020.2.52.5723,27/11/2025,despacho,Dr. Melo,audiência marcada para 2026-05-04,,sim
6902,7749444-78.2021.1.20.8763,2025-01-06,despacho,Dra. Cavalcante,aguardando manifestação da parte contrária,,não
6903,4601686-30.2021.5.52.7745,2023-11-04,réplica,Dra. Fontes,aguardando manifestação da parte contrária,,não
6904,5058333-37.2021.3.98.8848,21/09/25,réplica,Dra. Cavalcante,prazo para recurso: 23 dias úteis a contar da intimação,,sim
6905,6034606-21.2023.6.18.6684,2023-09-13,despacho,Dra. Fontes,diligência externa necessária,,N
6906,7848147-32.2021.6.58.3528,08/09/2020,embargos de declaração,Dra. Cavalcante,juntada de documentos realizada,10/09/26,0
6907,2554938-48.2024.1.13.4544,22/04/2026,réplica,Dra Fontes,aguardando manifestação da parte contrária,28 de abril de 2026,S
6908,9810112-12.2021.1.97.8847,2023-08-15,citação,Dra Fontes,audiência marcada para 20 de agosto de 2026,18/08/26,
6909,1784068-27.2021.3.12.2538,11 de março de 2026,intimação,Dra. Cavalcante,diligência externa necessária,,sim
6910,4768255-51.2022.4.94.5695,21/08/2020,intimação,Dr. Barros,juntada de documentos realizada,11/05/26,sim
6911,4452862-76.2021.3.27.3238,21/11/22,réplica,Dra. Fontes,prazo para recurso: 13 dias úteis a contar da intimação,,
6912,7916680-90.2022.1.67.1785,19/08/2021,citação,Dr. Melo,prazo para recurso: 25 dias úteis a contar da intimação,29/01/2026,não
6913,5422047-80.2024.8.62.4364,19/11/24,laudo pericial,Dr. Barros,diligência externa necessária,,1
6914,7136189-41.2024.2.60.1768,30/09/2020,memoriais,Dra. Cavalcante,documentos pendentes de entrega pelo cliente,,sim
6915,5853247-29.2020.7.62.8870,16/08/23,sentença,Dra. Fontes,prazo para recurso: 25 dias úteis a contar da intimação,,1
6916,7320713-89.2022.3.68.7881,2024-05-04,habilitação,Dr. Barros,aguardando manifestação da parte contrária,,0
6917,4865461-96.2025.2.64.9143,30/06/2020,embargos de declaração,DRA. CAVALCANTE,juntada de documentos realizada,21/09/2026,
6918,7243958-65.2020.5.25.5047,18/11/2022,agravo regimental,Dra. Fontes,documentos pendentes de entrega pelo cliente,,S
6919,4180949-86.2020.3.26.7593,2022-12-17,intimação,Dr. Barros,diligência externa necessária,,N
6920,8717678-27.2025.5.11.4526,2026-05-01,contestação,Dr. Barros,aguardando manifestação da parte contrária,,
6921,1869144-23.2023.5.84.3325,29 de agosto de 2023,recurso de apelação,dr. melo,diligência externa necessária,27/12/2026,sim
6922,6160516-66.2024.5.17.7150,11/12/2022,intimação,Dra. Cavalcante,Prazo fatal: 26/02/26,,sim
6923,4893809-11.2021.7.19.9759,03/09/20,memoriais,Dra. Fontes,documentos pendentes de entrega pelo cliente,,S
6924,5660649-86.2020.5.86.9291,2021-12-07,intimação,Dr. Barros,audiência marcada para 04/10/26,05/01/26,N
6925,5850223-43.2020.3.81.3185,31/01/2024,intimação,Dra. Fontes,Prazo fatal: 15 de agosto de 2026,,
6926,5638123-23.2024.7.30.5009,01/03/2022,embargos de declaração,Dr. Melo,Prazo fatal: 2026-04-23,25/01/2026,S
6927,5074974-98.2023.8.21.9881,30/08/23,acordo extrajudicial,Dr. Barros,Prazo fatal: 29 de outubro de 2026,23 de outubro de 2026,N
6928,5638123-23.2024.7.30.5009,18 de abril de 2025,recurso de apelação,Dr. Barros,audiência marcada para 10/10/26,2026-06-15,
6929,8655267-17.2025.3.63.4188,25/03/23,réplica,Dra. Cavalcante,aguardando manifestação da parte contrária,,S
6930,8183950-10.2021.5.84.9388,2025-02-09,audiência de instrução,dr. melo,juntada de documentos realizada,,sim
6931,6053412-12.2021.6.72.8346,2024-01-14,contestação,Dra. Fontes,audiência marcada para 01/07/2026,2 de janeiro de 2026,não
6932,1754781-28.2025.6.89.2162,29 de março de 2025,acordo extrajudicial,Dr. Barros,prazo para recurso: 25 dias úteis a contar da intimação,9 de junho de 2026,N
6933,4584224-94.2025.2.57.2511,11/03/2022,contestação,Dra Fontes,diligência externa necessária,,1
6934,6663627-76.2023.9.26.5770,2023-09-25,memoriais,Dr. Barros,documentos pendentes de entrega pelo cliente,24/01/26,S
6935,4415624-13.2024.9.14.9480,11 de janeiro de 2026,contestação,Dra. Cavalcante,Prazo fatal: 09/06/2026,,
6936,3710559-31.2020.9.95.2540,16/01/2022,citação,Dr. Melo,juntada de documentos realizada,,S
6937,5661974-14.2020.6.39.3137,05/01/2020,sentença,dr. melo,,,S
6938,2519059-58.2022.7.86.4385,11 de outubro de 2024,agravo regimental,Dra. Cavalcante,diligência externa necessária,09/07/2026,0
6939,8530609-10.2021.5.41.7151,16/06/22,audiência de instrução,Dra Fontes,diligência externa necessária,,não
6940,5492622-29.2021.9.92.7737,22 de novembro de 2020,despacho,Dra Fontes,prazo para recurso: 7 dias úteis a contar da intimação,,sim
6941,6260319-38.2024.8.96.1114,10/10/21,sentença,Dra Fontes,aguardando manifestação da parte contrária,2026-10-05,não
6942,6105303-92.2021.4.39.3868,01/10/24,sentença,dr. melo,,,S
6943,4314934-26.2021.7.14.7244,08/08/21,memoriais,Dr. Barros,juntada de documentos realizada,2026-10-08,sim
6944,6982910-41.2023.8.91.8758,03/05/2023,audiência de instrução,DRA. CAVALCANTE,aguardando manifestação da parte contrária,,N
6945,7438163-48.2021.3.47.1186,4 de outubro de 2020,audiência de instrução,Dra. Fontes,,,sim
6946,4134515-43.2021.8.70.4879,2025-11-11,despacho,DRA. CAVALCANTE,diligência externa necessária,08/12/2026,1
6947,4326518-76.2023.4.36.8530,2025-03-25,intimação,Dr. Melo,juntada de documentos realizada,,sim
6948,3242098-97.2025.4.44.9916,26/06/2020,contestação,Dra Fontes,audiência marcada para 25/11/26,,
6949,7271178-97.2023.5.84.4243,5 de maio de 2023,petição inicial,DRA. CAVALCANTE,aguardando manifestação da parte contrária,,0
6950,4415624-13.2024.9.14.9480,6 de setembro de 2021,acordo extrajudicial,Dra. Cavalcante,diligência externa necessária,29/04/26,não
6951,5451988-41.2020.2.82.4041,09/01/22,citação,Dra Fontes,audiência marcada para 22/10/26,8 de maio de 2026,N
6952,7951127-89.2024.1.63.3502,28 de setembro de 2025,citação,dr. melo,audiência marcada para 04/11/2026,7 de março de 2026,0
6953,4065326-72.2025.8.58.5304,2026-02-18,embargos de declaração,Dra. Fontes,audiência marcada para 2026-08-27,17/04/26,sim
6954,7539718-58.2020.2.52.9800,2025-04-20,embargos de declaração,Dra. Cavalcante,Prazo fatal: 13/09/26,15/09/2026,não
6955,9885734-21.2023.9.74.3450,6 de março de 2022,laudo pericial,Dr. Barros,,29 de outubro de 2026,1
6956,1273300-90.2024.2.80.7378,05/12/23,embargos de declaração,dr. melo,diligência externa necessária,,sim
6957,6425355-10.2021.6.53.2041,04/11/20,embargos de declaração,dr. melo,diligência externa necessária,10/11/26,sim
6958,1869144-23.2023.5.84.3325,2021-12-22,laudo pericial,Dra Fontes,documentos pendentes de entrega pelo cliente,,N
6959,7243958-65.2020.5.25.5047,25 de fevereiro de 2025,agravo regimental,dr. melo,diligência externa necessária,,S
6960,4874996-38.2022.9.94.8154,12 de dezembro de 2022,memoriais,Dr. Barros,documentos pendentes de entrega pelo cliente,,1
6961,1411065-96.2022.9.64.8271,31 de agosto de 2024,habilitação,DRA. CAVALCANTE,Prazo fatal: 2026-10-18,,1
6962,2129757-49.2025.4.14.5657,19/09/2021,acordo extrajudicial,Dra. Fontes,,2026-08-13,não
6963,7749444-78.2021.1.20.8763,21 de novembro de 2025,embargos de declaração,Dr. Barros,juntada de documentos realizada,,0
6964,5826200-20.2025.1.91.8748,02/03/2023,recurso de apelação,Dr. Melo,juntada de documentos realizada,12/08/2026,S
6965,4417916-40.2022.7.26.4278,2024-09-18,agravo regimental,Dr. Barros,audiência marcada para 3 de junho de 2026,13/02/26,N
6966,9302979-43.2025.9.68.7487,22/07/2021,audiência de instrução,DRA. CAVALCANTE,audiência marcada para 03/06/2026,,N
6967,7599278-46.2021.4.96.3535,12 de outubro de 2022,acordo extrajudicial,Dr. Barros,prazo para recurso: 19 dias úteis a contar da intimação,9 de novembro de 2026,0
6968,6053412-12.2021.6.72.8346,15/08/22,habilitação,Dr. Barros,documentos pendentes de entrega pelo cliente,,S
6969,8168054-14.2024.6.50.1232,2023-10-12,intimação,Dra Fontes,documentos pendentes de entrega pelo cliente,,sim
6970,7941836-76.2025.4.34.6543,31 de julho de 2022,citação,Dra Fontes,diligência externa necessária,,S
6971,1735592-50.2022.9.87.5612,25/08/2021,sentença,dr. melo,audiência marcada para 02/07/2026,,
6972,9408522-77.2021.3.36.8376,2024-09-12,petição inicial,Dra Fontes,aguardando manifestação da parte contrária,,
6973,8986773-71.2022.6.45.5854,02/12/22,contestação,Dra. Fontes,aguardando manifestação da parte contrária,5 de setembro de 2026,sim
6974,7948577-74.2025.1.60.7583,24 de março de 2023,audiência de instrução,Dr. Barros,Prazo fatal: 2026-09-08,08/08/2026,sim
6975,6053412-12.2021.6.72.8346,16/12/22,contestação,Dr. Barros,diligência externa necessária,,1
6976,4507711-38.2024.2.34.4732,2023-01-09,intimação,Dra Fontes,audiência marcada para 17 de junho de 2026,,não
6977,8717678-27.2025.5.11.4526,4 de outubro de 2025,acordo extrajudicial,Dr. Melo,,10/02/2026,
6978,7916680-90.2022.1.67.1785,2020-08-18,memoriais,Dr. Barros,diligência externa necessária,2026-03-06,1
6979,3401866-56.2021.1.87.5297,25/03/25,recurso de apelação,Dr. Barros,diligência externa necessária,29 de julho de 2026,não
6980,6011987-71.2020.8.10.4396,14 de janeiro de 2020,intimação,DRA. CAVALCANTE,Prazo fatal: 2026-03-17,,1
6981,7640585-40.2023.1.57.1721,27/09/2021,despacho,Dra. Cavalcante,aguardando manifestação da parte contrária,,S
6982,6935346-77.2024.3.52.9529,15/09/21,petição inicial,Dra. Cavalcante,aguardando manifestação da parte contrária,3 de dezembro de 2026,
6983,6935346-77.2024.3.52.9529,03/02/24,acordo extrajudicial,dr. melo,aguardando manifestação da parte contrária,,N
6984,9498791-62.2022.6.73.9564,5 de abril de 2025,recurso de apelação,dr. melo,diligência externa necessária,,S
6985,6101036-60.2022.7.49.3295,2023-04-21,intimação,Dr. Melo,audiência marcada para 2026-09-12,,0
6986,8097721-13.2023.1.47.8354,19 de junho de 2024,citação,Dra. Fontes,juntada de documentos realizada,,N
6987,2658962-39.2022.5.95.8856,2023-01-17,sentença,DRA. CAVALCANTE,juntada de documentos realizada,,N
6988,1411065-96.2022.9.64.8271,06/12/20,contestação,Dra. Cavalcante,,,S
6989,1346701-74.2024.1.65.8985,13 de março de 2021,laudo pericial,Dr. Melo,documentos pendentes de entrega pelo cliente,,0
6990,9057219-99.2020.9.96.3254,2019-05-11,audiência de instrução,Dr. Barros,documentos pendentes de entrega pelo cliente,,1
6991,5753123-52.2021.4.48.4042,28/12/2020,citação,dr. melo,audiência marcada para 2026-10-04,2026-11-05,não
6992,8323566-47.2021.3.26.4644,2024-10-19,intimação,Dr. Barros,audiência marcada para 11/12/2026,,S
6993,7065068-16.2021.7.14.6489,24/04/26,citação,Dr. Melo,juntada de documentos realizada,2026-01-04,0
6994,5492622-29.2021.9.92.7737,01/09/2025,audiência de instrução,Dr. Melo,diligência externa necessária,3 de outubro de 2026,0
6995,7813974-60.2021.1.81.1542,2020-04-08,sentença,Dr. Barros,Prazo fatal: 10 de janeiro de 2026,,
6996,5316105-58.2020.3.22.3571,12 de dezembro de 2022,recurso de apelação,dr. melo,juntada de documentos realizada,2026-01-21,N
6997,5967836-10.2021.4.35.9671,28 de novembro de 2024,laudo pericial,Dr. Melo,diligência externa necessária,26/06/2026,sim
6998,1602496-64.2022.5.79.8340,25 de outubro de 2020,audiência de instrução,dr. melo,Prazo fatal: 2026-04-11,,
6999,5422047-80.2024.8.62.4364,28/01/24,memoriais,Dra. Cavalcante,juntada de documentos realizada,,0
7000,1411065-96.2022.9.64.8271,30 de maio de 2025,memoriais,dr. melo,,06/06/26,sim
7001,9822459-92.2024.8.17.6403,14/04/2020,agravo regimental,Dra. Cavalcante,Prazo fatal: 27/07/26,,1
7002,8062805-72.2022.1.22.8771,5 de julho de 2023,acordo extrajudicial,Dra Fontes,diligência externa necessária,,S
7003,8735892-74.2025.8.18.9411,2022-10-04,réplica,Dra. Cavalcante,juntada de documentos realizada,2026-08-03,0
7004,4681694-71.2021.9.28.7350,08/08/25,sentença,DRA. CAVALCANTE,,23/10/2026,
7005,8572382-61.2025.1.41.7172,16 de outubro de 2022,embargos de declaração,Dr. Barros,juntada de documentos realizada,,0
7006,2842764-33.2025.7.99.7279,13/07/2021,petição inicial,DRA. CAVALCANTE,,,não
7007,6418382-43.2020.8.63.9133,28/12/25,citação,Dra Fontes,prazo para recurso: 10 dias úteis a contar da intimação,,não
7008,5159882-37.2022.9.71.7550,20/09/24,intimação,Dra. Cavalcante,documentos pendentes de entrega pelo cliente,,N
7009,8323566-47.2021.3.26.4644,2026-01-28,contestação,dr. melo,juntada de documentos realizada,,S
7010,4460247-99.2024.9.97.4840,15/04/23,agravo regimental,Dra. Cavalcante,documentos pendentes de entrega pelo cliente,,0
7011,7323234-16.2020.9.59.5035,10/06/2025,habilitação,Dr. Barros,prazo para recurso: 30 dias úteis a contar da intimação,,N
7012,1093623-59.2025.7.92.5441,22 de abril de 2021,sentença,Dra Fontes,juntada de documentos realizada,,S
7013,4452862-76.2021.3.27.3238,26 de março de 2024,laudo pericial,Dr. Barros,audiência marcada para 25/04/26,13/06/26,não
7014,8574876-96.2020.7.97.4673,17/03/2024,sentença,Dra. Cavalcante,documentos pendentes de entrega pelo cliente,11/02/2026,N
7015,9970343-38.2020.5.18.4483,06/02/23,audiência de instrução,Dr. Melo,aguardando manifestação da parte contrária,,sim
7016,3464073-25.2022.8.73.5075,28 de dezembro de 2021,audiência de instrução,Dra Fontes,Prazo fatal: 19 de agosto de 2026,,0
7017,3879233-61.2024.5.30.1494,13 de setembro de 2020,despacho,Dra. Fontes,,17/04/2026,N
7018,7274275-74.2020.1.22.9780,03/04/2025,acordo extrajudicial,dr. melo,aguardando manifestação da parte contrária,07/11/26,0
7019,2316290-44.2022.7.34.5190,2024-06-24,citação,Dra Fontes,diligência externa necessária,,não
7020,6418382-43.2020.8.63.9133,2021-03-31,intimação,dr. melo,Prazo fatal: 15/04/2026,01/02/26,N
7021,6927716-18.2022.9.56.1445,28 de outubro de 2022,habilitação,Dra. Cavalcante,documentos pendentes de entrega pelo cliente,26/06/2026,não
7022,2480014-80.2024.2.29.9847,12/04/23,despacho,Dra. Cavalcante,aguardando manifestação da parte contrária,,0
7023,9810112-12.2021.1.97.8847,5 de setembro de 2020,memoriais,Dr. Melo,Prazo fatal: 2026-09-22,30/10/26,
7024,2545435-52.2025.3.59.7623,7 de abril de 2024,intimação,Dra. Cavalcante,diligência externa necessária,26/02/2026,S
7025,3576390-15.2021.2.82.8209,24 de outubro de 2019,agravo regimental,Dra. Fontes,juntada de documentos realizada,,sim
7026,4417916-40.2022.7.26.4278,01/08/20,acordo extrajudicial,Dr. Barros,,28 de maio de 2026,não
7027,3306375-34.2024.9.48.9154,23/04/2022,citação,Dra. Fontes,documentos pendentes de entrega pelo cliente,,N
7028,1778149-24.2023.1.86.3557,13 de julho de 2024,intimação,Dr. Barros,aguardando manifestação da parte contrária,,N
7029,7243958-65.2020.5.25.5047,23 de maio de 2021,memoriais,Dra Fontes,Prazo fatal: 16/10/26,,1
7030,9062552-47.2024.4.22.8265,2023-08-11,despacho,Dr. Barros,Prazo fatal: 2026-12-05,8 de maio de 2026,1
7031,9110060-16.2025.2.29.4716,31/01/2024,sentença,DRA. CAVALCANTE,diligência externa necessária,,N
7032,5035093-45.2021.1.27.3097,2025-08-10,sentença,DRA. CAVALCANTE,prazo para recurso: 18 dias úteis a contar da intimação,,não
7033,1438459-62.2020.7.78.3410,09/04/23,sentença,Dr. Barros,juntada de documentos realizada,20 de maio de 2026,não
7034,4493339-70.2021.7.17.8725,2020-11-07,habilitação,DRA. CAVALCANTE,prazo para recurso: 9 dias úteis a contar da intimação,,sim
7035,5850223-43.2020.3.81.3185,2021-05-09,laudo pericial,Dr. Melo,,,não
7036,2341370-92.2024.9.60.8122,20 de agosto de 2019,despacho,Dr. Barros,Prazo fatal: 2026-06-08,,1
7037,9970343-38.2020.5.18.4483,04/02/21,citação,DRA. CAVALCANTE,documentos pendentes de entrega pelo cliente,,sim
7038,5159882-37.2022.9.71.7550,2025-10-30,embargos de declaração,Dra. Fontes,diligência externa necessária,,não
7039,5438623-45.2022.4.51.7250,27/05/20,petição inicial,Dr. Barros,documentos pendentes de entrega pelo cliente,,0
7040,4510407-23.2020.5.18.6055,25/05/21,audiência de instrução,Dra. Cavalcante,documentos pendentes de entrega pelo cliente,,não
7041,9057960-29.2025.5.10.6072,2021-11-15,citação,dr. melo,diligência externa necessária,,não
7042,2837371-36.2022.7.88.5428,05/03/2026,embargos de declaração,dr. melo,Prazo fatal: 03/03/26,,0
7043,8066975-72.2023.7.26.7675,06/11/25,laudo pericial,dr. melo,prazo para recurso: 7 dias úteis a contar da intimação,,1
7044,9798556-59.2021.3.62.3110,2026-02-16,despacho,Dra. Fontes,documentos pendentes de entrega pelo cliente,,S
7045,5966644-82.2023.4.88.9951,03/05/2023,sentença,Dra. Fontes,diligência externa necessária,,1
7046,5058333-37.2021.3.98.8848,25 de março de 2020,embargos de declaração,Dra. Cavalcante,prazo para recurso: 17 dias úteis a contar da intimação,,
7047,4140100-24.2024.4.63.7178,09/02/22,acordo extrajudicial,dr. melo,,,1
7048,3821719-15.2025.2.86.2518,20/03/26,memoriais,Dra. Fontes,audiência marcada para 28/04/26,11 de janeiro de 2026,sim
7049,4180949-86.2020.3.26.7593,15/03/21,laudo pericial,Dr. Barros,audiência marcada para 14/07/26,,não
7050,5124342-11.2025.5.50.6107,31/01/21,recurso de apelação,DRA. CAVALCANTE,diligência externa necessária,,
7051,4721085-96.2020.6.92.9645,2019-03-06,agravo regimental,Dra. Fontes,Prazo fatal: 18/06/26,,não
7052,1237577-83.2022.8.91.4649,02/06/21,intimação,DRA. CAVALCANTE,diligência externa necessária,,1
7053,8066975-72.2023.7.26.7675,14/12/21,despacho,Dr. Melo,juntada de documentos realizada,07/11/26,sim
7054,1273300-90.2024.2.80.7378,14/03/21,memoriais,Dr. Barros,diligência externa necessária,,sim
7055,3576390-15.2021.2.82.8209,16 de abril de 2025,memoriais,Dra Fontes,juntada de documentos realizada,,
7056,5700249-43.2020.5.57.9341,2021-01-16,réplica,DRA. CAVALCANTE,aguardando manifestação da parte contrária,21/02/26,
7057,8066975-72.2023.7.26.7675,2025-09-04,audiência de instrução,Dra Fontes,aguardando manifestação da parte contrária,,não
7058,1095980-10.2020.7.77.8313,30/03/25,audiência de instrução,Dr. Barros,prazo para recurso: 8 dias úteis a contar da intimação,,
7059,8574876-96.2020.7.97.4673,2022-11-05,memoriais,Dr. Barros,audiência marcada para 2026-03-08,2026-06-08,N
7060,2675642-32.2022.8.65.5499,12/04/24,citação,dr. melo,prazo para recurso: 23 dias úteis a contar da intimação,,0
7061,6334947-38.2020.4.71.6173,06/11/22,despacho,Dra Fontes,Prazo fatal: 14/03/2026,,não
7062,9071705-28.2021.9.78.4746,04/04/2024,embargos de declaração,dr. melo,audiência marcada para 23 de junho de 2026,,0
7063,5700249-43.2020.5.57.9341,29/12/2020,contestação,Dra. Cavalcante,documentos pendentes de entrega pelo cliente,,
7064,4090182-95.2021.1.57.7189,2021-08-20,petição inicial,Dra. Fontes,,,1
7065,7687292-20.2021.4.85.7539,2024-11-06,contestação,Dra Fontes,audiência marcada para 19 de março de 2026,16/12/2026,1
7066,2292432-35.2025.5.83.7063,2020-04-09,despacho,DRA. CAVALCANTE,prazo para recurso: 21 dias úteis a contar da intimação,,sim
7067,4092125-65.2025.3.26.9073,14/03/19,intimação,Dr. Barros,,,sim
7068,5850223-43.2020.3.81.3185,2021-11-04,laudo pericial,Dra. Fontes,prazo para recurso: 11 dias úteis a contar da intimação,,sim
7069,1411065-96.2022.9.64.8271,2019-09-05,habilitação,Dr. Barros,juntada de documentos realizada,,sim
7070,5266269-78.2021.7.59.1392,14/02/2026,sentença,dr. melo,aguardando manifestação da parte contrária,,N
7071,4131852-60.2020.1.89.9739,2025-03-25,embargos de declaração,Dr. Barros,prazo para recurso: 20 dias úteis a contar da intimação,13/08/2026,0
7072,5217157-98.2020.2.64.4094,17/11/2021,recurso de apelação,Dra. Cavalcante,juntada de documentos realizada,,S
7073,5788467-41.2023.8.93.8134,09/09/2020,intimação,Dr. Melo,audiência marcada para 9 de novembro de 2026,2026-03-03,N
7074,3679963-72.2020.9.29.7859,25/07/2023,contestação,Dra Fontes,diligência externa necessária,,0
7075,8530609-10.2021.5.41.7151,30/11/2025,audiência de instrução,dr. melo,juntada de documentos realizada,10 de maio de 2026,
7076,7820540-78.2023.1.75.4823,03/07/24,intimação,Dr. Barros,documentos pendentes de entrega pelo cliente,,0
7077,5996426-23.2022.8.20.3566,05/03/2022,acordo extrajudicial,Dr. Barros,diligência externa necessária,,sim
7078,5422047-80.2024.8.62.4364,01/05/24,agravo regimental,Dr. Barros,juntada de documentos realizada,,não
7079,1633270-27.2024.2.52.7034,20/02/19,citação,Dr. Barros,documentos pendentes de entrega pelo cliente,,1
7080,3766710-17.2025.4.91.1472,01/04/25,embargos de declaração,dr. melo,diligência externa necessária,,N
7081,1248003-72.2024.2.80.8472,25/03/24,contestação,Dr. Barros,documentos pendentes de entrega pelo cliente,,não
7082,4893809-11.2021.7.19.9759,19 de setembro de 2025,embargos de declaração,Dr. Barros,,03/06/2026,não
7083,4507711-38.2024.2.34.4732,21 de outubro de 2024,memoriais,Dr. Barros,Prazo fatal: 03/09/26,,0
7084,3675188-38.2025.9.53.3305,2023-07-10,agravo regimental,Dra Fontes,prazo para recurso: 22 dias úteis a contar da intimação,,0
7085,5112941-62.2021.1.89.5887,2 de abril de 2025,despacho,Dra Fontes,juntada de documentos realizada,,N
7086,8530609-10.2021.5.41.7151,20/09/2020,petição inicial,DRA. CAVALCANTE,aguardando manifestação da parte contrária,,S
7087,2019436-32.2020.6.16.9856,2024-04-05,embargos de declaração,Dr. Barros,,,não
7088,8097721-13.2023.1.47.8354,13/01/2025,memoriais,Dra. Cavalcante,aguardando manifestação da parte contrária,,não
7089,8816646-78.2020.7.70.9224,1 de agosto de 2023,despacho,Dra Fontes,,,
7090,2292432-35.2025.5.83.7063,2020-11-15,sentença,Dr. Barros,audiência marcada para 06/12/2026,,sim
7091,4721085-96.2020.6.92.9645,2025-01-18,petição inicial,DRA. CAVALCANTE,documentos pendentes de entrega pelo cliente,16/05/2026,
7092,8062805-72.2022.1.22.8771,25/03/2025,intimação,Dra. Cavalcante,aguardando manifestação da parte contrária,2026-07-06,0
7093,2267110-24.2021.5.78.6025,14/10/22,laudo pericial,Dr. Melo,juntada de documentos realizada,2026-09-21,sim
7094,1311508-84.2020.3.38.8512,2020-09-10,despacho,Dra Fontes,diligência externa necessária,,não
7095,4092125-65.2025.3.26.9073,13 de janeiro de 2023,agravo regimental,Dra. Fontes,Prazo fatal: 05/04/26,12/03/26,0
7096,5788467-41.2023.8.93.8134,14 de novembro de 2022,habilitação,Dr. Barros,diligência externa necessária,,S
7097,7840442-26.2025.9.53.5093,24/05/2025,réplica,dr. melo,prazo para recurso: 29 dias úteis a contar da intimação,,1
7098,7916680-90.2022.1.67.1785,2021-05-18,intimação,Dr. Melo,Prazo fatal: 16/02/2026,,0
7099,7115217-41.2025.1.67.7692,26 de agosto de 2020,intimação,DRA. CAVALCANTE,,,N
7100,8168054-14.2024.6.50.1232,2021-08-01,acordo extrajudicial,Dr. Barros,audiência marcada para 22 de junho de 2026,,não
7101,4768255-51.2022.4.94.5695,08/04/2020,citação,Dra Fontes,diligência externa necessária,03/12/2026,0
7102,6528202-89.2025.3.17.9496,01/12/2021,recurso de apelação,Dra. Fontes,diligência externa necessária,,S
7103,7398699-88.2025.6.55.3587,24/02/2023,sentença,Dr. Barros,,,0
7104,5050722-10.2024.8.29.4298,1 de janeiro de 2020,petição inicial,Dr. Barros,audiência marcada para 04/08/2026,,sim
7105,2328070-99.2024.8.57.5561,2026-04-04,acordo extrajudicial,Dra Fontes,audiência marcada para 24/10/26,,S
7106,1878000-50.2025.7.58.1197,14/07/2020,sentença,dr. melo,,,
7107,5867457-18.2023.9.16.7298,11/12/2021,agravo regimental,Dr. Barros,aguardando manifestação da parte contrária,22/11/26,0
7108,5733649-38.2020.2.35.3379,20 de maio de 2020,sentença,dr. melo,audiência marcada para 17/10/2026,09/07/2026,0
7109,4952151-27.2023.3.38.8762,20/02/26,agravo regimental,Dra Fontes,juntada de documentos realizada,,S
7110,6334947-38.2020.4.71.6173,25 de abril de 2024,contestação,Dr. Melo,aguardando manifestação da parte contrária,2026-05-24,sim
7111,6992158-64.2024.5.43.7750,2023-09-27,réplica,Dr. Barros,Prazo fatal: 12/09/2026,,S
7112,3346094-93.2020.2.94.1759,6 de abril de 2021,embargos de declaração,Dra. Fontes,aguardando manifestação da parte contrária,,S
7113,5074974-98.2023.8.21.9881,19 de fevereiro de 2024,acordo extrajudicial,dr. melo,,17 de março de 2026,N
7114,2753004-76.2021.8.83.9874,8 de abril de 2022,acordo extrajudicial,Dra Fontes,documentos pendentes de entrega pelo cliente,23 de dezembro de 2026,não
7115,8286828-70.2022.9.31.8012,2021-04-27,sentença,Dr. Barros,Prazo fatal: 06/11/26,,sim
7116,9804642-71.2024.4.76.5486,11 de abril de 2022,laudo pericial,Dr. Barros,audiência marcada para 2026-05-10,1 de março de 2026,não
7117,3750497-13.2024.6.65.9009,13/02/20,despacho,Dra. Cavalcante,prazo para recurso: 24 dias úteis a contar da intimação,2026-03-12,N
7118,8630644-97.2025.3.28.1296,2023-10-18,acordo extrajudicial,Dra. Fontes,diligência externa necessária,,não
7119,1346701-74.2024.1.65.8985,29 de março de 2020,memoriais,Dr. Barros,,,
7120,2016341-89.2023.7.48.2724,03/09/2024,agravo regimental,Dr. Barros,documentos pendentes de entrega pelo cliente,20/01/2026,
7121,7951127-89.2024.1.63.3502,13/12/21,acordo extrajudicial,DRA. CAVALCANTE,juntada de documentos realizada,,S
7122,8381610-96.2020.6.26.2533,2023-02-24,audiência de instrução,DRA. CAVALCANTE,juntada de documentos realizada,11/06/2026,1
7123,5432782-56.2021.2.97.6240,12 de março de 2021,acordo extrajudicial,Dr. Barros,Prazo fatal: 2026-03-26,02/12/2026,S
7124,5316105-58.2020.3.22.3571,4 de agosto de 2022,habilitação,DRA. CAVALCANTE,juntada de documentos realizada,,sim
7125,4568537-97.2021.4.82.7633,9 de outubro de 2021,audiência de instrução,Dra Fontes,prazo para recurso: 9 dias úteis a contar da intimação,,N
7126,4893809-11.2021.7.19.9759,19/12/24,recurso de apelação,Dra. Fontes,audiência marcada para 2 de dezembro de 2026,1 de outubro de 2026,sim
7127,7398699-88.2025.6.55.3587,14 de novembro de 2025,sentença,Dr. Barros,diligência externa necessária,,N
7128,3168718-77.2025.2.92.8027,2022-11-06,habilitação,Dr. Barros,diligência externa necessária,15 de julho de 2026,sim
7129,9425559-65.2022.6.99.1309,2020-06-30,citação,DRA. CAVALCANTE,documentos pendentes de entrega pelo cliente,11/07/2026,1
7130,3054975-46.2023.4.85.5879,2022-06-10,recurso de apelação,Dr. Barros,documentos pendentes de entrega pelo cliente,,não
7131,5214684-96.2020.6.84.9986,25/09/2023,petição inicial,dr. melo,prazo para recurso: 20 dias úteis a contar da intimação,19 de julho de 2026,1
7132,2411026-52.2022.6.26.7373,5 de março de 2024,contestação,Dra. Fontes,,,sim
7133,3306375-34.2024.9.48.9154,12/07/2024,sentença,Dra. Fontes,diligência externa necessária,,sim
7134,3667022-35.2020.9.76.3115,02/08/2020,réplica,Dra Fontes,,17 de junho de 2026,S
7135,2461262-96.2021.6.48.1315,05/06/25,laudo pericial,Dr. Barros,diligência externa necessária,23 de outubro de 2026,0
7136,8062805-72.2022.1.22.8771,17/03/25,memoriais,Dra. Fontes,juntada de documentos realizada,,sim
7137,8588997-88.2020.6.29.5987,08/08/19,contestação,DRA. CAVALCANTE,juntada de documentos realizada,,1
7138,6982910-41.2023.8.91.8758,29 de abril de 2023,citação,dr. melo,Prazo fatal: 21/07/26,,0
7139,4493339-70.2021.7.17.8725,25 de março de 2022,memoriais,Dr. Melo,audiência marcada para 2026-09-30,,não
7140,6101036-60.2022.7.49.3295,01/08/2025,despacho,Dra Fontes,juntada de documentos realizada,,N
7141,2328070-99.2024.8.57.5561,19/08/22,audiência de instrução,dr. melo,,2026-07-30,não
7142,5703772-88.2020.8.34.6114,2021-10-26,réplica,DRA. CAVALCANTE,juntada de documentos realizada,,sim
7143,8574876-96.2020.7.97.4673,09/07/2025,habilitação,Dra Fontes,,,1
7144,6003915-30.2025.6.37.7681,21/09/22,audiência de instrução,Dr. Barros,,,não
7145,6836135-90.2022.9.37.5643,30/08/20,acordo extrajudicial,Dra Fontes,juntada de documentos realizada,30/09/26,1
7146,9810112-12.2021.1.97.8847,6 de fevereiro de 2025,citação,Dra. Cavalcante,aguardando manifestação da parte contrária,,
7147,3576390-15.2021.2.82.8209,15/05/2021,embargos de declaração,Dr. Barros,prazo para recurso: 27 dias úteis a contar da intimação,,1
7148,6528202-89.2025.3.17.9496,2024-08-24,despacho,Dr. Barros,audiência marcada para 10/03/2026,,0
7149,1974389-81.2024.5.57.9354,07/05/2023,habilitação,Dra. Cavalcante,juntada de documentos realizada,,1
7150,8286382-50.2025.4.53.4414,01/06/2024,réplica,Dra Fontes,prazo para recurso: 12 dias úteis a contar da intimação,,0
7151,7438163-48.2021.3.47.1186,2024-04-06,sentença,Dra. Fontes,diligência externa necessária,,
7152,4865461-96.2025.2.64.9143,04/11/2022,audiência de instrução,Dra. Fontes,diligência externa necessária,,S
7153,1438459-62.2020.7.78.3410,2025-11-26,acordo extrajudicial,Dra. Fontes,prazo para recurso: 15 dias úteis a contar da intimação,30 de março de 2026,sim
7154,4415624-13.2024.9.14.9480,25/02/22,memoriais,Dr. Melo,,21/06/2026,0
7155,6694761-39.2022.1.10.2199,24/11/2024,sentença,Dr. Melo,prazo para recurso: 24 dias úteis a contar da intimação,,
7156,2575202-50.2023.1.54.9627,2022-01-04,memoriais,dr. melo,juntada de documentos realizada,2026-04-04,sim
7157,9302979-43.2025.9.68.7487,10/04/2026,embargos de declaração,Dra. Cavalcante,juntada de documentos realizada,,
7158,3754895-37.2021.6.18.8502,24/08/23,réplica,Dr. Barros,audiência marcada para 8 de junho de 2026,5 de junho de 2026,S
7159,7141324-67.2025.3.86.3413,22/06/2025,réplica,Dr. Barros,,,1
7160,5266269-78.2021.7.59.1392,19/02/24,despacho,dr. melo,audiência marcada para 12/06/26,,S
7161,9060164-41.2020.5.36.2381,4 de março de 2021,réplica,Dra Fontes,documentos pendentes de entrega pelo cliente,,N
7162,5058333-37.2021.3.98.8848,9 de julho de 2023,despacho,Dr. Barros,diligência externa necessária,28/04/26,S
7163,6547287-16.2023.4.15.7491,17 de janeiro de 2021,agravo regimental,DRA. CAVALCANTE,audiência marcada para 05/09/26,,sim
7164,6779292-61.2021.4.86.2783,20/01/2021,réplica,Dra. Fontes,,,sim
7165,3542799-64.2025.6.13.7299,15/07/23,sentença,Dra Fontes,Prazo fatal: 21 de fevereiro de 2026,,0
7166,5035093-45.2021.1.27.3097,2021-11-16,laudo pericial,Dra. Fontes,diligência externa necessária,,0
7167,5432782-56.2021.2.97.6240,25/07/2024,intimação,Dr. Barros,documentos pendentes de entrega pelo cliente,,sim
7168,6425355-10.2021.6.53.2041,19 de dezembro de 2023,audiência de instrução,Dra. Cavalcante,,,S
7169,3576390-15.2021.2.82.8209,30 de setembro de 2023,embargos de declaração,Dra. Fontes,diligência externa necessária,27/06/26,0
7170,1272937-41.2023.5.75.9958,15/04/23,despacho,Dr. Barros,,,sim
7171,9060164-41.2020.5.36.2381,8 de julho de 2023,acordo extrajudicial,DRA. CAVALCANTE,aguardando manifestação da parte contrária,,sim
7172,5266269-78.2021.7.59.1392,11/11/25,embargos de declaração,DRA. CAVALCANTE,documentos pendentes de entrega pelo cliente,,1
7173,4874996-38.2022.9.94.8154,24/08/23,acordo extrajudicial,DRA. CAVALCANTE,diligência externa necessária,2026-10-19,não
7174,1933296-95.2024.5.69.8317,2021-03-26,audiência de instrução,dr. melo,Prazo fatal: 2026-11-24,,S
7175,9425559-65.2022.6.99.1309,2024-02-11,intimação,Dra Fontes,aguardando manifestação da parte contrária,,1
7176,4084503-92.2025.8.90.5515,03/05/2021,laudo pericial,dr. melo,juntada de documentos realizada,,N
7177,7820540-78.2023.1.75.4823,2023-12-12,recurso de apelação,Dra. Fontes,prazo para recurso: 26 dias úteis a contar da intimação,,
7178,5284129-51.2020.3.32.5205,2021-01-12,contestação,dr. melo,audiência marcada para 22/09/26,2026-03-30,0
7179,1615190-23.2022.2.42.6238,2020-06-28,recurso de apelação,dr. melo,aguardando manifestação da parte contrária,07/01/26,
7180,4601686-30.2021.5.52.7745,18 de março de 2023,recurso de apelação,Dra Fontes,,,não
7181,6011987-71.2020.8.10.4396,24/02/24,agravo regimental,Dr. Barros,documentos pendentes de entrega pelo cliente,,não
7182,8590346-68.2020.7.63.7780,23/02/21,recurso de apelação,Dra Fontes,audiência marcada para 16/05/26,29/06/2026,não
7183,5074974-98.2023.8.21.9881,4 de maio de 2019,acordo extrajudicial,Dr. Barros,diligência externa necessária,,0
7184,1093623-59.2025.7.92.5441,22/10/2024,citação,Dr. Barros,,,0
7185,9319285-35.2025.3.19.9131,9 de março de 2023,habilitação,Dra. Fontes,prazo para recurso: 7 dias úteis a contar da intimação,,1
7186,4415624-13.2024.9.14.9480,05/10/25,audiência de instrução,Dra. Cavalcante,prazo para recurso: 6 dias úteis a contar da intimação,,sim
7187,4417916-40.2022.7.26.4278,2025-10-25,recurso de apelação,Dr. Barros,Prazo fatal: 3 de setembro de 2026,,0
7188,6339266-27.2025.5.15.6766,1 de setembro de 2023,habilitação,Dr. Barros,,2026-11-07,não
7189,9898363-27.2020.4.89.2966,02/02/25,despacho,Dr. Melo,prazo para recurso: 17 dias úteis a contar da intimação,,S
7190,4180949-86.2020.3.26.7593,08/12/2021,audiência de instrução,Dra. Fontes,audiência marcada para 04/03/2026,25 de dezembro de 2026,
7191,1757615-27.2025.7.10.3762,07/06/2020,réplica,Dr. Barros,audiência marcada para 2026-09-28,,1
7192,6547287-16.2023.4.15.7491,2020-12-29,recurso de apelação,Dra Fontes,Prazo fatal: 12/03/26,,N
7193,5432782-56.2021.2.97.6240,30 de maio de 2024,audiência de instrução,Dra Fontes,audiência marcada para 22 de maio de 2026,06/03/26,0
7194,1664676-19.2021.8.64.4616,08/08/2020,laudo pericial,DRA. CAVALCANTE,diligência externa necessária,,1
7195,6003915-30.2025.6.37.7681,10/04/2026,intimação,dr. melo,diligência externa necessária,,
7196,5853247-29.2020.7.62.8870,2022-12-10,laudo pericial,Dra. Cavalcante,Prazo fatal: 30/06/26,,não
7197,4568537-97.2021.4.82.7633,4 de novembro de 2021,memoriais,Dr. Barros,audiência marcada para 2026-08-24,,0
7198,2016341-89.2023.7.48.2724,27/10/2021,memoriais,DRA. CAVALCANTE,documentos pendentes de entrega pelo cliente,2026-01-04,não
7199,8323566-47.2021.3.26.4644,12/10/24,citação,DRA. CAVALCANTE,,,
7200,8588997-88.2020.6.29.5987,02/03/22,despacho,Dra. Cavalcante,documentos pendentes de entrega pelo cliente,13 de julho de 2026,não
7201,2328070-99.2024.8.57.5561,06/09/2023,memoriais,Dr. Melo,,,sim
7202,9071705-28.2021.9.78.4746,30 de março de 2024,réplica,Dr. Barros,prazo para recurso: 26 dias úteis a contar da intimação,,sim
7203,1013314-48.2023.4.39.2083,19/04/2025,intimação,Dra. Fontes,audiência marcada para 20 de março de 2026,,sim
7204,3821719-15.2025.2.86.2518,2023-03-14,agravo regimental,Dr. Barros,prazo para recurso: 12 dias úteis a contar da intimação,,N
7205,3754895-37.2021.6.18.8502,24/06/2021,acordo extrajudicial,Dr. Barros,documentos pendentes de entrega pelo cliente,,não
7206,7115217-41.2025.1.67.7692,2022-09-14,recurso de apelação,Dra. Fontes,,,1
7207,1557680-16.2021.4.16.4031,23 de outubro de 2023,despacho,dr. melo,aguardando manifestação da parte contrária,,S
7208,5901155-82.2023.2.89.7717,6 de setembro de 2021,intimação,Dra. Fontes,aguardando manifestação da parte contrária,,S
7209,7813974-60.2021.1.81.1542,29 de outubro de 2023,audiência de instrução,Dr. Melo,documentos pendentes de entrega pelo cliente,,0
7210,8168054-14.2024.6.50.1232,17 de abril de 2026,petição inicial,Dra Fontes,Prazo fatal: 2026-08-10,,S
7211,5210656-44.2021.1.39.2474,02/06/2024,despacho,DRA. CAVALCANTE,Prazo fatal: 9 de fevereiro de 2026,,0
7212,7599278-46.2021.4.96.3535,08/01/2021,agravo regimental,Dr. Melo,juntada de documentos realizada,,S
7213,1628717-84.2025.8.67.8313,7 de maio de 2021,intimação,Dra. Cavalcante,Prazo fatal: 3 de agosto de 2026,,
7214,5755257-93.2020.8.44.2882,2021-08-29,memoriais,Dra. Fontes,documentos pendentes de entrega pelo cliente,,N
7215,9489806-94.2021.2.55.9162,2021-03-20,audiência de instrução,dr. melo,juntada de documentos realizada,,não
7216,7544569-30.2022.4.91.9370,2024-11-18,embargos de declaração,Dr. Barros,aguardando manifestação da parte contrária,,
7217,1869144-23.2023.5.84.3325,20/07/2024,habilitação,Dr. Barros,diligência externa necessária,,1
7218,4601686-30.2021.5.52.7745,26/03/26,habilitação,Dr. Barros,diligência externa necessária,,não
7219,1353022-94.2023.9.79.1203,2021-12-17,sentença,Dra Fontes,documentos pendentes de entrega pelo cliente,,0
7220,5239450-56.2022.7.99.2371,26 de setembro de 2020,habilitação,Dr. Barros,prazo para recurso: 30 dias úteis a contar da intimação,,S
7221,4510407-23.2020.5.18.6055,09/08/2023,habilitação,Dr. Melo,audiência marcada para 27/11/2026,,S
7222,7941836-76.2025.4.34.6543,27/09/2021,laudo pericial,Dra. Fontes,diligência externa necessária,06/11/2026,1
7223,3168718-77.2025.2.92.8027,14/10/20,citação,Dra. Cavalcante,documentos pendentes de entrega pelo cliente,,1
7224,1311508-84.2020.3.38.8512,25 de janeiro de 2021,petição inicial,Dr. Barros,documentos pendentes de entrega pelo cliente,,S
7225,5214684-96.2020.6.84.9986,2022-09-08,habilitação,DRA. CAVALCANTE,aguardando manifestação da parte contrária,12 de setembro de 2026,S
7226,5991409-16.2021.8.44.1303,01/07/2022,laudo pericial,DRA. CAVALCANTE,Prazo fatal: 29/04/2026,,1
7227,8677980-28.2024.9.94.6552,2024-09-26,despacho,dr. melo,Prazo fatal: 28/03/26,,
7228,4433355-55.2023.8.48.9346,05/01/20,petição inicial,DRA. CAVALCANTE,audiência marcada para 2026-05-26,,0
7229,1931030-34.2024.8.48.5319,2022-10-02,laudo pericial,Dr. Barros,documentos pendentes de entrega pelo cliente,,0
7230,7115217-41.2025.1.67.7692,2024-05-26,memoriais,Dr. Barros,aguardando manifestação da parte contrária,2026-08-24,
7231,3263740-44.2022.3.81.5402,11/08/20,acordo extrajudicial,DRA. CAVALCANTE,juntada de documentos realizada,,1
7232,4065326-72.2025.8.58.5304,16/01/22,contestação,dr. melo,,,sim
7233,3260101-88.2022.8.37.9169,2020-04-04,agravo regimental,Dra. Cavalcante,audiência marcada para 01/03/26,,1
7234,8368255-39.2020.9.60.4414,21/06/22,recurso de apelação,Dr. Melo,prazo para recurso: 30 dias úteis a contar da intimação,,não
7235,1248003-72.2024.2.80.8472,26/04/25,acordo extrajudicial,Dr. Barros,prazo para recurso: 15 dias úteis a contar da intimação,,0
7236,6524227-53.2025.1.97.6214,28 de fevereiro de 2023,memoriais,dr. melo,juntada de documentos realizada,,N
7237,6982910-41.2023.8.91.8758,23/09/2024,acordo extrajudicial,Dra Fontes,juntada de documentos realizada,,
7238,3922248-27.2025.1.42.4047,2019-03-19,laudo pericial,Dra Fontes,aguardando manifestação da parte contrária,,sim
7239,4584224-94.2025.2.57.2511,21 de junho de 2024,réplica,dr. melo,audiência marcada para 25 de setembro de 2026,,sim
7240,5284129-51.2020.3.32.5205,12/04/22,sentença,Dra Fontes,juntada de documentos realizada,,S
7241,9086174-80.2025.1.81.3292,13/09/2024,agravo regimental,Dra. Cavalcante,,,
7242,5733649-38.2020.2.35.3379,30/08/2025,habilitação,DRA. CAVALCANTE,diligência externa necessária,,S
7243,3922248-27.2025.1.42.4047,04/09/2020,contestação,Dra. Fontes,prazo para recurso: 11 dias úteis a contar da intimação,,
7244,4065326-72.2025.8.58.5304,17/09/2024,recurso de apelação,Dr. Barros,juntada de documentos realizada,2026-04-07,S
7245,6339808-70.2020.2.67.1325,24/01/2023,intimação,Dr. Melo,diligência externa necessária,,
7246,7224257-29.2020.8.88.9110,7 de julho de 2020,memoriais,Dr. Barros,Prazo fatal: 2 de fevereiro de 2026,2026-09-24,sim
7247,8286382-50.2025.4.53.4414,28 de julho de 2019,habilitação,Dra. Fontes,documentos pendentes de entrega pelo cliente,2026-04-03,N
7248,1966014-66.2022.7.82.2137,15/10/2022,acordo extrajudicial,dr. melo,documentos pendentes de entrega pelo cliente,,0
7249,8097721-13.2023.1.47.8354,07/12/2024,sentença,Dra Fontes,aguardando manifestação da parte contrária,,não
7250,1098476-20.2021.1.47.3336,11 de março de 2023,sentença,Dr. Melo,Prazo fatal: 23 de setembro de 2026,,N
7251,5214684-96.2020.6.84.9986,31 de março de 2025,réplica,Dra. Fontes,,,1
7252,4494463-44.2022.5.80.7542,10/05/25,audiência de instrução,Dra Fontes,aguardando manifestação da parte contrária,,sim
7253,1557680-16.2021.4.16.4031,3 de dezembro de 2020,laudo pericial,Dr. Barros,Prazo fatal: 27 de julho de 2026,2026-08-26,não
7254,1353022-94.2023.9.79.1203,2021-09-10,laudo pericial,dr. melo,documentos pendentes de entrega pelo cliente,19 de fevereiro de 2026,não
7255,2267110-24.2021.5.78.6025,20/11/23,memoriais,Dra. Cavalcante,prazo para recurso: 12 dias úteis a contar da intimação,,S
7256,1273300-90.2024.2.80.7378,21 de outubro de 2023,recurso de apelação,Dr. Barros,aguardando manifestação da parte contrária,,S
7257,8590346-68.2020.7.63.7780,29/05/22,contestação,Dr. Barros,diligência externa necessária,,
7258,5289264-48.2020.4.41.6347,14/04/2021,memoriais,dr. melo,audiência marcada para 11 de dezembro de 2026,2026-05-09,sim
7259,1833330-93.2025.8.61.3405,2025-01-07,sentença,Dra Fontes,diligência externa necessária,,0
7260,6686912-30.2025.4.68.7078,20/12/21,memoriais,Dra Fontes,audiência marcada para 25 de junho de 2026,,sim
7261,8843990-84.2020.6.68.3017,04/04/2023,réplica,Dra. Fontes,diligência externa necessária,,sim
7262,2966787-79.2022.1.41.9944,08/09/2023,petição inicial,Dr. Melo,juntada de documentos realizada,,1
7263,4090182-95.2021.1.57.7189,25/02/2020,laudo pericial,DRA. CAVALCANTE,audiência marcada para 2026-08-17,2026-05-08,sim
7264,2842764-33.2025.7.99.7279,10/04/2023,citação,Dra. Cavalcante,documentos pendentes de entrega pelo cliente,,N
7265,8843195-99.2024.6.39.2836,2022-11-22,contestação,Dr. Barros,,,N
7266,3260101-88.2022.8.37.9169,03/08/2023,sentença,Dr. Melo,diligência externa necessária,,0
7267,9953454-93.2020.2.52.5723,19 de dezembro de 2022,despacho,Dr. Barros,juntada de documentos realizada,,
7268,7245951-43.2021.4.11.7623,2022-06-06,laudo pericial,Dra. Cavalcante,prazo para recurso: 24 dias úteis a contar da intimação,,1
7269,7544569-30.2022.4.91.9370,05/04/23,audiência de instrução,Dra. Cavalcante,documentos pendentes de entrega pelo cliente,,1
7270,9953454-93.2020.2.52.5723,18 de novembro de 2021,laudo pericial,Dr. Barros,Prazo fatal: 18/07/2026,,
7271,5284129-51.2020.3.32.5205,2023-08-12,despacho,Dr. Barros,documentos pendentes de entrega pelo cliente,,S
7272,1557680-16.2021.4.16.4031,13/03/2026,intimação,Dra. Fontes,Prazo fatal: 2026-08-22,15 de dezembro de 2026,S
7273,6075721-43.2020.9.85.8738,12/11/23,acordo extrajudicial,Dra. Cavalcante,prazo para recurso: 25 dias úteis a contar da intimação,11 de setembro de 2026,1
7274,6953559-38.2025.7.42.9212,17/01/21,despacho,Dr. Melo,juntada de documentos realizada,16/01/2026,não
7275,9076234-78.2023.3.90.2702,12/12/2023,sentença,Dra Fontes,aguardando manifestação da parte contrária,,não
7276,6160516-66.2024.5.17.7150,23/10/21,petição inicial,Dra. Cavalcante,documentos pendentes de entrega pelo cliente,,N
7277,3242098-97.2025.4.44.9916,2020-08-23,embargos de declaração,Dr. Barros,,,
7278,8215015-64.2021.5.32.1893,2025-06-01,sentença,Dra. Cavalcante,documentos pendentes de entrega pelo cliente,,0
7279,3785792-10.2020.5.78.7940,2 de outubro de 2023,despacho,Dra. Fontes,documentos pendentes de entrega pelo cliente,,1
7280,7320713-89.2022.3.68.7881,03/04/20,laudo pericial,Dra. Cavalcante,aguardando manifestação da parte contrária,05/01/2026,1
7281,4417916-40.2022.7.26.4278,28/08/23,laudo pericial,Dra. Cavalcante,juntada de documentos realizada,,N
7282,4601686-30.2021.5.52.7745,2025-09-25,petição inicial,Dr. Barros,Prazo fatal: 24/04/2026,,sim
7283,3821719-15.2025.2.86.2518,2025-05-12,embargos de declaração,DRA. CAVALCANTE,documentos pendentes de entrega pelo cliente,,1
7284,7862554-22.2024.7.83.6459,29/03/2020,agravo regimental,Dr. Barros,Prazo fatal: 9 de julho de 2026,,sim
7285,6260319-38.2024.8.96.1114,06/12/20,contestação,Dra. Cavalcante,juntada de documentos realizada,27/10/26,não
7286,7110796-41.2020.3.80.5362,2024-03-02,audiência de instrução,Dr. Barros,diligência externa necessária,,
7287,1411065-96.2022.9.64.8271,13/11/2021,intimação,Dra. Cavalcante,,,sim
7288,2966787-79.2022.1.41.9944,9 de novembro de 2021,petição inicial,Dr. Barros,documentos pendentes de entrega pelo cliente,2026-08-01,S
7289,3464073-25.2022.8.73.5075,15 de agosto de 2021,audiência de instrução,Dra. Cavalcante,audiência marcada para 2026-10-02,,0
7290,6982910-41.2023.8.91.8758,26 de novembro de 2020,laudo pericial,DRA. CAVALCANTE,juntada de documentos realizada,15/10/26,1
7291,2016341-89.2023.7.48.2724,20/02/21,intimação,Dra. Cavalcante,juntada de documentos realizada,,N
7292,7765112-69.2024.9.62.5648,25/10/2022,habilitação,DRA. CAVALCANTE,documentos pendentes de entrega pelo cliente,21/07/26,
7293,1714231-74.2025.9.71.1697,26/09/2021,memoriais,Dra. Cavalcante,audiência marcada para 2026-05-26,,S
7294,4061044-97.2023.7.99.3676,13 de novembro de 2024,despacho,Dr. Barros,documentos pendentes de entrega pelo cliente,02/09/2026,1
7295,5967836-10.2021.4.35.9671,29/07/2020,habilitação,Dra. Fontes,diligência externa necessária,,0
7296,4085001-92.2022.6.76.8938,13/06/2023,despacho,Dr. Barros,diligência externa necessária,,N
7297,6018860-77.2022.1.94.1315,20/12/19,réplica,dr. melo,diligência externa necessária,25/10/26,
7298,5700249-43.2020.5.57.9341,19/11/22,recurso de apelação,Dr. Barros,diligência externa necessária,15 de abril de 2026,1
7299,1757615-27.2025.7.10.3762,06/12/25,contestação,Dra. Cavalcante,diligência externa necessária,,
7300,4681694-71.2021.9.28.7350,08/06/22,laudo pericial,DRA. CAVALCANTE,,,N
7301,8590346-68.2020.7.63.7780,2025-04-13,contestação,Dra. Fontes,audiência marcada para 17/12/2026,,S
7302,2675642-32.2022.8.65.5499,2020-03-30,réplica,DRA. CAVALCANTE,prazo para recurso: 12 dias úteis a contar da intimação,,sim
7303,7136189-41.2024.2.60.1768,2021-12-07,recurso de apelação,dr. melo,diligência externa necessária,26 de agosto de 2026,S
7304,7381740-86.2021.2.88.6570,01/04/20,sentença,Dr. Barros,aguardando manifestação da parte contrária,,não
7305,2397582-22.2023.9.93.4223,2023-10-23,réplica,Dr. Melo,prazo para recurso: 17 dias úteis a contar da intimação,,S
7306,1628717-84.2025.8.67.8313,2023-02-19,citação,DRA. CAVALCANTE,aguardando manifestação da parte contrária,,N
7307,7749444-78.2021.1.20.8763,20 de março de 2024,réplica,Dr. Barros,juntada de documentos realizada,2026-04-09,S
7308,4952151-27.2023.3.38.8762,2019-09-12,sentença,Dra Fontes,documentos pendentes de entrega pelo cliente,,0
7309,4460247-99.2024.9.97.4840,6 de agosto de 2020,laudo pericial,Dr. Barros,prazo para recurso: 18 dias úteis a contar da intimação,,N
7310,6416661-36.2021.8.21.8496,22/06/2021,réplica,Dra. Fontes,diligência externa necessária,,1
7311,4584224-94.2025.2.57.2511,09/08/2021,agravo regimental,Dr. Barros,audiência marcada para 20/08/2026,2026-01-24,
7312,9425559-65.2022.6.99.1309,2022-01-12,acordo extrajudicial,Dra Fontes,diligência externa necessária,2026-03-21,0
7313,4131852-60.2020.1.89.9739,2021-10-24,laudo pericial,Dr. Melo,,,
7314,1633270-27.2024.2.52.7034,30/10/20,recurso de apelação,Dr. Melo,documentos pendentes de entrega pelo cliente,,
7315,2490107-19.2023.9.10.7930,26 de abril de 2023,laudo pericial,Dr. Barros,documentos pendentes de entrega pelo cliente,29/07/26,N
7316,8323566-47.2021.3.26.4644,20/02/23,petição inicial,Dra. Fontes,audiência marcada para 26/10/2026,,
7317,1116024-57.2025.8.16.4043,23/08/2025,recurso de apelação,Dr. Melo,documentos pendentes de entrega pelo cliente,,N
7318,1248003-72.2024.2.80.8472,2024-04-02,audiência de instrução,Dr. Barros,audiência marcada para 2026-03-28,,1
7319,5755257-93.2020.8.44.2882,01/11/2025,laudo pericial,Dr. Barros,documentos pendentes de entrega pelo cliente,,1
7320,5545511-73.2023.1.66.9757,17/01/2026,audiência de instrução,Dr. Melo,Prazo fatal: 26 de novembro de 2026,,1
7321,7813974-60.2021.1.81.1542,2025-09-11,acordo extrajudicial,Dr. Barros,Prazo fatal: 2 de setembro de 2026,,0
7322,8749473-21.2020.4.12.9144,13/04/2023,acordo extrajudicial,Dr. Barros,,01/03/2026,N
7323,3588109-63.2023.1.26.4223,22/12/2025,habilitação,DRA. CAVALCANTE,aguardando manifestação da parte contrária,08/04/26,não
7324,5068524-45.2025.9.91.6906,30/04/25,contestação,DRA. CAVALCANTE,prazo para recurso: 21 dias úteis a contar da intimação,,S
7325,4601686-30.2021.5.52.7745,04/03/23,embargos de declaração,Dr. Melo,,,1
7326,7438163-48.2021.3.47.1186,2022-06-27,acordo extrajudicial,Dra. Cavalcante,Prazo fatal: 2026-12-10,,1
7327,2966787-79.2022.1.41.9944,17/07/23,despacho,Dr. Barros,Prazo fatal: 15/10/26,,1
7328,4681694-71.2021.9.28.7350,7 de outubro de 2022,despacho,Dra. Cavalcante,documentos pendentes de entrega pelo cliente,20/10/26,S
7329,8607512-63.2021.6.82.1039,23 de setembro de 2022,recurso de apelação,DRA. CAVALCANTE,audiência marcada para 26/04/26,,0
7330,6944389-98.2023.1.72.8245,4 de dezembro de 2022,recurso de apelação,Dr. Melo,aguardando manifestação da parte contrária,,N
7331,1664676-19.2021.8.64.4616,26/04/2024,habilitação,DRA. CAVALCANTE,diligência externa necessária,,sim
7332,6370110-64.2022.3.52.8440,24/03/2026,audiência de instrução,Dr. Melo,aguardando manifestação da parte contrária,,não
7333,8157599-64.2024.2.89.5276,05/02/21,sentença,Dra. Fontes,juntada de documentos realizada,,1
7334,6927716-18.2022.9.56.1445,13 de junho de 2024,réplica,DRA. CAVALCANTE,diligência externa necessária,,0
7335,6982910-41.2023.8.91.8758,24/09/2021,habilitação,Dr. Melo,juntada de documentos realizada,,
7336,5867457-18.2023.9.16.7298,31/03/20,recurso de apelação,Dra. Fontes,juntada de documentos realizada,15 de março de 2026,N
7337,6018860-77.2022.1.94.1315,09/08/22,habilitação,Dr. Barros,audiência marcada para 2026-10-26,2026-03-15,1
7338,4131852-60.2020.1.89.9739,7 de março de 2025,citação,DRA. CAVALCANTE,Prazo fatal: 14 de julho de 2026,28/06/26,S
7339,8936104-83.2022.1.39.7934,2020-12-10,embargos de declaração,Dra Fontes,juntada de documentos realizada,04/06/26,N
7340,7862554-22.2024.7.83.6459,02/03/2022,intimação,dr. melo,aguardando manifestação da parte contrária,14 de dezembro de 2026,sim
7341,6267378-50.2021.9.19.9923,2019-01-20,réplica,Dr. Barros,diligência externa necessária,,1
7342,2341370-92.2024.9.60.8122,2024-01-12,petição inicial,Dr. Melo,,2026-05-06,sim
7343,8220628-15.2021.8.54.9077,25/07/2023,memoriais,Dra. Cavalcante,juntada de documentos realizada,25 de abril de 2026,não
7344,1272937-41.2023.5.75.9958,19 de setembro de 2023,citação,dr. melo,documentos pendentes de entrega pelo cliente,28/09/2026,0
7345,8588997-88.2020.6.29.5987,31 de outubro de 2024,despacho,DRA. CAVALCANTE,audiência marcada para 26/10/26,,1
7346,9489806-94.2021.2.55.9162,2022-09-19,réplica,DRA. CAVALCANTE,aguardando manifestação da parte contrária,,0
7347,8066975-72.2023.7.26.7675,2021-12-13,habilitação,Dra. Fontes,diligência externa necessária,,
7348,8183950-10.2021.5.84.9388,2023-11-14,embargos de declaração,Dra. Fontes,aguardando manifestação da parte contrária,,N
7349,9573194-21.2022.1.35.8352,29/10/22,laudo pericial,DRA. CAVALCANTE,,,1
7350,1757615-27.2025.7.10.3762,2024-02-27,sentença,Dra Fontes,prazo para recurso: 22 dias úteis a contar da intimação,,0
7351,7136189-41.2024.2.60.1768,20/03/2021,habilitação,Dra. Fontes,prazo para recurso: 16 dias úteis a contar da intimação,,N
7352,1098476-20.2021.1.47.3336,09/07/2020,despacho,Dr. Barros,prazo para recurso: 29 dias úteis a contar da intimação,,N
7353,6982910-41.2023.8.91.8758,23/12/2021,réplica,Dr. Melo,,,sim
7354,4202942-75.2025.6.91.7611,21 de janeiro de 2022,réplica,Dr. Melo,documentos pendentes de entrega pelo cliente,2026-08-13,N
7355,1438459-62.2020.7.78.3410,2022-11-15,laudo pericial,Dra. Cavalcante,aguardando manifestação da parte contrária,,0
7356,8157599-64.2024.2.89.5276,1 de julho de 2021,audiência de instrução,Dr. Melo,prazo para recurso: 11 dias úteis a contar da intimação,,0
7357,7141324-67.2025.3.86.3413,19 de novembro de 2023,embargos de declaração,dr. melo,diligência externa necessária,1 de maio de 2026,sim
7358,3260101-88.2022.8.37.9169,30/12/2023,despacho,DRA. CAVALCANTE,aguardando manifestação da parte contrária,,sim
7359,6254488-31.2024.9.48.3216,28 de julho de 2021,intimação,Dra. Cavalcante,documentos pendentes de entrega pelo cliente,,0
7360,3542616-60.2022.3.87.6536,14/07/2021,recurso de apelação,Dra. Fontes,prazo para recurso: 24 dias úteis a contar da intimação,,0
7361,2869625-86.2025.7.14.5837,9 de outubro de 2022,recurso de apelação,Dr. Melo,,,sim
7362,2480014-80.2024.2.29.9847,17/03/20,memoriais,Dra. Fontes,juntada de documentos realizada,02/02/26,0
7363,7245951-43.2021.4.11.7623,1 de abril de 2025,recurso de apelação,Dr. Melo,juntada de documentos realizada,30/11/2026,1
7364,7438163-48.2021.3.47.1186,12/11/24,audiência de instrução,Dr. Melo,Prazo fatal: 20/10/26,,S
7365,4134515-43.2021.8.70.4879,20/05/2020,contestação,Dra. Fontes,juntada de documentos realizada,,
7366,4433355-55.2023.8.48.9346,25/09/20,contestação,Dra. Fontes,audiência marcada para 2026-03-27,2026-04-19,N
7367,3168718-77.2025.2.92.8027,03/12/2024,réplica,Dr. Barros,audiência marcada para 08/09/26,12/01/26,S
7368,5614769-67.2022.9.87.1001,14/11/2020,agravo regimental,Dr. Barros,,,0
7369,5116418-16.2025.3.98.2234,28/10/2020,petição inicial,Dra. Fontes,juntada de documentos realizada,,N
7370,9071705-28.2021.9.78.4746,2023-08-08,embargos de declaração,dr. melo,juntada de documentos realizada,,S
7371,7544569-30.2022.4.91.9370,30/09/2022,agravo regimental,Dra Fontes,audiência marcada para 2026-08-13,,S
7372,8097721-13.2023.1.47.8354,21 de janeiro de 2025,despacho,Dra Fontes,documentos pendentes de entrega pelo cliente,30/08/2026,sim
7373,3679963-72.2020.9.29.7859,01/03/25,recurso de apelação,Dr. Melo,prazo para recurso: 21 dias úteis a contar da intimação,2026-02-25,N
7374,5788467-41.2023.8.93.8134,16 de agosto de 2024,réplica,Dra. Fontes,documentos pendentes de entrega pelo cliente,,S
7375,4415624-13.2024.9.14.9480,17 de janeiro de 2025,acordo extrajudicial,Dr. Melo,juntada de documentos realizada,23/12/26,sim
7376,2186433-37.2022.2.12.4344,25/04/25,memoriais,DRA. CAVALCANTE,aguardando manifestação da parte contrária,,0
7377,1183693-37.2024.1.85.2937,2023-10-12,acordo extrajudicial,Dr. Melo,juntada de documentos realizada,,N
7378,6547287-16.2023.4.15.7491,18/09/23,laudo pericial,dr. melo,,,
7379,1757615-27.2025.7.10.3762,2026-01-26,sentença,Dr. Melo,aguardando manifestação da parte contrária,19/08/2026,1
7380,8097721-13.2023.1.47.8354,26/08/2023,laudo pericial,Dra. Cavalcante,,13 de setembro de 2026,sim
7381,5422047-80.2024.8.62.4364,25/11/21,citação,Dra Fontes,documentos pendentes de entrega pelo cliente,,0
7382,1411065-96.2022.9.64.8271,23 de outubro de 2021,memoriais,Dra Fontes,,,N
7383,6105303-92.2021.4.39.3868,04/04/26,acordo extrajudicial,dr. melo,prazo para recurso: 10 dias úteis a contar da intimação,,não
7384,7599278-46.2021.4.96.3535,9 de dezembro de 2024,réplica,Dra. Fontes,juntada de documentos realizada,08/12/2026,1
7385,5953905-94.2022.5.44.3245,01/07/2019,habilitação,Dra Fontes,Prazo fatal: 13/10/26,2026-04-25,1
7386,3260101-88.2022.8.37.9169,25/09/24,laudo pericial,Dra. Cavalcante,Prazo fatal: 2026-12-24,,
7387,7916680-90.2022.1.67.1785,3 de janeiro de 2023,agravo regimental,Dr. Barros,diligência externa necessária,,sim
7388,8062805-72.2022.1.22.8771,2021-04-21,acordo extrajudicial,DRA. CAVALCANTE,aguardando manifestação da parte contrária,,N
7389,4768255-51.2022.4.94.5695,2021-10-26,recurso de apelação,Dra. Cavalcante,audiência marcada para 5 de março de 2026,,1
7390,7115217-41.2025.1.67.7692,13 de maio de 2024,intimação,Dr. Barros,aguardando manifestação da parte contrária,,não
7391,8323566-47.2021.3.26.4644,28/08/23,audiência de instrução,Dra Fontes,prazo para recurso: 30 dias úteis a contar da intimação,,1
7392,7687351-51.2022.6.73.6768,19/12/2023,embargos de declaração,Dra. Fontes,documentos pendentes de entrega pelo cliente,,N
7393,3542799-64.2025.6.13.7299,2022-03-18,audiência de instrução,Dr. Melo,diligência externa necessária,,não
7394,7223110-52.2024.2.44.8994,20/05/2025,agravo regimental,dr. melo,Prazo fatal: 23/03/26,,0
7395,1602496-64.2022.5.79.8340,26/09/22,despacho,Dr. Barros,documentos pendentes de entrega pelo cliente,20/09/2026,0
7396,5991409-16.2021.8.44.1303,23/10/2020,intimação,Dr. Barros,,,sim
7397,6416661-36.2021.8.21.8496,13 de setembro de 2024,réplica,Dra Fontes,documentos pendentes de entrega pelo cliente,08/12/26,0
7398,1095980-10.2020.7.77.8313,21/09/22,embargos de declaração,Dr. Barros,audiência marcada para 14/06/2026,04/06/26,1
7399,4952151-27.2023.3.38.8762,15/01/22,despacho,Dr. Barros,documentos pendentes de entrega pelo cliente,21/10/26,
7400,4326518-76.2023.4.36.8530,2023-06-28,contestação,DRA. CAVALCANTE,diligência externa necessária,,sim
7401,7274275-74.2020.1.22.9780,21 de julho de 2024,agravo regimental,DRA. CAVALCANTE,prazo para recurso: 29 dias úteis a contar da intimação,,N
7402,4563779-48.2023.2.87.9606,2023-06-11,sentença,Dra Fontes,,07/02/2026,
7403,5660649-86.2020.5.86.9291,10/12/24,embargos de declaração,Dr. Melo,documentos pendentes de entrega pelo cliente,,
7404,1754781-28.2025.6.89.2162,18/02/2019,contestação,Dr. Melo,juntada de documentos realizada,,1
7405,3542799-64.2025.6.13.7299,05/09/21,contestação,Dr. Barros,Prazo fatal: 21 de junho de 2026,2026-01-30,1
7406,2016341-89.2023.7.48.2724,16/04/2020,réplica,Dra. Fontes,,08/09/26,0
7407,2909764-51.2025.7.78.2223,20/09/22,despacho,dr. melo,prazo para recurso: 9 dias úteis a contar da intimação,2026-03-13,N
7408,8286382-50.2025.4.53.4414,17/06/22,citação,DRA. CAVALCANTE,documentos pendentes de entrega pelo cliente,,S
7409,5967836-10.2021.4.35.9671,17/06/21,embargos de declaração,DRA. CAVALCANTE,audiência marcada para 30/10/2026,,sim
7410,5422047-80.2024.8.62.4364,2020-12-25,intimação,dr. melo,prazo para recurso: 8 dias úteis a contar da intimação,,1
7411,5753123-52.2021.4.48.4042,11/08/2020,intimação,DRA. CAVALCANTE,prazo para recurso: 21 dias úteis a contar da intimação,13 de agosto de 2026,N
7412,5953905-94.2022.5.44.3245,21/02/2021,petição inicial,Dr. Barros,audiência marcada para 15/07/26,30/04/2026,sim
7413,4601686-30.2021.5.52.7745,19 de setembro de 2022,agravo regimental,DRA. CAVALCANTE,Prazo fatal: 17/01/2026,,
7414,7110796-41.2020.3.80.5362,2021-02-13,laudo pericial,DRA. CAVALCANTE,audiência marcada para 22/07/2026,08/05/2026,N
7415,6011987-71.2020.8.10.4396,31/08/2021,acordo extrajudicial,Dra Fontes,,,sim
7416,4202942-75.2025.6.91.7611,2023-09-29,contestação,Dr. Barros,juntada de documentos realizada,2026-04-05,sim
7417,2554938-48.2024.1.13.4544,19/07/24,intimação,Dr. Barros,,2026-05-15,S
7418,2316290-44.2022.7.34.5190,12/12/2020,agravo regimental,Dr. Barros,diligência externa necessária,,S
7419,5753123-52.2021.4.48.4042,29 de março de 2025,embargos de declaração,Dra. Cavalcante,documentos pendentes de entrega pelo cliente,,N
7420,5451988-41.2020.2.82.4041,20/09/25,sentença,Dra. Cavalcante,Prazo fatal: 01/10/26,,sim
7421,3510061-32.2020.9.13.4424,21/09/23,laudo pericial,Dr. Barros,,,sim
7422,5068524-45.2025.9.91.6906,28/03/2024,laudo pericial,dr. melo,,,S
7423,4961530-22.2021.4.22.6290,19 de janeiro de 2022,réplica,dr. melo,prazo para recurso: 15 dias úteis a contar da intimação,,0
7424,1778149-24.2023.1.86.3557,2025-01-25,audiência de instrução,Dra Fontes,Prazo fatal: 14/10/26,,
7425,4563779-48.2023.2.87.9606,26 de agosto de 2020,embargos de declaração,Dr. Barros,Prazo fatal: 04/01/2026,,
7426,5422047-80.2024.8.62.4364,27/04/22,audiência de instrução,dr. melo,Prazo fatal: 22/06/2026,,1
7427,5035093-45.2021.1.27.3097,05/08/2022,embargos de declaração,Dra. Fontes,aguardando manifestação da parte contrária,,S
7428,6663627-76.2023.9.26.5770,31 de outubro de 2023,recurso de apelação,Dr. Barros,documentos pendentes de entrega pelo cliente,,1
7429,8574876-96.2020.7.97.4673,2024-04-18,laudo pericial,Dra. Cavalcante,,,S
7430,7082985-88.2022.2.94.6058,03/12/2020,intimação,DRA. CAVALCANTE,Prazo fatal: 04/11/2026,2026-11-02,sim
7431,7640585-40.2023.1.57.1721,17/06/2021,laudo pericial,Dr. Barros,,,sim
7432,1116024-57.2025.8.16.4043,2024-07-07,acordo extrajudicial,Dr. Barros,aguardando manifestação da parte contrária,,1
7433,8168450-48.2020.2.65.4570,07/10/2022,contestação,dr. melo,prazo para recurso: 18 dias úteis a contar da intimação,20 de abril de 2026,1
7434,1272937-41.2023.5.75.9958,16 de abril de 2022,despacho,Dr. Melo,audiência marcada para 12/05/2026,,sim
7435,5274951-77.2021.1.76.5120,2023-10-12,intimação,Dra. Fontes,diligência externa necessária,03/09/26,não
7436,2267110-24.2021.5.78.6025,9 de maio de 2023,citação,Dra Fontes,juntada de documentos realizada,21/04/2026,sim
7437,2632721-15.2024.7.90.9593,2022-09-08,habilitação,Dra Fontes,aguardando manifestação da parte contrária,15/12/26,0
7438,2016341-89.2023.7.48.2724,2024-10-16,intimação,Dra. Fontes,prazo para recurso: 19 dias úteis a contar da intimação,,
7439,4084503-92.2025.8.90.5515,28/04/20,petição inicial,Dra. Cavalcante,audiência marcada para 2026-09-06,2026-06-22,sim
7440,5661974-14.2020.6.39.3137,10/11/2022,despacho,dr. melo,aguardando manifestação da parte contrária,1 de março de 2026,não
7441,1614850-25.2020.8.85.3161,2021-10-25,agravo regimental,Dr. Melo,documentos pendentes de entrega pelo cliente,2026-12-28,0
7442,7722274-26.2024.9.14.7062,2023-10-12,laudo pericial,dr. melo,audiência marcada para 2026-09-04,,1
7443,8168054-14.2024.6.50.1232,10/09/2021,contestação,dr. melo,documentos pendentes de entrega pelo cliente,,1
7444,7749444-78.2021.1.20.8763,2022-01-06,sentença,Dr. Barros,prazo para recurso: 22 dias úteis a contar da intimação,,0
7445,6445422-21.2020.5.39.8096,8 de dezembro de 2022,laudo pericial,Dra. Cavalcante,diligência externa necessária,,
7446,7724543-49.2023.9.44.7412,29 de abril de 2020,réplica,Dr. Barros,audiência marcada para 13/03/2026,,sim
7447,7948577-74.2025.1.60.7583,2020-05-20,laudo pericial,Dra. Fontes,prazo para recurso: 5 dias úteis a contar da intimação,,N
7448,8886588-26.2020.9.65.6361,30/11/20,intimação,Dra. Fontes,Prazo fatal: 2026-11-13,23/04/26,S
7449,6694761-39.2022.1.10.2199,23 de julho de 2025,citação,Dra Fontes,diligência externa necessária,,1
7450,1237577-83.2022.8.91.4649,22 de junho de 2024,réplica,Dr. Barros,prazo para recurso: 8 dias úteis a contar da intimação,,0
7451,8892606-62.2022.2.87.2168,03/11/2020,contestação,Dr. Melo,aguardando manifestação da parte contrária,,
7452,1353022-94.2023.9.79.1203,21/01/24,réplica,Dr. Melo,prazo para recurso: 18 dias úteis a contar da intimação,,não
7453,5316105-58.2020.3.22.3571,2021-09-08,acordo extrajudicial,DRA. CAVALCANTE,Prazo fatal: 14 de fevereiro de 2026,12 de setembro de 2026,sim
7454,6982910-41.2023.8.91.8758,24/07/22,citação,dr. melo,diligência externa necessária,4 de janeiro de 2026,
7455,6779292-61.2021.4.86.2783,24 de julho de 2025,intimação,Dra. Fontes,juntada de documentos realizada,,1
7456,2016341-89.2023.7.48.2724,2026-02-28,memoriais,DRA. CAVALCANTE,audiência marcada para 24 de julho de 2026,18/04/26,
7457,2461262-96.2021.6.48.1315,07/07/23,sentença,Dr. Barros,,17 de setembro de 2026,sim
7458,3510061-32.2020.9.13.4424,26/02/25,embargos de declaração,Dr. Barros,audiência marcada para 21 de setembro de 2026,29 de setembro de 2026,S
7459,5867457-18.2023.9.16.7298,03/03/2021,habilitação,DRA. CAVALCANTE,prazo para recurso: 6 dias úteis a contar da intimação,,não
7460,1183693-37.2024.1.85.2937,2023-12-25,recurso de apelação,Dr. Barros,audiência marcada para 25/08/26,,sim
7461,1869144-23.2023.5.84.3325,13/03/2021,habilitação,dr. melo,aguardando manifestação da parte contrária,,0
7462,5422047-80.2024.8.62.4364,2025-08-30,citação,dr. melo,aguardando manifestação da parte contrária,23 de janeiro de 2026,sim
7463,8168450-48.2020.2.65.4570,20 de julho de 2024,intimação,Dr. Barros,,17/05/26,N
7464,2660213-63.2022.6.50.8366,2020-05-07,acordo extrajudicial,Dr. Melo,juntada de documentos realizada,06/01/26,S
7465,9822459-92.2024.8.17.6403,2021-11-23,réplica,dr. melo,,,1
7466,9319285-35.2025.3.19.9131,03/11/2025,contestação,Dra. Fontes,audiência marcada para 26 de outubro de 2026,12/11/2026,0
7467,2231929-89.2024.6.41.5461,12/07/23,citação,Dra Fontes,documentos pendentes de entrega pelo cliente,,não
7468,8129073-22.2024.4.16.9656,2025-01-13,despacho,Dr. Barros,prazo para recurso: 7 dias úteis a contar da intimação,24/10/26,
7469,9822459-92.2024.8.17.6403,30/06/2019,recurso de apelação,DRA. CAVALCANTE,Prazo fatal: 28 de março de 2026,,
7470,7245951-43.2021.4.11.7623,07/04/2026,agravo regimental,Dr. Melo,aguardando manifestação da parte contrária,,sim
7471,8306601-19.2020.3.50.7457,2021-05-18,laudo pericial,Dr. Barros,juntada de documentos realizada,2026-07-11,N
7472,7948577-74.2025.1.60.7583,31/10/21,agravo regimental,Dr. Barros,aguardando manifestação da parte contrária,,N
7473,2490107-19.2023.9.10.7930,29/11/22,habilitação,Dra. Fontes,audiência marcada para 24/05/2026,,S
7474,1093623-59.2025.7.92.5441,05/10/22,acordo extrajudicial,Dr. Barros,juntada de documentos realizada,,1
7475,5159219-49.2023.5.25.3676,17/09/20,acordo extrajudicial,Dr. Barros,diligência externa necessária,,1
7476,2632721-15.2024.7.90.9593,14/04/20,réplica,Dr. Barros,prazo para recurso: 18 dias úteis a contar da intimação,,sim
7477,5068524-45.2025.9.91.6906,2025-10-23,habilitação,Dr. Barros,audiência marcada para 2026-12-26,30 de outubro de 2026,0
7478,8220628-15.2021.8.54.9077,28 de abril de 2024,intimação,Dr. Melo,,,
7479,9408522-77.2021.3.36.8376,18/09/2021,laudo pericial,Dr. Barros,prazo para recurso: 20 dias úteis a contar da intimação,,
7480,9252661-70.2020.1.46.1185,28 de junho de 2021,sentença,dr. melo,juntada de documentos realizada,,0
7481,1237577-83.2022.8.91.4649,3 de julho de 2021,habilitação,Dr. Melo,aguardando manifestação da parte contrária,2026-11-01,0
7482,1116024-57.2025.8.16.4043,16 de janeiro de 2024,memoriais,Dr. Barros,audiência marcada para 11/04/2026,,
7483,6003915-30.2025.6.37.7681,01/08/2020,citação,Dra Fontes,juntada de documentos realizada,,
7484,1013314-48.2023.4.39.2083,16/08/2020,embargos de declaração,Dra. Fontes,,07/02/2026,N
7485,9636371-69.2025.8.67.4068,22/03/21,réplica,DRA. CAVALCANTE,Prazo fatal: 26 de agosto de 2026,2026-04-09,1
7486,5753123-52.2021.4.48.4042,01/01/21,intimação,Dr. Barros,prazo para recurso: 10 dias úteis a contar da intimação,,sim
7487,6414076-16.2021.7.78.8273,2026-03-17,sentença,Dra Fontes,,21 de dezembro de 2026,1
7488,8677980-28.2024.9.94.6552,2026-02-05,contestação,Dra. Cavalcante,juntada de documentos realizada,,
7489,4299848-20.2023.2.47.7396,03/08/24,embargos de declaração,Dr. Barros,prazo para recurso: 27 dias úteis a contar da intimação,,não
7490,7840442-26.2025.9.53.5093,21 de outubro de 2020,agravo regimental,Dr. Barros,audiência marcada para 2026-12-05,,S
7491,9252661-70.2020.1.46.1185,31/05/2024,acordo extrajudicial,DRA. CAVALCANTE,diligência externa necessária,10 de abril de 2026,não
7492,5144296-22.2022.4.87.9648,2023-12-07,laudo pericial,DRA. CAVALCANTE,diligência externa necessária,,sim
7493,8892606-62.2022.2.87.2168,2021-12-16,petição inicial,Dr. Melo,diligência externa necessária,,sim
7494,4494463-44.2022.5.80.7542,26/05/24,acordo extrajudicial,dr. melo,aguardando manifestação da parte contrária,,1
7495,5316105-58.2020.3.22.3571,7 de outubro de 2024,habilitação,DRA. CAVALCANTE,juntada de documentos realizada,,sim
7496,3401866-56.2021.1.87.5297,26 de março de 2022,recurso de apelação,Dr. Melo,diligência externa necessária,,S
7497,2675642-32.2022.8.65.5499,21/05/2025,laudo pericial,Dra Fontes,juntada de documentos realizada,18/11/2026,não
7498,5703772-88.2020.8.34.6114,2020-09-21,citação,dr. melo,,,N
7499,7323234-16.2020.9.59.5035,18/07/2020,sentença,dr. melo,documentos pendentes de entrega pelo cliente,,
7500,7820540-78.2023.1.75.4823,16/12/2021,petição inicial,DRA. CAVALCANTE,diligência externa necessária,,S
7501,8286382-50.2025.4.53.4414,30/06/2020,laudo pericial,Dr. Barros,audiência marcada para 02/04/2026,,sim
7502,8157599-64.2024.2.89.5276,09/01/2023,recurso de apelação,DRA. CAVALCANTE,juntada de documentos realizada,25/10/2026,1
7503,1833330-93.2025.8.61.3405,20 de outubro de 2022,réplica,Dr. Barros,audiência marcada para 29/08/2026,15/02/2026,sim
7504,3588109-63.2023.1.26.4223,8 de julho de 2025,acordo extrajudicial,dr. melo,aguardando manifestação da parte contrária,,S
7505,4433355-55.2023.8.48.9346,2020-03-05,contestação,dr. melo,,,
7506,8097721-13.2023.1.47.8354,14 de novembro de 2023,memoriais,Dr. Melo,aguardando manifestação da parte contrária,2026-10-10,não
7507,6476769-27.2021.5.22.2570,04/12/24,sentença,Dr. Barros,juntada de documentos realizada,,N
7508,6663627-76.2023.9.26.5770,2025-01-09,despacho,Dr. Melo,,,N
7509,7438163-48.2021.3.47.1186,26 de agosto de 2022,despacho,Dr. Melo,aguardando manifestação da parte contrária,,S
7510,1714231-74.2025.9.71.1697,26/01/23,habilitação,Dr. Barros,,,0
7511,8590346-68.2020.7.63.7780,13/10/21,despacho,Dr. Barros,audiência marcada para 2026-08-10,,1
7512,1183693-37.2024.1.85.2937,17 de março de 2022,contestação,Dra Fontes,,,não
7513,3879233-61.2024.5.30.1494,14/11/25,recurso de apelação,Dr. Melo,audiência marcada para 15 de junho de 2026,,1
7514,5661974-14.2020.6.39.3137,2026-01-29,intimação,DRA. CAVALCANTE,diligência externa necessária,2026-04-07,S
7515,4065326-72.2025.8.58.5304,23 de maio de 2021,citação,Dra. Cavalcante,prazo para recurso: 17 dias úteis a contar da intimação,23/10/2026,0
7516,3675188-38.2025.9.53.3305,2022-06-02,citação,Dr. Barros,Prazo fatal: 01/01/2026,,sim
7517,1676369-34.2022.3.47.6087,10/12/23,réplica,dr. melo,prazo para recurso: 22 dias úteis a contar da intimação,,não
7518,8066975-72.2023.7.26.7675,16/05/21,audiência de instrução,Dr. Barros,Prazo fatal: 2026-01-14,04/11/2026,
7519,4952151-27.2023.3.38.8762,05/10/2021,intimação,DRA. CAVALCANTE,Prazo fatal: 09/07/2026,,1
7520,1664676-19.2021.8.64.4616,08/12/2020,habilitação,Dra Fontes,,13/04/2026,0
7521,4326518-76.2023.4.36.8530,04/01/2025,despacho,Dr. Melo,documentos pendentes de entrega pelo cliente,,N
7522,8286382-50.2025.4.53.4414,13/01/2023,habilitação,DRA. CAVALCANTE,documentos pendentes de entrega pelo cliente,,0
7523,2112478-55.2024.2.51.9095,3 de fevereiro de 2022,despacho,Dra Fontes,,,não
7524,3505690-87.2020.8.52.6260,2025-01-05,contestação,Dr. Barros,,14 de março de 2026,0
7525,5274951-77.2021.1.76.5120,13/09/21,embargos de declaração,Dra. Cavalcante,aguardando manifestação da parte contrária,,não
7526,8886588-26.2020.9.65.6361,16/06/2025,agravo regimental,Dra. Fontes,juntada de documentos realizada,2026-01-27,N
7527,1346701-74.2024.1.65.8985,2022-05-28,contestação,dr. melo,,,N
7528,5432782-56.2021.2.97.6240,2023-08-14,citação,Dr. Melo,,,S
7529,8630644-97.2025.3.28.1296,25/01/21,petição inicial,Dr. Barros,Prazo fatal: 14 de agosto de 2026,,
7530,5788467-41.2023.8.93.8134,2021-10-09,embargos de declaração,DRA. CAVALCANTE,documentos pendentes de entrega pelo cliente,,sim
7531,7245951-43.2021.4.11.7623,15/04/2022,contestação,Dra Fontes,diligência externa necessária,,sim
7532,8209168-30.2020.1.41.7632,08/04/2026,petição inicial,dr. melo,juntada de documentos realizada,24/06/26,
7533,6339266-27.2025.5.15.6766,2024-03-07,recurso de apelação,Dr. Barros,diligência externa necessária,,S
7534,5732779-86.2025.4.28.7831,2020-10-08,laudo pericial,Dr. Barros,documentos pendentes de entrega pelo cliente,31 de agosto de 2026,N
7535,4065326-72.2025.8.58.5304,15 de julho de 2022,memoriais,Dra. Fontes,Prazo fatal: 10/08/2026,,não
7536,9057960-29.2025.5.10.6072,02/07/2021,recurso de apelação,Dr. Barros,juntada de documentos realizada,,N
7537,9573194-21.2022.1.35.8352,2021-08-18,intimação,Dr. Melo,audiência marcada para 5 de maio de 2026,,
7538,1185885-59.2023.7.19.8433,2022-09-07,memoriais,DRA. CAVALCANTE,juntada de documentos realizada,,N
7539,1966014-66.2022.7.82.2137,23 de novembro de 2025,petição inicial,Dr. Barros,audiência marcada para 22/09/26,2026-09-21,
7540,2019436-32.2020.6.16.9856,25/02/2021,audiência de instrução,dr. melo,prazo para recurso: 12 dias úteis a contar da intimação,2026-05-29,sim
7541,7599278-46.2021.4.96.3535,13/06/2021,petição inicial,Dr. Barros,diligência externa necessária,,sim
7542,3766710-17.2025.4.91.1472,18/01/2020,citação,Dr. Melo,Prazo fatal: 26 de agosto de 2026,,1
7543,5462435-11.2024.9.85.2977,30 de dezembro de 2022,acordo extrajudicial,DRA. CAVALCANTE,audiência marcada para 2026-12-18,12/03/2026,1
7544,8286382-50.2025.4.53.4414,28/05/2025,réplica,dr. melo,diligência externa necessária,,0
7545,2267110-24.2021.5.78.6025,2023-05-09,audiência de instrução,Dra. Fontes,diligência externa necessária,18/11/26,não
7546,7786207-82.2024.2.92.5696,13 de dezembro de 2021,embargos de declaração,Dr. Barros,diligência externa necessária,,0
7547,4893809-11.2021.7.19.9759,17 de setembro de 2022,audiência de instrução,Dr. Barros,,,sim
7548,1093623-59.2025.7.92.5441,2022-05-13,laudo pericial,Dra. Fontes,juntada de documentos realizada,,não
7549,1778149-24.2023.1.86.3557,2024-09-22,réplica,Dr. Barros,documentos pendentes de entrega pelo cliente,12/05/26,
7550,3724721-44.2021.9.75.5553,30/11/2024,memoriais,Dra. Cavalcante,Prazo fatal: 2026-02-22,,0
7551,5451988-41.2020.2.82.4041,07/11/2024,intimação,dr. melo,diligência externa necessária,31/10/26,1
7552,2294596-63.2020.6.38.9193,2019-04-10,sentença,dr. melo,diligência externa necessária,2026-05-16,sim
7553,9835331-11.2022.6.15.8602,28/03/24,sentença,DRA. CAVALCANTE,documentos pendentes de entrega pelo cliente,25/12/26,não
7554,5462435-11.2024.9.85.2977,23 de dezembro de 2023,contestação,Dra. Fontes,prazo para recurso: 19 dias úteis a contar da intimação,,N
7555,7820540-78.2023.1.75.4823,6 de novembro de 2020,citação,Dra Fontes,audiência marcada para 14/05/2026,,
7556,6018860-77.2022.1.94.1315,18/01/2025,recurso de apelação,Dra Fontes,Prazo fatal: 19 de julho de 2026,,0
7557,9489806-94.2021.2.55.9162,2025-05-05,laudo pericial,dr. melo,aguardando manifestação da parte contrária,,não
7558,1183693-37.2024.1.85.2937,2021-05-31,citação,dr. melo,diligência externa necessária,,S
7559,8382607-83.2020.6.26.3936,9 de maio de 2023,acordo extrajudicial,Dr. Barros,,,1
7560,3576390-15.2021.2.82.8209,02/03/20,embargos de declaração,Dra. Fontes,,21/08/26,
7561,4417916-40.2022.7.26.4278,2025-03-27,laudo pericial,Dr. Barros,audiência marcada para 2026-11-24,,sim
7562,6260319-38.2024.8.96.1114,14/12/21,recurso de apelação,DRA. CAVALCANTE,documentos pendentes de entrega pelo cliente,19/07/2026,S
7563,8215015-64.2021.5.32.1893,07/03/22,agravo regimental,Dra. Cavalcante,diligência externa necessária,,1
7564,5700249-43.2020.5.57.9341,14/08/20,intimação,Dr. Barros,documentos pendentes de entrega pelo cliente,,sim
7565,6160516-66.2024.5.17.7150,25/10/23,réplica,Dr. Barros,prazo para recurso: 18 dias úteis a contar da intimação,,sim
7566,2480014-80.2024.2.29.9847,01/12/24,despacho,DRA. CAVALCANTE,prazo para recurso: 10 dias úteis a contar da intimação,,sim
7567,1628717-84.2025.8.67.8313,18/06/2020,habilitação,Dra. Fontes,documentos pendentes de entrega pelo cliente,08/08/2026,não
7568,5266269-78.2021.7.59.1392,16/09/2023,recurso de apelação,Dra. Cavalcante,documentos pendentes de entrega pelo cliente,,sim
7569,2966787-79.2022.1.41.9944,22/06/2021,intimação,Dr. Barros,prazo para recurso: 22 dias úteis a contar da intimação,,S
7570,2869625-86.2025.7.14.5837,30 de setembro de 2024,petição inicial,Dra. Cavalcante,,,sim
7571,3464073-25.2022.8.73.5075,8 de julho de 2025,petição inicial,Dr. Melo,audiência marcada para 2026-03-16,,0
7572,7115217-41.2025.1.67.7692,08/09/23,intimação,Dr. Barros,aguardando manifestação da parte contrária,,sim
7573,7438163-48.2021.3.47.1186,8 de novembro de 2019,recurso de apelação,Dra. Cavalcante,,,
7574,7320713-89.2022.3.68.7881,2024-07-03,acordo extrajudicial,Dr. Barros,diligência externa necessária,2026-05-27,S
7575,8735892-74.2025.8.18.9411,1 de setembro de 2025,habilitação,Dra Fontes,audiência marcada para 11/09/2026,,
7576,4202942-75.2025.6.91.7611,20/02/25,embargos de declaração,Dra. Fontes,audiência marcada para 23/05/2026,,
7577,1667591-67.2025.4.69.9424,31/01/2021,habilitação,Dra. Fontes,,,S
7578,8125196-18.2023.1.53.1215,15 de outubro de 2023,citação,Dr. Barros,audiência marcada para 31/10/26,,0
7579,5867457-18.2023.9.16.7298,27/10/22,citação,Dra. Cavalcante,Prazo fatal: 28/04/2026,28/08/2026,não
7580,7224257-29.2020.8.88.9110,12/07/22,audiência de instrução,Dr. Barros,diligência externa necessária,,não
7581,6101036-60.2022.7.49.3295,2025-05-30,recurso de apelação,dr. melo,audiência marcada para 2026-10-11,,1
7582,7786207-82.2024.2.92.5696,24/03/2020,laudo pericial,Dra Fontes,,2026-04-01,não
7583,9898363-27.2020.4.89.2966,12 de dezembro de 2022,sentença,Dr. Melo,documentos pendentes de entrega pelo cliente,,0
7584,4768255-51.2022.4.94.5695,2022-06-16,intimação,Dra Fontes,documentos pendentes de entrega pelo cliente,,S
7585,1964519-55.2020.7.58.6781,26/04/2026,sentença,dr. melo,audiência marcada para 22/10/2026,,1
7586,5660649-86.2020.5.86.9291,20/10/2020,contestação,Dra. Fontes,,,S
7587,7515318-25.2024.4.34.6280,08/03/22,réplica,Dra. Cavalcante,Prazo fatal: 19/11/26,,0
7588,3260101-88.2022.8.37.9169,22/07/24,citação,Dr. Melo,audiência marcada para 15/11/26,,N
7589,7486029-45.2024.4.25.3159,21/12/23,contestação,Dra. Cavalcante,diligência externa necessária,,N
7590,6254488-31.2024.9.48.3216,10/12/21,contestação,Dra Fontes,audiência marcada para 2026-08-26,,não
7591,7916680-90.2022.1.67.1785,2020-10-25,sentença,Dra. Cavalcante,prazo para recurso: 9 dias úteis a contar da intimação,,N
7592,3679963-72.2020.9.29.7859,6 de janeiro de 2026,agravo regimental,Dr. Barros,audiência marcada para 26 de agosto de 2026,,
7593,8368255-39.2020.9.60.4414,24/06/2023,petição inicial,Dra Fontes,Prazo fatal: 2026-10-16,,S
7594,4893809-11.2021.7.19.9759,22/12/2021,acordo extrajudicial,Dra Fontes,prazo para recurso: 9 dias úteis a contar da intimação,,S
7595,4768255-51.2022.4.94.5695,24/07/25,habilitação,Dr. Melo,Prazo fatal: 15/09/2026,,
7596,8588997-88.2020.6.29.5987,21/03/25,intimação,Dr. Barros,diligência externa necessária,21 de fevereiro de 2026,S
7597,7136189-41.2024.2.60.1768,2021-09-18,recurso de apelação,DRA. CAVALCANTE,aguardando manifestação da parte contrária,,N
7598,5058333-37.2021.3.98.8848,2020-01-29,citação,Dra. Fontes,Prazo fatal: 7 de agosto de 2026,,N
7599,9076234-78.2023.3.90.2702,28 de outubro de 2023,embargos de declaração,DRA. CAVALCANTE,juntada de documentos realizada,,1
7600,3395583-64.2024.4.41.2181,01/12/2021,petição inicial,Dr. Barros,diligência externa necessária,2 de setembro de 2026,
7601,8986773-71.2022.6.45.5854,25/03/2024,petição inicial,DRA. CAVALCANTE,prazo para recurso: 28 dias úteis a contar da intimação,,S
7602,5492622-29.2021.9.92.7737,9 de janeiro de 2022,sentença,Dr. Melo,juntada de documentos realizada,01/09/2026,sim
7603,8382607-83.2020.6.26.3936,07/11/2025,sentença,Dr. Melo,Prazo fatal: 18/08/26,22/02/2026,S
7604,6105303-92.2021.4.39.3868,18/07/2021,réplica,dr. melo,juntada de documentos realizada,,S
7605,5631823-61.2020.5.47.1440,16/02/20,sentença,Dra. Cavalcante,juntada de documentos realizada,2026-01-04,1
7606,1101935-78.2023.5.88.5299,02/07/2021,laudo pericial,dr. melo,audiência marcada para 2026-03-21,,não
7607,9252661-70.2020.1.46.1185,4 de julho de 2023,sentença,Dr. Barros,aguardando manifestação da parte contrária,31/01/26,0
7608,6686912-30.2025.4.68.7078,04/06/2024,embargos de declaração,dr. melo,audiência marcada para 20/09/26,31/07/26,0
7609,5545511-73.2023.1.66.9757,04/03/2025,contestação,dr. melo,diligência externa necessária,15/04/2026,sim
7610,1754781-28.2025.6.89.2162,04/01/2024,laudo pericial,DRA. CAVALCANTE,,,não
7611,9686751-57.2022.7.62.3494,26/08/21,acordo extrajudicial,Dr. Barros,audiência marcada para 2026-04-10,17/05/2026,
7612,4952151-27.2023.3.38.8762,24/11/2022,agravo regimental,Dr. Barros,audiência marcada para 2026-05-26,,S
7613,3924425-56.2021.9.58.2912,25/06/24,habilitação,Dr. Melo,Prazo fatal: 2026-05-12,2 de dezembro de 2026,sim
7614,8590346-68.2020.7.63.7780,28 de setembro de 2025,laudo pericial,Dra. Fontes,,,S
7615,9408522-77.2021.3.36.8376,2021-04-20,embargos de declaração,Dra. Cavalcante,diligência externa necessária,2026-06-03,
7616,1273300-90.2024.2.80.7378,28/10/2024,acordo extrajudicial,dr. melo,Prazo fatal: 05/08/26,11 de fevereiro de 2026,1
7617,8220628-15.2021.8.54.9077,20/08/2020,recurso de apelação,Dr. Melo,Prazo fatal: 08/03/2026,03/02/2026,S
7618,6370110-64.2022.3.52.8440,16/02/2025,contestação,DRA. CAVALCANTE,diligência externa necessária,,
7619,7486029-45.2024.4.25.3159,19/02/22,embargos de declaração,Dr. Barros,Prazo fatal: 22 de junho de 2026,04/08/26,0
7620,6944389-98.2023.1.72.8245,28 de agosto de 2023,citação,Dra. Cavalcante,documentos pendentes de entrega pelo cliente,,não
7621,3418432-84.2025.3.59.5858,18/04/26,despacho,Dr. Barros,prazo para recurso: 5 dias úteis a contar da intimação,,0
7622,9885734-21.2023.9.74.3450,28/06/21,acordo extrajudicial,Dr. Melo,prazo para recurso: 16 dias úteis a contar da intimação,2026-04-17,
7623,9398629-61.2022.5.88.8253,31/03/2024,memoriais,Dr. Barros,,,
7624,6992158-64.2024.5.43.7750,8 de julho de 2020,agravo regimental,DRA. CAVALCANTE,Prazo fatal: 25/04/2026,27/06/2026,0
7625,2019436-32.2020.6.16.9856,2021-01-07,agravo regimental,Dr. Melo,documentos pendentes de entrega pelo cliente,06/03/2026,não
7626,6445422-21.2020.5.39.8096,03/04/22,petição inicial,Dra. Cavalcante,juntada de documentos realizada,,N
7627,7941836-76.2025.4.34.6543,17/08/2025,sentença,dr. melo,aguardando manifestação da parte contrária,11/06/2026,S
7628,7640585-40.2023.1.57.1721,15 de junho de 2024,despacho,dr. melo,juntada de documentos realizada,,S
7629,7274275-74.2020.1.22.9780,25 de setembro de 2022,memoriais,Dra. Cavalcante,juntada de documentos realizada,,
7630,1896520-28.2021.5.90.5374,03/04/23,petição inicial,dr. melo,audiência marcada para 12 de julho de 2026,,
7631,9489806-94.2021.2.55.9162,22/05/21,despacho,Dr. Barros,prazo para recurso: 24 dias úteis a contar da intimação,2026-03-08,S
7632,3541821-31.2021.8.96.1927,21/10/24,petição inicial,DRA. CAVALCANTE,diligência externa necessária,,sim
7633,5631823-61.2020.5.47.1440,10/08/2021,embargos de declaração,DRA. CAVALCANTE,juntada de documentos realizada,,0
7634,4016576-41.2022.7.10.6952,01/04/26,intimação,DRA. CAVALCANTE,prazo para recurso: 14 dias úteis a contar da intimação,,S
7635,1116024-57.2025.8.16.4043,07/09/21,audiência de instrução,Dra. Cavalcante,prazo para recurso: 8 dias úteis a contar da intimação,,0
7636,9686751-57.2022.7.62.3494,18/05/2023,habilitação,Dra. Cavalcante,juntada de documentos realizada,,não
7637,2842764-33.2025.7.99.7279,07/01/2024,sentença,Dra. Cavalcante,Prazo fatal: 29 de junho de 2026,,não
7638,1273300-90.2024.2.80.7378,30/01/26,despacho,Dr. Melo,,,S
7639,2328070-99.2024.8.57.5561,27 de agosto de 2023,acordo extrajudicial,Dr. Barros,diligência externa necessária,,não
7640,5631823-61.2020.5.47.1440,2025-08-04,petição inicial,Dr. Barros,aguardando manifestação da parte contrária,10 de novembro de 2026,N
7641,1664676-19.2021.8.64.4616,2022-01-23,habilitação,Dra. Fontes,audiência marcada para 2026-10-17,2026-05-14,não
7642,8717678-27.2025.5.11.4526,2024-01-21,agravo regimental,Dr. Melo,diligência externa necessária,,sim
7643,2341370-92.2024.9.60.8122,04/07/2019,embargos de declaração,Dra. Fontes,diligência externa necessária,,0
7644,7951127-89.2024.1.63.3502,26/10/2023,petição inicial,Dr. Barros,documentos pendentes de entrega pelo cliente,,N
7645,8286828-70.2022.9.31.8012,8 de maio de 2022,memoriais,Dr. Melo,prazo para recurso: 26 dias úteis a contar da intimação,,0
7646,7115217-41.2025.1.67.7692,09/12/2020,agravo regimental,dr. melo,documentos pendentes de entrega pelo cliente,,S
7647,3263740-44.2022.3.81.5402,17/10/2024,réplica,Dr. Barros,,22/12/2026,N
7648,9057219-99.2020.9.96.3254,07/04/24,petição inicial,DRA. CAVALCANTE,,,S
7649,4433355-55.2023.8.48.9346,2020-02-13,sentença,Dr. Barros,prazo para recurso: 28 dias úteis a contar da intimação,,S
7650,1099617-37.2023.9.61.1793,2024-09-18,habilitação,Dr. Barros,aguardando manifestação da parte contrária,21 de janeiro de 2026,0
7651,4134515-43.2021.8.70.4879,11/05/25,réplica,Dra Fontes,aguardando manifestação da parte contrária,,
7652,6865513-17.2021.7.21.3938,24/05/25,contestação,Dra Fontes,documentos pendentes de entrega pelo cliente,,
7653,9057219-99.2020.9.96.3254,2022-03-14,petição inicial,DRA. CAVALCANTE,Prazo fatal: 2026-07-26,,S
7654,1445483-93.2023.1.61.7357,28/04/21,sentença,Dr. Barros,documentos pendentes de entrega pelo cliente,,não
7655,7848147-32.2021.6.58.3528,23/12/25,citação,Dr. Melo,prazo para recurso: 5 dias úteis a contar da intimação,,
7656,9824532-76.2023.6.37.2040,2021-02-10,acordo extrajudicial,Dr. Barros,audiência marcada para 20/09/26,,1
7657,6404948-40.2021.7.68.7161,26/07/2023,audiência de instrução,DRA. CAVALCANTE,juntada de documentos realizada,19/11/26,S
7658,2110878-87.2023.8.83.8978,28/01/26,sentença,Dr. Barros,audiência marcada para 28/12/2026,2026-10-07,
7659,5700249-43.2020.5.57.9341,2022-06-13,agravo regimental,Dr. Barros,aguardando manifestação da parte contrária,,sim
7660,5422047-80.2024.8.62.4364,2024-10-17,sentença,Dra. Cavalcante,diligência externa necessária,08/09/2026,1
7661,1735592-50.2022.9.87.5612,15 de abril de 2022,laudo pericial,Dr. Barros,documentos pendentes de entrega pelo cliente,24 de novembro de 2026,1
7662,6105303-92.2021.4.39.3868,2019-09-13,habilitação,Dra Fontes,audiência marcada para 2026-05-28,,não
7663,4384627-80.2021.2.13.1061,7 de março de 2026,acordo extrajudicial,dr. melo,prazo para recurso: 27 dias úteis a contar da intimação,,
7664,9062552-47.2024.4.22.8265,19/05/2020,citação,Dr. Melo,documentos pendentes de entrega pelo cliente,,sim
7665,6953559-38.2025.7.42.9212,2 de julho de 2025,audiência de instrução,Dra Fontes,aguardando manifestação da parte contrária,20/05/2026,sim
7666,3924425-56.2021.9.58.2912,14/09/2023,embargos de declaração,Dr. Melo,audiência marcada para 2026-11-15,24/03/2026,1
7667,4494463-44.2022.5.80.7542,23/12/2022,contestação,Dra. Cavalcante,juntada de documentos realizada,,sim
7668,5068524-45.2025.9.91.6906,2024-06-14,memoriais,Dr. Barros,audiência marcada para 2026-05-26,,não
7669,7381740-86.2021.2.88.6570,08/06/25,embargos de declaração,Dr. Barros,prazo para recurso: 13 dias úteis a contar da intimação,28 de junho de 2026,1
7670,1272937-41.2023.5.75.9958,22/06/23,agravo regimental,Dra Fontes,prazo para recurso: 27 dias úteis a contar da intimação,,N
7671,7789809-22.2020.1.73.9031,17 de abril de 2026,agravo regimental,Dr. Barros,,10/11/2026,
7672,7633905-83.2022.9.95.2309,2023-12-11,audiência de instrução,Dr. Barros,prazo para recurso: 20 dias úteis a contar da intimação,,sim
7673,4415624-13.2024.9.14.9480,13 de setembro de 2021,citação,dr. melo,Prazo fatal: 19 de agosto de 2026,2026-03-24,não
7674,7323234-16.2020.9.59.5035,17/11/2021,embargos de declaração,Dr. Melo,prazo para recurso: 15 dias úteis a contar da intimação,,
7675,3750497-13.2024.6.65.9009,2021-12-16,embargos de declaração,Dr. Barros,audiência marcada para 05/05/26,,não
7676,7223110-52.2024.2.44.8994,07/03/25,audiência de instrução,Dr. Melo,,,0
7677,2490107-19.2023.9.10.7930,29 de abril de 2026,acordo extrajudicial,Dr. Barros,audiência marcada para 24/05/26,15/02/2026,N
7678,6160516-66.2024.5.17.7150,23/03/21,sentença,dr. melo,documentos pendentes de entrega pelo cliente,,0
7679,3346094-93.2020.2.94.1759,10 de setembro de 2025,citação,DRA. CAVALCANTE,audiência marcada para 21/06/26,,N
7680,9970343-38.2020.5.18.4483,03/11/21,embargos de declaração,Dr. Melo,documentos pendentes de entrega pelo cliente,,sim
7681,9822459-92.2024.8.17.6403,23/07/24,embargos de declaração,DRA. CAVALCANTE,juntada de documentos realizada,28 de fevereiro de 2026,N
7682,4460247-99.2024.9.97.4840,09/03/2025,sentença,Dra. Cavalcante,diligência externa necessária,2026-10-05,
7683,2490107-19.2023.9.10.7930,9 de novembro de 2024,intimação,Dr. Barros,documentos pendentes de entrega pelo cliente,,sim
7684,8588997-88.2020.6.29.5987,21/01/2020,audiência de instrução,Dra. Fontes,prazo para recurso: 19 dias úteis a contar da intimação,2026-03-22,1
7685,3496733-55.2020.2.43.8503,19 de outubro de 2025,intimação,Dra. Fontes,audiência marcada para 20/12/2026,15 de março de 2026,sim
7686,1878000-50.2025.7.58.1197,12/02/2026,audiência de instrução,Dra. Cavalcante,prazo para recurso: 17 dias úteis a contar da intimação,,
7687,8415891-60.2021.6.92.5554,04/06/2024,despacho,Dr. Melo,audiência marcada para 2026-10-07,13/11/26,N
7688,1869144-23.2023.5.84.3325,30/09/22,contestação,Dr. Barros,documentos pendentes de entrega pelo cliente,,0
7689,7136189-41.2024.2.60.1768,2025-05-17,réplica,Dr. Barros,,,0
7690,7687292-20.2021.4.85.7539,2020-01-15,réplica,Dr. Barros,juntada de documentos realizada,,S
7691,6034606-21.2023.6.18.6684,20/02/26,habilitação,Dr. Barros,juntada de documentos realizada,,0
7692,8886588-26.2020.9.65.6361,21 de novembro de 2021,acordo extrajudicial,dr. melo,documentos pendentes de entrega pelo cliente,,não
7693,8220628-15.2021.8.54.9077,2025-06-08,recurso de apelação,Dra Fontes,,,N
7694,6865513-17.2021.7.21.3938,2023-09-23,contestação,Dra Fontes,juntada de documentos realizada,,sim
7695,7419280-60.2021.1.40.9417,16/06/22,contestação,DRA. CAVALCANTE,juntada de documentos realizada,,sim
7696,7323234-16.2020.9.59.5035,29 de janeiro de 2025,agravo regimental,Dra. Cavalcante,aguardando manifestação da parte contrária,,0
7697,8714773-70.2022.9.65.8541,07/08/2022,memoriais,Dra. Cavalcante,Prazo fatal: 2 de março de 2026,,S
7698,2236315-26.2022.5.82.8939,21/07/22,recurso de apelação,dr. melo,juntada de documentos realizada,,N
7699,8717678-27.2025.5.11.4526,2021-08-15,embargos de declaração,Dr. Melo,Prazo fatal: 17/08/26,2026-02-08,
7700,7323234-16.2020.9.59.5035,2025-12-05,sentença,Dra. Cavalcante,audiência marcada para 2026-05-17,,sim
7701,5316105-58.2020.3.22.3571,03/08/2025,laudo pericial,Dr. Melo,documentos pendentes de entrega pelo cliente,,não
7702,8415891-60.2021.6.92.5554,11/01/2020,agravo regimental,Dr. Barros,juntada de documentos realizada,,1
7703,4016576-41.2022.7.10.6952,2025-04-06,habilitação,Dr. Barros,prazo para recurso: 23 dias úteis a contar da intimação,,S
7704,5422047-80.2024.8.62.4364,2 de março de 2024,réplica,dr. melo,aguardando manifestação da parte contrária,18 de junho de 2026,sim
7705,3496733-55.2020.2.43.8503,26/08/24,contestação,Dr. Melo,,,N
7706,9992831-61.2022.4.35.1469,2021-02-06,laudo pericial,Dr. Barros,audiência marcada para 6 de agosto de 2026,,0
7707,6425355-10.2021.6.53.2041,2020-05-23,contestação,Dr. Melo,,03/10/2026,S
7708,4384627-80.2021.2.13.1061,10/12/2025,agravo regimental,Dr. Barros,diligência externa necessária,,N
7709,2294596-63.2020.6.38.9193,03/03/2024,acordo extrajudicial,Dra. Cavalcante,juntada de documentos realizada,,1
7710,7553290-31.2023.9.36.9282,1 de abril de 2020,despacho,Dra. Fontes,diligência externa necessária,,1
7711,5967836-10.2021.4.35.9671,23 de março de 2024,acordo extrajudicial,Dra. Cavalcante,prazo para recurso: 28 dias úteis a contar da intimação,16 de janeiro de 2026,S
7712,5953905-94.2022.5.44.3245,31/12/25,memoriais,Dr. Barros,Prazo fatal: 29/01/26,,S
7713,5747786-52.2023.7.30.3750,11/01/2020,citação,Dra. Cavalcante,Prazo fatal: 27/10/2026,,não
7714,8286382-50.2025.4.53.4414,25/12/2025,memoriais,Dra Fontes,,24/10/26,N
7715,8678370-92.2025.7.35.9962,2022-07-14,sentença,Dr. Barros,documentos pendentes de entrega pelo cliente,17/01/2026,0
7716,3679963-72.2020.9.29.7859,29 de janeiro de 2021,réplica,Dr. Melo,diligência externa necessária,,não
7717,9992831-61.2022.4.35.1469,2 de abril de 2021,acordo extrajudicial,Dr. Barros,Prazo fatal: 2026-01-28,,S
7718,9057960-29.2025.5.10.6072,09/01/2024,intimação,Dra. Fontes,juntada de documentos realizada,,0
7719,3724721-44.2021.9.75.5553,22 de junho de 2023,laudo pericial,DRA. CAVALCANTE,prazo para recurso: 12 dias úteis a contar da intimação,01/08/2026,N
7720,4065326-72.2025.8.58.5304,18/11/2022,memoriais,Dra. Fontes,juntada de documentos realizada,,não
7721,8381610-96.2020.6.26.2533,19 de setembro de 2019,sentença,Dra. Fontes,aguardando manifestação da parte contrária,2026-03-12,0
7722,2397582-22.2023.9.93.4223,2021-03-06,acordo extrajudicial,Dr. Melo,audiência marcada para 2026-12-13,,1
7723,5432782-56.2021.2.97.6240,24/08/21,acordo extrajudicial,dr. melo,aguardando manifestação da parte contrária,,não
7724,8678370-92.2025.7.35.9962,27 de janeiro de 2023,embargos de declaração,Dra. Cavalcante,juntada de documentos realizada,,sim
7725,7323234-16.2020.9.59.5035,25 de julho de 2022,intimação,Dr. Barros,prazo para recurso: 12 dias úteis a contar da intimação,1 de julho de 2026,N
7726,7640585-40.2023.1.57.1721,24/08/24,petição inicial,Dra. Cavalcante,audiência marcada para 16 de maio de 2026,10/12/2026,não
7727,7633905-83.2022.9.95.2309,11/07/2023,réplica,Dra. Cavalcante,aguardando manifestação da parte contrária,,N
7728,6686912-30.2025.4.68.7078,29 de setembro de 2019,contestação,Dr. Barros,documentos pendentes de entrega pelo cliente,,N
7729,7687351-51.2022.6.73.6768,23 de maio de 2022,audiência de instrução,DRA. CAVALCANTE,aguardando manifestação da parte contrária,2026-12-02,1
7730,1628717-84.2025.8.67.8313,21 de março de 2024,laudo pericial,Dr. Melo,Prazo fatal: 04/02/26,19 de junho de 2026,N
7731,6524227-53.2025.1.97.6214,24/01/21,embargos de declaração,Dra Fontes,diligência externa necessária,2026-08-14,1
7732,4417916-40.2022.7.26.4278,24 de setembro de 2025,citação,dr. melo,,,
7733,6368709-92.2024.7.99.9426,08/02/2020,audiência de instrução,dr. melo,prazo para recurso: 7 dias úteis a contar da intimação,,não
7734,7419280-60.2021.1.40.9417,07/11/21,acordo extrajudicial,Dr. Barros,audiência marcada para 3 de maio de 2026,23 de julho de 2026,sim
7735,8843990-84.2020.6.68.3017,26/05/2020,memoriais,Dr. Melo,prazo para recurso: 24 dias úteis a contar da intimação,1 de agosto de 2026,
7736,5747786-52.2023.7.30.3750,8 de fevereiro de 2019,audiência de instrução,Dr. Barros,prazo para recurso: 8 dias úteis a contar da intimação,,não
7737,4061044-97.2023.7.99.3676,23/05/2024,contestação,DRA. CAVALCANTE,aguardando manifestação da parte contrária,,S
7738,9636371-69.2025.8.67.4068,2024-04-21,habilitação,Dra. Fontes,diligência externa necessária,,não
7739,9071705-28.2021.9.78.4746,2026-01-28,memoriais,Dr. Barros,diligência externa necessária,,
7740,6334947-38.2020.4.71.6173,2020-01-17,habilitação,Dr. Barros,diligência externa necessária,29/09/2026,1
7741,2575202-50.2023.1.54.9627,26/06/25,audiência de instrução,Dra Fontes,,,0
7742,1438459-62.2020.7.78.3410,16 de dezembro de 2022,habilitação,dr. melo,juntada de documentos realizada,,1
7743,3542616-60.2022.3.87.6536,10 de agosto de 2021,intimação,Dr. Melo,prazo para recurso: 22 dias úteis a contar da intimação,24 de dezembro de 2026,não
7744,8630644-97.2025.3.28.1296,17 de setembro de 2022,habilitação,dr. melo,audiência marcada para 10/11/26,,N
7745,2519059-58.2022.7.86.4385,12/01/2025,citação,Dra. Fontes,Prazo fatal: 15/08/2026,5 de fevereiro de 2026,S
7746,7223110-52.2024.2.44.8994,24 de setembro de 2020,réplica,Dra. Cavalcante,documentos pendentes de entrega pelo cliente,,não
7747,6476769-27.2021.5.22.2570,30 de outubro de 2022,recurso de apelação,dr. melo,,,
7748,3766710-17.2025.4.91.1472,2023-07-22,embargos de declaração,Dr. Melo,,,não
7749,3248366-98.2020.5.11.6279,10/04/21,habilitação,dr. melo,documentos pendentes de entrega pelo cliente,,1
7750,5788467-41.2023.8.93.8134,23/04/22,citação,dr. melo,diligência externa necessária,21 de fevereiro de 2026,sim
7751,5483975-50.2024.8.92.4422,29/06/22,embargos de declaração,Dr. Barros,Prazo fatal: 20/06/26,,1
7752,5850223-43.2020.3.81.3185,2020-07-03,audiência de instrução,Dr. Barros,,,sim
7753,5159219-49.2023.5.25.3676,22/11/23,recurso de apelação,Dra Fontes,juntada de documentos realizada,,0
7754,1614850-25.2020.8.85.3161,23 de janeiro de 2025,memoriais,DRA. CAVALCANTE,prazo para recurso: 26 dias úteis a contar da intimação,,1
7755,5625093-80.2022.9.16.6618,10/09/19,laudo pericial,Dr. Barros,prazo para recurso: 17 dias úteis a contar da intimação,,0
7756,8382607-83.2020.6.26.3936,27/09/22,contestação,DRA. CAVALCANTE,juntada de documentos realizada,,0
7757,7323234-16.2020.9.59.5035,15 de junho de 2020,agravo regimental,Dra. Fontes,diligência externa necessária,,N
7758,5966644-82.2023.4.88.9951,24/02/23,citação,DRA. CAVALCANTE,juntada de documentos realizada,24 de março de 2026,S
7759,1878000-50.2025.7.58.1197,15/11/2024,habilitação,Dr. Barros,audiência marcada para 24/03/26,,não
7760,4452862-76.2021.3.27.3238,19/01/2024,habilitação,Dra. Cavalcante,prazo para recurso: 20 dias úteis a contar da intimação,06/01/26,N
7761,1099617-37.2023.9.61.1793,13/03/20,citação,Dr. Barros,,,1
7762,3306375-34.2024.9.48.9154,2023-03-15,habilitação,Dra. Fontes,Prazo fatal: 2026-05-02,,S
7763,8129073-22.2024.4.16.9656,24/07/20,habilitação,Dra. Fontes,audiência marcada para 2026-04-03,,0
7764,4314934-26.2021.7.14.7244,31 de janeiro de 2021,agravo regimental,Dra Fontes,audiência marcada para 2026-07-13,,N
7765,3263740-44.2022.3.81.5402,6 de outubro de 2022,recurso de apelação,Dra. Cavalcante,audiência marcada para 21/04/26,,0
7766,5266269-78.2021.7.59.1392,05/12/25,embargos de declaração,Dra. Cavalcante,Prazo fatal: 2026-05-22,,N
7767,8306601-19.2020.3.50.7457,10 de julho de 2024,habilitação,Dr. Barros,juntada de documentos realizada,04/08/26,S
7768,9110060-16.2025.2.29.4716,6 de novembro de 2023,intimação,DRA. CAVALCANTE,,,S
7769,2753004-76.2021.8.83.9874,19 de julho de 2020,intimação,Dr. Melo,juntada de documentos realizada,,S
7770,9885734-21.2023.9.74.3450,04/04/2024,intimação,Dr. Barros,audiência marcada para 07/12/2026,31 de janeiro de 2026,N
7771,8607512-63.2021.6.82.1039,23/06/20,habilitação,Dr. Barros,,29/06/26,N
7772,5239450-56.2022.7.99.2371,23/08/2021,audiência de instrução,Dr. Barros,Prazo fatal: 24/01/26,,não
7773,9824532-76.2023.6.37.2040,26 de outubro de 2022,contestação,Dr. Barros,prazo para recurso: 24 dias úteis a contar da intimação,18/06/2026,1
7774,3724721-44.2021.9.75.5553,13 de julho de 2024,intimação,Dra. Cavalcante,,,
7775,3464073-25.2022.8.73.5075,15/12/2025,intimação,Dra Fontes,documentos pendentes de entrega pelo cliente,,sim
7776,8843195-99.2024.6.39.2836,2023-07-12,réplica,Dra. Cavalcante,Prazo fatal: 15 de setembro de 2026,28/08/26,não
7777,5112941-62.2021.1.89.5887,21/07/2024,contestação,Dr. Melo,audiência marcada para 2 de novembro de 2026,,não
7778,7813974-60.2021.1.81.1542,05/06/2023,intimação,Dra. Fontes,prazo para recurso: 26 dias úteis a contar da intimação,,não
7779,1621418-87.2020.9.55.9337,31/03/26,réplica,Dra Fontes,prazo para recurso: 16 dias úteis a contar da intimação,,0
7780,5786762-52.2021.9.21.3037,09/04/20,citação,Dr. Melo,audiência marcada para 11 de setembro de 2026,,1
7781,5733649-38.2020.2.35.3379,03/07/2020,citação,DRA. CAVALCANTE,diligência externa necessária,19/07/2026,N
7782,4180949-86.2020.3.26.7593,12/10/2023,despacho,Dr. Barros,prazo para recurso: 11 dias úteis a contar da intimação,21 de maio de 2026,sim
7783,6260319-38.2024.8.96.1114,16/04/2020,contestação,Dra. Fontes,documentos pendentes de entrega pelo cliente,,S
7784,8168450-48.2020.2.65.4570,2023-10-02,laudo pericial,Dr. Barros,,,não
7785,5661974-14.2020.6.39.3137,2025-09-30,laudo pericial,Dr. Melo,prazo para recurso: 22 dias úteis a contar da intimação,,S
7786,2267110-24.2021.5.78.6025,2024-02-26,agravo regimental,Dra. Fontes,Prazo fatal: 4 de novembro de 2026,,
7787,7633905-83.2022.9.95.2309,23/08/2020,sentença,Dr. Melo,Prazo fatal: 14 de fevereiro de 2026,2026-07-03,N
7788,5432782-56.2021.2.97.6240,11/05/2021,intimação,Dr. Barros,aguardando manifestação da parte contrária,8 de junho de 2026,
7789,3263740-44.2022.3.81.5402,07/03/24,audiência de instrução,dr. melo,juntada de documentos realizada,,não
7790,3585301-47.2021.7.73.3469,23/12/22,citação,DRA. CAVALCANTE,audiência marcada para 2026-09-12,,N
7791,4415624-13.2024.9.14.9480,9 de novembro de 2022,citação,Dra. Fontes,aguardando manifestação da parte contrária,,S
7792,8220628-15.2021.8.54.9077,2019-12-05,citação,Dra. Fontes,documentos pendentes de entrega pelo cliente,,não
7793,6416661-36.2021.8.21.8496,14/01/2025,réplica,Dr. Barros,prazo para recurso: 20 dias úteis a contar da intimação,,não
7794,2753004-76.2021.8.83.9874,4 de outubro de 2022,despacho,Dra. Cavalcante,audiência marcada para 22/11/26,,não
7795,1237577-83.2022.8.91.4649,2024-03-15,intimação,Dra. Fontes,Prazo fatal: 30/11/26,,1
7796,2191287-57.2021.1.18.8228,08/04/2024,audiência de instrução,DRA. CAVALCANTE,documentos pendentes de entrega pelo cliente,15/10/2026,N
7797,3542616-60.2022.3.87.6536,2022-10-02,sentença,Dra. Cavalcante,juntada de documentos realizada,28/01/26,N
7798,1896520-28.2021.5.90.5374,1 de abril de 2021,agravo regimental,Dra. Fontes,Prazo fatal: 10/01/2026,11/06/2026,não
7799,2112478-55.2024.2.51.9095,2023-10-21,petição inicial,Dr. Melo,aguardando manifestação da parte contrária,,N
7800,7245951-43.2021.4.11.7623,2024-04-10,agravo regimental,Dra Fontes,,,0
7801,5266269-78.2021.7.59.1392,09/03/24,recurso de apelação,Dr. Barros,documentos pendentes de entrega pelo cliente,,0
7802,9057960-29.2025.5.10.6072,17 de setembro de 2022,audiência de instrução,dr. melo,diligência externa necessária,,0
7803,3346094-93.2020.2.94.1759,9 de março de 2019,petição inicial,DRA. CAVALCANTE,,,1
7804,4134515-43.2021.8.70.4879,26 de setembro de 2022,sentença,Dra Fontes,juntada de documentos realizada,,1
7805,3922248-27.2025.1.42.4047,15 de setembro de 2021,agravo regimental,Dra. Fontes,audiência marcada para 24/06/26,22/01/26,1
7806,9319285-35.2025.3.19.9131,08/03/2022,sentença,Dr. Barros,juntada de documentos realizada,,1
7807,6944389-98.2023.1.72.8245,21/04/2024,recurso de apelação,DRA. CAVALCANTE,documentos pendentes de entrega pelo cliente,,não
7808,9062552-47.2024.4.22.8265,25/10/23,agravo regimental,Dr. Melo,documentos pendentes de entrega pelo cliente,,sim
7809,5733649-38.2020.2.35.3379,8 de abril de 2022,petição inicial,Dra Fontes,diligência externa necessária,18 de janeiro de 2026,sim
7810,3750497-13.2024.6.65.9009,2024-04-23,agravo regimental,Dra. Fontes,diligência externa necessária,,1
7811,7941836-76.2025.4.34.6543,2020-11-16,contestação,DRA. CAVALCANTE,,,1
7812,4202942-75.2025.6.91.7611,31/01/20,acordo extrajudicial,Dra. Cavalcante,diligência externa necessária,,não
7813,9168044-67.2022.1.26.3054,15/10/20,memoriais,Dra. Fontes,prazo para recurso: 5 dias úteis a contar da intimação,,1
7814,2461262-96.2021.6.48.1315,2024-03-31,embargos de declaração,dr. melo,juntada de documentos realizada,2026-06-23,não
7815,5733649-38.2020.2.35.3379,2021-07-14,réplica,Dr. Barros,juntada de documentos realizada,04/05/2026,N
7816,6105303-92.2021.4.39.3868,30/03/2025,embargos de declaração,Dr. Barros,aguardando manifestação da parte contrária,,S
7817,5472823-70.2022.4.41.7624,04/12/2023,acordo extrajudicial,Dra. Fontes,,2026-09-11,N
7818,2575202-50.2023.1.54.9627,2024-11-03,agravo regimental,Dra. Cavalcante,Prazo fatal: 05/02/26,,
7819,4961530-22.2021.4.22.6290,31/12/2025,embargos de declaração,Dr. Barros,Prazo fatal: 29/12/26,,0
7820,6927716-18.2022.9.56.1445,2019-06-10,citação,Dra. Fontes,audiência marcada para 07/07/26,,N
7821,4314934-26.2021.7.14.7244,19/02/24,embargos de declaração,dr. melo,,,não
7822,8381610-96.2020.6.26.2533,28/12/22,despacho,DRA. CAVALCANTE,prazo para recurso: 11 dias úteis a contar da intimação,,0
7823,9885734-21.2023.9.74.3450,3 de janeiro de 2025,réplica,Dr. Barros,,12/06/2026,não
7824,3675188-38.2025.9.53.3305,2022-02-15,acordo extrajudicial,Dra. Cavalcante,prazo para recurso: 13 dias úteis a contar da intimação,,N
7825,1778149-24.2023.1.86.3557,24 de julho de 2023,contestação,Dra. Fontes,diligência externa necessária,,não
7826,2019436-32.2020.6.16.9856,1 de abril de 2025,laudo pericial,dr. melo,documentos pendentes de entrega pelo cliente,,
7827,1735592-50.2022.9.87.5612,2021-07-30,recurso de apelação,Dra Fontes,audiência marcada para 09/10/26,,sim
7828,8749473-21.2020.4.12.9144,17 de novembro de 2020,sentença,Dr. Barros,documentos pendentes de entrega pelo cliente,,sim
7829,9076234-78.2023.3.90.2702,2023-03-02,recurso de apelação,Dr. Barros,juntada de documentos realizada,,não
7830,8892606-62.2022.2.87.2168,26 de dezembro de 2023,sentença,Dra. Fontes,prazo para recurso: 9 dias úteis a contar da intimação,23/11/2026,S
7831,4016576-41.2022.7.10.6952,07/06/21,sentença,Dra Fontes,juntada de documentos realizada,,N
7832,9214397-26.2023.4.18.6844,2020-12-29,acordo extrajudicial,Dra Fontes,juntada de documentos realizada,12/12/2026,1
7833,7381740-86.2021.2.88.6570,12/02/20,agravo regimental,Dra Fontes,juntada de documentos realizada,,1
7834,3585301-47.2021.7.73.3469,4 de dezembro de 2023,audiência de instrução,dr. melo,,,S
7835,4507711-38.2024.2.34.4732,23/04/25,intimação,Dr. Barros,diligência externa necessária,,S
7836,8062805-72.2022.1.22.8771,10/01/24,sentença,Dr. Barros,diligência externa necessária,,N
7837,3821719-15.2025.2.86.2518,12/05/2021,petição inicial,Dra. Cavalcante,prazo para recurso: 19 dias úteis a contar da intimação,,sim
7838,5068524-45.2025.9.91.6906,25/10/21,memoriais,Dra Fontes,audiência marcada para 06/04/26,,1
7839,3675188-38.2025.9.53.3305,07/08/22,sentença,DRA. CAVALCANTE,,,
7840,3260101-88.2022.8.37.9169,31/08/2022,habilitação,Dra. Fontes,audiência marcada para 2026-07-14,,1
7841,6944389-98.2023.1.72.8245,18 de janeiro de 2021,citação,Dra Fontes,audiência marcada para 19 de novembro de 2026,04/02/26,N
7842,7438163-48.2021.3.47.1186,2020-07-20,recurso de apelação,Dr. Barros,prazo para recurso: 27 dias úteis a contar da intimação,,S
7843,7848147-32.2021.6.58.3528,2022-04-24,audiência de instrução,Dr. Barros,diligência externa necessária,25/02/2026,sim
7844,1311508-84.2020.3.38.8512,29 de janeiro de 2021,réplica,dr. melo,audiência marcada para 9 de março de 2026,,N
7845,4326518-76.2023.4.36.8530,2024-10-17,sentença,Dra Fontes,juntada de documentos realizada,,não
7846,1615190-23.2022.2.42.6238,29 de abril de 2026,agravo regimental,Dr. Melo,audiência marcada para 08/12/26,,sim
7847,5159219-49.2023.5.25.3676,1 de novembro de 2023,contestação,Dr. Barros,audiência marcada para 27/04/2026,,S
7848,3588109-63.2023.1.26.4223,10/12/21,citação,dr. melo,juntada de documentos realizada,,0
7849,5492622-29.2021.9.92.7737,9 de abril de 2021,sentença,DRA. CAVALCANTE,Prazo fatal: 29/07/2026,,S
7850,7951127-89.2024.1.63.3502,2024-03-30,acordo extrajudicial,Dra. Fontes,prazo para recurso: 26 dias úteis a contar da intimação,,não
7851,2480014-80.2024.2.29.9847,2024-02-26,acordo extrajudicial,Dr. Barros,Prazo fatal: 01/12/2026,24 de março de 2026,S
7852,7626521-25.2020.9.17.3305,07/02/2019,petição inicial,Dr. Melo,Prazo fatal: 2026-04-14,,N
7853,1438459-62.2020.7.78.3410,24/05/2025,laudo pericial,dr. melo,prazo para recurso: 24 dias úteis a contar da intimação,,não
7854,7515318-25.2024.4.34.6280,2021-11-23,contestação,Dr. Melo,audiência marcada para 2026-08-21,,0
7855,8381610-96.2020.6.26.2533,30/08/21,contestação,Dra. Fontes,Prazo fatal: 26/08/2026,,1
7856,5755257-93.2020.8.44.2882,20/03/25,habilitação,Dr. Barros,prazo para recurso: 23 dias úteis a contar da intimação,,S
7857,5786762-52.2021.9.21.3037,14/08/2022,sentença,Dr. Barros,audiência marcada para 20 de setembro de 2026,9 de novembro de 2026,1
7858,1013314-48.2023.4.39.2083,2026-01-28,intimação,Dr. Barros,juntada de documentos realizada,,não
7859,7419280-60.2021.1.40.9417,2024-10-03,recurso de apelação,Dra Fontes,diligência externa necessária,,S
7860,4090182-95.2021.1.57.7189,10/01/2022,recurso de apelação,Dra Fontes,audiência marcada para 2026-04-22,,0
7861,6053412-12.2021.6.72.8346,28/12/2023,intimação,Dr. Barros,,,
7862,1311508-84.2020.3.38.8512,27/12/22,citação,Dr. Melo,audiência marcada para 2026-06-16,,S
7863,2328070-99.2024.8.57.5561,16/08/21,memoriais,Dra. Cavalcante,diligência externa necessária,13/02/26,S
7864,6038940-61.2024.4.64.6408,16/09/2025,habilitação,Dr. Barros,audiência marcada para 24/09/2026,,não
7865,5826200-20.2025.1.91.8748,21/07/20,intimação,Dr. Barros,,,0
7866,7848147-32.2021.6.58.3528,11 de janeiro de 2020,sentença,Dr. Barros,aguardando manifestação da parte contrária,,N
7867,6524227-53.2025.1.97.6214,8 de novembro de 2025,despacho,Dr. Barros,,26/03/2026,
7868,4016576-41.2022.7.10.6952,15/05/2021,habilitação,dr. melo,documentos pendentes de entrega pelo cliente,,0
7869,8714773-70.2022.9.65.8541,20 de setembro de 2019,audiência de instrução,dr. melo,prazo para recurso: 18 dias úteis a contar da intimação,,S
7870,1742202-63.2023.6.68.9372,11/01/23,embargos de declaração,dr. melo,documentos pendentes de entrega pelo cliente,,sim
7871,6836135-90.2022.9.37.5643,20/11/20,contestação,Dr. Melo,documentos pendentes de entrega pelo cliente,,
7872,3306375-34.2024.9.48.9154,2022-08-24,laudo pericial,DRA. CAVALCANTE,diligência externa necessária,11 de fevereiro de 2026,S
7873,1778149-24.2023.1.86.3557,17/07/24,intimação,Dr. Barros,Prazo fatal: 07/03/26,,
7874,1621418-87.2020.9.55.9337,2021-06-06,audiência de instrução,Dra. Fontes,audiência marcada para 15/10/26,,não
7875,1667591-67.2025.4.69.9424,04/10/20,sentença,DRA. CAVALCANTE,aguardando manifestação da parte contrária,,N
7876,9953454-93.2020.2.52.5723,02/03/24,intimação,Dra Fontes,prazo para recurso: 8 dias úteis a contar da intimação,,N
7877,3576390-15.2021.2.82.8209,2023-04-02,habilitação,Dr. Barros,,,0
7878,2554938-48.2024.1.13.4544,17/09/2023,laudo pericial,Dra. Cavalcante,,10/08/26,não
7879,7724543-49.2023.9.44.7412,2021-12-18,recurso de apelação,DRA. CAVALCANTE,audiência marcada para 29/10/26,,0
7880,6836135-90.2022.9.37.5643,08/01/20,contestação,Dr. Barros,prazo para recurso: 7 dias úteis a contar da intimação,06/06/2026,sim
7881,5660649-86.2020.5.86.9291,19/07/22,petição inicial,Dr. Barros,Prazo fatal: 06/01/26,,1
7882,2824928-33.2020.1.90.6467,21 de agosto de 2021,despacho,Dra. Fontes,,27/03/2026,N
7883,5788467-41.2023.8.93.8134,19/04/2022,réplica,DRA. CAVALCANTE,Prazo fatal: 21 de janeiro de 2026,,N
7884,3376786-12.2020.7.64.5093,16 de junho de 2024,sentença,Dra. Cavalcante,documentos pendentes de entrega pelo cliente,,sim
7885,3376786-12.2020.7.64.5093,29/04/2020,memoriais,DRA. CAVALCANTE,prazo para recurso: 7 dias úteis a contar da intimação,22/05/26,1
7886,5545511-73.2023.1.66.9757,2024-12-22,sentença,dr. melo,,,S
7887,8986773-71.2022.6.45.5854,25/10/2024,petição inicial,DRA. CAVALCANTE,prazo para recurso: 22 dias úteis a contar da intimação,04/03/2026,sim
7888,5144296-22.2022.4.87.9648,24 de setembro de 2020,despacho,Dr. Melo,aguardando manifestação da parte contrária,21/09/2026,S
7889,7223110-52.2024.2.44.8994,26 de setembro de 2023,laudo pericial,Dr. Melo,juntada de documentos realizada,,S
7890,2575202-50.2023.1.54.9627,17 de junho de 2020,agravo regimental,Dra. Cavalcante,aguardando manifestação da parte contrária,16 de novembro de 2026,
7891,9835331-11.2022.6.15.8602,2021-05-13,acordo extrajudicial,Dra. Fontes,diligência externa necessária,,S
7892,7136189-41.2024.2.60.1768,2022-11-29,intimação,Dra. Cavalcante,audiência marcada para 02/12/26,,sim
7893,5483975-50.2024.8.92.4422,2025-08-13,réplica,Dra. Cavalcante,documentos pendentes de entrega pelo cliente,,
7894,3879233-61.2024.5.30.1494,20/03/23,réplica,Dra. Cavalcante,audiência marcada para 05/07/26,,sim
7895,1098476-20.2021.1.47.3336,2022-08-24,petição inicial,Dr. Barros,Prazo fatal: 03/12/2026,21 de agosto de 2026,não
7896,3924425-56.2021.9.58.2912,25/06/2024,réplica,Dr. Barros,Prazo fatal: 20/02/26,,1
7897,6953559-38.2025.7.42.9212,2023-05-08,contestação,Dr. Melo,prazo para recurso: 21 dias úteis a contar da intimação,31 de agosto de 2026,
7898,2519059-58.2022.7.86.4385,18/11/25,réplica,DRA. CAVALCANTE,documentos pendentes de entrega pelo cliente,,1
7899,4433355-55.2023.8.48.9346,2021-03-17,sentença,Dra. Fontes,prazo para recurso: 7 dias úteis a contar da intimação,12/08/26,N
7900,4131852-60.2020.1.89.9739,9 de abril de 2025,contestação,Dr. Barros,aguardando manifestação da parte contrária,,0
7901,7979033-26.2021.6.18.1084,10/09/22,contestação,dr. melo,audiência marcada para 03/05/2026,,não
7902,8886588-26.2020.9.65.6361,18/06/22,despacho,Dra Fontes,diligência externa necessária,,N
7903,4415624-13.2024.9.14.9480,2020-02-26,habilitação,Dra. Cavalcante,documentos pendentes de entrega pelo cliente,,N
7904,8168054-14.2024.6.50.1232,13/04/2025,audiência de instrução,dr. melo,prazo para recurso: 23 dias úteis a contar da intimação,,não
7905,5289264-48.2020.4.41.6347,24 de maio de 2021,habilitação,Dra. Fontes,audiência marcada para 21 de outubro de 2026,,
7906,1013314-48.2023.4.39.2083,07/08/22,agravo regimental,Dr. Melo,juntada de documentos realizada,,
7907,3750497-13.2024.6.65.9009,20/10/2021,acordo extrajudicial,DRA. CAVALCANTE,,,N
7908,9408522-77.2021.3.36.8376,25/11/23,citação,Dr. Barros,,,1
7909,2186433-37.2022.2.12.4344,09/09/2021,laudo pericial,DRA. CAVALCANTE,prazo para recurso: 25 dias úteis a contar da intimação,,1
7910,5316105-58.2020.3.22.3571,5 de março de 2020,embargos de declaração,Dr. Barros,audiência marcada para 15 de abril de 2026,2026-12-17,sim
7911,3168718-77.2025.2.92.8027,2024-12-13,intimação,Dr. Barros,diligência externa necessária,,0
7912,1098476-20.2021.1.47.3336,23/07/21,audiência de instrução,Dra. Fontes,prazo para recurso: 24 dias úteis a contar da intimação,18 de março de 2026,0
7913,3464073-25.2022.8.73.5075,24/04/2020,petição inicial,Dra. Fontes,,13 de maio de 2026,sim
7914,1099617-37.2023.9.61.1793,09/09/23,sentença,Dra. Cavalcante,aguardando manifestação da parte contrária,,S
7915,5124342-11.2025.5.50.6107,11/08/25,memoriais,Dra. Fontes,Prazo fatal: 2026-06-26,,S
7916,5850223-43.2020.3.81.3185,29/12/2022,agravo regimental,DRA. CAVALCANTE,prazo para recurso: 16 dias úteis a contar da intimação,,S
7917,6416661-36.2021.8.21.8496,23/10/2022,petição inicial,Dra. Cavalcante,documentos pendentes de entrega pelo cliente,,
7918,1353022-94.2023.9.79.1203,24/04/20,acordo extrajudicial,dr. melo,Prazo fatal: 12/08/2026,,N
7919,9774395-92.2023.2.75.3192,29 de dezembro de 2023,agravo regimental,Dra Fontes,Prazo fatal: 15 de dezembro de 2026,,não
7920,2837371-36.2022.7.88.5428,2023-12-26,sentença,Dr. Melo,prazo para recurso: 25 dias úteis a contar da intimação,,sim
7921,4417916-40.2022.7.26.4278,4 de setembro de 2021,petição inicial,dr. melo,diligência externa necessária,,sim
7922,8886588-26.2020.9.65.6361,6 de novembro de 2024,intimação,dr. melo,aguardando manifestação da parte contrária,29/09/2026,sim
7923,1602496-64.2022.5.79.8340,14/12/2023,sentença,Dr. Barros,audiência marcada para 2026-06-03,,não
7924,8936104-83.2022.1.39.7934,25 de janeiro de 2020,agravo regimental,Dr. Barros,juntada de documentos realizada,,S
7925,8215015-64.2021.5.32.1893,27/04/26,audiência de instrução,Dr. Barros,diligência externa necessária,,S
7926,3679963-72.2020.9.29.7859,06/01/21,citação,DRA. CAVALCANTE,audiência marcada para 18/04/2026,,S
7927,1714231-74.2025.9.71.1697,01/10/20,sentença,Dr. Melo,prazo para recurso: 8 dias úteis a contar da intimação,,1
7928,9108785-98.2021.3.78.6687,27 de maio de 2024,contestação,Dra Fontes,aguardando manifestação da parte contrária,,
7929,5068524-45.2025.9.91.6906,28/01/2024,sentença,Dr. Barros,diligência externa necessária,,
7930,5853247-29.2020.7.62.8870,1 de fevereiro de 2021,agravo regimental,dr. melo,juntada de documentos realizada,,
7931,2632721-15.2024.7.90.9593,14 de outubro de 2022,agravo regimental,Dr. Barros,documentos pendentes de entrega pelo cliente,,0
7932,6476769-27.2021.5.22.2570,22/02/23,recurso de apelação,Dra. Fontes,diligência externa necessária,19/09/26,sim
7933,2397582-22.2023.9.93.4223,27/01/25,intimação,dr. melo,prazo para recurso: 17 dias úteis a contar da intimação,,sim
7934,8843990-84.2020.6.68.3017,02/03/2024,réplica,Dr. Melo,,,S
7935,2895065-46.2022.7.67.1438,2022-03-17,recurso de apelação,Dra. Cavalcante,juntada de documentos realizada,,S
7936,7115217-41.2025.1.67.7692,8 de abril de 2026,memoriais,DRA. CAVALCANTE,documentos pendentes de entrega pelo cliente,09/10/26,não
7937,2016341-89.2023.7.48.2724,17/12/2023,embargos de declaração,DRA. CAVALCANTE,,3 de dezembro de 2026,não
7938,6036037-32.2025.3.53.7515,15/08/2023,réplica,Dra. Cavalcante,audiência marcada para 25 de abril de 2026,,sim
7939,7486138-99.2020.5.81.4332,04/05/2022,audiência de instrução,Dra. Fontes,prazo para recurso: 26 dias úteis a contar da intimação,,S
7940,8323566-47.2021.3.26.4644,20/10/2021,memoriais,dr. melo,,14/01/26,S
7941,9168044-67.2022.1.26.3054,25/11/19,agravo regimental,Dr. Melo,diligência externa necessária,20/04/26,1
7942,8215015-64.2021.5.32.1893,28/08/2025,sentença,Dr. Barros,,,sim
7943,4229107-99.2020.7.61.3978,2024-12-06,contestação,Dra Fontes,prazo para recurso: 21 dias úteis a contar da intimação,,N
7944,2341370-92.2024.9.60.8122,29/02/2020,contestação,dr. melo,prazo para recurso: 30 dias úteis a contar da intimação,,S
7945,8183950-10.2021.5.84.9388,11 de novembro de 2023,réplica,Dr. Barros,,12/07/2026,
7946,8590346-68.2020.7.63.7780,14/07/2020,sentença,Dra. Cavalcante,Prazo fatal: 04/03/26,29 de agosto de 2026,sim
7947,8735892-74.2025.8.18.9411,2020-05-18,sentença,Dr. Barros,audiência marcada para 2 de abril de 2026,,
7948,7749444-78.2021.1.20.8763,24 de janeiro de 2020,sentença,Dra Fontes,,,S
7949,5850223-43.2020.3.81.3185,2021-12-22,acordo extrajudicial,Dr. Barros,Prazo fatal: 05/04/26,,sim
7950,5214684-96.2020.6.84.9986,2026-04-13,recurso de apelação,Dr. Barros,,,S
7951,4090182-95.2021.1.57.7189,2021-07-09,memoriais,dr. melo,juntada de documentos realizada,,1
7952,6927716-18.2022.9.56.1445,6 de setembro de 2020,petição inicial,Dr. Melo,juntada de documentos realizada,02/10/2026,sim
7953,2316290-44.2022.7.34.5190,21 de novembro de 2024,habilitação,Dr. Melo,prazo para recurso: 13 dias úteis a contar da intimação,2026-04-08,sim
7954,9824532-76.2023.6.37.2040,2025-05-05,audiência de instrução,Dr. Melo,aguardando manifestação da parte contrária,,S
7955,5660649-86.2020.5.86.9291,22/10/20,embargos de declaração,Dra. Fontes,diligência externa necessária,,0
7956,6368709-92.2024.7.99.9426,2022-08-12,audiência de instrução,Dr. Barros,juntada de documentos realizada,4 de novembro de 2026,N
7957,1095980-10.2020.7.77.8313,2022-06-01,despacho,Dr. Barros,prazo para recurso: 7 dias úteis a contar da intimação,,0
7958,7820540-78.2023.1.75.4823,31 de julho de 2020,acordo extrajudicial,Dra. Cavalcante,juntada de documentos realizada,,N
7959,3395583-64.2024.4.41.2181,29/12/2024,réplica,Dra. Fontes,documentos pendentes de entrega pelo cliente,04/10/2026,
7960,6425355-10.2021.6.53.2041,17 de fevereiro de 2020,acordo extrajudicial,Dr. Barros,aguardando manifestação da parte contrária,18/09/2026,0
7961,3505690-87.2020.8.52.6260,26/06/2024,embargos de declaração,Dra. Cavalcante,,16/06/26,1
7962,9168044-67.2022.1.26.3054,2022-10-26,despacho,DRA. CAVALCANTE,prazo para recurso: 26 dias úteis a contar da intimação,28/07/2026,
7963,8382607-83.2020.6.26.3936,19 de julho de 2022,petição inicial,dr. melo,,8 de novembro de 2026,0
7964,2186433-37.2022.2.12.4344,25/08/2025,agravo regimental,Dra Fontes,aguardando manifestação da parte contrária,,não
7965,5074974-98.2023.8.21.9881,29/04/23,petição inicial,Dr. Melo,documentos pendentes de entrega pelo cliente,,não
7966,7553290-31.2023.9.36.9282,24 de março de 2020,réplica,Dra Fontes,aguardando manifestação da parte contrária,,
7967,5788467-41.2023.8.93.8134,10/09/2020,contestação,Dra. Fontes,documentos pendentes de entrega pelo cliente,21/07/26,não
7968,1742202-63.2023.6.68.9372,2023-06-17,despacho,Dr. Barros,documentos pendentes de entrega pelo cliente,,não
7969,1024421-54.2022.9.20.2563,2024-02-13,intimação,dr. melo,aguardando manifestação da parte contrária,,S
7970,2316290-44.2022.7.34.5190,14/05/22,laudo pericial,dr. melo,audiência marcada para 2026-10-06,03/08/26,
7971,1966014-66.2022.7.82.2137,11/11/19,citação,Dr. Barros,,14/04/26,sim
7972,6992158-64.2024.5.43.7750,27/09/2023,contestação,Dr. Barros,Prazo fatal: 30/08/26,,1
7973,4824419-32.2024.5.47.3265,21 de outubro de 2024,habilitação,Dra. Cavalcante,juntada de documentos realizada,,sim
7974,7765112-69.2024.9.62.5648,2024-05-26,réplica,Dr. Barros,Prazo fatal: 17 de abril de 2026,,0
7975,8677980-28.2024.9.94.6552,01/05/21,citação,Dra. Cavalcante,,,não
7976,5284129-51.2020.3.32.5205,04/10/25,habilitação,Dr. Barros,audiência marcada para 27/06/2026,,não
7977,2842764-33.2025.7.99.7279,14/05/20,petição inicial,DRA. CAVALCANTE,documentos pendentes de entrega pelo cliente,,1
7978,4507711-38.2024.2.34.4732,25/02/2021,intimação,DRA. CAVALCANTE,,,sim
7979,8714773-70.2022.9.65.8541,2025-03-11,agravo regimental,Dr. Melo,juntada de documentos realizada,,0
7980,3505690-87.2020.8.52.6260,25 de junho de 2019,réplica,Dra Fontes,,2026-01-30,
7981,5289264-48.2020.4.41.6347,23/12/20,agravo regimental,Dra. Cavalcante,aguardando manifestação da parte contrária,16/08/26,S
7982,1099617-37.2023.9.61.1793,15/07/2025,despacho,Dr. Barros,juntada de documentos realizada,,1
7983,1272937-41.2023.5.75.9958,28/01/21,petição inicial,Dra. Cavalcante,aguardando manifestação da parte contrária,14 de agosto de 2026,
7984,5901155-82.2023.2.89.7717,2024-09-13,sentença,Dr. Melo,juntada de documentos realizada,,1
7985,3541821-31.2021.8.96.1927,28/01/2026,contestação,Dra Fontes,diligência externa necessária,,não
7986,4460247-99.2024.9.97.4840,28/07/22,sentença,Dra Fontes,audiência marcada para 01/06/2026,,
7987,8816646-78.2020.7.70.9224,21 de junho de 2021,habilitação,Dra. Fontes,Prazo fatal: 2026-09-16,,N
7988,4202942-75.2025.6.91.7611,2020-09-22,intimação,Dr. Melo,aguardando manifestação da parte contrária,2026-05-07,0
7989,7223110-52.2024.2.44.8994,16 de março de 2020,habilitação,Dra Fontes,diligência externa necessária,,sim
7990,2575202-50.2023.1.54.9627,28 de abril de 2023,sentença,Dra. Cavalcante,juntada de documentos realizada,,1
7991,1664676-19.2021.8.64.4616,20/03/21,réplica,Dra. Cavalcante,documentos pendentes de entrega pelo cliente,,0
7992,3248366-98.2020.5.11.6279,21 de fevereiro de 2023,recurso de apelação,Dr. Barros,diligência externa necessária,2026-11-02,N
7993,1013314-48.2023.4.39.2083,2023-02-23,recurso de apelação,Dr. Melo,documentos pendentes de entrega pelo cliente,27/02/26,não
7994,6096719-87.2023.1.41.6180,7 de maio de 2022,embargos de declaração,Dra Fontes,,,0
7995,2186433-37.2022.2.12.4344,16/01/2022,despacho,DRA. CAVALCANTE,audiência marcada para 2026-10-19,,S
7996,5996426-23.2022.8.20.3566,20/02/2025,embargos de declaração,Dra. Fontes,juntada de documentos realizada,28 de dezembro de 2026,S
7997,5661974-14.2020.6.39.3137,11 de setembro de 2022,embargos de declaração,Dra Fontes,juntada de documentos realizada,19/07/26,sim
7998,1667591-67.2025.4.69.9424,2024-10-23,sentença,Dr. Barros,juntada de documentos realizada,,
7999,9062552-47.2024.4.22.8265,19 de agosto de 2023,citação,Dra. Cavalcante,audiência marcada para 06/03/26,10 de setembro de 2026,1
8000,4131852-60.2020.1.89.9739,02/09/23,contestação,Dr. Melo,Prazo fatal: 8 de novembro de 2026,,sim
424,8749473-21.2020.4.12.9144,19/10/2023,citação,dr. melo,prazo para recurso: 5 dias úteis a contar da intimação,,S
258,4092125-65.2025.3.26.9073,29/08/24,acordo extrajudicial,DRA. CAVALCANTE,diligência externa necessária,02/07/26,
137,4180949-86.2020.3.26.7593,2021-10-30,contestação,DRA. CAVALCANTE,Prazo fatal: 2026-05-29,,1
490,3248366-98.2020.5.11.6279,17/11/20,contestação,Dra. Cavalcante,prazo para recurso: 19 dias úteis a contar da intimação,,
478,7486138-99.2020.5.81.4332,14/07/25,recurso de apelação,Dr. Melo,Prazo fatal: 19/12/26,2026-03-27,1
87,1784068-27.2021.3.12.2538,2020-09-16,intimação,Dr. Melo,,,0
415,2110878-87.2023.8.83.8978,2023-11-24,despacho,Dr. Barros,prazo para recurso: 16 dias úteis a contar da intimação,,não
276,4064382-39.2022.4.13.8937,2023-11-11,recurso de apelação,Dr. Melo,aguardando manifestação da parte contrária,28/05/26,não
4,6982910-41.2023.8.91.8758,17/09/2023,intimação,Dr. Barros,juntada de documentos realizada,,sim
147,5518767-82.2023.4.96.9873,07/12/19,petição inicial,Dra. Cavalcante,audiência marcada para 18/05/26,,sim
270,8220628-15.2021.8.54.9077,9 de outubro de 2025,despacho,Dra. Cavalcante,,,1
304,4494463-44.2022.5.80.7542,14/07/20,memoriais,DRA. CAVALCANTE,diligência externa necessária,,
257,6053412-12.2021.6.72.8346,2025-01-29,contestação,Dr. Melo,Prazo fatal: 2026-01-05,,0
229,9835331-11.2022.6.15.8602,6 de fevereiro de 2026,habilitação,Dra. Cavalcante,,,0
41,6034606-21.2023.6.18.6684,04/08/21,habilitação,Dr. Melo,aguardando manifestação da parte contrária,,sim
123,7941836-76.2025.4.34.6543,04/01/21,petição inicial,Dr. Barros,diligência externa necessária,06/01/2026,1
36,3766710-17.2025.4.91.1472,10/05/2023,petição inicial,DRA. CAVALCANTE,aguardando manifestação da parte contrária,,
103,2545435-52.2025.3.59.7623,2025-11-23,petição inicial,Dr. Barros,documentos pendentes de entrega pelo cliente,2026-02-22,1
281,6865513-17.2021.7.21.3938,18/05/23,laudo pericial,Dra Fontes,aguardando manifestação da parte contrária,,não
317,9108785-98.2021.3.78.6687,8 de maio de 2023,contestação,Dr. Melo,prazo para recurso: 23 dias úteis a contar da intimação,,S
70,7065068-16.2021.7.14.6489,19/03/26,intimação,Dra. Cavalcante,diligência externa necessária,,N
366,1024421-54.2022.9.20.2563,24/03/2025,audiência de instrução,dr. melo,documentos pendentes de entrega pelo cliente,,
217,3541821-31.2021.8.96.1927,2024-02-10,citação,Dra Fontes,,,sim
345,4568537-97.2021.4.82.7633,2022-10-16,agravo regimental,dr. melo,aguardando manifestação da parte contrária,,N
358,9804642-71.2024.4.76.5486,2025-07-17,intimação,Dr. Melo,audiência marcada para 18/06/26,26/03/26,sim
452,2267110-24.2021.5.78.6025,07/04/2020,habilitação,Dra. Fontes,aguardando manifestação da parte contrária,,não
23,7765112-69.2024.9.62.5648,3 de junho de 2024,intimação,Dr. Melo,documentos pendentes de entrega pelo cliente,31 de agosto de 2026,não
181,7599278-46.2021.4.96.3535,12/10/2025,intimação,Dra Fontes,Prazo fatal: 2026-01-18,17/08/26,sim
356,2660213-63.2022.6.50.8366,10/02/2022,petição inicial,Dr. Barros,diligência externa necessária,2026-09-27,
223,9071705-28.2021.9.78.4746,02/11/21,recurso de apelação,Dra Fontes,audiência marcada para 2026-04-10,,não
484,9798556-59.2021.3.62.3110,13 de setembro de 2025,acordo extrajudicial,Dra. Fontes,Prazo fatal: 18/08/2026,,S
129,2267110-24.2021.5.78.6025,26 de novembro de 2020,agravo regimental,dr. melo,documentos pendentes de entrega pelo cliente,,1
9,4893809-11.2021.7.19.9759,1 de julho de 2023,acordo extrajudicial,dr. melo,,,sim
176,4131852-60.2020.1.89.9739,29/08/22,intimação,Dra Fontes,documentos pendentes de entrega pelo cliente,,N
221,9057960-29.2025.5.10.6072,26/05/21,habilitação,dr. melo,juntada de documentos realizada,,N
104,7381740-86.2021.2.88.6570,30/11/2022,despacho,Dra. Fontes,diligência externa necessária,,S
103,2545435-52.2025.3.59.7623,2025-11-23,petição inicial,Dr. Barros,documentos pendentes de entrega pelo cliente,2026-02-22,1
6,6096719-87.2023.1.41.6180,13 de setembro de 2022,sentença,Dr. Barros,prazo para recurso: 22 dias úteis a contar da intimação,,não
279,1602496-64.2022.5.79.8340,26/01/21,memoriais,Dra. Fontes,diligência externa necessária,,0
442,8574876-96.2020.7.97.4673,8 de fevereiro de 2025,petição inicial,Dra. Cavalcante,,4 de abril de 2026,não
477,9498791-62.2022.6.73.9564,05/12/22,sentença,Dra Fontes,audiência marcada para 10/05/26,,
400,1438459-62.2020.7.78.3410,03/11/2024,laudo pericial,Dra. Fontes,diligência externa necessária,,0
63,3724721-44.2021.9.75.5553,2026-03-15,laudo pericial,Dra. Cavalcante,documentos pendentes de entrega pelo cliente,,não
139,5947618-28.2023.6.53.6118,2023-01-20,réplica,Dra. Fontes,,,N
40,7320713-89.2022.3.68.7881,3 de maio de 2021,laudo pericial,Dr. Barros,Prazo fatal: 5 de março de 2026,,S
262,2294596-63.2020.6.38.9193,16 de maio de 2020,memoriais,Dr. Barros,audiência marcada para 19/07/2026,26/01/2026,0
153,8286382-50.2025.4.53.4414,27/04/24,habilitação,Dr. Barros,Prazo fatal: 12/12/2026,06/04/2026,S
468,3667022-35.2020.9.76.3115,2019-07-14,petição inicial,Dr. Barros,juntada de documentos realizada,04/10/26,0
347,5492622-29.2021.9.92.7737,8 de janeiro de 2022,intimação,dr. melo,aguardando manifestação da parte contrária,,
356,2660213-63.2022.6.50.8366,10/02/2022,petição inicial,Dr. Barros,diligência externa necessária,2026-09-27,