honorario_id,cliente_id,numero_processo,valor_total_contratado,n_parcelas,parcelas_pagas,valor_pago,valor_em_aberto,data_contrato,data_vencimento,forma_pagamento,honorario_exito,percentual_exito,status_pagamento
1,62,4384627-80.2021.2.13.1061,"34265,26",8,6,25698.96,8321.13,2023-06-16,23 de novembro de 2024,boleto,N,15%,quitado
2,320,5901155-82.2023.2.89.7717,52872.23,6,1,8812.04,"R$ 44.417,93",11 de fevereiro de 2025,06/11/2026,boleto,S,0.25,ATRASADO
3,526,3464073-25.2022.8.73.5075,41050.15,7,2,11728.62,"29321,55",21 de outubro de 2023,13/03/2025,Boleto,Sim,30%,ATRASADO
4,804,5753123-52.2021.4.48.4042,44733.76,2,1,22366.88,22366.88,12/01/25,13 de março de 2024,Boleto,,15%,em dia
5,954,1633270-27.2024.2.52.7034,46989.50,9,9,46989.54,0.00,20/03/23,30/11/2026,TED,,,Em Dia
6,1150,6414076-16.2021.7.78.8273,37564.25,5,4,"R$ 30.051,40",7512.85,07/12/2024,10/10/2024,transferência,sim,26%,Em Dia
7,426,5217157-98.2020.2.64.4094,63113.58,1,1,63113.58,0.00,21/04/26,15 de junho de 2026,boleto,N,0.29,atrasado
8,1238,1931030-34.2024.8.48.5319,3725.65,4,3,2794.23,,21/01/2026,2025-04-29,Boleto,N,0.30,quitado
9,831,6445422-21.2020.5.39.8096,"70048,33",2,1,"35024,17",35024.17,16 de maio de 2020,6 de fevereiro de 2027,boleto,Sim,20,atrasado
10,268,9076234-78.2023.3.90.2702,35116.04,2,2,35116.04,0.00,8 de agosto de 2021,17/05/2025,TED,N,,quitado
11,1482,3766710-17.2025.4.91.1472,55800.61,4,3,41850.45,13950.15,03/06/22,11/05/2025,transferência,nao,0.13,ATRASADO
12,471,3306375-34.2024.9.48.9154,65950.16,2,1,"32975,08",32975.08,2025-11-13,26/01/26,PIX,não,,
13,362,8097721-13.2023.1.47.8354,70557.74,1,1,70557.74,"R$ 0,00",10 de janeiro de 2024,30/09/26,boleto,Sim,15%,quitado
14,1175,1667591-67.2025.4.69.9424,16034.65,4,4,16034.64,429.49,8 de março de 2022,21 de janeiro de 2026,boleto,,15%,Em Dia
15,1373,7951127-89.2024.1.63.3502,45812.00,11,10,41647.30,4164.73,2024-03-08,7 de janeiro de 2024,boleto,sim,20,Em Dia
16,1310,5967836-10.2021.4.35.9671,42751.54,5,2,"17100,62",25650.93,2021-12-20,8 de outubro de 2026,transferência,nao,20%,Em Dia
17,364,5991409-16.2021.8.44.1303,26515.77,11,1,"2410,52",24105.20,2022-04-30,26/09/24,Boleto,sim,28%,quitado
18,587,6528202-89.2025.3.17.9496,"R$ 37.821,13",9,4,16809.40,21011.75,16/06/20,02/03/2024,PIX,,19%,
19,19,1833330-93.2025.8.61.3405,72963.42,12,6,36481.68,36481.68,20 de junho de 2021,07/07/24,PIX,sim,15%,Em Dia
20,815,1628717-84.2025.8.67.8313,24950.11,3,3,"24950,100000000002",375.47,27/02/24,2026-02-26,transferência,não,15%,ATRASADO
21,21,5518767-82.2023.4.96.9873,"R$ 35.358,68",3,2,23572.46,11786.23,15 de setembro de 2023,25 de novembro de 2026,PIX,não,20,quitado
22,1443,7789809-22.2020.1.73.9031,38670.89,8,2,9667.72,"29003,16",12/03/26,25/04/2026,transferência,nao,20,atrasado
23,990,5953905-94.2022.5.44.3245,24871.81,8,5,"R$ 15.544,90","8934,86",12 de maio de 2020,13/07/2024,Boleto,não,12%,em dia
24,404,7065068-16.2021.7.14.6489,78758.44,7,7,78758.47,0,25 de outubro de 2020,14 de abril de 2025,pix,não,20,atrasado
25,38,5660649-86.2020.5.86.9291,"R$ 14.137,32",7,2,4039.24,10098.10,16/06/2024,13 de novembro de 2025,TED,sim,21%,Em Dia
26,1147,1964519-55.2020.7.58.6781,"34905,9",11,2,6346.52,28559.34,2020-08-26,25/11/24,boleto,,,quitado
27,219,5074974-98.2023.8.21.9881,49687.08,5,3,29812.26,19874.84,2025-02-06,03/10/25,Boleto,sim,,Em Dia
28,1403,8129073-22.2024.4.16.9656,3211.20,11,1,"R$ 291,93","2919,3",02/05/2022,23/02/25,PIX,Sim,15%,quitado
29,184,2966787-79.2022.1.41.9944,"R$ 46.901,53",6,4,31267.68,15633.84,7 de maio de 2022,10/02/2024,boleto,Sim,,quitado
30,719,7486029-45.2024.4.25.3159,8938.40,1,0,0.00,9434.64,10/02/2023,02/06/27,PIX,N,,Em Dia
31,231,4229107-99.2020.7.61.3978,29421.54,5,5,"R$ 29.421,55","R$ 0,00",27/06/2025,14/12/26,pix,não,20,em dia
32,1254,2837371-36.2022.7.88.5428,44742.99,3,1,14914.33,29828.66,09/06/2025,12 de setembro de 2026,PIX,N,20,quitado
33,1486,5514997-95.2024.1.84.8098,36143.03,8,1,4517.88,"R$ 31.625,16",13/04/2025,5 de agosto de 2024,PIX,,20,quitado
34,1123,9885734-21.2023.9.74.3450,28174.06,6,4,18782.72,9391.36,29/04/26,07/04/24,boleto,S,26%,atrasado
35,786,4299848-20.2023.2.47.7396,"R$ 35.421,07",3,0,0.00,35421.06,10 de abril de 2022,2024-07-24,Boleto,S,20,quitado
36,1171,1887163-62.2025.9.93.1037,"R$ 74.409,59",5,0,0.00,74409.60,07/09/2024,17/07/2026,pix,Sim,0.16,em dia
37,1232,2461262-96.2021.6.48.1315,41026.12,3,3,41026.11,430.14,18/10/2022,28/04/2025,boleto,S,15%,quitado
38,870,7789809-22.2020.1.73.9031,"R$ 14.970,54",1,0,0.00,14970.54,18 de março de 2026,21/01/26,PIX,N,0.13,quitado
39,1244,2909764-51.2025.7.78.2223,29367.76,10,8,23494.24,5873.56,24 de junho de 2022,1 de outubro de 2024,pix,sim,20,em dia
40,131,5116418-16.2025.3.98.2234,32957.35,6,0,0.00,32957.34,05/01/22,16 de dezembro de 2025,transferência,N,15%,Em Dia
41,6,6686912-30.2025.4.68.7078,63368.28,12,10,52806.90,10561.38,29 de outubro de 2022,02/02/2027,Boleto,,19%,atrasado
42,456,4384627-80.2021.2.13.1061,"40873,23",2,1,20436.62,20436.62,16/08/2024,11/02/26,TED,nao,15%,ATRASADO
43,1029,6445422-21.2020.5.39.8096,75324.69,1,0,0.00,"75324,69",2022-06-25,27 de abril de 2024,TED,Sim,20,ATRASADO
44,1347,2753004-76.2021.8.83.9874,77475.25,9,2,"R$ 17.216,72",60258.52,11/08/21,03/01/2025,boleto,,0.21,em dia
45,1012,5747786-52.2023.7.30.3750,66291.09,12,4,22097.04,44194.08,2026-01-02,12 de setembro de 2024,TED,S,0.24,ATRASADO
46,1133,5116418-16.2025.3.98.2234,68356.04,6,1,11392.67,56963.35,24/01/2020,2027-06-14,TED,N,0.24,atrasado
47,339,9057219-99.2020.9.96.3254,42876.59,8,7,37516.99,5359.57,16/08/22,22/04/2027,Boleto,sim,,ATRASADO
48,1373,8986773-71.2022.6.45.5854,"R$ 8.103,42",7,4,4630.52,3472.89,12/03/2025,10/01/27,TED,sim,0.25,atrasado
49,193,8062805-72.2022.1.22.8771,"R$ 35.425,77",10,3,"10627,74",24798.06,2020-02-12,10 de dezembro de 2024,PIX,sim,15%,quitado
50,882,5210656-44.2021.1.39.2474,42859.69,3,3,42859.68,0.00,2025-01-16,2027-05-19,boleto,N,,
51,1234,4299848-20.2023.2.47.7396,51807.36,4,2,25903.68,26061.45,20/03/22,2025-04-22,TED,sim,15%,em dia
52,765,4084503-92.2025.8.90.5515,23607.82,6,4,"R$ 15.738,56",7823.03,15/10/21,12/01/27,PIX,Sim,0.12,em dia
53,349,1602496-64.2022.5.79.8340,33922.02,11,9,"R$ 27.754,38","R$ 6.167,64",12/06/2020,13 de dezembro de 2024,PIX,sim,20,em dia
54,828,3975387-89.2023.4.55.7631,61800.51,5,5,61800.50,"R$ 0,00",06/02/26,2025-07-17,Boleto,nao,27%,ATRASADO
55,580,5284129-51.2020.3.32.5205,44568.63,5,5,"R$ 44.568,65",0.00,18/04/24,14 de janeiro de 2027,TED,Sim,0.15,atrasado
56,635,8286382-50.2025.4.53.4414,"R$ 74.563,42",6,2,24854.48,49708.96,2020-12-19,28 de maio de 2027,pix,nao,0.27,atrasado
57,1078,5451988-41.2020.2.82.4041,"R$ 58.836,84",10,3,17651.04,"R$ 41.185,76",22/08/25,3 de fevereiro de 2026,Boleto,não,20,ATRASADO
58,389,3541821-31.2021.8.96.1927,16620.62,12,11,"R$ 15.235,55",1385.05,2025-06-09,23 de maio de 2025,transferência,nao,20,em dia
59,235,4687348-31.2023.1.92.6907,26586.28,1,1,26586.28,0.00,20/09/21,2025-05-26,boleto,S,20,quitado
60,1127,9804642-71.2024.4.76.5486,"72476,89",12,11,66437.14,6039.74,28/01/2020,04/06/2027,Boleto,N,,quitado
61,555,9686751-57.2022.7.62.3494,35943.98,3,1,"R$ 11.981,33","R$ 23.962,66",03/07/2021,04/05/27,TED,sim,26%,Em Dia
62,638,7553290-31.2023.9.36.9282,66483.40,9,3,22161.12,44322.24,15/10/2025,03/09/24,Boleto,N,,Em Dia
63,712,4417916-40.2022.7.26.4278,23362.68,4,2,"R$ 11.681,34","R$ 11.681,34",31/01/20,2026-01-30,PIX,Sim,15%,
64,1374,7486029-45.2024.4.25.3159,24473.50,10,4,"R$ 9.789,40",14684.10,16/08/24,16 de março de 2025,TED,Sim,24%,Em Dia
65,1204,1896520-28.2021.5.90.5374,44642.18,6,6,44642.16,"-61,6",23/08/2021,25 de julho de 2024,Boleto,sim,15%,quitado
66,395,1098476-20.2021.1.47.3336,"R$ 56.632,81",4,3,"R$ 42.474,60",13707.55,17/11/2025,2024-09-16,TED,nao,20,ATRASADO
67,28,9824532-76.2023.6.37.2040,65693.03,7,0,0,65693.04,13/03/20,7 de março de 2027,boleto,,0.14,ATRASADO
68,641,5826200-20.2025.1.91.8748,"70909,14",3,1,23636.38,47272.76,17 de dezembro de 2022,14/08/24,TED,sim,26%,ATRASADO
69,628,1013314-48.2023.4.39.2083,73074.46,7,0,0.00,73074.47,01/03/26,10/03/2024,boleto,,15%,atrasado
70,21,1098476-20.2021.1.47.3336,"R$ 62.073,83",12,0,0.00,62073.84,03/11/23,21/05/26,pix,sim,,quitado
71,1256,6476769-27.2021.5.22.2570,68306.66,9,1,7589.63,"60717,04",06/10/2022,24 de setembro de 2025,pix,nao,15%,quitado
72,1164,6339266-27.2025.5.15.6766,"R$ 34.514,96",7,0,0.00,34514.97,16/02/21,29/05/2024,transferência,não,20,
73,266,8607512-63.2021.6.82.1039,48351.32,12,3,12087.84,36263.52,08/03/20,07/03/25,PIX,não,0.20,atrasado
74,875,8717678-27.2025.5.11.4526,15179.58,12,10,12649.60,2529.92,21 de janeiro de 2022,07/08/26,PIX,N,20,
75,425,6404948-40.2021.7.68.7161,"R$ 47.450,37",8,5,"R$ 29.656,50","R$ 17.793,90",2023-11-22,11/06/24,PIX,nao,29%,Em Dia
76,566,6096719-87.2023.1.41.6180,19463.50,11,7,12385.87,"7077,64",2021-04-10,05/03/24,Boleto,Sim,27%,ATRASADO
77,1478,5700249-43.2020.5.57.9341,17099.86,4,2,8549.94,8549.94,26/07/20,23/04/2027,Boleto,sim,0.25,atrasado
78,1316,3541821-31.2021.8.96.1927,71396.13,9,3,23798.70,47597.40,24/11/2025,12 de fevereiro de 2024,transferência,não,20,em dia
79,316,8843195-99.2024.6.39.2836,"R$ 65.147,33",11,2,"11844,96",,24/07/2021,08/07/2024,Boleto,nao,,quitado
80,340,4952151-27.2023.3.38.8762,33809.63,4,0,"R$ 0,00",33809.64,12/06/2020,13 de março de 2024,TED,N,15%,atrasado
81,263,8827641-36.2022.5.59.8715,24041.00,2,1,12020.50,11606.10,18/09/2021,2025-02-20,PIX,S,0.24,
82,221,8892606-62.2022.2.87.2168,32687.95,1,0,"R$ 0,00",32687.95,20/04/23,25/03/2024,boleto,S,20,atrasado
83,204,9970343-38.2020.5.18.4483,54406.72,12,7,31737.23,,10 de fevereiro de 2024,2025-12-20,PIX,nao,0.23,quitado
84,110,7979033-26.2021.6.18.1084,36117.82,4,4,36117.80,0.00,20/08/2021,25/10/25,transferência,sim,,
85,112,4016576-41.2022.7.10.6952,62862.24,8,6,47146.68,15715.56,06/02/2025,20 de dezembro de 2025,PIX,nao,0.10,ATRASADO
86,357,7274275-74.2020.1.22.9780,4370.03,3,3,4370.04,0.00,27/06/20,2027-01-14,transferência,S,15%,em dia
87,1404,2328070-99.2024.8.57.5561,"4171,94",9,9,4171.95,0,12 de setembro de 2023,2027-03-19,PIX,S,20,Em Dia
88,564,1116024-57.2025.8.16.4043,44291.90,4,0,0.00,44291.92,11/01/2024,2026-12-23,PIX,nao,0.18,quitado
89,256,5966644-82.2023.4.88.9951,73292.57,9,7,57005.34,16387.87,21/12/2024,2026-12-02,TED,N,23%,em dia
90,1445,5035093-45.2021.1.27.3097,13605.27,1,1,13605.27,0.00,05/11/2023,08/08/2026,transferência,nao,20,
91,977,5700249-43.2020.5.57.9341,69901.99,8,5,43688.75,26213.25,2022-06-06,16 de fevereiro de 2024,transferência,S,,atrasado
92,369,5853247-29.2020.7.62.8870,52510.05,7,4,30005.76,,2023-04-10,23 de janeiro de 2024,transferência,N,15%,em dia
93,359,1778149-24.2023.1.86.3557,"R$ 53.696,87",3,0,0.00,54119.57,12/02/23,20 de maio de 2027,transferência,N,0.15,atrasado
94,86,3879233-61.2024.5.30.1494,70602.88,9,4,31379.04,39223.80,2026-04-16,23/05/2026,transferência,Sim,20,atrasado
95,1483,1614850-25.2020.8.85.3161,49837.64,3,2,33225.10,16612.55,21/01/25,23/12/2025,PIX,S,20,atrasado
96,226,5112941-62.2021.1.89.5887,28709.62,8,0,0.00,"28746,51",1 de fevereiro de 2021,11/05/24,transferência,,0.13,quitado
97,1136,1024421-54.2022.9.20.2563,41164.17,12,7,"R$ 24.012,45",17151.75,2023-05-08,6 de julho de 2024,Boleto,Sim,15%,atrasado
98,1381,8936104-83.2022.1.39.7934,"77768,18",4,3,"58326,12",19442.04,18/09/2020,30 de abril de 2025,pix,,15%,Em Dia
99,1429,3260101-88.2022.8.37.9169,64318.99,11,8,46777.44,17541.54,24/11/2021,29/02/2024,TED,N,20,
100,1102,1869144-23.2023.5.84.3325,50239.57,11,4,18268.92,31970.61,2020-02-13,10 de maio de 2025,PIX,sim,,quitado
101,997,6018860-77.2022.1.94.1315,76315.60,1,1,76315.60,0.00,2024-04-15,04/04/2024,transferência,N,0.26,em dia
102,1302,8183950-10.2021.5.84.9388,12538.62,3,1,4179.54,"R$ 8.655,78",2022-08-20,21 de janeiro de 2027,transferência,S,0.17,quitado
103,780,1116024-57.2025.8.16.4043,6622.59,12,2,"R$ 1.103,76",5518.80,2023-10-26,19/09/2026,pix,nao,0.20,Em Dia
104,283,5451988-41.2020.2.82.4041,43808.10,8,8,43808.08,"R$ 0,00",10 de junho de 2024,09/09/2024,Boleto,nao,,quitado
105,355,1093623-59.2025.7.92.5441,61961.76,2,1,"R$ 30.980,88","R$ 30.980,88",2021-05-30,05/07/2024,pix,Sim,15%,quitado
106,436,4415624-13.2024.9.14.9480,36079.07,1,1,36079.07,0,12 de outubro de 2021,2025-05-15,transferência,Sim,0.22,quitado
107,1262,9835331-11.2022.6.15.8602,78259.11,5,0,0.00,"78259,1",06/07/25,12/09/2024,PIX,não,0.23,em dia
108,247,2575202-50.2023.1.54.9627,51542.04,6,0,0.00,51542.04,14 de janeiro de 2026,2026-09-23,transferência,N,,ATRASADO
109,445,5996426-23.2022.8.20.3566,65751.33,1,0,"R$ 0,00","R$ 65.751,33",29/12/2025,2026-11-21,PIX,S,17%,quitado
110,1192,6404948-40.2021.7.68.7161,32925.94,4,1,"R$ 8.231,49",24694.47,11/12/2022,24/06/27,TED,S,20,quitado
111,681,3754895-37.2021.6.18.8502,"R$ 52.332,44",2,2,"R$ 52.332,44",0.00,29/04/20,20/06/25,boleto,,15%,
112,210,1557680-16.2021.4.16.4031,"R$ 7.724,16",9,1,"R$ 858,24",6865.92,16 de abril de 2021,11/01/26,Boleto,N,,
113,777,8286382-50.2025.4.53.4414,43689.35,5,2,17475.74,26213.61,16/04/2025,5 de setembro de 2024,Boleto,S,0.20,Em Dia
114,848,6524227-53.2025.1.97.6214,17510.57,7,1,2501.51,15009.06,09/07/24,14/11/24,transferência,N,15%,ATRASADO
115,1360,6368709-92.2024.7.99.9426,16674.09,11,6,9094.98,"7579,15",2025-01-28,2027-01-15,transferência,sim,10%,atrasado
116,172,2328070-99.2024.8.57.5561,20898.20,7,0,0.00,21101.71,2025-01-27,4 de novembro de 2026,transferência,N,,em dia
117,1109,4584224-94.2025.2.57.2511,"R$ 14.915,70",5,3,8949.42,"5966,28",19 de janeiro de 2024,20/03/2027,PIX,nao,20,ATRASADO
118,1416,4326518-76.2023.4.36.8530,33687.48,1,0,0.00,33687.48,10/02/23,26/07/24,PIX,S,0.19,atrasado
119,956,3588109-63.2023.1.26.4223,8198.71,6,5,6832.25,1366.45,2021-12-19,16/10/24,pix,,,
120,1259,5462435-11.2024.9.85.2977,57869.49,9,2,12859.88,45009.58,02/03/22,17/05/24,transferência,S,15%,
121,618,2675642-32.2022.8.65.5499,"48652,03",7,3,20850.87,"27801,16",29 de março de 2021,9 de fevereiro de 2025,transferência,S,15%,quitado
122,935,2100417-68.2021.7.29.9662,"R$ 40.889,05",2,0,0.00,40889.06,11/01/24,14 de junho de 2025,Boleto,S,0.27,ATRASADO
123,811,6686912-30.2025.4.68.7078,62383.04,12,4,20794.36,41588.72,23/06/2024,03/11/2024,TED,nao,15%,quitado
124,1174,7941836-76.2025.4.34.6543,21111.30,11,1,1919.21,19330.71,15 de março de 2021,2024-02-19,pix,nao,15%,
125,979,4460247-99.2024.9.97.4840,46574.98,2,2,"46574,98",0.00,2024-05-09,2025-05-21,transferência,sim,0.10,ATRASADO
126,349,3922248-27.2025.1.42.4047,71391.81,9,6,47594.52,23797.26,03/09/20,31/08/24,Boleto,,0.16,
127,969,7486138-99.2020.5.81.4332,68076.14,12,10,56730.10,"R$ 11.346,02",2021-01-25,2025-07-28,Boleto,sim,16%,ATRASADO
128,746,4085001-92.2022.6.76.8938,"R$ 57.406,60",9,0,0.00,"57406,59",28/02/21,24 de janeiro de 2024,boleto,N,0.24,em dia
129,1329,9071705-28.2021.9.78.4746,78607.23,5,0,"R$ 0,00",78607.25,04/01/2024,2027-05-16,pix,,,atrasado
130,130,8209168-30.2020.1.41.7632,31668.83,11,2,5757.96,25910.82,07/02/22,10/03/2026,pix,Sim,12%,Em Dia
131,442,6260319-38.2024.8.96.1114,34117.00,9,8,30326.24,3790.78,15/03/2022,27/04/27,transferência,N,20,quitado
132,119,2316290-44.2022.7.34.5190,38406.77,1,0,0.00,38406.77,22/01/21,16 de dezembro de 2025,boleto,N,,em dia
133,693,1869144-23.2023.5.84.3325,63630.91,4,3,"R$ 47.723,19","R$ 15.907,73",19 de fevereiro de 2022,4 de março de 2026,transferência,sim,15%,quitado
134,99,4065326-72.2025.8.58.5304,38369.13,12,7,22382.01,"R$ 15.987,15",13 de agosto de 2021,2024-09-18,PIX,sim,0.13,quitado
135,241,9252661-70.2020.1.46.1185,13424.55,5,3,8054.73,5157.04,10/07/24,7 de junho de 2027,PIX,nao,,quitado
136,816,7722274-26.2024.9.14.7062,15703.82,9,5,8724.35,6979.48,22/01/2021,09/12/24,PIX,nao,28%,atrasado
137,403,9214397-26.2023.4.18.6844,29901.57,1,1,"29901,57",0.00,3 de fevereiro de 2023,15 de janeiro de 2025,boleto,Sim,15%,
138,998,4299848-20.2023.2.47.7396,6630.78,2,1,3315.39,3315.39,12/05/2024,19/05/27,boleto,não,27%,em dia
139,686,3975387-89.2023.4.55.7631,29605.78,2,1,14802.89,14802.89,2 de outubro de 2023,05/12/25,pix,S,29%,Em Dia
140,682,7110796-41.2020.3.80.5362,"68422,72",7,0,0.00,,02/12/22,29/06/24,pix,S,15%,atrasado
141,1168,3585301-47.2021.7.73.3469,"77799,32",4,0,0.00,"R$ 77.799,32",27/03/2023,02/11/24,pix,sim,,atrasado
142,1278,1778149-24.2023.1.86.3557,20753.93,2,1,10376.97,10376.97,18/07/24,19/04/24,PIX,N,0.30,quitado
143,721,6953559-38.2025.7.42.9212,36271.76,6,0,0.00,36727.12,2023-12-24,2026-04-16,TED,,0.29,quitado
144,507,6944389-98.2023.1.72.8245,42866.43,11,11,42866.45,0.00,07/01/2024,29/01/24,transferência,,15%,quitado
145,1185,2292432-35.2025.5.83.7063,20558.23,1,1,"R$ 20.558,23",0.00,2020-03-24,14/07/25,transferência,não,0.26,
146,134,1887163-62.2025.9.93.1037,"R$ 64.723,59",1,0,"R$ 0,00",64723.59,17/04/24,13 de março de 2025,pix,nao,15%,quitado
147,553,7999133-20.2023.7.26.1121,"49820,83",7,2,14234.52,35586.30,2020-09-15,03/12/26,pix,,14%,ATRASADO
148,760,3542799-64.2025.6.13.7299,"18066,92",9,1,2007.44,16059.52,12/01/2023,2026-03-12,pix,sim,15%,quitado
149,198,3924425-56.2021.9.58.2912,38515.70,6,5,32096.40,6419.28,28/04/2020,2024-09-13,pix,Sim,0.21,
150,100,6944389-98.2023.1.72.8245,54001.88,2,2,54001.88,0.00,2023-10-19,16/02/24,PIX,S,,quitado
151,222,5112941-62.2021.1.89.5887,39881.60,3,0,0.00,"R$ 39.881,61",7 de janeiro de 2023,20/03/24,pix,não,,
152,1416,6982910-41.2023.8.91.8758,79561.86,9,0,0.00,79561.89,24/05/20,5 de junho de 2025,Boleto,sim,13%,ATRASADO
153,750,1754781-28.2025.6.89.2162,73343.11,2,2,"R$ 73.343,12","R$ 0,00",18 de julho de 2023,16/05/2027,transferência,N,17%,ATRASADO
154,203,3510061-32.2020.9.13.4424,31528.86,10,10,"R$ 31.528,90",0.00,10/10/2024,12/03/25,PIX,não,20,
155,1034,4314934-26.2021.7.14.7244,"66495,26",6,5,55412.70,"R$ 11.082,54",8 de junho de 2024,01/10/25,transferência,nao,,quitado
156,1256,5492622-29.2021.9.92.7737,"78263,12",2,1,39131.56,39131.56,2025-03-28,2027-01-11,pix,sim,21%,Em Dia
157,1153,7633905-83.2022.9.95.2309,75398.24,11,8,54835.12,20563.17,25/07/2021,2024-01-24,transferência,nao,20,
158,726,2909764-51.2025.7.78.2223,4654.38,11,1,423.13,4231.30,4 de agosto de 2024,28 de fevereiro de 2025,PIX,não,18%,ATRASADO
159,860,2660213-63.2022.6.50.8366,43919.10,12,2,7319.84,36599.20,24/04/26,05/06/24,PIX,,25%,Em Dia
160,429,1667591-67.2025.4.69.9424,"R$ 60.361,16",12,6,30180.60,30180.60,2022-04-18,18/03/27,TED,N,0.30,atrasado
161,891,2397582-22.2023.9.93.4223,"45556,65",4,0,0.00,45556.64,2025-11-23,16/05/25,transferência,nao,15%,Em Dia
162,1103,8590346-68.2020.7.63.7780,53214.74,9,3,17738.25,35476.50,03/12/21,19/03/2027,TED,Sim,,atrasado
163,437,6836135-90.2022.9.37.5643,55848.94,3,1,18616.31,37232.62,05/06/25,05/05/2024,transferência,nao,15%,
164,836,1602496-64.2022.5.79.8340,24057.66,8,3,9021.63,15474.47,2024-09-20,15/02/2027,boleto,não,,atrasado
165,125,5853247-29.2020.7.62.8870,51071.69,2,1,25535.85,25535.85,2026-03-25,2024-06-12,TED,N,20,atrasado
166,624,8220628-15.2021.8.54.9077,14797.17,4,1,"R$ 3.699,29",11097.87,25/11/2021,05/07/2026,transferência,Sim,22%,atrasado
167,387,1445483-93.2023.1.61.7357,"62102,78",12,12,62102.76,,2 de julho de 2021,29 de março de 2027,PIX,S,0.23,quitado
168,359,8168450-48.2020.2.65.4570,9900.71,8,7,"R$ 8.663,13","R$ 1.237,59",31/07/21,12/04/2024,Boleto,,20,Em Dia
169,1453,5210656-44.2021.1.39.2474,"R$ 29.996,60",6,3,14998.29,14998.29,14 de setembro de 2022,2024-12-11,TED,S,20,Em Dia
170,307,6036037-32.2025.3.53.7515,51880.43,10,0,0.00,51880.40,15/02/22,24/08/24,TED,,,quitado
171,293,9824532-76.2023.6.37.2040,51198.06,12,10,42665.10,8533.02,25/10/2024,18 de setembro de 2025,transferência,,0.21,quitado
172,515,1273300-90.2024.2.80.7378,69192.65,10,2,13838.52,,2021-04-25,12/04/2025,TED,sim,,atrasado
173,606,5074974-98.2023.8.21.9881,62780.99,11,7,39951.52,22829.44,21/03/25,14 de fevereiro de 2024,boleto,não,15%,
174,423,3879233-61.2024.5.30.1494,"R$ 23.767,15",3,0,0.00,23767.14,23/10/22,29/08/2026,PIX,S,20,quitado
175,951,5747786-52.2023.7.30.3750,66241.16,3,3,66241.17,0.00,21/09/22,2 de janeiro de 2025,boleto,N,,atrasado
176,625,2236315-26.2022.5.82.8939,8295.09,6,4,"R$ 5.530,08",2765.04,28/12/21,9 de novembro de 2026,TED,nao,15%,quitado
177,1401,4721085-96.2020.6.92.9645,"R$ 46.819,94",9,0,"R$ 0,00",47050.94,07/11/24,12/04/2026,PIX,,,em dia
178,582,5401874-62.2025.2.46.8337,53124.47,1,0,"R$ 0,00","R$ 52.654,88",11/02/2024,31/07/25,TED,sim,20,ATRASADO
179,54,1438459-62.2020.7.78.3410,"75839,54",8,2,18959.88,,2020-08-08,10/03/2026,Boleto,não,0.18,Em Dia
180,307,8936104-83.2022.1.39.7934,47972.29,4,4,"47972,28",0.00,14/12/20,19/11/2024,transferência,S,0.17,
181,131,3395583-64.2024.4.41.2181,27440.62,2,2,"R$ 27.440,62","R$ 0,00",2026-02-26,17/01/2027,PIX,nao,15%,em dia
182,484,7999133-20.2023.7.26.1121,18678.55,8,0,0.00,18678.56,2024-08-14,2024-07-03,PIX,S,20,quitado
183,20,4065326-72.2025.8.58.5304,75111.28,1,0,0.00,75111.28,03/07/20,7 de novembro de 2026,PIX,S,0.25,Em Dia
184,1458,5422047-80.2024.8.62.4364,57298.43,3,3,57298.44,0.00,20/11/25,2026-07-22,boleto,Sim,20,Em Dia
185,583,4601686-30.2021.5.52.7745,43507.34,8,1,5438.42,38068.94,17/04/20,2025-10-03,transferência,,,quitado
186,1395,1933296-95.2024.5.69.8317,76310.77,2,2,76310.78,"R$ 0,00",10 de março de 2024,30/07/25,Boleto,não,0.29,atrasado
187,794,2909764-51.2025.7.78.2223,67453.77,3,0,0.00,67453.77,2020-12-31,2025-04-13,Boleto,N,,atrasado
188,537,6260319-38.2024.8.96.1114,62966.90,12,2,10494.48,,2025-03-30,18 de abril de 2026,boleto,S,15%,Em Dia
189,1012,5631823-61.2020.5.47.1440,"16118,03",3,2,10745.36,5372.68,06/03/23,18 de maio de 2027,pix,não,13%,quitado
190,870,2997279-67.2024.9.84.1441,23226.06,2,2,23226.06,0.00,24/10/23,23/12/2026,Boleto,S,,ATRASADO
191,183,6425355-10.2021.6.53.2041,10931.64,7,3,4684.98,6246.64,2020-03-25,2026-07-28,TED,N,,quitado
192,1109,9398629-61.2022.5.88.8253,19248.93,2,2,19248.94,0,05/03/2025,20 de abril de 2025,Boleto,Sim,30%,atrasado
193,1440,2118934-75.2023.5.97.9563,46618.72,2,2,46618.72,0.00,2025-07-21,17/03/2024,pix,Sim,20,
194,1452,5991409-16.2021.8.44.1303,46431.19,10,3,13929.36,32501.84,2026-04-26,2026-05-09,boleto,N,0.22,quitado
195,1448,7749444-78.2021.1.20.8763,65750.96,9,7,51139.62,14611.32,20/05/2021,2024-06-02,transferência,sim,0.17,quitado
196,410,9319285-35.2025.3.19.9131,"R$ 20.546,88",6,4,13697.92,6759.81,2024-04-29,29/07/2024,Boleto,sim,,
197,1357,5661974-14.2020.6.39.3137,45418.22,6,3,22709.10,22709.10,11/07/2023,2026-07-23,transferência,Sim,15%,quitado
198,467,8905709-90.2020.9.55.2471,18245.83,5,4,"14596,68",3649.17,10 de dezembro de 2023,23/01/2026,Boleto,sim,20,em dia
199,1246,2341370-92.2024.9.60.8122,"77295,09",6,3,"R$ 38.647,53",38647.53,30/06/2023,23 de janeiro de 2027,TED,Sim,19%,ATRASADO
200,391,1676369-34.2022.3.47.6087,24853.52,1,0,0.00,"24853,52",11/02/20,13/02/2026,PIX,sim,14%,em dia
201,1163,2895065-46.2022.7.67.1438,13845.04,5,0,0.00,13845.05,2020-11-27,12/05/2026,TED,nao,0.17,quitado
202,1107,8986773-71.2022.6.45.5854,30350.40,2,0,0.00,30350.40,2021-05-13,10 de julho de 2026,PIX,não,20,ATRASADO
203,974,3975387-89.2023.4.55.7631,79036.23,4,3,59277.18,"19759,06",10/05/20,1 de fevereiro de 2025,Boleto,não,,atrasado
204,1074,9214397-26.2023.4.18.6844,59092.23,3,0,0,59092.23,22 de março de 2025,19/09/2025,TED,nao,15%,
205,185,7486029-45.2024.4.25.3159,51403.28,12,8,34268.88,17134.44,06/11/2022,02/01/2026,PIX,não,13%,quitado
206,440,7245951-43.2021.4.11.7623,45095.32,1,0,"R$ 0,00",45126.99,19 de agosto de 2024,14/09/2026,PIX,sim,15%,ATRASADO
207,897,7599278-46.2021.4.96.3535,"R$ 21.534,19",12,10,17945.20,3589.04,2021-11-25,2026-09-17,Boleto,nao,,em dia
208,1211,9302979-43.2025.9.68.7487,50532.78,2,2,50532.78,0.00,23 de abril de 2023,04/12/2026,TED,Sim,15%,ATRASADO
209,937,7486029-45.2024.4.25.3159,19097.64,6,6,"R$ 19.097,64",-480.38,2020-01-17,2026-09-14,TED,sim,,quitado
210,1091,6418382-43.2020.8.63.9133,"36116,37",10,3,10834.92,"25618,03",22 de janeiro de 2026,02/07/2026,TED,Sim,15%,quitado
211,388,4180949-86.2020.3.26.7593,53342.34,7,4,"R$ 30.481,32","22860,99",21/11/2024,7 de dezembro de 2026,PIX,sim,20,quitado
212,1062,7065068-16.2021.7.14.6489,11161.88,11,0,0.00,11341.25,6 de agosto de 2023,07/08/2024,pix,Sim,28%,em dia
213,188,2191287-57.2021.1.18.8228,"R$ 76.614,74",2,1,38307.37,38307.37,25 de setembro de 2025,2026-10-29,boleto,não,,em dia
214,581,7553290-31.2023.9.36.9282,45619.44,11,7,"29030,54",16588.88,5 de novembro de 2024,19 de julho de 2024,pix,nao,20,
215,1063,8286382-50.2025.4.53.4414,36620.92,6,6,36620.94,0.00,29/08/2023,5 de julho de 2025,transferência,nao,23%,quitado
216,1264,3679963-72.2020.9.29.7859,62828.40,12,4,"20942,8",41885.60,17/10/2022,21 de janeiro de 2025,transferência,Sim,0.23,atrasado
217,23,4417916-40.2022.7.26.4278,23117.96,9,4,10274.64,"12843,3",16/10/2023,30/05/25,Boleto,,15%,ATRASADO
218,537,6836135-90.2022.9.37.5643,"R$ 29.540,82",9,1,3282.31,26258.48,2023-08-24,29/07/2026,pix,sim,27%,atrasado
219,739,5401874-62.2025.2.46.8337,"R$ 62.237,18",9,1,6915.24,55497.73,2022-07-05,10/03/27,transferência,não,,quitado
220,1397,6836135-90.2022.9.37.5643,22696.64,10,4,9078.64,13617.96,27/10/24,2 de julho de 2024,boleto,S,24%,atrasado
221,524,6339266-27.2025.5.15.6766,"R$ 52.655,90",8,4,26327.96,26327.96,2020-06-13,20/04/27,boleto,N,20,em dia
222,744,2316290-44.2022.7.34.5190,"R$ 41.122,56",7,3,"17623,949999999997",23498.60,19/11/25,15 de setembro de 2026,pix,,20,ATRASADO
223,747,1714231-74.2025.9.71.1697,65076.89,7,2,18593.40,46483.50,7 de setembro de 2025,15 de agosto de 2026,transferência,N,26%,atrasado
224,746,6384831-67.2022.5.89.7429,65918.74,11,5,29963.05,"R$ 35.955,66",06/09/24,2025-12-29,PIX,N,15%,
225,984,4460247-99.2024.9.97.4840,"R$ 25.774,55",8,0,0.00,"R$ 25.774,56",09/01/2020,15/11/25,transferência,S,15%,Em Dia
226,62,9071705-28.2021.9.78.4746,44489.26,3,0,0.00,44489.25,21/04/2026,2024-03-12,TED,sim,20,em dia
227,834,3710559-31.2020.9.95.2540,30447.85,2,1,15223.92,,09/12/2023,20/02/2026,boleto,Sim,20,
228,740,2341370-92.2024.9.60.8122,41797.81,2,0,0.00,41797.80,2025-06-30,2025-11-13,pix,não,15%,ATRASADO
229,193,7222167-30.2022.8.44.7452,61179.49,8,1,7647.44,"R$ 53.183,37",2024-08-04,2025-06-01,boleto,sim,,atrasado
230,947,8306601-19.2020.3.50.7457,72985.50,7,2,20853.00,52132.50,10 de janeiro de 2023,01/12/26,TED,S,20,atrasado
231,69,7687351-51.2022.6.73.6768,13071.14,8,7,11437.23,1633.89,13/01/2022,27/01/2027,Boleto,Sim,,em dia
232,262,7722274-26.2024.9.14.7062,66422.14,8,6,49816.62,16605.54,7 de outubro de 2020,10/07/2026,boleto,não,20,atrasado
233,1325,4961530-22.2021.4.22.6290,31938.13,8,7,27945.89,3992.27,2025-02-01,08/06/26,PIX,,15%,em dia
234,778,5853247-29.2020.7.62.8870,"R$ 11.084,07",2,2,"R$ 11.084,06",0.00,30/08/24,3 de dezembro de 2026,Boleto,Sim,0.15,ATRASADO
235,354,6018860-77.2022.1.94.1315,69823.11,7,7,69823.11,0.00,7 de outubro de 2022,23/01/27,transferência,Sim,20,em dia
236,149,6339808-70.2020.2.67.1325,"21293,99",10,4,8517.60,12776.40,2023-06-16,25 de agosto de 2024,boleto,não,15%,atrasado
237,333,9062552-47.2024.4.22.8265,63263.98,4,1,15816.00,47448,22 de outubro de 2021,17 de março de 2026,transferência,nao,0.24,
238,1296,5545511-73.2023.1.66.9757,26529.05,5,4,"21223,24","R$ 5.305,81",29/03/20,2027-01-11,TED,não,,quitado
239,498,4090182-95.2021.1.57.7189,"R$ 40.300,41",6,0,0,40300.44,2020-01-04,25/04/25,TED,Sim,15%,atrasado
240,434,4229107-99.2020.7.61.3978,48569.64,8,0,0.00,48569.60,31 de julho de 2021,14 de abril de 2027,TED,não,12%,atrasado
241,358,3679963-72.2020.9.29.7859,"R$ 45.380,32",6,2,"R$ 15.126,78",30253.56,22/12/23,10 de fevereiro de 2024,PIX,nao,,Em Dia
242,182,1095980-10.2020.7.77.8313,78990.31,9,1,"R$ 8.776,70","R$ 70.213,60",17/03/25,14/12/2025,transferência,N,,atrasado
243,317,9822459-92.2024.8.17.6403,20965.71,1,0,"R$ 0,00",20965.71,31 de agosto de 2020,2025-05-04,boleto,,20,em dia
244,1075,3924425-56.2021.9.58.2912,22457.78,9,3,7485.93,14971.86,3 de fevereiro de 2020,25/06/2026,pix,Sim,23%,Em Dia
245,497,4961530-22.2021.4.22.6290,"R$ 33.888,06",12,11,31064.00,2824.00,09/09/2024,19/02/25,boleto,,26%,
246,57,7320713-89.2022.3.68.7881,73213.48,11,6,39934.62,"33278,85",2023-10-06,10/04/2024,TED,,22%,quitado
247,1313,5210656-44.2021.1.39.2474,69787.53,2,1,"R$ 34.893,76",34893.76,2023-09-27,17/09/26,transferência,Sim,0.29,quitado
248,665,1273300-90.2024.2.80.7378,64376.94,3,3,"64376,94",0.00,27/07/24,30/01/26,boleto,não,11%,quitado
249,727,9168044-67.2022.1.26.3054,24887.66,3,0,"R$ 0,00",,2025-04-11,03/04/2027,TED,sim,,atrasado
250,395,1676369-34.2022.3.47.6087,"8014,39",4,1,2003.60,,12 de novembro de 2021,2025-09-18,TED,não,15%,quitado
251,464,5035093-45.2021.1.27.3097,"48128,6",12,12,48128.64,"R$ 0,00",2026-02-27,3 de agosto de 2024,transferência,S,18%,Em Dia
252,731,7722274-26.2024.9.14.7062,43190.89,2,2,43190.88,"R$ 0,00",2024-10-29,2024-10-28,pix,N,15%,ATRASADO
253,1069,5483975-50.2024.8.92.4422,12225.53,2,1,6112.77,"R$ 6.112,77",11/02/2024,2025-09-12,transferência,sim,20,ATRASADO
254,976,5074974-98.2023.8.21.9881,25920.91,3,2,17280.60,8640.30,09/05/20,2025-03-23,transferência,Sim,15%,ATRASADO
255,1330,7381740-86.2021.2.88.6570,"R$ 6.688,29",8,1,836.04,"5852,28",2022-01-22,2024-05-23,PIX,nao,0.18,quitado
256,117,8572382-61.2025.1.41.7172,73623.20,10,0,0.00,73623.20,17 de agosto de 2023,11/09/25,PIX,sim,15%,ATRASADO
257,938,8097721-13.2023.1.47.8354,20339.42,6,3,"R$ 10.169,70","10169,7",11 de abril de 2022,5 de fevereiro de 2027,PIX,S,,ATRASADO
258,501,7840442-26.2025.9.53.5093,61420.78,8,7,"R$ 53.743,20","R$ 7.677,60",19/02/2022,28/04/24,Boleto,nao,20,atrasado
259,838,7223110-52.2024.2.44.8994,20743.21,3,2,"13828,8","R$ 6.914,40",05/05/2021,12/03/2024,transferência,Sim,21%,quitado
260,1429,1784068-27.2021.3.12.2538,74784.30,4,4,74784.32,0.00,24 de fevereiro de 2022,2025-09-12,transferência,N,0.24,em dia
261,1234,6339266-27.2025.5.15.6766,28756.31,9,7,22366.05,6390.30,24/01/20,29/01/2024,PIX,nao,20,quitado
262,358,4433355-55.2023.8.48.9346,63401.20,2,0,0.00,63830.12,22/02/21,03/09/25,boleto,nao,22%,atrasado
263,139,5753123-52.2021.4.48.4042,28586.48,7,1,4083.78,24560.14,17/02/21,19 de junho de 2024,Boleto,sim,20,em dia
264,604,2100417-68.2021.7.29.9662,57874.10,5,2,23149.64,34724.46,06/01/21,2025-11-19,PIX,N,0.30,Em Dia
265,582,5068524-45.2025.9.91.6906,"R$ 15.094,47",10,2,"R$ 3.018,90",12075.60,6 de maio de 2023,9 de janeiro de 2024,pix,Sim,0.16,em dia
266,188,8827641-36.2022.5.59.8715,4347.06,10,0,0.00,4347.10,09/09/23,15 de maio de 2027,pix,S,15%,quitado
267,679,4229107-99.2020.7.61.3978,24899.38,10,4,9959.76,14939.64,24/11/23,2024-08-16,transferência,N,0.17,em dia
268,1236,6418382-43.2020.8.63.9133,"57428,19",11,0,"R$ 0,00",57694.74,27/04/24,08/01/26,PIX,N,15%,quitado
269,856,9057219-99.2020.9.96.3254,"R$ 65.241,25",6,6,65241.24,0,2025-01-28,3 de janeiro de 2025,pix,S,10%,atrasado
270,840,9076234-78.2023.3.90.2702,64012.46,5,3,38407.47,25604.98,2020-11-10,10/10/2024,boleto,nao,25%,quitado
271,1224,7486029-45.2024.4.25.3159,52698.78,5,2,"21079,52",31619.28,12/11/24,12 de outubro de 2025,boleto,não,0.16,quitado
272,786,5660649-86.2020.5.86.9291,63831.93,7,1,9118.85,55075.21,07/11/23,09/01/2027,PIX,nao,20,quitado
273,379,5953905-94.2022.5.44.3245,28066.72,1,1,28066.72,0.00,16 de setembro de 2020,05/06/26,PIX,,0.15,quitado
274,676,8097721-13.2023.1.47.8354,64356.83,4,4,"R$ 64.356,84",,27/05/2023,20/04/26,TED,nao,15%,Em Dia
275,831,9810112-12.2021.1.97.8847,49048.61,3,3,49048.62,"R$ 0,00",09/10/2023,2024-07-05,pix,nao,15%,em dia
276,1392,9252661-70.2020.1.46.1185,14113.87,9,6,9409.26,4704.63,2025-12-08,4 de janeiro de 2027,pix,sim,0.12,Em Dia
277,492,1714231-74.2025.9.71.1697,32961.52,8,2,8240.38,24721.14,2022-07-06,21/05/27,PIX,Sim,20,Em Dia
278,115,7640585-40.2023.1.57.1721,13789.13,10,9,12410.19,1378.91,16/07/20,2024-10-28,PIX,S,15%,ATRASADO
279,1258,6404948-40.2021.7.68.7161,59599.39,9,1,"6622,15",52977.20,2022-07-18,2025-04-12,Boleto,não,20,ATRASADO
280,1450,4865461-96.2025.2.64.9143,60084.55,2,2,60084.56,0.00,17/03/2020,2025-09-02,boleto,não,15%,ATRASADO
281,840,4563779-48.2023.2.87.9606,29683.76,10,7,20778.66,8905.14,22/05/2021,23/03/2024,PIX,N,20,Em Dia
282,487,5853247-29.2020.7.62.8870,78076.20,7,4,44614.96,33461.22,2026-03-22,7 de julho de 2026,PIX,sim,,quitado
283,1485,5786762-52.2021.9.21.3037,71651.60,7,0,0.00,71651.58,8 de novembro de 2022,19/12/2026,TED,N,20,quitado
284,1447,3541821-31.2021.8.96.1927,"27312,91",4,3,20484.69,6828.23,08/03/22,27/12/2025,boleto,nao,15%,Em Dia
285,477,2016341-89.2023.7.48.2724,45498.99,10,1,4549.90,40791.41,04/02/25,2027-05-28,pix,nao,20,
286,1159,8215015-64.2021.5.32.1893,57312.62,2,1,28656.31,28656.31,23/07/2021,22/07/2025,boleto,Sim,0.14,ATRASADO
287,165,7553290-31.2023.9.36.9282,26863.99,12,6,"R$ 13.432,02","R$ 13.432,02",14/04/2022,2025-05-30,TED,S,20,
288,1153,9214397-26.2023.4.18.6844,34240.17,2,1,"17120,08",,19/03/2023,02/03/27,boleto,não,15%,em dia
289,230,5786762-52.2021.9.21.3037,17653.15,6,2,5884.38,11768.76,24 de setembro de 2023,04/07/25,TED,S,,ATRASADO
290,1138,3821719-15.2025.2.86.2518,55685.73,3,1,18561.91,37123.82,06/04/2025,2025-06-23,TED,não,,em dia
291,533,6018860-77.2022.1.94.1315,64738.27,8,5,"R$ 40.461,40","R$ 24.276,84",29/11/2023,04/10/2025,TED,,21%,quitado
292,432,1614850-25.2020.8.85.3161,31020.72,4,3,23265.54,7797.96,30 de agosto de 2024,27/08/26,PIX,Sim,12%,ATRASADO
293,160,9319285-35.2025.3.19.9131,14006.76,12,2,2334.46,"R$ 11.672,30",1 de novembro de 2023,11/10/26,Boleto,N,0.29,atrasado
294,928,2837371-36.2022.7.88.5428,22067.53,3,3,"22067,52",0.00,18/03/24,21/12/24,transferência,Sim,0.17,quitado
295,964,5545511-73.2023.1.66.9757,73946.11,8,0,0.00,73946.08,21/06/2024,08/07/25,transferência,não,20,quitado
296,998,1165147-13.2020.2.47.5874,27630.58,9,9,27630.54,0,15 de dezembro de 2023,16/07/25,boleto,Sim,20,atrasado
297,463,5492622-29.2021.9.92.7737,43636.58,1,0,0.00,44112.83,03/01/20,13 de setembro de 2024,boleto,S,15%,
298,533,1165147-13.2020.2.47.5874,77042.52,1,0,0,"R$ 77.042,52",2024-11-09,18/06/2024,PIX,nao,20,em dia
299,553,5432782-56.2021.2.97.6240,49731.46,12,8,"R$ 33.154,32",,13/04/2025,2026-07-31,transferência,S,0.14,Em Dia
300,574,8886588-26.2020.9.65.6361,"R$ 67.774,20",5,3,40664.52,27174.75,23/12/21,14 de junho de 2024,boleto,nao,17%,atrasado
301,40,1185885-59.2023.7.19.8433,6153.48,4,1,"R$ 1.538,37",4615.11,22/06/25,2024-01-03,TED,,0.18,
302,139,5472823-70.2022.4.41.7624,19021.97,8,1,2377.75,"R$ 16.644,25",16/07/23,07/03/2026,PIX,,20,Em Dia
303,859,1664676-19.2021.8.64.4616,38925.61,12,12,38925.60,0.00,12/05/2025,2026-12-23,Boleto,N,0.30,atrasado
304,126,3778380-86.2023.9.32.5849,"72795,22",10,1,7279.52,65515.68,2020-02-20,2026-04-20,boleto,sim,20,quitado
305,1025,8717678-27.2025.5.11.4526,40325.80,9,4,17922.56,22403.20,07/08/2020,27 de abril de 2024,transferência,Sim,15%,quitado
306,639,6384831-67.2022.5.89.7429,63616.52,7,5,"R$ 45.440,35",18176.14,2022-06-11,10/01/2027,transferência,sim,,Em Dia
307,1120,1185885-59.2023.7.19.8433,15297.70,6,4,10198.48,,2026-02-02,2027-05-29,PIX,nao,20,em dia
308,247,8381610-96.2020.6.26.2533,79540.16,8,7,69597.64,9942.52,12/08/23,2024-07-11,pix,N,0.27,em dia
309,1328,8717678-27.2025.5.11.4526,"5960,23",12,1,496.69,5463.59,30/11/21,2025-07-29,pix,,30%,Em Dia
310,1134,4433355-55.2023.8.48.9346,76722.38,3,0,0.00,77037.37,1 de outubro de 2023,14/03/2024,Boleto,,20,atrasado
311,320,9835331-11.2022.6.15.8602,22337.31,3,2,"R$ 14.891,54","7445,77",2023-08-14,26/04/2025,TED,N,21%,em dia
312,1383,1248003-72.2024.2.80.8472,37176.66,10,3,11153.01,26023.69,12/04/2024,29 de abril de 2024,boleto,S,20,atrasado
313,621,4952151-27.2023.3.38.8762,64276.15,12,11,"R$ 58.919,85",5356.35,23/02/26,15/06/24,PIX,Sim,11%,atrasado
314,153,2884639-86.2023.2.31.8737,45767.73,8,7,40046.79,"5720,97",06/03/2020,2027-04-09,transferência,sim,15%,ATRASADO
315,617,5451988-41.2020.2.82.4041,59334.97,10,10,59335.00,0.00,14/07/22,13 de junho de 2024,PIX,não,17%,em dia
316,1367,5753123-52.2021.4.48.4042,39923.96,12,7,"R$ 23.289,00",16635.00,2024-01-22,07/03/2025,pix,,20,Em Dia
317,620,9992831-61.2022.4.35.1469,"46966,07",10,5,23483.05,23483.05,12/09/2021,2026-11-16,TED,,0.10,
318,1272,5472823-70.2022.4.41.7624,47917.01,6,3,"23958,510000000002",23958.51,30/08/23,9 de novembro de 2025,boleto,Sim,0.10,quitado
319,430,2909764-51.2025.7.78.2223,30572.12,5,2,12228.84,"R$ 18.363,69",5 de março de 2026,11/08/2024,TED,,11%,quitado
320,1446,7813974-60.2021.1.81.1542,"7311,33",12,3,1827.84,5483.52,2020-04-02,31 de janeiro de 2027,transferência,nao,15%,Em Dia
321,260,3401866-56.2021.1.87.5297,41102.36,6,2,13700.78,"R$ 27.401,56",2021-11-03,19/03/24,pix,S,0.28,em dia
322,756,3785792-10.2020.5.78.7940,52896.51,3,3,"R$ 52.896,51",0.00,01/02/21,2026-10-22,Boleto,sim,,quitado
323,283,9076234-78.2023.3.90.2702,"R$ 75.274,49",1,1,75274.49,0.00,22/03/22,21 de julho de 2026,boleto,N,0.27,em dia
324,965,7539718-58.2020.2.52.9800,"R$ 61.452,29",4,2,30726.14,30726.14,6 de dezembro de 2025,2024-06-12,Boleto,sim,27%,Em Dia
325,621,6053412-12.2021.6.72.8346,46692.44,10,5,"23346,199999999997","R$ 23.346,20",7 de agosto de 2024,04/06/26,transferência,nao,20,em dia
326,732,5239450-56.2022.7.99.2371,43950.55,8,7,"R$ 38.456,74","5796,17",4 de junho de 2020,2026-02-07,boleto,S,0.15,atrasado
327,1389,3710559-31.2020.9.95.2540,"R$ 46.336,96",2,0,0.00,"46336,96",25/12/23,21/02/25,Boleto,não,0.30,quitado
328,1149,1878000-50.2025.7.58.1197,19235.48,9,0,"R$ 0,00",19235.52,2020-11-16,05/10/2026,PIX,Sim,0.28,quitado
329,1301,5953905-94.2022.5.44.3245,68439.99,1,1,"68439,99",-8.25,2025-12-12,2025-10-05,Boleto,não,,Em Dia
330,90,7419280-60.2021.1.40.9417,48928.62,5,0,0.00,,2021-02-12,03/10/2024,boleto,nao,,
331,45,6038940-61.2024.4.64.6408,74223.44,1,1,74223.44,0.00,31 de dezembro de 2024,10/02/2026,PIX,sim,24%,
332,118,2397582-22.2023.9.93.4223,43588.07,10,4,17435.24,26152.86,13/03/24,28 de junho de 2025,TED,sim,0.20,Em Dia
333,639,8886588-26.2020.9.65.6361,7571.11,1,0,0.00,"R$ 7.571,11",30/01/2021,23/03/25,PIX,Sim,15%,Em Dia
334,413,7486029-45.2024.4.25.3159,59883.23,5,5,59883.25,,2024-07-09,2025-01-15,boleto,não,,atrasado
335,220,1778149-24.2023.1.86.3557,"R$ 5.914,32",3,1,1971.44,,2023-10-21,26/05/27,transferência,Sim,15%,
336,507,5274951-77.2021.1.76.5120,44699.64,6,3,22349.82,22571.41,20/05/25,19/07/24,transferência,S,0.22,Em Dia
337,153,4384627-80.2021.2.13.1061,"R$ 45.031,11",3,3,"R$ 45.031,11",0,2025-11-03,12/12/2025,transferência,Sim,15%,quitado
338,33,7724543-49.2023.9.44.7412,25143.04,6,0,"R$ 0,00",25143.06,15/05/23,31/07/2025,boleto,sim,,ATRASADO
339,1249,4584224-94.2025.2.57.2511,33272.15,3,2,"22181,44","11090,72",10/03/26,01/10/2026,transferência,nao,,quitado
340,395,5266269-78.2021.7.59.1392,16832.93,4,4,"16832,92",0,2 de julho de 2022,11 de dezembro de 2026,TED,não,15%,em dia
341,1150,1602496-64.2022.5.79.8340,53867.94,1,0,0.00,53867.94,16/07/2024,20/09/2024,TED,sim,15%,quitado
342,38,6105303-92.2021.4.39.3868,62836.16,12,11,57599.85,5236.35,31/08/23,13/08/24,Boleto,,15%,ATRASADO
343,558,4865461-96.2025.2.64.9143,69921.47,12,11,"R$ 64.094,69","R$ 5.826,79",21/11/2025,10/03/24,Boleto,Sim,0.22,Em Dia
344,528,4314934-26.2021.7.14.7244,69849.60,10,6,41909.76,27939.84,4 de março de 2024,15 de janeiro de 2026,boleto,sim,25%,em dia
345,1046,5159882-37.2022.9.71.7550,"59044,69",4,2,29522.34,29522.34,2024-04-14,13 de novembro de 2025,Boleto,,20,Em Dia
346,1066,5901155-82.2023.2.89.7717,"R$ 24.626,18",2,2,24626.18,0.00,16/10/23,7 de fevereiro de 2026,pix,,24%,quitado
347,1415,1273300-90.2024.2.80.7378,57173.39,5,5,57173.40,78.25,2020-03-01,19/12/2026,boleto,S,0.13,atrasado
348,124,3242098-97.2025.4.44.9916,11449.39,10,0,"R$ 0,00","11449,4",15/11/22,10 de fevereiro de 2026,boleto,sim,15%,em dia
349,1366,6445422-21.2020.5.39.8096,"R$ 26.558,16",1,1,26558.16,0.00,23/05/2023,21/04/27,PIX,,20,ATRASADO
350,843,8905709-90.2020.9.55.2471,30173.37,7,6,25862.88,"R$ 4.310,48",17/05/2020,2025-05-30,pix,sim,21%,Em Dia
351,629,6992158-64.2024.5.43.7750,5440.54,6,4,"R$ 3.627,04",1813.52,25/11/22,5 de julho de 2024,Boleto,Sim,22%,atrasado
352,335,3260101-88.2022.8.37.9169,42799.47,4,1,"R$ 10.699,87",32099.61,18/05/2021,15/04/2026,TED,,,
353,1045,4721085-96.2020.6.92.9645,69504.73,12,1,"R$ 5.792,06","63712,66",04/04/22,10/07/2025,pix,sim,29%,Em Dia
354,818,7486138-99.2020.5.81.4332,74405.18,2,0,0.00,"74014,28",29 de fevereiro de 2020,8 de fevereiro de 2024,TED,não,20,Em Dia
355,148,1346701-74.2024.1.65.8985,"R$ 43.277,13",11,9,35408.52,"7868,56",29 de março de 2024,2024-02-10,PIX,S,,em dia
356,87,6404948-40.2021.7.68.7161,48044.54,3,2,"R$ 32.029,70",16014.85,30/04/2020,28/01/2027,transferência,sim,15%,ATRASADO
357,140,9057960-29.2025.5.10.6072,"54724,16",6,0,0.00,54724.14,24/09/2023,23/04/24,PIX,sim,,Em Dia
358,1159,6160516-66.2024.5.17.7150,"R$ 39.594,64",7,4,22625.52,"16969,14",18 de maio de 2025,30 de outubro de 2024,Boleto,não,15%,atrasado
359,132,4384627-80.2021.2.13.1061,17967.76,2,1,8983.88,8983.88,2022-08-18,12/08/24,transferência,,0.20,quitado
360,1474,8655267-17.2025.3.63.4188,61190.71,4,1,15297.68,45893.04,06/09/2022,2024-07-28,PIX,N,0.10,ATRASADO
361,435,3054975-46.2023.4.85.5879,35701.50,3,2,23801.00,11900.50,17 de fevereiro de 2020,10 de dezembro de 2026,transferência,Sim,22%,Em Dia
362,8,5239450-56.2022.7.99.2371,"48281,1",2,0,"R$ 0,00","R$ 48.281,10",2023-12-22,2027-01-17,TED,não,25%,atrasado
363,628,8381610-96.2020.6.26.2533,23782.29,12,8,15854.88,7927.44,18 de fevereiro de 2020,20 de junho de 2025,Boleto,não,20,quitado
364,350,7813974-60.2021.1.81.1542,6831.77,10,0,0.00,7311.57,07/11/24,13/02/26,pix,,28%,em dia
365,826,5901155-82.2023.2.89.7717,45294.43,5,3,27176.67,18117.78,23/06/23,15/01/2024,PIX,nao,,atrasado
366,966,6404948-40.2021.7.68.7161,40576.54,10,4,16230.60,24345.90,03/10/20,2024-03-22,PIX,S,0.28,Em Dia
367,253,4687348-31.2023.1.92.6907,30113.11,12,9,22584.87,7528.29,2025-06-29,2024-05-14,Boleto,N,15%,quitado
368,332,4299848-20.2023.2.47.7396,68297.25,4,3,51222.93,17248.30,8 de outubro de 2025,19 de junho de 2027,transferência,Sim,20,em dia
369,1331,4229107-99.2020.7.61.3978,"R$ 31.414,69",3,0,0.00,,28/06/2022,2025-01-14,Boleto,não,25%,quitado
370,1239,4140100-24.2024.4.63.7178,"R$ 78.137,43",11,1,7103.40,71034.00,20 de fevereiro de 2026,15 de abril de 2027,TED,,20,atrasado
371,1014,6018860-77.2022.1.94.1315,"73744,41",3,0,"R$ 0,00","R$ 73.744,41",17/01/21,08/03/2026,transferência,sim,15%,atrasado
372,266,3376786-12.2020.7.64.5093,44357.18,11,2,8064.94,35876.41,16 de dezembro de 2023,05/11/2026,TED,Sim,15%,quitado
373,711,9498791-62.2022.6.73.9564,74955.13,2,1,37477.57,,2024-11-01,2026-01-21,boleto,não,15%,ATRASADO
374,1390,5438623-45.2022.4.51.7250,64510.61,12,5,"R$ 26.879,40",37631.16,03/12/2021,24 de abril de 2026,TED,sim,15%,quitado
375,690,2554938-48.2024.1.13.4544,"R$ 41.683,91",4,1,"R$ 10.420,98",31262.94,2021-05-23,2026-03-30,TED,nao,20,
376,880,9953454-93.2020.2.52.5723,24496.74,2,1,"R$ 12.248,37","R$ 12.248,37",19/04/22,05/03/24,transferência,N,15%,em dia
377,1108,1557680-16.2021.4.16.4031,40001.01,12,6,20000.52,"20446,38",2024-09-18,27 de julho de 2024,Boleto,nao,0.23,quitado
378,1245,1742202-63.2023.6.68.9372,28645.93,3,3,"R$ 28.645,92",,01/10/24,21/05/2024,TED,N,15%,
379,1299,7999133-20.2023.7.26.1121,"R$ 57.850,29",3,1,19283.43,38566.86,19/09/2021,13/11/2025,boleto,não,15%,atrasado
380,1104,2895065-46.2022.7.67.1438,41402.99,9,4,18401.32,23001.65,22/11/2020,18/02/2024,Boleto,não,29%,Em Dia
381,1182,1757615-27.2025.7.10.3762,70810.62,12,4,23603.52,"47207,04",30/11/2021,2026-08-03,transferência,N,28%,Em Dia
382,928,8735892-74.2025.8.18.9411,"R$ 57.663,40",4,1,14415.85,43247.55,21/09/22,16 de fevereiro de 2024,TED,,20,ATRASADO
383,1050,5401874-62.2025.2.46.8337,"R$ 5.650,10",2,1,"R$ 2.825,05","R$ 2.825,05",06/02/2023,2026-11-15,pix,Sim,20,quitado
384,101,5035093-45.2021.1.27.3097,78665.14,3,1,26221.71,"52933,95",13/01/2020,22 de novembro de 2025,boleto,,15%,ATRASADO
385,79,4768255-51.2022.4.94.5695,74382.66,6,6,74382.66,0.00,04/04/20,14/11/25,transferência,S,22%,quitado
386,645,6105303-92.2021.4.39.3868,65443.48,10,10,65443.50,0.00,2020-05-18,29/12/25,TED,nao,15%,quitado
387,1322,1974389-81.2024.5.57.9354,44473.84,8,5,27796.15,16677.69,23/11/22,2024-07-17,transferência,não,0.14,em dia
388,1329,4134515-43.2021.8.70.4879,34190.86,12,10,28492.40,"5698,48",14 de dezembro de 2023,26/12/24,boleto,nao,,
389,1119,3054975-46.2023.4.85.5879,5767.50,10,8,"R$ 4.614,00",1153.50,05/12/24,07/12/2024,transferência,não,,atrasado
390,760,5826200-20.2025.1.91.8748,51678.13,6,2,17226.04,34452.08,28/07/21,3 de fevereiro de 2024,boleto,S,20,quitado
391,1045,7245951-43.2021.4.11.7623,70663.42,6,6,70663.44,0.00,02/11/24,02/04/2027,boleto,N,20,em dia
392,222,8381610-96.2020.6.26.2533,62582.78,3,3,62582.79,"R$ 102,11",14/01/24,03/12/25,pix,não,15%,quitado
393,1286,3496733-55.2020.2.43.8503,43749.88,8,7,38281.11,"R$ 5.468,73",29/05/21,07/04/2027,PIX,Sim,,quitado
394,147,2490107-19.2023.9.10.7930,"R$ 62.453,86",10,7,43717.73,18736.17,24 de dezembro de 2021,30/01/2024,boleto,,15%,
395,111,9686751-57.2022.7.62.3494,60755.21,4,0,0.00,60755.20,09/09/20,28/07/2025,PIX,Sim,,quitado
396,1024,5451988-41.2020.2.82.4041,32746.40,5,3,19647.84,13098.56,11/10/2022,14/10/2026,transferência,não,0.26,atrasado
397,351,6384831-67.2022.5.89.7429,59844.24,5,3,35906.55,23937.70,08/09/2021,2024-04-15,Boleto,nao,0.24,atrasado
398,576,6982910-41.2023.8.91.8758,35158.30,1,0,0,35158.30,2020-04-01,21/02/27,pix,,,Em Dia
399,841,6524227-53.2025.1.97.6214,25130.50,9,3,8376.84,16753.68,09/03/22,2024-02-13,transferência,Sim,0.28,Em Dia
400,1149,8735892-74.2025.8.18.9411,"R$ 64.949,07",4,1,16237.27,49038.56,2025-10-03,2025-11-16,transferência,,15%,
401,1460,5747786-52.2023.7.30.3750,75966.14,6,1,12661.02,63305.10,11 de dezembro de 2025,19/03/2025,PIX,Sim,15%,Em Dia
402,1484,6547287-16.2023.4.15.7491,7557.97,8,2,1889.50,5668.50,08/12/25,27/05/2027,transferência,nao,,atrasado
403,549,2341370-92.2024.9.60.8122,18660.79,5,3,11196.48,7464.32,6 de julho de 2020,15/11/2024,transferência,nao,20,
404,1357,6334947-38.2020.4.71.6173,22676.06,9,2,"5039,12","R$ 17.636,92",06/07/25,18/09/26,Boleto,Sim,25%,quitado
405,204,7323234-16.2020.9.59.5035,"R$ 25.805,15",3,2,17203.44,"R$ 8.601,72",06/11/2022,18/03/24,Boleto,Sim,26%,
406,1376,2019436-32.2020.6.16.9856,51354.56,8,8,51354.56,0.00,2020-06-28,21/12/26,TED,sim,29%,quitado
407,818,2316290-44.2022.7.34.5190,75550.01,9,8,"R$ 67.155,60",,10/12/2023,24/03/24,PIX,nao,,Em Dia
408,371,3168718-77.2025.2.92.8027,62541.99,8,6,46906.50,"15635,5",19 de fevereiro de 2020,10 de janeiro de 2024,Boleto,não,15%,atrasado
409,1323,1353022-94.2023.9.79.1203,19569.61,8,3,7338.60,"R$ 12.231,00",26 de janeiro de 2022,2025-03-10,pix,N,20,ATRASADO
410,694,9110060-16.2025.2.29.4716,71580.59,3,1,23860.20,47720.40,19/10/24,2025-11-25,Boleto,S,,em dia
411,377,6370110-64.2022.3.52.8440,48078.32,8,7,42068.53,6009.79,2020-06-25,26/02/2025,pix,não,,
412,94,2869625-86.2025.7.14.5837,37612.82,3,0,0.00,37612.83,2020-11-07,2025-11-08,PIX,,0.26,ATRASADO
413,251,1099617-37.2023.9.61.1793,"R$ 32.926,46",4,1,8231.61,24694.83,18/09/2021,19/11/2026,Boleto,não,20,em dia
414,1425,1024421-54.2022.9.20.2563,67101.21,12,3,16775.31,50325.93,2021-03-26,11/05/25,transferência,N,,ATRASADO
415,813,4687348-31.2023.1.92.6907,"37339,67",11,6,20367.12,16972.60,21/11/2024,8 de julho de 2024,pix,Sim,20,quitado
416,233,2294596-63.2020.6.38.9193,"R$ 4.124,48",11,8,"R$ 2.999,60",1124.85,13 de setembro de 2025,30/06/2027,TED,,20,em dia
417,518,4452862-76.2021.3.27.3238,52326.47,5,3,31395.87,20930.58,18/03/2020,2027-02-04,Boleto,S,20,ATRASADO
418,1155,6334947-38.2020.4.71.6173,"49327,79",1,0,0.00,"R$ 49.327,79",2021-08-17,2024-01-29,boleto,Sim,24%,atrasado
419,361,2191287-57.2021.1.18.8228,74858.97,10,3,"R$ 22.457,70","R$ 52.401,30",22 de maio de 2023,23/08/2026,transferência,N,,Em Dia
420,136,9108785-98.2021.3.78.6687,4762.23,8,1,595.28,"4166,96",2024-12-05,27 de fevereiro de 2024,pix,N,20,atrasado
421,1418,6096719-87.2023.1.41.6180,12787.66,11,8,9300.08,3592.50,21/11/2022,13/11/24,pix,não,0.27,
422,9,3588109-63.2023.1.26.4223,52819.60,8,7,46217.15,6602.45,17/05/21,08/04/2025,boleto,nao,0.14,Em Dia
423,785,5953905-94.2022.5.44.3245,9791.70,12,9,7343.82,2886.49,28 de agosto de 2020,2027-01-10,TED,sim,21%,quitado
424,1211,6694761-39.2022.1.10.2199,73075.46,8,8,73075.44,0,24/12/2025,2025-10-09,Boleto,Sim,,quitado
425,931,7438163-48.2021.3.47.1186,24046.08,4,0,0.00,24046.08,2020-06-07,03/07/25,TED,sim,20,em dia
426,465,8572382-61.2025.1.41.7172,"13091,94",3,3,13091.94,341.58,14/06/25,07/05/2027,boleto,sim,15%,em dia
427,610,8168054-14.2024.6.50.1232,32824.11,8,6,24618.06,8206.02,21 de janeiro de 2024,2025-05-01,boleto,sim,15%,Em Dia
428,301,8368372-34.2020.6.43.9691,"55528,89",7,5,39663.50,16211.00,02/01/26,22 de agosto de 2026,transferência,sim,0.18,em dia
429,721,6416661-36.2021.8.21.8496,32881.66,10,4,13152.68,19729.02,13 de dezembro de 2020,20/09/26,TED,não,0.29,quitado
430,295,8368372-34.2020.6.43.9691,8392.74,12,11,"R$ 7.693,29",699.39,2024-10-05,26 de junho de 2025,TED,Sim,,ATRASADO
431,1395,3542799-64.2025.6.13.7299,"R$ 79.337,71",3,2,52891.80,26445.90,18 de maio de 2020,09/10/2024,boleto,sim,20,
432,525,4584224-94.2025.2.57.2511,"63968,75",12,0,0.00,63968.76,2023-08-07,27/11/2025,TED,,0.20,em dia
433,52,7840442-26.2025.9.53.5093,49151.78,5,5,49151.80,0.00,07/02/2025,04/06/26,Boleto,S,20,quitado
434,1285,8368372-34.2020.6.43.9691,6110.42,11,1,555.49,5554.90,14/04/26,28/03/26,pix,não,22%,Em Dia
435,456,2100417-68.2021.7.29.9662,26322.93,2,1,13161.47,13161.47,10 de dezembro de 2021,28/11/2026,boleto,,15%,em dia
436,1449,5050722-10.2024.8.29.4298,"64763,11",3,3,64763.10,0.00,2024-10-26,2025-12-30,TED,não,,quitado
437,21,7862554-22.2024.7.83.6459,48420.53,2,0,0.00,"48420,52",25 de setembro de 2022,2026-04-17,pix,Sim,0.27,em dia
438,1133,4314934-26.2021.7.14.7244,17883.71,6,0,"R$ 0,00",17883.72,29/01/2023,15/10/2026,TED,sim,15%,atrasado
439,1220,5472823-70.2022.4.41.7624,50250.27,3,0,"R$ 0,00",50702.32,01/05/2025,08/09/26,Boleto,Sim,,quitado
440,139,4314934-26.2021.7.14.7244,75021.51,5,1,"R$ 15.004,30","R$ 60.017,20",08/04/2024,20/01/24,pix,nao,0.16,quitado
441,883,8678370-92.2025.7.35.9962,20284.07,4,3,15213.06,"R$ 5.071,02",16/09/2023,08/06/27,boleto,sim,17%,quitado
442,1007,9498791-62.2022.6.73.9564,37047.03,1,0,"R$ 0,00",37011.39,02/08/2021,18/10/26,TED,sim,20,
443,521,7765112-69.2024.9.62.5648,54070.71,8,5,33794.20,20276.52,12/03/24,18/07/2025,PIX,,0.24,quitado
444,1302,7274275-74.2020.1.22.9780,37074.25,10,8,29659.44,"R$ 7.414,86",15/10/2024,10/02/24,pix,não,10%,quitado
445,1052,8168054-14.2024.6.50.1232,62231.32,7,5,44450.95,17780.38,11 de maio de 2022,09/11/25,pix,não,17%,quitado
446,1007,1735592-50.2022.9.87.5612,61647.53,10,7,43153.25,"18494,25",16/10/20,2024-08-02,transferência,não,0.26,quitado
447,1048,8381610-96.2020.6.26.2533,27891.82,5,1,"R$ 5.578,36",,12/01/2024,28/06/26,TED,S,23%,atrasado
448,1318,5210656-44.2021.1.39.2474,8129.29,12,9,"R$ 6.096,96",2032.32,23/03/2024,27/10/2026,pix,nao,20,ATRASADO
449,428,1628717-84.2025.8.67.8313,74328.39,1,1,74328.39,0.00,10 de julho de 2020,12 de julho de 2024,Boleto,Sim,,quitado
450,518,1754781-28.2025.6.89.2162,65797.41,4,0,0.00,65797.40,2025-11-07,2027-04-10,boleto,Sim,11%,quitado
451,229,9898363-27.2020.4.89.2966,7440.94,1,0,"R$ 0,00",7755.17,2021-11-30,14/10/2025,Boleto,,0.23,atrasado
452,188,4085001-92.2022.6.76.8938,"51241,15",12,1,"R$ 4.270,10",46971.10,2022-03-13,28/10/2026,Boleto,não,0.24,quitado
453,1235,2016341-89.2023.7.48.2724,15834.42,3,1,5278.14,"10946,62",27/09/2020,2026-09-06,PIX,,20,quitado
454,1049,1311508-84.2020.3.38.8512,40344.46,8,1,"R$ 5.043,06","35301,42",2023-07-27,12/01/25,TED,sim,15%,em dia
455,1096,1614850-25.2020.8.85.3161,53289.58,1,0,0.00,"R$ 53.289,58",01/04/2021,11/08/26,TED,,20,atrasado
456,757,7271178-97.2023.5.84.4243,"R$ 27.107,80",6,1,4517.97,"R$ 22.589,85",2024-11-30,2025-09-22,pix,sim,23%,Em Dia
457,1082,6075721-43.2020.9.85.8738,"R$ 65.077,16",1,1,65077.16,"R$ 123,06",2022-02-18,01/02/24,boleto,S,0.18,
458,1058,7438163-48.2021.3.47.1186,9909.56,9,7,7707.42,"2202,12",2021-11-21,28 de agosto de 2026,PIX,Sim,0.17,Em Dia
459,1316,1833330-93.2025.8.61.3405,70092.98,5,0,"R$ 0,00","R$ 70.535,09",2026-04-23,2025-10-30,pix,S,,atrasado
460,1059,5631823-61.2020.5.47.1440,74207.24,7,3,"R$ 31.803,09",42404.12,28/12/25,15/08/24,boleto,,20,quitado
461,99,4140100-24.2024.4.63.7178,38044.36,8,7,33288.85,4755.55,21/05/2021,2025-09-16,Boleto,não,15%,em dia
462,508,7724543-49.2023.9.44.7412,67846.58,10,4,27138.64,40707.96,2023-10-13,14 de setembro de 2026,boleto,,,
463,203,2545435-52.2025.3.59.7623,"R$ 37.555,09",2,1,18777.54,"R$ 18.777,54",09/02/2021,3 de maio de 2025,boleto,N,,quitado
464,343,7245951-43.2021.4.11.7623,"24088,22",10,8,19270.56,4817.64,2024-12-21,06/02/27,TED,não,0.17,em dia
465,1189,3464073-25.2022.8.73.5075,33793.25,12,4,11264.40,22528.80,27/07/25,2026-03-17,boleto,não,15%,quitado
466,495,6260319-38.2024.8.96.1114,19711.20,1,0,0.00,19711.20,1 de dezembro de 2021,2025-06-25,PIX,S,15%,ATRASADO
467,446,1165147-13.2020.2.47.5874,67452.50,7,6,57816.42,9636.07,12/12/21,13 de junho de 2025,Boleto,S,15%,ATRASADO
468,603,6053412-12.2021.6.72.8346,76007.03,2,0,0.00,76007.02,2021-12-25,2027-04-29,Boleto,N,11%,quitado
469,1127,1095980-10.2020.7.77.8313,69679.69,1,0,0.00,69679.69,02/01/2020,2026-09-01,PIX,nao,0.15,atrasado
470,324,9573194-21.2022.1.35.8352,41422.01,3,1,13807.34,27614.68,20/03/2026,4 de abril de 2027,transferência,sim,23%,Em Dia
471,514,9573194-21.2022.1.35.8352,62447.60,7,3,26763.27,"R$ 35.684,36",09/10/23,02/10/2024,TED,sim,24%,quitado
472,1209,7110796-41.2020.3.80.5362,"58227,23",12,6,29113.62,29113.62,17 de abril de 2024,1 de janeiro de 2025,pix,,20,quitado
473,1267,8323566-47.2021.3.26.4644,"R$ 11.586,14",4,2,5793.06,"6292,27",26/08/2021,12/03/25,PIX,nao,11%,quitado
474,624,4131852-60.2020.1.89.9739,"38912,12",6,1,"R$ 6.485,35",32426.75,2025-02-19,23/06/27,PIX,Sim,15%,atrasado
475,875,2842764-33.2025.7.99.7279,8753.84,5,4,7003.08,1750.77,2021-05-13,4 de janeiro de 2027,pix,N,21%,quitado
476,398,8678370-92.2025.7.35.9962,52034.08,7,2,"14866,88",37167.20,2021-09-24,13/07/2025,boleto,N,15%,quitado
477,480,7438163-48.2021.3.47.1186,"24039,78",11,2,4370.86,19668.87,2022-03-01,2025-08-30,TED,S,0.24,Em Dia
478,1393,8714773-70.2022.9.65.8541,"48303,72",5,3,28982.22,19321.48,27 de outubro de 2023,03/06/2027,Boleto,Sim,13%,atrasado
479,456,5422047-80.2024.8.62.4364,16875.14,12,11,15468.86,"R$ 1.406,26",04/06/21,28 de julho de 2025,pix,,20,quitado
480,662,2660213-63.2022.6.50.8366,15522.68,7,1,"R$ 2.217,53",13305.18,23 de setembro de 2022,23/04/26,TED,não,20,quitado
481,933,4326518-76.2023.4.36.8530,76080.18,11,7,48414.66,27665.52,5 de setembro de 2023,2024-10-27,TED,não,0.13,
482,927,5492622-29.2021.9.92.7737,45003.52,6,4,30002.36,15001.18,18/11/2021,31/12/2025,boleto,não,0.14,quitado
483,42,7136189-41.2024.2.60.1768,77342.46,4,2,38671.24,38472.98,10 de novembro de 2023,9 de junho de 2027,Boleto,,20,ATRASADO
484,1343,9302979-43.2025.9.68.7487,"R$ 16.646,04",7,0,0,"16646,07",17/10/25,2026-09-13,PIX,não,0.12,em dia
485,849,5853247-29.2020.7.62.8870,"48486,49",4,4,48486.48,0.00,05/01/24,7 de fevereiro de 2025,boleto,nao,,em dia
486,29,4061044-97.2023.7.99.3676,45456.65,7,2,12987.62,32469.05,8 de julho de 2021,1 de janeiro de 2024,TED,S,,
487,622,5438623-45.2022.4.51.7250,69643.58,4,0,0.00,,2024-04-07,4 de agosto de 2026,PIX,N,0.18,quitado
488,392,7243958-65.2020.5.25.5047,43887.24,3,0,0.00,43887.24,2022-03-01,16/02/2024,Boleto,N,0.18,ATRASADO
489,1381,5967836-10.2021.4.35.9671,6523.77,4,0,0.00,6523.76,18 de novembro de 2024,19/04/2025,PIX,Sim,0.16,atrasado
490,1021,5271615-59.2021.2.54.6844,18650.34,1,1,18650.34,,26 de novembro de 2024,1 de abril de 2026,pix,não,15%,
491,424,8588997-88.2020.6.29.5987,"R$ 42.246,79",9,9,"42246,81","R$ 0,00",07/05/21,08/09/24,pix,sim,20,quitado
492,540,2519059-58.2022.7.86.4385,10238.15,8,5,6398.85,3839.31,08/10/2023,11 de outubro de 2026,pix,Sim,29%,Em Dia
493,622,9898363-27.2020.4.89.2966,63048.67,11,2,11463.40,51585.30,07/04/2024,8 de setembro de 2025,pix,nao,20,em dia
494,1039,2837371-36.2022.7.88.5428,69461.53,10,4,27784.60,41676.90,24 de março de 2020,31/08/2025,Boleto,,15%,ATRASADO
495,952,2480014-80.2024.2.29.9847,79267.54,12,3,19816.89,59450.67,5 de fevereiro de 2025,2 de novembro de 2024,boleto,nao,,
496,869,1754781-28.2025.6.89.2162,16269.10,10,2,3253.82,13015.28,02/12/2021,29 de junho de 2026,transferência,,19%,quitado
497,1460,6053412-12.2021.6.72.8346,15687.20,11,2,2852.22,"R$ 12.834,99",8 de agosto de 2023,2026-01-29,TED,N,15%,atrasado
498,147,8168450-48.2020.2.65.4570,41566.83,10,6,24940.08,16626.72,2020-12-19,2026-06-07,Boleto,Sim,24%,em dia
499,1077,6384831-67.2022.5.89.7429,"R$ 51.262,35",11,0,0.00,51262.31,2025-07-26,04/11/26,transferência,não,18%,quitado
500,883,5755257-93.2020.8.44.2882,"R$ 28.093,76",1,1,"R$ 28.093,76",0.00,18/12/21,21 de novembro de 2025,TED,Sim,30%,Em Dia
501,490,5867457-18.2023.9.16.7298,10352.00,3,3,10352.01,0.00,15/02/26,11/06/25,transferência,,0.25,quitado
502,488,5733649-38.2020.2.35.3379,"29277,85",5,4,23422.28,5855.57,2021-06-18,17 de abril de 2025,TED,nao,15%,ATRASADO
503,314,8590346-68.2020.7.63.7780,25357.04,10,8,20285.60,5071.40,29 de outubro de 2020,2025-05-25,TED,S,0.18,Em Dia
504,751,5660649-86.2020.5.86.9291,38731.98,9,4,17214.20,21517.75,31 de agosto de 2021,17/03/24,PIX,,27%,quitado
505,388,1896520-28.2021.5.90.5374,"20351,74",11,10,18501.60,1850.16,1 de março de 2025,2024-12-20,PIX,S,15%,
506,255,1964519-55.2020.7.58.6781,9990.34,11,11,9990.31,0.00,12/05/2021,12/09/2024,transferência,não,15%,quitado
507,129,7789809-22.2020.1.73.9031,77389.59,12,0,0.00,,3 de janeiro de 2026,23/01/2027,pix,N,,quitado
508,435,4687348-31.2023.1.92.6907,61138.96,8,7,53496.59,7642.37,25 de abril de 2022,31/03/27,boleto,N,20,atrasado
509,859,2186433-37.2022.2.12.4344,51741.42,5,0,0,51741.40,31/10/22,2024-02-18,transferência,não,,
510,603,7320713-89.2022.3.68.7881,27002.39,2,0,0,27002.38,2022-10-31,2 de julho de 2024,Boleto,não,,ATRASADO
511,911,2837371-36.2022.7.88.5428,68951.70,4,1,17237.92,51998.79,27/07/20,22/01/2024,Boleto,nao,15%,em dia
512,280,9425559-65.2022.6.99.1309,27649.60,7,2,"R$ 7.899,88",19749.70,25/03/25,14/04/24,transferência,Sim,0.24,em dia
513,424,1346701-74.2024.1.65.8985,51545.61,3,2,34363.74,16839.42,12/01/26,19 de setembro de 2026,TED,sim,27%,quitado
514,1340,5947618-28.2023.6.53.6118,39432.12,3,1,13144.04,26288.08,27/12/2020,10/01/2026,Boleto,sim,20,quitado
515,209,5289264-48.2020.4.41.6347,32305.33,3,0,0.00,32305.32,2020-11-19,03/02/2027,PIX,N,20%,em dia
516,339,9214397-26.2023.4.18.6844,56743.08,11,4,20633.84,36109.22,24/09/2023,4 de junho de 2026,PIX,N,,quitado
517,1029,4134515-43.2021.8.70.4879,25862.98,1,0,0.00,25862.98,2024-12-14,3 de novembro de 2025,Boleto,nao,,quitado
518,205,3054975-46.2023.4.85.5879,42263.33,1,1,42263.33,0.00,03/12/23,20/07/24,transferência,nao,,Em Dia
519,1351,5625093-80.2022.9.16.6618,29613.75,6,2,9871.24,19742.48,27 de março de 2020,2026-01-06,pix,S,0.22,em dia
520,224,8530609-10.2021.5.41.7151,29058.62,7,1,"R$ 4.151,23",24907.38,6 de dezembro de 2022,2025-06-25,boleto,Sim,0.15,quitado
521,305,3168718-77.2025.2.92.8027,26317.39,2,0,0.00,26317.38,2023-07-19,2026-04-21,boleto,nao,20,atrasado
522,99,9076234-78.2023.3.90.2702,7244.00,8,8,"R$ 7.244,00",0.00,2021-04-25,12 de junho de 2024,boleto,N,,atrasado
523,232,8157599-64.2024.2.89.5276,16599.15,2,1,8299.58,8299.58,9 de fevereiro de 2023,10/03/2026,pix,sim,15%,
524,288,4065326-72.2025.8.58.5304,19544.11,10,2,"3908,82",15635.28,14/09/2025,2025-11-09,TED,Sim,,ATRASADO
525,777,1931030-34.2024.8.48.5319,22746.48,12,8,15164.32,"R$ 7.582,16",17/09/24,14 de abril de 2026,transferência,sim,20,Em Dia
526,1063,7951127-89.2024.1.63.3502,8252.15,4,4,8252.16,0.00,12 de maio de 2020,20 de setembro de 2026,pix,nao,15%,atrasado
527,844,1557680-16.2021.4.16.4031,66583.29,10,8,53266.64,"R$ 13.316,66",23 de maio de 2022,2024-01-14,TED,sim,28%,em dia
528,1219,1165147-13.2020.2.47.5874,18122.95,4,3,"13592,22","4530,74",1 de maio de 2026,23 de novembro de 2024,boleto,Sim,,quitado
529,1266,3924425-56.2021.9.58.2912,35723.61,7,3,"R$ 15.310,11",20413.48,2025-07-07,11/07/2025,transferência,S,,Em Dia
530,135,5786762-52.2021.9.21.3037,14437.08,10,3,"4331,13",10105.97,23/10/2020,6 de outubro de 2025,pix,S,,
531,918,2824928-33.2020.1.90.6467,61734.21,5,0,"R$ 0,00","R$ 61.836,73",13 de julho de 2025,12 de outubro de 2024,Boleto,nao,28%,atrasado
532,860,2118934-75.2023.5.97.9563,29470.46,10,9,26523.45,2947.05,5 de outubro de 2021,26 de junho de 2027,PIX,nao,15%,Em Dia
533,846,6865513-17.2021.7.21.3938,49915.69,9,1,5546.19,44369.52,25/02/26,28/12/2024,boleto,S,0.26,quitado
534,1288,6368709-92.2024.7.99.9426,40841.49,6,2,13613.82,"27227,64",2022-07-21,2027-03-05,transferência,não,20,em dia
535,126,8936104-83.2022.1.39.7934,9277.87,12,10,7731.60,1546.32,2022-05-30,28/02/2025,TED,S,20,
536,557,7223110-52.2024.2.44.8994,7821.44,3,3,"7821,450000000001",0.00,01/10/20,2025-10-14,boleto,não,25%,atrasado
537,404,8157599-64.2024.2.89.5276,47220.67,7,1,6745.81,40474.86,13 de outubro de 2022,29 de maio de 2024,Boleto,sim,15%,quitado
538,1107,1742202-63.2023.6.68.9372,68928.00,7,6,59081.16,"10226,79",15 de novembro de 2022,10 de janeiro de 2026,transferência,nao,15%,Em Dia
539,1378,5271615-59.2021.2.54.6844,47664.25,10,10,47664.30,0.00,24 de setembro de 2025,03/10/26,pix,N,10%,quitado
540,1107,8936104-83.2022.1.39.7934,23204.19,6,3,"11602,08","R$ 11.602,08",2025-05-26,01/08/26,PIX,,20,quitado
541,831,1248003-72.2024.2.80.8472,16114.21,6,1,2685.70,13428.50,8 de maio de 2025,2025-10-29,pix,,0.18,quitado
542,475,9302979-43.2025.9.68.7487,"R$ 66.424,94",2,2,"R$ 66.424,94",0.00,2021-01-08,19/10/2025,transferência,N,,atrasado
543,1322,5432782-56.2021.2.97.6240,46453.36,4,0,0,46453.36,11/01/20,09/08/24,TED,,27%,Em Dia
544,1256,6003915-30.2025.6.37.7681,37367.17,3,0,"R$ 0,00",37367.16,2025-06-09,24/12/25,pix,sim,24%,atrasado
545,857,7840442-26.2025.9.53.5093,"R$ 24.392,45",4,2,12196.22,12196.22,2026-04-11,2 de junho de 2027,TED,não,20,em dia
546,761,1628717-84.2025.8.67.8313,"8935,14",11,0,0.00,8935.19,2026-02-23,2026-01-24,boleto,não,15%,
547,878,3766710-17.2025.4.91.1472,3358.81,5,1,671.76,2687.04,29/05/25,05/09/26,boleto,S,20,em dia
548,701,1621418-87.2020.9.55.9337,24321.53,1,1,24321.53,"R$ 421,50",2023-01-13,23/08/2025,Boleto,,26%,Em Dia
549,764,1754781-28.2025.6.89.2162,36972.79,11,10,"33611,6",,14 de maio de 2020,07/05/24,TED,nao,15%,
550,145,2480014-80.2024.2.29.9847,41034.78,3,3,41034.78,0.00,28/10/24,15 de julho de 2024,pix,nao,15%,ATRASADO
551,794,8986773-71.2022.6.45.5854,51011.23,2,0,"R$ 0,00",51011.24,12 de abril de 2023,24/07/2026,pix,não,20,quitado
552,1469,7245951-43.2021.4.11.7623,24517.50,9,7,19069.19,5448.34,25/03/24,24/07/2025,transferência,sim,20,Em Dia
553,773,6370110-64.2022.3.52.8440,29257.68,4,2,14628.84,"R$ 14.628,84",2020-02-27,4 de novembro de 2024,PIX,N,0.19,em dia
554,899,7724543-49.2023.9.44.7412,6285.97,10,7,4400.20,1885.80,14/08/2021,2026-03-06,TED,Sim,15%,quitado
555,101,7840442-26.2025.9.53.5093,31030.27,3,3,31030.26,0.00,09/04/2022,26 de março de 2025,boleto,nao,0.25,quitado
556,1094,6865513-17.2021.7.21.3938,"68034,52",8,3,25512.96,42521.60,2020-07-09,17/06/2027,PIX,sim,16%,quitado
557,569,3306375-34.2024.9.48.9154,71375.31,5,1,14275.06,57100.24,16/03/2025,24/10/2025,PIX,Sim,20,atrasado
558,988,6036037-32.2025.3.53.7515,19481.43,10,7,"R$ 13.636,98",5844.42,13/04/2022,23/12/2025,PIX,não,20,quitado
559,604,1346701-74.2024.1.65.8985,64867.10,6,1,10811.18,54055.90,3 de janeiro de 2025,2026-09-28,Boleto,sim,20,ATRASADO
560,966,5700249-43.2020.5.57.9341,10393.39,5,3,"R$ 6.236,04","R$ 4.157,36",21 de junho de 2020,22/07/2026,PIX,não,10%,ATRASADO
561,1206,4064382-39.2022.4.13.8937,"R$ 22.404,53",3,3,22404.54,"R$ 0,00",2026-02-23,2024-06-18,PIX,N,17%,
562,1056,3879233-61.2024.5.30.1494,43021.44,5,3,25812.87,17208.58,16/07/20,2025-11-05,Boleto,N,0.18,em dia
563,713,6425355-10.2021.6.53.2041,"R$ 12.977,60",3,2,"R$ 8.651,74","R$ 4.325,87",20/06/2024,2024-04-13,transferência,Sim,0.14,quitado
564,840,2545435-52.2025.3.59.7623,19758.53,11,1,1796.23,17962.30,13 de agosto de 2021,2025-12-11,TED,nao,20%,Em Dia
565,1068,7722274-26.2024.9.14.7062,24641.36,4,2,12320.68,12320.68,29/07/23,2024-06-11,pix,N,18%,atrasado
566,701,2997279-67.2024.9.84.1441,37891.89,2,0,0.00,"R$ 37.891,88",14/05/22,21 de junho de 2026,Boleto,,,em dia
567,1089,1784068-27.2021.3.12.2538,75019.55,11,8,54559.68,20459.88,23/06/23,2024-07-03,PIX,não,,
568,528,7749444-78.2021.1.20.8763,10259.30,7,4,5862.44,4396.83,31/08/24,2024-12-24,transferência,não,0.13,
569,626,6416661-36.2021.8.21.8496,"R$ 10.310,32",2,1,"R$ 5.155,16",5155.16,2025-08-28,9 de setembro de 2026,Boleto,Sim,15%,Em Dia
570,632,7749444-78.2021.1.20.8763,15776.41,2,0,0.00,15776.40,12 de fevereiro de 2022,2026-04-23,Boleto,S,13%,em dia
571,356,2019436-32.2020.6.16.9856,41902.56,2,0,0.00,41902.56,12/03/2025,2027-06-17,pix,não,0.18,
572,102,9214397-26.2023.4.18.6844,37951.41,3,2,25300.94,"R$ 12.552,39",13/02/2025,7 de abril de 2026,boleto,não,15%,em dia
573,1368,4180949-86.2020.3.26.7593,48866.87,9,8,43437.20,"R$ 5.429,65",27/10/24,2027-01-12,boleto,não,20,
574,352,1185885-59.2023.7.19.8433,"63353,4",8,7,"R$ 55.434,26","R$ 7.919,18",2020-01-08,2027-05-01,PIX,Sim,0.18,atrasado
575,1390,9774395-92.2023.2.75.3192,"R$ 76.037,90",10,6,45622.74,"30415,16",10 de março de 2021,8 de junho de 2025,Boleto,sim,20,ATRASADO
576,55,7243958-65.2020.5.25.5047,"70597,2",2,0,0.00,70597.20,2024-06-17,6 de julho de 2025,pix,S,,Em Dia
577,481,6779292-61.2021.4.86.2783,"R$ 78.309,54",10,3,23492.85,,2025-12-06,2024-05-16,transferência,não,15%,em dia
578,175,1896520-28.2021.5.90.5374,"51282,25",5,0,"R$ 0,00",51282.25,01/10/25,15/08/2025,TED,nao,,quitado
579,778,5462435-11.2024.9.85.2977,35526.43,11,9,29067.12,6459.36,2023-06-25,2025-11-05,transferência,não,0.20,atrasado
580,127,5747786-52.2023.7.30.3750,8228,9,8,7313.76,914.22,2024-01-22,8 de janeiro de 2025,PIX,N,20,ATRASADO
581,1471,7082985-88.2022.2.94.6058,63123.58,3,0,0.00,"R$ 63.123,57",21 de fevereiro de 2026,2024-07-18,boleto,não,20,em dia
582,1370,2519059-58.2022.7.86.4385,12349.18,10,10,12349.20,0.00,02/08/2025,06/04/25,TED,Sim,,em dia
583,1077,8574876-96.2020.7.97.4673,"78246,68",11,5,35566.65,,2022-04-24,21 de novembro de 2025,TED,S,15%,quitado
584,1103,3588109-63.2023.1.26.4223,3082.50,6,3,1541.25,1560.83,2022-12-06,31/12/24,PIX,nao,,quitado
585,404,7438163-48.2021.3.47.1186,24855.86,9,1,2761.76,22094.08,19 de fevereiro de 2026,14 de maio de 2027,pix,nao,15%,atrasado
586,1313,5901155-82.2023.2.89.7717,20421.53,3,2,13614.36,7291.00,12 de abril de 2024,02/11/2025,PIX,não,15%,quitado
587,539,9252661-70.2020.1.46.1185,45891.36,1,0,0.00,45891.36,19 de outubro de 2023,2025-07-01,Boleto,sim,,
588,622,1633270-27.2024.2.52.7034,51891.04,3,0,0.00,52225.58,2022-07-28,2025-12-26,PIX,nao,15%,quitado
589,1096,2411026-52.2022.6.26.7373,20158.23,10,4,8063.28,12094.92,27/12/2020,03/02/2025,PIX,sim,15%,Em Dia
590,230,4824419-32.2024.5.47.3265,53960.58,5,5,53960.60,0.00,28 de maio de 2023,8 de maio de 2025,Boleto,S,0.11,quitado
591,1371,2397582-22.2023.9.93.4223,66865.36,2,1,33432.68,33640.99,30 de julho de 2025,03/03/2027,transferência,sim,23%,quitado
592,324,9992831-61.2022.4.35.1469,58525.07,9,2,13005.58,45519.53,2025-05-30,4 de junho de 2026,boleto,,,Em Dia
593,1493,7222167-30.2022.8.44.7452,34744.70,7,4,19854.12,14890.59,25 de março de 2021,17/12/2025,transferência,Sim,15%,
594,1037,5966644-82.2023.4.88.9951,71109.93,8,1,"8888,74",62221.18,27/03/2025,10/09/2026,PIX,,20,quitado
595,773,4065326-72.2025.8.58.5304,"R$ 14.912,21",3,3,"R$ 14.912,22",0.00,2026-01-08,13 de setembro de 2026,PIX,não,,quitado
596,1354,5492622-29.2021.9.92.7737,27033.57,3,1,9011.19,17873.70,14 de agosto de 2022,22/04/2026,pix,sim,0.17,atrasado
597,1143,7222167-30.2022.8.44.7452,77780.35,12,9,58335.30,19445.10,13/01/2021,28/01/2024,transferência,nao,20,em dia
598,321,8816646-78.2020.7.70.9224,"78725,74",8,3,29522.16,49203.60,25 de setembro de 2020,22/07/2026,Boleto,nao,0.14,Em Dia
599,1493,7848147-32.2021.6.58.3528,"56609,22",6,6,56609.22,0.00,2020-09-15,28 de janeiro de 2025,PIX,N,15%,em dia
600,254,8539686-69.2023.4.36.2235,"R$ 27.124,83",10,2,5424.96,"R$ 21.699,84",2021-01-27,29/09/26,PIX,não,,Em Dia
601,1422,4768255-51.2022.4.94.5695,19791.19,2,0,0,"19610,88",02/06/20,6 de março de 2025,Boleto,não,20,em dia
602,980,3922248-27.2025.1.42.4047,52269.33,4,0,0,52269.32,11 de abril de 2021,16 de maio de 2026,PIX,N,20,quitado
603,584,6260319-38.2024.8.96.1114,30391.91,2,0,0.00,30391.90,09/04/2020,21 de maio de 2026,TED,S,0.24,Em Dia
604,1293,9898363-27.2020.4.89.2966,25000.17,8,2,"6250,04",18750.12,22 de abril de 2020,12 de junho de 2024,boleto,nao,21%,ATRASADO
605,1078,8220628-15.2021.8.54.9077,11406.73,4,3,"8555,039999999999",2707.27,29/04/2020,20/10/24,Boleto,nao,,em dia
606,840,5625093-80.2022.9.16.6618,"R$ 40.944,86",9,9,40944.87,0.00,13/10/2021,15 de novembro de 2025,TED,,0.18,Em Dia
607,357,7486029-45.2024.4.25.3159,24783.94,4,2,12391.96,,2021-05-05,2024-05-01,transferência,Sim,20,Em Dia
608,1134,7320713-89.2022.3.68.7881,21000.81,11,5,9545.80,,13/07/23,11/11/26,PIX,nao,24%,quitado
609,603,1664676-19.2021.8.64.4616,65843.76,8,8,65843.76,0.00,19 de julho de 2021,7 de janeiro de 2025,PIX,N,0.13,quitado
610,1147,8530609-10.2021.5.41.7151,76728.74,1,1,76728.74,0.00,30 de dezembro de 2022,28 de janeiro de 2026,PIX,nao,15%,
611,732,3260101-88.2022.8.37.9169,"R$ 70.770,93",5,4,"56616,76",14154.19,2025-02-16,19/11/26,boleto,não,15%,ATRASADO
612,874,5786762-52.2021.9.21.3037,10158.61,7,3,4353.69,"R$ 5.804,92",29/11/2024,20/06/2026,TED,sim,19%,atrasado
613,546,1833330-93.2025.8.61.3405,14888.35,9,0,0.00,14888.34,2023-09-10,2026-08-17,boleto,,0.20,
614,893,4092125-65.2025.3.26.9073,"R$ 75.410,91",3,1,25136.97,,13 de março de 2023,2024-11-24,pix,sim,,em dia
615,888,5755257-93.2020.8.44.2882,45319.95,9,3,15106.65,,07/03/2025,2027-01-22,pix,,0.18,quitado
616,739,7323234-16.2020.9.59.5035,28713.66,6,0,0.00,28713.66,14/09/20,18/05/2026,pix,não,20,atrasado
617,1000,6339266-27.2025.5.15.6766,43541.57,10,8,"R$ 34.833,28",8708.32,05/07/2025,2027-05-10,transferência,nao,0.22,atrasado
618,1472,5514997-95.2024.1.84.8098,33565.38,3,3,33565.38,0.00,16/11/25,18/06/2024,Boleto,Sim,0.22,quitado
619,628,4938178-62.2020.7.27.6072,"60436,98",8,8,60436.96,"R$ 0,00",2021-11-27,14 de junho de 2025,Boleto,não,20,Em Dia
620,631,5462435-11.2024.9.85.2977,62940.36,1,1,62940.36,0.00,25/02/2023,08/12/2025,PIX,não,0.10,em dia
621,707,4460247-99.2024.9.97.4840,"9408,78",1,1,9408.78,0.00,1 de janeiro de 2026,03/06/27,Boleto,não,11%,Em Dia
622,260,7862554-22.2024.7.83.6459,"R$ 60.699,18",4,0,0.00,"R$ 60.699,20",2025-04-18,12/09/2025,PIX,Sim,20,
623,1161,4865461-96.2025.2.64.9143,14047.94,6,6,"14047,920000000002",0.00,31 de março de 2024,24/09/2025,transferência,não,13%,
624,1051,3496733-55.2020.2.43.8503,11068.38,6,1,1844.73,9490.04,02/03/2023,2024-05-31,transferência,não,15%,atrasado
625,754,4687348-31.2023.1.92.6907,29230.38,4,1,7307.60,21922.80,15/02/2026,26/12/2026,boleto,Sim,,Em Dia
626,1259,5035093-45.2021.1.27.3097,50286.84,4,3,37715.13,,2021-12-27,08/08/2025,PIX,Sim,,atrasado
627,69,8382607-83.2020.6.26.3936,47222.73,6,5,"39352,3",7870.46,12/12/2024,27/12/24,transferência,não,20,ATRASADO
628,605,6414076-16.2021.7.78.8273,12095.94,3,2,8063.96,4031.98,2023-03-02,15 de novembro de 2025,Boleto,S,,atrasado
629,72,7789809-22.2020.1.73.9031,31343.34,10,4,12537.32,18805.98,2021-10-24,22/05/25,TED,não,15%,quitado
630,1497,6334947-38.2020.4.71.6173,61901.96,11,9,50647.05,"11254,9",25/03/2025,17/10/26,PIX,,20,Em Dia
631,900,8843195-99.2024.6.39.2836,36561.45,2,2,36561.44,0.00,17/06/24,07/02/25,pix,N,0.15,quitado
632,262,3750497-13.2024.6.65.9009,"R$ 67.377,37",3,1,"22459,12",44918.24,5 de fevereiro de 2021,2026-07-23,TED,não,,
633,1179,4299848-20.2023.2.47.7396,51522.80,5,2,20609.12,30913.68,08/02/2021,2027-01-02,transferência,nao,15%,quitado
634,990,7789809-22.2020.1.73.9031,69765.39,9,7,54261.97,15503.42,10/07/2023,2 de agosto de 2026,pix,sim,15%,
635,204,5753123-52.2021.4.48.4042,68794.59,1,1,68794.59,0.00,11 de janeiro de 2026,1 de julho de 2024,PIX,S,19%,em dia
636,125,5214684-96.2020.6.84.9986,61400.10,5,3,36840.06,24832.24,2024-12-15,28/01/24,Boleto,sim,20,Em Dia
637,675,5826200-20.2025.1.91.8748,50086.83,5,4,40069.48,10017.37,15 de março de 2020,08/06/2027,pix,não,15%,atrasado
638,577,8678370-92.2025.7.35.9962,23036.38,5,3,13821.84,9677.50,3 de dezembro de 2024,27/05/2025,boleto,nao,,em dia
639,997,2997279-67.2024.9.84.1441,22909.66,2,1,11454.83,"R$ 11.454,83",2022-09-28,2027-06-22,boleto,N,,quitado
640,789,7892487-80.2022.9.64.5036,12687.39,3,3,12687.39,0.00,19/03/2021,2025-09-16,TED,não,20,em dia
641,729,6425355-10.2021.6.53.2041,58042.52,7,6,"R$ 49.750,74",8505.17,01/01/24,15/09/2024,PIX,Sim,0.14,quitado
642,984,6404948-40.2021.7.68.7161,17375.16,11,10,15795.60,1579.56,07/10/2022,26/05/2024,Boleto,S,20,quitado
643,1027,6953559-38.2025.7.42.9212,55257.85,8,1,6907.23,48350.61,27/01/2025,12/05/27,boleto,,,Em Dia
644,1244,4092125-65.2025.3.26.9073,76089.93,1,1,76089.93,0.00,17 de janeiro de 2023,7 de março de 2027,TED,nao,14%,Em Dia
645,45,4687348-31.2023.1.92.6907,"68868,87",7,0,0.00,68868.87,16/12/2024,16 de setembro de 2024,boleto,não,15%,atrasado
646,682,9810112-12.2021.1.97.8847,71198.30,11,1,6472.57,64725.70,2020-11-12,05/05/2026,transferência,N,15%,em dia
647,271,1778149-24.2023.1.86.3557,39814.50,2,1,19907.25,"19907,25",14/02/21,2024-06-22,PIX,,18%,em dia
648,217,5853247-29.2020.7.62.8870,60761.54,12,5,25317.30,"R$ 35.444,22",24/12/2025,2027-02-09,pix,Sim,14%,
649,614,6339808-70.2020.2.67.1325,31652.25,9,6,21101.52,10550.76,2020-03-31,23 de maio de 2027,TED,não,20,Em Dia
650,706,7539718-58.2020.2.52.9800,"R$ 64.439,20",5,5,64439.20,0.00,17 de agosto de 2025,17/03/2026,boleto,sim,15%,
651,926,4180949-86.2020.3.26.7593,"R$ 46.400,24",8,1,5800.03,40600.21,27/01/21,20/07/25,boleto,nao,15%,
652,1387,2824928-33.2020.1.90.6467,71299.08,2,2,71299.08,0.00,19/11/2020,25/07/2026,TED,sim,,em dia
653,1278,4687348-31.2023.1.92.6907,19574.17,1,0,0.00,"R$ 19.574,17",01/11/2025,2025-10-01,PIX,não,0.20,quitado
654,183,6384831-67.2022.5.89.7429,6603.82,11,11,6603.85,0.00,30 de janeiro de 2021,01/02/25,pix,sim,,atrasado
655,1280,6694761-39.2022.1.10.2199,49509.78,3,0,"R$ 0,00",49509.78,14/07/21,20/08/26,transferência,N,21%,quitado
656,330,5660649-86.2020.5.86.9291,59522.66,8,1,"R$ 7.440,33",52082.31,14 de abril de 2020,13/07/2024,transferência,N,30%,quitado
657,1375,6416661-36.2021.8.21.8496,"26257,99",12,2,4376.34,21881.70,2025-03-26,13/03/2027,pix,sim,27%,ATRASADO
658,1269,7323234-16.2020.9.59.5035,33351.52,4,1,8337.88,25013.64,13/12/20,24/12/24,PIX,N,15%,ATRASADO
659,245,5700249-43.2020.5.57.9341,67637.88,7,7,"R$ 67.637,85",0.00,03/04/2026,7 de outubro de 2025,PIX,sim,20,Em Dia
660,1338,4016576-41.2022.7.10.6952,"71224,1",1,1,71224.10,0.00,2024-07-05,7 de maio de 2027,pix,Sim,15%,ATRASADO
661,2,4061044-97.2023.7.99.3676,56720.36,12,10,"R$ 47.267,00",9453.40,2022-03-31,09/02/26,boleto,nao,20,atrasado
662,1029,5638123-23.2024.7.30.5009,28697.28,8,5,17935.80,10761.48,24/06/22,17/02/2024,TED,N,,
663,801,7115217-41.2025.1.67.7692,11058.58,1,0,0.00,"R$ 11.058,58",2024-05-09,17 de junho de 2024,Boleto,N,0.12,em dia
664,1477,1237577-83.2022.8.91.4649,"56552,17",1,0,0,56552.17,19/02/20,2024-01-27,pix,sim,0.15,
665,695,4384627-80.2021.2.13.1061,"37901,37",12,6,18950.70,18950.70,2026-04-25,25 de agosto de 2025,transferência,Sim,0.26,ATRASADO
666,467,2884639-86.2023.2.31.8737,"R$ 17.965,96",7,1,2566.57,15399.42,2021-12-12,17/12/2025,Boleto,não,15%,atrasado
667,427,1445483-93.2023.1.61.7357,53937.73,5,1,10787.55,43626.21,2026-02-04,2025-04-02,PIX,S,15%,
668,328,2411026-52.2022.6.26.7373,64916.68,9,8,57703.68,7212.96,17/03/2020,28 de agosto de 2024,boleto,não,,Em Dia
669,1424,6992158-64.2024.5.43.7750,"R$ 8.725,38",9,6,5816.94,2908.47,2 de abril de 2020,30 de agosto de 2026,PIX,nao,15%,em dia
670,1405,6384831-67.2022.5.89.7429,32403.76,1,1,32403.76,0.00,9 de novembro de 2023,11/05/26,TED,S,10%,quitado
671,633,5661974-14.2020.6.39.3137,53219.37,7,2,15205.54,38013.85,06/04/2021,28/03/2027,PIX,S,15%,quitado
672,621,8590346-68.2020.7.63.7780,77979.37,10,10,"R$ 77.979,40",0.00,17 de maio de 2024,2024-10-30,TED,nao,,
673,383,5514997-95.2024.1.84.8098,20615.84,5,1,"R$ 4.123,17",16492.68,11/08/2021,2026-01-27,boleto,S,20,ATRASADO
674,75,7862554-22.2024.7.83.6459,43462.22,4,2,21731.12,21731.12,27/12/2022,17/09/25,boleto,,15%,ATRASADO
675,124,4865461-96.2025.2.64.9143,38911.79,8,8,38911.76,0,23 de abril de 2024,05/04/2025,transferência,não,0.27,quitado
676,326,5144296-22.2022.4.87.9648,79446.44,8,1,"9930,81",69515.67,2021-04-23,27/04/27,TED,N,20,atrasado
677,591,1633270-27.2024.2.52.7034,56559.90,10,0,0.00,56559.90,17 de dezembro de 2024,10 de outubro de 2026,Boleto,S,20,Em Dia
678,519,3542799-64.2025.6.13.7299,56980.06,10,7,"R$ 39.886,07",17094.03,2 de dezembro de 2024,2027-06-29,Boleto,não,0.17,quitado
679,159,7941836-76.2025.4.34.6543,46327.49,1,0,0.00,46327.49,14/02/2026,18/05/2027,pix,nao,20%,
680,1357,6944389-98.2023.1.72.8245,79354.74,4,0,0.00,79354.76,7 de abril de 2026,09/06/25,boleto,Sim,27%,quitado
681,1168,4568537-97.2021.4.82.7633,"R$ 28.738,86",11,5,13063.10,"R$ 15.675,72",29/06/2021,1 de janeiro de 2024,boleto,não,13%,
682,1167,2191287-57.2021.1.18.8228,"R$ 35.827,16",3,3,"35827,17",0.00,14/10/2021,11/02/2024,transferência,N,,quitado
683,1237,5035093-45.2021.1.27.3097,"R$ 78.620,38",7,7,78620.36,0,21 de abril de 2023,18 de outubro de 2024,TED,sim,20,atrasado
684,662,1311508-84.2020.3.38.8512,34981.56,2,2,34981.56,0.00,2023-12-28,22/12/25,transferência,Sim,0.20,quitado
685,723,1346701-74.2024.1.65.8985,47748.80,10,10,"R$ 47.748,80",0.00,2022-10-17,05/12/24,TED,nao,0.10,quitado
686,400,8827641-36.2022.5.59.8715,22595.77,11,6,"R$ 12.324,96",10270.80,23/02/24,2027-03-14,PIX,nao,0.15,quitado
687,358,4961530-22.2021.4.22.6290,43164.39,12,10,35970.30,,7 de setembro de 2020,26/10/2026,transferência,,0.24,quitado
688,1032,8306601-19.2020.3.50.7457,75755.16,8,7,66285.80,9469.40,2020-01-12,06/08/2025,boleto,S,13%,ATRASADO
689,1360,5274951-77.2021.1.76.5120,45390.34,12,11,"R$ 41.607,83",3782.53,23 de maio de 2022,2024-01-13,PIX,nao,,quitado
690,469,1966014-66.2022.7.82.2137,"R$ 49.300,03",6,6,49300.02,"R$ 0,00",2020-08-13,18 de julho de 2025,TED,N,29%,atrasado
691,797,1664676-19.2021.8.64.4616,66714.03,7,3,28591.74,38122.32,2025-03-10,2024-11-15,Boleto,não,22%,
692,232,5401874-62.2025.2.46.8337,50848.84,9,9,50848.83,0.00,23/04/2021,04/02/25,PIX,N,0.23,em dia
693,1078,5266269-78.2021.7.59.1392,28229.55,12,8,"R$ 18.819,68","R$ 9.409,84",03/02/2024,09/03/2024,TED,,,ATRASADO
694,435,2267110-24.2021.5.78.6025,6453.79,4,0,0.00,6453.80,2021-08-02,19 de janeiro de 2025,Boleto,sim,15%,
695,712,5853247-29.2020.7.62.8870,9015.76,2,2,"R$ 9.015,76",0.00,4 de janeiro de 2021,13/11/24,Boleto,N,0.28,
696,904,3376786-12.2020.7.64.5093,40183.80,1,1,40183.80,0.00,2021-12-08,2027-06-28,PIX,Sim,15%,quitado
697,1294,1557680-16.2021.4.16.4031,50843.30,10,5,25421.65,25421.65,7 de outubro de 2024,01/12/2025,boleto,sim,20,quitado
698,754,8714773-70.2022.9.65.8541,41290.30,10,1,4129.03,37161.27,14 de agosto de 2025,18 de fevereiro de 2025,pix,,15%,ATRASADO
699,1063,8530609-10.2021.5.41.7151,27568.72,4,3,20676.54,6892.18,25/02/2026,20/10/25,Boleto,nao,,
700,302,6334947-38.2020.4.71.6173,"77021,36",5,0,0.00,77021.35,10 de janeiro de 2022,26/02/24,transferência,não,,
701,360,8286828-70.2022.9.31.8012,4682.22,11,3,1276.98,3405.28,2024-07-24,11 de março de 2025,Boleto,S,0.11,quitado
702,18,1784068-27.2021.3.12.2538,53018.34,2,0,0.00,53018.34,2025-05-30,2026-06-19,PIX,N,0.17,em dia
703,586,1833330-93.2025.8.61.3405,76848.90,6,4,51232.60,25253.98,11/01/2025,23 de junho de 2025,PIX,nao,15%,ATRASADO
704,53,7626521-25.2020.9.17.3305,48727.19,9,3,16242.39,32882.18,2025-11-16,24/06/2026,pix,sim,0.25,atrasado
705,967,1013314-48.2023.4.39.2083,"21154,99",10,4,8462.00,12693.00,13/11/21,2024-07-30,PIX,,15%,atrasado
706,261,1757615-27.2025.7.10.3762,9261.31,1,0,0.00,9261.31,29 de dezembro de 2022,03/08/25,pix,nao,,atrasado
707,1495,9057219-99.2020.9.96.3254,63886.78,4,0,0.00,63886.76,05/10/24,11 de junho de 2026,boleto,S,10%,quitado
708,1130,6370110-64.2022.3.52.8440,67929.96,10,0,0.00,67930.00,24 de setembro de 2021,03/09/2026,pix,,,ATRASADO
709,995,8097721-13.2023.1.47.8354,9757.84,2,0,0.00,9757.84,2024-06-05,27/12/25,Boleto,nao,19%,atrasado
710,563,6384831-67.2022.5.89.7429,"46267,71",8,2,11566.92,34700.76,28/01/2022,16/12/2024,pix,N,20,ATRASADO
711,506,6384831-67.2022.5.89.7429,23399.99,6,1,3900.00,19500.00,02/02/23,17 de janeiro de 2027,transferência,S,,em dia
712,852,7539718-58.2020.2.52.9800,36011.94,7,3,15433.68,20578.24,16 de setembro de 2023,14/03/2025,Boleto,S,15%,Em Dia
713,406,1346701-74.2024.1.65.8985,26300.29,3,0,0.00,26300.28,2 de maio de 2023,08/06/24,transferência,nao,11%,Em Dia
714,594,4507711-38.2024.2.34.4732,"R$ 7.893,24",10,6,4735.92,3296.96,2022-11-07,10/01/2026,Boleto,sim,0.21,atrasado
715,603,9898363-27.2020.4.89.2966,37754.73,4,3,28316.04,9264.23,4 de setembro de 2025,2025-08-15,Boleto,N,15%,Em Dia
716,67,7999133-20.2023.7.26.1121,62204.09,8,0,0.00,,9 de agosto de 2022,16 de abril de 2024,PIX,Sim,25%,quitado
717,240,4601686-30.2021.5.52.7745,"R$ 4.789,85",12,12,4789.80,0.00,23 de março de 2026,2026-02-25,transferência,sim,0.11,quitado
718,1499,6053412-12.2021.6.72.8346,37841.00,3,2,25227.34,"R$ 12.613,67",23/04/2023,03/03/2024,pix,nao,11%,Em Dia
719,1182,9214397-26.2023.4.18.6844,"R$ 63.321,51",2,2,63321.52,0,2020-03-30,24/04/24,boleto,S,15%,
720,984,1273300-90.2024.2.80.7378,27935.53,12,1,2327.96,25607.56,18/02/23,19/09/2025,pix,não,,atrasado
721,918,2316290-44.2022.7.34.5190,79180.13,1,1,79180.13,224.62,2020-11-09,21 de julho de 2025,transferência,,17%,quitado
722,503,6663627-76.2023.9.26.5770,"54021,73",10,2,10804.34,43217.36,26/07/2023,30/11/2024,transferência,Sim,15%,quitado
723,975,7553290-31.2023.9.36.9282,25562.84,6,0,0.00,25562.82,18/02/2023,05/10/24,PIX,sim,13%,quitado
724,1190,6101036-60.2022.7.49.3295,47989.58,9,8,42657.44,5332.18,28/07/24,26/03/2026,pix,sim,0.25,Em Dia
725,870,2869625-86.2025.7.14.5837,"R$ 74.663,26",1,0,0.00,74663.26,2026-03-15,2024-12-03,TED,,15%,em dia
726,1104,3922248-27.2025.1.42.4047,25625.33,4,1,6406.33,"19670,58",2024-04-06,2027-06-11,TED,Sim,,em dia
727,1407,1557680-16.2021.4.16.4031,10028.88,5,4,8023.12,2005.78,2022-09-07,2027-03-23,transferência,não,15%,
728,942,7486029-45.2024.4.25.3159,21801.17,11,2,3963.84,"17837,28",2025-05-19,27 de junho de 2024,boleto,nao,,quitado
729,525,5058333-37.2021.3.98.8848,53143.53,6,6,53143.50,0.00,30 de março de 2020,24/01/26,boleto,,0.26,ATRASADO
730,1451,8323566-47.2021.3.26.4644,78061.89,1,0,"R$ 0,00",78061.89,14 de setembro de 2024,05/02/25,Boleto,nao,20,quitado
731,305,6334947-38.2020.4.71.6173,24958.64,5,1,4991.73,19966.92,16 de setembro de 2025,13/03/26,boleto,S,20,Em Dia
732,941,3710559-31.2020.9.95.2540,53546.25,6,0,0.00,53546.28,2022-12-02,29/10/2025,pix,S,15%,
733,1228,7941836-76.2025.4.34.6543,51357.90,4,4,"51357,92",0.00,21 de fevereiro de 2024,24/05/2024,Boleto,não,0.14,Em Dia
734,1028,8209168-30.2020.1.41.7632,"R$ 11.546,79",6,0,0.00,11546.82,03/08/2021,05/01/2024,transferência,Sim,15%,atrasado
735,1078,4384627-80.2021.2.13.1061,58033.67,1,1,"R$ 58.033,67","R$ 0,00",06/08/22,10/04/2025,PIX,sim,20,em dia
736,937,7110796-41.2020.3.80.5362,18631.04,6,3,"R$ 9.315,51",9315.51,2023-09-23,28/08/25,transferência,N,0.19,quitado
737,788,2753004-76.2021.8.83.9874,"10605,14",11,2,1928.20,"R$ 8.676,90",1 de junho de 2020,22 de maio de 2024,PIX,,,quitado
738,500,4961530-22.2021.4.22.6290,55473.59,2,2,"55473,58","R$ 163,25",23 de abril de 2020,02/09/26,pix,não,20,atrasado
739,35,3248366-98.2020.5.11.6279,25664.42,7,3,10999.05,14665.40,08/07/2023,2027-01-23,Boleto,S,0.17,
740,830,7813974-60.2021.1.81.1542,7107.68,5,1,1421.54,5686.16,12 de dezembro de 2020,17 de junho de 2025,boleto,N,,quitado
741,1437,4085001-92.2022.6.76.8938,16942.91,9,7,"R$ 13.177,85",4141.51,02/08/25,23 de março de 2025,PIX,nao,0.17,
742,204,5786762-52.2021.9.21.3037,6689.58,12,11,6132.17,557.47,2023-03-18,19/03/24,Boleto,N,15%,
743,69,7544569-30.2022.4.91.9370,65032.11,8,5,40645.05,24387.03,2020-01-30,3 de abril de 2025,Boleto,nao,15%,quitado
744,561,7236875-79.2024.7.97.5566,52719.06,7,2,"R$ 15.062,58","R$ 37.656,45",7 de fevereiro de 2023,21/05/2025,boleto,,0.11,atrasado
745,1497,3754895-37.2021.6.18.8502,17735.21,10,2,3547.04,14035.22,2025-04-14,19/03/2024,PIX,N,15%,quitado
746,92,2997279-67.2024.9.84.1441,75760.61,10,3,"R$ 22.728,18",53032.42,30 de maio de 2021,2026-03-27,Boleto,nao,0.29,
747,1259,1602496-64.2022.5.79.8340,"R$ 71.325,98",1,0,0.00,71325.98,15/07/2023,16/09/24,boleto,não,0.17,
748,310,8892606-62.2022.2.87.2168,22964.32,1,1,22964.32,0.00,12/02/26,31 de dezembro de 2025,PIX,S,,Em Dia
749,1136,5074974-98.2023.8.21.9881,60318.20,10,3,18095.46,42222.74,11/09/2025,7 de março de 2025,Boleto,Sim,15%,
750,1009,4090182-95.2021.1.57.7189,14920.08,4,4,14920.08,0.00,14/05/25,16/01/24,TED,Sim,15%,em dia
751,209,1411065-96.2022.9.64.8271,"R$ 41.981,92",8,6,31486.44,10495.48,2020-07-02,29/05/2025,PIX,não,20,
752,435,9573194-21.2022.1.35.8352,76494.86,10,4,30597.96,45896.94,07/04/23,2027-06-11,boleto,Sim,15%,ATRASADO
753,39,1778149-24.2023.1.86.3557,4277.59,11,10,"3888,7","R$ 388,87",7 de março de 2021,13/04/27,Boleto,,15%,quitado
754,271,8574876-96.2020.7.97.4673,"46417,83",2,1,23208.92,23208.92,25/04/2022,2027-06-15,PIX,N,0.20,quitado
755,1396,6935346-77.2024.3.52.9529,"21832,24",3,3,21832.23,0.00,14/07/25,2025-03-27,Boleto,nao,,quitado
756,407,7951127-89.2024.1.63.3502,"4319,95",10,5,2160.00,2160.00,07/11/23,01/05/2027,boleto,nao,10%,atrasado
757,259,5660649-86.2020.5.86.9291,45591.38,7,6,39078.30,6513.05,2022-02-23,30 de outubro de 2024,TED,nao,,ATRASADO
758,1105,7224257-29.2020.8.88.9110,"R$ 53.820,37",5,4,43056.28,10764.07,11/06/24,04/10/2025,pix,sim,20,atrasado
759,820,8677980-28.2024.9.94.6552,"R$ 43.789,69",6,4,29193.12,14596.56,23/01/23,14/06/25,pix,N,16%,quitado
760,41,5492622-29.2021.9.92.7737,45333.22,3,3,45333.21,0.00,2 de dezembro de 2023,2027-05-28,Boleto,N,15%,Em Dia
761,280,3376786-12.2020.7.64.5093,67665.29,2,0,0.00,67665.28,14/08/2024,29/07/2024,Boleto,não,,Em Dia
762,1123,5401874-62.2025.2.46.8337,"3686,47",4,4,3686.48,0.00,27/04/21,7 de janeiro de 2025,transferência,não,14%,ATRASADO
763,714,2129757-49.2025.4.14.5657,56127.70,9,6,37418.46,"R$ 18.709,23",14/03/24,1 de outubro de 2026,PIX,,0.20,quitado
764,468,1185885-59.2023.7.19.8433,78241.44,4,0,0.00,78241.44,13/08/21,2024-08-10,TED,Sim,22%,atrasado
765,120,1633270-27.2024.2.52.7034,27909.43,3,0,0.00,27909.42,4 de janeiro de 2021,9 de julho de 2026,transferência,Sim,,Em Dia
766,241,6547287-16.2023.4.15.7491,22194.49,2,0,0.00,"R$ 22.194,50",05/01/21,14 de maio de 2024,boleto,não,15%,ATRASADO
767,1030,3710559-31.2020.9.95.2540,6219.14,8,3,2332.17,3886.95,01/04/2024,28 de fevereiro de 2026,pix,não,15%,quitado
768,235,7979033-26.2021.6.18.1084,76594.49,5,5,76594.50,0.00,21/10/2025,15/05/27,TED,S,20,Em Dia
769,505,2658962-39.2022.5.95.8856,"30829,02",9,7,"R$ 23.978,15",6850.90,5 de abril de 2024,2025-05-31,Boleto,S,20,quitado
770,761,2753004-76.2021.8.83.9874,"38835,52",12,4,12945.16,25890.32,2022-06-30,11/03/2024,TED,nao,15%,atrasado
771,631,9086174-80.2025.1.81.3292,69418.27,8,6,52063.68,17354.56,3 de agosto de 2023,2025-01-21,boleto,Sim,15%,
772,265,7323234-16.2020.9.59.5035,"R$ 12.062,86",2,2,12062.86,0.00,2025-03-19,29/03/27,TED,S,0.22,atrasado
773,1152,2895065-46.2022.7.67.1438,31699.58,3,2,21133.06,10566.53,04/12/21,2025-02-10,pix,nao,0.22,ATRASADO
774,1001,6935346-77.2024.3.52.9529,57041.14,3,3,57041.13,0.00,20 de agosto de 2021,9 de fevereiro de 2025,Boleto,S,0.11,
775,135,8129073-22.2024.4.16.9656,3795.02,5,2,"R$ 1.518,00",2277.00,6 de outubro de 2022,2027-03-01,TED,nao,14%,ATRASADO
776,1357,6105303-92.2021.4.39.3868,"67483,07",3,0,0,67483.08,27 de agosto de 2025,2024-12-30,PIX,não,0.24,atrasado
777,1057,8415891-60.2021.6.92.5554,"R$ 23.119,83",12,5,9633.25,13486.55,2020-07-10,10/05/26,pix,S,14%,quitado
778,232,2909764-51.2025.7.78.2223,66827.73,4,0,0.00,66827.72,03/12/22,27/09/25,boleto,nao,15%,em dia
779,414,1438459-62.2020.7.78.3410,68785.48,5,3,41271.30,27514.20,06/10/2020,28/12/24,pix,S,20,em dia
780,722,1974389-81.2024.5.57.9354,"R$ 53.840,40",10,8,"R$ 43.072,32",10768.08,03/01/2026,2024-08-25,Boleto,Sim,,quitado
781,281,6547287-16.2023.4.15.7491,73766.15,11,7,"R$ 46.942,07",26824.04,19/05/2024,2024-08-25,Boleto,não,17%,em dia
782,435,1248003-72.2024.2.80.8472,"R$ 64.178,86",2,2,64178.86,0.00,17/01/24,14/01/2026,PIX,nao,0.25,ATRASADO
783,1486,5432782-56.2021.2.97.6240,8298.71,9,7,"R$ 6.454,56",,2021-06-09,2024-06-09,TED,N,,
784,651,5660649-86.2020.5.86.9291,73538.18,3,0,0,73538.19,29 de janeiro de 2025,26 de novembro de 2026,PIX,nao,29%,em dia
785,424,7786207-82.2024.2.92.5696,63421.49,10,3,19026.45,44395.05,2025-12-06,2024-02-10,boleto,sim,,em dia
786,617,7486138-99.2020.5.81.4332,"R$ 44.640,76",3,1,14880.25,"R$ 29.760,50",21/04/2021,29 de março de 2027,PIX,não,0.25,Em Dia
787,553,2660213-63.2022.6.50.8366,13582.99,11,7,"8643,74",4939.28,3 de fevereiro de 2022,18/09/24,TED,não,23%,atrasado
788,382,1273300-90.2024.2.80.7378,32102.16,8,4,16051.08,"16051,08",2023-02-14,05/12/25,PIX,não,,quitado
789,929,6547287-16.2023.4.15.7491,9015.41,11,3,"R$ 2.458,74",6556.64,2021-07-14,18 de junho de 2026,boleto,S,15%,
790,146,5432782-56.2021.2.97.6240,62996.66,5,5,62996.65,0.00,2021-02-22,2024-09-26,Boleto,N,0.12,
791,1491,6927716-18.2022.9.56.1445,"R$ 27.471,71",12,4,9157.24,,24/08/25,04/11/2024,PIX,,25%,atrasado
792,1445,6944389-98.2023.1.72.8245,"69280,76",5,1,"R$ 13.856,15",55424.60,2021-03-26,2025-10-08,TED,nao,,quitado
793,1471,2231929-89.2024.6.41.5461,"11088,91",12,0,0.00,11088.96,4 de agosto de 2023,2024-10-02,Boleto,sim,15%,em dia
794,1422,3821719-15.2025.2.86.2518,5487.65,4,0,0.00,5487.64,2021-06-03,18 de novembro de 2024,transferência,,0.20,Em Dia
795,904,6935346-77.2024.3.52.9529,8006.74,9,3,2668.92,5337.84,22 de janeiro de 2023,16/03/2024,boleto,N,15%,quitado
796,80,7724543-49.2023.9.44.7412,"R$ 11.160,31",4,3,"8370,24",2790.08,07/02/2024,29/12/25,pix,nao,0.20,
797,366,6267378-50.2021.9.19.9923,18885.14,6,3,9442.56,"9442,56",21 de março de 2022,2026-05-21,PIX,,15%,ATRASADO
798,692,7633905-83.2022.9.95.2309,"R$ 73.731,21",12,5,"R$ 30.721,35",43009.89,22/08/2021,14/09/26,TED,não,,
799,1143,2328070-99.2024.8.57.5561,26257.03,3,0,0.00,26257.02,2023-01-19,24/10/2026,TED,N,,quitado
800,1366,1248003-72.2024.2.80.8472,78043.30,2,0,"R$ 0,00",77543.70,3 de março de 2022,18/03/25,pix,não,,em dia
801,1050,7115217-41.2025.1.67.7692,47365.22,1,0,0.00,47365.22,5 de abril de 2021,31/07/25,PIX,S,,quitado
802,1478,9636371-69.2025.8.67.4068,35681.02,9,6,23787.36,11893.68,09/03/21,2 de julho de 2024,PIX,não,0.21,ATRASADO
803,14,7224257-29.2020.8.88.9110,72963.98,6,5,60803.30,12160.66,14/04/2021,7 de junho de 2027,transferência,não,20,Em Dia
804,1121,2997279-67.2024.9.84.1441,60547.05,1,0,0,60547.05,30/06/2025,22/12/26,TED,,20,quitado
805,690,9110060-16.2025.2.29.4716,49540.12,1,1,49540.12,0.00,27/05/22,2025-05-25,PIX,Sim,15%,ATRASADO
806,507,6779292-61.2021.4.86.2783,45646.18,5,2,18258.48,27387.72,12/05/2022,10/01/2026,TED,sim,0.26,
807,625,9071705-28.2021.9.78.4746,75864,11,0,0.00,75864.03,2023-11-04,30/10/26,transferência,N,20,quitado
808,1164,9885734-21.2023.9.74.3450,71198.71,10,9,64078.83,7119.87,2021-10-04,07/06/24,transferência,nao,0.22,Em Dia
809,986,6101036-60.2022.7.49.3295,55010.36,9,4,24449.04,"30561,3",24 de abril de 2021,23/12/2024,TED,nao,0.28,
810,366,1445483-93.2023.1.61.7357,"48357,45",11,3,13188.39,35169.04,14 de maio de 2020,17/02/26,TED,N,0.14,quitado
811,88,1602496-64.2022.5.79.8340,55282.71,1,1,55282.71,0.00,2023-03-22,2026-05-27,PIX,não,20,ATRASADO
812,1254,5755257-93.2020.8.44.2882,"R$ 78.076,83",3,2,52051.22,"26025,61",2020-10-23,28 de novembro de 2025,Boleto,N,,em dia
813,111,9885734-21.2023.9.74.3450,34093.51,1,0,0.00,34093.51,31 de agosto de 2021,31/08/25,PIX,não,20,em dia
814,308,9252661-70.2020.1.46.1185,59983.06,5,0,0.00,59983.05,02/12/25,13/04/25,transferência,nao,,
815,192,5661974-14.2020.6.39.3137,72873.61,3,0,0.00,72790.21,17/05/2022,2027-05-31,Boleto,N,20,quitado
816,627,6339266-27.2025.5.15.6766,3888.12,5,2,"R$ 1.555,24","R$ 1.869,34",01/11/23,2024-06-02,PIX,Sim,,
817,1401,2191287-57.2021.1.18.8228,15666.80,8,0,0.00,"15666,8",14/10/2023,24/08/2024,TED,N,16%,quitado
818,1283,1784068-27.2021.3.12.2538,74563.67,11,2,13557.04,61006.68,22 de abril de 2023,13/06/24,Boleto,,20,quitado
819,875,6982910-41.2023.8.91.8758,75934.21,7,6,65086.44,10847.74,25 de maio de 2020,09/01/2026,transferência,nao,,
820,162,3242098-97.2025.4.44.9916,"32911,26",8,7,28797.37,"R$ 4.113,91",2025-04-14,04/08/25,PIX,nao,24%,quitado
821,1356,8886588-26.2020.9.65.6361,"70314,94",2,2,"70314,94",0,25/06/25,2027-01-06,boleto,nao,20,quitado
822,1007,2267110-24.2021.5.78.6025,"R$ 25.837,83",5,1,"R$ 5.167,57",,16 de julho de 2021,19/03/24,transferência,N,27%,Em Dia
823,775,3260101-88.2022.8.37.9169,68222.25,2,2,68222.24,0.00,2020-12-04,01/02/2025,pix,,20,
824,328,3675188-38.2025.9.53.3305,27565.72,11,8,20047.76,7517.91,2022-11-01,26 de junho de 2024,PIX,não,26%,quitado
825,462,4584224-94.2025.2.57.2511,12495.21,10,3,"R$ 3.748,56","8746,64",2023-11-25,2025-12-08,PIX,sim,15%,em dia
826,1342,9970343-38.2020.5.18.4483,63159.62,12,5,26316.50,,22 de março de 2022,01/07/24,TED,nao,,
827,954,7862554-22.2024.7.83.6459,"R$ 47.381,61",6,5,39484.70,7896.94,22 de setembro de 2020,01/01/24,PIX,N,15%,Em Dia
828,357,6101036-60.2022.7.49.3295,76759.90,11,5,34890.85,42076.74,15/12/2025,9 de outubro de 2025,Boleto,sim,15%,em dia
829,937,7749444-78.2021.1.20.8763,"3727,15",1,0,0.00,"R$ 3.727,15",30/08/20,8 de maio de 2024,transferência,nao,0.17,quitado
830,41,7381740-86.2021.2.88.6570,"R$ 15.779,65",10,7,11045.72,4733.88,2024-05-22,09/05/27,Boleto,não,15%,atrasado
831,1240,3263740-44.2022.3.81.5402,19110.45,7,3,"R$ 8.190,18","R$ 10.920,24",26 de abril de 2022,14 de julho de 2024,Boleto,Sim,20,quitado
832,204,7633905-83.2022.9.95.2309,"6272,25",10,9,5645.07,627.23,27 de janeiro de 2020,2 de dezembro de 2024,TED,Sim,0.17,quitado
833,587,8843990-84.2020.6.68.3017,57472.43,10,10,57472.40,0.00,18/09/24,22/10/26,PIX,Sim,,Em Dia
834,843,5422047-80.2024.8.62.4364,26332.75,9,8,23406.88,3090.71,26/01/26,29/03/27,PIX,sim,,atrasado
835,848,6476769-27.2021.5.22.2570,75313.10,4,1,18828.28,56484.84,23/01/2026,2025-12-17,PIX,sim,,quitado
836,442,1411065-96.2022.9.64.8271,"48024,41",3,0,0.00,48024.42,1 de janeiro de 2026,14 de maio de 2027,pix,nao,0.22,quitado
837,1398,1272937-41.2023.5.75.9958,56620.97,11,6,30884.16,"25736,8",2020-01-11,28 de maio de 2026,PIX,N,18%,quitado
838,897,4061044-97.2023.7.99.3676,51015.33,3,0,0.00,50572.36,10 de março de 2021,8 de março de 2027,pix,N,0.24,quitado
839,1166,5786762-52.2021.9.21.3037,56265.56,8,0,0.00,56265.52,03/03/2026,11/03/2025,transferência,Sim,,quitado
840,418,5545511-73.2023.1.66.9757,"47039,03",11,6,"25657,68",21381.40,25/03/20,3 de dezembro de 2026,TED,N,0.16,atrasado
841,1080,4131852-60.2020.1.89.9739,"R$ 74.623,96",3,1,24874.65,"R$ 49.749,30",2021-11-15,2027-06-05,TED,N,,Em Dia
842,1444,4961530-22.2021.4.22.6290,57766.31,9,7,"R$ 44.929,36",12836.96,2020-06-01,2025-12-01,Boleto,S,20,atrasado
843,1287,7626521-25.2020.9.17.3305,75260.07,8,3,28222.53,47037.55,13/09/2022,11/06/2026,TED,nao,19%,em dia
844,1433,1024421-54.2022.9.20.2563,"7110,3",5,1,1422.06,"5688,24",2023-01-23,13 de novembro de 2026,Boleto,N,0.23,quitado
845,182,8749473-21.2020.4.12.9144,"71567,94",1,0,0.00,71567.94,04/03/26,28 de abril de 2024,PIX,nao,25%,quitado
846,662,3541821-31.2021.8.96.1927,11102.29,3,3,11102.28,"184,18",07/07/25,15/07/2026,pix,não,20,ATRASADO
847,8,3541821-31.2021.8.96.1927,8190.17,8,1,1023.77,,28/09/21,14/12/2026,boleto,,0.30,ATRASADO
848,564,7320713-89.2022.3.68.7881,9561.49,3,0,0.00,9561.48,15 de abril de 2023,14/11/24,Boleto,não,11%,atrasado
849,1049,8749473-21.2020.4.12.9144,30740.74,9,3,10246.92,20493.84,2020-09-21,29/05/26,TED,nao,,quitado
850,185,7222167-30.2022.8.44.7452,30477.24,8,3,11428.98,"R$ 19.048,30",2021-12-29,19 de julho de 2026,pix,N,15%,quitado
851,253,4938178-62.2020.7.27.6072,35686.84,5,3,21412.11,14274.74,23/10/22,2024-09-18,PIX,N,0.11,atrasado
852,1448,1742202-63.2023.6.68.9372,13235.85,5,1,2647.17,10588.68,5 de fevereiro de 2021,22 de maio de 2026,pix,Sim,18%,em dia
853,591,4084503-92.2025.8.90.5515,"R$ 26.673,49",9,9,26673.48,0,3 de julho de 2023,19/07/26,PIX,sim,13%,
854,1361,4452862-76.2021.3.27.3238,"R$ 35.720,84",12,2,5953.48,29767.40,2024-04-22,01/09/2024,Boleto,não,0.14,quitado
855,483,5112941-62.2021.1.89.5887,22626.52,12,0,0.00,22626.48,14 de setembro de 2022,2026-11-16,boleto,sim,15%,em dia
856,1045,5867457-18.2023.9.16.7298,42256.21,1,1,"R$ 42.256,21",0.00,21/05/24,03/03/2027,transferência,nao,0.19,quitado
857,708,5289264-48.2020.4.41.6347,70369.94,7,4,40211.40,,2020-11-02,20/05/24,transferência,N,,
858,483,2129757-49.2025.4.14.5657,9359.06,6,0,0.00,"9359,04",3 de março de 2021,24/01/2027,pix,não,,
859,537,9302979-43.2025.9.68.7487,17764.41,8,5,"R$ 11.102,75",6661.65,23/03/2021,20/04/2027,TED,não,20,
860,1004,5850223-43.2020.3.81.3185,"63041,43",10,8,"R$ 50.433,12",12608.28,2022-10-12,13 de abril de 2024,transferência,Sim,23%,ATRASADO
861,735,9835331-11.2022.6.15.8602,75884.92,9,3,"R$ 25.294,98",50589.96,21/04/2020,25/08/25,pix,não,15%,ATRASADO
862,142,3418432-84.2025.3.59.5858,"R$ 31.854,96",3,0,0,31854.96,26 de agosto de 2024,24 de setembro de 2024,transferência,não,20,quitado
863,830,4180949-86.2020.3.26.7593,51110.28,4,0,0.00,"R$ 51.110,28",2020-12-03,2025-07-16,PIX,N,15%,em dia
864,550,2100417-68.2021.7.29.9662,"24286,87",9,1,2698.54,21588.32,29 de setembro de 2025,17/11/26,pix,nao,,ATRASADO
865,833,9835331-11.2022.6.15.8602,54357.69,1,0,0.00,"R$ 54.357,69",16/06/2025,2025-05-30,boleto,não,25%,quitado
866,668,3975387-89.2023.4.55.7631,26223.68,10,1,2622.37,23601.33,02/06/20,26/01/27,Boleto,,11%,Em Dia
867,196,8066975-72.2023.7.26.7675,36783.59,1,0,0.00,36783.59,31/01/23,11/02/24,TED,Sim,15%,
868,416,2328070-99.2024.8.57.5561,"R$ 5.349,60",11,2,972.66,4376.97,2023-05-18,28/12/25,TED,,,quitado
869,859,9086174-80.2025.1.81.3292,13648.32,4,0,0.00,13648.32,3 de agosto de 2021,2024-01-02,TED,S,20,atrasado
870,1450,6260319-38.2024.8.96.1114,25925.59,12,5,10802.35,15123.29,26/05/2023,18/07/2024,boleto,nao,15%,em dia
871,352,9110060-16.2025.2.29.4716,"R$ 12.079,15",11,8,8784.80,"R$ 3.294,30",12/02/24,2025-12-14,pix,,15%,quitado
872,1326,5747786-52.2023.7.30.3750,35433.04,2,1,"R$ 17.716,52","17716,52",23/06/2022,31 de março de 2026,boleto,nao,11%,ATRASADO
873,1144,1664676-19.2021.8.64.4616,"R$ 78.998,79",8,4,39499.40,39499.40,29 de dezembro de 2025,06/09/2025,Boleto,Sim,25%,Em Dia
874,213,4064382-39.2022.4.13.8937,30606.46,5,5,"30606,45",56.07,04/07/2023,13 de abril de 2024,Boleto,,,quitado
875,605,7979033-26.2021.6.18.1084,"R$ 43.887,46",6,6,43887.48,"R$ -176,91",20/04/24,13 de abril de 2026,Boleto,sim,,quitado
876,1424,5867457-18.2023.9.16.7298,58998.18,1,1,58998.18,-363.45,05/06/21,3 de maio de 2024,PIX,Sim,20,
877,63,1248003-72.2024.2.80.8472,30258.51,11,8,"22006,16","8252,31",21/03/2021,24/03/2025,boleto,não,20,quitado
878,189,1411065-96.2022.9.64.8271,"R$ 37.842,83",9,6,25228.56,"R$ 12.614,28",19 de abril de 2021,2024-12-27,PIX,N,20,ATRASADO
879,19,8905709-90.2020.9.55.2471,5519.86,4,2,2759.92,"R$ 2.759,92",2024-03-28,21 de abril de 2025,PIX,N,24%,em dia
880,916,4494463-44.2022.5.80.7542,47261.11,4,0,0.00,47261.12,24 de outubro de 2022,2026-06-14,PIX,nao,0.22,quitado
881,1451,8843990-84.2020.6.68.3017,78910.19,12,10,"65758,5","13151,7",2020-04-06,1 de junho de 2027,PIX,,,quitado
882,34,2895065-46.2022.7.67.1438,51421.34,7,7,51421.37,0.00,5 de setembro de 2024,2027-04-28,pix,S,15%,Em Dia
883,863,3754895-37.2021.6.18.8502,75599.28,10,4,30239.72,"R$ 45.359,58",25/04/2025,2026-03-05,Boleto,,0.25,em dia
884,898,7236875-79.2024.7.97.5566,9319.21,10,10,"R$ 9.319,20","R$ 0,00",20/05/23,2024-10-31,boleto,não,0.17,quitado
885,486,3306375-34.2024.9.48.9154,61694.67,3,2,41129.78,20564.89,02/06/21,26 de julho de 2025,boleto,N,20,
886,1355,8530609-10.2021.5.41.7151,"66609,36",12,6,"R$ 33.304,68",33304.68,15/05/22,07/04/26,boleto,Sim,15%,em dia
887,1110,4961530-22.2021.4.22.6290,76568.33,5,3,45941.01,30627.34,25 de novembro de 2023,07/08/2024,PIX,nao,,Em Dia
888,1222,6334947-38.2020.4.71.6173,41282.41,1,0,0.00,"41050,07",2020-03-08,15 de março de 2027,TED,não,0.22,
889,404,8843990-84.2020.6.68.3017,34795.74,9,3,11598.57,23197.14,14 de fevereiro de 2024,22/09/25,PIX,,0.19,quitado
890,769,3542799-64.2025.6.13.7299,39415.39,9,2,"R$ 8.758,98",30656.43,08/01/26,11 de outubro de 2026,Boleto,não,19%,ATRASADO
891,557,7724543-49.2023.9.44.7412,31563.73,3,2,21042.48,10521.24,20 de maio de 2023,13 de agosto de 2024,PIX,sim,25%,atrasado
892,1197,9168044-67.2022.1.26.3054,55169.48,10,7,"38618,65","R$ 16.550,85",29/09/23,14/02/2026,boleto,N,,ATRASADO
893,611,9086174-80.2025.1.81.3292,24846.92,12,9,"R$ 18.635,22",6211.74,01/08/24,13 de janeiro de 2027,TED,Sim,20,quitado
894,936,2186433-37.2022.2.12.4344,"R$ 61.063,53",10,6,"36638,100000000006",24425.40,2 de novembro de 2023,2024-03-22,Boleto,nao,,quitado
895,732,4061044-97.2023.7.99.3676,39435.06,2,0,0.00,"R$ 39.435,06",09/10/21,2026-07-06,TED,Sim,0.22,quitado
896,1331,1615190-23.2022.2.42.6238,53382.52,11,3,14558.88,38823.68,2024-12-07,14/07/2025,pix,Sim,20,quitado
897,1282,9953454-93.2020.2.52.5723,28476.96,1,0,0.00,28476.96,21 de maio de 2023,2026-12-30,transferência,,18%,quitado
898,644,5953905-94.2022.5.44.3245,71577.32,6,6,71577.30,0.00,19 de agosto de 2021,01/05/27,TED,sim,23%,ATRASADO
899,1416,3724721-44.2021.9.75.5553,"R$ 62.109,78",9,3,20703.27,"R$ 41.406,54",18/03/2022,11/11/2024,PIX,,0.27,quitado
900,1156,8066975-72.2023.7.26.7675,63623.58,8,0,0.00,63623.60,05/11/24,2024-11-05,boleto,Sim,19%,quitado
901,1250,7789809-22.2020.1.73.9031,"R$ 43.049,63",9,7,"R$ 33.483,03",9566.58,17/08/24,2027-01-22,PIX,S,15%,em dia
902,1251,7381740-86.2021.2.88.6570,41553.50,5,5,41553.50,"R$ 0,00",14/10/20,21/06/24,pix,sim,,quitado
903,620,7381740-86.2021.2.88.6570,23658.79,12,1,1971.57,21687.27,23/03/24,01/04/2024,boleto,,,ATRASADO
904,1263,7553290-31.2023.9.36.9282,"R$ 65.886,91",2,2,65886.92,-359.16,11 de setembro de 2025,26/12/2024,pix,N,,atrasado
905,800,5035093-45.2021.1.27.3097,43285.72,10,2,8657.14,34628.56,10/02/2024,2027-05-27,transferência,nao,21%,quitado
906,448,4568537-97.2021.4.82.7633,54010.09,11,11,54010.11,0.00,30/01/24,16/01/27,pix,não,,Em Dia
907,987,5214684-96.2020.6.84.9986,42845.62,10,4,17138.24,"R$ 25.707,36",20/05/25,26/01/25,PIX,Sim,,ATRASADO
908,1316,7862554-22.2024.7.83.6459,54740.09,3,3,"R$ 54.740,10",0.00,2024-05-31,2024-08-01,PIX,,,ATRASADO
909,1395,7916680-90.2022.1.67.1785,65999.82,5,0,0.00,"R$ 66.156,90",20/01/22,25/11/26,transferência,Sim,20,
910,201,5947618-28.2023.6.53.6118,66558.27,11,3,18152.25,48406.00,2020-12-18,4 de julho de 2026,PIX,Sim,0.16,ATRASADO
911,615,5660649-86.2020.5.86.9291,75362.39,3,1,"R$ 25.120,80",50241.60,2020-04-12,2026-12-29,Boleto,S,20,
912,219,6160516-66.2024.5.17.7150,64728.68,1,1,64728.68,0.00,2020-08-18,2027-02-06,transferência,sim,,em dia
913,1287,3724721-44.2021.9.75.5553,18897.30,11,3,5153.82,13743.52,29 de agosto de 2021,20/09/2026,pix,N,0.18,em dia
914,1472,9666878-83.2023.6.29.9905,56893.17,6,0,0.00,56893.14,16/06/22,5 de julho de 2025,pix,,0.20,Em Dia
915,292,3510061-32.2020.9.13.4424,65790.27,11,1,5980.93,60057.20,2021-01-02,13 de setembro de 2026,transferência,N,20,
916,1059,1557680-16.2021.4.16.4031,36831.55,5,3,"22098,93",14732.62,21 de julho de 2021,18/04/26,PIX,N,20,ATRASADO
917,203,3750497-13.2024.6.65.9009,7427.02,12,11,6808.12,618.92,19/03/22,22 de maio de 2024,PIX,sim,0.24,Em Dia
918,756,5472823-70.2022.4.41.7624,78299.30,5,5,78299.30,0.00,23/03/2023,23/03/24,PIX,sim,15%,
919,891,8886588-26.2020.9.65.6361,7702.98,12,12,7702.92,0.00,02/12/24,2026-08-23,pix,,0.29,ATRASADO
920,801,3464073-25.2022.8.73.5075,20913.34,2,0,0.00,20913.34,02/09/2024,9 de fevereiro de 2025,pix,nao,,ATRASADO
921,650,1742202-63.2023.6.68.9372,75313.39,12,5,"R$ 31.380,60",43932.84,2021-01-09,26/07/2024,boleto,nao,20,quitado
922,564,5850223-43.2020.3.81.3185,5113.64,3,1,1704.55,"3409,1",07/02/2021,22/12/25,boleto,não,15%,
923,448,1614850-25.2020.8.85.3161,"R$ 26.816,07",11,4,"9751,28","R$ 17.064,74",9 de junho de 2021,07/09/2025,pix,Sim,15%,quitado
924,854,3585301-47.2021.7.73.3469,42023.82,2,1,21011.91,20898.00,20/01/2024,2024-04-02,transferência,Sim,0.23,quitado
925,768,9252661-70.2020.1.46.1185,48183.67,7,2,13766.76,34416.90,2024-03-17,21/06/2025,Boleto,nao,0.23,Em Dia
926,74,5545511-73.2023.1.66.9757,"69535,75",7,0,0.00,69535.76,2026-03-13,04/05/25,transferência,não,23%,em dia
927,1140,7136189-41.2024.2.60.1768,42549.20,3,2,"28366,14",14183.07,16/02/2022,21 de janeiro de 2024,pix,sim,18%,quitado
928,1103,3242098-97.2025.4.44.9916,"R$ 13.342,31",7,6,11436.24,1906.04,08/04/2020,2024-04-24,TED,S,0.12,
929,1122,4140100-24.2024.4.63.7178,57397.33,3,2,38264.88,19132.44,2026-02-15,2026-11-11,Boleto,S,20,em dia
930,1133,6528202-89.2025.3.17.9496,34572.77,11,11,34572.78,0.00,04/10/2023,17/05/2026,transferência,nao,,em dia
931,165,9489806-94.2021.2.55.9162,8252.32,7,6,7073.40,"1178,9",26 de fevereiro de 2021,2025-08-04,transferência,nao,20,
932,1463,1095980-10.2020.7.77.8313,68431.96,9,1,7603.55,60396.18,23/11/2022,27/03/2027,transferência,,,quitado
933,1098,5625093-80.2022.9.16.6618,32448,9,3,10815.99,"R$ 21.631,98",05/04/23,20 de fevereiro de 2025,Boleto,S,0.12,atrasado
934,1070,2869625-86.2025.7.14.5837,14396.58,4,0,"R$ 0,00",14396.56,19/06/25,19 de março de 2025,transferência,S,15%,Em Dia
935,183,9071705-28.2021.9.78.4746,22321.65,12,2,3720.28,18601.40,08/08/23,2026-06-20,Boleto,Sim,,Em Dia
936,867,2118934-75.2023.5.97.9563,37933.90,8,4,18966.96,18966.96,11/09/21,1 de janeiro de 2027,transferência,nao,,quitado
937,1117,3542616-60.2022.3.87.6536,23547.63,5,2,9419.06,14128.59,2023-11-19,2025-03-06,boleto,nao,,quitado
938,536,7722274-26.2024.9.14.7062,7857.46,12,12,7857.48,0.00,1 de julho de 2023,2025-11-11,boleto,Sim,20%,em dia
939,395,2118934-75.2023.5.97.9563,48761.68,7,2,13931.90,34829.75,20/08/24,29/03/26,transferência,nao,0.26,Em Dia
940,505,7687292-20.2021.4.85.7539,3295.30,5,4,2636.24,"659,06",2021-09-07,31/12/25,Boleto,N,15%,ATRASADO
941,1493,9214397-26.2023.4.18.6844,11693.02,3,0,0.00,,22/10/2025,27/12/24,pix,nao,0.11,quitado
942,19,5289264-48.2020.4.41.6347,56800.83,12,6,28400.40,28400.40,2023-11-20,14 de setembro de 2024,transferência,Sim,24%,quitado
943,453,4681694-71.2021.9.28.7350,"20103,75",12,0,0,20103.72,2024-11-14,2025-12-16,boleto,S,13%,atrasado
944,184,5991409-16.2021.8.44.1303,75727.95,10,6,45436.80,"30291,2",15 de janeiro de 2020,29/07/2025,PIX,N,,quitado
945,29,8714773-70.2022.9.65.8541,"76363,75",12,0,0,"76363,8",2022-06-07,3 de outubro de 2026,pix,,23%,em dia
946,570,2554938-48.2024.1.13.4544,20462.45,12,4,6820.80,14103.52,2024-11-26,2026-09-25,TED,,15%,quitado
947,881,5967836-10.2021.4.35.9671,15423.03,12,10,12852.50,"2570,5",16 de julho de 2021,18/02/25,pix,S,,
948,413,2186433-37.2022.2.12.4344,32618.32,8,2,8154.58,24463.74,2022-07-03,13/05/25,transferência,N,25%,atrasado
949,169,8677980-28.2024.9.94.6552,"R$ 39.753,61",9,5,22085.35,17668.28,2022-06-11,25/07/2025,pix,nao,15%,Em Dia
950,1109,2632721-15.2024.7.90.9593,21042.76,11,9,17216.82,3825.96,30/12/24,24 de janeiro de 2026,Boleto,,20,quitado
951,1076,9992831-61.2022.4.35.1469,34821.46,2,1,17410.73,"R$ 17.410,73",23 de março de 2020,28/02/2026,TED,sim,10%,quitado
952,913,7222167-30.2022.8.44.7452,26815.85,5,4,21452.68,5363.17,2025-07-18,2027-05-02,boleto,não,0.20,quitado
953,132,3464073-25.2022.8.73.5075,62763.99,11,4,22823.28,39940.74,5 de setembro de 2023,14/01/24,boleto,sim,12%,ATRASADO
954,1456,4563779-48.2023.2.87.9606,59131.04,8,1,"7391,38",,2020-11-24,3 de setembro de 2024,Boleto,,0.14,quitado
955,495,4090182-95.2021.1.57.7189,12045.55,12,3,3011.40,9034.20,2022-01-23,02/08/2025,transferência,S,,em dia
956,1332,7271178-97.2023.5.84.4243,"69500,01",7,7,69499.99,0.00,2020-07-11,5 de setembro de 2024,PIX,nao,,atrasado
957,1227,2129757-49.2025.4.14.5657,"R$ 26.628,41",9,4,11834.84,"14793,55",3 de julho de 2025,04/05/26,pix,S,20,atrasado
958,639,7722274-26.2024.9.14.7062,30831.03,11,11,30831.02,0.00,03/10/2021,18/07/26,Boleto,,12%,quitado
959,1132,1784068-27.2021.3.12.2538,26139.28,11,5,11881.50,14257.80,27/01/2024,11/12/26,pix,N,,quitado
960,304,7848147-32.2021.6.58.3528,75909.20,5,4,60727.36,15181.84,05/07/2021,2026-05-09,transferência,,20,quitado
961,283,8714773-70.2022.9.65.8541,"65395,66",2,0,0.00,65395.66,03/04/20,06/04/25,transferência,Sim,20,quitado
962,715,6944389-98.2023.1.72.8245,73867.15,4,3,"R$ 55.400,37",18466.79,11/04/2026,11/10/25,pix,sim,,ATRASADO
963,624,5483975-50.2024.8.92.4422,56849.20,6,0,0.00,56423.07,2024-03-08,02/08/2026,pix,N,0.23,Em Dia
964,944,1887163-62.2025.9.93.1037,5609.14,11,7,3569.44,"R$ 2.039,68",22 de novembro de 2022,17/06/2026,Boleto,nao,15%,ATRASADO
965,219,6034606-21.2023.6.18.6684,45192.19,9,8,"R$ 40.170,80",5021.35,05/12/23,2025-03-15,transferência,sim,20,quitado
966,1349,6260319-38.2024.8.96.1114,67242.85,11,10,61129.90,6112.99,2021-08-16,03/04/24,TED,Sim,13%,quitado
967,814,5422047-80.2024.8.62.4364,8256.01,12,1,688.00,7568.00,21 de julho de 2022,4 de janeiro de 2027,pix,não,20,quitado
968,355,5545511-73.2023.1.66.9757,"R$ 8.713,97",3,0,0.00,8713.98,28/03/22,02/10/2026,Boleto,não,11%,atrasado
969,1366,6935346-77.2024.3.52.9529,"54241,29",10,9,"48817,17",5424.13,1 de setembro de 2025,1 de janeiro de 2026,TED,Sim,0.25,ATRASADO
970,149,1974389-81.2024.5.57.9354,78751.33,10,4,31500.52,47250.78,01/12/25,17/12/26,pix,S,15%,quitado
971,871,1093623-59.2025.7.92.5441,22486.58,4,1,5621.65,"R$ 16.864,95",24/12/25,2024-12-13,transferência,N,12%,em dia
972,233,4601686-30.2021.5.52.7745,"R$ 18.452,68",8,2,4613.18,13839.54,25 de dezembro de 2021,24/12/25,pix,Sim,27%,quitado
973,1343,5159882-37.2022.9.71.7550,"70415,59",7,1,10059.37,"R$ 60.356,22",10 de março de 2026,2025-03-26,Boleto,não,,
974,648,8574876-96.2020.7.97.4673,46476.20,4,4,"R$ 46.476,20",0.00,16 de setembro de 2022,13/06/26,transferência,não,20,em dia
975,1091,6018860-77.2022.1.94.1315,52073.92,8,7,45564.68,6509.24,18/09/2025,2027-03-06,TED,não,0.13,Em Dia
976,119,8892606-62.2022.2.87.2168,"R$ 52.302,57",10,7,36611.82,"15690,78",2023-08-20,2026-06-08,PIX,N,15%,em dia
977,1463,8183950-10.2021.5.84.9388,18324.93,2,1,"R$ 9.162,47",9162.47,2023-04-10,24 de junho de 2024,pix,sim,15%,Em Dia
978,60,8286828-70.2022.9.31.8012,79746.47,7,1,11392.35,68354.10,18/03/21,29/09/26,PIX,N,15%,quitado
979,115,3505690-87.2020.8.52.6260,11370.95,7,4,6497.68,"R$ 4.873,26",27/07/2025,12 de março de 2026,pix,N,23%,
980,894,6096719-87.2023.1.41.6180,56171.06,7,4,32097.76,24073.32,12 de maio de 2020,17/02/24,pix,nao,29%,quitado
981,470,7626521-25.2020.9.17.3305,59478.79,3,0,0.00,59478.78,09/04/22,2024-01-13,Boleto,nao,20,atrasado
982,652,8097721-13.2023.1.47.8354,64769.56,7,4,37011.16,28241.04,06/03/22,26/09/24,PIX,não,20,em dia
983,605,5786762-52.2021.9.21.3037,55186.99,9,1,6131.89,49055.12,31 de maio de 2020,17/04/25,Boleto,N,,
984,1283,2675642-32.2022.8.65.5499,53793.30,5,5,53793.30,0.00,20 de julho de 2025,2026-10-29,TED,S,0.26,quitado
985,462,9822459-92.2024.8.17.6403,11042.54,7,7,11042.57,0.00,18/02/2025,2027-02-22,transferência,nao,15%,atrasado
986,1247,8286828-70.2022.9.31.8012,28159.87,2,0,0.00,28159.86,1 de setembro de 2020,13 de abril de 2026,Boleto,N,15%,atrasado
987,1127,8905709-90.2020.9.55.2471,7326.09,3,0,0.00,7326.09,16/03/26,18 de outubro de 2024,TED,S,0.27,Em Dia
988,15,2112478-55.2024.2.51.9095,"R$ 16.871,76",6,3,"R$ 8.435,88",8578.43,19 de julho de 2024,2024-11-20,Boleto,,29%,
989,1378,8323566-47.2021.3.26.4644,64902.32,6,0,0.00,"R$ 64.902,30",2023-06-07,22 de julho de 2024,PIX,,27%,quitado
990,125,1098476-20.2021.1.47.3336,24838.95,7,4,14193.68,"R$ 10.645,26",21 de outubro de 2021,6 de julho de 2026,transferência,S,0.25,em dia
991,262,9573194-21.2022.1.35.8352,"R$ 31.492,52",11,7,20040.72,"11451,84",2020-06-14,21 de maio de 2027,boleto,N,,quitado
992,457,7553290-31.2023.9.36.9282,"R$ 38.651,53",4,3,28988.64,9662.88,2026-01-18,21/06/27,TED,nao,0.27,ATRASADO
993,126,9214397-26.2023.4.18.6844,5258.33,11,6,2868.18,2390.15,22/01/2022,01/06/2027,TED,S,20,
994,780,2236315-26.2022.5.82.8939,32966.52,6,2,10988.84,21977.68,2024-01-08,22 de abril de 2024,boleto,nao,0.13,atrasado
995,1116,5638123-23.2024.7.30.5009,70651.98,8,5,44157.50,26494.50,19 de março de 2021,09/06/25,TED,nao,20,quitado
996,1298,7687292-20.2021.4.85.7539,33236.54,2,2,33236.54,0,29 de agosto de 2025,12/08/24,transferência,não,20,atrasado
997,793,3542799-64.2025.6.13.7299,"R$ 69.005,94",10,6,41403.54,27602.36,17 de julho de 2024,8 de outubro de 2025,pix,Sim,12%,atrasado
998,626,2884639-86.2023.2.31.8737,"22899,33",5,2,9159.74,13739.61,13/12/20,2025-09-30,Boleto,não,15%,em dia
999,159,5518767-82.2023.4.96.9873,71779.87,10,3,21533.97,50245.93,28/04/2020,2024-12-19,Boleto,N,15%,em dia
1000,717,1273300-90.2024.2.80.7378,77948.89,12,2,"R$ 12.991,48",,31/10/2024,06/11/2024,boleto,N,0.17,atrasado
1001,1121,5853247-29.2020.7.62.8870,40958.09,6,1,6826.35,34131.75,21/03/2024,2026-12-09,transferência,nao,15%,quitado
1002,1390,1974389-81.2024.5.57.9354,8954.56,2,1,4477.28,4477.28,2024-02-09,27/02/25,Boleto,S,15%,
1003,1359,8381610-96.2020.6.26.2533,40895.31,2,0,0.00,,2025-09-14,29/11/2024,transferência,não,20%,atrasado
1004,739,9822459-92.2024.8.17.6403,76804.11,4,3,57603.09,19201.03,24 de junho de 2021,12 de março de 2025,boleto,N,19%,Em Dia
1005,1093,1024421-54.2022.9.20.2563,29315.23,2,0,0.00,29315.22,23/08/23,08/07/2024,PIX,não,11%,em dia
1006,1395,1272937-41.2023.5.75.9958,18398.84,3,2,12265.90,6132.95,06/03/21,02/06/27,PIX,N,0.19,em dia
1007,1323,4092125-65.2025.3.26.9073,"R$ 60.886,59",11,11,60886.54,0.00,30/01/26,23 de agosto de 2025,boleto,N,26%,em dia
1008,1324,1614850-25.2020.8.85.3161,70803.70,10,1,"R$ 7.080,37",63723.33,18 de março de 2021,07/01/24,transferência,sim,15%,
1009,566,8323566-47.2021.3.26.4644,"R$ 40.059,56",11,6,"21850,68","R$ 18.208,90",26/05/2021,2025-12-04,Boleto,Sim,0.18,atrasado
1010,383,8530609-10.2021.5.41.7151,52291.66,2,2,52291.66,0.00,21/02/22,14/12/2024,transferência,,0.21,em dia
1011,1364,4687348-31.2023.1.92.6907,"R$ 55.422,86",12,8,36948.56,"18474,28",01/04/2020,2025-03-31,PIX,nao,0.27,quitado
1012,452,7724543-49.2023.9.44.7412,"R$ 36.449,34",5,5,"R$ 36.449,35",0.00,2023-11-21,16/05/2026,transferência,nao,27%,
1013,206,5732779-86.2025.4.28.7831,70781.42,11,7,45042.69,"R$ 25.738,68",06/11/22,22/08/24,boleto,nao,24%,quitado
1014,640,8220628-15.2021.8.54.9077,"R$ 49.193,24",4,1,"12298,31",36894.93,24 de novembro de 2021,04/02/25,pix,Sim,11%,em dia
1015,1312,9110060-16.2025.2.29.4716,"14329,73",7,0,0.00,"R$ 14.329,70",2023-12-14,2025-06-27,transferência,sim,20,em dia
1016,682,2191287-57.2021.1.18.8228,25931.24,10,6,15558.72,10372.48,2020-09-03,19/01/2027,pix,S,21%,atrasado
1017,226,9057219-99.2020.9.96.3254,50165.14,10,9,"R$ 45.148,59",4814.05,3 de dezembro de 2025,11/07/26,transferência,N,0.25,
1018,473,6018860-77.2022.1.94.1315,60945.80,1,0,0.00,60945.80,08/05/20,2 de fevereiro de 2025,Boleto,Sim,20,
1019,1250,7245951-43.2021.4.11.7623,12165.69,4,4,12165.68,0.00,27 de setembro de 2020,21/06/2024,pix,nao,20,quitado
1020,1398,2660213-63.2022.6.50.8366,56029.28,9,3,"R$ 18.676,44",37352.88,2 de setembro de 2022,27/11/2024,Boleto,sim,20,quitado
1021,703,1272937-41.2023.5.75.9958,58745.71,4,0,0.00,58745.72,2025-06-03,24/01/2024,pix,,0.21,quitado
1022,707,7115217-41.2025.1.67.7692,28254.86,8,5,17659.30,,12/10/22,27/03/2026,PIX,,0.13,quitado
1023,1316,7110796-41.2020.3.80.5362,"R$ 75.470,09",12,3,18867.51,56602.53,2020-10-16,10/05/2024,boleto,sim,15%,em dia
1024,983,6694761-39.2022.1.10.2199,24169.71,3,2,16113.14,8086.57,08/04/2020,23/10/2025,TED,nao,24%,atrasado
1025,1044,8607512-63.2021.6.82.1039,4858.95,6,6,4858.92,0.00,08/09/25,4 de abril de 2024,Boleto,nao,20,quitado
1026,1198,9822459-92.2024.8.17.6403,77805.98,11,10,"R$ 70.732,70",6927.96,01/11/22,2024-02-29,boleto,não,10%,quitado
1027,412,1714231-74.2025.9.71.1697,22327.74,11,3,6089.37,16238.32,2022-02-09,7 de dezembro de 2026,PIX,,15%,
1028,243,2884639-86.2023.2.31.8737,56928.59,4,2,"R$ 28.464,30",28464.30,5 de maio de 2022,01/11/2026,Boleto,sim,11%,quitado
1029,1493,1974389-81.2024.5.57.9354,62126.53,8,4,31063.28,"R$ 31.063,28",11/04/21,19/11/26,TED,S,15%,em dia
1030,1,3778380-86.2023.9.32.5849,10800.50,3,0,0.00,10800.51,28 de maio de 2020,2024-12-28,TED,N,15%,quitado
1031,372,3263740-44.2022.3.81.5402,32969.28,5,1,6593.86,"26375,44",2023-02-12,8 de dezembro de 2025,PIX,S,20,quitado
1032,465,5700249-43.2020.5.57.9341,78970.96,6,4,52647.32,"26323,66",15/03/21,17 de setembro de 2024,transferência,nao,0.29,quitado
1033,1184,1013314-48.2023.4.39.2083,3518.42,6,0,0.00,"R$ 3.518,40",2022-09-12,31/10/2026,transferência,N,,ATRASADO
1034,62,1346701-74.2024.1.65.8985,57780.20,1,0,0.00,57780.20,12 de outubro de 2020,03/02/2024,boleto,,,Em Dia
1035,117,2016341-89.2023.7.48.2724,34057.47,11,4,12384.52,21672.91,2024-07-01,2026-08-22,boleto,,0.21,quitado
1036,715,5733649-38.2020.2.35.3379,78681.18,5,2,31472.48,47208.72,23/06/2020,29 de outubro de 2026,PIX,sim,13%,quitado
1037,507,9810112-12.2021.1.97.8847,"4819,65",7,1,"R$ 688,52",4278.98,2023-01-22,2026-06-28,TED,sim,,
1038,1440,4299848-20.2023.2.47.7396,"R$ 64.644,94",8,5,40403.10,24241.86,21 de janeiro de 2021,09/08/26,pix,nao,20,quitado
1039,663,9636371-69.2025.8.67.4068,59673.24,11,8,43398.72,16274.52,2025-06-10,2024-06-24,boleto,nao,20,quitado
1040,616,1311508-84.2020.3.38.8512,"68335,59",5,4,"R$ 54.668,48",13667.12,13 de agosto de 2024,2025-08-19,boleto,sim,24%,
1041,1087,2884639-86.2023.2.31.8737,49848.38,10,3,14954.52,"34893,88",2020-10-25,18/03/2026,transferência,não,15%,Em Dia
1042,317,2895065-46.2022.7.67.1438,35799.75,7,1,5114.25,30685.50,29 de abril de 2024,2027-02-12,boleto,N,15%,atrasado
1043,1438,1931030-34.2024.8.48.5319,26935.94,12,12,26935.92,0.00,30/05/2020,02/02/25,PIX,Sim,21%,Em Dia
1044,885,5144296-22.2022.4.87.9648,12863.88,12,10,10719.90,"R$ 2.143,98",06/08/2024,8 de janeiro de 2027,boleto,Sim,12%,Em Dia
1045,620,7419280-60.2021.1.40.9417,"R$ 15.654,64",7,1,2236.38,"R$ 13.418,28",15 de novembro de 2024,2025-02-22,PIX,Sim,15%,ATRASADO
1046,1147,3766710-17.2025.4.91.1472,"R$ 17.475,78",4,2,8737.88,8737.88,19/12/24,29/01/2026,boleto,nao,17%,
1047,902,8630644-97.2025.3.28.1296,5716.09,2,2,"5716,1",0.00,23/06/2021,2027-05-25,pix,,20,quitado
1048,53,4140100-24.2024.4.63.7178,"R$ 21.983,94",5,1,4396.79,17587.16,2022-06-25,19 de novembro de 2024,transferência,não,,em dia
1049,81,7065068-16.2021.7.14.6489,53886.98,9,9,53886.96,"R$ 0,00",2025-07-01,2024-09-28,Boleto,S,,Em Dia
1050,1331,5451988-41.2020.2.82.4041,62526.53,3,0,0.00,62526.54,2025-09-19,22/04/27,transferência,S,16%,em dia
1051,1264,6036037-32.2025.3.53.7515,"79104,01",10,5,39552.00,39552.00,09/06/21,25 de junho de 2026,PIX,N,,ATRASADO
1052,703,1966014-66.2022.7.82.2137,"R$ 79.236,57",10,4,"31694,64",47321.27,17/04/2021,2026-12-12,Boleto,sim,,quitado
1053,495,6528202-89.2025.3.17.9496,56575.60,11,2,10286.48,46118.28,12/04/2024,27/11/26,PIX,N,12%,Em Dia
1054,404,2675642-32.2022.8.65.5499,3607.40,8,7,"R$ 3.156,51",450.93,2 de março de 2023,31/01/2027,transferência,Sim,,quitado
1055,94,7486029-45.2024.4.25.3159,43989.05,9,5,24438.35,19550.68,09/04/26,09/12/2024,Boleto,não,21%,Em Dia
1056,1424,5991409-16.2021.8.44.1303,47013.20,3,2,31342.14,15671.07,2022-06-24,04/02/2027,pix,Sim,20,em dia
1057,16,4299848-20.2023.2.47.7396,63078.86,9,0,0.00,63269.55,22/09/21,28 de setembro de 2024,PIX,N,,quitado
1058,305,6160516-66.2024.5.17.7150,12991.62,6,4,8661.08,4330.54,2021-07-01,13/06/26,boleto,Sim,15%,em dia
1059,776,1754781-28.2025.6.89.2162,17604.21,9,4,7824.08,9780.10,08/04/2022,2025-01-07,transferência,sim,20,ATRASADO
1060,481,7916680-90.2022.1.67.1785,"R$ 38.870,29",9,9,"38870,28",0.00,11 de janeiro de 2025,03/03/24,boleto,,29%,ATRASADO
1061,652,2129757-49.2025.4.14.5657,"25666,39",1,1,25666.39,0.00,11 de janeiro de 2021,29/01/2026,boleto,sim,15%,Em Dia
1062,307,5545511-73.2023.1.66.9757,79219.69,11,7,50412.53,28807.16,27 de janeiro de 2026,20/08/26,Boleto,não,25%,quitado
1063,1154,7115217-41.2025.1.67.7692,79468.38,11,2,14448.80,65019.60,2022-01-31,21/01/2025,TED,S,20,em dia
1064,518,4768255-51.2022.4.94.5695,15489.92,1,0,0.00,15489.92,16/02/21,2026-04-02,boleto,não,0.16,quitado
1065,369,5266269-78.2021.7.59.1392,27554.90,2,1,13777.45,"R$ 13.777,45",21 de maio de 2023,17 de janeiro de 2026,TED,,,em dia
1066,381,3588109-63.2023.1.26.4223,48847.22,5,1,9769.44,"R$ 39.077,76",17 de março de 2023,07/05/2025,transferência,Sim,,
1067,472,6096719-87.2023.1.41.6180,"19814,5",6,5,16512.10,3302.42,17/04/2020,2024-04-20,transferência,S,15%,
1068,996,1664676-19.2021.8.64.4616,"R$ 61.814,19",12,8,"R$ 41.209,44",20604.72,2020-07-26,2024-11-17,pix,,0.22,quitado
1069,23,4084503-92.2025.8.90.5515,67431.46,1,1,67431.46,-196.13,23/04/2022,13/05/26,TED,,0.27,atrasado
1070,1012,1714231-74.2025.9.71.1697,25084.77,11,2,4560.86,20523.87,26 de julho de 2024,13/12/24,PIX,nao,15%,Em Dia
1071,47,4299848-20.2023.2.47.7396,25082.00,9,8,22295.12,"R$ 2.786,89",18/08/21,18/07/25,pix,N,15%,quitado
1072,1225,6992158-64.2024.5.43.7750,48075.46,5,5,48075.45,0.00,2022-08-10,28 de abril de 2025,pix,Sim,20,
1073,189,6370110-64.2022.3.52.8440,45325.29,5,0,0.00,45325.30,06/11/21,17 de outubro de 2025,TED,,20,quitado
1074,361,9666878-83.2023.6.29.9905,16477.91,2,2,"R$ 16.477,90",0.00,16 de novembro de 2024,02/01/2027,TED,nao,20,
1075,652,5732779-86.2025.4.28.7831,59416.74,3,3,"R$ 59.416,74",0.00,13/07/2022,14 de maio de 2025,transferência,não,15%,atrasado
1076,1340,1098476-20.2021.1.47.3336,44257.20,7,5,31612.30,"R$ 12.644,92",2021-09-28,7 de maio de 2026,transferência,nao,,ATRASADO
1077,1025,7141324-67.2025.3.86.3413,41826.82,1,0,0,41826.82,24 de março de 2026,25/05/2027,pix,sim,25%,atrasado
1078,131,7141324-67.2025.3.86.3413,18581.50,2,0,0,"R$ 18.581,50",2025-05-20,25 de março de 2025,TED,N,15%,Em Dia
1079,4,3675188-38.2025.9.53.3305,32465.65,6,3,"16232,82",16232.82,14 de março de 2026,25/02/24,transferência,não,27%,quitado
1080,176,1676369-34.2022.3.47.6087,33178.84,9,8,29492.32,3686.54,26/05/24,02/10/2024,TED,S,14%,atrasado
1081,383,3242098-97.2025.4.44.9916,47466.56,2,0,0.00,"R$ 47.466,56",16/09/2021,06/08/2024,transferência,Sim,15%,quitado
1082,1094,8986773-71.2022.6.45.5854,69816.21,11,2,12693.86,57122.37,16/06/2022,29 de maio de 2024,boleto,Sim,,
1083,41,4134515-43.2021.8.70.4879,67258.51,10,7,"R$ 47.080,95","R$ 20.177,55",28/11/2024,2026-11-03,PIX,Sim,20,Em Dia
1084,168,3778380-86.2023.9.32.5849,35640.92,10,7,24948.63,10692.27,14/02/26,2024-06-06,PIX,não,15%,quitado
1085,206,8168450-48.2020.2.65.4570,"R$ 59.196,62",11,7,"37670,57",21526.04,2023-01-14,21 de março de 2025,pix,Sim,20,Em Dia
1086,223,9810112-12.2021.1.97.8847,64566.48,1,1,64566.48,185.26,5 de abril de 2020,19 de outubro de 2026,TED,não,20,em dia
1087,1271,1869144-23.2023.5.84.3325,36798.68,2,0,0.00,"36798,68",6 de dezembro de 2023,14 de setembro de 2026,TED,Sim,20,quitado
1088,1468,4768255-51.2022.4.94.5695,"R$ 18.648,92",5,5,18648.90,,2023-09-25,2027-03-24,pix,Sim,0.25,Em Dia
1089,838,2909764-51.2025.7.78.2223,78030.56,11,2,14187.38,63843.21,18/10/2023,2026-03-03,PIX,Sim,,ATRASADO
1090,252,1353022-94.2023.9.79.1203,52507.61,5,2,21003.04,"R$ 31.504,56",25/12/2024,09/02/2024,TED,,20,ATRASADO
1091,1285,7599278-46.2021.4.96.3535,74486.53,9,7,"57933,96000000001","R$ 16.552,56",07/01/2026,2024-12-19,TED,N,0.17,quitado
1092,1118,3879233-61.2024.5.30.1494,"R$ 58.689,80",8,7,"R$ 51.353,61",7336.23,20 de setembro de 2020,9 de maio de 2024,Boleto,nao,0.29,
1093,373,8368255-39.2020.9.60.4414,64217.32,5,0,0.00,"R$ 64.217,30",2021-06-20,15/11/26,transferência,S,17%,atrasado
1094,996,4510407-23.2020.5.18.6055,22533.76,3,0,0.00,22533.75,30/04/20,18/03/26,boleto,S,0.30,ATRASADO
1095,1285,5732779-86.2025.4.28.7831,35935.73,7,2,10267.36,25668.40,21/05/2020,19 de abril de 2024,Boleto,S,,atrasado
1096,545,2316290-44.2022.7.34.5190,45047,4,4,"R$ 45.047,00",0.00,26/02/25,01/04/27,TED,S,23%,atrasado
1097,1352,5867457-18.2023.9.16.7298,40857.95,3,3,40857.96,0.00,21/07/2025,25/07/2024,pix,N,,atrasado
1098,595,2316290-44.2022.7.34.5190,"R$ 5.098,01",12,8,3398.64,1699.32,20 de março de 2024,09/09/26,TED,nao,,em dia
1099,1157,2997279-67.2024.9.84.1441,19165.77,9,2,4259.06,14906.71,2023-05-23,04/03/25,transferência,N,0.13,Em Dia
1100,1192,8892606-62.2022.2.87.2168,"R$ 4.165,44",6,2,1388.48,2776.96,8 de fevereiro de 2022,12/06/2026,transferência,não,,
1101,646,6418382-43.2020.8.63.9133,13938.84,2,0,0.00,13938.84,2022-08-24,2024-01-25,TED,,17%,quitado
1102,396,2753004-76.2021.8.83.9874,73107.19,6,2,"R$ 24.369,06","R$ 48.738,12",28/05/2020,2024-02-04,pix,,15%,atrasado
1103,1104,2316290-44.2022.7.34.5190,16573.32,4,3,12429.99,4143.33,2022-06-08,31/08/25,transferência,S,26%,
1104,37,5159219-49.2023.5.25.3676,38604.13,2,1,"R$ 19.302,06","R$ 19.302,06",2022-10-22,20 de julho de 2026,TED,,,Em Dia
1105,436,4064382-39.2022.4.13.8937,50962.78,9,8,45300.24,5662.53,2026-04-07,27/07/2025,transferência,,30%,quitado
1106,1432,2112478-55.2024.2.51.9095,66138.78,7,4,"R$ 37.793,60","28631,65",05/07/2020,28 de fevereiro de 2027,pix,,15%,quitado
1107,103,8220628-15.2021.8.54.9077,70280.35,5,5,70280.35,0.00,24/02/22,26/10/24,boleto,nao,,quitado
1108,1021,1614850-25.2020.8.85.3161,76630.87,2,2,"76630,86",,01/08/2021,23 de fevereiro de 2024,boleto,N,20,quitado
1109,60,7224257-29.2020.8.88.9110,"R$ 46.530,97",7,3,"19941,84","26589,12",18/01/21,10 de dezembro de 2025,PIX,N,20,Em Dia
1110,655,9214397-26.2023.4.18.6844,76582.60,4,2,"38291,3",38291.30,4 de abril de 2022,19/02/26,PIX,,15%,ATRASADO
1111,1013,1602496-64.2022.5.79.8340,57989.76,2,1,28994.88,28994.88,07/12/24,15 de abril de 2025,Boleto,não,20,em dia
1112,1397,4326518-76.2023.4.36.8530,"43163,9",9,1,4795.99,38367.92,2022-10-15,28/05/2025,PIX,sim,20,quitado
1113,1081,8066975-72.2023.7.26.7675,66916.25,4,3,50187.18,16729.06,2021-12-26,17/02/2026,Boleto,S,,quitado
1114,815,5786762-52.2021.9.21.3037,42775.66,8,7,37428.72,5346.96,17 de julho de 2024,16/10/2024,boleto,,,
1115,658,8215015-64.2021.5.32.1893,44500.76,12,3,11125.20,33375.60,2021-07-04,2026-07-19,transferência,não,22%,quitado
1116,1394,8677980-28.2024.9.94.6552,9709.75,10,3,2912.94,6796.86,2023-04-25,06/03/26,boleto,não,20,quitado
1117,74,7082985-88.2022.2.94.6058,37211.52,3,3,37211.52,0.00,01/06/24,10/12/25,Boleto,não,,atrasado
1118,1489,5432782-56.2021.2.97.6240,"R$ 16.054,54",10,5,"R$ 8.027,25",8027.25,25/02/21,2024-10-03,transferência,sim,20%,quitado
1119,50,2575202-50.2023.1.54.9627,20990.62,1,0,"R$ 0,00",20990.62,2022-07-29,6 de outubro de 2025,Boleto,S,15%,ATRASADO
1120,739,6334947-38.2020.4.71.6173,44777.16,11,2,"R$ 8.141,30",36635.85,30/06/20,2025-05-18,pix,não,20,
1121,188,4584224-94.2025.2.57.2511,37584.90,12,2,6264.16,30909.33,2021-11-07,22 de janeiro de 2026,PIX,não,0.29,ATRASADO
1122,987,8168054-14.2024.6.50.1232,11369.83,1,1,11369.83,0.00,16/12/25,2024-02-28,Boleto,sim,,atrasado
1123,252,1445483-93.2023.1.61.7357,62644.14,4,3,46983.09,15661.03,2020-04-21,2025-06-10,pix,N,11%,em dia
1124,913,8530609-10.2021.5.41.7151,44929.15,5,4,"35943,32",8985.83,2023-10-28,3 de março de 2027,boleto,,0.21,Em Dia
1125,107,5050722-10.2024.8.29.4298,76675.98,2,0,0.00,76675.98,09/09/24,6 de fevereiro de 2027,Boleto,N,20,
1126,1499,9666878-83.2023.6.29.9905,23231.35,8,5,14519.60,8711.76,2025-08-11,19 de junho de 2024,TED,nao,15%,
1127,721,4299848-20.2023.2.47.7396,5603.13,10,6,3361.86,2241.24,15/04/21,24/10/2025,TED,nao,15%,quitado
1128,1085,9885734-21.2023.9.74.3450,7673.34,7,0,0.00,,24 de fevereiro de 2026,2025-02-11,Boleto,nao,20,Em Dia
1129,1101,9086174-80.2025.1.81.3292,31587.46,12,0,0.00,31587.48,20/06/2024,9 de março de 2026,TED,não,,
1130,988,2519059-58.2022.7.86.4385,35582.85,5,0,"R$ 0,00",35582.85,20/09/2025,2024-04-24,pix,não,0.19,atrasado
1131,1307,4433355-55.2023.8.48.9346,52174.10,2,1,26087.05,"R$ 26.087,05",2022-01-28,23/04/26,TED,S,0.20,
1132,156,1411065-96.2022.9.64.8271,"70734,06",6,0,0.00,71055.56,06/10/2021,10/10/24,TED,nao,20,quitado
1133,863,5853247-29.2020.7.62.8870,61239.47,3,3,61239.48,0.00,13/06/2025,2024-05-24,boleto,N,15%,quitado
1134,1249,1557680-16.2021.4.16.4031,23861.22,6,5,19884.35,"3976,87",15/02/23,4 de setembro de 2024,boleto,nao,15%,quitado
1135,741,4140100-24.2024.4.63.7178,16227.81,11,2,2950.52,13277.34,16/10/2022,14/03/2027,boleto,,15%,atrasado
1136,1058,9573194-21.2022.1.35.8352,52055.54,10,1,"R$ 5.205,55",46849.95,9 de setembro de 2021,2025-01-21,transferência,nao,,quitado
1137,109,9498791-62.2022.6.73.9564,67828.99,12,1,5652.42,"R$ 62.176,62",2026-04-25,2026-02-13,boleto,sim,20,em dia
1138,500,1013314-48.2023.4.39.2083,33272.70,10,8,26618.16,6654.54,29 de maio de 2025,21/11/2026,PIX,não,0.29,quitado
1139,324,2316290-44.2022.7.34.5190,"R$ 66.074,75",6,0,0.00,"R$ 66.074,76",25 de fevereiro de 2023,28 de maio de 2026,transferência,N,0.10,quitado
1140,466,7381740-86.2021.2.88.6570,76431.92,3,1,"25477,31",50954.62,22/06/23,23 de outubro de 2025,pix,N,20,atrasado
1141,518,5638123-23.2024.7.30.5009,"R$ 10.391,05",7,6,8906.64,1484.44,01/06/20,2025-03-17,PIX,N,20,atrasado
1142,1188,7323234-16.2020.9.59.5035,66584.22,11,5,30265.55,"36318,66",2020-05-26,27 de abril de 2027,boleto,S,,em dia
1143,886,2632721-15.2024.7.90.9593,43768.71,3,0,"R$ 0,00",43768.71,19/03/2021,10/01/2026,PIX,não,15%,quitado
1144,961,2842764-33.2025.7.99.7279,33842.07,9,6,"R$ 22.561,38",11280.69,8 de dezembro de 2023,2024-06-17,TED,S,,atrasado
1145,389,3754895-37.2021.6.18.8502,48515.62,7,7,48515.60,0.00,20/04/2026,26 de junho de 2026,boleto,nao,14%,atrasado
1146,214,9086174-80.2025.1.81.3292,38513.99,9,6,25675.98,12926.22,12/07/2020,01/04/2024,transferência,sim,,ATRASADO
1147,628,3306375-34.2024.9.48.9154,70552.20,5,5,70552.20,0,04/10/20,2 de janeiro de 2024,TED,N,,
1148,1249,2480014-80.2024.2.29.9847,38899.80,8,5,24312.40,14587.44,2022-09-14,2024-02-01,Boleto,sim,0.19,
1149,90,6404948-40.2021.7.68.7161,66924.50,7,0,"R$ 0,00","R$ 66.924,48",08/11/25,2024-01-09,TED,,23%,atrasado
1150,725,6944389-98.2023.1.72.8245,44919.28,9,3,14973.09,29946.18,22 de novembro de 2024,2026-06-07,TED,Sim,,quitado
1151,586,1273300-90.2024.2.80.7378,14852.10,1,1,14852.10,0.00,19/08/2024,2026-11-07,Boleto,N,,
1152,783,2675642-32.2022.8.65.5499,"R$ 14.260,17",10,3,"R$ 4.278,06",9982.14,2020-11-30,18 de abril de 2027,pix,nao,,quitado
1153,378,7999133-20.2023.7.26.1121,78065.82,11,8,56775.12,21290.67,2025-12-20,20 de maio de 2026,pix,S,15%,quitado
1154,188,3924425-56.2021.9.58.2912,41385.07,1,1,"R$ 41.385,07","R$ -14,84",10 de junho de 2025,2024-03-03,pix,N,,quitado
1155,105,2129757-49.2025.4.14.5657,49714.00,8,8,49714.00,"R$ 0,00",2021-08-09,20 de dezembro de 2024,transferência,sim,,ATRASADO
1156,519,3263740-44.2022.3.81.5402,53245.41,9,5,29580.80,23664.64,12/04/25,25/01/2026,boleto,Sim,,ATRASADO
1157,165,5732779-86.2025.4.28.7831,61123.83,4,3,45842.88,15280.96,25/08/20,30/09/25,PIX,sim,0.29,em dia
1158,187,9057960-29.2025.5.10.6072,57948.58,8,5,36217.85,21580.97,10/04/2021,19/02/24,PIX,nao,20,atrasado
1159,840,7948577-74.2025.1.60.7583,7076.08,4,4,7076.08,0.00,02/03/2026,2025-09-03,PIX,Sim,24%,atrasado
1160,559,6935346-77.2024.3.52.9529,78397.70,12,5,32665.70,45863.04,06/10/2024,2024-08-26,transferência,sim,0.17,em dia
1161,735,8382607-83.2020.6.26.3936,"54595,15",10,5,27297.60,27297.60,2024-08-07,2025-08-28,Boleto,Sim,15%,quitado
1162,709,1445483-93.2023.1.61.7357,"R$ 71.677,45",5,1,14335.49,57341.96,04/10/24,2024-10-27,transferência,sim,0.30,quitado
1163,1362,9636371-69.2025.8.67.4068,71358.37,4,1,"17839,59",53518.77,24/03/2020,14/06/24,TED,,20,atrasado
1164,1431,6075721-43.2020.9.85.8738,66271.40,11,6,36148.02,30123.35,28 de novembro de 2021,15 de setembro de 2026,boleto,sim,15%,Em Dia
1165,1271,7633905-83.2022.9.95.2309,25819.55,3,2,"R$ 17.213,04",8606.52,27/06/23,23/01/24,PIX,não,26%,
1166,987,5284129-51.2020.3.32.5205,"4589,99",8,3,1721.25,"2868,75",14/01/23,06/07/24,TED,sim,0.22,atrasado
1167,1200,5159882-37.2022.9.71.7550,24387.38,7,3,10451.73,13935.64,5 de setembro de 2022,24/01/24,PIX,S,20,em dia
1168,1263,4893809-11.2021.7.19.9759,10288.37,6,3,5144.19,"5144,19",2025-05-27,16 de novembro de 2025,transferência,,0.18,em dia
1169,1090,6370110-64.2022.3.52.8440,74212.37,6,5,61843.65,12368.73,16/07/2025,16/03/25,Boleto,S,0.11,Em Dia
1170,763,6414076-16.2021.7.78.8273,"22664,18",9,4,10072.96,"12591,2",08/02/26,24/11/2025,pix,N,,ATRASADO
1171,1416,1353022-94.2023.9.79.1203,16641.34,10,0,0.00,16641.30,2020-11-21,2027-05-06,boleto,N,17%,em dia
1172,1164,8749473-21.2020.4.12.9144,48988.88,9,0,0.00,49468.27,18 de maio de 2021,04/09/2025,pix,S,0.27,atrasado
1173,971,6075721-43.2020.9.85.8738,8439.13,7,7,"R$ 8.439,13",0,28/10/2025,20 de abril de 2025,transferência,,,Em Dia
1174,1289,9835331-11.2022.6.15.8602,24093.72,9,7,18739.56,5354.16,6 de setembro de 2023,2026-11-20,boleto,Sim,0.10,em dia
1175,440,8381610-96.2020.6.26.2533,"R$ 79.740,81",9,8,70880.72,8860.09,30/10/2021,23/09/2025,Boleto,,15%,quitado
1176,93,7141324-67.2025.3.86.3413,52750.38,7,7,"R$ 52.750,39",0.00,06/09/21,13 de agosto de 2025,PIX,,,em dia
1177,443,9071705-28.2021.9.78.4746,"R$ 10.204,33",3,0,0.00,9764.30,15 de setembro de 2025,24 de novembro de 2024,TED,nao,20,
1178,832,8168054-14.2024.6.50.1232,"R$ 11.530,97",5,3,6918.57,4612.38,2025-04-16,26/01/26,pix,N,27%,atrasado
1179,698,6339266-27.2025.5.15.6766,71722.26,4,1,"R$ 17.930,56",,2023-09-19,31 de maio de 2024,pix,não,20,ATRASADO
1180,1117,3724721-44.2021.9.75.5553,"R$ 71.468,22",4,3,53601.18,17867.06,02/12/2021,13 de abril de 2027,TED,nao,29%,quitado
1181,599,8168450-48.2020.2.65.4570,"19671,91",2,1,9835.95,"9835,95",29/05/24,2026-12-10,PIX,Sim,11%,em dia
1182,1201,7820540-78.2023.1.75.4823,27209.64,2,2,27209.64,0.00,31/01/25,2024-10-16,transferência,N,,
1183,1393,4229107-99.2020.7.61.3978,"19729,07",6,4,13152.72,"R$ 6.576,36",2022-08-22,21/08/2026,TED,S,,Em Dia
1184,317,1013314-48.2023.4.39.2083,25936.40,2,2,"R$ 25.936,40",0.00,2023-06-16,02/05/26,transferência,,,em dia
1185,1492,6524227-53.2025.1.97.6214,58197.91,5,3,"34918,74",,08/01/2020,20 de março de 2024,transferência,,20,
1186,582,6384831-67.2022.5.89.7429,"R$ 55.721,79",1,0,0.00,55721.79,30/12/23,13 de setembro de 2025,PIX,nao,20,
1187,1004,9489806-94.2021.2.55.9162,49752.36,4,4,"R$ 49.752,36",0.00,27 de agosto de 2023,24/01/27,boleto,Sim,29%,atrasado
1188,140,5401874-62.2025.2.46.8337,20228.46,8,2,5057.12,15171.36,25/04/23,5 de dezembro de 2026,boleto,Sim,20,
1189,457,9885734-21.2023.9.74.3450,11632.56,4,2,5816.28,"R$ 5.816,28",21 de novembro de 2022,9 de julho de 2025,transferência,,,
1190,510,5826200-20.2025.1.91.8748,"61252,49",4,1,"15313,12","R$ 45.939,36",2021-01-31,5 de junho de 2024,transferência,Sim,20,quitado
1191,510,4299848-20.2023.2.47.7396,11860.95,4,0,0.00,11860.96,29/04/2026,2024-08-15,PIX,nao,,ATRASADO
1192,915,3260101-88.2022.8.37.9169,61288.30,6,4,"40858,88",,12/10/23,04/12/2024,boleto,,15%,atrasado
1193,498,2236315-26.2022.5.82.8939,10386.68,11,6,5665.44,4721.20,01/10/2020,17/03/2026,TED,sim,,quitado
1194,879,4384627-80.2021.2.13.1061,26252.14,9,3,8750.70,17501.40,01/11/2023,28 de janeiro de 2024,PIX,Sim,0.18,quitado
1195,440,9822459-92.2024.8.17.6403,37753.31,6,6,"R$ 37.753,32",0.00,14 de julho de 2020,2027-05-15,Boleto,não,0.24,quitado
1196,1251,7110796-41.2020.3.80.5362,79048.38,1,0,0.00,,25 de fevereiro de 2022,2027-01-09,PIX,N,20,
1197,897,2100417-68.2021.7.29.9662,54474.14,11,0,0.00,54474.09,22 de novembro de 2024,2026-10-14,Boleto,Sim,30%,
1198,1389,2675642-32.2022.8.65.5499,30203.86,10,7,21142.73,,19/05/2023,13/09/25,pix,sim,,ATRASADO
1199,1407,4061044-97.2023.7.99.3676,4602.27,10,5,2301.15,2301.15,01/06/23,02/06/2026,Boleto,Sim,20,em dia
1200,746,4460247-99.2024.9.97.4840,77454.72,3,2,"R$ 51.636,48",25818.24,2025-10-22,11/12/2024,Boleto,nao,0.23,quitado
1201,18,7110796-41.2020.3.80.5362,"R$ 49.833,75",6,3,24916.86,24916.86,6 de janeiro de 2023,2025-08-15,TED,não,,em dia
1202,124,6036037-32.2025.3.53.7515,"R$ 16.354,08",7,0,0.00,16354.10,23/09/24,03/01/2024,pix,,28%,em dia
1203,701,1098476-20.2021.1.47.3336,21419.68,9,5,"R$ 11.899,80","R$ 9.071,10",28/04/2026,5 de abril de 2026,PIX,S,,em dia
1204,1013,3395583-64.2024.4.41.2181,48806.64,4,1,12201.66,36604.98,9 de maio de 2025,26 de abril de 2026,PIX,Sim,20,
1205,123,3260101-88.2022.8.37.9169,15465.87,2,1,7732.94,7732.94,2024-06-05,2027-03-26,Boleto,nao,,quitado
1206,663,5826200-20.2025.1.91.8748,59418.25,12,4,19806.08,"R$ 39.612,16",13 de abril de 2020,21/11/2025,Boleto,,0.26,ATRASADO
1207,1056,7486029-45.2024.4.25.3159,"R$ 59.497,95",11,7,"R$ 37.862,30",21635.60,18 de janeiro de 2023,25 de agosto de 2025,boleto,,20,atrasado
1208,243,9398629-61.2022.5.88.8253,"R$ 73.628,36",11,4,26773.96,46854.43,27 de janeiro de 2025,12 de julho de 2024,pix,não,,quitado
1209,1386,7141324-67.2025.3.86.3413,67353.48,2,0,0.00,"R$ 67.353,48",1 de janeiro de 2022,04/07/2025,boleto,nao,0.28,quitado
1210,1067,2658962-39.2022.5.95.8856,66158.56,8,2,16539.64,"49618,92",18/02/2020,31/01/24,TED,não,20,ATRASADO
1211,514,4134515-43.2021.8.70.4879,64430.26,12,4,21476.76,42953.52,22/05/24,5 de agosto de 2026,Boleto,,,quitado
1212,945,6686912-30.2025.4.68.7078,21083.71,10,0,0.00,"R$ 21.083,70",19 de fevereiro de 2023,28/07/25,boleto,não,15%,
1213,566,2519059-58.2022.7.86.4385,45585.43,5,4,36468.36,9117.09,2022-11-20,03/03/26,PIX,nao,0.28,em dia
1214,60,6686912-30.2025.4.68.7078,76277.74,7,3,"R$ 32.690,46","R$ 43.587,28",7 de julho de 2021,08/10/2026,TED,,20,
1215,783,5271615-59.2021.2.54.6844,62038.21,12,4,"R$ 20.679,40",41358.80,2024-04-11,19/11/25,transferência,não,15%,quitado
1216,756,3263740-44.2022.3.81.5402,8290.54,10,4,"R$ 3.316,20",4974.30,2025-08-26,2024-10-28,TED,sim,23%,
1217,149,6003915-30.2025.6.37.7681,"11329,71",4,4,11329.72,"R$ 0,00",2025-08-10,25/05/2026,transferência,N,13%,em dia
1218,1445,9824532-76.2023.6.37.2040,"64983,22",8,5,40614.50,24368.70,16/08/24,2 de março de 2025,Boleto,N,0.28,Em Dia
1219,238,4510407-23.2020.5.18.6055,74153.88,5,2,"R$ 29.661,56",44104.78,06/10/21,30/07/2026,transferência,sim,24%,quitado
1220,1376,6476769-27.2021.5.22.2570,40886.29,9,5,"22714,6",18171.68,2024-04-05,03/03/2024,PIX,,20,
1221,564,5217157-98.2020.2.64.4094,"R$ 72.961,44",7,1,"R$ 10.423,06",62538.36,24/01/2026,29 de janeiro de 2027,TED,sim,0.23,
1222,1110,9108785-98.2021.3.78.6687,61149.19,2,2,"61149,2",0.00,2025-02-20,2 de dezembro de 2024,TED,S,15%,
1223,1126,2869625-86.2025.7.14.5837,27853.81,3,1,9284.60,18569.20,09/06/22,2025-03-24,TED,N,15%,em dia
1224,7,5144296-22.2022.4.87.9648,48413.38,5,5,48413.40,0,2021-12-19,2027-01-08,PIX,nao,19%,quitado
1225,1433,1742202-63.2023.6.68.9372,18007.68,7,3,7717.59,10290.12,2025-01-05,22/11/25,pix,S,18%,
1226,1342,3541821-31.2021.8.96.1927,15073.17,7,2,"4306,62",10766.55,6 de março de 2023,2024-06-06,PIX,S,27%,em dia
1227,777,7951127-89.2024.1.63.3502,"R$ 5.858,49",12,12,5858.52,0.00,21/01/26,01/08/25,boleto,nao,,quitado
1228,888,5144296-22.2022.4.87.9648,68010.22,10,2,13602.04,54408.16,10/12/2020,9 de agosto de 2025,TED,sim,,atrasado
1229,529,2895065-46.2022.7.67.1438,42060.34,4,2,21030.16,"21030,16",2023-07-22,08/02/24,TED,Sim,0.25,Em Dia
1230,683,7544569-30.2022.4.91.9370,71629.49,4,2,"R$ 35.814,74",35814.74,13/02/2024,2025-09-23,TED,nao,15%,ATRASADO
1231,913,3306375-34.2024.9.48.9154,"R$ 6.842,99",10,2,"R$ 1.368,60",5474.40,24/12/2024,28/02/27,TED,Sim,0.27,ATRASADO
1232,209,4134515-43.2021.8.70.4879,30968.45,8,2,7742.12,23110.02,14/01/2022,16/01/27,pix,Sim,15%,quitado
1233,148,1676369-34.2022.3.47.6087,"R$ 47.217,86",11,11,"R$ 47.217,83",0.00,21/12/2022,30/03/24,transferência,N,0.18,quitado
1234,846,2100417-68.2021.7.29.9662,"R$ 7.859,20",11,5,3572.35,4286.82,18 de fevereiro de 2025,2026-12-30,TED,sim,11%,ATRASADO
1235,1020,3242098-97.2025.4.44.9916,22445.18,1,0,0.00,22445.18,4 de outubro de 2025,21 de março de 2025,pix,não,0.20,Em Dia
1236,1036,1966014-66.2022.7.82.2137,58015.03,12,2,9669.18,48345.90,29 de agosto de 2022,4 de abril de 2024,boleto,sim,24%,quitado
1237,342,6096719-87.2023.1.41.6180,68452.35,3,1,22817.45,45224.69,28/10/25,5 de julho de 2024,Boleto,nao,0.13,ATRASADO
1238,757,1093623-59.2025.7.92.5441,68341.63,12,2,11390.28,56951.40,2021-08-26,31/12/24,pix,não,20,quitado
1239,564,6034606-21.2023.6.18.6684,67660.19,5,5,67660.20,0.00,15/03/2023,14 de janeiro de 2027,boleto,N,16%,ATRASADO
1240,547,8572382-61.2025.1.41.7172,8207.20,7,2,2344.92,5862.30,14/08/20,6 de novembro de 2026,TED,S,20,quitado
1241,113,7840442-26.2025.9.53.5093,28805.27,1,0,0.00,28805.27,29/06/25,04/06/26,TED,sim,0.28,em dia
1242,503,2129757-49.2025.4.14.5657,41870.66,11,4,15225.68,"R$ 26.644,94",11 de fevereiro de 2025,18 de janeiro de 2027,TED,sim,,em dia
1243,270,4016576-41.2022.7.10.6952,"R$ 12.327,71",4,4,12327.72,24.15,22 de maio de 2023,21 de agosto de 2026,Boleto,Sim,0.12,ATRASADO
1244,241,8572382-61.2025.1.41.7172,"R$ 19.941,75",5,1,3988.35,"15953,4",29/03/2025,03/07/26,PIX,não,20,quitado
1245,321,2658962-39.2022.5.95.8856,73745.75,2,2,73745.76,0.00,03/09/2024,2024-12-22,TED,não,15%,atrasado
1246,333,3376786-12.2020.7.64.5093,48791.64,8,6,36593.70,12345.70,1 de janeiro de 2022,29 de junho de 2026,Boleto,sim,20,em dia
1247,1013,8220628-15.2021.8.54.9077,37817.66,11,0,0,37817.67,10/12/2023,25/07/2025,Boleto,Sim,,
1248,260,3766710-17.2025.4.91.1472,51164.66,5,2,"R$ 20.465,86",30698.79,04/12/2022,26/12/24,pix,S,,
1249,143,1633270-27.2024.2.52.7034,71400.01,2,0,0.00,71400.00,24/11/24,2024-05-28,TED,Sim,20,quitado
1250,620,7749444-78.2021.1.20.8763,"R$ 8.290,09",10,5,4145.05,"R$ 4.145,05",2022-01-23,14/12/2024,boleto,não,0.27,ATRASADO
1251,1094,5947618-28.2023.6.53.6118,"62794,28",6,0,0.00,62794.26,22 de julho de 2022,27 de março de 2026,pix,não,20,em dia
1252,498,8905709-90.2020.9.55.2471,52566.19,6,0,0.00,"52566,18",2025-12-02,2027-05-29,PIX,N,15%,atrasado
1253,928,1878000-50.2025.7.58.1197,"R$ 20.735,08",11,3,5655.03,15080.08,11 de janeiro de 2020,11 de agosto de 2026,Boleto,não,15%,
1254,502,5661974-14.2020.6.39.3137,9598.83,3,2,6399.22,3199.61,14/11/2025,2026-03-12,Boleto,não,15%,atrasado
1255,460,4180949-86.2020.3.26.7593,"R$ 19.014,39",12,8,"12676,24",6338.12,2022-07-05,24/06/27,Boleto,S,15%,em dia
1256,696,8827641-36.2022.5.59.8715,52687.52,4,4,52687.52,-128.21,2021-09-30,10/02/24,transferência,nao,0.30,Em Dia
1257,458,4065326-72.2025.8.58.5304,33972.32,2,2,33972.32,0.00,12/08/2020,2026-10-21,transferência,Sim,15%,ATRASADO
1258,848,7065068-16.2021.7.14.6489,57980.08,7,4,"R$ 33.131,48",24848.61,28 de outubro de 2023,18/12/2026,pix,,0.29,atrasado
1259,412,5074974-98.2023.8.21.9881,58719.05,9,4,26097.36,"32621,7",20/11/2021,02/03/2024,boleto,N,,quitado
1260,1470,1273300-90.2024.2.80.7378,64687.16,1,1,64687.16,0.00,4 de setembro de 2025,23/06/2024,PIX,S,20,ATRASADO
1261,1108,2328070-99.2024.8.57.5561,14477.81,12,0,"R$ 0,00",14477.76,20/04/2026,19 de setembro de 2025,PIX,não,,quitado
1262,792,2292432-35.2025.5.83.7063,36112.02,11,9,29546.19,6565.82,27/09/2020,10 de dezembro de 2024,TED,nao,15%,Em Dia
1263,18,5514997-95.2024.1.84.8098,44264.45,5,0,0.00,44264.45,11 de junho de 2025,20/12/2024,TED,nao,20,Em Dia
1264,1133,4433355-55.2023.8.48.9346,48207.83,9,3,"R$ 16.069,29",,07/03/2025,29/06/26,PIX,nao,20,quitado
1265,1328,2267110-24.2021.5.78.6025,6478.31,4,2,3239.16,3239.16,11 de julho de 2020,8 de setembro de 2024,pix,,16%,Em Dia
1266,131,2191287-57.2021.1.18.8228,11184.09,1,0,0.00,11184.09,2020-07-06,21/09/24,boleto,nao,0.12,Em Dia
1267,741,4768255-51.2022.4.94.5695,5935.58,6,0,0.00,5935.56,09/06/2020,02/06/26,boleto,N,14%,
1268,22,2632721-15.2024.7.90.9593,75548.77,1,1,75548.77,0.00,30/08/20,13 de outubro de 2024,boleto,N,21%,quitado
1269,1043,5786762-52.2021.9.21.3037,47895.72,9,9,47895.75,0.00,05/08/22,23/12/2025,pix,nao,11%,Em Dia
1270,49,7687351-51.2022.6.73.6768,73752.94,6,5,61460.80,,20/11/20,2026-10-25,boleto,Sim,0.17,ATRASADO
1271,652,3401866-56.2021.1.87.5297,"R$ 14.487,25",8,5,9054.55,5432.73,2023-08-16,28 de fevereiro de 2027,boleto,sim,30%,atrasado
1272,1117,3710559-31.2020.9.95.2540,75853.35,5,5,75853.35,0.00,02/02/26,5 de abril de 2025,Boleto,nao,0.24,
1273,1474,2397582-22.2023.9.93.4223,75893.08,12,9,"R$ 56.919,78","R$ 18.973,26",2024-09-21,1 de outubro de 2026,Boleto,N,,Em Dia
1274,329,5733649-38.2020.2.35.3379,"R$ 25.524,62",7,6,21878.22,3444.90,26/06/22,2026-11-05,pix,,15%,ATRASADO
1275,86,2480014-80.2024.2.29.9847,30142.94,3,2,"20095,3",10047.65,2023-01-14,2026-10-24,PIX,não,,atrasado
1276,1434,7486138-99.2020.5.81.4332,7592.96,11,5,3451.35,"4141,62",2025-12-17,27/07/2024,PIX,Sim,20,quitado
1277,985,6267378-50.2021.9.19.9923,54539.62,6,0,0.00,54539.64,24/06/2022,31/03/2027,PIX,,20,em dia
1278,783,5700249-43.2020.5.57.9341,"R$ 63.903,36",1,1,63903.36,0,27/07/2021,14/02/2024,TED,,20,quitado
1279,135,2316290-44.2022.7.34.5190,39326.58,6,6,39326.58,0.00,2021-02-25,2025-11-01,pix,Sim,15%,
1280,1128,4938178-62.2020.7.27.6072,3885.91,1,1,3885.91,0.00,2 de abril de 2023,11/09/2025,Boleto,S,20,Em Dia
1281,997,3724721-44.2021.9.75.5553,42861.58,9,8,38099.20,4762.40,2 de agosto de 2023,28/02/24,Boleto,,20,Em Dia
1282,21,6418382-43.2020.8.63.9133,"R$ 12.608,72",3,0,0.00,13078.02,09/08/25,02/05/2025,transferência,Sim,20,quitado
1283,1050,7633905-83.2022.9.95.2309,6686.59,10,0,0.00,6686.60,25 de junho de 2021,06/04/2026,transferência,Sim,0.10,
1284,673,6779292-61.2021.4.86.2783,64529.76,10,5,32264.90,32264.90,2025-01-21,08/09/2026,boleto,S,,quitado
1285,1301,1615190-23.2022.2.42.6238,47145.53,9,6,31430.34,"R$ 15.715,17",20 de setembro de 2025,1 de junho de 2025,TED,nao,15%,em dia
1286,122,1676369-34.2022.3.47.6087,39685.49,5,2,15874.20,23696.61,06/05/2020,2025-03-22,Boleto,,,atrasado
1287,804,2480014-80.2024.2.29.9847,22420.24,3,3,22420.23,0,20/08/2021,8 de março de 2026,transferência,não,0.19,Em Dia
1288,991,1757615-27.2025.7.10.3762,"R$ 56.046,44",4,3,42034.83,14011.61,29/05/21,2025-10-30,boleto,S,20,atrasado
1289,195,6425355-10.2021.6.53.2041,7607.45,3,1,2535.82,"R$ 5.413,63",2023-08-26,24/06/2027,boleto,N,15%,em dia
1290,1287,6034606-21.2023.6.18.6684,"61466,9",10,7,43026.83,18440.07,2020-06-10,20/03/24,transferência,não,0.23,atrasado
1291,492,5432782-56.2021.2.97.6240,54471.23,12,8,36314.16,18157.08,13 de março de 2026,30/06/2024,boleto,N,0.22,quitado
1292,356,9076234-78.2023.3.90.2702,69124.08,9,5,38402.25,30998.85,2020-12-20,18 de janeiro de 2025,Boleto,nao,0.22,atrasado
1293,910,8062805-72.2022.1.22.8771,29246.99,4,2,14623.50,14511.86,05/03/26,2024-09-05,transferência,não,20,quitado
1294,745,3376786-12.2020.7.64.5093,76374.26,4,4,76374.24,0.00,16/08/21,05/06/2027,TED,Sim,0.25,
1295,1275,4452862-76.2021.3.27.3238,"R$ 8.413,45",1,1,8413.45,0.00,28/09/24,8 de setembro de 2026,pix,sim,,quitado
1296,1094,6547287-16.2023.4.15.7491,28075.81,1,1,"R$ 28.075,81",,2023-02-04,29 de setembro de 2025,PIX,N,0.12,
1297,106,4460247-99.2024.9.97.4840,"28916,65",11,10,26287.90,2628.79,04/04/2025,12 de julho de 2026,transferência,sim,23%,quitado
1298,1431,3585301-47.2021.7.73.3469,8423.14,11,5,"3828,7","R$ 4.594,44",25/08/2022,15/04/2024,transferência,não,18%,
1299,1347,1676369-34.2022.3.47.6087,"R$ 7.204,25",1,1,7204.25,0.00,15/12/23,15/10/25,TED,sim,,quitado
1300,819,6865513-17.2021.7.21.3938,28770.53,6,2,9590.18,"R$ 19.180,36",10/01/25,02/05/2026,transferência,não,,Em Dia
1301,1412,6404948-40.2021.7.68.7161,"R$ 12.556,66",12,8,8371.12,4171.77,24/06/21,13 de dezembro de 2025,TED,N,15%,em dia
1302,185,6836135-90.2022.9.37.5643,53079.76,7,0,0.00,52638.07,05/05/24,03/01/2025,transferência,sim,22%,em dia
1303,347,6339808-70.2020.2.67.1325,"31649,55",1,0,"R$ 0,00",31649.55,23 de março de 2024,23/01/2024,TED,,,atrasado
1304,1134,4314934-26.2021.7.14.7244,47556.41,12,5,"19815,15",27741.21,26 de fevereiro de 2020,2026-02-14,transferência,sim,20,ATRASADO
1305,751,8157599-64.2024.2.89.5276,11176.46,11,7,7112.28,4064.16,31/07/24,6 de abril de 2025,TED,Sim,20,
1306,992,3260101-88.2022.8.37.9169,34195.76,7,6,"R$ 29.310,66",4885.11,21 de janeiro de 2022,8 de março de 2026,pix,Sim,15%,quitado
1307,200,2316290-44.2022.7.34.5190,74694.25,3,1,24898.08,49796.16,06/12/2020,01/04/2024,Boleto,sim,20,
1308,866,8381610-96.2020.6.26.2533,"R$ 5.464,20",11,7,3477.25,1987.00,25 de outubro de 2020,2024-05-25,PIX,S,25%,
1309,681,9970343-38.2020.5.18.4483,25332.45,12,3,"R$ 6.333,12",18999.36,22/06/2023,08/07/2024,TED,,19%,Em Dia
1310,978,3975387-89.2023.4.55.7631,56593.40,5,2,22637.36,33956.04,2021-06-04,31 de julho de 2026,transferência,,26%,atrasado
1311,599,1833330-93.2025.8.61.3405,4589.62,1,1,4589.62,0.00,27 de outubro de 2021,30/08/2025,boleto,,15%,atrasado
1312,954,6038940-61.2024.4.64.6408,38664.85,2,1,"19332,42",19332.42,16/05/23,16 de julho de 2024,pix,Sim,0.20,ATRASADO
1313,685,7323234-16.2020.9.59.5035,76411.68,4,3,"57308,759999999995",19102.92,22/02/22,08/06/25,boleto,,15%,em dia
1314,560,1093623-59.2025.7.92.5441,37558.77,11,10,34144.30,"R$ 3.360,96",15/09/2022,2026-05-01,boleto,nao,,
1315,375,7486138-99.2020.5.81.4332,50423.48,4,3,"37817,61",12605.87,17 de março de 2020,26/04/26,PIX,sim,,atrasado
1316,803,6425355-10.2021.6.53.2041,"R$ 41.227,96",9,0,0.00,,29/03/20,2026-06-03,PIX,,20,quitado
1317,1227,1273300-90.2024.2.80.7378,6985.77,1,0,0.00,"R$ 6.834,53",2021-03-02,12/12/24,TED,nao,0.16,ATRASADO
1318,577,3675188-38.2025.9.53.3305,"R$ 29.284,32",10,0,0.00,29284.30,16/11/21,28/09/25,transferência,,21%,em dia
1319,395,5850223-43.2020.3.81.3185,44205.01,7,3,18945.00,24813.71,07/08/2021,10 de junho de 2026,TED,,14%,Em Dia
1320,1133,1557680-16.2021.4.16.4031,32325.90,4,0,0.00,"32325,92",2020-07-15,14 de maio de 2024,TED,N,20,atrasado
1321,110,5826200-20.2025.1.91.8748,"73092,24",12,4,"24364,08",48728.16,31/12/2021,07/02/2025,pix,não,15%,atrasado
1322,857,7916680-90.2022.1.67.1785,"R$ 27.295,15",2,0,0.00,"R$ 27.295,16",2025-03-27,18 de junho de 2026,pix,sim,15%,atrasado
1323,119,4681694-71.2021.9.28.7350,"R$ 50.047,25",7,1,7149.61,"R$ 42.897,66",03/01/2021,9 de julho de 2026,transferência,,15%,ATRASADO
1324,1216,5159882-37.2022.9.71.7550,66675.69,2,1,33337.85,33337.85,2025-10-09,04/04/2024,TED,Sim,20,ATRASADO
1325,423,4601686-30.2021.5.52.7745,16315.91,10,9,"R$ 14.684,31",1631.59,8 de fevereiro de 2023,2027-06-23,Boleto,sim,20,
1326,187,8220628-15.2021.8.54.9077,79047.29,8,7,69166.37,9880.91,29 de abril de 2021,29 de abril de 2024,TED,N,0.28,
1327,1399,2909764-51.2025.7.78.2223,"66388,88",8,8,66388.88,0.00,2024-09-19,20/07/24,PIX,N,0.29,
1328,1187,1272937-41.2023.5.75.9958,58030.51,7,4,33160.28,"24870,21",30/07/2021,3 de novembro de 2025,pix,N,15%,quitado
1329,59,7724543-49.2023.9.44.7412,30689.55,12,7,17902.22,"R$ 12.787,30",18 de outubro de 2021,11/06/25,TED,S,15%,
1330,486,7948577-74.2025.1.60.7583,42890.70,8,7,37529.38,5361.34,11 de outubro de 2022,14/01/2024,PIX,Sim,,
1331,607,5112941-62.2021.1.89.5887,48197.64,2,2,48197.64,"R$ 0,00",23/10/21,1 de maio de 2025,transferência,Sim,,atrasado
1332,357,9885734-21.2023.9.74.3450,"76515,77",6,4,51010.52,25505.26,5 de maio de 2025,11/06/27,PIX,nao,15%,ATRASADO
1333,562,1116024-57.2025.8.16.4043,15388.38,11,10,13989.40,1398.94,2023-02-08,22/11/24,PIX,S,15%,quitado
1334,308,1664676-19.2021.8.64.4616,51386.60,4,3,38539.95,13257.93,2022-10-19,14/08/26,PIX,N,15%,quitado
1335,1255,7687351-51.2022.6.73.6768,44762.51,11,4,16277.28,28485.24,2025-06-16,2026-01-07,pix,S,20,Em Dia
1336,577,6992158-64.2024.5.43.7750,"24880,41",1,1,24880.41,0.00,29 de novembro de 2021,2024-05-11,PIX,,,Em Dia
1337,859,4510407-23.2020.5.18.6055,42941.22,6,2,14313.74,28627.48,20/07/2020,2026-02-02,PIX,Sim,20,quitado
1338,56,7789809-22.2020.1.73.9031,"4474,46",2,2,4474.46,0.00,13/06/2020,2026-03-06,PIX,S,20,Em Dia
1339,837,4952151-27.2023.3.38.8762,14343.56,12,11,13148.30,"R$ 1.195,30",23 de janeiro de 2022,2026-05-28,TED,Sim,20,em dia
1340,683,2100417-68.2021.7.29.9662,13289.70,5,2,5315.88,7973.82,20/08/22,2026-05-18,Boleto,sim,20,atrasado
1341,983,8157599-64.2024.2.89.5276,29442.14,5,0,"R$ 0,00",29442.15,11 de dezembro de 2021,2025-10-18,Boleto,nao,,atrasado
1342,1371,7941836-76.2025.4.34.6543,21690.91,12,6,10845.48,10890.51,14/07/22,26 de março de 2025,PIX,N,,ATRASADO
1343,769,3675188-38.2025.9.53.3305,22359.98,12,10,18633.30,3726.66,01/04/25,11/03/2026,boleto,Sim,15%,ATRASADO
1344,794,4064382-39.2022.4.13.8937,49022.00,9,7,38128.23,,2021-03-29,24 de outubro de 2026,transferência,sim,20,Em Dia
1345,1320,2267110-24.2021.5.78.6025,44716.86,8,7,39127.27,5589.61,28/07/21,10 de agosto de 2024,TED,não,0.21,quitado
1346,550,4938178-62.2020.7.27.6072,18719.18,10,2,3743.84,14975.36,2025-04-21,02/05/25,PIX,nao,0.17,Em Dia
1347,1455,5733649-38.2020.2.35.3379,56419.63,9,9,56419.65,0.00,08/04/22,10/01/2026,PIX,não,,quitado
1348,854,7486029-45.2024.4.25.3159,11003.88,4,1,2750.97,8252.91,20/04/2023,26 de julho de 2024,boleto,N,23%,quitado
1349,199,8892606-62.2022.2.87.2168,37923.36,1,1,37923.36,0.00,09/04/2020,22/03/25,transferência,sim,20,ATRASADO
1350,148,1714231-74.2025.9.71.1697,"R$ 10.048,07",2,2,10048.06,-443.32,30/01/2022,14/11/25,Boleto,,15%,quitado
1351,1481,9498791-62.2022.6.73.9564,50411.14,6,3,"25205,58",25695.06,2022-12-02,2026-08-17,transferência,,20,Em Dia
1352,772,2016341-89.2023.7.48.2724,"R$ 9.774,78",6,1,1629.13,8145.65,7 de março de 2023,23 de abril de 2026,boleto,N,20,ATRASADO
1353,1329,8125196-18.2023.1.53.1215,26780.11,5,1,5356.02,21424.08,14/02/24,22/05/2025,transferência,Sim,,atrasado
1354,1369,4493339-70.2021.7.17.8725,3548.85,1,1,"R$ 3.548,85",0.00,06/11/2025,30/11/2026,PIX,não,0.27,quitado
1355,1352,2575202-50.2023.1.54.9627,5665.66,9,8,5036.16,"629,52",2024-06-19,14 de junho de 2024,TED,nao,,atrasado
1356,729,4874996-38.2022.9.94.8154,11328.76,8,7,"R$ 9.912,70",1416.10,24/08/23,3 de fevereiro de 2025,TED,N,22%,
1357,1498,9636371-69.2025.8.67.4068,"66314,76",6,3,33157.38,"33157,38",15 de setembro de 2021,27 de março de 2025,pix,Sim,0.28,ATRASADO
1358,616,2110878-87.2023.8.83.8978,"R$ 69.673,18",11,11,"R$ 69.673,23",0.00,2023-05-07,17 de fevereiro de 2026,Boleto,sim,20,quitado
1359,689,8655267-17.2025.3.63.4188,54130.82,2,0,0.00,54130.82,13/12/2020,23/01/24,Boleto,não,,
1360,25,6416661-36.2021.8.21.8496,"R$ 11.190,43",6,2,3730.14,"R$ 7.460,28",28 de janeiro de 2024,12 de janeiro de 2026,transferência,não,,quitado
1361,939,3710559-31.2020.9.95.2540,51116.38,4,3,38337.27,12779.09,23/02/20,20 de fevereiro de 2024,pix,Sim,,atrasado
1362,51,3588109-63.2023.1.26.4223,49722.73,7,6,42619.50,"R$ 6.699,30",17/03/2025,31/10/2025,pix,S,,quitado
1363,606,1869144-23.2023.5.84.3325,50399.75,3,3,50399.76,0.00,18 de julho de 2024,21/06/2024,Boleto,sim,,
1364,1358,4084503-92.2025.8.90.5515,39385.73,5,3,23631.45,"R$ 15.754,30",17 de outubro de 2020,2026-03-13,pix,S,20,Em Dia
1365,1343,3821719-15.2025.2.86.2518,71914.73,6,0,0.00,"R$ 71.914,74",03/11/2020,18 de março de 2026,Boleto,sim,,atrasado
1366,1168,6404948-40.2021.7.68.7161,62490.68,6,3,31245.33,31245.33,08/05/2021,27 de fevereiro de 2024,TED,S,15%,ATRASADO
1367,677,8574876-96.2020.7.97.4673,25371.59,4,0,0.00,25371.60,2020-06-13,26/04/26,transferência,,,atrasado
1368,1228,6416661-36.2021.8.21.8496,36383.89,10,3,10915.17,"R$ 25.468,73",13 de outubro de 2022,2026-05-03,TED,,,em dia
1369,784,2461262-96.2021.6.48.1315,45116.23,5,1,9023.25,35878.09,26/04/21,15 de março de 2024,transferência,Sim,15%,
1370,665,2292432-35.2025.5.83.7063,51764.23,5,4,"R$ 41.411,40",10352.85,2024-05-07,28/02/2027,transferência,N,,atrasado
1371,69,8306601-19.2020.3.50.7457,34264.81,8,3,12849.30,21415.50,27/02/21,2026-08-21,boleto,não,15%,Em Dia
1372,1302,8062805-72.2022.1.22.8771,70658.76,9,8,62807.76,7356.96,8 de janeiro de 2020,16 de julho de 2024,Boleto,S,20,em dia
1373,1323,3750497-13.2024.6.65.9009,16476.41,7,7,"16476,39",0.00,2025-02-14,2024-05-22,transferência,não,0.17,atrasado
1374,528,8215015-64.2021.5.32.1893,"23989,2",4,4,23989.20,0.00,2024-09-03,03/09/25,TED,S,15%,quitado
1375,1490,7223110-52.2024.2.44.8994,41224.75,8,4,20612.36,"20612,36",27 de agosto de 2021,11 de julho de 2025,Boleto,Sim,20,quitado
1376,1348,8209168-30.2020.1.41.7632,7648.45,9,2,1699.66,5948.81,20/02/2021,17 de abril de 2024,Boleto,não,15%,
1377,927,6075721-43.2020.9.85.8738,70585.87,8,6,52939.38,"17646,46",17 de janeiro de 2020,2026-02-05,TED,Sim,21%,quitado
1378,1168,2997279-67.2024.9.84.1441,"R$ 27.362,27",4,0,0.00,"R$ 27.362,28",07/07/2024,13/12/2025,PIX,nao,20,
1379,963,6096719-87.2023.1.41.6180,45847.86,3,3,45847.86,0.00,26 de fevereiro de 2022,27 de junho de 2024,Boleto,Sim,22%,
1380,1029,5867457-18.2023.9.16.7298,10425.65,6,1,1737.61,8688.05,2020-08-17,26 de dezembro de 2024,boleto,N,0.12,
1381,743,3464073-25.2022.8.73.5075,"R$ 57.086,45",6,0,0,57086.46,2023-02-03,06/06/2027,transferência,N,0.27,atrasado
1382,1115,3766710-17.2025.4.91.1472,"R$ 30.322,66",5,4,24258.12,6064.53,03/01/2023,2 de maio de 2027,TED,N,20,
1383,1016,7765112-69.2024.9.62.5648,75200.93,9,2,16711.32,58489.62,11 de abril de 2025,16 de janeiro de 2026,TED,sim,15%,quitado
1384,165,2895065-46.2022.7.67.1438,"19444,86",1,1,19444.86,0.00,12/04/2022,2026-08-22,boleto,sim,20,quitado
1385,522,1165147-13.2020.2.47.5874,"13688,08",4,2,"6844,04",6844.04,2020-12-01,31/05/2027,Boleto,sim,15%,Em Dia
1386,702,8381610-96.2020.6.26.2533,33732.12,3,3,33732.12,"R$ 0,00",23 de julho de 2024,06/06/2026,transferência,não,15%,Em Dia
1387,1360,1183693-37.2024.1.85.2937,"R$ 57.437,38",3,1,19145.79,38737.28,30 de maio de 2022,09/05/25,transferência,Sim,,quitado
1388,726,4601686-30.2021.5.52.7745,"67005,85",7,0,0.00,67005.82,5 de fevereiro de 2023,2026-12-21,PIX,,21%,quitado
1389,777,8286828-70.2022.9.31.8012,49753.59,4,0,0.00,"49753,6",4 de fevereiro de 2025,8 de junho de 2026,PIX,N,20,ATRASADO
1390,1021,6944389-98.2023.1.72.8245,"R$ 59.976,21",4,2,29988.10,29988.10,11 de outubro de 2023,2 de julho de 2026,PIX,,20,quitado
1391,319,6101036-60.2022.7.49.3295,"R$ 29.648,41",8,5,18530.25,"11262,4",20/06/22,2026-04-06,TED,Sim,15%,quitado
1392,26,5732779-86.2025.4.28.7831,19631.04,10,5,"R$ 9.815,50",9815.50,17/02/22,14/03/24,TED,N,19%,em dia
1393,348,3464073-25.2022.8.73.5075,36606.52,6,5,30505.45,"6101,09",2024-01-02,27 de março de 2024,PIX,,0.24,
1394,1122,8183950-10.2021.5.84.9388,"R$ 42.478,30",8,8,42478.32,0.00,26/09/22,28/10/2024,Boleto,Sim,0.14,ATRASADO
1395,1404,1353022-94.2023.9.79.1203,4424.75,5,2,1769.90,2654.85,16/02/22,01/02/25,boleto,N,20,ATRASADO
1396,1298,7224257-29.2020.8.88.9110,50558.68,2,2,50558.68,499.27,14/01/2022,15 de março de 2024,boleto,sim,,em dia
1397,302,5438623-45.2022.4.51.7250,"23097,38",11,9,18897.84,"R$ 4.199,52",28/07/2020,2024-04-26,pix,N,,atrasado
1398,425,8381610-96.2020.6.26.2533,15690.18,8,2,3922.54,"R$ 11.426,30",2021-02-18,15/02/27,PIX,S,13%,atrasado
1399,220,6992158-64.2024.5.43.7750,11071.51,9,0,"R$ 0,00",11071.53,2024-06-18,26/02/24,Boleto,nao,0.19,ATRASADO
1400,728,6339808-70.2020.2.67.1325,65963.20,2,2,"65963,2",0.00,24 de março de 2021,22 de junho de 2026,boleto,S,,em dia
1401,316,3924425-56.2021.9.58.2912,16681.87,4,0,0.00,16681.88,30/10/24,14/04/24,PIX,nao,14%,em dia
1402,408,1778149-24.2023.1.86.3557,28553.57,11,4,10383.12,"18170,46",19/07/2024,03/08/25,transferência,,20,em dia
1403,517,3248366-98.2020.5.11.6279,71571.47,6,2,23857.16,47714.32,12/12/2022,10 de novembro de 2025,transferência,S,27%,em dia
1404,1263,1183693-37.2024.1.85.2937,"R$ 31.974,65",8,1,3996.83,27977.81,9 de agosto de 2020,26 de março de 2026,transferência,não,15%,ATRASADO
1405,580,2909764-51.2025.7.78.2223,66924.88,1,0,0.00,66924.88,18 de novembro de 2022,18/01/2024,TED,não,15%,quitado
1406,722,5966644-82.2023.4.88.9951,19421.48,11,3,5296.77,14124.72,2020-02-03,12/02/2027,transferência,nao,20,ATRASADO
1407,1022,8607512-63.2021.6.82.1039,5769.34,3,0,0.00,5769.33,27/11/20,04/02/2026,boleto,,,quitado
1408,271,5483975-50.2024.8.92.4422,31762.99,3,2,21175.32,10587.66,2026-02-19,20 de março de 2027,PIX,sim,19%,
1409,105,7765112-69.2024.9.62.5648,37985.41,12,12,37985.40,0.00,22/06/2020,2026-02-02,transferência,não,15%,atrasado
1410,743,9804642-71.2024.4.76.5486,78231.67,7,2,22351.90,,12 de julho de 2020,27 de abril de 2026,pix,,26%,Em Dia
1411,98,9824532-76.2023.6.37.2040,54525.05,11,9,44611.38,9913.64,06/03/25,6 de abril de 2027,Boleto,Sim,0.15,
1412,1209,8125196-18.2023.1.53.1215,12773.60,7,6,10948.80,1754.53,2025-03-29,18 de abril de 2027,Boleto,nao,0.28,ATRASADO
1413,332,5050722-10.2024.8.29.4298,70653.81,10,8,56523.04,14130.76,12/01/22,13/05/2025,transferência,não,,atrasado
1414,391,3542616-60.2022.3.87.6536,4781.40,2,0,0.00,4781.40,11 de junho de 2020,26/04/26,transferência,sim,0.27,ATRASADO
1415,1200,9057219-99.2020.9.96.3254,"38514,15",3,2,25676.10,12838.05,2022-12-16,2024-08-16,TED,nao,20,em dia
1416,1308,4507711-38.2024.2.34.4732,35236.25,7,2,10067.50,"R$ 25.168,75",2021-10-27,23/10/2025,boleto,não,15%,quitado
1417,727,5462435-11.2024.9.85.2977,10020.09,5,4,8016.08,2004.02,8 de julho de 2023,09/04/2025,Boleto,nao,15%,quitado
1418,1300,9062552-47.2024.4.22.8265,25745.80,12,9,19309.32,6436.44,2022-06-15,23/09/2025,transferência,,15%,
1419,863,5159219-49.2023.5.25.3676,47104.63,12,6,23552.34,"23552,34",29/10/2020,2025-03-08,PIX,N,24%,em dia
1420,130,5786762-52.2021.9.21.3037,4085.94,4,0,0,4085.96,21 de abril de 2024,7 de janeiro de 2024,PIX,sim,15%,ATRASADO
1421,1096,4140100-24.2024.4.63.7178,77180.37,2,2,"77180,36",,31 de maio de 2025,11/06/26,boleto,,,atrasado
1422,1134,5271615-59.2021.2.54.6844,21659.56,12,10,18049.60,,04/12/23,21/03/25,boleto,,29%,atrasado
1423,149,6779292-61.2021.4.86.2783,17499.15,8,2,4374.78,"R$ 13.124,34",26/06/20,18 de dezembro de 2024,boleto,sim,15%,ATRASADO
1424,688,9057219-99.2020.9.96.3254,7866.66,6,6,7866.66,0.00,13/08/25,27/07/25,transferência,nao,20%,quitado
1425,954,1966014-66.2022.7.82.2137,"R$ 55.528,83",5,5,55528.85,0.00,26/08/2020,23 de maio de 2027,pix,S,20,em dia
1426,572,5661974-14.2020.6.39.3137,"R$ 45.835,61",9,0,0.00,45835.65,06/08/2023,09/02/2025,pix,N,0.22,quitado
1427,1052,3401866-56.2021.1.87.5297,71889.18,11,3,19606.14,52283.04,03/01/24,2026-03-05,pix,não,15%,quitado
1428,137,5068524-45.2025.9.91.6906,30644.24,2,0,0.00,30644.24,2026-04-25,2025-03-04,pix,S,20,ATRASADO
1429,748,6075721-43.2020.9.85.8738,50075.91,9,9,50075.91,0.00,2025-05-08,28 de abril de 2024,TED,Sim,20,quitado
1430,1430,9398629-61.2022.5.88.8253,46523.37,7,5,33231,13292.40,20/04/21,07/03/26,pix,nao,,ATRASADO
1431,1122,7323234-16.2020.9.59.5035,"5548,75",10,0,0.00,"R$ 5.548,80",2025-12-02,26/04/26,Boleto,N,0.21,quitado
1432,993,2316290-44.2022.7.34.5190,64848.72,5,4,"R$ 51.878,96",12969.74,2021-05-11,28 de julho de 2024,TED,sim,,em dia
1433,895,9822459-92.2024.8.17.6403,79498.03,2,1,39749.01,"R$ 39.749,01",02/04/26,2024-12-21,PIX,,,quitado
1434,176,9822459-92.2024.8.17.6403,66546.42,3,1,22182.14,"44364,28",12 de junho de 2025,2026-02-10,PIX,,0.22,atrasado
1435,1074,2837371-36.2022.7.88.5428,"29715,17",4,4,29715.16,0.00,2024-10-12,15/11/2025,transferência,sim,0.22,quitado
1436,717,5853247-29.2020.7.62.8870,46262.07,4,4,46262.08,0.00,2023-03-16,2025-11-07,pix,sim,20,em dia
1437,637,3588109-63.2023.1.26.4223,57834.83,4,1,14458.71,43085.82,25 de julho de 2021,18 de agosto de 2024,pix,,12%,Em Dia
1438,53,4510407-23.2020.5.18.6055,75439.66,10,7,52807.79,22631.91,12 de fevereiro de 2025,28/07/2024,PIX,sim,10%,quitado
1439,818,1735592-50.2022.9.87.5612,"78806,04",5,0,0.00,"78806,05",2023-12-04,27/01/2027,transferência,N,,em dia
1440,81,6260319-38.2024.8.96.1114,"R$ 71.165,37",10,2,14233.08,56932.32,12 de outubro de 2021,27/05/27,TED,N,25%,quitado
1441,374,1878000-50.2025.7.58.1197,17194.94,3,1,5731.65,11100.53,2025-05-31,06/03/2026,pix,sim,20,atrasado
1442,444,3263740-44.2022.3.81.5402,64885.79,12,8,43257.20,21448.92,24/02/2025,21/09/24,boleto,S,20,quitado
1443,161,4090182-95.2021.1.57.7189,74152.26,3,1,"R$ 24.717,42","R$ 49.434,84",2023-10-12,23/03/27,pix,S,,quitado
1444,163,3346094-93.2020.2.94.1759,64798.98,9,9,64799.01,0.00,05/06/25,17/05/2026,pix,não,,quitado
1445,947,7840442-26.2025.9.53.5093,10510.77,2,1,5255.39,5255.39,02/01/24,2024-11-22,transferência,N,0.17,ATRASADO
1446,1100,1272937-41.2023.5.75.9958,30872.85,11,2,5613.24,25259.58,9 de maio de 2023,08/06/2024,PIX,,,quitado
1447,1210,3576390-15.2021.2.82.8209,31365.92,6,6,31365.90,,22/12/24,04/10/2025,PIX,sim,15%,em dia
1448,763,6414076-16.2021.7.78.8273,75942.42,3,0,"R$ 0,00",75942.42,27/02/24,5 de setembro de 2024,pix,S,,Em Dia
1449,248,6036037-32.2025.3.53.7515,13904.36,5,3,8342.61,5561.74,29/10/23,19/11/25,pix,nao,23%,em dia
1450,904,5050722-10.2024.8.29.4298,46552.50,10,1,4655.25,41897.25,01/06/23,18 de fevereiro de 2027,TED,Sim,,Em Dia
1451,1455,4092125-65.2025.3.26.9073,"R$ 38.729,69",7,4,22131.24,16598.43,13 de novembro de 2021,8 de janeiro de 2025,boleto,,15%,
1452,574,7840442-26.2025.9.53.5093,"47575,67",7,0,0.00,47575.64,11/08/2020,26/12/2025,PIX,N,0.17,quitado
1453,483,6524227-53.2025.1.97.6214,10759.14,12,8,7172.72,3586.36,2026-01-26,24 de setembro de 2024,TED,N,,Em Dia
1454,1277,3505690-87.2020.8.52.6260,74594.26,10,6,44756.58,29837.72,14 de agosto de 2020,13/06/24,Boleto,não,15%,em dia
1455,591,1664676-19.2021.8.64.4616,58880.68,9,7,45796.10,"R$ 13.084,60",10 de janeiro de 2024,10/01/26,transferência,,20,quitado
1456,1086,2884639-86.2023.2.31.8737,"R$ 77.374,07",10,4,"30949,64",46424.46,15/02/24,11 de março de 2024,Boleto,sim,20,ATRASADO
1457,1036,8097721-13.2023.1.47.8354,10921.45,10,7,7644.98,3276.42,24/04/25,04/05/2026,transferência,nao,,em dia
1458,411,4584224-94.2025.2.57.2511,8686.47,4,1,"R$ 2.171,62",6514.86,25 de julho de 2021,03/06/2025,transferência,não,15%,atrasado
1459,462,2110878-87.2023.8.83.8978,69173.22,9,9,"R$ 69.173,19","R$ 0,00",2022-12-19,24 de novembro de 2025,boleto,sim,15%,atrasado
1460,1296,4721085-96.2020.6.92.9645,64911.85,2,0,"R$ 0,00","R$ 64.911,84",21 de abril de 2023,19/07/24,Boleto,Sim,,ATRASADO
1461,1422,1095980-10.2020.7.77.8313,"R$ 33.287,95",10,0,"R$ 0,00",32953.27,28/05/22,2024-06-22,boleto,N,20,
1462,357,2842764-33.2025.7.99.7279,"R$ 23.928,18",6,6,23928.18,0,08/03/2022,9 de novembro de 2025,TED,Sim,18%,quitado
1463,1158,1438459-62.2020.7.78.3410,15733.89,10,1,1573.39,,10 de julho de 2020,23 de janeiro de 2026,pix,S,,em dia
1464,620,7948577-74.2025.1.60.7583,"55251,77",12,5,23021.55,32230.17,14/10/21,7 de maio de 2024,pix,Sim,15%,atrasado
1465,781,1095980-10.2020.7.77.8313,61741.19,6,1,10290.20,"R$ 51.451,00",7 de novembro de 2023,31/12/25,boleto,Sim,,Em Dia
1466,1093,5159219-49.2023.5.25.3676,29412.02,10,9,26470.80,2941.20,27 de agosto de 2022,31/10/26,pix,,15%,quitado
1467,1236,2490107-19.2023.9.10.7930,74078.18,5,0,0.00,74078.20,8 de dezembro de 2024,21/03/2025,TED,N,0.13,quitado
1468,1081,4384627-80.2021.2.13.1061,67803.64,3,0,0.00,67803.63,2025-03-14,2024-12-12,transferência,Sim,0.27,ATRASADO
1469,1208,6524227-53.2025.1.97.6214,"R$ 28.293,19",5,0,0.00,28293.20,16/08/22,2027-04-02,pix,N,15%,
1470,1202,2186433-37.2022.2.12.4344,24350.90,5,4,19480.72,5295.43,27/11/22,13/11/2025,boleto,Sim,20%,ATRASADO
1471,950,2016341-89.2023.7.48.2724,"71464,23",8,4,"R$ 35.732,12",35732.12,2020-04-22,2024-11-25,TED,Sim,0.30,Em Dia
1472,1489,2545435-52.2025.3.59.7623,67800.51,4,2,33900.26,"33900,26",12 de setembro de 2023,30/05/2024,Boleto,nao,15%,quitado
1473,78,4085001-92.2022.6.76.8938,4497.74,6,1,749.62,3748.10,08/11/24,16 de abril de 2026,transferência,S,,Em Dia
1474,97,1101935-78.2023.5.88.5299,"8364,27",6,4,5576.20,2788.10,16/04/20,23 de março de 2024,TED,S,,em dia
1475,391,9057219-99.2020.9.96.3254,22951.63,2,1,"R$ 11.475,82",11475.82,19 de março de 2022,16/01/27,PIX,S,20,atrasado
1476,835,8415891-60.2021.6.92.5554,"R$ 38.053,15",12,3,9513.30,"28539,9",11/06/2025,15 de novembro de 2024,Boleto,sim,15%,em dia
1477,128,7110796-41.2020.3.80.5362,"21930,61",5,5,21930.60,0.00,2025-12-04,2025-06-04,pix,,20,ATRASADO
1478,21,9076234-78.2023.3.90.2702,52583.86,1,1,52583.86,0.00,2024-03-08,12/02/2025,transferência,,15%,atrasado
1479,192,5112941-62.2021.1.89.5887,"64012,02",1,0,"R$ 0,00",64012.02,2024-03-17,2025-10-26,pix,,0.25,Em Dia
1480,432,5112941-62.2021.1.89.5887,75051.26,8,4,37525.64,"R$ 37.525,64",22 de julho de 2024,02/03/26,transferência,Sim,,quitado
1481,1394,1887163-62.2025.9.93.1037,"70680,17",3,0,0.00,70680.18,26 de maio de 2025,10 de setembro de 2024,TED,sim,15%,atrasado
1482,1479,5755257-93.2020.8.44.2882,6820.80,2,1,3410.40,"R$ 3.410,40",2020-02-12,24 de abril de 2026,transferência,N,0.20,ATRASADO
1483,575,7553290-31.2023.9.36.9282,13627.99,5,3,8176.80,5451.20,22/04/26,2026-10-11,transferência,N,15%,
1484,649,7553290-31.2023.9.36.9282,38672.05,10,9,34804.89,"3867,21",14/06/21,05/06/27,transferência,sim,0.15,quitado
1485,461,5853247-29.2020.7.62.8870,40380.04,1,1,40380.04,0.00,1 de novembro de 2021,2025-12-15,TED,S,20,quitado
1486,407,4874996-38.2022.9.94.8154,72778.83,5,2,29111.54,43667.31,2025-06-09,2024-02-18,boleto,Sim,20,atrasado
1487,854,5274951-77.2021.1.76.5120,"R$ 8.743,65",6,3,4371.81,"R$ 4.371,81",31/08/23,2027-02-26,TED,nao,,quitado
1488,1029,5953905-94.2022.5.44.3245,48446.16,3,3,48446.16,0.00,22/04/2020,21/09/25,TED,N,20,quitado
1489,273,4229107-99.2020.7.61.3978,8232.77,8,8,8232.80,"R$ 0,00",16 de julho de 2020,7 de maio de 2025,Boleto,S,20,em dia
1490,519,5239450-56.2022.7.99.2371,35886.01,12,2,5981.00,29905.00,2023-08-17,16/02/24,boleto,S,15%,ATRASADO
1491,639,1735592-50.2022.9.87.5612,24472.65,6,1,"4078,78",20393.90,2025-07-07,18/04/26,boleto,sim,20,em dia
1492,1122,1024421-54.2022.9.20.2563,34717.80,7,5,24798.45,9919.38,9 de junho de 2020,14/07/26,PIX,Sim,,atrasado
1493,317,6011987-71.2020.8.10.4396,"R$ 62.014,44",3,3,62014.44,-305.70,15/03/22,2025-10-08,TED,Sim,20,atrasado
1494,25,5625093-80.2022.9.16.6618,68815.64,2,2,68815.64,0.00,26 de janeiro de 2021,09/03/2026,TED,sim,14%,quitado
1495,1,5660649-86.2020.5.86.9291,32099.80,3,2,21399.86,"R$ 10.699,93",2021-09-23,14/04/2027,boleto,N,,Em Dia
1496,430,9057960-29.2025.5.10.6072,47442.88,3,2,"31628,58",15355.20,23/03/2026,8 de junho de 2026,Boleto,nao,0.14,quitado
1497,41,3975387-89.2023.4.55.7631,23875.96,10,9,21488.40,2387.60,03/02/2026,6 de março de 2027,boleto,não,15%,
1498,147,8381610-96.2020.6.26.2533,54128.97,3,3,54128.97,"R$ 0,00",2023-12-17,15 de dezembro de 2025,TED,Sim,0.24,quitado
1499,297,1311508-84.2020.3.38.8512,72210.21,5,2,28884.08,43326.12,14 de março de 2022,4 de março de 2027,Boleto,nao,15%,Em Dia
1500,608,8936104-83.2022.1.39.7934,70665.65,6,2,23555.22,47110.44,2024-01-08,2025-11-11,transferência,N,,atrasado
1501,729,2100417-68.2021.7.29.9662,"R$ 5.736,83",6,2,1912.28,"R$ 3.824,56",5 de julho de 2022,16 de agosto de 2025,TED,nao,0.11,quitado
1502,79,2519059-58.2022.7.86.4385,"R$ 30.340,55",12,8,"20227,04",10113.52,2022-11-05,2024-06-09,PIX,N,26%,quitado
1503,1045,8157599-64.2024.2.89.5276,35707.67,4,2,"17853,84",17853.84,18 de setembro de 2022,25/04/2026,PIX,N,13%,em dia
1504,241,8286382-50.2025.4.53.4414,28801.86,11,8,20946.80,7855.05,31 de maio de 2023,26/09/26,PIX,nao,20,
1505,158,4681694-71.2021.9.28.7350,54944.23,12,1,4578.69,50365.59,12/04/23,19 de fevereiro de 2026,Boleto,sim,15%,ATRASADO
1506,1467,6779292-61.2021.4.86.2783,58255.28,11,10,52959.30,5295.93,2023-04-28,27/01/26,boleto,sim,,quitado
1507,372,3588109-63.2023.1.26.4223,39283.09,2,1,19641.54,19641.54,2020-12-15,29/08/2026,TED,S,,ATRASADO
1508,896,7438163-48.2021.3.47.1186,74847.31,2,1,"37423,65","37423,65",28/09/25,2025-07-10,pix,sim,22%,
1509,1427,1778149-24.2023.1.86.3557,25351.62,1,1,25351.62,0.00,2024-12-06,09/03/24,Boleto,N,24%,quitado
1510,1479,2837371-36.2022.7.88.5428,46417.49,12,8,30944.96,15638.56,16 de junho de 2022,2026-05-02,boleto,Sim,,Em Dia
1511,601,8168054-14.2024.6.50.1232,63014.19,1,0,0.00,63014.19,19/12/2024,2025-04-12,boleto,sim,16%,ATRASADO
1512,514,5451988-41.2020.2.82.4041,"R$ 34.642,71",9,9,34642.71,,10/12/25,21/11/2026,Boleto,Sim,20,quitado
1513,959,1353022-94.2023.9.79.1203,36280.30,2,0,0.00,36280.30,14/08/22,05/03/2026,boleto,não,0.12,quitado
1514,64,7599278-46.2021.4.96.3535,"R$ 33.513,23",10,1,"R$ 3.351,32",29755.38,2022-09-13,1 de março de 2026,pix,nao,17%,em dia
1515,820,9498791-62.2022.6.73.9564,"R$ 54.285,11",8,3,20356.92,"33928,2",10/02/24,01/03/25,boleto,Sim,20,atrasado
1516,155,6935346-77.2024.3.52.9529,78777.88,7,0,"R$ 0,00",78777.86,05/11/24,09/09/2025,pix,não,0.30,atrasado
1517,741,5068524-45.2025.9.91.6906,32444.25,4,2,16222.12,16222.12,2021-10-11,2026-01-23,TED,nao,20,quitado
1518,419,1248003-72.2024.2.80.8472,38983.82,2,0,0.00,38983.82,20/11/20,18 de março de 2024,transferência,N,0.10,quitado
1519,1278,1869144-23.2023.5.84.3325,"R$ 44.608,86",3,0,0.00,44608.86,15/11/22,06/12/26,transferência,não,22%,
1520,1126,7789809-22.2020.1.73.9031,"R$ 71.520,35",11,7,45512.95,26007.40,24/06/2022,29 de agosto de 2024,TED,N,,ATRASADO
1521,875,2869625-86.2025.7.14.5837,16589.72,12,3,4147.44,12442.32,25/10/23,11 de outubro de 2024,PIX,N,0.25,quitado
1522,353,6425355-10.2021.6.53.2041,63477.07,11,4,23082.56,"R$ 40.394,48",09/05/2024,2027-06-30,boleto,N,20,em dia
1523,1040,6096719-87.2023.1.41.6180,"R$ 75.144,13",1,0,0.00,"R$ 75.144,13",17/04/2020,2027-01-05,PIX,sim,,
1524,848,3401866-56.2021.1.87.5297,60511.56,7,3,25933.53,34773.62,2025-04-01,22/12/2026,pix,nao,13%,Em Dia
1525,605,5625093-80.2022.9.16.6618,12950.66,2,0,0.00,13008.31,20 de abril de 2020,12 de julho de 2026,Boleto,sim,15%,
1526,167,4433355-55.2023.8.48.9346,"R$ 53.611,13",7,6,"R$ 45.952,38",7658.73,16/09/2023,2024-12-28,TED,Sim,15%,quitado
1527,1161,8714773-70.2022.9.65.8541,45705.48,9,6,"30470,340000000004",15235.17,27 de junho de 2025,2027-02-18,TED,nao,20,ATRASADO
1528,636,2328070-99.2024.8.57.5561,36218.41,11,6,19755.48,"16738,79",17/03/2020,12 de fevereiro de 2027,TED,não,0.11,quitado
1529,1031,3168718-77.2025.2.92.8027,47458.17,5,4,"R$ 37.966,52",9491.63,19/04/22,2026-06-23,Boleto,nao,,quitado
1530,117,4938178-62.2020.7.27.6072,53152.76,1,0,0.00,"53152,76",30/06/24,26/05/24,Boleto,,16%,ATRASADO
1531,810,6404948-40.2021.7.68.7161,"17371,61",9,2,3860.36,13511.26,10/01/21,11/04/2024,Boleto,não,,ATRASADO
1532,1387,3734843-61.2021.3.94.2954,10028.15,11,10,9116.50,911.65,18 de novembro de 2023,2024-07-27,TED,não,,Em Dia
1533,664,5472823-70.2022.4.41.7624,66606.95,3,1,22202.32,44404.64,13/11/2021,2026-11-09,pix,N,15%,atrasado
1534,1181,4140100-24.2024.4.63.7178,39901.56,4,1,"R$ 9.975,39",29926.17,11 de março de 2022,2 de agosto de 2026,boleto,,,quitado
1535,310,1974389-81.2024.5.57.9354,56470.18,7,4,"R$ 32.268,68",24621.16,12 de outubro de 2020,15/08/26,Boleto,sim,20,quitado
1536,980,8986773-71.2022.6.45.5854,37373.21,12,7,21801.01,"15572,15",2024-02-07,31/08/2024,Boleto,Sim,,em dia
1537,1032,6935346-77.2024.3.52.9529,"R$ 55.482,29",5,4,44385.84,11096.46,16/02/23,16/05/27,Boleto,Sim,,
1538,160,8749473-21.2020.4.12.9144,8406.21,5,1,1681.24,6724.96,25/11/2022,2025-12-31,transferência,não,,Em Dia
1539,139,1411065-96.2022.9.64.8271,31185.47,11,8,22680.32,"8505,12",15/06/2022,29 de janeiro de 2026,boleto,sim,0.10,Em Dia
1540,433,6339266-27.2025.5.15.6766,58738.43,7,5,41956.00,16782.40,5 de janeiro de 2022,18/06/24,Boleto,,0.28,em dia
1541,431,2328070-99.2024.8.57.5561,"R$ 38.634,71",6,1,"R$ 6.439,12",,08/04/21,13/06/2026,boleto,nao,15%,Em Dia
1542,115,8843195-99.2024.6.39.2836,30170.50,9,8,26818.24,"R$ 3.352,28",03/11/20,16/12/2024,pix,Sim,,ATRASADO
1543,1096,4865461-96.2025.2.64.9143,46754.72,1,0,0.00,46754.72,23/05/20,07/05/25,transferência,N,15%,quitado
1544,638,4510407-23.2020.5.18.6055,"49082,29",9,1,5453.59,43637.21,2 de março de 2020,6 de outubro de 2026,TED,não,30%,em dia
1545,793,7687292-20.2021.4.85.7539,18061.05,12,2,3010.18,14903.46,31 de outubro de 2022,15/12/2025,TED,,0.19,quitado
1546,713,4494463-44.2022.5.80.7542,"60731,61",11,5,27605.30,33126.36,10/06/21,9 de maio de 2025,TED,,20,ATRASADO
1547,609,5953905-94.2022.5.44.3245,38019.19,1,1,38019.19,"R$ 0,00",05/03/2020,21/03/26,transferência,,20,
1548,1499,1602496-64.2022.5.79.8340,62804.11,5,4,"50243,28","R$ 12.560,82",09/05/2020,24/09/2024,Boleto,S,15%,ATRASADO
1549,1368,3464073-25.2022.8.73.5075,49633.35,3,1,"R$ 16.544,45","R$ 33.088,90",2026-02-28,12 de outubro de 2026,transferência,não,20,quitado
1550,1358,1165147-13.2020.2.47.5874,58126.87,9,1,6458.54,52042.88,2025-06-22,18 de julho de 2026,transferência,Sim,15%,atrasado
1551,881,6686912-30.2025.4.68.7078,38783.46,7,7,38783.43,0.00,2024-04-10,27/02/25,TED,sim,20,
1552,1427,8843990-84.2020.6.68.3017,"69066,76",7,0,0.00,69066.76,21/03/2022,31 de janeiro de 2027,transferência,sim,20,ATRASADO
1553,1381,5159882-37.2022.9.71.7550,72248.77,11,2,13136.14,59112.63,27/06/23,6 de outubro de 2026,pix,,15%,atrasado
1554,109,4687348-31.2023.1.92.6907,"R$ 14.942,73",6,3,7471.35,7471.35,2025-01-22,2024-10-13,PIX,S,15%,Em Dia
1555,995,6267378-50.2021.9.19.9923,"R$ 53.807,33",6,4,"35871,56",,2021-08-20,10 de novembro de 2025,pix,sim,20,em dia
1556,79,8157599-64.2024.2.89.5276,59107.77,11,1,5373.43,53840.65,2023-06-08,03/04/27,boleto,nao,20,
1557,403,9110060-16.2025.2.29.4716,72751.09,7,0,0.00,72751.07,15/01/2025,2024-02-20,PIX,nao,15%,ATRASADO
1558,1242,7110796-41.2020.3.80.5362,58827.89,1,0,0.00,"58827,89",07/11/25,22/02/2026,boleto,sim,25%,em dia
1559,1199,8827641-36.2022.5.59.8715,45271.65,7,1,6467.38,38804.28,20 de setembro de 2021,2026-01-10,PIX,,0.20,Em Dia
1560,814,6418382-43.2020.8.63.9133,3164.08,1,1,3164.08,0.00,26/01/25,20/04/2024,transferência,Sim,15%,quitado
1561,19,9398629-61.2022.5.88.8253,12221.33,8,2,3055.34,,02/01/2020,22/09/2024,Boleto,Sim,14%,Em Dia
1562,376,2129757-49.2025.4.14.5657,75495.36,3,2,"50330,24","R$ 25.165,12",09/05/2021,2025-05-28,PIX,N,0.11,
1563,346,7789809-22.2020.1.73.9031,"R$ 61.473,73",7,7,"R$ 61.473,72",0,12/12/2025,2 de novembro de 2026,PIX,sim,,quitado
1564,711,9992831-61.2022.4.35.1469,34628.77,9,8,30781.12,3973.66,14/08/25,17/04/2025,TED,S,20,quitado
1565,1148,3766710-17.2025.4.91.1472,20627.88,7,1,2946.84,"R$ 17.681,04",11/03/26,13/06/2026,pix,,20,ATRASADO
1566,354,6267378-50.2021.9.19.9923,9263.95,3,3,9263.94,0.00,2023-05-12,02/08/25,pix,S,0.15,quitado
1567,20,7082985-88.2022.2.94.6058,58814.82,4,0,0,58691.80,29/06/23,2027-01-31,Boleto,,20,atrasado
1568,286,6053412-12.2021.6.72.8346,5817.51,4,0,0,5817.52,17 de julho de 2020,2027-01-02,transferência,N,24%,quitado
1569,846,2341370-92.2024.9.60.8122,"R$ 75.756,59",6,4,50504.40,"R$ 25.252,20",11 de janeiro de 2020,16/04/24,pix,nao,,atrasado
1570,291,1614850-25.2020.8.85.3161,"19823,8",12,1,1651.98,"R$ 18.171,78",02/11/22,28 de maio de 2027,PIX,sim,,
1571,540,5991409-16.2021.8.44.1303,24663.39,3,3,"R$ 24.663,39",0.00,2023-04-07,24/02/24,PIX,não,0.11,ATRASADO
1572,961,1311508-84.2020.3.38.8512,4160.60,12,12,4160.64,0.00,13 de janeiro de 2024,06/02/2026,PIX,sim,15%,
1573,283,6003915-30.2025.6.37.7681,"R$ 12.197,48",10,7,"8538,25",3659.25,3 de janeiro de 2022,23 de fevereiro de 2024,TED,N,19%,ATRASADO
1574,145,9062552-47.2024.4.22.8265,31061.98,6,1,"R$ 5.177,00",26203.88,30/01/26,2025-02-23,Boleto,nao,22%,quitado
1575,564,8892606-62.2022.2.87.2168,"R$ 44.038,46",12,7,25689.09,"R$ 18.349,35",2026-01-24,28/03/2025,pix,não,19%,
1576,309,8843195-99.2024.6.39.2836,67419.66,12,10,56183.10,11236.62,2023-10-11,26 de maio de 2024,Boleto,nao,,
1577,262,4417916-40.2022.7.26.4278,47500.63,5,5,47500.65,0.00,22/02/22,2024-02-14,PIX,N,20,quitado
1578,64,6034606-21.2023.6.18.6684,62317.93,12,6,"31158,96",31158.96,02/11/2023,2025-09-04,pix,N,16%,ATRASADO
1579,934,5451988-41.2020.2.82.4041,22629.82,7,6,19396.98,3232.83,22/12/2023,2024-09-01,Boleto,N,,ATRASADO
1580,705,1964519-55.2020.7.58.6781,19770.98,11,5,8986.80,10784.16,17/02/24,2024-02-26,Boleto,nao,,quitado
1581,469,5239450-56.2022.7.99.2371,9839.92,6,4,"R$ 6.559,96",3279.98,05/11/2023,09/08/2026,pix,nao,15%,atrasado
1582,842,3505690-87.2020.8.52.6260,5019.22,8,0,0.00,"5019,2",22/07/2022,15/12/25,pix,N,,quitado
1583,920,5631823-61.2020.5.47.1440,16898.73,5,5,16898.75,0.00,7 de maio de 2022,14/06/2027,Boleto,Sim,20,atrasado
1584,767,7687292-20.2021.4.85.7539,75181.95,11,3,20504.16,54677.76,2023-01-25,07/09/25,pix,N,0.17,quitado
1585,1464,5853247-29.2020.7.62.8870,68825.81,8,5,"43016,149999999994","R$ 25.809,69",07/09/2022,08/12/2024,Boleto,sim,15%,quitado
1586,330,8382607-83.2020.6.26.3936,75406.09,10,7,"R$ 52.784,27",22621.83,17 de março de 2026,05/11/2024,Boleto,não,20,atrasado
1587,646,4874996-38.2022.9.94.8154,35318.20,9,1,3924.24,31393.92,24/04/24,2026-02-28,TED,não,15%,quitado
1588,665,8717678-27.2025.5.11.4526,74406.19,7,3,31888.38,42517.84,2022-01-16,04/03/26,boleto,Sim,15%,atrasado
1589,1065,5660649-86.2020.5.86.9291,"R$ 15.457,03",6,2,"5152,34",10304.68,28/04/23,2027-04-22,pix,S,20,ATRASADO
1590,427,7245951-43.2021.4.11.7623,13532.08,1,0,0.00,13532.08,11 de janeiro de 2021,22 de outubro de 2025,PIX,sim,20,quitado
1591,209,1964519-55.2020.7.58.6781,44033.67,3,2,29355.78,14677.89,28 de abril de 2023,2025-08-13,transferência,sim,0.12,ATRASADO
1592,336,5753123-52.2021.4.48.4042,39158.99,9,7,30457.00,9065.14,2025-10-01,6 de julho de 2026,PIX,não,15%,
1593,1150,3496733-55.2020.2.43.8503,58271.16,7,7,58271.15,0.00,27/01/20,2026-03-26,boleto,N,11%,ATRASADO
1594,801,8714773-70.2022.9.65.8541,71477.84,3,0,0.00,71477.85,7 de setembro de 2022,20 de abril de 2026,transferência,nao,14%,
1595,361,2966787-79.2022.1.41.9944,"R$ 37.602,01",4,0,0.00,37602.00,2020-08-17,2025-10-14,TED,Sim,,quitado
1596,745,6038940-61.2024.4.64.6408,"69805,47",5,5,69805.45,0.00,2023-01-06,27/11/2025,transferência,,0.25,ATRASADO
1597,616,2118934-75.2023.5.97.9563,56058.82,8,3,"21022,050000000003","R$ 35.036,75",20/12/2024,22/02/27,transferência,S,0.11,quitado
1598,676,7840442-26.2025.9.53.5093,"R$ 79.929,10",10,6,47957.46,"R$ 31.971,64",14/11/23,03/01/2026,PIX,N,,quitado
1599,322,4229107-99.2020.7.61.3978,6207.68,1,0,"R$ 0,00",6207.68,2020-09-26,22/12/26,boleto,S,23%,
1600,782,8286828-70.2022.9.31.8012,"R$ 12.336,71",9,0,0.00,12336.75,2025-10-21,27 de dezembro de 2024,TED,S,26%,Em Dia
1601,1261,7599278-46.2021.4.96.3535,4042.41,1,0,0.00,4042.41,2022-10-18,07/04/24,Boleto,não,,em dia
1602,707,6368709-92.2024.7.99.9426,25974.95,9,9,25974.99,0.00,02/08/24,27/04/2026,PIX,,0.28,em dia
1603,1373,8306601-19.2020.3.50.7457,"R$ 14.197,81",5,5,14197.80,0.00,11/09/20,05/05/2027,transferência,nao,15%,quitado
1604,112,8382607-83.2020.6.26.3936,11854.41,8,8,11854.40,,27/05/20,18/12/2024,transferência,sim,11%,quitado
1605,585,1445483-93.2023.1.61.7357,63594.94,3,0,0.00,63594.93,31 de agosto de 2024,2025-02-03,boleto,N,0.22,ATRASADO
1606,874,5159219-49.2023.5.25.3676,70720.70,10,9,63648.63,7266.33,2 de janeiro de 2024,16/09/26,boleto,nao,24%,
1607,188,6528202-89.2025.3.17.9496,5367.66,3,3,5367.66,0.00,21/01/22,2025-12-09,PIX,não,15%,Em Dia
1608,500,4384627-80.2021.2.13.1061,71807.81,1,0,0.00,"R$ 71.807,81",17/02/23,11 de dezembro de 2026,Boleto,nao,15%,atrasado
1609,1235,7274275-74.2020.1.22.9780,11662.85,8,2,2915.72,8747.16,01/04/2024,9 de fevereiro de 2025,Boleto,não,15%,Em Dia
1610,920,3667022-35.2020.9.76.3115,30423.03,1,1,30423.03,0.00,25/04/26,21 de agosto de 2025,boleto,,0.16,em dia
1611,1052,3242098-97.2025.4.44.9916,38866.37,10,0,0.00,"38866,4",2021-09-09,2026-10-28,boleto,Sim,0.14,atrasado
1612,1120,8986773-71.2022.6.45.5854,"65732,21",11,4,"R$ 23.902,64",41829.62,07/10/2023,12 de outubro de 2024,Boleto,nao,17%,
1613,23,8382607-83.2020.6.26.3936,79555.75,12,1,6629.65,72926.15,2020-09-01,07/12/25,transferência,N,0.15,quitado
1614,482,3724721-44.2021.9.75.5553,58190.24,11,1,5290.02,"52900,2",25/08/2022,8 de outubro de 2024,PIX,N,22%,em dia
1615,1327,6686912-30.2025.4.68.7078,32908.61,2,2,32908.62,0.00,17 de agosto de 2021,2027-01-12,Boleto,Sim,15%,atrasado
1616,222,3710559-31.2020.9.95.2540,"R$ 26.604,19",8,5,16627.60,9976.56,06/11/2021,9 de abril de 2027,Boleto,S,0.24,atrasado
1617,1042,4961530-22.2021.4.22.6290,16568.00,11,10,15061.80,1121.43,12/09/22,2025-06-23,boleto,sim,,quitado
1618,457,8323566-47.2021.3.26.4644,"R$ 16.013,02",9,1,1779.22,14233.76,11/09/2024,2025-05-15,PIX,Sim,15%,Em Dia
1619,547,5274951-77.2021.1.76.5120,79859.43,8,1,9982.43,"69877,01",2024-07-03,2024-04-08,PIX,N,0.15,quitado
1620,410,3922248-27.2025.1.42.4047,61476.04,6,1,10246.01,50963.42,28/05/23,07/03/2024,pix,não,11%,ATRASADO
1621,189,8749473-21.2020.4.12.9144,"R$ 39.734,51",2,2,39734.52,0,01/03/2020,21/11/2024,PIX,não,15%,atrasado
1622,1181,7141324-67.2025.3.86.3413,31606.40,1,1,31606.40,"R$ -274,74",21/01/2022,3 de agosto de 2026,Boleto,,15%,quitado
1623,1105,3667022-35.2020.9.76.3115,70681.51,9,1,7853.50,62828,04/03/2024,2025-02-12,boleto,S,20,atrasado
1624,317,5700249-43.2020.5.57.9341,66346.45,4,3,49759.83,16586.61,11/07/2021,8 de janeiro de 2025,boleto,sim,20,atrasado
1625,1207,2966787-79.2022.1.41.9944,77928.92,10,9,70136.01,7792.89,22/06/21,06/04/25,TED,não,15%,em dia
1626,133,5703772-88.2020.8.34.6114,34460.72,6,1,5743.45,28717.25,5 de novembro de 2023,27 de setembro de 2025,transferência,S,20%,atrasado
1627,1308,3263740-44.2022.3.81.5402,"R$ 36.789,87",10,9,33110.91,,06/06/20,22/06/2026,PIX,não,15%,em dia
1628,30,1311508-84.2020.3.38.8512,16742.91,7,6,"R$ 14.351,04","R$ 2.466,85",17/12/2021,2026-10-11,boleto,N,15%,atrasado
1629,968,9060164-41.2020.5.36.2381,60552.43,7,4,34601.40,"25951,05",20/10/2024,12/08/2025,pix,N,0.29,quitado
1630,1208,4961530-22.2021.4.22.6290,25402.88,11,3,6928.05,"18474,8",10 de agosto de 2024,30 de julho de 2024,TED,nao,,quitado
1631,1404,9822459-92.2024.8.17.6403,36497.60,12,5,15207.35,21290.29,12 de novembro de 2023,19/01/27,PIX,sim,,Em Dia
1632,579,4568537-97.2021.4.82.7633,"R$ 75.433,99",4,4,75434.00,"R$ 0,00",3 de novembro de 2023,6 de junho de 2025,TED,,20,quitado
1633,1096,6339808-70.2020.2.67.1325,14718.65,3,2,9812.44,5053.37,29 de junho de 2020,2026-10-30,PIX,N,15%,ATRASADO
1634,86,8286382-50.2025.4.53.4414,11916.72,7,6,10214.34,1702.39,15/05/22,2025-05-29,transferência,S,26%,quitado
1635,138,7224257-29.2020.8.88.9110,46222.72,1,0,0.00,"R$ 46.122,83",15/10/23,2025-09-06,TED,Sim,13%,em dia
1636,1414,5144296-22.2022.4.87.9648,"R$ 21.369,04",4,1,5342.26,16026.78,26/08/22,03/01/27,Boleto,Sim,,atrasado
1637,1319,1614850-25.2020.8.85.3161,30664.36,9,6,20442.90,10221.45,07/11/21,23 de maio de 2026,transferência,sim,,Em Dia
1638,130,5159219-49.2023.5.25.3676,35457.44,4,4,"35457,44",0.00,2023-04-14,02/12/25,Boleto,Sim,,Em Dia
1639,1137,7951127-89.2024.1.63.3502,"54903,65",5,4,43922.92,10980.73,01/05/25,19/02/25,boleto,S,15%,em dia
1640,849,9057960-29.2025.5.10.6072,53633.19,9,9,"53633,159999999996","R$ 0,00",09/09/2025,25/06/24,Boleto,sim,15%,ATRASADO
1641,538,3505690-87.2020.8.52.6260,4284.39,4,0,0.00,4284.40,2022-06-10,12 de maio de 2025,Boleto,S,25%,quitado
1642,94,3464073-25.2022.8.73.5075,52776.76,2,2,52776.76,"-246,4",13 de março de 2024,22/04/25,transferência,não,20,ATRASADO
1643,1089,7136189-41.2024.2.60.1768,"R$ 73.354,48",1,0,"R$ 0,00","73354,48",25 de setembro de 2023,27 de novembro de 2024,PIX,sim,15%,
1644,110,3168718-77.2025.2.92.8027,6453.98,4,2,3226.98,3226.98,2020-09-10,2026-11-09,transferência,N,20,ATRASADO
1645,948,5116418-16.2025.3.98.2234,5455.03,2,2,5455.02,0.00,06/04/2026,27 de janeiro de 2025,pix,,20,quitado
1646,162,5159882-37.2022.9.71.7550,"R$ 3.535,14",6,2,1178.38,"R$ 2.356,76",2022-09-16,2025-07-26,Boleto,sim,20,quitado
1647,1272,7862554-22.2024.7.83.6459,20883.18,11,8,15187.76,5695.41,02/10/2022,12/10/2025,Boleto,nao,,em dia
1648,1093,4326518-76.2023.4.36.8530,"R$ 33.121,20",9,8,29441.04,"R$ 3.680,13",12/08/23,2024-11-22,transferência,nao,0.19,quitado
1649,390,6160516-66.2024.5.17.7150,46806.97,2,0,0,46570.79,2024-01-19,2025-02-17,transferência,não,,ATRASADO
1650,256,9573194-21.2022.1.35.8352,38484.27,3,2,25656.18,"12828,09",24/12/2023,26/12/24,PIX,sim,0.11,quitado
1651,478,7687351-51.2022.6.73.6768,35775.68,6,3,17887.83,17887.83,17 de setembro de 2022,2024-11-30,transferência,N,15%,em dia
1652,205,9086174-80.2025.1.81.3292,"49684,15",5,1,"R$ 9.936,83","R$ 39.747,32",10 de julho de 2022,26/10/25,pix,,,quitado
1653,920,5050722-10.2024.8.29.4298,39717.29,12,2,6619.54,33097.70,2022-04-09,09/02/2024,pix,Sim,0.12,em dia
1654,989,5947618-28.2023.6.53.6118,"R$ 56.888,93",9,3,18962.97,37925.94,2026-03-05,2026-10-09,transferência,S,,ATRASADO
1655,936,7223110-52.2024.2.44.8994,"R$ 17.549,04",2,0,0.00,17549.04,2021-09-22,2024-10-10,PIX,,14%,quitado
1656,140,2186433-37.2022.2.12.4344,"R$ 38.923,79",10,10,38923.80,0.00,15/06/22,24/04/25,PIX,,15%,atrasado
1657,88,1093623-59.2025.7.92.5441,"R$ 36.975,75",2,1,18487.88,18487.88,21/11/2021,17/06/2026,Boleto,sim,15%,em dia
1658,14,1621418-87.2020.9.55.9337,74108.52,2,0,0.00,74108.52,8 de maio de 2025,22/07/25,PIX,Sim,20,Em Dia
1659,1313,3263740-44.2022.3.81.5402,"R$ 58.904,49",9,6,39269.64,,14 de setembro de 2023,22 de novembro de 2024,TED,sim,20%,ATRASADO
1660,510,1676369-34.2022.3.47.6087,60258.15,2,1,30129.08,30129.08,31/10/2024,2025-08-07,PIX,,20,
1661,896,4064382-39.2022.4.13.8937,45905.20,1,1,45905.20,"R$ 0,00",07/04/2023,03/01/2024,PIX,Sim,0.23,
1662,474,8157599-64.2024.2.89.5276,"R$ 9.161,29",11,0,0.00,9161.24,9 de junho de 2023,16 de outubro de 2026,pix,sim,26%,
1663,1265,5112941-62.2021.1.89.5887,78753.69,12,11,72190.91,6562.81,16/10/2020,02/02/2024,pix,N,20,atrasado
1664,724,7419280-60.2021.1.40.9417,47332.25,2,2,"R$ 47.332,24",0.00,19/06/2024,05/10/24,boleto,nao,15%,em dia
1665,361,8215015-64.2021.5.32.1893,22085.10,1,0,0.00,22085.10,2020-04-04,19/01/2027,PIX,nao,18%,Em Dia
1666,383,1101935-78.2023.5.88.5299,52306.38,8,3,19614.90,,23 de dezembro de 2025,10/02/2024,TED,Sim,0.12,em dia
1667,390,8677980-28.2024.9.94.6552,46983.53,9,4,"R$ 20.881,56",26101.95,19/08/25,2025-03-14,boleto,N,20,
1668,1017,2884639-86.2023.2.31.8737,71710.66,3,2,47807.10,23903.55,10 de outubro de 2022,29/07/26,transferência,não,20,quitado
1669,325,3785792-10.2020.5.78.7940,16596.30,9,9,16596.27,-452.27,4 de setembro de 2021,28/06/2024,TED,N,29%,quitado
1670,934,1714231-74.2025.9.71.1697,38649.83,10,4,"R$ 15.459,92","R$ 23.189,88",18/10/2023,12 de fevereiro de 2027,PIX,Sim,14%,quitado
1671,816,7222167-30.2022.8.44.7452,37667.27,1,1,"R$ 37.667,27",0.00,2025-12-23,29/01/2027,pix,,15%,
1672,118,2100417-68.2021.7.29.9662,22285.89,3,1,7428.63,14857.26,2021-12-30,25 de dezembro de 2026,pix,Sim,20,quitado
1673,75,8574876-96.2020.7.97.4673,"R$ 57.442,76",1,1,57442.76,"R$ 0,00",15 de março de 2021,25/04/2027,pix,não,20,em dia
1674,748,6384831-67.2022.5.89.7429,59073.68,2,2,59073.68,"R$ 0,00",9 de fevereiro de 2026,29/04/25,Boleto,Sim,29%,atrasado
1675,875,7813974-60.2021.1.81.1542,"R$ 79.284,36",12,2,13214.06,66070.30,2021-09-12,23 de agosto de 2025,TED,,24%,em dia
1676,716,9992831-61.2022.4.35.1469,43324.83,11,1,3938.62,39386.20,08/05/21,05/01/26,transferência,S,15%,em dia
1677,556,2118934-75.2023.5.97.9563,9524.43,1,0,0.00,9524.43,2020-07-11,2025-04-20,TED,S,15%,
1678,190,4893809-11.2021.7.19.9759,57646.16,6,4,38430.76,19215.38,14/01/23,08/04/2026,transferência,nao,,ATRASADO
1679,1188,2895065-46.2022.7.67.1438,"R$ 70.593,09",2,0,0.00,70593.08,22/03/22,2026-12-19,PIX,S,15%,Em Dia
1680,1156,5732779-86.2025.4.28.7831,19347.58,4,1,"4836,9",14510.70,24 de maio de 2025,2024-06-21,boleto,não,26%,Em Dia
1681,1397,1664676-19.2021.8.64.4616,39632.78,5,3,"R$ 23.779,68",15657.84,30/08/2023,24/04/2025,TED,sim,19%,ATRASADO
1682,467,5850223-43.2020.3.81.3185,24697.86,5,0,0.00,24697.85,15/02/22,7 de fevereiro de 2025,pix,,20,quitado
1683,944,6425355-10.2021.6.53.2041,"R$ 6.963,59",12,11,6383.30,,19/12/2025,05/01/27,PIX,,20,quitado
1684,769,5289264-48.2020.4.41.6347,9757.62,4,3,7318.23,,19/11/2023,20 de setembro de 2024,pix,nao,,em dia
1685,241,7115217-41.2025.1.67.7692,"R$ 18.988,12",11,4,6904.76,12083.33,21/12/21,04/11/25,PIX,,15%,atrasado
1686,29,5661974-14.2020.6.39.3137,19775.19,12,2,"3295,86",16479.30,02/12/24,26/10/24,transferência,sim,0.15,em dia
1687,1494,7438163-48.2021.3.47.1186,55905.38,2,1,27952.69,27952.69,31 de março de 2023,25/11/2025,TED,nao,0.28,
1688,57,8655267-17.2025.3.63.4188,58750.68,11,3,16022.91,42727.76,28/07/2021,05/11/24,PIX,não,19%,em dia
1689,234,4507711-38.2024.2.34.4732,"R$ 30.168,50",8,5,18855.30,11313.18,08/12/24,08/10/25,TED,,20,em dia
1690,1136,8572382-61.2025.1.41.7172,36000.29,1,1,36000.29,0.00,23/04/25,2026-11-05,boleto,não,15%,Em Dia
1691,418,6034606-21.2023.6.18.6684,"R$ 22.013,65",12,12,22013.64,0.00,07/10/20,26 de novembro de 2025,boleto,S,19%,ATRASADO
1692,353,1411065-96.2022.9.64.8271,31535.73,5,2,"12614,3",,04/10/21,17 de fevereiro de 2026,boleto,Sim,15%,atrasado
1693,223,5210656-44.2021.1.39.2474,78367.80,12,8,52245.20,26122.60,10 de agosto de 2020,17 de março de 2024,Boleto,não,29%,
1694,970,8574876-96.2020.7.97.4673,40289.36,9,1,4476.60,"R$ 35.812,80",26 de setembro de 2024,19/02/26,PIX,N,,atrasado
1695,753,2632721-15.2024.7.90.9593,53332.70,4,0,0.00,53332.68,2024-08-06,26/03/25,PIX,N,15%,quitado
1696,1473,7599278-46.2021.4.96.3535,"R$ 69.338,11",9,1,7704.23,61633.84,24 de junho de 2025,2026-03-14,boleto,,20,quitado
1697,119,4064382-39.2022.4.13.8937,"R$ 57.492,97",10,2,11498.60,45994.40,08/10/20,6 de abril de 2027,Boleto,Sim,15%,atrasado
1698,156,5545511-73.2023.1.66.9757,76097.94,6,5,63414.95,12682.99,15/11/2022,2026-03-19,Boleto,N,15%,quitado
1699,1310,1248003-72.2024.2.80.8472,53367.58,11,1,4851.60,48516,01/09/2022,8 de maio de 2024,Boleto,sim,15%,ATRASADO
1700,878,6384831-67.2022.5.89.7429,29617.37,4,0,0.00,29617.36,23/11/2023,09/03/27,transferência,nao,20,em dia
1701,1084,7245951-43.2021.4.11.7623,"50924,1",3,2,33949.40,16974.70,11 de junho de 2025,23/11/2024,PIX,N,15%,quitado
1702,113,9302979-43.2025.9.68.7487,52081.04,4,2,26040.52,"26040,52",15 de setembro de 2024,2025-12-20,Boleto,,20%,ATRASADO
1703,399,1093623-59.2025.7.92.5441,"R$ 57.205,74",12,0,0.00,57205.68,2021-03-04,12 de março de 2027,PIX,nao,,ATRASADO
1704,627,3679963-72.2020.9.29.7859,67649.47,6,6,67649.46,0.00,2023-01-07,24/08/2026,PIX,sim,,em dia
1705,233,1273300-90.2024.2.80.7378,"R$ 25.184,60",7,2,7195.60,17989.00,19 de outubro de 2024,11/07/25,TED,,22%,atrasado
1706,1031,7323234-16.2020.9.59.5035,64221.59,5,3,38532.96,25688.64,12/01/23,1 de junho de 2026,Boleto,Sim,,em dia
1707,24,3542799-64.2025.6.13.7299,40468.77,12,2,6744.80,33724.00,2022-08-22,31 de dezembro de 2025,boleto,nao,15%,
1708,329,7892487-80.2022.9.64.5036,69067.88,5,4,55254.32,13813.58,01/03/2022,09/12/25,transferência,sim,20,Em Dia
1709,1291,6011987-71.2020.8.10.4396,47208.64,3,3,47208.63,0.00,05/12/2024,13/08/25,TED,S,10%,
1710,1098,7633905-83.2022.9.95.2309,44753.42,6,0,0.00,"R$ 44.753,40",22/10/22,07/05/2027,PIX,,28%,em dia
1711,769,3242098-97.2025.4.44.9916,38938.89,4,4,38938.88,0.00,18 de junho de 2021,15/01/2025,boleto,Sim,,quitado
1712,1402,2895065-46.2022.7.67.1438,72770.26,11,8,"R$ 52.923,84",19846.44,11/05/2020,12 de outubro de 2026,pix,Sim,15%,ATRASADO
1713,911,5492622-29.2021.9.92.7737,49391.45,5,5,49391.45,0.00,20/12/24,28/12/2026,boleto,nao,24%,Em Dia
1714,1375,4140100-24.2024.4.63.7178,77015.45,3,1,25671.82,51343.64,21 de março de 2022,17 de agosto de 2026,transferência,,20,atrasado
1715,522,5451988-41.2020.2.82.4041,75760.15,9,0,0.00,75760.11,18/02/2026,17/09/26,pix,não,11%,quitado
1716,1001,5284129-51.2020.3.32.5205,9365.52,1,0,"R$ 0,00",9365.52,24/04/23,21 de março de 2027,TED,não,20,ATRASADO
1717,1078,5867457-18.2023.9.16.7298,18765.77,7,1,2680.82,16084.92,12/07/20,2024-10-10,transferência,N,20,ATRASADO
1718,957,6953559-38.2025.7.42.9212,"R$ 40.426,02",2,2,40426.02,"R$ 0,00",15/12/2024,03/04/25,transferência,S,0.12,atrasado
1719,1153,2837371-36.2022.7.88.5428,70927.74,9,8,63046.88,7754.33,18/10/25,08/03/27,TED,não,,atrasado
1720,135,6003915-30.2025.6.37.7681,61633.99,5,0,0.00,61634.00,3 de novembro de 2020,2024-02-10,TED,sim,,
1721,1422,4507711-38.2024.2.34.4732,19152.98,6,1,3192.16,15960.80,21/04/20,17/01/25,TED,N,15%,em dia
1722,232,1095980-10.2020.7.77.8313,15301.81,6,6,15301.80,0.00,16/10/25,10/01/2024,PIX,nao,,
1723,1097,9498791-62.2022.6.73.9564,20488.82,11,6,"R$ 11.175,72",9313.10,2023-01-14,2024-03-29,TED,N,,em dia
1724,331,5438623-45.2022.4.51.7250,75242.07,8,4,37621.04,37621.04,05/11/2022,15/06/24,TED,Sim,,
1725,699,7082985-88.2022.2.94.6058,15011.05,3,3,15011.04,0.00,03/02/2021,10 de dezembro de 2024,pix,N,0.20,
1726,186,2824928-33.2020.1.90.6467,41394.88,2,2,41394.88,0.00,31/03/25,24/01/24,PIX,N,15%,Em Dia
1727,170,4433355-55.2023.8.48.9346,62651.51,2,0,0.00,62651.52,27 de agosto de 2023,27/04/2025,Boleto,N,20,atrasado
1728,1277,4721085-96.2020.6.92.9645,56504.72,9,8,50226.40,6278.30,31 de julho de 2025,4 de setembro de 2025,TED,N,20,ATRASADO
1729,756,4085001-92.2022.6.76.8938,73817.83,6,0,0.00,73817.82,2022-12-29,26/06/2025,pix,N,20,Em Dia
1730,1145,7245951-43.2021.4.11.7623,63000.92,1,0,0.00,63000.92,2025-09-28,21/05/26,TED,sim,,quitado
1731,203,1438459-62.2020.7.78.3410,"4898,78",12,8,3265.84,1632.92,30/07/23,27 de julho de 2024,TED,nao,,atrasado
1732,1182,1099617-37.2023.9.61.1793,"9043,96",11,1,822.18,"8136,34",07/02/22,31 de julho de 2026,PIX,,0.22,
1733,732,1778149-24.2023.1.86.3557,74221.75,10,3,22266.54,51955.26,2025-07-05,15/11/2025,TED,sim,18%,quitado
1734,193,9489806-94.2021.2.55.9162,"57272,11",7,3,24545.19,32726.92,2021-06-26,2 de maio de 2026,TED,S,15%,Em Dia
1735,1228,6418382-43.2020.8.63.9133,6837.51,1,1,6837.51,0.00,15/07/21,10/05/26,pix,não,27%,atrasado
1736,875,7951127-89.2024.1.63.3502,11206.52,11,6,6112.62,5093.85,2023-08-31,2026-08-12,Boleto,nao,0.14,ATRASADO
1737,121,8125196-18.2023.1.53.1215,"R$ 33.878,13",8,2,8469.54,,24 de janeiro de 2026,10/05/2027,PIX,sim,0.21,atrasado
1738,1426,8816646-78.2020.7.70.9224,17648.26,7,3,7563.54,10084.72,8 de dezembro de 2023,09/09/25,boleto,S,20,quitado
1739,370,4961530-22.2021.4.22.6290,54660.92,8,6,"40995,659999999996",13665.22,2023-07-11,01/04/25,pix,Sim,25%,atrasado
1740,422,5947618-28.2023.6.53.6118,60042.56,2,1,30021.28,30021.28,18/06/2020,10/09/2026,transferência,sim,20,ATRASADO
1741,864,3496733-55.2020.2.43.8503,36565.78,12,7,21330.05,"15049,99",14/04/26,31/05/2027,transferência,,23%,atrasado
1742,1493,9071705-28.2021.9.78.4746,"14961,37",1,1,14961.37,0.00,6 de março de 2022,2024-05-11,transferência,não,12%,ATRASADO
1743,646,3306375-34.2024.9.48.9154,77048.38,12,3,19262.10,57786.30,15 de novembro de 2025,19 de outubro de 2026,pix,não,15%,quitado
1744,1488,8209168-30.2020.1.41.7632,"74042,83",3,3,74042.82,0.00,16/06/2021,26/12/2025,PIX,Sim,22%,em dia
1745,292,3346094-93.2020.2.94.1759,36716.92,3,3,36716.91,0.00,2026-01-03,17/01/2025,Boleto,nao,0.25,
1746,375,7948577-74.2025.1.60.7583,24586.42,8,2,6146.60,18439.80,21 de abril de 2026,22 de outubro de 2025,boleto,nao,20%,ATRASADO
1747,360,8062805-72.2022.1.22.8771,"R$ 37.450,44",5,1,7490.09,,4 de julho de 2023,6 de janeiro de 2024,PIX,Sim,20,quitado
1748,65,7515318-25.2024.4.34.6280,10562.00,5,4,8449.60,2112.40,26 de maio de 2022,20 de maio de 2024,pix,S,28%,quitado
1749,645,8714773-70.2022.9.65.8541,28312.86,10,1,"R$ 2.831,29",25481.61,23/02/24,11 de agosto de 2026,TED,,15%,Em Dia
1750,1492,8097721-13.2023.1.47.8354,72361.61,6,2,24120.54,48241.08,2023-11-27,16 de janeiro de 2025,pix,sim,0.10,quitado
1751,1442,9489806-94.2021.2.55.9162,55710.41,11,9,"R$ 45.581,22",10129.16,06/08/21,12/06/2027,transferência,nao,,quitado
1752,1410,2837371-36.2022.7.88.5428,49211.61,4,4,"R$ 49.211,60","R$ 230,08",21/06/2025,31 de julho de 2024,boleto,N,,atrasado
1753,1388,8286828-70.2022.9.31.8012,53306.43,12,11,48864.20,"R$ 4.442,20",26 de agosto de 2021,2026-09-08,PIX,sim,20,atrasado
1754,1373,9110060-16.2025.2.29.4716,72184.35,5,2,28873.74,43310.61,13/12/2023,9 de junho de 2024,pix,,,atrasado
1755,721,6075721-43.2020.9.85.8738,"R$ 7.985,83",4,3,5989.38,1996.46,14/05/2025,2026-09-12,TED,não,15%,em dia
1756,844,8892606-62.2022.2.87.2168,57474.89,10,9,"R$ 51.727,41",5747.49,2025-02-15,16/04/25,Boleto,não,0.29,quitado
1757,919,7323234-16.2020.9.59.5035,"R$ 79.608,96",9,3,26536.32,53072.64,28/09/2023,2026-09-19,TED,não,20,quitado
1758,878,4824419-32.2024.5.47.3265,51283.20,1,0,0.00,51283.20,2022-10-14,15 de junho de 2024,TED,Sim,20,atrasado
1759,667,5826200-20.2025.1.91.8748,45777.36,1,0,0.00,45777.36,01/11/24,2024-02-06,transferência,Sim,15%,quitado
1760,839,2397582-22.2023.9.93.4223,"R$ 3.406,16",3,3,3406.17,0.00,29/02/20,04/05/2027,Boleto,S,,Em Dia
1761,1031,6927716-18.2022.9.56.1445,31930.31,10,3,9579.09,22351.21,17/02/2021,2024-09-24,boleto,sim,19%,em dia
1762,1304,1931030-34.2024.8.48.5319,56893.20,8,0,0.00,57200.75,2022-07-07,02/10/2025,TED,nao,15%,Em Dia
1763,1304,7951127-89.2024.1.63.3502,"77983,64",9,9,"R$ 77.983,65",0.00,27 de fevereiro de 2020,6 de julho de 2026,boleto,nao,11%,quitado
1764,710,3667022-35.2020.9.76.3115,17494.01,9,0,0.00,"R$ 17.494,02",11/03/22,2026-11-16,Boleto,nao,,quitado
1765,685,2545435-52.2025.3.59.7623,22193.35,2,1,11096.67,11096.67,05/03/20,08/11/2026,TED,nao,20,ATRASADO
1766,1366,7789809-22.2020.1.73.9031,50061.18,9,6,33374.10,16687.05,2024-03-02,02/10/24,boleto,S,20,quitado
1767,285,9970343-38.2020.5.18.4483,72556.65,4,3,54417.48,18139.16,04/09/23,2024-01-12,boleto,Sim,20,Em Dia
1768,967,8607512-63.2021.6.82.1039,"77590,35",11,4,28214.68,49375.69,2025-09-10,2024-07-03,pix,Sim,20,atrasado
1769,746,8735892-74.2025.8.18.9411,38452.30,7,2,"R$ 10.986,38","R$ 27.465,95",10 de janeiro de 2025,08/05/24,transferência,sim,20,ATRASADO
1770,868,7789809-22.2020.1.73.9031,34757.83,12,3,8689.47,26068.41,01/10/2023,22 de fevereiro de 2026,transferência,S,25%,em dia
1771,1217,3734843-61.2021.3.94.2954,77329.23,10,9,69596.28,7732.92,14/09/2025,09/11/24,pix,não,0.13,em dia
1772,20,5755257-93.2020.8.44.2882,"R$ 28.992,34",12,10,24160.30,4832.06,12/01/2024,16/10/2026,boleto,N,20,quitado
1773,187,9573194-21.2022.1.35.8352,55377.84,9,2,12306.18,,11/12/2020,5 de março de 2026,TED,,20,quitado
1774,344,5733649-38.2020.2.35.3379,47101.79,6,4,31401.20,,15/11/24,02/05/24,Boleto,S,15%,Em Dia
1775,994,5271615-59.2021.2.54.6844,13098.50,8,7,11461.17,1637.31,08/11/2023,26 de abril de 2026,pix,sim,,ATRASADO
1776,587,7486138-99.2020.5.81.4332,"R$ 35.871,72",1,0,0.00,35871.72,19/05/24,26/03/25,Boleto,S,14%,quitado
1777,1177,2675642-32.2022.8.65.5499,66491.63,12,4,22163.88,"R$ 44.365,45",2025-01-25,2024-09-01,Boleto,não,15%,quitado
1778,320,6384831-67.2022.5.89.7429,34154.78,7,2,9758.50,24396.25,24 de dezembro de 2025,2024-10-06,pix,sim,0.20,atrasado
1779,506,7065068-16.2021.7.14.6489,49569.41,7,4,28325.36,21244.02,19/01/24,24/09/25,PIX,N,20,quitado
1780,529,9398629-61.2022.5.88.8253,51377.98,9,9,51377.94,0,2021-07-17,2026-12-09,pix,Sim,20,
1781,198,8936104-83.2022.1.39.7934,25397.37,5,5,25397.35,-58.35,21 de novembro de 2025,15/01/24,boleto,N,0.14,em dia
1782,110,4893809-11.2021.7.19.9759,"73438,45",8,3,27539.43,45646.82,05/12/2025,26 de janeiro de 2025,PIX,N,,ATRASADO
1783,105,8097721-13.2023.1.47.8354,"18027,31",3,2,12018.20,6009.10,19/09/2022,12/11/26,TED,S,0.25,atrasado
1784,889,1248003-72.2024.2.80.8472,"R$ 21.825,51",8,0,0.00,21825.52,21 de julho de 2023,2026-10-15,PIX,S,0.18,Em Dia
1785,729,7820540-78.2023.1.75.4823,64434.94,4,2,32217.48,"R$ 32.217,48",12 de abril de 2021,08/01/25,pix,sim,15%,em dia
1786,1206,2112478-55.2024.2.51.9095,30993.52,2,0,"R$ 0,00",31298.93,2021-04-06,20 de outubro de 2025,TED,S,0.10,
1787,1201,7820540-78.2023.1.75.4823,32947.92,4,2,16473.96,16473.96,07/05/21,2026-05-12,TED,não,20,quitado
1788,678,3975387-89.2023.4.55.7631,28412.88,5,1,5682.58,22730.32,23/08/21,21/03/2026,Boleto,S,20,atrasado
1789,1376,7065068-16.2021.7.14.6489,"55536,92",9,0,"R$ 0,00",55536.93,2023-05-07,2027-04-28,pix,S,15%,ATRASADO
1790,380,2118934-75.2023.5.97.9563,6212.89,2,0,0.00,6029.76,25 de março de 2022,30/06/2026,boleto,sim,15%,quitado
1791,78,7951127-89.2024.1.63.3502,"12565,48",10,0,0.00,"12565,5",15/04/2026,01/03/2027,TED,,20,quitado
1792,139,3306375-34.2024.9.48.9154,54238.96,12,9,40679.19,"13559,73",19/10/23,27/09/2024,TED,N,12%,quitado
1793,1369,9885734-21.2023.9.74.3450,46126.62,9,6,30751.08,15375.54,29 de janeiro de 2021,13/01/2026,pix,nao,15%,quitado
1794,1353,3710559-31.2020.9.95.2540,53755.47,8,7,47036.01,6487.72,11/10/20,3 de janeiro de 2024,Boleto,N,,atrasado
1795,165,6982910-41.2023.8.91.8758,16638.74,1,0,0.00,16638.74,22/07/20,2025-07-17,PIX,nao,20,ATRASADO
1796,1494,7115217-41.2025.1.67.7692,67162.73,5,0,0.00,67162.75,12/01/2026,2026-09-12,boleto,Sim,20,atrasado
1797,764,8574876-96.2020.7.97.4673,11563.53,3,0,0.00,11563.53,2021-01-27,20 de maio de 2025,pix,nao,15%,Em Dia
1798,770,9573194-21.2022.1.35.8352,78877.45,10,3,"R$ 23.663,22",55214.18,10/12/2023,02/12/26,pix,sim,15%,
1799,972,3975387-89.2023.4.55.7631,9700.53,11,2,"R$ 1.763,74","7936,83",2020-01-09,2024-04-17,Boleto,Sim,,
1800,204,5316105-58.2020.3.22.3571,43751.82,5,2,17500.72,"R$ 26.562,47",30/07/24,5 de julho de 2024,boleto,N,0.21,em dia
1801,1213,9810112-12.2021.1.97.8847,69159.94,1,0,0.00,,2025-10-19,16 de agosto de 2026,Boleto,,,
1802,890,4134515-43.2021.8.70.4879,18644.98,2,2,"R$ 18.644,98",,17/04/2025,03/06/25,TED,N,23%,
1803,704,4417916-40.2022.7.26.4278,53767.85,12,2,8961.30,44806.50,14/10/2023,19/09/2025,PIX,N,0.23,
1804,383,3667022-35.2020.9.76.3115,"R$ 70.513,27",2,2,70513.28,0.00,2026-03-01,04/02/2024,Boleto,N,,atrasado
1805,1290,1633270-27.2024.2.52.7034,78681.10,12,12,"R$ 78.681,12","R$ 0,00",30/11/2021,16 de agosto de 2026,pix,S,,
1806,425,9319285-35.2025.3.19.9131,"R$ 12.406,84",8,3,4652.58,"R$ 7.754,30",24/11/2025,1 de abril de 2026,pix,S,0.26,ATRASADO
1807,116,9824532-76.2023.6.37.2040,4969.24,8,3,1863.45,3105.75,2025-10-19,5 de dezembro de 2026,TED,Sim,15%,quitado
1808,1427,5483975-50.2024.8.92.4422,"48812,7",2,0,0.00,48798.74,22 de dezembro de 2021,15/02/24,PIX,S,20,
1809,1255,7486029-45.2024.4.25.3159,"R$ 8.192,05",1,1,8192.05,0,4 de abril de 2023,21 de abril de 2026,PIX,sim,15%,quitado
1810,301,1024421-54.2022.9.20.2563,27309.94,8,4,13654.96,13654.96,26/03/2022,24/05/26,pix,sim,20,atrasado
1811,1056,5755257-93.2020.8.44.2882,79989.41,11,9,"R$ 65.445,84",14543.52,23/04/24,15/02/26,Boleto,sim,14%,quitado
1812,738,8125196-18.2023.1.53.1215,75625.82,12,8,"R$ 50.417,20","R$ 25.208,60",29/12/2022,13/07/2025,transferência,Sim,20,atrasado
1813,383,1099617-37.2023.9.61.1793,"R$ 66.332,89",7,7,66332.91,0.00,13 de abril de 2020,2026-09-09,pix,sim,,
1814,1273,5289264-48.2020.4.41.6347,30090.33,3,3,"30090,33","R$ -436,72",15/08/21,10 de outubro de 2026,TED,sim,,
1815,1147,9798556-59.2021.3.62.3110,68036.05,8,1,"R$ 8.504,51",59531.57,20 de novembro de 2021,2024-06-05,PIX,sim,,Em Dia
1816,933,5703772-88.2020.8.34.6114,"R$ 11.544,16",12,9,8658.09,2886.03,23/03/24,2025-07-17,PIX,S,20,ATRASADO
1817,178,4180949-86.2020.3.26.7593,8553.84,9,7,6653.01,"1900,86",2024-08-02,13/01/2025,TED,N,20,atrasado
1818,271,5058333-37.2021.3.98.8848,5196.86,8,3,1948.83,3248.05,22 de junho de 2025,2027-03-22,TED,nao,15%,Em Dia
1819,1278,4417916-40.2022.7.26.4278,58704.68,11,9,"R$ 48.031,11","R$ 10.673,58",06/08/20,20 de abril de 2025,boleto,nao,15%,ATRASADO
1820,1425,8062805-72.2022.1.22.8771,"R$ 62.334,48",12,7,36361.78,25972.70,2021-09-16,02/08/2026,TED,sim,,ATRASADO
1821,1257,2191287-57.2021.1.18.8228,18355.52,9,8,16316.00,1889.62,30/01/2021,02/06/2025,pix,sim,,
1822,148,5853247-29.2020.7.62.8870,4885.12,6,4,3256.76,1628.38,19/08/20,23/10/25,TED,sim,15%,
1823,972,2658962-39.2022.5.95.8856,37075.59,7,6,31779.06,5296.51,15/12/21,2026-10-01,Boleto,nao,20,em dia
1824,484,9798556-59.2021.3.62.3110,"4870,49",7,1,695.78,4174.68,25 de novembro de 2022,31/10/26,PIX,não,10%,atrasado
1825,350,2480014-80.2024.2.29.9847,58549.19,1,0,0.00,"58369,1",5 de julho de 2025,26 de setembro de 2026,PIX,N,,em dia
1826,739,7951127-89.2024.1.63.3502,75592.71,10,2,15118.54,"60474,16",01/12/2022,22/08/25,Boleto,N,27%,
1827,413,9086174-80.2025.1.81.3292,42766.56,1,0,0.00,"R$ 42.766,56",2021-09-24,30 de março de 2027,Boleto,S,26%,em dia
1828,385,4092125-65.2025.3.26.9073,28168.04,8,2,7042.02,21126.06,2020-07-15,2025-07-10,TED,Sim,15%,em dia
1829,1246,4721085-96.2020.6.92.9645,50192.32,3,1,16730.77,33461.54,08/07/24,14/04/26,Boleto,Sim,20,
1830,1088,1887163-62.2025.9.93.1037,47557.71,3,2,31705.14,15852.57,2020-02-27,2026-06-08,TED,sim,20,quitado
1831,1111,1933296-95.2024.5.69.8317,43448.74,3,1,"R$ 14.482,91",28965.82,23 de fevereiro de 2023,4 de janeiro de 2025,pix,não,20,
1832,640,1754781-28.2025.6.89.2162,57502.48,4,4,57502.48,"R$ 0,00",2022-06-18,30/07/2026,boleto,Sim,15%,quitado
1833,425,7951127-89.2024.1.63.3502,57576.00,7,5,"41125,7",16450.28,05/10/21,27/11/24,TED,não,20,quitado
1834,871,6160516-66.2024.5.17.7150,"R$ 22.793,40",1,1,22793.40,254.26,10/08/25,2024-10-17,pix,sim,20,quitado
1835,375,7515318-25.2024.4.34.6280,"R$ 10.979,26",6,3,5489.64,5489.64,2024-01-25,2025-01-16,boleto,nao,,Em Dia
1836,94,4084503-92.2025.8.90.5515,71152.64,8,2,17788.16,53364.48,04/03/21,2024-07-13,Boleto,N,15%,Em Dia
1837,1329,3401866-56.2021.1.87.5297,7234.03,12,2,1205.68,"R$ 6.028,40",13/03/26,2026-02-13,pix,S,,
1838,234,7979033-26.2021.6.18.1084,"53300,67",4,4,53300.68,0.00,13 de julho de 2020,27/06/24,pix,Sim,15%,quitado
1839,103,7398699-88.2025.6.55.3587,44371.74,9,4,19720.76,24650.95,25/05/21,2025-03-21,pix,nao,,quitado
1840,879,3376786-12.2020.7.64.5093,53830.85,10,4,"R$ 21.532,36",,10/12/20,1 de abril de 2027,TED,,,quitado
1841,30,3496733-55.2020.2.43.8503,56651.33,5,0,0.00,"R$ 56.651,35",2020-03-26,2024-05-12,pix,nao,15%,
1842,801,7539718-58.2020.2.52.9800,21709.39,4,3,16282.05,5427.35,20/03/21,15/01/24,PIX,não,15%,quitado
1843,988,5953905-94.2022.5.44.3245,"R$ 10.454,28",2,1,5227.14,"R$ 5.227,14",2026-01-31,2027-01-02,TED,Sim,20,atrasado
1844,701,3588109-63.2023.1.26.4223,15993.74,2,1,7996.87,7996.87,27/02/26,2024-09-01,Boleto,não,0.28,Em Dia
1845,384,1933296-95.2024.5.69.8317,63746.65,8,8,63746.64,0.00,28 de junho de 2023,23/04/2024,PIX,sim,,ATRASADO
1846,762,4384627-80.2021.2.13.1061,"R$ 69.001,29",10,8,"R$ 55.201,04",13800.26,13 de maio de 2021,05/02/2025,Boleto,não,19%,
1847,494,3242098-97.2025.4.44.9916,39280.13,2,0,0.00,39280.12,2024-12-17,11 de dezembro de 2025,Boleto,não,0.25,
1848,898,4415624-13.2024.9.14.9480,24058.80,6,6,24058.80,0.00,2022-07-13,10/11/25,boleto,Sim,20,quitado
1849,735,7323234-16.2020.9.59.5035,67037.09,2,0,0.00,,2020-11-26,24/03/2024,TED,Sim,20,Em Dia
1850,847,3588109-63.2023.1.26.4223,54286.75,8,7,47500.88,6785.84,25/11/24,05/03/24,transferência,sim,20,
1851,109,5514997-95.2024.1.84.8098,51693.53,2,1,25846.76,25846.76,12/12/21,19/01/2024,pix,Sim,23%,quitado
1852,1392,5853247-29.2020.7.62.8870,51080.03,7,5,36485.75,14594.30,2025-09-07,28/12/2025,boleto,,0.24,em dia
1853,1139,2519059-58.2022.7.86.4385,"R$ 25.166,00",12,0,"R$ 0,00","R$ 25.166,04",2022-12-21,29/11/25,pix,S,,quitado
1854,98,4563779-48.2023.2.87.9606,69949.27,3,0,0.00,69949.26,03/05/2024,2027-05-13,transferência,sim,15%,quitado
1855,111,3675188-38.2025.9.53.3305,45561.05,3,2,30374.04,"R$ 15.187,02",16 de julho de 2022,13/03/24,TED,,20,em dia
1856,985,5159882-37.2022.9.71.7550,34235.32,4,0,0.00,34235.32,14/05/22,2027-01-07,pix,Sim,,ATRASADO
1857,1066,1237577-83.2022.8.91.4649,25785.08,8,4,12892.56,12892.56,28 de julho de 2022,18/05/2027,Boleto,S,0.11,
1858,266,6865513-17.2021.7.21.3938,"R$ 55.361,14",1,0,0.00,55361.14,12/12/2022,2025-05-06,Boleto,não,20,
1859,108,9252661-70.2020.1.46.1185,"R$ 36.777,38",3,1,12259.13,24518.26,01/01/26,04/02/2026,Boleto,Sim,15%,ATRASADO
1860,338,3346094-93.2020.2.94.1759,44872.03,10,2,8974.40,"R$ 35.897,60",2021-06-07,23/07/26,boleto,não,,quitado
1861,1211,3675188-38.2025.9.53.3305,64311.09,3,3,"R$ 64.311,09",0.00,24 de janeiro de 2023,03/03/24,pix,nao,12%,quitado
1862,245,7640585-40.2023.1.57.1721,13765.19,6,2,4588.40,9176.80,06/09/2022,15/01/2027,boleto,,20,em dia
1863,1061,8735892-74.2025.8.18.9411,32944.39,10,5,16472.20,16472.20,2023-05-08,2024-03-14,TED,,30%,ATRASADO
1864,437,4938178-62.2020.7.27.6072,68853.13,9,9,68853.15,0.00,16 de novembro de 2024,08/08/2025,boleto,não,28%,quitado
1865,1186,9824532-76.2023.6.37.2040,"R$ 17.618,30",12,6,8809.14,8809.14,2024-05-11,07/02/2026,pix,nao,15%,em dia
1866,821,6927716-18.2022.9.56.1445,63470.92,9,1,"R$ 7.052,32",56418.56,16/06/2023,14/03/27,transferência,Sim,,quitado
1867,1103,2837371-36.2022.7.88.5428,29972.78,4,2,14986.38,,06/03/26,01/05/2027,Boleto,N,21%,quitado
1868,760,7222167-30.2022.8.44.7452,62001.27,4,4,62001.28,0,2020-10-26,15/09/2025,PIX,Sim,,atrasado
1869,1409,4140100-24.2024.4.63.7178,29129.10,6,0,0.00,29129.10,29/05/23,2026-11-17,PIX,sim,,atrasado
1870,415,9970343-38.2020.5.18.4483,17367.85,3,1,5789.28,11578.56,2025-07-28,2024-04-16,TED,N,0.28,ATRASADO
1871,527,4202942-75.2025.6.91.7611,34792.87,3,3,34792.86,0,2026-01-17,20 de julho de 2024,pix,,,quitado
1872,1251,4202942-75.2025.6.91.7611,"R$ 64.346,72",7,0,0.00,64346.73,2022-11-02,10/02/2025,pix,,0.25,quitado
1873,1213,5703772-88.2020.8.34.6114,"55600,92",10,1,5560.09,"R$ 50.040,81",23/07/2023,21 de novembro de 2025,boleto,N,,quitado
1874,87,7765112-69.2024.9.62.5648,"R$ 39.884,91",12,2,6647.48,33237.40,2024-06-11,14/10/2024,PIX,não,15%,em dia
1875,1321,2554938-48.2024.1.13.4544,17675.19,7,2,5050.06,12625.15,24/07/20,17/03/2024,PIX,nao,15%,ATRASADO
1876,1240,5124342-11.2025.5.50.6107,12951.64,4,3,9713.73,3237.91,2020-05-21,4 de abril de 2024,PIX,,0.16,quitado
1877,215,5116418-16.2025.3.98.2234,"R$ 54.572,00",7,4,31184.00,23388.00,26 de dezembro de 2023,2024-10-06,boleto,nao,30%,Em Dia
1878,611,7224257-29.2020.8.88.9110,75645.70,10,6,"45387,42",30258.28,2025-01-04,28/07/2025,Boleto,Sim,15%,
1879,193,1757615-27.2025.7.10.3762,49235.57,5,0,0.00,"49235,55",20/01/21,12/05/27,TED,Sim,15%,atrasado
1880,1227,2016341-89.2023.7.48.2724,9725.03,6,2,"R$ 3.241,68",6483.36,21 de outubro de 2025,2025-12-04,PIX,S,0.14,Em Dia
1881,957,8157599-64.2024.2.89.5276,7827.42,11,11,7827.38,0.00,29/04/25,15/03/26,Boleto,Sim,29%,ATRASADO
1882,946,8678370-92.2025.7.35.9962,57235.20,9,0,0.00,57235.23,10/05/2021,2026-07-28,PIX,nao,15%,quitado
1883,1157,4417916-40.2022.7.26.4278,58504.17,8,6,43878.12,"R$ 14.626,04",24/06/25,25/12/25,transferência,Sim,15%,ATRASADO
1884,31,7082985-88.2022.2.94.6058,17220.45,1,1,17220.45,0.00,16/05/21,2025-01-25,boleto,nao,0.20,
1885,707,5614769-67.2022.9.87.1001,32154.08,1,1,32154.08,"R$ 0,00",2020-08-15,3 de maio de 2026,transferência,Sim,15%,em dia
1886,559,7640585-40.2023.1.57.1721,47248.71,9,2,10499.72,"R$ 36.749,02",19/02/21,08/06/2027,pix,S,20,ATRASADO
1887,1431,6267378-50.2021.9.19.9923,24227.97,3,0,0.00,24227.97,20/12/2025,28/07/24,TED,N,0.17,quitado
1888,1432,9953454-93.2020.2.52.5723,67214.55,6,3,33607.29,33607.29,18 de agosto de 2025,6 de julho de 2025,TED,Sim,15%,Em Dia
1889,322,5492622-29.2021.9.92.7737,74440.46,5,0,0.00,"R$ 74.440,45",23/08/2023,2024-01-07,TED,N,16%,quitado
1890,1269,9062552-47.2024.4.22.8265,10765.80,6,0,0.00,10765.80,2020-02-19,02/01/2027,boleto,N,,quitado
1891,529,9071705-28.2021.9.78.4746,22750.04,8,1,2843.76,"19906,32",08/12/2024,2025-06-02,TED,nao,20,quitado
1892,575,7323234-16.2020.9.59.5035,"R$ 57.550,96",12,8,38367.28,19183.64,04/04/2025,19/04/26,boleto,sim,20,Em Dia
1893,1309,1013314-48.2023.4.39.2083,36804.91,8,2,"R$ 9.201,22",27603.66,17 de julho de 2022,2026-07-08,transferência,,,quitado
1894,201,1628717-84.2025.8.67.8313,25993.40,1,1,25993.40,0.00,03/09/2024,04/09/26,Boleto,nao,20,quitado
1895,1236,3879233-61.2024.5.30.1494,9510.18,7,2,2717.20,6793.00,09/09/2025,3 de junho de 2026,pix,sim,15%,Em Dia
1896,890,7916680-90.2022.1.67.1785,58987.17,9,3,19662.39,"39324,78",27/09/22,6 de março de 2024,pix,,15%,ATRASADO
1897,1142,7626521-25.2020.9.17.3305,51828.68,11,11,"R$ 51.828,70",0.00,23/06/20,25/06/26,Boleto,N,,Em Dia
1898,181,2997279-67.2024.9.84.1441,14419.50,3,0,0.00,14419.50,13/10/20,17 de janeiro de 2024,Boleto,não,20,em dia
1899,52,1272937-41.2023.5.75.9958,65337.12,3,1,21779.04,"43558,08",23 de outubro de 2021,04/06/2027,pix,sim,0.15,Em Dia
1900,476,4510407-23.2020.5.18.6055,11092.10,10,8,8873.68,2218.42,2023-04-09,30 de junho de 2027,boleto,não,15%,Em Dia
1901,870,8886588-26.2020.9.65.6361,55878.09,1,0,0.00,55878.09,28/09/2024,20/08/24,boleto,Sim,0.24,Em Dia
1902,830,6686912-30.2025.4.68.7078,6226.97,3,2,4151.32,2075.66,16/07/24,27/10/2025,boleto,sim,20,ATRASADO
1903,1321,4493339-70.2021.7.17.8725,32219.86,12,7,18794.93,13424.95,27/10/2023,31/10/25,pix,nao,20,atrasado
1904,591,2842764-33.2025.7.99.7279,67140.62,10,4,26856.24,"40284,36",06/02/20,14 de novembro de 2026,PIX,não,0.18,quitado
1905,401,5074974-98.2023.8.21.9881,"R$ 13.985,01",12,7,8157.94,5827.10,14/01/22,2026-10-26,TED,nao,20%,quitado
1906,476,1013314-48.2023.4.39.2083,11735.34,12,9,8801.55,3101.59,2022-12-07,27/08/2024,boleto,,20,atrasado
1907,497,9798556-59.2021.3.62.3110,12557.02,8,4,6278.52,"R$ 6.278,52",12 de dezembro de 2021,7 de setembro de 2024,TED,,15%,
1908,1367,2118934-75.2023.5.97.9563,65279.93,6,6,65279.94,0.00,2022-04-16,7 de março de 2025,TED,,20%,atrasado
1909,932,5788467-41.2023.8.93.8134,48871.78,8,6,36653.82,"R$ 12.217,94",03/03/2020,2024-12-23,Boleto,,11%,quitado
1910,418,3510061-32.2020.9.13.4424,"R$ 36.503,36",6,3,18251.67,18251.67,10 de janeiro de 2024,2027-05-13,pix,Sim,17%,Em Dia
1911,1418,5638123-23.2024.7.30.5009,24422.08,10,6,14653.26,"9768,84",06/11/23,09/02/26,boleto,S,20,atrasado
1912,466,6694761-39.2022.1.10.2199,37350.63,8,6,28012.98,9337.66,24/02/2022,14 de fevereiro de 2025,PIX,não,23%,quitado
1913,989,1754781-28.2025.6.89.2162,"R$ 20.898,96",10,8,16719.20,3908.75,3 de fevereiro de 2023,04/03/2024,pix,Sim,20,quitado
1914,206,5660649-86.2020.5.86.9291,6745.03,5,0,0.00,6745.05,27/02/21,26/11/2025,boleto,,12%,quitado
1915,1315,3724721-44.2021.9.75.5553,"64278,98",3,1,21426.33,42852.66,15 de dezembro de 2020,25 de março de 2025,transferência,sim,0.23,quitado
1916,4,4134515-43.2021.8.70.4879,4988.86,11,9,"4081,7699999999995","907,06",2020-04-07,6 de maio de 2026,Boleto,não,0.16,atrasado
1917,1378,1095980-10.2020.7.77.8313,56623.37,3,2,"R$ 37.748,92",18874.46,2021-11-14,26/01/25,pix,não,20,Em Dia
1918,1134,5432782-56.2021.2.97.6240,7455.11,2,1,3727.55,3727.55,14/12/21,22/06/2027,transferência,N,0.18,quitado
1919,656,2461262-96.2021.6.48.1315,63042.72,6,2,21014.24,"R$ 42.028,48",25/11/22,23/09/2025,PIX,Sim,15%,ATRASADO
1920,527,1098476-20.2021.1.47.3336,58175.01,7,7,58175.04,0.00,21/04/22,18 de setembro de 2025,transferência,sim,15%,Em Dia
1921,582,1754781-28.2025.6.89.2162,29252.78,11,4,10637.36,18615.38,21 de abril de 2026,16 de março de 2027,boleto,nao,0.25,atrasado
1922,1351,6663627-76.2023.9.26.5770,40116.03,8,4,20058.00,20058.00,24/01/22,09/11/25,pix,S,15%,
1923,812,5074974-98.2023.8.21.9881,73702.94,9,9,73702.98,0.00,12/09/20,24 de abril de 2027,PIX,,15%,quitado
1924,156,7999133-20.2023.7.26.1121,"R$ 5.267,23",7,1,752.46,4514.76,05/12/2023,2024-07-28,TED,Sim,0.20,ATRASADO
1925,191,9953454-93.2020.2.52.5723,10499.48,3,3,10499.49,0.00,26/08/2021,16/05/2024,PIX,Sim,15%,
1926,941,7274275-74.2020.1.22.9780,42363.58,9,7,32949.42,9426.71,30 de setembro de 2021,02/02/2027,Boleto,não,,quitado
1927,546,6686912-30.2025.4.68.7078,33486.69,1,1,33486.69,0.00,14/10/25,2025-03-17,Boleto,Sim,15%,em dia
1928,24,4584224-94.2025.2.57.2511,17653.17,3,2,11768.78,"5884,39",9 de junho de 2021,19 de novembro de 2024,transferência,,20,em dia
1929,590,9573194-21.2022.1.35.8352,21887.68,7,0,0,21887.67,25/01/2026,21/12/2024,PIX,Sim,20,ATRASADO
1930,477,4064382-39.2022.4.13.8937,20868.90,7,0,"R$ 0,00",,24 de fevereiro de 2025,18/11/26,Boleto,N,20,
1931,454,7979033-26.2021.6.18.1084,25371.05,5,4,20296.84,5074.21,05/12/25,2025-07-22,boleto,S,20,atrasado
1932,219,7486029-45.2024.4.25.3159,22845.78,5,5,22845.80,0.00,11 de março de 2021,2024-10-27,transferência,S,0.23,ATRASADO
1933,928,7544569-30.2022.4.91.9370,28511.30,7,2,8146.08,20365.20,18/07/24,25/10/25,PIX,S,0.11,atrasado
1934,1353,4415624-13.2024.9.14.9480,"R$ 17.435,65",11,9,14265.54,3170.12,23/05/2024,26/05/2024,pix,,,
1935,483,8286828-70.2022.9.31.8012,32510.85,2,0,0,32510.84,26/07/22,2026-08-21,TED,não,0.23,quitado
1936,627,8168450-48.2020.2.65.4570,"R$ 75.154,22",10,1,"7515,42",67638.78,2026-04-11,25/01/24,pix,sim,0.22,em dia
1937,43,3754895-37.2021.6.18.8502,59736.55,9,5,33186.95,26549.56,14/08/23,14/02/2026,PIX,S,0.13,Em Dia
1938,1086,9636371-69.2025.8.67.4068,50959.36,4,4,50959.36,0.00,02/03/2021,9 de março de 2027,pix,N,15%,em dia
1939,900,3710559-31.2020.9.95.2540,75277.66,11,6,41060.52,34217.10,26/04/2020,16/01/24,TED,,15%,quitado
1940,457,3679963-72.2020.9.29.7859,5736.95,3,2,3824.64,1912.32,2024-08-16,14/02/26,transferência,N,,quitado
1941,1278,9686751-57.2022.7.62.3494,23608.68,7,2,"R$ 6.745,34","16863,35",06/02/25,2026-03-29,boleto,N,15%,quitado
1942,883,6992158-64.2024.5.43.7750,12483.09,7,5,8916.50,3566.60,23/11/2020,2025-09-18,PIX,nao,30%,quitado
1943,640,7813974-60.2021.1.81.1542,74690.54,7,2,21340.16,"53350,4",5 de fevereiro de 2023,08/10/2025,pix,não,20,Em Dia
1944,84,7486138-99.2020.5.81.4332,"R$ 57.417,37",1,0,0.00,57417.37,20/11/2025,26/09/25,TED,nao,20,
1945,994,2884639-86.2023.2.31.8737,44318.46,5,5,44318.45,0.00,17/09/2022,19 de fevereiro de 2027,TED,N,,atrasado
1946,687,1784068-27.2021.3.12.2538,53268.69,11,6,29055.66,24213.05,24 de maio de 2023,2024-04-24,pix,não,20,ATRASADO
1947,1494,9686751-57.2022.7.62.3494,30823.98,12,8,20549.28,10274.64,15/10/21,08/04/2025,PIX,Sim,20,quitado
1948,997,6528202-89.2025.3.17.9496,5825.14,4,2,2912.58,2912.58,2022-04-17,2026-03-03,TED,nao,20,ATRASADO
1949,1239,8574876-96.2020.7.97.4673,46340.19,7,3,19860.09,26480.12,2020-09-04,19/03/25,boleto,sim,0.15,ATRASADO
1950,753,5991409-16.2021.8.44.1303,19620.62,6,4,13080.40,6540.20,21/11/2024,17/05/2024,pix,,,quitado
1951,163,9057219-99.2020.9.96.3254,"R$ 22.333,68",1,0,0.00,22715.28,08/09/22,24 de junho de 2026,pix,sim,0.20,quitado
1952,1110,5826200-20.2025.1.91.8748,34640.18,8,3,12990.06,21650.10,2024-05-31,2025-07-10,Boleto,sim,15%,
1953,1492,9489806-94.2021.2.55.9162,45746.43,3,3,45746.43,0.00,2021-05-14,20/11/26,PIX,S,20,quitado
1954,77,7110796-41.2020.3.80.5362,6294.13,10,5,3147.05,3147.05,2025-08-23,29/11/2025,pix,N,0.22,atrasado
1955,51,6267378-50.2021.9.19.9923,43588.97,9,0,"R$ 0,00",43588.98,6 de dezembro de 2024,17 de janeiro de 2026,transferência,não,20,Em Dia
1956,684,5996426-23.2022.8.20.3566,50817.14,3,0,0.00,50817.15,30 de abril de 2020,05/09/2025,TED,Sim,20,atrasado
1957,987,4314934-26.2021.7.14.7244,"R$ 26.517,05",10,7,"R$ 18.561,90",7955.10,14 de janeiro de 2021,2024-12-04,TED,nao,10%,ATRASADO
1958,816,9302979-43.2025.9.68.7487,17392.38,2,0,0.00,17046.65,20/10/2025,22/05/26,boleto,N,20,em dia
1959,1387,8382607-83.2020.6.26.3936,"R$ 35.156,03",3,2,"R$ 23.437,36",11718.68,4 de novembro de 2022,2025-06-29,PIX,N,,quitado
1960,78,6339266-27.2025.5.15.6766,"R$ 13.204,38",10,10,13204.40,0.00,27/12/21,20/04/2024,transferência,S,20,ATRASADO
1961,1294,7951127-89.2024.1.63.3502,23761.29,1,1,23761.29,0.00,20 de abril de 2021,14 de agosto de 2024,transferência,sim,,quitado
1962,1054,7141324-67.2025.3.86.3413,53795.77,6,5,44829.80,8965.96,28/03/21,14 de abril de 2026,TED,Sim,,Em Dia
1963,1364,5638123-23.2024.7.30.5009,50026.91,3,3,50026.92,0.00,11 de abril de 2026,23/02/2024,boleto,sim,20,em dia
1964,314,1165147-13.2020.2.47.5874,"R$ 16.571,26",10,8,"13257,04",3314.26,5 de janeiro de 2026,2026-07-05,PIX,sim,29%,ATRASADO
1965,1336,7381740-86.2021.2.88.6570,60459.84,1,0,0.00,60876.77,15/05/21,2024-07-20,pix,não,12%,em dia
1966,78,6368709-92.2024.7.99.9426,"R$ 62.932,93",11,7,40048.26,22884.72,2026-02-15,22/09/2025,Boleto,não,20,ATRASADO
1967,1307,1614850-25.2020.8.85.3161,79832.74,2,1,39916.37,39916.37,25/05/2023,31/05/2024,pix,sim,0.17,Em Dia
1968,489,5732779-86.2025.4.28.7831,43148.00,8,8,"R$ 43.148,00","R$ 0,00",14 de outubro de 2023,03/03/2027,TED,S,15%,quitado
1969,508,7222167-30.2022.8.44.7452,"19576,64",8,6,14682.48,4457.65,2023-07-19,7 de janeiro de 2024,PIX,N,0.12,em dia
1970,138,1116024-57.2025.8.16.4043,23506.47,12,12,23506.44,"R$ 0,00",2020-03-07,09/06/25,transferência,Sim,0.24,atrasado
1971,857,9319285-35.2025.3.19.9131,30729.83,12,8,20486.56,10243.28,4 de maio de 2023,1 de dezembro de 2026,pix,N,20,atrasado
1972,1414,6425355-10.2021.6.53.2041,63790.61,4,2,31895.30,31895.30,19 de março de 2022,13/09/25,pix,nao,15%,Em Dia
1973,1105,3667022-35.2020.9.76.3115,14459.80,11,3,3943.59,"R$ 10.516,24",01/03/2023,16 de maio de 2024,pix,N,21%,atrasado
1974,675,7544569-30.2022.4.91.9370,60264.82,6,2,"R$ 20.088,28",40473.62,11/02/2026,2027-01-17,TED,sim,20,quitado
1975,68,1896520-28.2021.5.90.5374,24709.23,10,6,14825.52,"R$ 9.883,68",2025-05-10,1 de março de 2025,TED,não,15%,Em Dia
1976,1237,1093623-59.2025.7.92.5441,67441.14,2,1,33720.57,33720.57,11/04/23,2025-01-04,Boleto,,,ATRASADO
1977,723,8572382-61.2025.1.41.7172,28864.23,2,0,0.00,28864.22,26 de janeiro de 2024,2027-05-14,boleto,N,30%,ATRASADO
1978,123,2397582-22.2023.9.93.4223,"R$ 47.410,08",9,6,"R$ 31.606,74",15803.37,07/01/2020,30/08/25,Boleto,N,15%,
1979,1383,6416661-36.2021.8.21.8496,62386.76,2,1,31193.38,"R$ 31.193,38",03/05/20,24/10/24,boleto,sim,15%,em dia
1980,432,4452862-76.2021.3.27.3238,56716.61,11,0,"R$ 0,00","R$ 56.716,66",2023-12-02,3 de setembro de 2025,PIX,S,20,ATRASADO
1981,1234,4180949-86.2020.3.26.7593,"R$ 41.110,20",11,11,"41110,19",0.00,2023-08-01,13/04/26,boleto,N,0.13,quitado
1982,78,3879233-61.2024.5.30.1494,78068.62,1,1,78068.62,0.00,07/04/2022,31/07/26,Boleto,sim,,quitado
1983,228,9774395-92.2023.2.75.3192,4329.62,3,1,1443.21,2886.42,2023-07-30,21/02/24,transferência,Sim,20,quitado
1984,411,5514997-95.2024.1.84.8098,69118.77,7,5,49370.55,19748.22,25/01/22,2026-07-16,Boleto,não,15%,quitado
1985,1191,6101036-60.2022.7.49.3295,28642.17,1,0,0,28642.17,14/03/23,14 de julho de 2026,pix,S,15%,ATRASADO
1986,558,2480014-80.2024.2.29.9847,"R$ 19.498,93",6,4,"12999,28",6499.64,24/02/26,23/07/25,Boleto,não,15%,Em Dia
1987,525,2909764-51.2025.7.78.2223,68589.20,9,3,22863.06,45726.12,23 de fevereiro de 2020,07/06/24,pix,,15%,atrasado
1988,57,1024421-54.2022.9.20.2563,8057.20,5,0,0.00,8057.20,23/09/2024,29/12/2025,TED,não,20,quitado
1989,389,9970343-38.2020.5.18.4483,3398.82,5,3,2039.28,1359.52,2025-12-17,2026-01-01,transferência,Sim,15%,quitado
1990,545,5112941-62.2021.1.89.5887,"R$ 77.722,75",7,7,77722.75,0,17/01/26,2025-01-18,transferência,não,0.14,quitado
1991,451,6011987-71.2020.8.10.4396,51169.67,12,6,"25584,840000000004",25584.84,22 de abril de 2023,8 de abril de 2026,transferência,Sim,0.29,Em Dia
1992,751,4299848-20.2023.2.47.7396,76864.15,8,5,48040.10,"R$ 28.824,06",5 de novembro de 2023,2025-07-16,TED,não,15%,em dia
1993,14,8066975-72.2023.7.26.7675,"20572,63",3,3,20572.62,0.00,02/07/21,18/07/2024,Boleto,S,0.14,Em Dia
1994,935,4510407-23.2020.5.18.6055,"47493,9",9,8,42216.80,,2025-09-16,2025-12-12,pix,S,30%,Em Dia
1995,1414,7141324-67.2025.3.86.3413,"R$ 62.067,79",6,2,20689.26,41378.52,25/01/2021,2026-07-01,boleto,Sim,0.12,atrasado
1996,866,8717678-27.2025.5.11.4526,21904.71,3,1,7301.57,"R$ 14.603,14",2025-01-05,27 de janeiro de 2025,PIX,,20,quitado
1997,13,6105303-92.2021.4.39.3868,18691.57,7,1,2670.22,15730.95,14/12/2021,2026-09-12,pix,nao,20,quitado
1998,1086,7633905-83.2022.9.95.2309,49590.00,7,2,14168.58,35421.45,15/01/2023,29/01/2026,PIX,,20,Em Dia
1999,1067,9086174-80.2025.1.81.3292,42066.36,11,4,15296.84,"26769,47",2023-02-15,22/11/2025,Boleto,S,20,ATRASADO
2000,1164,7862554-22.2024.7.83.6459,5843.25,10,0,0,5843.30,2023-04-28,2025-08-25,boleto,Sim,20,atrasado
2001,1206,1754781-28.2025.6.89.2162,58849.24,8,8,58849.20,0.00,18/04/2023,2025-06-07,pix,,,
2002,359,4601686-30.2021.5.52.7745,27062.64,8,8,27062.64,0.00,04/07/24,23/01/24,transferência,nao,,
2003,382,2490107-19.2023.9.10.7930,"R$ 17.721,35",12,0,0.00,"17721,36",24/03/22,03/09/2024,boleto,,28%,quitado
2004,1309,7136189-41.2024.2.60.1768,36477.73,9,7,"28371,559999999998",8240.53,23/06/2023,23/03/2024,TED,Sim,0.28,atrasado
2005,103,1742202-63.2023.6.68.9372,44072.58,10,8,"35258,08",8814.52,03/08/2021,24/02/2025,Boleto,N,27%,
2006,1257,8986773-71.2022.6.45.5854,14354.36,11,3,3914.82,10439.52,30 de abril de 2025,15 de junho de 2025,pix,S,15%,ATRASADO
2007,441,1754781-28.2025.6.89.2162,33337.15,8,7,"R$ 29.169,98",4167.14,2022-11-22,2025-05-19,boleto,,,quitado
2008,1171,4092125-65.2025.3.26.9073,"R$ 32.750,85",1,1,32750.85,,2024-05-14,29/09/2026,pix,sim,15%,quitado
2009,1477,1628717-84.2025.8.67.8313,28438.41,1,1,28438.41,0,25 de junho de 2024,29 de maio de 2025,pix,N,,
2010,1411,1887163-62.2025.9.93.1037,20197.30,6,0,0,20197.32,11/05/2020,2024-06-08,pix,não,,quitado
2011,77,2118934-75.2023.5.97.9563,37185.01,6,5,30987.50,"R$ 6.197,50",03/07/2022,2027-06-21,Boleto,sim,,atrasado
2012,342,7539718-58.2020.2.52.9800,47728.27,3,3,47728.26,"R$ 0,00",11 de janeiro de 2025,2026-01-21,pix,,19%,
2013,143,7381740-86.2021.2.88.6570,68732.32,11,3,18745.17,"49987,12",2020-06-15,27/07/25,pix,,,
2014,253,6384831-67.2022.5.89.7429,12376.84,2,0,0.00,12376.84,29 de fevereiro de 2024,3 de fevereiro de 2027,pix,Sim,,atrasado
2015,160,2842764-33.2025.7.99.7279,29510.75,3,2,"R$ 19.673,84",9836.92,2022-01-27,2026-01-11,TED,nao,,quitado
2016,56,1614850-25.2020.8.85.3161,5267.24,1,1,5267.24,0.00,5 de fevereiro de 2022,23 de janeiro de 2024,PIX,não,20,
2017,472,9953454-93.2020.2.52.5723,78577.81,12,3,19644.45,58933.35,27/07/2022,21/11/2024,TED,S,15%,
2018,250,7848147-32.2021.6.58.3528,"43773,72",11,4,"15917,72",27856.01,16/01/2023,25/09/2025,TED,Sim,30%,
2019,695,8717678-27.2025.5.11.4526,9543.13,10,2,1908.62,"7634,48",2023-05-22,2025-04-08,Boleto,,15%,
2020,900,4314934-26.2021.7.14.7244,47610.27,5,2,19044.10,"R$ 28.566,15",7 de setembro de 2025,01/08/26,transferência,Sim,28%,Em Dia
2021,1455,8183950-10.2021.5.84.9388,"R$ 54.039,30",2,1,"R$ 27.019,65",27307.14,23/03/2022,10 de maio de 2026,Boleto,S,,quitado
2022,46,9086174-80.2025.1.81.3292,27473.41,9,9,27473.40,0.00,2024-03-01,2027-06-08,boleto,N,16%,Em Dia
2023,1057,6416661-36.2021.8.21.8496,"R$ 15.208,99",11,4,5530.56,9678.48,10/03/2020,12 de fevereiro de 2026,Boleto,,29%,ATRASADO
2024,1033,8886588-26.2020.9.65.6361,"R$ 5.216,35",7,2,1490.38,"3725,95",12 de junho de 2025,13/10/24,PIX,,0.21,atrasado
2025,263,7749444-78.2021.1.20.8763,51025.74,2,1,25512.87,25512.87,2022-10-21,2025-04-21,Boleto,sim,0.26,atrasado
2026,835,2231929-89.2024.6.41.5461,52690.96,2,0,0.00,,01/03/2026,11/03/2027,Boleto,N,10%,em dia
2027,550,8892606-62.2022.2.87.2168,"R$ 63.103,51",2,1,31551.76,"31551,76",23 de outubro de 2021,02/04/2024,Boleto,S,10%,em dia
2028,1404,1353022-94.2023.9.79.1203,"46734,76",9,5,25963.75,20771.00,04/01/2021,11/02/2026,boleto,N,,Em Dia
2029,678,7941836-76.2025.4.34.6543,3402.11,12,8,2268.08,689.67,28/11/21,01/10/2024,PIX,não,,quitado
2030,496,4687348-31.2023.1.92.6907,37721.84,12,3,9430.47,28262.20,07/03/24,26 de dezembro de 2025,transferência,sim,27%,ATRASADO
2031,1200,7243958-65.2020.5.25.5047,"22042,46",5,3,"13225,47",8391.25,5 de março de 2023,16/02/2026,PIX,não,20,Em Dia
2032,1304,4452862-76.2021.3.27.3238,25421.16,3,1,8473.72,16947.44,12 de novembro de 2024,04/11/2025,PIX,sim,15%,em dia
2033,601,7633905-83.2022.9.95.2309,5592.05,6,3,2796.03,2796.03,23/09/2021,05/02/2026,pix,sim,18%,
2034,1323,2019436-32.2020.6.16.9856,38202.34,7,3,16372.44,21829.92,24/05/2021,28/03/26,boleto,Sim,,quitado
2035,1268,3542799-64.2025.6.13.7299,"16243,69",9,7,12633.95,3609.70,2022-03-13,10/04/2025,Boleto,não,0.20,quitado
2036,1263,5483975-50.2024.8.92.4422,"R$ 41.532,36",8,2,10383.10,,06/08/24,2026-03-25,pix,,,quitado
2037,686,5271615-59.2021.2.54.6844,13066.72,9,2,"2903,72","R$ 10.163,02",19/07/2021,2026-10-08,transferência,Sim,20,quitado
2038,1194,5786762-52.2021.9.21.3037,54342.33,1,1,54342.33,0.00,23/02/25,11/02/2024,TED,sim,,atrasado
2039,1280,8590346-68.2020.7.63.7780,"R$ 77.468,76",10,4,"30987,52","R$ 46.481,28",18/04/2024,16/09/24,Boleto,,0.26,Em Dia
2040,1079,1735592-50.2022.9.87.5612,40953.88,10,8,"R$ 32.763,12",8190.78,12/09/2023,2024-10-28,TED,sim,15%,ATRASADO
2041,512,6339266-27.2025.5.15.6766,"R$ 66.140,14",7,3,28345.77,"37794,36",4 de dezembro de 2025,22/12/24,TED,sim,,quitado
2042,648,8749473-21.2020.4.12.9144,51363.50,7,5,36688.20,14675.28,2026-01-25,2024-02-17,boleto,nao,,
2043,1486,7544569-30.2022.4.91.9370,26911.98,5,1,5382.40,21194.31,27/03/22,20/04/2026,pix,N,0.13,quitado
2044,620,8827641-36.2022.5.59.8715,"R$ 34.928,82",4,3,26196.60,8732.20,2021-04-01,22/06/2025,transferência,Sim,18%,quitado
2045,1300,5853247-29.2020.7.62.8870,74663.34,1,1,74663.34,0.00,04/01/2020,2024-04-18,Boleto,sim,0.23,quitado
2046,1219,6404948-40.2021.7.68.7161,66656.87,8,1,8332.11,58324.77,31/01/2023,24 de outubro de 2026,pix,sim,0.22,quitado
2047,1239,4721085-96.2020.6.92.9645,15453.05,6,4,10302.04,4752.23,29/12/24,21 de maio de 2024,pix,nao,0.21,em dia
2048,958,6101036-60.2022.7.49.3295,63646.20,12,10,53038.50,10607.70,2024-07-08,2027-02-19,boleto,S,0.18,Em Dia
2049,1151,7082985-88.2022.2.94.6058,63977.39,10,5,31988.70,31988.70,06/05/20,31/05/2026,pix,nao,,ATRASADO
2050,1132,9252661-70.2020.1.46.1185,"R$ 61.396,19",1,1,61396.19,0,2020-11-22,2024-09-08,Boleto,não,0.17,quitado
2051,506,2869625-86.2025.7.14.5837,56664.50,5,1,11332.90,45331.60,27 de agosto de 2023,22/02/2026,PIX,,0.29,atrasado
2052,606,5266269-78.2021.7.59.1392,"R$ 24.379,11",11,2,4432.56,19946.52,1 de maio de 2021,10 de julho de 2025,Boleto,Sim,0.29,atrasado
2053,544,6053412-12.2021.6.72.8346,68754.02,11,11,68754.07,,06/02/22,21 de fevereiro de 2026,transferência,não,20,ATRASADO
2054,1500,6254488-31.2024.9.48.3216,37572.56,6,6,"37572,54",,2023-06-26,15/10/25,pix,nao,25%,ATRASADO
2055,528,1754781-28.2025.6.89.2162,74200.51,5,1,"R$ 14.840,10",59360.40,12/08/21,24/12/2025,TED,N,0.21,quitado
2056,1308,3754895-37.2021.6.18.8502,60398.70,10,4,24159.48,36239.22,23 de junho de 2021,31/10/24,TED,nao,,
2057,1148,7599278-46.2021.4.96.3535,65562.59,7,7,65562.56,"R$ 0,00",14 de novembro de 2025,2024-12-17,PIX,nao,24%,em dia
2058,639,1093623-59.2025.7.92.5441,"R$ 36.333,08",10,6,21799.86,14533.24,2025-01-24,11/12/2025,transferência,Sim,,atrasado
2059,918,7765112-69.2024.9.62.5648,49626.49,3,2,33084.32,16542.16,18/04/2023,2024-12-03,transferência,S,21%,
2060,1016,5545511-73.2023.1.66.9757,17445.31,3,2,11630.20,"R$ 5.815,10",26/03/2022,2026-06-01,TED,N,,ATRASADO
2061,1294,7979033-26.2021.6.18.1084,63560.51,6,6,63560.52,"-231,64",2025-11-19,25 de julho de 2024,TED,sim,20%,Em Dia
2062,394,8286382-50.2025.4.53.4414,27631.64,10,6,16578.96,11052.64,25 de fevereiro de 2024,17/10/24,TED,não,,Em Dia
2063,553,4202942-75.2025.6.91.7611,52876.11,7,3,22661.19,30214.92,07/05/2024,16/04/2026,boleto,S,21%,
2064,1317,8816646-78.2020.7.70.9224,24578.23,12,8,16385.52,8192.76,2025-07-09,21 de fevereiro de 2026,PIX,N,,atrasado
2065,579,3418432-84.2025.3.59.5858,45818.42,11,2,8330.62,"R$ 37.458,63",22/07/23,14 de março de 2027,pix,Sim,27%,em dia
2066,158,5214684-96.2020.6.84.9986,5502.41,5,5,"5502,4",0.00,14/02/22,11 de agosto de 2025,pix,nao,20,quitado
2067,1474,2316290-44.2022.7.34.5190,"R$ 28.839,95",3,0,0.00,28839.96,27 de junho de 2024,25/10/24,pix,Sim,0.26,ATRASADO
2068,1331,9992831-61.2022.4.35.1469,36990.85,5,1,7398.17,29592.68,09/02/24,22/03/2027,Boleto,não,15%,quitado
2069,709,7941836-76.2025.4.34.6543,24747.24,7,6,"21211,920000000002","3535,32",11/04/23,25 de agosto de 2025,boleto,Sim,,quitado
2070,1016,2118934-75.2023.5.97.9563,44006.21,4,3,33004.65,11001.55,4 de novembro de 2020,2025-01-22,PIX,,0.28,quitado
2071,707,1557680-16.2021.4.16.4031,56316.89,6,2,18772.30,"R$ 37.544,60",2024-07-15,2024-04-06,boleto,Sim,15%,atrasado
2072,370,2461262-96.2021.6.48.1315,"R$ 73.381,55",1,0,0.00,"R$ 73.381,55",10/08/2021,01/12/2024,transferência,,20,Em Dia
2073,151,7515318-25.2024.4.34.6280,"R$ 7.432,46",2,1,3716.23,,2021-10-26,12/05/26,boleto,N,20%,atrasado
2074,1108,8572382-61.2025.1.41.7172,76761.70,4,1,19190.42,57571.26,20/08/2023,02/08/2024,Boleto,N,20,em dia
2075,890,7862554-22.2024.7.83.6459,"29787,03",8,7,26063.66,"3723,38",2025-10-03,19 de abril de 2027,transferência,,18%,quitado
2076,1093,4065326-72.2025.8.58.5304,47210.20,9,7,36719.06,10491.16,31/01/2022,26 de junho de 2026,boleto,não,0.19,em dia
2077,127,9319285-35.2025.3.19.9131,"65873,68",4,0,0.00,65873.68,2025-12-27,2026-06-15,transferência,,,em dia
2078,510,7544569-30.2022.4.91.9370,32192.14,5,5,32192.15,0.00,30 de julho de 2025,21 de novembro de 2026,boleto,Sim,,
2079,342,3922248-27.2025.1.42.4047,57759.42,1,0,"R$ 0,00",,14/11/2020,16 de maio de 2025,TED,nao,15%,ATRASADO
2080,308,1614850-25.2020.8.85.3161,"66928,93",12,2,11154.82,55774.10,31/01/25,25/04/2025,Boleto,,15%,ATRASADO
2081,945,6260319-38.2024.8.96.1114,61692.76,10,2,12338.56,"R$ 49.354,24",2023-06-10,2027-01-16,boleto,S,0.10,
2082,724,7323234-16.2020.9.59.5035,69227.39,1,1,"R$ 69.227,39",0.00,31 de janeiro de 2024,14/03/25,boleto,S,10%,em dia
2083,437,2294596-63.2020.6.38.9193,"15051,44",12,3,"R$ 3.762,87",11288.61,16 de maio de 2024,19 de setembro de 2024,transferência,,25%,quitado
2084,976,2112478-55.2024.2.51.9095,10918.96,6,5,9099.15,1819.83,18 de novembro de 2023,23/07/26,PIX,S,20,Em Dia
2085,157,3395583-64.2024.4.41.2181,15501.77,9,7,12056.94,3444.84,20/10/22,2024-10-22,PIX,nao,22%,em dia
2086,1104,3510061-32.2020.9.13.4424,"R$ 31.796,61",1,0,0.00,31796.61,2023-11-20,6 de janeiro de 2027,transferência,sim,,
2087,1208,5492622-29.2021.9.92.7737,38206.54,7,2,10916.16,27311.85,9 de fevereiro de 2021,05/12/25,PIX,S,20,quitado
2088,1458,1676369-34.2022.3.47.6087,67374.81,4,0,0.00,67374.80,2020-09-28,2025-08-11,TED,não,15%,Em Dia
2089,541,4493339-70.2021.7.17.8725,52233.20,4,0,"R$ 0,00",52233.20,17/12/20,6 de abril de 2025,pix,Sim,15%,atrasado
2090,8,7419280-60.2021.1.40.9417,"R$ 76.746,80",6,1,12791.13,63955.65,04/10/24,26/08/26,Boleto,não,15%,em dia
2091,1464,2016341-89.2023.7.48.2724,"R$ 18.762,60",12,2,"R$ 3.127,10",,2023-05-02,09/12/26,PIX,sim,15%,
2092,162,5853247-29.2020.7.62.8870,29140.80,7,7,29140.79,0.00,06/10/20,2024-11-20,PIX,,27%,ATRASADO
2093,772,6445422-21.2020.5.39.8096,"26151,63",3,1,"R$ 8.717,21","R$ 17.434,42",23/01/2025,27 de novembro de 2024,TED,nao,23%,
2094,178,3975387-89.2023.4.55.7631,"25376,69",11,0,0.00,25376.67,2020-05-11,25/05/2026,Boleto,S,15%,ATRASADO
2095,238,7892487-80.2022.9.64.5036,"R$ 20.128,99",11,3,5489.73,14639.28,2022-04-03,2025-04-17,transferência,não,15%,ATRASADO
2096,53,3585301-47.2021.7.73.3469,"R$ 71.192,20",8,4,"35596,08",35596.08,11/12/2020,11/06/2027,pix,S,20,ATRASADO
2097,1146,3585301-47.2021.7.73.3469,57141.89,2,1,28570.94,"R$ 29.002,17",01/02/20,2024-07-18,TED,nao,15%,
2098,765,7948577-74.2025.1.60.7583,38501.60,12,8,"R$ 25.667,76",12833.88,1 de dezembro de 2022,2027-06-21,transferência,nao,15%,quitado
2099,1241,5703772-88.2020.8.34.6114,74799.77,11,7,47599.86,27199.92,17 de outubro de 2023,13 de novembro de 2025,Boleto,N,,atrasado
2100,489,4140100-24.2024.4.63.7178,43240.12,7,4,24708.64,"R$ 18.531,48",03/10/25,2026-01-20,transferência,S,15%,atrasado
2101,352,4687348-31.2023.1.92.6907,38603.12,9,7,30024.68,8578.48,01/09/20,2026-09-15,pix,Sim,,quitado
2102,113,6547287-16.2023.4.15.7491,20928.00,6,4,13952.00,6976.00,3 de dezembro de 2020,19/08/2025,PIX,nao,20,quitado
2103,1393,4893809-11.2021.7.19.9759,9637.49,5,1,1927.50,,2025-11-27,02/06/24,Boleto,N,0.19,Em Dia
2104,162,5518767-82.2023.4.96.9873,"27362,25",3,2,18241.50,9120.75,2024-02-06,05/01/2024,TED,sim,,
2105,1228,5660649-86.2020.5.86.9291,"68576,93",4,3,51432.69,17144.23,14 de julho de 2020,21/03/24,transferência,Sim,10%,Em Dia
2106,1406,4417916-40.2022.7.26.4278,34794.36,10,5,"R$ 17.397,20",17397.20,2022-10-13,03/06/2026,boleto,Sim,,atrasado
2107,312,1614850-25.2020.8.85.3161,75164.49,2,2,75164.50,0.00,21/12/2025,02/05/2024,pix,,11%,quitado
2108,884,9057960-29.2025.5.10.6072,"12896,25",10,1,"R$ 1.289,62",11606.58,12 de fevereiro de 2021,21/12/24,pix,N,20,quitado
2109,1355,4016576-41.2022.7.10.6952,58016.86,10,3,17405.07,40611.83,2020-12-26,2024-07-14,boleto,não,,atrasado
2110,531,8062805-72.2022.1.22.8771,68731.73,9,3,22910.58,"45821,16",12/01/2023,21 de maio de 2027,boleto,não,15%,
2111,1063,8381610-96.2020.6.26.2533,42893.81,7,2,12255.38,30836.59,9 de novembro de 2023,2024-01-20,PIX,S,15%,ATRASADO
2112,859,3505690-87.2020.8.52.6260,78528.76,11,8,57111.84,"R$ 21.416,94",28/01/26,15/10/25,TED,nao,25%,atrasado
2113,377,7398699-88.2025.6.55.3587,"R$ 8.943,98",7,1,1277.71,7666.26,2023-01-24,2024-06-30,Boleto,não,0.17,quitado
2114,1281,4326518-76.2023.4.36.8530,60830.62,1,0,0.00,,2025-01-19,07/11/26,PIX,não,20,
2115,509,8415891-60.2021.6.92.5554,53287.87,7,4,30450.20,22837.65,18/04/2021,18/08/25,transferência,S,0.21,atrasado
2116,121,6075721-43.2020.9.85.8738,75685.24,1,1,"75685,24",0.00,22/07/2021,10/02/26,Boleto,nao,20,quitado
2117,1291,6368709-92.2024.7.99.9426,46195.41,11,9,"R$ 37.796,22","8399,16",2026-02-08,1 de agosto de 2026,pix,Sim,0.30,atrasado
2118,768,7979033-26.2021.6.18.1084,30546.92,6,5,25455.75,5091.15,02/05/22,11/02/27,transferência,N,17%,ATRASADO
2119,148,4299848-20.2023.2.47.7396,"34524,66",4,0,0.00,34524.68,06/03/25,12 de outubro de 2026,transferência,sim,0.15,atrasado
2120,135,4202942-75.2025.6.91.7611,38833.90,9,2,"R$ 8.629,76",30204.16,2022-07-01,2025-12-29,transferência,S,20,em dia
2121,179,6267378-50.2021.9.19.9923,38497.15,5,1,7699.43,30797.72,21 de outubro de 2022,9 de julho de 2025,PIX,Sim,24%,quitado
2122,1118,7813974-60.2021.1.81.1542,77577.29,2,0,"R$ 0,00",77577.28,28/06/24,26 de novembro de 2024,boleto,N,,quitado
2123,550,1272937-41.2023.5.75.9958,"R$ 7.784,07",11,7,4953.48,2830.56,8 de abril de 2023,6 de janeiro de 2025,boleto,Sim,0.23,Em Dia
2124,620,7236875-79.2024.7.97.5566,78898.84,2,1,39449.42,39449.42,7 de junho de 2023,17/05/2024,pix,nao,,
2125,639,3496733-55.2020.2.43.8503,"79648,53",12,11,73011.18,6637.38,08/09/2021,30/10/26,Boleto,nao,,ATRASADO
2126,1039,2129757-49.2025.4.14.5657,59363.75,1,0,0.00,"59363,75",6 de outubro de 2021,22/09/2025,Boleto,N,20,em dia
2127,209,1272937-41.2023.5.75.9958,"R$ 31.962,43",9,7,"R$ 24.859,66","R$ 7.102,76",30/07/2022,16 de fevereiro de 2026,Boleto,nao,25%,em dia
2128,683,2231929-89.2024.6.41.5461,77819.72,2,2,77819.72,0.00,28/06/2023,16 de junho de 2027,transferência,S,,quitado
2129,1451,3766710-17.2025.4.91.1472,57134.29,8,7,49992.53,6949.42,2023-12-19,6 de janeiro de 2024,PIX,N,,ATRASADO
2130,1064,3541821-31.2021.8.96.1927,70775.55,9,5,39319.75,31455.80,26/02/24,2024-12-21,PIX,,20,em dia
2131,913,9086174-80.2025.1.81.3292,"R$ 34.719,22",6,5,28932.70,5786.54,2022-02-26,02/02/26,transferência,N,20,quitado
2132,551,1735592-50.2022.9.87.5612,65759.40,3,0,0.00,65759.40,8 de agosto de 2025,20 de março de 2024,TED,não,,quitado
2133,852,6524227-53.2025.1.97.6214,69615.45,8,1,"8701,93","R$ 60.913,51",2024-02-01,2026-04-16,transferência,sim,20,quitado
2134,358,5214684-96.2020.6.84.9986,"26674,11",6,3,13337.07,,2025-02-08,24/06/2027,pix,,23%,ATRASADO
2135,344,9810112-12.2021.1.97.8847,59805.41,1,1,59805.41,0.00,2025-03-21,17 de setembro de 2024,Boleto,,22%,quitado
2136,1297,8588997-88.2020.6.29.5987,36100.24,10,5,18050.10,18050.10,23/02/2021,18 de agosto de 2025,transferência,nao,20,atrasado
2137,164,5638123-23.2024.7.30.5009,45381.04,8,8,45381.04,"R$ 0,00",2024-10-31,12 de fevereiro de 2025,TED,Sim,20,quitado
2138,805,8816646-78.2020.7.70.9224,42311.21,1,1,"R$ 42.311,21",0.00,12 de maio de 2023,10/04/2027,pix,S,,atrasado
2139,840,7749444-78.2021.1.20.8763,78703.02,1,0,0.00,"R$ 78.703,02",02/05/22,01/01/2026,transferência,sim,28%,
2140,99,6334947-38.2020.4.71.6173,"33448,15",6,0,0.00,33448.14,02/05/2022,2024-03-21,TED,N,,quitado
2141,298,8749473-21.2020.4.12.9144,75981.94,9,3,25327.32,"50654,64",21 de fevereiro de 2025,16/03/2027,boleto,nao,0.25,ATRASADO
2142,1360,5050722-10.2024.8.29.4298,64854.15,12,3,16213.53,48640.59,08/03/2025,16/08/25,boleto,sim,22%,em dia
2143,1350,1346701-74.2024.1.65.8985,45247.23,12,10,"R$ 37.706,00","7541,2",15/06/20,17/08/24,pix,S,,ATRASADO
2144,596,7848147-32.2021.6.58.3528,71519.41,12,2,11919.90,,03/12/23,20/07/26,transferência,Sim,17%,quitado
2145,237,5483975-50.2024.8.92.4422,75297.24,8,4,"R$ 37.648,64",37648.64,2025-12-17,26/04/26,transferência,,15%,
2146,309,1024421-54.2022.9.20.2563,10037.93,3,0,0.00,10037.94,31/03/24,22/01/2024,boleto,sim,0.26,quitado
2147,701,1093623-59.2025.7.92.5441,"28498,52",12,9,"R$ 21.373,92",7124.64,21/08/2023,04/08/26,PIX,,0.11,
2148,88,7626521-25.2020.9.17.3305,51573.51,12,0,0.00,51223.24,5 de maio de 2025,08/04/2025,transferência,S,0.11,atrasado
2149,1128,8572382-61.2025.1.41.7172,37561.99,10,4,15024.80,"22537,2",02/03/21,24/03/2026,pix,Sim,15%,ATRASADO
2150,561,5451988-41.2020.2.82.4041,4372.84,11,6,2385.18,1987.65,02/10/20,12/07/26,boleto,nao,20,quitado
2151,1089,2292432-35.2025.5.83.7063,"R$ 63.828,91",8,8,63828.88,0.00,01/12/23,07/10/2025,TED,sim,,quitado
2152,1226,8323566-47.2021.3.26.4644,11203.67,2,1,5601.84,,10/04/2026,14 de março de 2027,pix,S,20,atrasado
2153,307,8530609-10.2021.5.41.7151,31528.33,11,6,17197.26,"14331,05",27 de julho de 2024,06/01/26,PIX,sim,20,Em Dia
2154,660,8097721-13.2023.1.47.8354,35013.37,9,9,"35013,33",0.00,12/08/22,2024-12-10,Boleto,não,20,Em Dia
2155,374,1237577-83.2022.8.91.4649,47982.00,6,6,47982.00,0.00,09/06/23,26/05/2026,pix,N,20,
2156,529,4065326-72.2025.8.58.5304,67222.77,9,6,44815.20,22407.60,23 de agosto de 2024,14/10/24,boleto,S,0.12,em dia
2157,369,5747786-52.2023.7.30.3750,68240.06,6,3,"34120,020000000004",34120.02,06/02/25,2024-05-31,PIX,não,15%,Em Dia
2158,1071,2191287-57.2021.1.18.8228,59526.06,4,4,59526.04,0.00,1 de maio de 2022,15/01/24,transferência,S,17%,atrasado
2159,1346,1311508-84.2020.3.38.8512,63020.09,8,7,"55142,57",7877.51,15 de junho de 2025,31 de maio de 2024,PIX,N,0.29,Em Dia
2160,217,5401874-62.2025.2.46.8337,77090.17,1,1,"77090,17","R$ 230,77",19 de maio de 2025,2024-10-22,transferência,S,,quitado
2161,494,3054975-46.2023.4.85.5879,"R$ 23.874,85",6,4,15916.56,7882.96,1 de agosto de 2023,2025-03-28,Boleto,não,0.13,em dia
2162,217,2753004-76.2021.8.83.9874,"R$ 6.847,48",4,4,6847.48,0.00,13/12/2022,2 de junho de 2026,transferência,sim,20,quitado
2163,1032,7223110-52.2024.2.44.8994,4482.03,8,4,2241.00,2241.00,19/09/2025,2024-11-27,PIX,não,20,Em Dia
2164,1236,9086174-80.2025.1.81.3292,31854.36,10,8,25483.52,,8 de fevereiro de 2024,10/11/26,PIX,não,15%,
2165,563,8183950-10.2021.5.84.9388,63431.14,6,1,10571.86,52859.30,14/08/22,06/09/26,TED,S,15%,atrasado
2166,1189,9110060-16.2025.2.29.4716,36578.56,3,2,24385.70,"R$ 12.192,85",19/02/2021,14/03/24,transferência,sim,19%,Em Dia
2167,426,3306375-34.2024.9.48.9154,79325.47,8,7,69409.76,9915.68,2024-12-23,6 de novembro de 2025,TED,nao,22%,em dia
2168,908,7840442-26.2025.9.53.5093,45791.06,10,7,32053.77,13737.33,2023-12-23,2024-06-24,boleto,,17%,quitado
2169,1050,5850223-43.2020.3.81.3185,14418.14,2,1,"R$ 7.209,07","7209,07",10/04/20,18/01/26,PIX,nao,,Em Dia
2170,437,7271178-97.2023.5.84.4243,56285.97,8,4,28143.00,28143.00,7 de abril de 2021,12/08/24,Boleto,,27%,em dia
2171,1,7786207-82.2024.2.92.5696,35931.06,3,1,"R$ 11.977,02","23954,04",2024-11-22,05/04/25,TED,S,22%,atrasado
2172,982,1445483-93.2023.1.61.7357,19591.37,10,0,0.00,"R$ 19.591,40",2025-01-17,2024-04-11,TED,Sim,,em dia
2173,1381,1966014-66.2022.7.82.2137,"R$ 39.737,22",12,5,"16557,149999999998",23180.01,01/11/24,17/03/2027,Boleto,nao,20,
2174,1100,4131852-60.2020.1.89.9739,"R$ 3.181,08",12,11,2915.99,265.09,28/10/23,01/02/26,pix,,15%,quitado
2175,740,2341370-92.2024.9.60.8122,"16285,94",9,6,10857.30,5428.65,22 de dezembro de 2025,19/03/25,Boleto,sim,15%,atrasado
2176,1268,1628717-84.2025.8.67.8313,44604.29,11,5,20274.70,24329.64,2021-01-15,4 de maio de 2024,PIX,sim,15%,em dia
2177,599,6414076-16.2021.7.78.8273,23609.86,9,3,7869.96,15739.92,11 de dezembro de 2023,17/10/2026,TED,não,20,quitado
2178,1322,2016341-89.2023.7.48.2724,39231.31,10,2,7846.26,31385.04,04/07/2024,19/03/2025,transferência,não,22%,em dia
2179,60,7539718-58.2020.2.52.9800,47919.80,11,11,"R$ 47.919,85",0.00,2025-12-01,24 de abril de 2026,transferência,nao,15%,quitado
2180,385,5733649-38.2020.2.35.3379,8998.72,8,7,"7873,879999999999",1124.84,22/01/20,2025-02-03,PIX,,0.21,quitado
2181,551,7381740-86.2021.2.88.6570,35562.37,3,2,23708.24,11854.12,3 de março de 2026,2024-03-07,TED,não,0.29,ATRASADO
2182,102,7687292-20.2021.4.85.7539,"R$ 66.045,01",11,3,18012.27,48032.72,24/04/23,14/02/2024,Boleto,sim,20,
2183,414,4064382-39.2022.4.13.8937,61473.57,2,0,0.00,61473.56,4 de novembro de 2024,2025-06-03,TED,S,0.22,quitado
2184,82,3667022-35.2020.9.76.3115,5763.59,2,0,"R$ 0,00",5763.60,2023-06-18,20 de novembro de 2024,pix,não,15%,Em Dia
2185,899,4768255-51.2022.4.94.5695,"38077,68",4,2,19038.84,19038.84,04/04/2023,21/12/2024,PIX,não,22%,
2186,1350,4384627-80.2021.2.13.1061,62189.31,5,4,49751.44,12437.86,10 de julho de 2020,17 de setembro de 2024,pix,nao,20,em dia
2187,1415,6992158-64.2024.5.43.7750,48178.38,9,2,10706.30,37472.05,06/03/2023,20 de abril de 2026,transferência,sim,,em dia
2188,379,9774395-92.2023.2.75.3192,"R$ 27.341,80",8,7,23924.04,3417.72,25/01/23,16/03/2026,pix,S,0.14,em dia
2189,1474,4893809-11.2021.7.19.9759,57993.97,9,9,"R$ 57.993,93",0.00,29 de setembro de 2021,08/10/26,PIX,N,20,
2190,662,1784068-27.2021.3.12.2538,48263.57,3,0,0.00,48263.58,08/06/2021,10 de maio de 2026,PIX,Sim,0.27,Em Dia
2191,179,6935346-77.2024.3.52.9529,34627.03,12,12,34627.08,0.00,30/08/2023,03/03/2026,boleto,sim,,atrasado
2192,796,1757615-27.2025.7.10.3762,"R$ 30.156,09",5,3,18093.66,"R$ 12.062,44",20 de março de 2021,10/04/26,Boleto,N,0.11,Em Dia
2193,762,8678370-92.2025.7.35.9962,29234.07,4,0,0.00,29234.08,09/05/2020,28/08/24,TED,Sim,20,em dia
2194,114,5214684-96.2020.6.84.9986,"R$ 11.729,44",8,5,7330.90,4398.54,11/01/2025,02/05/2027,TED,nao,15%,quitado
2195,1157,9898363-27.2020.4.89.2966,16136.08,1,1,16136.08,0.00,12/04/25,17 de janeiro de 2026,Boleto,não,17%,
2196,654,6334947-38.2020.4.71.6173,20244.39,3,3,20244.39,0.00,08/09/20,2024-10-16,boleto,nao,21%,
2197,826,7626521-25.2020.9.17.3305,31858.20,3,2,21238.80,10619.40,02/05/2022,14/03/24,boleto,nao,15%,Em Dia
2198,874,3975387-89.2023.4.55.7631,"R$ 23.717,42",6,4,15811.60,7905.80,12/11/2025,2025-11-02,TED,S,15%,quitado
2199,447,6101036-60.2022.7.49.3295,3064.07,6,0,"R$ 0,00",3064.08,2025-09-29,16 de outubro de 2025,pix,nao,0.25,atrasado
2200,717,8905709-90.2020.9.55.2471,22040.47,5,1,"4408,09",17632.36,03/04/2026,2024-08-29,pix,sim,10%,ATRASADO
2201,1,3395583-64.2024.4.41.2181,6808.97,12,6,3404.46,"R$ 3.404,46",16/05/2022,09/04/24,pix,,15%,
2202,205,1933296-95.2024.5.69.8317,25646.74,5,4,20517.40,5129.35,1 de janeiro de 2020,20 de maio de 2024,TED,não,0.24,atrasado
2203,780,3588109-63.2023.1.26.4223,27804.68,9,2,6178.82,21625.87,11/05/21,15/12/2026,PIX,N,0.27,quitado
2204,274,9319285-35.2025.3.19.9131,18801.25,1,1,18801.25,-356.16,25/06/22,10 de fevereiro de 2027,PIX,S,15%,quitado
2205,895,4140100-24.2024.4.63.7178,"R$ 55.366,96",1,1,55366.96,0.00,19/06/2021,17/11/2026,TED,S,,atrasado
2206,649,1273300-90.2024.2.80.7378,72749.66,3,2,48499.78,24249.89,29 de abril de 2025,09/06/2026,PIX,S,12%,ATRASADO
2207,526,5966644-82.2023.4.88.9951,62148.18,10,6,"37288,92",24859.28,19 de maio de 2024,11 de junho de 2024,pix,não,0.28,ATRASADO
2208,1271,2519059-58.2022.7.86.4385,69897.98,2,0,0.00,69897.98,2025-02-25,11 de abril de 2024,TED,,12%,em dia
2209,504,6075721-43.2020.9.85.8738,23780.71,11,11,23780.68,431.60,03/02/2020,11/10/2024,boleto,,0.23,quitado
2210,281,2231929-89.2024.6.41.5461,63809.08,2,1,"R$ 31.904,54",32115.98,19/08/22,30 de março de 2024,pix,não,20,quitado
2211,1326,8066975-72.2023.7.26.7675,12378.03,12,4,4126.00,8252.00,01/02/2022,2024-09-06,Boleto,N,,quitado
2212,1403,2869625-86.2025.7.14.5837,54647.84,1,0,0.00,54647.84,05/07/2025,2024-11-16,TED,Sim,,em dia
2213,1308,9110060-16.2025.2.29.4716,70901.26,3,1,23633.75,"R$ 47.716,79",2024-08-08,08/01/2024,PIX,N,10%,
2214,231,2341370-92.2024.9.60.8122,8043.20,9,0,0.00,"R$ 8.043,21",09/07/2021,07/03/24,TED,não,16%,quitado
2215,377,7941836-76.2025.4.34.6543,46971.55,10,0,0.00,46971.60,2026-01-26,2025-09-16,PIX,não,,atrasado
2216,142,9302979-43.2025.9.68.7487,17841.02,11,7,11353.37,6487.64,16/10/25,12 de maio de 2026,TED,S,20,Em Dia
2217,244,6779292-61.2021.4.86.2783,6953.57,10,0,0.00,6953.60,23/02/2025,03/12/2026,boleto,não,13%,quitado
2218,396,1013314-48.2023.4.39.2083,37333.69,8,2,"9333,42",28000.26,02/07/2022,03/12/2024,Boleto,N,0.13,quitado
2219,1385,7749444-78.2021.1.20.8763,41915.85,7,0,0.00,41915.86,19 de fevereiro de 2025,12/10/24,pix,nao,20,atrasado
2220,1307,7544569-30.2022.4.91.9370,17791.80,8,5,11119.85,"6671,91",8 de setembro de 2024,11 de abril de 2026,boleto,S,12%,Em Dia
2221,1285,5074974-98.2023.8.21.9881,9630.16,3,0,0.00,9630.15,03/10/2023,17/10/2024,Boleto,,15%,quitado
2222,796,1869144-23.2023.5.84.3325,31457.09,11,6,"R$ 17.158,44","R$ 14.298,70",11/12/25,2024-10-23,TED,N,15%,ATRASADO
2223,1070,5266269-78.2021.7.59.1392,14195.22,9,3,4731.75,9463.50,10/07/2020,14/04/25,Boleto,Sim,0.18,quitado
2224,1337,2909764-51.2025.7.78.2223,42284.81,1,0,0.00,,20/07/23,2026-08-09,pix,sim,0.11,
2225,155,6694761-39.2022.1.10.2199,24242.23,5,1,4848.45,19393.80,26 de março de 2021,2024-04-04,TED,S,15%,atrasado
2226,1135,9302979-43.2025.9.68.7487,72399.84,11,1,6581.80,65818.00,25/09/24,02/02/26,boleto,S,27%,atrasado
2227,1144,2519059-58.2022.7.86.4385,7591.97,3,0,"R$ 0,00","7591,98",09/12/20,11 de julho de 2026,transferência,não,,
2228,594,2118934-75.2023.5.97.9563,37321.40,1,0,0,37321.40,14 de março de 2023,12/01/2026,pix,não,20,atrasado
2229,1092,8323566-47.2021.3.26.4644,45202.27,12,5,"R$ 18.834,30",26217.26,2023-09-08,20/10/26,TED,N,20,quitado
2230,1057,1346701-74.2024.1.65.8985,23393.95,12,5,"R$ 9.747,50",13646.50,2020-11-24,3 de maio de 2024,boleto,N,15%,
2231,363,1966014-66.2022.7.82.2137,"R$ 52.739,40",5,5,52739.40,0.00,31/08/2020,24/12/2024,transferência,Sim,15%,
2232,952,3496733-55.2020.2.43.8503,5981.88,12,1,498.49,5483.39,22/01/2022,13 de agosto de 2026,boleto,sim,15%,em dia
2233,271,5116418-16.2025.3.98.2234,27904.75,11,10,"R$ 25.368,00",2536.80,14/06/22,09/08/2025,pix,N,15%,Em Dia
2234,464,2129757-49.2025.4.14.5657,34559.61,11,3,9425.34,25134.24,2021-09-15,17/11/25,boleto,S,,quitado
2235,632,9071705-28.2021.9.78.4746,72717.17,10,3,21815.16,50902.04,2024-05-12,2024-01-27,transferência,S,10%,quitado
2236,271,1185885-59.2023.7.19.8433,42497.24,12,2,7082.88,35414.40,01/03/2024,05/07/25,PIX,Sim,0.21,quitado
2237,10,7381740-86.2021.2.88.6570,17994.07,8,6,13495.56,4498.52,20 de janeiro de 2023,13 de agosto de 2025,pix,não,0.14,ATRASADO
2238,399,5035093-45.2021.1.27.3097,65967.56,8,8,65967.52,-267.10,20 de maio de 2020,08/02/2025,TED,Sim,15%,ATRASADO
2239,1062,4493339-70.2021.7.17.8725,35371.59,11,7,22509.20,"R$ 12.862,40",07/04/2020,2025-09-10,TED,nao,20,em dia
2240,476,6418382-43.2020.8.63.9133,"R$ 67.397,33",9,2,14977.18,52420.13,07/05/2025,2026-05-27,Boleto,Sim,0.12,
2241,1163,5753123-52.2021.4.48.4042,22982.93,9,8,"R$ 20.429,28",2553.66,27/12/25,06/12/2026,pix,,25%,quitado
2242,1029,2341370-92.2024.9.60.8122,"R$ 31.501,74",7,1,4500.25,"R$ 27.001,50",31 de março de 2023,10/04/2024,pix,não,10%,atrasado
2243,1234,6425355-10.2021.6.53.2041,"R$ 51.069,32",10,2,10213.86,40855.44,2026-02-02,21 de novembro de 2026,pix,S,20,quitado
2244,671,6982910-41.2023.8.91.8758,14521.47,3,2,9680.98,4840.49,21 de janeiro de 2024,17 de março de 2027,Boleto,Sim,16%,quitado
2245,1196,6334947-38.2020.4.71.6173,"R$ 16.025,32",7,1,"R$ 2.289,33",13735.98,2021-10-15,19 de outubro de 2026,Boleto,,,ATRASADO
2246,1034,4865461-96.2025.2.64.9143,"R$ 46.978,97",1,1,46978.97,0.00,12/12/22,12/12/24,pix,sim,22%,ATRASADO
2247,1076,1966014-66.2022.7.82.2137,28054.01,1,0,0.00,28054.01,2025-12-22,05/03/27,PIX,Sim,0.29,quitado
2248,540,9822459-92.2024.8.17.6403,45417.58,9,7,35324.80,10092.80,13/11/2021,2026-04-17,boleto,Sim,20,
2249,954,5786762-52.2021.9.21.3037,4833.15,11,4,1757.52,3075.66,28/01/2024,16/05/2024,PIX,não,15%,Em Dia
2250,426,7539718-58.2020.2.52.9800,44078.78,7,3,"R$ 18.890,91",25400.19,09/03/21,2027-06-20,PIX,não,29%,Em Dia
2251,131,2842764-33.2025.7.99.7279,63270.62,3,1,21090.21,42180.42,7 de março de 2020,17 de fevereiro de 2024,PIX,S,18%,quitado
2252,1272,4865461-96.2025.2.64.9143,5762.83,9,4,2561.24,3201.55,2026-01-22,26/02/2024,pix,sim,20,atrasado
2253,179,5953905-94.2022.5.44.3245,49291.72,3,2,32861.14,16430.57,27/02/25,18/01/26,boleto,nao,21%,em dia
2254,407,2675642-32.2022.8.65.5499,"R$ 27.516,77",8,8,"27516,8",0.00,07/02/24,02/04/2025,TED,não,21%,
2255,1054,5514997-95.2024.1.84.8098,"R$ 29.993,40",2,0,0.00,29993.40,2024-10-12,22/03/2026,boleto,S,24%,em dia
2256,172,9810112-12.2021.1.97.8847,18238.38,2,1,9119.19,9119.19,2024-08-30,12/12/25,pix,sim,15%,quitado
2257,261,3879233-61.2024.5.30.1494,28060.50,5,5,"R$ 28.060,50",0.00,20/06/25,30/04/2027,boleto,,0.19,quitado
2258,1395,5214684-96.2020.6.84.9986,71388.95,6,3,35694.48,35694.48,2025-01-19,08/08/2024,pix,S,,
2259,306,4961530-22.2021.4.22.6290,33752.11,4,2,16876.06,16876.06,4 de novembro de 2020,2026-10-31,PIX,N,0.21,em dia
2260,942,2019436-32.2020.6.16.9856,7887.38,10,6,"R$ 4.732,44",3154.96,2025-10-04,10/01/2027,TED,N,15%,quitado
2261,127,2316290-44.2022.7.34.5190,"78812,72",4,4,78812.72,0.00,25/10/20,21 de junho de 2025,TED,Sim,,Em Dia
2262,1307,4824419-32.2024.5.47.3265,34935.52,6,4,23290.36,11645.18,20 de dezembro de 2021,19/05/24,boleto,Sim,,em dia
2263,176,4938178-62.2020.7.27.6072,21951.12,4,2,10975.56,10975.56,2024-10-26,2025-07-18,transferência,N,0.24,Em Dia
2264,855,4768255-51.2022.4.94.5695,30903.44,6,3,15451.71,"R$ 15.451,71",2022-10-26,15/11/2024,Boleto,,,ATRASADO
2265,1290,3754895-37.2021.6.18.8502,77117.33,2,1,38558.67,"R$ 38.558,67",2023-10-15,29/07/25,TED,nao,0.19,quitado
2266,223,5116418-16.2025.3.98.2234,"70860,87",2,0,0.00,"R$ 70.860,86",2021-04-26,28/09/24,Boleto,Sim,0.19,em dia
2267,66,3054975-46.2023.4.85.5879,5658.77,1,0,0.00,5658.77,14/08/20,16/10/24,Boleto,sim,20%,atrasado
2268,645,6524227-53.2025.1.97.6214,41183.27,8,2,10295.82,30887.46,14/03/2026,09/07/2026,transferência,sim,,ATRASADO
2269,250,4417916-40.2022.7.26.4278,7479.13,11,6,4079.52,3399.60,11/09/2021,2025-03-05,transferência,nao,,ATRASADO
2270,816,5614769-67.2022.9.87.1001,53742.74,1,0,0.00,53247.60,21/09/23,1 de setembro de 2026,Boleto,não,19%,Em Dia
2271,323,6339808-70.2020.2.67.1325,16936.10,12,11,15524.74,"1888,43",26/03/26,11 de junho de 2027,boleto,nao,0.12,quitado
2272,518,5214684-96.2020.6.84.9986,"R$ 28.417,55",11,9,"R$ 23.250,69",5166.82,18/12/2023,2024-10-17,PIX,Sim,15%,atrasado
2273,1455,7840442-26.2025.9.53.5093,60558.02,11,10,55052.70,"R$ 5.505,27",2023-02-24,10/05/2024,boleto,não,20%,
2274,935,3395583-64.2024.4.41.2181,72415.97,11,1,6583.27,65832.70,06/08/2020,2026-12-03,transferência,,15%,atrasado
2275,1443,4326518-76.2023.4.36.8530,35533.45,3,1,11844.48,"23688,96",09/11/25,2024-09-06,TED,não,18%,ATRASADO
2276,608,2895065-46.2022.7.67.1438,"8060,26",10,6,4836.18,3224.12,19/06/21,16 de dezembro de 2026,Boleto,S,15%,quitado
2277,1285,7271178-97.2023.5.84.4243,67510.55,8,7,59071.74,8438.82,2020-01-08,11 de novembro de 2026,boleto,Sim,13%,ATRASADO
2278,1002,8125196-18.2023.1.53.1215,63832.53,9,3,21277.50,42555.00,2022-08-11,09/10/26,pix,não,20,
2279,1003,9686751-57.2022.7.62.3494,"71056,46",1,1,71056.46,0.00,8 de agosto de 2023,2025-11-27,PIX,,20,quitado
2280,1266,2997279-67.2024.9.84.1441,"63046,61",9,4,28020.72,35025.90,09/02/2020,04/03/27,PIX,,15%,Em Dia
2281,1047,4721085-96.2020.6.92.9645,29826.37,9,3,9942.12,"19884,24",26/12/21,16/04/27,boleto,,,
2282,1248,8590346-68.2020.7.63.7780,"R$ 49.053,88",10,8,39243.12,"R$ 9.810,78",2021-06-08,2025-12-05,transferência,nao,15%,em dia
2283,822,6425355-10.2021.6.53.2041,"R$ 46.659,29",5,3,27995.58,18663.72,18/10/2025,2025-09-24,Boleto,Sim,,quitado
2284,110,9573194-21.2022.1.35.8352,"R$ 55.663,35",2,1,"27831,67","R$ 27.831,67",23/07/24,7 de agosto de 2026,boleto,N,20,ATRASADO
2285,234,7245951-43.2021.4.11.7623,79782.07,5,4,63825.64,16332.30,27 de novembro de 2020,2026-04-10,pix,S,20,
2286,1081,8286382-50.2025.4.53.4414,53389.97,3,0,0.00,53389.98,25/05/2023,24/09/24,Boleto,N,20,Em Dia
2287,222,8381610-96.2020.6.26.2533,72921.28,4,4,72921.28,-48.16,11 de janeiro de 2026,3 de fevereiro de 2027,Boleto,S,0.15,ATRASADO
2288,1294,1013314-48.2023.4.39.2083,"R$ 54.861,57",4,2,27430.78,27430.78,30/03/21,11/01/2024,TED,não,20,ATRASADO
2289,306,8816646-78.2020.7.70.9224,76255.91,5,5,76255.90,0.00,24/01/2022,2027-04-26,TED,não,20,ATRASADO
2290,423,3766710-17.2025.4.91.1472,18250.20,5,3,10950.12,7300.08,09/07/2023,09/04/2026,TED,S,,
2291,575,7813974-60.2021.1.81.1542,47036.04,9,3,15678.69,"31239,14",2020-03-01,31/05/25,Boleto,S,20,quitado
2292,1023,7599278-46.2021.4.96.3535,75043.02,10,6,"45025,8",30017.20,31/03/22,09/01/27,transferência,sim,20,quitado
2293,640,5058333-37.2021.3.98.8848,"R$ 42.350,33",2,1,21175.17,21586.21,10 de julho de 2023,21/03/2024,transferência,N,,Em Dia
2294,1162,8886588-26.2020.9.65.6361,32991.89,8,0,0.00,,02/09/2023,2025-05-02,Boleto,Sim,,ATRASADO
2295,318,9804642-71.2024.4.76.5486,58095.83,6,2,19365.28,38730.56,13 de abril de 2022,05/04/2026,TED,não,20,em dia
2296,960,4507711-38.2024.2.34.4732,14667.18,3,1,"4889,06",9778.12,10/10/2024,24/04/25,boleto,sim,,atrasado
2297,1404,5853247-29.2020.7.62.8870,10389.84,2,1,5194.92,5194.92,14/04/26,12 de novembro de 2026,pix,,0.10,em dia
2298,1060,7862554-22.2024.7.83.6459,"R$ 28.034,45",9,2,6229.88,21522.00,18/08/2023,17/12/26,PIX,Sim,15%,
2299,210,1664676-19.2021.8.64.4616,22785.55,10,6,13671.30,9114.20,15/06/22,2025-12-14,PIX,não,,Em Dia
2300,926,7916680-90.2022.1.67.1785,74930.93,8,2,"18732,74",56195.02,2022-12-04,09/05/27,Boleto,N,0.14,Em Dia
2301,1250,6254488-31.2024.9.48.3216,49744.11,5,4,"39795,28","R$ 9.920,14",18 de março de 2021,21 de setembro de 2024,PIX,Sim,30%,atrasado
2302,1497,9953454-93.2020.2.52.5723,6361.18,7,3,2726.22,3634.96,14 de junho de 2024,05/08/24,Boleto,S,,Em Dia
2303,265,2658962-39.2022.5.95.8856,4974.64,12,3,1243.65,3730.95,26/09/24,12/09/2025,transferência,nao,20,
2304,526,3576390-15.2021.2.82.8209,"R$ 21.260,13",8,4,10630.08,"R$ 10.630,08",23/06/25,14/01/2025,PIX,nao,15%,em dia
2305,331,7419280-60.2021.1.40.9417,14927.63,2,0,0.00,14927.62,01/03/2026,2027-01-02,pix,sim,15%,Em Dia
2306,861,2675642-32.2022.8.65.5499,39916.93,12,11,36590.51,3326.41,08/04/23,10/02/2026,boleto,,0.24,em dia
2307,236,6053412-12.2021.6.72.8346,74626.89,9,5,41459.40,33167.52,13/01/2025,07/04/2024,boleto,,29%,
2308,1404,3510061-32.2020.9.13.4424,"R$ 70.782,66",7,6,60670.86,10111.81,08/08/2024,07/08/2024,pix,não,,Em Dia
2309,1016,5614769-67.2022.9.87.1001,"R$ 7.240,85",8,7,6335.77,905.11,2020-08-31,19/05/25,transferência,N,,em dia
2310,399,7941836-76.2025.4.34.6543,56064.57,1,1,"56064,57",138.34,2025-03-28,2025-02-12,PIX,N,15%,quitado
2311,398,5966644-82.2023.4.88.9951,32204.20,4,4,32204.20,0.00,14/04/2023,16 de agosto de 2024,boleto,sim,20,atrasado
2312,251,1628717-84.2025.8.67.8313,67063.50,7,4,38322.00,28741.50,24/12/2021,10/09/24,boleto,N,29%,Em Dia
2313,217,4563779-48.2023.2.87.9606,78285.32,2,0,0.00,78285.32,2023-10-12,2026-11-16,boleto,,15%,quitado
2314,350,6370110-64.2022.3.52.8440,"43669,1",2,0,0.00,"R$ 43.669,10",23/09/24,23 de outubro de 2026,PIX,,0.24,Em Dia
2315,263,7724543-49.2023.9.44.7412,17278.80,11,11,17278.80,0.00,04/09/23,2025-04-14,pix,S,20,Em Dia
2316,1209,4874996-38.2022.9.94.8154,49075.38,5,0,"R$ 0,00","R$ 49.075,40",2023-06-24,10/04/2025,boleto,S,,em dia
2317,759,6425355-10.2021.6.53.2041,"R$ 7.223,96",12,12,7224.00,0.00,2023-07-12,04/09/24,TED,S,15%,quitado
2318,741,4016576-41.2022.7.10.6952,31462.74,4,3,"R$ 23.597,07",7865.69,20/06/2020,27/12/2025,boleto,Sim,0.22,quitado
2319,742,1445483-93.2023.1.61.7357,76664.45,5,1,15332.89,61331.56,10/08/25,17 de julho de 2026,Boleto,Sim,,quitado
2320,72,8381610-96.2020.6.26.2533,70838.36,5,4,56670.68,"R$ 14.167,67",2025-09-14,16 de fevereiro de 2026,TED,Sim,15%,quitado
2321,1201,2884639-86.2023.2.31.8737,9494.57,1,1,"R$ 9.494,57",0.00,2022-08-21,15 de dezembro de 2026,TED,sim,20,
2322,1400,3778380-86.2023.9.32.5849,52137.68,7,6,44689.44,7448.24,16/04/2020,9 de março de 2024,transferência,N,15%,em dia
2323,659,8323566-47.2021.3.26.4644,41430.10,11,11,41430.07,"R$ 0,00",29 de junho de 2023,20/06/24,boleto,nao,,atrasado
2324,1244,8382607-83.2020.6.26.3936,"5797,18",6,2,"R$ 1.932,40",3864.80,9 de janeiro de 2022,12/04/24,pix,nao,0.21,atrasado
2325,19,9408522-77.2021.3.36.8376,"R$ 28.343,36",4,2,14171.68,14397.85,28 de outubro de 2020,22/05/2024,pix,Sim,0.24,ATRASADO
2326,784,2632721-15.2024.7.90.9593,33697.29,4,2,16848.64,,19/11/2024,28 de julho de 2026,boleto,não,,
2327,76,2480014-80.2024.2.29.9847,8708.16,10,9,7837.38,870.82,2024-03-05,14 de março de 2025,pix,N,15%,quitado
2328,1128,8183950-10.2021.5.84.9388,62180.73,10,5,31090.35,31090.35,07/10/2025,04/01/2025,pix,não,15%,atrasado
2329,299,7515318-25.2024.4.34.6280,"25108,18",5,1,"R$ 5.021,64",20086.56,12 de março de 2021,2024-11-15,boleto,,15%,Em Dia
2330,958,9489806-94.2021.2.55.9162,69784.90,3,1,23261.63,46523.26,21 de janeiro de 2026,2025-10-29,Boleto,não,,ATRASADO
2331,829,9062552-47.2024.4.22.8265,34621.76,9,9,34621.74,0.00,24/02/20,08/09/24,TED,não,25%,Em Dia
2332,387,5991409-16.2021.8.44.1303,42521.31,9,9,42521.31,0.00,11/11/24,6 de setembro de 2024,TED,N,15%,atrasado
2333,1343,1615190-23.2022.2.42.6238,54735.39,9,9,"54735,39",0.00,22/08/2022,9 de agosto de 2025,PIX,Sim,20,Em Dia
2334,1144,1869144-23.2023.5.84.3325,"R$ 9.936,57",2,2,9936.56,0.00,19/02/20,23 de dezembro de 2026,TED,não,0.17,ATRASADO
2335,624,5732779-86.2025.4.28.7831,21942.82,4,4,21942.80,0.00,2020-06-20,2025-06-02,Boleto,N,15%,ATRASADO
2336,1029,3168718-77.2025.2.92.8027,11633.74,7,1,1661.96,9971.76,18/07/24,3 de junho de 2024,pix,N,,quitado
2337,292,9489806-94.2021.2.55.9162,"54768,98",6,0,0.00,54768.96,08/10/25,07/02/2027,boleto,N,0.26,quitado
2338,1112,5867457-18.2023.9.16.7298,"R$ 71.794,66",11,6,39160.74,32633.95,13/12/2025,21/07/24,TED,N,20,quitado
2339,107,4510407-23.2020.5.18.6055,"R$ 64.608,09",11,0,"R$ 0,00",64608.06,22/05/22,26/09/2026,transferência,S,,quitado
2340,322,5068524-45.2025.9.91.6906,"R$ 30.892,83",9,2,6865.08,"R$ 24.027,78",26/04/2023,24/04/26,transferência,Sim,0.21,Em Dia
2341,782,8630644-97.2025.3.28.1296,38610.60,4,3,28957.95,9652.65,2020-04-13,2025-02-04,boleto,S,,ATRASADO
2342,799,2895065-46.2022.7.67.1438,59069.38,5,5,"59069,399999999994",0.00,19/07/25,2025-03-27,Boleto,S,10%,
2343,923,8655267-17.2025.3.63.4188,41448.00,6,5,34540.00,"R$ 6.908,00",2023-12-19,27/09/2026,pix,nao,,ATRASADO
2344,333,5753123-52.2021.4.48.4042,42702.38,3,1,14234.13,28468.26,28/08/2025,2024-09-28,boleto,não,0.11,quitado
2345,628,3418432-84.2025.3.59.5858,56882.01,2,1,28441.01,28441.01,15 de março de 2021,21/06/24,PIX,S,20,em dia
2346,1119,4065326-72.2025.8.58.5304,65339.92,10,1,"6533,99",58805.91,03/07/2023,10/04/2024,Boleto,Sim,20%,quitado
2347,1198,7486029-45.2024.4.25.3159,42104.27,4,1,10526.07,31578.21,24/12/22,2 de setembro de 2026,Boleto,N,24%,Em Dia
2348,816,2110878-87.2023.8.83.8978,34022.06,4,3,25516.53,,30/08/2021,2024-10-31,transferência,S,22%,quitado
2349,60,1833330-93.2025.8.61.3405,"R$ 27.637,93",4,2,13818.96,13818.96,24 de novembro de 2023,02/01/2024,TED,nao,15%,em dia
2350,536,5996426-23.2022.8.20.3566,"34035,27",7,6,"R$ 29.173,08","4862,18",2023-01-05,6 de outubro de 2024,boleto,sim,0.16,
2351,696,4131852-60.2020.1.89.9739,30135.25,12,7,17578.89,12556.35,25/12/2022,12 de junho de 2026,PIX,nao,0.12,quitado
2352,20,5661974-14.2020.6.39.3137,11416.04,11,2,2075.64,9340.38,27/03/2023,2027-05-10,pix,nao,15%,
2353,846,3585301-47.2021.7.73.3469,"R$ 52.743,04",3,1,17581.01,"R$ 35.162,02",25/02/2020,20/10/2026,PIX,sim,15%,atrasado
2354,1301,7381740-86.2021.2.88.6570,"9998,6",11,4,3635.84,6362.72,2020-10-19,21/09/26,TED,Sim,20,atrasado
2355,60,6053412-12.2021.6.72.8346,"R$ 15.919,45",7,2,4548.42,11371.05,2026-04-27,05/10/2026,transferência,,15%,Em Dia
2356,549,8986773-71.2022.6.45.5854,52482.87,8,4,"R$ 26.241,44",26241.44,26/09/2023,27/02/2025,boleto,,,quitado
2357,1066,5214684-96.2020.6.84.9986,73697.30,7,0,0.00,73697.33,1 de setembro de 2025,2025-01-18,transferência,não,25%,Em Dia
2358,1078,8530609-10.2021.5.41.7151,24241.03,11,3,6611.19,"R$ 17.629,84",2021-04-18,12/04/2026,boleto,,0.30,em dia
2359,983,3260101-88.2022.8.37.9169,"45860,12",7,3,19654.35,26205.80,2025-05-12,07/01/25,transferência,não,20,ATRASADO
2360,1372,9425559-65.2022.6.99.1309,39249.82,10,6,"23549,88",15699.92,2021-03-13,04/07/26,transferência,Sim,0.13,atrasado
2361,1320,4494463-44.2022.5.80.7542,"R$ 51.217,67",10,0,0.00,51217.70,2022-05-02,04/11/25,Boleto,não,15%,quitado
2362,1233,4494463-44.2022.5.80.7542,69657.06,12,6,34828.56,34828.56,10/07/20,17/05/26,boleto,N,20,Em Dia
2363,869,2397582-22.2023.9.93.4223,49917.74,9,4,22185.68,"R$ 27.732,10",24 de fevereiro de 2023,16 de setembro de 2025,Boleto,N,15%,quitado
2364,132,8590346-68.2020.7.63.7780,44627.34,2,0,"R$ 0,00",44627.34,18/07/22,25 de dezembro de 2026,PIX,N,20,em dia
2365,1393,3679963-72.2020.9.29.7859,55926.28,9,1,6214.03,49712.24,29/05/2020,5 de agosto de 2024,PIX,sim,15%,
2366,1351,8368372-34.2020.6.43.9691,18289.36,12,10,15241.10,3048.22,02/12/20,3 de outubro de 2026,TED,sim,,ATRASADO
2367,303,7438163-48.2021.3.47.1186,"R$ 59.449,05",11,10,54044.60,5099.02,07/10/2021,24/11/2025,TED,sim,,quitado
2368,1067,5991409-16.2021.8.44.1303,"R$ 76.330,51",7,2,21808.72,"54521,8",2022-08-06,01/08/2026,pix,não,20,quitado
2369,129,8062805-72.2022.1.22.8771,66059.60,11,2,12010.84,"R$ 54.048,78",2026-03-26,26/03/2026,pix,nao,,
2370,888,6865513-17.2021.7.21.3938,39212.33,10,4,15684.92,23217.97,2024-01-12,12/06/25,transferência,,0.16,em dia
2371,397,6053412-12.2021.6.72.8346,38038.72,4,0,0.00,"38038,72",16/06/2024,18 de maio de 2026,Boleto,Sim,,
2372,135,2328070-99.2024.8.57.5561,24307.36,11,1,"R$ 2.209,76",22097.60,2022-07-23,2025-05-01,TED,,15%,Em Dia
2373,467,5074974-98.2023.8.21.9881,16178.90,12,0,0.00,16178.88,2020-06-21,09/07/2026,Boleto,sim,15%,quitado
2374,998,1183693-37.2024.1.85.2937,58770.83,11,1,5342.80,53428.00,16/07/20,8 de junho de 2027,transferência,Sim,0.29,
2375,1324,5159882-37.2022.9.71.7550,"R$ 24.668,11",6,5,"R$ 20.556,75",4111.35,04/01/26,12/02/2025,transferência,não,20,em dia
2376,1206,1024421-54.2022.9.20.2563,21844.99,12,12,21845.04,0.00,2024-12-07,2 de janeiro de 2025,TED,sim,0.12,em dia
2377,327,2519059-58.2022.7.86.4385,"66817,93",11,7,42520.52,24297.44,5 de setembro de 2025,2025-01-01,TED,Sim,20,quitado
2378,1392,2837371-36.2022.7.88.5428,76093.58,2,0,0.00,76093.58,2020-01-18,2026-07-31,boleto,Sim,12%,quitado
2379,961,9798556-59.2021.3.62.3110,58896.86,11,11,58896.86,0,2023-06-04,2025-04-19,boleto,Sim,0.10,em dia
2380,195,2292432-35.2025.5.83.7063,5310.42,1,0,0,5310.42,1 de novembro de 2021,03/09/2026,boleto,Sim,11%,em dia
2381,29,6254488-31.2024.9.48.3216,"61058,28",7,7,61058.27,0.00,2021-07-28,01/11/2024,transferência,S,10%,ATRASADO
2382,152,8530609-10.2021.5.41.7151,17275.59,1,0,0.00,17275.59,2020-10-21,26/08/24,PIX,,15%,ATRASADO
2383,1473,3541821-31.2021.8.96.1927,"R$ 45.970,96",3,0,"R$ 0,00",45970.95,10/10/2022,2024-12-05,pix,S,,ATRASADO
2384,521,7243958-65.2020.5.25.5047,13126.82,6,2,4375.60,8751.20,4 de janeiro de 2025,21/04/26,TED,sim,0.13,Em Dia
2385,1012,7323234-16.2020.9.59.5035,"R$ 67.038,33",7,1,9576.90,57461.40,2024-08-28,2027-04-22,PIX,S,,
2386,636,7840442-26.2025.9.53.5093,23308.89,8,6,"R$ 17.481,66",5827.22,6 de maio de 2022,17/09/2024,boleto,,0.29,
2387,1061,9835331-11.2022.6.15.8602,49914.36,8,1,6239.30,,19/11/2020,2026-04-24,PIX,,15%,Em Dia
2388,1382,9062552-47.2024.4.22.8265,10889.66,1,0,0.00,10889.66,24 de fevereiro de 2025,2024-03-17,boleto,Sim,14%,atrasado
2389,1219,2824928-33.2020.1.90.6467,51306.13,2,1,25653.06,25653.06,2025-12-28,11/03/24,transferência,,0.14,quitado
2390,236,2519059-58.2022.7.86.4385,40476.56,4,4,40476.56,0.00,2024-02-25,14 de maio de 2026,pix,sim,19%,ATRASADO
2391,255,7110796-41.2020.3.80.5362,17437.21,2,1,8718.60,8718.60,4 de junho de 2024,2026-06-04,PIX,não,15%,quitado
2392,562,7082985-88.2022.2.94.6058,40714.04,10,7,"R$ 28.499,80","12386,81",22 de julho de 2021,24/10/25,TED,sim,25%,em dia
2393,496,9489806-94.2021.2.55.9162,30281.36,3,2,"R$ 20.187,58","R$ 10.093,79",20 de janeiro de 2020,2027-01-19,pix,não,20,ATRASADO
2394,742,3924425-56.2021.9.58.2912,79100.70,6,3,39550.35,39996.71,2024-02-26,15 de junho de 2026,Boleto,sim,15%,quitado
2395,214,7236875-79.2024.7.97.5566,48771.41,12,6,24385.68,"24385,68",30 de agosto de 2023,23/04/2027,TED,não,0.24,em dia
2396,110,9810112-12.2021.1.97.8847,5227.36,10,9,4704.66,522.74,2025-07-24,2027-01-05,transferência,Sim,0.13,quitado
2397,1285,4493339-70.2021.7.17.8725,14414.28,3,0,0.00,14186.51,16 de maio de 2023,2024-12-17,transferência,nao,,quitado
2398,1257,6865513-17.2021.7.21.3938,"R$ 49.518,03",3,2,33012.02,"16506,01",26 de dezembro de 2020,31 de janeiro de 2026,PIX,nao,15%,quitado
2399,1476,2112478-55.2024.2.51.9095,"78522,4",1,0,0.00,78522.40,2024-05-12,1 de junho de 2025,pix,Sim,23%,quitado
2400,1290,9057960-29.2025.5.10.6072,74543.42,4,2,37271.70,"R$ 37.372,36",26 de novembro de 2020,2025-10-27,boleto,S,,
2401,472,1887163-62.2025.9.93.1037,"R$ 25.867,46",9,2,5748.32,"20119,12",20/07/2025,14/08/24,pix,N,0.14,
2402,1218,5266269-78.2021.7.59.1392,"R$ 45.938,37",3,0,0.00,"45938,37",28/06/2025,2027-04-15,PIX,nao,15%,atrasado
2403,541,6334947-38.2020.4.71.6173,24174.71,5,0,0.00,"R$ 24.300,44",03/10/2023,02/06/25,Boleto,nao,11%,em dia
2404,832,7951127-89.2024.1.63.3502,56445.86,10,0,0.00,56445.90,2023-10-25,24 de maio de 2025,boleto,nao,20,atrasado
2405,1358,1272937-41.2023.5.75.9958,79792.33,9,4,35463.24,44329.05,13/12/25,14 de fevereiro de 2024,pix,N,,Em Dia
2406,345,4494463-44.2022.5.80.7542,18726.19,4,1,4681.55,"R$ 14.044,65",20 de março de 2024,14/02/26,boleto,S,26%,
2407,1377,9885734-21.2023.9.74.3450,29172.92,4,1,7293.23,"21879,69",30/03/23,2026-01-14,TED,N,0.21,ATRASADO
2408,1329,4584224-94.2025.2.57.2511,"R$ 53.507,94",7,3,22931.97,30575.96,10/06/2022,2027-02-08,pix,N,0.11,
2409,1222,2545435-52.2025.3.59.7623,26597.42,6,4,17731.60,8865.80,02/01/23,2026-03-09,transferência,,0.13,em dia
2410,1068,4064382-39.2022.4.13.8937,"53075,61",4,1,13268.90,"39806,7",13 de junho de 2024,4 de janeiro de 2024,transferência,não,19%,ATRASADO
2411,1454,5035093-45.2021.1.27.3097,55686.17,11,0,"R$ 0,00","R$ 55.686,18",20/12/2020,16/02/2024,Boleto,,12%,ATRASADO
2412,245,5266269-78.2021.7.59.1392,"R$ 40.359,66",7,0,"R$ 0,00",40359.69,27/04/21,12/03/25,transferência,não,,Em Dia
2413,394,1272937-41.2023.5.75.9958,15172.05,12,2,2528.68,12643.40,17/11/2021,30/12/2024,pix,S,,Em Dia
2414,581,4494463-44.2022.5.80.7542,68446.59,2,1,34223.29,34223.29,18/02/2020,29 de julho de 2024,boleto,N,22%,em dia
2415,31,8168054-14.2024.6.50.1232,72720.00,9,6,48480.00,24240.00,15/03/2020,11 de março de 2027,Boleto,Sim,20,quitado
2416,1491,7539718-58.2020.2.52.9800,36372.61,10,0,0.00,36372.60,6 de setembro de 2022,2025-12-09,boleto,S,0.22,ATRASADO
2417,375,7515318-25.2024.4.34.6280,15810.97,7,2,4517.42,"11293,55",2023-09-17,13/11/2024,boleto,não,,
2418,685,1101935-78.2023.5.88.5299,41573.10,8,7,"R$ 36.376,48",5196.64,27 de junho de 2021,17/04/24,pix,Sim,0.17,Em Dia
2419,311,1614850-25.2020.8.85.3161,59921.10,12,12,59921.16,-155.26,12/05/2023,09/02/26,PIX,não,15%,ATRASADO
2420,1373,9319285-35.2025.3.19.9131,"R$ 51.479,22",1,0,0,51479.22,11 de setembro de 2021,23/06/2027,Boleto,não,,ATRASADO
2421,71,2019436-32.2020.6.16.9856,66783.16,3,0,"R$ 0,00","R$ 66.783,15",2025-09-15,2024-12-19,PIX,S,25%,Em Dia
2422,991,9062552-47.2024.4.22.8265,"R$ 65.346,91",3,0,0.00,65346.90,30 de janeiro de 2024,2026-12-17,TED,sim,,atrasado
2423,1436,4460247-99.2024.9.97.4840,60958.51,9,4,"27092,68","R$ 33.865,85",04/12/25,2026-06-10,TED,sim,,
2424,463,5545511-73.2023.1.66.9757,17525.13,4,4,17525.12,0.00,12/03/2022,18 de junho de 2026,boleto,não,25%,ATRASADO
2425,1427,3924425-56.2021.9.58.2912,17442.59,1,0,0,"17442,59",30 de setembro de 2023,2026-12-30,Boleto,nao,,
2426,1481,9214397-26.2023.4.18.6844,"46485,27",12,11,42611.47,,09/11/24,12/07/24,pix,Sim,0.10,Em Dia
2427,238,7274275-74.2020.1.22.9780,79429.78,3,0,"R$ 0,00",79429.77,01/05/2021,25/09/25,Boleto,S,,atrasado
2428,39,1735592-50.2022.9.87.5612,16421.76,11,8,"R$ 11.943,12",4478.67,12 de novembro de 2022,2026-12-04,transferência,nao,22%,
2429,1062,3975387-89.2023.4.55.7631,3125.69,7,1,"R$ 446,53",,28/10/25,2025-03-18,Boleto,sim,0.11,em dia
2430,1024,8843195-99.2024.6.39.2836,"27291,42",8,8,27291.44,"-279,13",19/05/25,2026-05-31,PIX,não,26%,quitado
2431,1458,4865461-96.2025.2.64.9143,61444.47,3,3,"61444,47",0.00,30/12/2024,20 de julho de 2024,TED,não,,ATRASADO
2432,256,2632721-15.2024.7.90.9593,76318.83,3,1,25439.61,50879.22,2023-01-05,27/05/2025,boleto,não,0.20,ATRASADO
2433,730,2316290-44.2022.7.34.5190,24187.48,3,0,0.00,24187.47,14/10/20,27/05/2025,Boleto,Sim,15%,ATRASADO
2434,814,4938178-62.2020.7.27.6072,17996.75,5,4,14397.40,3599.35,07/03/2025,2024-10-20,pix,,15%,
2435,200,9168044-67.2022.1.26.3054,59710.84,7,2,17060.24,42650.60,08/12/22,06/09/25,PIX,Sim,20,Em Dia
2436,966,5058333-37.2021.3.98.8848,"R$ 65.029,96",4,1,16257.49,48772.47,21/12/24,2026-04-07,TED,sim,0.21,Em Dia
2437,878,3496733-55.2020.2.43.8503,35342.48,9,5,"19634,7",15707.76,2021-08-19,05/06/2026,Boleto,sim,20,Em Dia
2438,621,2236315-26.2022.5.82.8939,74378.19,1,0,0.00,"R$ 74.378,19",14 de agosto de 2024,14/12/2026,boleto,sim,15%,atrasado
2439,1012,1664676-19.2021.8.64.4616,30484.11,4,3,22863.09,7621.03,26/06/24,2024-12-04,transferência,sim,24%,ATRASADO
2440,1314,2490107-19.2023.9.10.7930,48536.22,4,3,36402.18,12134.06,16/04/2022,13/02/2025,TED,nao,,em dia
2441,643,6075721-43.2020.9.85.8738,7074.38,1,1,"R$ 7.074,38",,2021-07-15,21/04/24,transferência,N,10%,atrasado
2442,1031,3924425-56.2021.9.58.2912,53474.82,3,1,17824.94,35649.88,2022-11-05,21/11/24,Boleto,N,20,ATRASADO
2443,567,8607512-63.2021.6.82.1039,"R$ 14.878,51",2,0,0.00,"R$ 14.878,52",19/12/23,08/07/25,PIX,nao,25%,quitado
2444,789,4415624-13.2024.9.14.9480,6921.22,5,5,"6921,2","R$ 0,00",1 de setembro de 2023,20/12/24,PIX,,0.28,Em Dia
2445,979,4952151-27.2023.3.38.8762,52755.41,7,2,15072.98,37682.45,2024-08-18,11/12/26,TED,Sim,,quitado
2446,907,9489806-94.2021.2.55.9162,20625.94,9,5,11458.85,9167.08,2022-07-26,27/12/25,boleto,sim,,em dia
2447,40,7274275-74.2020.1.22.9780,"6131,55",7,7,6131.58,0.00,28/07/2023,29/07/25,transferência,S,19%,quitado
2448,758,4084503-92.2025.8.90.5515,5681.71,1,0,0.00,5681.71,01/03/2023,31/03/2025,TED,N,0.13,quitado
2449,526,1757615-27.2025.7.10.3762,22901.86,11,8,16655.92,6245.97,26/10/21,22/06/27,TED,,0.30,quitado
2450,474,5451988-41.2020.2.82.4041,16601.09,9,5,"R$ 9.222,85","R$ 7.378,28",2021-01-04,2024-06-19,PIX,N,12%,ATRASADO
2451,1453,8415891-60.2021.6.92.5554,79453.56,4,3,59590.17,19863.39,20/11/2023,13 de janeiro de 2027,Boleto,S,,Em Dia
2452,442,5058333-37.2021.3.98.8848,6051.59,8,1,756.45,5295.15,5 de fevereiro de 2020,18 de maio de 2024,Boleto,sim,,atrasado
2453,1221,5788467-41.2023.8.93.8134,72371.44,12,9,54278.55,18310.61,18/03/26,2026-03-04,TED,nao,20,quitado
2454,791,4494463-44.2022.5.80.7542,21759.19,10,7,15231.44,6527.76,07/09/2022,31/05/27,pix,S,0.10,ATRASADO
2455,1258,2100417-68.2021.7.29.9662,3319.83,6,2,1106.60,2213.20,2021-09-13,2024-04-29,TED,não,15%,atrasado
2456,1261,3418432-84.2025.3.59.5858,47167.42,6,6,47167.44,0.00,2021-12-09,2 de fevereiro de 2027,pix,,29%,quitado
2457,760,6018860-77.2022.1.94.1315,7228.29,4,4,7228.28,0.00,03/05/25,19 de março de 2026,PIX,S,20,atrasado
2458,63,6018860-77.2022.1.94.1315,"36226,31",6,0,0.00,"36226,32",31/03/25,08/01/27,pix,Sim,0.26,
2459,952,7840442-26.2025.9.53.5093,60533.77,8,6,45400.32,15133.44,11/11/25,07/03/25,pix,não,23%,quitado
2460,278,4131852-60.2020.1.89.9739,73685.15,10,1,7368.51,65817.71,14 de março de 2022,2025-05-25,transferência,Sim,,
2461,517,4961530-22.2021.4.22.6290,"R$ 52.581,48",4,2,26290.74,"R$ 26.290,74",25/01/26,20/08/24,PIX,S,29%,Em Dia
2462,414,8368372-34.2020.6.43.9691,43068.39,2,1,21534.19,21145.80,10/04/20,2027-06-11,pix,nao,20,ATRASADO
2463,874,2660213-63.2022.6.50.8366,"R$ 4.487,69",10,10,4487.70,0.00,28 de fevereiro de 2024,10 de dezembro de 2025,pix,sim,,ATRASADO
2464,740,6418382-43.2020.8.63.9133,9264.61,1,1,9264.61,0,17/06/2024,16 de junho de 2024,TED,nao,11%,quitado
2465,1215,4202942-75.2025.6.91.7611,19000.72,2,0,0.00,19000.72,2025-08-09,25/05/2027,PIX,S,0.13,em dia
2466,271,8368255-39.2020.9.60.4414,31858.09,11,3,8688.57,23169.52,11/01/22,02/01/27,Boleto,nao,16%,em dia
2467,732,2675642-32.2022.8.65.5499,10376.84,2,2,10376.84,0.00,4 de agosto de 2021,2027-06-03,Boleto,sim,15%,quitado
2468,1152,7916680-90.2022.1.67.1785,33573.90,10,6,20144.34,13429.56,22/08/21,21 de outubro de 2026,transferência,,17%,atrasado
2469,664,1093623-59.2025.7.92.5441,10582.14,11,7,6734.07,"R$ 3.848,04",2025-01-31,18 de abril de 2025,transferência,nao,,Em Dia
2470,1216,4417916-40.2022.7.26.4278,64683.76,4,1,16170.94,48417.09,2023-08-28,2024-09-25,PIX,nao,15%,ATRASADO
2471,170,8129073-22.2024.4.16.9656,45679.85,12,12,"R$ 45.679,80",0,2023-10-11,2027-02-10,Boleto,Sim,23%,
2472,595,7274275-74.2020.1.22.9780,12371.69,9,3,4123.89,8247.78,27 de janeiro de 2020,2026-02-10,Boleto,nao,20,
2473,520,8157599-64.2024.2.89.5276,35285.50,3,1,"R$ 11.761,83","R$ 23.523,66",26 de setembro de 2020,7 de julho de 2025,pix,sim,20,ATRASADO
2474,266,4065326-72.2025.8.58.5304,38695.87,5,3,23217.51,"R$ 15.478,34",16/03/2021,11/05/25,PIX,sim,0.24,em dia
2475,880,5239450-56.2022.7.99.2371,13438.56,8,2,3359.64,10078.92,2020-02-18,11/07/2025,TED,N,20,ATRASADO
2476,1478,6992158-64.2024.5.43.7750,49244.29,6,0,"R$ 0,00",49244.28,19/10/2021,23 de novembro de 2025,pix,S,,Em Dia
2477,959,5755257-93.2020.8.44.2882,44963.70,3,1,14987.90,30057.32,11/12/2022,22/03/2027,pix,sim,15%,
2478,301,4134515-43.2021.8.70.4879,55629.21,4,3,"41721,899999999994",13537.05,2020-06-17,21/03/26,boleto,N,15%,ATRASADO
2479,706,6414076-16.2021.7.78.8273,21593.11,2,0,0.00,21593.12,19 de maio de 2023,29/04/2026,pix,S,0.21,
2480,630,4493339-70.2021.7.17.8725,29538.22,6,4,"R$ 19.692,16",10110.86,17/01/2024,2026-09-21,boleto,não,20,Em Dia
2481,1250,6334947-38.2020.4.71.6173,57232.59,10,5,"28616,300000000003",28616.30,2021-11-24,01/01/26,boleto,S,0.30,ATRASADO
2482,1311,1974389-81.2024.5.57.9354,38993.52,7,4,22282.00,"R$ 16.711,50",19 de julho de 2020,2024-09-06,boleto,nao,22%,ATRASADO
2483,1238,7136189-41.2024.2.60.1768,"R$ 68.304,63",6,3,34152.33,34152.33,10/08/2024,23/04/25,transferência,S,26%,quitado
2484,614,3710559-31.2020.9.95.2540,13626.90,7,5,"R$ 9.733,50",3893.40,2023-11-22,02/06/2025,boleto,,10%,em dia
2485,1171,1116024-57.2025.8.16.4043,59936.98,7,1,8562.43,51374.58,27/04/24,2025-11-16,transferência,nao,20,quitado
2486,718,1778149-24.2023.1.86.3557,41243.38,2,2,41243.38,0.00,28/03/22,26/05/27,TED,sim,15%,ATRASADO
2487,342,2837371-36.2022.7.88.5428,"R$ 40.217,75",9,6,26811.84,13405.92,2020-01-20,17/04/24,boleto,S,20,quitado
2488,1190,4584224-94.2025.2.57.2511,"R$ 54.417,15",2,0,0.00,54417.16,22 de fevereiro de 2023,30/10/2024,boleto,S,13%,ATRASADO
2489,423,1311508-84.2020.3.38.8512,48688.35,3,2,32458.90,16456.72,2025-08-12,2025-03-21,TED,não,0.28,ATRASADO
2490,897,1185885-59.2023.7.19.8433,60283.55,1,0,0.00,60283.55,2021-06-01,13/02/2026,Boleto,N,,quitado
2491,99,6528202-89.2025.3.17.9496,41339.30,5,2,"R$ 16.535,72","R$ 24.803,58",2022-01-17,1 de agosto de 2025,boleto,,0.13,ATRASADO
2492,1493,1445483-93.2023.1.61.7357,44986.53,1,0,0.00,44986.53,06/03/26,2025-05-05,pix,não,20,atrasado
2493,26,1445483-93.2023.1.61.7357,62036.94,2,2,62036.94,0,2025-12-19,2027-02-05,pix,nao,,quitado
2494,258,2110878-87.2023.8.83.8978,"58501,35",8,0,0.00,58501.36,18/08/2021,08/10/2024,boleto,S,0.30,Em Dia
2495,1022,9057960-29.2025.5.10.6072,75145.37,3,0,0.00,75145.38,20/08/21,11/06/24,TED,,,atrasado
2496,796,3754895-37.2021.6.18.8502,"77020,83",11,3,21005.67,56015.12,29/05/22,14/03/2027,boleto,S,0.23,Em Dia
2497,703,8572382-61.2025.1.41.7172,56224.51,12,8,37483.04,18741.52,20 de julho de 2025,24 de março de 2026,transferência,N,28%,em dia
2498,1189,2519059-58.2022.7.86.4385,11945.92,11,10,10859.90,"R$ 1.085,99",21/07/2023,2024-08-18,pix,S,11%,quitado
2499,1079,3675188-38.2025.9.53.3305,31964.41,4,2,15982.20,15982.20,16/03/21,24/06/2026,Boleto,não,15%,quitado
2500,1039,7749444-78.2021.1.20.8763,79792.28,11,11,79792.24,0.00,25/02/2022,2025-11-28,TED,S,15%,ATRASADO
2501,355,3576390-15.2021.2.82.8209,"R$ 19.636,91",8,4,9818.44,9789.19,29/07/22,10/08/2024,Boleto,nao,15%,em dia
2502,1227,2632721-15.2024.7.90.9593,45196.03,12,10,37663.40,7532.68,15/11/22,24/11/2025,boleto,nao,15%,quitado
2503,916,3401866-56.2021.1.87.5297,3489.50,7,3,1495.50,1994.00,01/02/24,2024-09-03,Boleto,não,20,atrasado
2504,858,2997279-67.2024.9.84.1441,3097.06,7,0,0.00,3097.08,29/11/2022,19 de janeiro de 2026,pix,não,,
2505,552,9824532-76.2023.6.37.2040,20391.56,8,7,17842.65,,3 de setembro de 2023,31 de dezembro de 2026,PIX,Sim,20,atrasado
2506,1257,4493339-70.2021.7.17.8725,79307.97,8,1,9913.50,"R$ 69.394,50",03/11/21,29 de abril de 2024,Boleto,,20,em dia
2507,514,4601686-30.2021.5.52.7745,58924.33,6,4,39282.88,19641.44,08/06/22,2025-09-09,Boleto,sim,15%,Em Dia
2508,198,5753123-52.2021.4.48.4042,15657.65,1,0,0.00,15657.65,22 de maio de 2023,14/02/2024,TED,Sim,0.12,quitado
2509,924,5058333-37.2021.3.98.8848,24099.89,2,1,12049.94,12049.94,06/05/23,2026-12-29,transferência,N,13%,atrasado
2510,3,8530609-10.2021.5.41.7151,45444.88,10,7,"R$ 31.811,43",13633.47,26/02/23,29/08/2024,boleto,S,0.29,em dia
2511,691,8827641-36.2022.5.59.8715,"R$ 64.438,33",3,0,0.00,64438.32,01/02/2023,31 de janeiro de 2025,Boleto,Sim,0.20,
2512,381,6416661-36.2021.8.21.8496,49055.01,10,7,34338.50,14716.50,21 de março de 2022,1 de julho de 2026,pix,nao,15%,
2513,152,2016341-89.2023.7.48.2724,11250.22,8,3,"4218,84",7031.40,7 de março de 2021,27 de abril de 2026,transferência,sim,15%,quitado
2514,927,9319285-35.2025.3.19.9131,30946.84,6,3,15473.43,"15473,43",2021-08-10,17/01/2024,pix,nao,15%,ATRASADO
2515,192,1101935-78.2023.5.88.5299,12118.64,2,0,0,12118.64,29 de novembro de 2020,2025-02-27,boleto,N,20,em dia
2516,1040,7599278-46.2021.4.96.3535,14564.19,7,4,8322.40,6241.80,26/04/22,18/04/2027,transferência,sim,0.26,Em Dia
2517,1001,7553290-31.2023.9.36.9282,34107.09,1,0,0.00,34107.09,24/07/2024,14/05/26,TED,N,15%,em dia
2518,847,7848147-32.2021.6.58.3528,67029.69,10,5,"33514,85","33514,85",13/02/2021,08/02/2026,PIX,não,20,ATRASADO
2519,1402,7065068-16.2021.7.14.6489,76361.81,8,3,"R$ 28.635,69","47726,15",2022-04-07,30/04/2025,boleto,S,,Em Dia
2520,997,2118934-75.2023.5.97.9563,35483.41,10,6,21290.04,"R$ 14.193,36",11/02/2024,2026-08-21,pix,nao,,quitado
2521,1145,3542799-64.2025.6.13.7299,52147.76,10,10,52147.80,0,30/09/2023,24/03/2024,TED,N,0.23,quitado
2522,1243,6992158-64.2024.5.43.7750,74531.34,2,2,74531.34,0.00,07/05/2024,01/12/2025,transferência,sim,0.11,atrasado
2523,88,9252661-70.2020.1.46.1185,28419.71,8,7,"R$ 24.867,22",3552.46,6 de maio de 2023,30/04/2025,transferência,não,15%,quitado
2524,31,5786762-52.2021.9.21.3037,55481.46,12,4,18493.80,36987.60,08/11/2020,09/12/2024,TED,nao,15%,
2525,1030,2397582-22.2023.9.93.4223,40844.14,11,0,0.00,40844.10,2023-12-16,10/02/2025,Boleto,S,13%,ATRASADO
2526,656,4952151-27.2023.3.38.8762,31570.86,10,3,9471.27,,2023-12-15,15 de dezembro de 2025,PIX,Sim,15%,Em Dia
2527,534,4061044-97.2023.7.99.3676,"R$ 35.721,11",7,6,30618.12,5103.02,05/06/25,2024-05-01,TED,N,15%,quitado
2528,288,1933296-95.2024.5.69.8317,63537.03,1,0,0.00,63537.03,02/09/2025,19/03/26,pix,nao,0.30,quitado
2529,506,4601686-30.2021.5.52.7745,13465.11,10,3,4039.53,"R$ 9.425,57",01/02/2021,2026-10-26,PIX,S,20,quitado
2530,145,8590346-68.2020.7.63.7780,20253.48,3,2,"R$ 13.502,32",6751.16,21/07/23,01/08/26,transferência,S,10%,atrasado
2531,874,7553290-31.2023.9.36.9282,71535.51,10,2,14307.10,57228.40,2024-02-19,22 de abril de 2024,PIX,N,17%,ATRASADO
2532,1252,5472823-70.2022.4.41.7624,64260.64,8,8,64260.64,91.45,19/03/25,2025-06-12,boleto,Sim,15%,ATRASADO
2533,1225,1778149-24.2023.1.86.3557,61113.67,3,2,40742.44,20371.22,16/08/2022,5 de novembro de 2026,TED,,20,
2534,550,3263740-44.2022.3.81.5402,24764.29,1,1,24764.29,"R$ 0,00",01/05/21,2024-03-09,boleto,Sim,21%,quitado
2535,1078,8572382-61.2025.1.41.7172,14213.93,2,0,0.00,"R$ 14.213,94",04/05/23,06/08/24,boleto,sim,0.23,
2536,347,6339266-27.2025.5.15.6766,64376.87,7,0,0.00,64376.90,01/03/21,17/01/27,TED,S,15%,ATRASADO
2537,714,6034606-21.2023.6.18.6684,43632.06,8,6,32724.06,"R$ 11.081,32",6 de julho de 2025,10/03/25,Boleto,Sim,0.26,Em Dia
2538,821,4874996-38.2022.9.94.8154,43427.05,11,2,"7895,82",35453.15,01/06/22,29/03/24,PIX,N,20,ATRASADO
2539,1135,5966644-82.2023.4.88.9951,50653.55,2,1,25326.78,25326.78,2021-10-11,23 de agosto de 2026,boleto,sim,20,atrasado
2540,349,8125196-18.2023.1.53.1215,10594.65,2,1,"R$ 5.297,32",5297.32,2023-03-22,10/05/2025,TED,não,15%,quitado
2541,434,9489806-94.2021.2.55.9162,12073.53,7,3,5174.37,"R$ 6.899,16",2020-03-08,2027-02-05,pix,sim,15%,em dia
2542,639,9798556-59.2021.3.62.3110,58576.44,10,8,46861.12,11715.28,8 de março de 2021,2026-12-18,boleto,S,15%,atrasado
2543,359,1237577-83.2022.8.91.4649,"R$ 74.624,99",12,11,68406.25,,23/04/2025,14/03/2026,pix,não,29%,quitado
2544,1160,9252661-70.2020.1.46.1185,34894.78,11,4,12689.00,"22205,75",20/11/2023,12 de junho de 2024,transferência,nao,23%,ATRASADO
2545,890,1557680-16.2021.4.16.4031,"55141,43",3,3,55141.44,0.00,03/11/2021,04/07/2026,Boleto,S,20,em dia
2546,140,1353022-94.2023.9.79.1203,53585.61,6,3,"26792,79",26609.58,2024-10-25,2027-05-07,boleto,Sim,25%,Em Dia
2547,678,2842764-33.2025.7.99.7279,41282.46,6,2,13760.82,"27521,64",2022-03-03,7 de janeiro de 2026,pix,Sim,20,quitado
2548,1288,7419280-60.2021.1.40.9417,"R$ 10.777,62",12,3,2694.42,8155.74,6 de outubro de 2021,27 de dezembro de 2026,Boleto,sim,,ATRASADO
2549,1159,6547287-16.2023.4.15.7491,"61368,6",9,0,0.00,61368.57,2023-03-26,06/07/26,pix,nao,0.17,atrasado
2550,1398,7941836-76.2025.4.34.6543,"R$ 58.437,81",4,0,0,58437.80,18/04/22,16/03/2027,Boleto,Sim,18%,em dia
2551,652,9302979-43.2025.9.68.7487,7723.56,12,3,"R$ 1.930,89","R$ 5.792,67",09/12/2023,02/07/25,TED,Sim,15%,em dia
2552,844,4084503-92.2025.8.90.5515,58221.54,8,4,29110.76,"29110,76",2021-06-08,1 de março de 2027,Boleto,não,,ATRASADO
2553,400,9408522-77.2021.3.36.8376,"41755,16",12,2,6959.20,34796,8 de fevereiro de 2022,02/06/26,pix,sim,0.16,atrasado
2554,357,1165147-13.2020.2.47.5874,68747.00,5,0,"R$ 0,00",68747.00,6 de julho de 2024,27/11/24,boleto,nao,20,
2555,924,7274275-74.2020.1.22.9780,55475.98,6,2,"R$ 18.492,00",36984.00,28/05/2023,28/03/24,TED,N,17%,quitado
2556,83,3778380-86.2023.9.32.5849,39961.49,7,4,22835.12,17126.34,04/12/2025,17 de novembro de 2026,boleto,S,10%,Em Dia
2557,523,7979033-26.2021.6.18.1084,"R$ 3.789,03",1,0,0.00,3789.03,20/10/2020,2024-09-24,boleto,S,15%,quitado
2558,1299,4721085-96.2020.6.92.9645,45828.46,11,5,20831.10,24997.32,14/12/2020,10/04/25,Boleto,N,,atrasado
2559,478,6038940-61.2024.4.64.6408,29482.25,12,12,"R$ 29.482,20",0.00,3 de junho de 2020,12/07/2026,PIX,não,,quitado
2560,829,5788467-41.2023.8.93.8134,47892.50,10,7,33524.75,"R$ 14.367,75",2021-07-08,9 de março de 2026,PIX,N,,quitado
2561,262,7243958-65.2020.5.25.5047,17177.83,6,5,14314.85,2417.33,25/11/25,15/10/25,pix,não,12%,quitado
2562,1128,5266269-78.2021.7.59.1392,50057.95,8,4,"R$ 25.028,96",25028.96,2021-11-15,15 de fevereiro de 2027,PIX,Sim,,ATRASADO
2563,98,5217157-98.2020.2.64.4094,23973.99,10,9,21576.60,"R$ 2.397,40",19 de agosto de 2025,3 de agosto de 2026,TED,nao,22%,quitado
2564,1248,5867457-18.2023.9.16.7298,43126.39,6,3,21563.19,21874.64,03/07/2020,24/02/2024,PIX,S,15%,atrasado
2565,1087,6836135-90.2022.9.37.5643,15606.71,6,2,5202.24,10404.48,03/03/22,2026-01-20,boleto,Sim,20%,ATRASADO
2566,1359,7633905-83.2022.9.95.2309,18059.76,3,1,6019.92,12039.84,19 de setembro de 2025,07/09/2025,Boleto,N,0.21,em dia
2567,1323,3750497-13.2024.6.65.9009,42745.43,6,1,7124.24,"R$ 35.621,20",16/07/20,26/07/25,transferência,N,18%,atrasado
2568,766,1411065-96.2022.9.64.8271,40856.64,2,0,0.00,40856.64,08/02/2026,29/09/2026,boleto,N,0.29,em dia
2569,751,6003915-30.2025.6.37.7681,58205.81,7,2,16630.24,"R$ 41.575,60",12/02/2020,20/05/2026,transferência,N,20,
2570,182,5462435-11.2024.9.85.2977,20891.63,1,0,0.00,20891.63,1 de julho de 2025,15/02/27,pix,,23%,atrasado
2571,748,8125196-18.2023.1.53.1215,"R$ 66.578,65",11,2,12105.20,"54473,4",20/08/2021,2024-03-29,PIX,N,11%,Em Dia
2572,1461,5826200-20.2025.1.91.8748,46168.71,3,2,30779.14,15389.57,21/04/23,07/03/25,boleto,N,0.29,ATRASADO
2573,755,3585301-47.2021.7.73.3469,8765.49,1,0,0.00,8765.49,2021-08-02,2026-07-25,pix,nao,15%,quitado
2574,582,1098476-20.2021.1.47.3336,"69295,93",12,12,69295.92,0.00,2023-02-27,2025-06-28,boleto,sim,15%,
2575,554,6935346-77.2024.3.52.9529,"R$ 54.329,96",10,6,32598.00,21732.00,23/05/22,31/12/25,pix,N,15%,
2576,1181,5967836-10.2021.4.35.9671,"R$ 58.713,02",2,0,0.00,,19/04/2026,1 de abril de 2027,boleto,,28%,Em Dia
2577,456,7115217-41.2025.1.67.7692,17779.26,7,6,15239.34,"2539,89",2020-02-20,2024-05-03,pix,,20,ATRASADO
2578,1430,1742202-63.2023.6.68.9372,33344.86,4,1,8336.22,"R$ 25.008,66",3 de abril de 2026,14 de maio de 2026,TED,sim,,quitado
2579,462,5703772-88.2020.8.34.6114,65923.05,7,0,0,65923.06,12/11/2024,19 de dezembro de 2025,pix,N,14%,
2580,580,7916680-90.2022.1.67.1785,49653.02,10,10,"R$ 49.653,00",0.00,17/07/24,25/08/26,pix,N,14%,quitado
2581,635,7065068-16.2021.7.14.6489,32095.47,4,4,32095.48,0.00,1 de abril de 2025,2024-02-22,Boleto,,15%,em dia
2582,1220,5432782-56.2021.2.97.6240,24582.07,2,0,"R$ 0,00",24582.06,2023-11-26,2027-04-11,boleto,S,0.23,quitado
2583,41,8286382-50.2025.4.53.4414,75078.82,7,3,"R$ 32.176,65",43189.14,19 de junho de 2021,27 de setembro de 2024,TED,não,20,em dia
2584,766,6404948-40.2021.7.68.7161,24231.47,2,2,"24231,48",0.00,12/09/22,18/12/25,Boleto,S,20,ATRASADO
2585,528,6418382-43.2020.8.63.9133,52635.42,11,10,47850.40,,2023-08-31,2026-04-10,TED,,,quitado
2586,1145,6018860-77.2022.1.94.1315,64330.50,7,4,36760.28,27570.21,09/01/2026,23 de outubro de 2026,transferência,S,20,atrasado
2587,369,6865513-17.2021.7.21.3938,"R$ 41.687,85",4,3,31265.88,10421.96,2023-09-06,9 de janeiro de 2025,TED,Sim,,quitado
2588,724,7398699-88.2025.6.55.3587,57270.21,10,1,"R$ 5.727,02","R$ 51.543,18",4 de novembro de 2021,18/01/2024,pix,nao,0.29,em dia
2589,938,5545511-73.2023.1.66.9757,34815.30,4,4,34815.32,0.00,02/03/2021,6 de julho de 2025,TED,não,20,quitado
2590,401,5289264-48.2020.4.41.6347,"36953,33",6,2,12317.78,24635.56,2022-06-13,2026-12-31,TED,N,11%,quitado
2591,1442,2411026-52.2022.6.26.7373,71674.50,7,7,71674.47,0.00,2026-01-21,07/02/2025,boleto,Sim,,atrasado
2592,180,2490107-19.2023.9.10.7930,38399.95,1,1,38399.95,0,2023-06-08,23 de julho de 2024,pix,S,0.26,quitado
2593,443,5747786-52.2023.7.30.3750,54794.30,6,2,18264.76,36529.52,2022-03-09,2025-10-25,TED,S,0.19,em dia
2594,305,6663627-76.2023.9.26.5770,"R$ 24.684,74",12,3,6171.18,"R$ 18.513,54",17 de outubro de 2025,18/08/25,Boleto,nao,20,quitado
2595,405,2554938-48.2024.1.13.4544,62262.18,2,2,62262.18,"R$ 0,00",07/11/23,2025-12-07,PIX,sim,24%,em dia
2596,201,8843990-84.2020.6.68.3017,33537.17,2,0,0.00,33537.16,2024-01-08,2027-05-17,Boleto,nao,20,em dia
2597,93,1778149-24.2023.1.86.3557,19287.10,10,3,"R$ 5.786,13",13500.97,30/01/20,18/04/2026,PIX,N,15%,quitado
2598,163,9970343-38.2020.5.18.4483,5964.58,7,0,0.00,5964.56,23/12/25,18/09/2026,TED,não,20%,Em Dia
2599,1098,3576390-15.2021.2.82.8209,20578.47,6,2,6859.50,13719.00,2023-07-16,5 de junho de 2024,pix,nao,,quitado
2600,1413,2118934-75.2023.5.97.9563,22389.60,9,7,17414.11,5117.33,07/05/2024,16/07/2026,transferência,Sim,,quitado
2601,896,1896520-28.2021.5.90.5374,52006.13,5,5,52006.15,0,2025-12-30,2025-03-06,boleto,não,22%,
2602,562,5035093-45.2021.1.27.3097,"9749,73",8,6,"R$ 7.312,32",2437.44,26 de março de 2025,2024-10-10,Boleto,sim,,
2603,747,9810112-12.2021.1.97.8847,63079.01,6,3,31539.51,31539.51,22/06/2023,18 de junho de 2026,transferência,,,quitado
2604,363,1101935-78.2023.5.88.5299,16025.57,10,0,0.00,16025.60,22/06/25,20 de dezembro de 2024,PIX,S,30%,ATRASADO
2605,533,4687348-31.2023.1.92.6907,20894.47,8,6,15670.86,5223.62,2021-06-22,2026-07-19,PIX,,0.11,Em Dia
2606,1040,8286382-50.2025.4.53.4414,"R$ 61.527,76",9,6,41018.52,20509.26,24 de março de 2022,09/03/24,PIX,Sim,0.11,
2607,82,3496733-55.2020.2.43.8503,62086.58,1,0,0.00,62086.58,28/01/25,4 de abril de 2025,Boleto,nao,15%,ATRASADO
2608,1249,5786762-52.2021.9.21.3037,"49050,38",8,8,49050.40,"-486,12",17 de outubro de 2023,2025-06-14,boleto,N,0.24,quitado
2609,358,4865461-96.2025.2.64.9143,13935.90,1,0,"R$ 0,00",13935.90,2022-06-27,12/11/25,transferência,nao,0.12,
2610,1347,9319285-35.2025.3.19.9131,67599.46,11,1,6145.41,61454.10,2025-11-08,24/01/2027,TED,,,quitado
2611,751,6927716-18.2022.9.56.1445,45809.44,5,2,18323.78,27485.67,2023-09-22,31/03/2024,pix,Sim,20,quitado
2612,1279,3401866-56.2021.1.87.5297,55013.57,2,1,27506.78,27506.78,22/12/25,27/12/2026,pix,,15%,quitado
2613,493,7626521-25.2020.9.17.3305,44382.09,7,0,0.00,44382.10,06/06/2024,07/12/24,boleto,,20,quitado
2614,362,7419280-60.2021.1.40.9417,41025.36,2,0,0.00,41025.36,24 de novembro de 2021,28/10/26,transferência,nao,20,ATRASADO
2615,1252,8215015-64.2021.5.32.1893,58083.82,6,2,19361.28,38722.56,12/08/2022,06/04/24,PIX,S,0.12,quitado
2616,815,3248366-98.2020.5.11.6279,6418.36,9,8,"R$ 5.705,20","591,12",10/04/2025,17/05/26,transferência,nao,,quitado
2617,346,5438623-45.2022.4.51.7250,"R$ 13.592,41",7,0,"R$ 0,00",13592.39,17/04/23,2026-03-11,PIX,sim,,quitado
2618,585,6260319-38.2024.8.96.1114,60489.07,8,4,30244.52,30244.52,2024-11-02,13/05/2027,TED,S,15%,quitado
2619,529,3879233-61.2024.5.30.1494,43945.75,4,2,21972.88,21972.88,10 de maio de 2020,04/07/2025,TED,N,15%,quitado
2620,152,7941836-76.2025.4.34.6543,27775.38,8,7,24303.44,3471.92,5 de dezembro de 2020,16/09/2025,PIX,Sim,15%,quitado
2621,340,5826200-20.2025.1.91.8748,43119.61,2,2,43119.62,0.00,1 de junho de 2021,25 de agosto de 2026,pix,N,,quitado
2622,248,2316290-44.2022.7.34.5190,74854.36,6,4,49902.92,24839.33,11/01/2026,06/09/26,Boleto,Sim,,
2623,1382,7271178-97.2023.5.84.4243,"67419,13",10,7,47193.37,,2020-07-14,15/04/2026,pix,sim,28%,em dia
2624,1200,9686751-57.2022.7.62.3494,"R$ 20.381,83",10,7,14267.26,6114.54,2024-05-19,2025-03-03,boleto,,0.15,quitado
2625,994,8215015-64.2021.5.32.1893,9590.12,2,0,0.00,9590.12,4 de dezembro de 2024,3 de setembro de 2025,Boleto,nao,20,
2626,57,4493339-70.2021.7.17.8725,29481.06,7,7,29481.06,0.00,10/06/2025,11/04/25,pix,nao,19%,quitado
2627,1234,2236315-26.2022.5.82.8939,30620.06,11,7,"19485,48","11134,56",01/01/2021,2026-01-19,boleto,sim,13%,quitado
2628,928,7222167-30.2022.8.44.7452,23802.84,7,2,6800.82,17002.05,17/01/2020,2027-03-04,pix,não,15%,
2629,1430,6034606-21.2023.6.18.6684,13622.39,7,1,1946.06,11676.36,25/02/2026,14/05/2026,PIX,S,15%,Em Dia
2630,164,8905709-90.2020.9.55.2471,"R$ 27.428,87",11,4,"R$ 9.974,12",17689.79,2020-09-06,5 de novembro de 2026,Boleto,S,20,
2631,474,1896520-28.2021.5.90.5374,79175.20,12,3,19793.79,59381.37,2020-10-27,2025-12-09,TED,,15%,atrasado
2632,741,9885734-21.2023.9.74.3450,68834.05,6,0,0.00,68834.04,28/03/23,18 de março de 2024,boleto,,15%,em dia
2633,1164,2869625-86.2025.7.14.5837,76377.68,3,3,"R$ 76.377,69",0.00,17/12/22,25/09/26,TED,S,,ATRASADO
2634,929,5422047-80.2024.8.62.4364,20619.74,3,1,6873.25,13746.50,3 de junho de 2025,04/07/2026,PIX,sim,,ATRASADO
2635,1022,6414076-16.2021.7.78.8273,47694.96,12,2,"R$ 7.949,16",,04/07/2025,2026-03-21,Boleto,sim,19%,atrasado
2636,187,5239450-56.2022.7.99.2371,54601.03,11,1,"4963,73",49637.30,31/03/2026,01/06/24,PIX,sim,15%,
2637,1296,5747786-52.2023.7.30.3750,44193.38,7,1,6313.34,37880.04,27/12/2024,20/01/25,boleto,S,23%,quitado
2638,926,2110878-87.2023.8.83.8978,71667.75,3,2,47778.50,23889.25,24/12/23,10/11/2026,TED,sim,0.15,Em Dia
2639,491,2231929-89.2024.6.41.5461,4537.48,2,1,2268.74,2268.74,23 de agosto de 2020,12/06/2024,transferência,N,15%,quitado
2640,210,6418382-43.2020.8.63.9133,26045.56,10,1,2604.56,23461.62,18/03/21,16 de fevereiro de 2027,pix,sim,15%,atrasado
2641,761,4952151-27.2023.3.38.8762,34585.50,2,0,0.00,34585.50,20 de novembro de 2020,25/06/25,PIX,não,15%,ATRASADO
2642,491,6334947-38.2020.4.71.6173,27547.43,12,1,2295.62,25251.82,30/05/2024,29/05/2027,pix,não,0.16,atrasado
2643,760,3879233-61.2024.5.30.1494,9076.83,11,1,825.17,8251.70,2020-06-19,2025-11-16,boleto,,0.23,Em Dia
2644,823,7633905-83.2022.9.95.2309,"9336,78",9,5,5187.10,4149.68,2 de maio de 2022,2024-02-29,TED,não,0.30,atrasado
2645,945,8097721-13.2023.1.47.8354,71066.20,5,0,0.00,"R$ 71.066,20",2023-03-16,24 de agosto de 2026,PIX,nao,,quitado
2646,715,3418432-84.2025.3.59.5858,"29291,95",1,1,29291.95,0.00,2022-04-29,29/06/2025,boleto,sim,,atrasado
2647,284,9108785-98.2021.3.78.6687,41964.10,12,2,6994.02,34699.20,7 de dezembro de 2024,2024-11-18,boleto,não,,Em Dia
2648,862,5614769-67.2022.9.87.1001,"R$ 35.727,75",11,0,0,35727.78,27/05/23,16/09/2025,PIX,N,19%,quitado
2649,87,4092125-65.2025.3.26.9073,"R$ 60.557,89",9,0,0.00,"R$ 60.557,85",20 de março de 2021,28 de fevereiro de 2027,Boleto,S,29%,em dia
2650,1265,5853247-29.2020.7.62.8870,67679.72,1,1,67679.72,,2025-10-10,04/12/2026,PIX,N,15%,
2651,1102,5996426-23.2022.8.20.3566,68847.48,10,3,"20654,25",48193.25,9 de abril de 2025,03/02/26,TED,Sim,0.27,ATRASADO
2652,1265,9804642-71.2024.4.76.5486,"R$ 77.617,68",6,3,38808.84,38808.84,8 de janeiro de 2022,30/11/24,pix,Sim,,ATRASADO
2653,160,2753004-76.2021.8.83.9874,"R$ 76.369,85",1,1,76369.85,0.00,20/07/21,4 de abril de 2026,Boleto,S,20,em dia
2654,1186,1974389-81.2024.5.57.9354,61883.89,12,4,20627.96,41255.92,5 de abril de 2022,26 de outubro de 2024,TED,Sim,15%,ATRASADO
2655,1114,9953454-93.2020.2.52.5723,"51107,74",1,0,0,"51107,74",12/01/22,24 de maio de 2026,Boleto,sim,19%,em dia
2656,278,4134515-43.2021.8.70.4879,64475.98,5,5,64476.00,0.00,21/04/2022,2026-09-30,TED,Sim,20,quitado
2657,546,1887163-62.2025.9.93.1037,27773.18,2,2,"R$ 27.773,18",0.00,25 de novembro de 2025,2025-11-23,transferência,nao,0.26,em dia
2658,980,4090182-95.2021.1.57.7189,"41020,52",11,0,0.00,41020.54,16 de junho de 2024,2027-02-23,pix,sim,20,
2659,880,4417916-40.2022.7.26.4278,47526.50,5,0,0.00,"R$ 47.201,30",26/11/23,17/04/24,pix,S,,quitado
2660,427,3821719-15.2025.2.86.2518,53491.17,3,1,17830.39,35660.78,2025-06-02,23 de junho de 2026,transferência,nao,0.21,
2661,68,8382607-83.2020.6.26.3936,"25428,6",4,1,"R$ 6.357,15",19071.45,22/07/25,3 de novembro de 2025,pix,Sim,15%,ATRASADO
2662,24,3750497-13.2024.6.65.9009,59596.98,6,4,"R$ 39.731,32","19865,66",28 de abril de 2024,09/07/24,Boleto,não,17%,quitado
2663,25,6865513-17.2021.7.21.3938,70750.54,3,0,0.00,70750.53,20 de agosto de 2024,14/12/24,boleto,nao,12%,
2664,939,5217157-98.2020.2.64.4094,"R$ 61.577,49",2,0,0,,25 de junho de 2020,2026-08-06,transferência,Sim,0.22,quitado
2665,982,6096719-87.2023.1.41.6180,23732.69,7,7,23732.66,"R$ 0,00",11/08/25,16/08/2025,pix,,20,quitado
2666,300,4016576-41.2022.7.10.6952,70079.73,10,1,7007.97,63071.73,19/08/24,26/02/2027,pix,sim,20,
2667,1283,9498791-62.2022.6.73.9564,22727.96,2,1,11363.98,,24/10/2022,24 de junho de 2027,boleto,sim,15%,Em Dia
2668,1286,5850223-43.2020.3.81.3185,16839.42,8,4,8419.72,"R$ 8.643,06",2023-12-28,2027-04-26,transferência,nao,20,ATRASADO
2669,519,6779292-61.2021.4.86.2783,70095.07,6,4,"R$ 46.730,04",23365.02,2021-02-07,2026-07-26,TED,N,0.19,quitado
2670,235,2411026-52.2022.6.26.7373,"R$ 6.981,34",8,0,0.00,6981.36,22/01/2026,27 de novembro de 2026,pix,,18%,em dia
2671,726,2292432-35.2025.5.83.7063,31294.57,7,2,8941.30,22353.25,2023-06-15,07/08/2026,boleto,S,20,Em Dia
2672,1109,8572382-61.2025.1.41.7172,24091.97,11,11,24091.98,0.00,23/07/21,2024-11-15,pix,não,,quitado
2673,528,1887163-62.2025.9.93.1037,45931.96,5,2,"18372,78",27559.17,2021-07-09,15 de fevereiro de 2026,Boleto,N,0.20,Em Dia
2674,163,2236315-26.2022.5.82.8939,9584.81,12,9,"7188,57",2396.19,17/12/2025,23/09/25,boleto,sim,15%,atrasado
2675,1228,5788467-41.2023.8.93.8134,73772.53,1,0,0.00,73772.53,27 de dezembro de 2021,09/10/25,transferência,N,26%,
2676,1150,7544569-30.2022.4.91.9370,"R$ 18.674,74",6,5,15562.30,3112.46,24/02/24,25/10/2025,TED,Sim,24%,Em Dia
2677,1202,6370110-64.2022.3.52.8440,53043.10,6,2,17681.04,,17 de dezembro de 2021,28 de abril de 2027,Boleto,,20,
2678,902,7515318-25.2024.4.34.6280,13754.62,1,1,13754.62,0.00,17 de janeiro de 2026,2026-12-24,boleto,,15%,quitado
2679,1369,7786207-82.2024.2.92.5696,17773.37,3,2,"R$ 11.848,92",6214.32,12/05/2022,7 de março de 2027,Boleto,,,quitado
2680,167,9398629-61.2022.5.88.8253,"36210,13",12,0,0.00,"36210,12",23/06/24,2027-06-04,PIX,não,0.25,quitado
2681,1354,7599278-46.2021.4.96.3535,"14517,7",4,3,10888.29,3629.43,16/08/25,5 de março de 2024,pix,Sim,30%,Em Dia
2682,1371,9573194-21.2022.1.35.8352,55521.87,5,0,"R$ 0,00",55521.85,19/05/2024,23/02/2026,pix,sim,,
2683,165,1742202-63.2023.6.68.9372,"79055,24",1,1,79055.24,0.00,2022-11-20,25/05/27,Boleto,,10%,quitado
2684,554,6034606-21.2023.6.18.6684,38446.19,5,4,30756.96,7689.24,13/04/24,22/06/26,Boleto,Sim,15%,atrasado
2685,1346,6982910-41.2023.8.91.8758,38455.60,11,3,10487.88,27967.68,22/03/2022,1 de junho de 2024,transferência,sim,,atrasado
2686,318,9953454-93.2020.2.52.5723,33833.69,7,7,33833.66,0.00,01/03/2022,06/09/25,TED,Sim,20,
2687,991,8286382-50.2025.4.53.4414,54693.81,12,12,54693.84,0.00,15/07/22,26/11/2026,boleto,,25%,Em Dia
2688,864,2110878-87.2023.8.83.8978,21215.69,11,4,"7714,8",13500.90,5 de janeiro de 2020,13/04/2027,boleto,,,ATRASADO
2689,437,5217157-98.2020.2.64.4094,26613.23,4,3,19959.93,6653.31,13/01/2025,24 de março de 2026,boleto,Sim,,ATRASADO
2690,362,2019436-32.2020.6.16.9856,14740.44,9,1,1637.83,13102.64,12/07/25,17/10/2025,boleto,,11%,quitado
2691,140,9398629-61.2022.5.88.8253,27165.13,1,1,27165.13,0.00,28/04/20,2024-04-08,transferência,S,,quitado
2692,1391,6034606-21.2023.6.18.6684,43214.54,11,6,"R$ 23.571,54",19642.95,14/05/2023,2026-03-26,Boleto,,0.15,ATRASADO
2693,275,5050722-10.2024.8.29.4298,78915.73,8,6,"59186,81999999999",,12/07/2021,2024-11-04,pix,não,15%,quitado
2694,1370,7599278-46.2021.4.96.3535,44852.63,7,6,38445.12,6407.52,28 de maio de 2024,2025-11-28,Boleto,S,0.24,em dia
2695,922,1754781-28.2025.6.89.2162,77689.92,9,7,60425.47,17264.42,23/04/2022,09/04/2024,pix,,,em dia
2696,1239,1896520-28.2021.5.90.5374,"R$ 10.282,87",8,7,8997.52,"R$ 1.285,36",21/07/2020,03/01/2024,Boleto,,,atrasado
2697,1100,7065068-16.2021.7.14.6489,19848.30,4,4,19848.28,0.00,22/06/24,11/04/2027,pix,sim,30%,em dia
2698,105,1633270-27.2024.2.52.7034,60148.25,12,7,"R$ 35.086,45",25061.75,11 de setembro de 2024,26 de dezembro de 2025,boleto,S,15%,ATRASADO
2699,167,5753123-52.2021.4.48.4042,41046.28,6,4,"27364,2","13682,1",16/03/22,05/01/25,pix,nao,15%,
2700,881,6779292-61.2021.4.86.2783,"51056,79",8,1,6382.10,44674.70,2021-10-06,08/08/24,boleto,sim,15%,
2701,249,1869144-23.2023.5.84.3325,"R$ 34.293,19",11,11,"R$ 34.293,16",0.00,25 de julho de 2020,5 de junho de 2024,pix,N,0.10,quitado
2702,888,3922248-27.2025.1.42.4047,"16552,37",9,9,16552.35,0.00,2021-07-12,27/02/26,boleto,,0.24,
2703,735,9666878-83.2023.6.29.9905,"50600,07",3,2,33733.38,,17/11/2020,12 de abril de 2026,pix,sim,20,em dia
2704,791,9898363-27.2020.4.89.2966,63578.88,9,7,49450.24,14128.64,25 de junho de 2024,2025-07-18,PIX,nao,15%,em dia
2705,805,7892487-80.2022.9.64.5036,19629.65,8,7,17175.97,,13/05/25,25/12/2026,TED,Sim,20,atrasado
2706,381,9774395-92.2023.2.75.3192,"R$ 21.575,23",5,2,8630.10,12945.15,29 de dezembro de 2022,01/02/2026,pix,Sim,0.18,Em Dia
2707,55,3766710-17.2025.4.91.1472,36412.38,6,1,"R$ 6.068,73","R$ 30.343,65",20/06/2021,22/04/2026,Boleto,nao,15%,
2708,972,9062552-47.2024.4.22.8265,30125.02,7,5,21517.85,"8607,14",22/07/2025,2024-01-20,TED,,15%,quitado
2709,1410,7813974-60.2021.1.81.1542,21515.52,10,5,10757.75,10757.75,03/02/26,22/01/2024,pix,Sim,15%,quitado
2710,970,4064382-39.2022.4.13.8937,"R$ 55.436,15",10,10,55436.10,"R$ 0,00",2024-05-05,12 de março de 2026,pix,S,0.25,quitado
2711,756,4493339-70.2021.7.17.8725,"R$ 76.108,56",6,1,12684.76,,2025-11-30,2026-05-15,transferência,,15%,Em Dia
2712,87,4493339-70.2021.7.17.8725,10176.61,3,0,0.00,"R$ 10.645,27",2023-03-25,14/06/27,Boleto,S,24%,ATRASADO
2713,23,9319285-35.2025.3.19.9131,"41383,14",2,0,0.00,41383.14,20/07/22,01/04/2027,transferência,,0.23,em dia
2714,353,4016576-41.2022.7.10.6952,"R$ 30.253,49",4,2,15126.74,15126.74,2022-08-21,13/09/2024,transferência,S,,quitado
2715,1329,9835331-11.2022.6.15.8602,51122.10,2,0,0.00,50980.61,30/04/2020,25 de março de 2026,transferência,nao,,Em Dia
2716,192,8415891-60.2021.6.92.5554,26848.85,11,0,"R$ 0,00",26848.80,2021-05-15,13 de setembro de 2024,PIX,sim,25%,quitado
2717,771,6101036-60.2022.7.49.3295,38609.28,4,3,28956.96,9959.61,2021-04-09,24 de abril de 2026,boleto,,,quitado
2718,573,8157599-64.2024.2.89.5276,8499.27,11,3,"R$ 2.317,98","R$ 6.181,28",2022-08-23,02/04/2027,Boleto,S,0.13,atrasado
2719,1429,7271178-97.2023.5.84.4243,79587.70,11,1,"R$ 7.235,25",72352.50,10 de abril de 2020,12/10/25,pix,Sim,,quitado
2720,584,6339808-70.2020.2.67.1325,17050.92,7,3,7307.55,9743.40,19/12/22,2024-03-31,transferência,Sim,15%,atrasado
2721,292,9810112-12.2021.1.97.8847,7184.43,7,7,7184.45,0.00,2021-08-30,13/12/2025,boleto,nao,20,atrasado
2722,296,2231929-89.2024.6.41.5461,70555.86,1,1,70555.86,0.00,7 de outubro de 2025,27/04/2026,boleto,não,26%,em dia
2723,946,4507711-38.2024.2.34.4732,29572.42,11,5,13442.00,16130.40,07/07/2023,17/01/26,transferência,sim,14%,Em Dia
2724,1221,4134515-43.2021.8.70.4879,62721.26,3,3,62721.27,0.00,2023-07-21,19 de outubro de 2024,boleto,Sim,,quitado
2725,706,4507711-38.2024.2.34.4732,"R$ 67.744,75",10,4,27097.92,40646.88,2023-04-18,28/01/27,Boleto,sim,,quitado
2726,866,7724543-49.2023.9.44.7412,"40163,91",1,0,0.00,40163.91,2 de junho de 2021,2025-11-14,transferência,não,,em dia
2727,1449,5991409-16.2021.8.44.1303,35542.96,7,4,"20310,28",15232.71,22/10/2023,2024-07-25,pix,N,,em dia
2728,1118,3975387-89.2023.4.55.7631,5530.27,4,0,0.00,5530.28,23/09/23,16/09/25,TED,S,15%,
2729,1065,1101935-78.2023.5.88.5299,"R$ 79.718,48",8,7,"R$ 69.753,67",9964.81,04/05/25,2024-01-19,Boleto,nao,15%,em dia
2730,255,5967836-10.2021.4.35.9671,"R$ 35.248,68",11,1,3204.43,32044.30,2020-11-29,03/07/25,Boleto,sim,20,em dia
2731,424,7224257-29.2020.8.88.9110,41568,10,6,24940.80,16627.20,07/11/2020,16 de abril de 2025,boleto,não,,Em Dia
2732,958,6384831-67.2022.5.89.7429,18687.30,11,6,10193.10,8587.38,20 de janeiro de 2022,23 de novembro de 2025,pix,N,13%,Em Dia
2733,796,1887163-62.2025.9.93.1037,72093.66,8,3,27035.13,45026.08,2024-07-16,15 de maio de 2026,boleto,nao,,ATRASADO
2734,1479,7486029-45.2024.4.25.3159,"4826,04",10,9,4343.40,"R$ 482,60",2024-08-12,12/10/2025,PIX,S,,em dia
2735,566,2191287-57.2021.1.18.8228,"60862,38",11,9,49796.46,11065.88,2023-02-19,12 de junho de 2024,transferência,nao,0.10,em dia
2736,926,8168054-14.2024.6.50.1232,"4816,29",5,4,"R$ 3.853,04",963.26,20/06/2020,28 de agosto de 2025,PIX,sim,30%,ATRASADO
2737,202,6003915-30.2025.6.37.7681,"R$ 61.781,37",2,2,61781.38,0.00,21/03/2026,23 de maio de 2024,TED,sim,15%,em dia
2738,760,3401866-56.2021.1.87.5297,"R$ 43.914,76",9,7,34155.94,9758.84,27 de novembro de 2021,31/05/2024,pix,não,0.13,quitado
2739,1078,1557680-16.2021.4.16.4031,14934.19,6,3,7467.09,"R$ 7.467,09",2023-12-18,2025-04-25,boleto,não,20,quitado
2740,563,2316290-44.2022.7.34.5190,60262.21,11,9,"R$ 49.305,42",10956.76,2022-08-23,07/08/24,boleto,sim,15%,
2741,347,6254488-31.2024.9.48.3216,40876.37,9,5,22709.10,"R$ 17.867,82",4 de abril de 2021,2025-11-20,pix,nao,,
2742,29,6096719-87.2023.1.41.6180,"R$ 12.385,70",7,6,10616.34,1769.39,2 de abril de 2020,27/10/2026,boleto,não,0.28,Em Dia
2743,1108,3585301-47.2021.7.73.3469,5960.42,6,0,0.00,5960.40,14/08/2023,30 de dezembro de 2026,boleto,sim,0.29,quitado
2744,726,2842764-33.2025.7.99.7279,11434.99,11,7,"R$ 7.276,78",4158.16,13 de agosto de 2022,3 de maio de 2027,Boleto,sim,20,atrasado
2745,904,6334947-38.2020.4.71.6173,39418.11,12,6,19709.04,19709.04,07/09/25,09/03/27,transferência,não,20,em dia
2746,449,6944389-98.2023.1.72.8245,66527.76,10,7,46569.46,19958.34,24 de outubro de 2024,18 de janeiro de 2025,boleto,S,20,atrasado
2747,1348,1735592-50.2022.9.87.5612,47719.80,9,9,47719.80,0.00,26/07/2023,2024-11-23,PIX,,15%,em dia
2748,1260,5753123-52.2021.4.48.4042,39624.88,12,7,23114.49,16510.35,2022-04-15,19/10/2024,PIX,,15%,
2749,1403,9425559-65.2022.6.99.1309,60459.51,6,0,0,60579.49,21/01/21,02/07/26,boleto,nao,,Em Dia
2750,707,8749473-21.2020.4.12.9144,37691.04,4,0,0.00,37691.04,6 de março de 2026,2026-01-26,Boleto,Sim,15%,
2751,559,7539718-58.2020.2.52.9800,64237.10,7,0,0.00,"R$ 64.237,11",26/05/23,2024-11-01,Boleto,Sim,20,
2752,608,5432782-56.2021.2.97.6240,"R$ 9.162,83",8,6,6872.10,,28 de abril de 2025,28/07/26,pix,S,,Em Dia
2753,692,6339808-70.2020.2.67.1325,62904.39,6,5,52420.35,10484.07,2021-12-09,13/06/2027,boleto,,,quitado
2754,1429,9822459-92.2024.8.17.6403,19792.56,3,1,6597.52,,2022-05-12,01/02/26,Boleto,não,15%,ATRASADO
2755,223,8215015-64.2021.5.32.1893,21909.90,1,1,21909.90,0.00,2026-01-02,16 de fevereiro de 2027,TED,,,atrasado
2756,192,7553290-31.2023.9.36.9282,67881.51,4,1,16970.38,50911.14,15/08/2022,2027-04-14,PIX,,25%,ATRASADO
2757,812,1185885-59.2023.7.19.8433,44664.56,6,4,"R$ 29.776,36",14888.18,2023-01-01,24 de maio de 2027,Boleto,N,0.11,em dia
2758,1175,4568537-97.2021.4.82.7633,57120.03,2,2,57120.02,0,03/12/2022,27/05/26,Boleto,S,,quitado
2759,758,8827641-36.2022.5.59.8715,"R$ 15.785,78",2,1,7892.89,7892.89,2021-11-13,04/12/26,transferência,nao,0.23,
2760,1417,9076234-78.2023.3.90.2702,6918.87,4,0,0,6918.88,2026-01-01,2025-10-28,transferência,sim,0.18,ATRASADO
2761,1394,2842764-33.2025.7.99.7279,35048.30,4,4,"R$ 35.048,32",0.00,26 de abril de 2025,2026-04-28,transferência,sim,,atrasado
2762,33,7544569-30.2022.4.91.9370,3774.16,10,3,1132.26,2641.94,22/09/2024,3 de novembro de 2026,TED,,15%,quitado
2763,257,9953454-93.2020.2.52.5723,54322.05,11,10,49383.70,"R$ 4.938,37",14/04/22,25/12/25,boleto,S,27%,atrasado
2764,1472,7687292-20.2021.4.85.7539,70967.04,8,7,"R$ 62.096,16",8870.88,02/03/23,2024-11-11,PIX,nao,24%,em dia
2765,1231,4092125-65.2025.3.26.9073,65547.33,2,2,65547.34,,25/04/2021,10/06/25,pix,,22%,quitado
2766,377,1735592-50.2022.9.87.5612,"R$ 17.776,89",5,1,3555.38,"14221,52",12/07/2022,2026-12-23,PIX,sim,20,quitado
2767,154,9666878-83.2023.6.29.9905,"R$ 34.348,55",7,6,29441.64,4906.94,02/12/2025,02/06/27,PIX,Sim,,ATRASADO
2768,678,2231929-89.2024.6.41.5461,21576.85,9,9,"21576,87","R$ 0,00",2025-12-15,04/09/2024,transferência,Sim,15%,quitado
2769,701,3263740-44.2022.3.81.5402,36744.24,1,1,36744.24,0,2020-01-18,2025-03-06,boleto,nao,20,em dia
2770,48,6101036-60.2022.7.49.3295,64053.08,11,2,11646.02,"52407,09",19/06/2022,1 de junho de 2027,pix,não,,quitado
2771,846,9885734-21.2023.9.74.3450,7339.31,5,3,4403.58,2935.72,26/06/2021,2025-03-15,boleto,N,20,Em Dia
2772,559,5755257-93.2020.8.44.2882,69370.39,9,4,30831.28,38539.10,8 de janeiro de 2022,28/12/2026,boleto,sim,,quitado
2773,1069,8986773-71.2022.6.45.5854,3093.55,7,3,1325.82,1767.76,2022-07-17,06/02/27,transferência,nao,0.20,atrasado
2774,622,6075721-43.2020.9.85.8738,78077.92,8,5,48798.70,29279.22,02/05/2024,22/12/2025,Boleto,não,,ATRASADO
2775,451,5058333-37.2021.3.98.8848,72790.41,9,1,8087.82,64702.56,6 de abril de 2023,2024-05-04,PIX,S,15%,Em Dia
2776,444,6524227-53.2025.1.97.6214,25587.94,5,4,20470.36,,05/10/23,2026-03-08,Boleto,não,15%,quitado
2777,1444,7243958-65.2020.5.25.5047,11834.74,1,0,0.00,11834.74,2 de novembro de 2024,05/01/2026,TED,S,15%,quitado
2778,669,5472823-70.2022.4.41.7624,63241.34,1,0,0,63241.34,19 de dezembro de 2024,17/02/26,pix,N,13%,quitado
2779,178,7892487-80.2022.9.64.5036,58106.58,1,1,58106.58,0.00,25 de janeiro de 2026,30 de maio de 2027,Boleto,não,20,
2780,358,9408522-77.2021.3.36.8376,42269.97,5,0,0.00,42269.95,21 de novembro de 2022,28/10/2026,pix,Sim,,Em Dia
2781,10,9319285-35.2025.3.19.9131,"R$ 7.133,98",8,8,7134.00,0.00,13/09/2023,31/03/24,Boleto,S,15%,em dia
2782,833,2675642-32.2022.8.65.5499,69258.63,4,4,69258.64,0.00,10 de fevereiro de 2024,10 de dezembro de 2025,Boleto,N,,
2783,1117,8678370-92.2025.7.35.9962,"79124,26",6,4,"52749,52","R$ 26.374,76",19/06/23,22 de outubro de 2026,PIX,,20,atrasado
2784,401,5631823-61.2020.5.47.1440,"R$ 13.510,04",2,1,6755.02,6755.02,2023-06-20,2025-07-07,TED,,26%,ATRASADO
2785,1112,6686912-30.2025.4.68.7078,22957.89,11,4,8348.32,14609.56,26 de janeiro de 2022,6 de maio de 2026,boleto,N,0.28,
2786,461,3821719-15.2025.2.86.2518,30941.84,8,6,23206.38,8153.45,2024-08-23,27/09/24,boleto,Sim,0.16,
2787,282,2292432-35.2025.5.83.7063,64385.90,1,1,64385.90,0.00,19 de setembro de 2024,23/02/26,TED,sim,,
2788,1275,5274951-77.2021.1.76.5120,30931.98,8,2,7733.00,,21/10/2023,2024-01-23,PIX,não,20,em dia
2789,550,1621418-87.2020.9.55.9337,33697.39,5,1,6739.48,27418.70,24/10/21,31 de janeiro de 2025,Boleto,nao,,Em Dia
2790,166,8368255-39.2020.9.60.4414,29636.37,2,1,14818.18,14818.18,9 de agosto de 2023,13/06/24,boleto,S,,quitado
2791,1058,7544569-30.2022.4.91.9370,53462.42,4,2,26731.20,26731.20,22/02/2026,15/07/24,Boleto,,0.17,quitado
2792,223,1887163-62.2025.9.93.1037,58285.71,8,6,43714.26,"R$ 14.571,42",4 de janeiro de 2024,18 de junho de 2024,transferência,N,0.30,atrasado
2793,302,6476769-27.2021.5.22.2570,"20933,48",9,0,0.00,20933.46,30 de maio de 2023,2025-05-31,Boleto,N,0.11,ATRASADO
2794,534,1099617-37.2023.9.61.1793,"R$ 47.173,51",1,0,"R$ 0,00","47173,51",13/05/23,2025-09-17,transferência,,0.10,quitado
2795,636,2397582-22.2023.9.93.4223,71047.53,2,2,71047.52,0.00,16/09/2020,02/10/25,pix,Sim,,
2796,334,9885734-21.2023.9.74.3450,79777.23,3,0,"R$ 0,00",79777.23,13/05/2021,13 de novembro de 2024,PIX,Sim,14%,quitado
2797,869,5991409-16.2021.8.44.1303,"R$ 27.990,26",1,1,27990.26,-120.54,2023-09-22,23/12/2025,pix,sim,22%,ATRASADO
2798,604,8827641-36.2022.5.59.8715,"19010,32",7,5,13578.80,5431.52,06/02/22,18/04/24,transferência,sim,20,
2799,1135,8843195-99.2024.6.39.2836,22774.13,10,1,2277.41,20496.69,2023-11-06,25/08/2026,PIX,N,0.23,ATRASADO
2800,251,1602496-64.2022.5.79.8340,"75242,36",4,1,"R$ 18.810,59",56431.77,27/11/2024,17/09/2025,Boleto,N,20%,ATRASADO
2801,425,8125196-18.2023.1.53.1215,"R$ 61.054,62",2,0,"R$ 0,00","R$ 61.054,62",11 de setembro de 2020,08/01/2026,boleto,,,Em Dia
2802,293,3924425-56.2021.9.58.2912,53986.09,10,0,0.00,53986.10,2023-09-09,21/08/24,transferência,não,,quitado
2803,812,5703772-88.2020.8.34.6114,"34509,27",6,6,34509.24,0.00,24 de agosto de 2021,2026-02-17,Boleto,Sim,15%,quitado
2804,1388,9408522-77.2021.3.36.8376,70065.77,3,2,46710.52,23355.26,12/03/2025,22 de junho de 2026,Boleto,,0.12,atrasado
2805,431,8539686-69.2023.4.36.2235,28001.57,6,2,9333.86,18667.72,2021-04-29,19/03/2027,PIX,,15%,em dia
2806,679,6038940-61.2024.4.64.6408,43336.73,2,0,"R$ 0,00",,10/04/2025,23/01/2026,transferência,sim,15%,
2807,1011,1099617-37.2023.9.61.1793,23018.46,1,0,0,23018.46,6 de outubro de 2022,02/09/26,pix,não,0.11,atrasado
2808,1482,4090182-95.2021.1.57.7189,67297.42,5,1,13459.48,53837.92,16 de janeiro de 2024,24 de janeiro de 2026,TED,nao,20,quitado
2809,833,8381610-96.2020.6.26.2533,"R$ 47.505,79",7,6,40719.24,6786.54,26/11/2025,17/12/2026,transferência,nao,15%,
2810,1471,3754895-37.2021.6.18.8502,47305.21,10,10,47305.20,"R$ 0,00",2022-07-24,24/02/2025,TED,Sim,0.23,Em Dia
2811,890,6018860-77.2022.1.94.1315,78224.29,2,2,78224.28,0.00,03/03/26,21 de agosto de 2024,pix,Sim,0.23,atrasado
2812,1370,6524227-53.2025.1.97.6214,28898.07,1,1,28898.07,0,07/02/2022,2026-04-12,boleto,Sim,,quitado
2813,1406,1964519-55.2020.7.58.6781,25809.49,7,1,3687.07,22122.42,2020-05-28,2026-06-30,PIX,nao,10%,
2814,685,6254488-31.2024.9.48.3216,27594.84,3,3,27594.84,,2022-08-31,21 de junho de 2026,pix,N,,quitado
2815,631,3542799-64.2025.6.13.7299,41242.36,1,1,41242.36,-472.04,2020-07-15,6 de julho de 2025,PIX,S,25%,em dia
2816,73,9110060-16.2025.2.29.4716,21037.14,5,3,12622.29,8414.86,30 de outubro de 2024,4 de setembro de 2026,TED,N,,ATRASADO
2817,66,6075721-43.2020.9.85.8738,"R$ 60.943,49",2,1,30471.74,"R$ 30.471,74",13 de janeiro de 2023,25/05/26,PIX,nao,0.19,atrasado
2818,1008,5116418-16.2025.3.98.2234,68534.63,2,1,34267.32,34267.32,20/10/24,2025-12-02,transferência,Sim,25%,quitado
2819,1112,7813974-60.2021.1.81.1542,19322.60,2,1,"R$ 9.661,30","R$ 9.661,30",29/11/24,2025-05-13,boleto,sim,,
2820,1102,8677980-28.2024.9.94.6552,27637.62,2,0,0.00,27637.62,11/10/2023,2025-06-18,pix,S,0.11,Em Dia
2821,639,2191287-57.2021.1.18.8228,18356.90,9,0,0.00,18356.94,14/05/25,20/03/25,Boleto,,21%,
2822,1083,6096719-87.2023.1.41.6180,46491.04,3,0,0.00,46491.03,14/04/2023,2026-09-05,TED,não,15%,em dia
2823,1058,3766710-17.2025.4.91.1472,"R$ 5.220,37",2,0,0.00,5220.36,11 de novembro de 2020,27/05/2026,boleto,sim,17%,atrasado
2824,1481,2675642-32.2022.8.65.5499,"R$ 54.864,00",7,7,54863.97,"46,21",20 de maio de 2024,19/07/25,pix,,20,quitado
2825,630,3395583-64.2024.4.41.2181,"R$ 35.683,82",1,0,0.00,"R$ 35.683,82",2020-06-19,21/05/2027,transferência,S,,ATRASADO
2826,1176,5631823-61.2020.5.47.1440,"R$ 74.642,79",2,1,37321.39,"R$ 37.184,59",25/02/23,2026-05-08,Boleto,não,23%,quitado
2827,197,3505690-87.2020.8.52.6260,52458.62,3,2,34972.42,"R$ 17.486,21",12/01/2023,21/03/25,transferência,,19%,quitado
2828,1152,2461262-96.2021.6.48.1315,33104.81,3,2,22069.88,"R$ 11.034,94",04/11/23,15/12/2026,boleto,N,0.23,atrasado
2829,1396,7722274-26.2024.9.14.7062,77618.12,2,1,"38809,06","38809,06",31/08/22,20/05/2026,TED,S,0.19,ATRASADO
2830,370,2895065-46.2022.7.67.1438,46019.89,6,1,7669.98,38349.90,08/01/23,26/05/25,boleto,Sim,20,quitado
2831,668,7544569-30.2022.4.91.9370,25492.07,6,6,"25492,08",0.00,17/08/24,2027-01-04,boleto,sim,0.16,quitado
2832,1235,3395583-64.2024.4.41.2181,55430.89,5,1,11086.18,"R$ 44.344,72",19/03/2022,15/04/2026,boleto,não,20,quitado
2833,485,3376786-12.2020.7.64.5093,"R$ 51.211,99",1,1,"R$ 51.211,99",0.00,5 de abril de 2025,12/03/2025,pix,N,0.28,quitado
2834,681,8717678-27.2025.5.11.4526,"18252,79",11,1,"R$ 1.659,34",16593.40,2025-10-17,30/01/24,pix,N,,em dia
2835,1159,6528202-89.2025.3.17.9496,5400.35,7,0,0.00,"5400,36",03/08/23,09/06/2027,boleto,N,0.14,em dia
2836,860,7722274-26.2024.9.14.7062,17981.88,8,2,4495.48,13486.44,25 de agosto de 2025,28/03/26,Boleto,Sim,0.19,ATRASADO
2837,510,3376786-12.2020.7.64.5093,"R$ 47.955,06",9,2,10656.68,37298.38,2020-01-31,2024-10-14,Boleto,,20,quitado
2838,1172,6105303-92.2021.4.39.3868,77176.58,1,1,"R$ 77.176,58",0.00,2023-01-17,2026-02-28,transferência,não,,quitado
2839,571,1614850-25.2020.8.85.3161,19261.80,3,2,12841.20,6420.60,28 de novembro de 2021,29/10/2024,TED,Sim,20,ATRASADO
2840,355,4064382-39.2022.4.13.8937,20322.11,7,0,0.00,"R$ 20.322,12",18/10/2020,27 de dezembro de 2026,TED,,15%,quitado
2841,77,5991409-16.2021.8.44.1303,66518.91,6,6,66518.94,0.00,29/04/2021,12/11/2026,PIX,nao,12%,em dia
2842,376,2411026-52.2022.6.26.7373,42851.87,10,6,25711.14,17140.76,24/03/2023,17/03/27,boleto,,15%,ATRASADO
2843,401,8572382-61.2025.1.41.7172,"R$ 38.112,70",12,2,"R$ 6.352,12",31760.60,18/11/23,2024-12-03,boleto,N,20%,Em Dia
2844,1446,5074974-98.2023.8.21.9881,31824.02,10,10,31824.00,0.00,07/03/22,01/07/2025,PIX,N,0.29,atrasado
2845,926,7553290-31.2023.9.36.9282,48633.67,2,0,0.00,48633.66,2024-06-30,25/03/27,Boleto,,,Em Dia
2846,859,8368255-39.2020.9.60.4414,"R$ 20.635,58",9,5,11464.20,9171.36,15/04/2021,03/09/2026,Boleto,N,,quitado
2847,687,8168450-48.2020.2.65.4570,69439.12,4,0,0.00,69439.12,14/03/2023,2027-03-01,pix,,,em dia
2848,1329,6944389-98.2023.1.72.8245,13281.81,9,8,"11806,08",1475.76,5 de dezembro de 2025,27/02/2024,TED,S,0.25,quitado
2849,1475,8892606-62.2022.2.87.2168,34547.66,2,1,17273.83,"R$ 17.273,83",8 de agosto de 2025,2024-09-24,transferência,S,15%,ATRASADO
2850,942,9489806-94.2021.2.55.9162,58723.29,9,0,0.00,58723.29,2024-06-14,2025-08-20,boleto,nao,0.24,quitado
2851,262,1093623-59.2025.7.92.5441,37216.34,9,5,20675.75,16540.60,5 de outubro de 2021,2026-07-19,PIX,S,,atrasado
2852,1073,8905709-90.2020.9.55.2471,3027.33,11,10,2752.10,,15/12/2025,14/10/24,boleto,,0.16,Em Dia
2853,352,1784068-27.2021.3.12.2538,65344.25,4,2,32672.12,"R$ 32.245,46",2020-05-26,2026-08-22,TED,sim,25%,quitado
2854,276,3585301-47.2021.7.73.3469,57814.99,3,3,57814.98,"R$ 0,00",2025-11-04,18 de outubro de 2025,Boleto,Sim,15%,quitado
2855,1067,3585301-47.2021.7.73.3469,30650.90,4,2,15325.46,"R$ 15.325,46",13/12/2022,28/05/24,TED,não,0.17,Em Dia
2856,1331,8286828-70.2022.9.31.8012,15600.01,5,3,9360,6240.00,2021-03-29,01/08/2026,boleto,sim,20,em dia
2857,487,9057960-29.2025.5.10.6072,"R$ 22.218,10",1,0,0.00,"R$ 22.218,10",22 de setembro de 2021,24 de junho de 2027,boleto,sim,0.16,em dia
2858,148,6935346-77.2024.3.52.9529,73504.93,5,3,44102.97,29401.98,28/08/23,06/03/2024,Boleto,sim,20,quitado
2859,1251,5953905-94.2022.5.44.3245,47873.42,11,6,26112.78,21760.65,2022-09-03,15/06/2027,Boleto,,20,quitado
2860,1412,5733649-38.2020.2.35.3379,67776.72,7,6,"58094,34",9682.39,2022-09-05,30 de agosto de 2025,PIX,nao,0.17,ATRASADO
2861,1469,4314934-26.2021.7.14.7244,38931.73,1,0,"R$ 0,00",38931.73,24/08/24,2 de junho de 2024,boleto,Sim,,ATRASADO
2862,1217,8066975-72.2023.7.26.7675,79632.34,3,2,53088.22,"26544,11",2021-05-22,2 de dezembro de 2024,transferência,Sim,25%,atrasado
2863,1415,3541821-31.2021.8.96.1927,56330.66,7,7,"56330,68",0.00,19 de abril de 2023,02/08/2026,PIX,N,0.16,quitado
2864,280,9822459-92.2024.8.17.6403,21076.73,8,4,10538.36,"10538,36",18 de dezembro de 2024,2026-04-24,pix,nao,15%,quitado
2865,184,4893809-11.2021.7.19.9759,"R$ 14.832,24",1,0,"R$ 0,00",14832.24,19/09/24,16/04/26,TED,não,0.23,Em Dia
2866,66,2231929-89.2024.6.41.5461,"74636,96",6,4,49757.96,24878.98,2024-10-07,23/02/26,transferência,sim,20,ATRASADO
2867,1199,6992158-64.2024.5.43.7750,12513.40,7,2,3575.26,9269.11,13/11/2021,25/10/2025,TED,sim,29%,atrasado
2868,136,1013314-48.2023.4.39.2083,42497.34,10,5,21248.65,21248.65,04/06/2024,21/05/2024,transferência,S,,Em Dia
2869,451,6418382-43.2020.8.63.9133,31306.61,4,2,15653.30,15653.30,30/03/2023,19/11/2026,PIX,não,16%,Em Dia
2870,868,4134515-43.2021.8.70.4879,"R$ 28.112,35",8,4,14056.16,14056.16,13/09/24,2025-12-09,pix,sim,18%,
2871,599,9970343-38.2020.5.18.4483,67933.44,7,0,0.00,67933.46,06/10/2022,27/05/25,boleto,,15%,Em Dia
2872,1160,5159219-49.2023.5.25.3676,44769.41,1,0,0.00,"44769,41",27/07/20,18/07/2025,Boleto,Sim,12%,em dia
2873,650,2186433-37.2022.2.12.4344,74509.41,12,9,55882.08,18627.36,20/10/24,2026-05-03,TED,,,Em Dia
2874,1123,6339808-70.2020.2.67.1325,23148.89,10,7,16204.23,6944.67,05/12/2020,2027-01-11,Boleto,nao,20,Em Dia
2875,881,2191287-57.2021.1.18.8228,27829.01,2,0,"R$ 0,00",28267.62,24/03/2021,6 de março de 2025,PIX,nao,,quitado
2876,1136,6003915-30.2025.6.37.7681,61445.34,3,2,40963.56,20481.78,20/11/21,2024-08-27,transferência,nao,0.30,quitado
2877,1329,1633270-27.2024.2.52.7034,72767.37,7,0,0.00,"R$ 72.767,38",2021-02-22,26/09/26,TED,não,15%,atrasado
2878,1342,5035093-45.2021.1.27.3097,3374.26,5,5,3374.25,0.00,10/01/2026,13/12/2026,pix,não,17%,
2879,1004,4092125-65.2025.3.26.9073,27286.54,4,2,13643.28,"R$ 13.749,01",09/11/2023,27/01/2025,Boleto,sim,0.22,Em Dia
2880,500,7419280-60.2021.1.40.9417,15163.86,11,2,2757.06,"R$ 12.406,77",18/02/2026,04/03/25,PIX,S,,Em Dia
2881,359,9302979-43.2025.9.68.7487,14105.21,1,1,14105.21,0,05/12/2025,31/05/25,transferência,S,15%,Em Dia
2882,665,5035093-45.2021.1.27.3097,"R$ 37.591,92",5,3,22555.14,"R$ 15.036,76",04/02/2020,2 de agosto de 2024,PIX,N,,ATRASADO
2883,1331,6096719-87.2023.1.41.6180,12585.12,3,0,0.00,12585.12,31/12/2022,14 de setembro de 2025,Boleto,não,15%,atrasado
2884,503,6267378-50.2021.9.19.9923,4403.25,7,2,1258.08,3145.20,16/09/21,27/06/2025,pix,,,Em Dia
2885,860,3821719-15.2025.2.86.2518,24372.59,6,2,8124.20,"16093,2",23/06/23,2026-01-17,TED,sim,,atrasado
2886,1116,1754781-28.2025.6.89.2162,32970.89,5,2,13188.36,20130.07,31/03/2025,22 de junho de 2024,TED,S,0.18,em dia
2887,1390,9214397-26.2023.4.18.6844,53128.31,10,2,10625.66,42088.72,12/08/2023,10 de novembro de 2026,boleto,nao,20,ATRASADO
2888,1107,5996426-23.2022.8.20.3566,6502.12,3,1,2167.37,4334.74,25 de fevereiro de 2025,06/03/2027,transferência,,0.22,ATRASADO
2889,1359,5853247-29.2020.7.62.8870,57117.91,11,0,0.00,"R$ 56.936,56",2020-09-22,03/05/2026,boleto,S,19%,ATRASADO
2890,344,2112478-55.2024.2.51.9095,9751.51,12,11,"8938,93",812.63,13 de novembro de 2025,2025-02-14,boleto,sim,0.25,quitado
2891,956,4460247-99.2024.9.97.4840,35774.37,3,0,0.00,35601.75,22/06/24,2025-02-28,boleto,,20,
2892,518,5074974-98.2023.8.21.9881,49915.31,10,3,14974.59,34940.71,07/03/2021,27/05/26,PIX,N,20%,quitado
2893,1275,4016576-41.2022.7.10.6952,9991.22,7,4,"R$ 5.709,28",4281.96,2021-06-26,03/08/26,pix,,20,ATRASADO
2894,1371,5700249-43.2020.5.57.9341,40639.92,6,4,27093.28,13301.17,05/03/26,2024-03-17,boleto,sim,15%,quitado
2895,88,9822459-92.2024.8.17.6403,53850.56,3,3,53850.57,0.00,2023-01-19,2027-06-25,PIX,S,15%,quitado
2896,724,8286382-50.2025.4.53.4414,47968.31,4,0,0.00,47968.32,29 de maio de 2022,03/03/2025,PIX,nao,,em dia
2897,80,3785792-10.2020.5.78.7940,"56579,46",7,7,56579.46,0.00,6 de abril de 2021,25/02/2024,transferência,Sim,,Em Dia
2898,932,5700249-43.2020.5.57.9341,17588.22,12,12,17588.28,-485.65,01/04/2023,16 de maio de 2024,Boleto,,29%,quitado
2899,908,9774395-92.2023.2.75.3192,44165.98,3,0,0.00,44165.97,13/11/2022,2025-04-08,TED,Sim,,ATRASADO
2900,781,4865461-96.2025.2.64.9143,33172.80,7,7,"R$ 33.172,79",0.00,13 de dezembro de 2025,23 de novembro de 2025,boleto,não,13%,atrasado
2901,111,6528202-89.2025.3.17.9496,57785.25,6,0,0,57785.28,2021-09-22,8 de julho de 2024,Boleto,N,20,ATRASADO
2902,192,1093623-59.2025.7.92.5441,"R$ 69.268,43",2,0,"R$ 0,00","R$ 69.268,42",2020-06-26,06/11/25,transferência,N,,quitado
2903,244,8125196-18.2023.1.53.1215,75421.55,3,2,50281.04,25140.52,28/07/20,13/05/25,TED,S,0.25,ATRASADO
2904,997,2575202-50.2023.1.54.9627,6332.78,12,7,"R$ 3.694,11","R$ 3.102,28",21/10/2024,31 de janeiro de 2026,boleto,,,ATRASADO
2905,1258,5947618-28.2023.6.53.6118,69649.54,4,4,69649.52,0,13/06/2023,04/01/26,pix,S,20%,em dia
2906,999,2519059-58.2022.7.86.4385,9518.50,11,2,"R$ 1.730,64",7787.88,2024-10-02,28/10/2024,Boleto,não,,ATRASADO
2907,304,7999133-20.2023.7.26.1121,"72705,1",1,1,72705.10,0.00,15/05/23,2026-03-01,Boleto,N,20,atrasado
2908,762,5966644-82.2023.4.88.9951,56735.43,12,5,23639.75,33095.65,25/08/23,2026-10-08,pix,S,15%,quitado
2909,137,4681694-71.2021.9.28.7350,"R$ 32.058,31",4,3,"24043,739999999998",8014.58,2026-02-15,16/10/2024,Boleto,não,,Em Dia
2910,1463,2490107-19.2023.9.10.7930,24982.82,7,3,10706.91,"14275,88",21/04/22,19/03/25,Boleto,Sim,0.28,quitado
2911,1496,7486029-45.2024.4.25.3159,"R$ 25.667,19",8,3,9625.20,16042.00,20/09/2024,2024-07-12,pix,N,15%,quitado
2912,1465,9498791-62.2022.6.73.9564,4595.01,5,1,919,3676.00,29/10/21,12/06/2025,pix,nao,0.16,ATRASADO
2913,373,8066975-72.2023.7.26.7675,66527.88,5,4,53222.32,13305.58,2024-04-13,29 de julho de 2024,PIX,N,20,atrasado
2914,1246,5755257-93.2020.8.44.2882,38686.15,2,0,0.00,,2022-12-04,17/01/2026,Boleto,nao,,Em Dia
2915,481,5284129-51.2020.3.32.5205,61902.21,7,5,44215.85,"R$ 17.686,34",2021-06-06,2026-01-09,pix,nao,0.19,quitado
2916,1344,1676369-34.2022.3.47.6087,26511.15,9,9,26511.12,0,1 de março de 2022,26/02/2026,TED,nao,0.27,quitado
2917,46,1757615-27.2025.7.10.3762,18437.44,4,3,13828.08,4609.36,18/05/2025,27 de agosto de 2025,transferência,não,,quitado
2918,366,9108785-98.2021.3.78.6687,47314.49,8,1,5914.31,41400.17,20/02/23,7 de janeiro de 2025,PIX,S,15%,quitado
2919,1157,1311508-84.2020.3.38.8512,"44169,49",1,1,44169.49,0,14/08/22,12/03/27,PIX,não,20,Em Dia
2920,118,6370110-64.2022.3.52.8440,24467.57,5,1,"R$ 4.893,51",19574.04,2020-05-18,16/08/2025,TED,,20,ATRASADO
2921,406,8655267-17.2025.3.63.4188,49135.08,4,0,0.00,49135.08,10 de maio de 2021,21/03/26,transferência,,15%,Em Dia
2922,114,9824532-76.2023.6.37.2040,8392.45,5,4,6713.96,1939.82,2020-11-13,07/12/25,boleto,nao,20,ATRASADO
2923,1335,7789809-22.2020.1.73.9031,61907.20,9,0,0.00,61907.22,17 de janeiro de 2024,21/10/24,pix,não,0.14,atrasado
2924,1368,3679963-72.2020.9.29.7859,46282.16,7,4,"R$ 26.446,96","R$ 19.725,71",27/02/26,2026-01-05,pix,não,,em dia
2925,1349,8323566-47.2021.3.26.4644,10460.68,10,10,10460.70,0.00,15 de janeiro de 2026,2026-11-20,boleto,Sim,11%,quitado
2926,1258,9168044-67.2022.1.26.3054,26393.46,9,7,"R$ 20.528,27",5865.22,2022-11-22,2027-03-31,pix,nao,,Em Dia
2927,936,1742202-63.2023.6.68.9372,"R$ 25.684,87",10,10,25684.90,0.00,17/01/20,2027-04-25,boleto,Sim,26%,em dia
2928,930,5747786-52.2023.7.30.3750,"37736,15",12,5,15723.40,22012.76,10/03/2022,08/05/2026,pix,,,Em Dia
2929,1077,7553290-31.2023.9.36.9282,33100.24,3,2,22066.82,10938.82,14/11/25,10/02/24,pix,não,15%,quitado
2930,928,6105303-92.2021.4.39.3868,23026.25,1,1,"23026,25",0.00,16/01/26,18/02/2027,Boleto,nao,20,ATRASADO
2931,1148,1013314-48.2023.4.39.2083,35458.04,3,1,11819.35,"R$ 23.792,67",19/04/2020,2024-06-22,Boleto,nao,20,quitado
2932,608,7916680-90.2022.1.67.1785,10185.03,8,2,"R$ 2.546,26",7638.78,15/06/23,24/10/2024,boleto,S,0.18,
2933,648,6096719-87.2023.1.41.6180,14212.87,3,1,4737.62,9475.24,2020-01-16,2026-03-24,Boleto,,27%,atrasado
2934,1310,7640585-40.2023.1.57.1721,6411.85,9,6,4274.58,2137.29,30/12/2022,26/03/2026,pix,não,,Em Dia
2935,1092,9489806-94.2021.2.55.9162,6964.53,6,6,6964.50,0.00,9 de fevereiro de 2026,2026-12-19,pix,,,em dia
2936,641,7724543-49.2023.9.44.7412,19711.24,11,6,"R$ 10.751,58",8959.65,07/04/2025,22/03/27,pix,S,0.15,em dia
2937,1,3346094-93.2020.2.94.1759,32138.90,6,4,21425.92,10712.96,30/11/2021,7 de outubro de 2025,Boleto,S,21%,quitado
2938,1283,1742202-63.2023.6.68.9372,8256.03,1,1,8256.03,0.00,2021-08-12,18/01/27,TED,,,atrasado
2939,1337,5068524-45.2025.9.91.6906,28541.53,6,4,19027.68,9513.84,02/03/2024,26 de abril de 2026,transferência,não,15%,atrasado
2940,1245,4065326-72.2025.8.58.5304,24815.91,9,1,"R$ 2.757,32",22058.56,25 de março de 2026,19/01/2024,PIX,,12%,ATRASADO
2941,575,7848147-32.2021.6.58.3528,"R$ 78.097,73",10,10,"R$ 78.097,70",0.00,2 de agosto de 2024,2 de junho de 2027,Boleto,,0.26,quitado
2942,1358,4016576-41.2022.7.10.6952,22168.14,6,0,0.00,22168.14,2023-06-29,03/02/2024,boleto,,,Em Dia
2943,1089,3306375-34.2024.9.48.9154,42944.10,1,0,0.00,42944.10,2021-12-17,04/11/26,boleto,não,20,ATRASADO
2944,1378,5462435-11.2024.9.85.2977,25377.27,12,8,"R$ 16.918,16",,19 de março de 2025,27 de outubro de 2026,transferência,S,19%,atrasado
2945,1206,5472823-70.2022.4.41.7624,77638.10,8,7,67933.32,9704.76,31 de outubro de 2021,22/09/2025,PIX,S,,em dia
2946,261,6105303-92.2021.4.39.3868,24842.67,3,0,0.00,"R$ 24.496,80",22/01/2024,18/09/2025,pix,Sim,0.18,ATRASADO
2947,286,8590346-68.2020.7.63.7780,73271.92,8,1,"R$ 9.158,99","R$ 64.112,93",2026-04-27,2026-04-21,pix,Sim,22%,ATRASADO
2948,1049,5112941-62.2021.1.89.5887,"66078,72",8,0,0.00,"66078,72",7 de março de 2025,2024-09-27,Boleto,não,0.16,atrasado
2949,586,9666878-83.2023.6.29.9905,9972.50,4,1,"R$ 2.493,12",7479.36,08/09/2022,25 de setembro de 2024,pix,Sim,15%,
2950,986,9214397-26.2023.4.18.6844,63089.42,10,0,0.00,63089.40,13/10/2023,18/12/2024,pix,nao,12%,quitado
2951,1411,5472823-70.2022.4.41.7624,67821.15,4,2,"R$ 33.910,58",,2023-09-25,25/07/2026,boleto,,,atrasado
2952,620,1438459-62.2020.7.78.3410,28742.56,4,1,7185.64,21556.92,2023-04-08,06/12/2025,PIX,não,21%,atrasado
2953,619,2019436-32.2020.6.16.9856,12563.38,3,1,4187.79,8375.58,11/05/2025,15 de maio de 2026,boleto,S,20,atrasado
2954,1024,8415891-60.2021.6.92.5554,73467.32,5,0,"R$ 0,00",73467.30,24/10/2022,28 de outubro de 2025,TED,S,15%,
2955,242,4092125-65.2025.3.26.9073,11683.60,9,5,"6490,900000000001",5192.72,24/01/24,19 de janeiro de 2026,pix,S,,em dia
2956,1131,7245951-43.2021.4.11.7623,73579.12,8,0,0.00,73579.12,27/09/2023,22/12/24,TED,nao,15%,
2957,877,3401866-56.2021.1.87.5297,8868.52,7,2,"R$ 2.533,86",6334.65,8 de setembro de 2024,2025-02-26,transferência,Sim,0.29,
2958,1426,2186433-37.2022.2.12.4344,9458.93,10,2,"1891,78",7567.12,10/05/2020,21/12/2026,PIX,Sim,,atrasado
2959,188,7082985-88.2022.2.94.6058,41675.18,11,9,34097.85,"7577,3",1 de novembro de 2023,09/05/25,boleto,Sim,22%,
2960,1219,6547287-16.2023.4.15.7491,"R$ 10.289,28",1,1,10289.28,0.00,2023-02-24,01/01/26,pix,S,,em dia
2961,348,2016341-89.2023.7.48.2724,68106.90,7,4,"R$ 38.918,24",,05/04/2022,22 de fevereiro de 2026,pix,sim,20,
2962,1157,1633270-27.2024.2.52.7034,20544.45,6,0,0.00,20544.48,2025-03-24,02/03/2024,pix,S,16%,
2963,833,7544569-30.2022.4.91.9370,3470.60,9,2,771.24,,2024-01-25,02/01/24,boleto,S,,
2964,1094,5953905-94.2022.5.44.3245,38502.85,5,0,0.00,38502.85,29 de agosto de 2025,26/04/27,pix,N,0.11,
2965,575,7539718-58.2020.2.52.9800,16857.17,9,6,"R$ 11.238,12",5619.06,18/07/21,02/09/2025,pix,N,19%,quitado
2966,568,9666878-83.2023.6.29.9905,25830.19,7,6,22140.18,3690.03,24/08/20,17/02/27,Boleto,N,15%,quitado
2967,1460,6160516-66.2024.5.17.7150,68458.29,2,0,0.00,"R$ 68.458,28",2020-11-17,21 de janeiro de 2024,PIX,nao,,Em Dia
2968,61,6075721-43.2020.9.85.8738,76900.19,2,2,76900.20,0,2024-10-04,19 de novembro de 2025,pix,N,25%,ATRASADO
2969,122,7916680-90.2022.1.67.1785,68021.37,12,5,"R$ 28.342,25",39679.15,05/03/2026,18/10/24,transferência,,0.23,atrasado
2970,46,1273300-90.2024.2.80.7378,3395.89,12,4,1131.96,2263.92,2023-03-23,7 de dezembro de 2024,transferência,nao,,Em Dia
2971,296,8905709-90.2020.9.55.2471,29933.96,4,4,29933.96,0.00,14/09/2021,10 de maio de 2026,boleto,nao,,quitado
2972,1103,3263740-44.2022.3.81.5402,7966.44,4,3,5974.83,1991.61,16/02/24,11/12/25,PIX,S,24%,
2973,510,5867457-18.2023.9.16.7298,"R$ 39.441,05",6,6,"R$ 39.441,06",0.00,2021-03-12,28 de janeiro de 2027,PIX,Sim,22%,ATRASADO
2974,589,5492622-29.2021.9.92.7737,71213.69,8,2,17803.42,"R$ 53.410,26",09/08/2023,2024-04-12,pix,S,17%,Em Dia
2975,696,7438163-48.2021.3.47.1186,76860.12,4,1,"R$ 19.215,03",57442.63,30/05/2020,31/10/25,transferência,S,12%,
2976,198,5826200-20.2025.1.91.8748,4028.99,10,8,3223.20,805.80,2024-12-25,2026-04-12,Boleto,,0.29,em dia
2977,1121,4140100-24.2024.4.63.7178,"R$ 14.429,33",11,7,"9182,32",5247.04,18/04/21,2025-06-03,TED,nao,0.26,atrasado
2978,407,6075721-43.2020.9.85.8738,"52969,43",3,2,35312.96,,16/01/2021,09/08/2024,Boleto,S,25%,em dia
2979,1393,1714231-74.2025.9.71.1697,33335.96,8,3,12500.97,"R$ 20.834,95",08/01/26,22/04/25,pix,Sim,,quitado
2980,202,7110796-41.2020.3.80.5362,"R$ 8.195,98",6,4,"R$ 5.464,00",2732.00,16/04/20,2026-03-24,TED,Sim,20,ATRASADO
2981,1003,7749444-78.2021.1.20.8763,76762.94,1,1,76762.94,"R$ 0,00",24/01/2020,2027-01-28,boleto,Sim,20%,quitado
2982,1289,7687292-20.2021.4.85.7539,"R$ 32.352,55",11,4,11764.56,20587.98,11/03/2025,15/03/26,PIX,sim,15%,Em Dia
2983,1013,7640585-40.2023.1.57.1721,33278.39,8,8,33278.40,"R$ 0,00",27/03/2021,4 de dezembro de 2025,TED,S,15%,ATRASADO
2984,729,1628717-84.2025.8.67.8313,19802.07,11,4,7200.76,"12601,33",2025-06-10,27/08/2025,PIX,nao,15%,atrasado
2985,761,4131852-60.2020.1.89.9739,3247.43,8,1,405.93,2841.51,01/05/2023,7 de novembro de 2024,PIX,sim,15%,
2986,1001,7082985-88.2022.2.94.6058,17892.48,11,4,6506.36,"11386,13",02/09/21,22 de março de 2026,TED,sim,20,Em Dia
2987,827,8588997-88.2020.6.29.5987,49672.17,4,2,24836.08,"R$ 24.836,08",14 de janeiro de 2025,19/11/2026,Boleto,N,20,em dia
2988,839,4433355-55.2023.8.48.9346,59841.55,12,10,49868.00,9973.60,23/12/2025,18/11/26,PIX,N,,Em Dia
2989,1432,2236315-26.2022.5.82.8939,18749.57,1,0,"R$ 0,00",18749.57,23 de junho de 2022,20 de maio de 2024,PIX,nao,20,ATRASADO
2990,494,8816646-78.2020.7.70.9224,"23058,86",1,1,23058.86,0,2021-07-10,12/12/25,transferência,,27%,em dia
2991,930,5266269-78.2021.7.59.1392,16874.43,12,12,16874.40,83.05,06/01/24,05/06/24,TED,S,20,em dia
2992,684,5116418-16.2025.3.98.2234,64473.32,10,3,19341.99,45131.31,2024-05-23,16/03/2025,pix,sim,20,em dia
2993,531,1237577-83.2022.8.91.4649,75359.01,11,8,"54806,56",20552.46,09/04/2023,2024-03-19,boleto,Sim,20,em dia
2994,348,6418382-43.2020.8.63.9133,64441.93,3,3,64441.92,0.00,2024-07-12,01/04/2026,Boleto,S,15%,quitado
2995,1272,8306601-19.2020.3.50.7457,69886.50,2,0,0.00,69886.50,27/01/2022,30/03/25,boleto,sim,,
2996,688,3346094-93.2020.2.94.1759,61165.77,5,2,24466.30,36699.45,22/02/2024,22/03/25,transferência,S,20,
2997,793,4131852-60.2020.1.89.9739,65115.28,11,1,5919.57,59195.70,08/09/20,14/05/2024,transferência,S,0.30,atrasado
2998,503,9057219-99.2020.9.96.3254,45514.96,9,9,"R$ 45.514,98","R$ 0,00",07/12/2022,05/06/24,transferência,,,em dia
2999,325,1438459-62.2020.7.78.3410,45588.95,8,5,28493.10,"R$ 16.921,35",2020-07-27,24/08/26,pix,,15%,atrasado
3000,1318,9408522-77.2021.3.36.8376,30960.16,4,0,0,30960.16,2020-03-02,29/06/2025,boleto,não,0.20,ATRASADO
3001,996,8655267-17.2025.3.63.4188,45631.66,7,7,45631.67,0.00,25/12/23,2026-04-01,Boleto,Sim,,em dia
3002,1302,5058333-37.2021.3.98.8848,"R$ 31.913,50",11,2,5802.46,26111.07,7 de junho de 2025,03/01/2024,boleto,nao,,
3003,575,6528202-89.2025.3.17.9496,15160.84,12,12,15160.80,0,21/10/20,05/05/24,pix,S,,quitado
3004,947,1438459-62.2020.7.78.3410,59493.69,9,0,0.00,"59493,69",30 de novembro de 2022,2024-12-23,PIX,nao,0.23,em dia
3005,794,5518767-82.2023.4.96.9873,76915.55,8,2,19228.88,57913.40,2022-10-22,2024-12-08,Boleto,,15%,em dia
3006,816,9798556-59.2021.3.62.3110,74236.02,9,2,16496.90,57739.15,28/09/2020,18/12/2026,boleto,N,,quitado
3007,1181,1757615-27.2025.7.10.3762,71394.99,6,5,"R$ 59.495,85",11899.17,07/05/22,05/05/2024,pix,N,0.22,quitado
3008,472,8066975-72.2023.7.26.7675,51879.50,3,3,51879.51,0.00,26/07/25,21/05/2024,pix,não,20%,quitado
3009,227,7892487-80.2022.9.64.5036,23209.32,11,6,"R$ 12.659,64",10246.51,31/05/2020,27 de janeiro de 2024,boleto,S,15%,
3010,267,1013314-48.2023.4.39.2083,13056.22,9,8,11605.52,"R$ 1.450,69",11 de janeiro de 2025,24/03/2027,pix,nao,0.12,quitado
3011,844,8717678-27.2025.5.11.4526,65938.04,7,7,65938.04,438.72,23/05/2021,01/12/26,pix,não,23%,em dia
3012,1255,7749444-78.2021.1.20.8763,75361.88,12,12,75361.92,0.00,20/12/20,18/08/24,pix,Sim,,em dia
3013,1036,8986773-71.2022.6.45.5854,73358.84,12,12,73358.88,"R$ 0,00",22 de março de 2020,2026-06-18,TED,Sim,20,atrasado
3014,340,7941836-76.2025.4.34.6543,20555.66,6,0,"R$ 0,00",20555.64,05/08/25,20 de agosto de 2025,TED,não,0.15,quitado
3015,1301,8588997-88.2020.6.29.5987,21463.49,11,10,19512.30,"1951,23",2023-09-01,2025-05-14,TED,S,0.14,quitado
3016,1341,1183693-37.2024.1.85.2937,60421.49,11,5,"27464,3",32957.16,05/10/24,29/09/25,pix,Sim,24%,
3017,1380,3263740-44.2022.3.81.5402,30908.99,8,2,"7727,24",,17/08/2020,2 de dezembro de 2025,PIX,sim,,em dia
3018,1232,3785792-10.2020.5.78.7940,31017.63,2,2,"R$ 31.017,64",,25/08/2023,2026-12-07,PIX,,,em dia
3019,1199,9214397-26.2023.4.18.6844,77019.46,9,3,25673.16,51346.32,02/10/22,2026-08-09,pix,N,15%,em dia
3020,688,4417916-40.2022.7.26.4278,"R$ 44.114,07",5,4,35291.24,,05/10/2025,2025-06-20,transferência,sim,0.27,
3021,1313,2016341-89.2023.7.48.2724,24684.57,10,6,14810.76,"R$ 9.873,84",08/08/2025,2026-11-06,transferência,N,20,ATRASADO
3022,327,7626521-25.2020.9.17.3305,24195.37,12,12,24195.36,0.00,16/03/2020,08/02/24,PIX,não,,
3023,566,4061044-97.2023.7.99.3676,45791.97,2,1,22895.99,22895.99,2020-11-07,20 de junho de 2026,boleto,Sim,0.26,Em Dia
3024,757,1183693-37.2024.1.85.2937,52439.56,9,3,"17479,86",34959.72,12/04/21,23/05/27,pix,não,20,atrasado
3025,1306,3588109-63.2023.1.26.4223,48805.86,3,3,"48805,86",0.00,20/07/21,31/08/2026,boleto,S,20,Em Dia
3026,822,7813974-60.2021.1.81.1542,7414.74,5,4,5931.80,"1482,95",3 de dezembro de 2021,28 de janeiro de 2025,PIX,S,,atrasado
3027,1441,4460247-99.2024.9.97.4840,75449.25,9,9,"R$ 75.449,25",0.00,2023-01-05,29 de fevereiro de 2024,pix,S,,Em Dia
3028,1370,6034606-21.2023.6.18.6684,79972.40,5,4,63977.92,"R$ 15.994,48",20/12/2023,2026-10-25,Boleto,sim,20,ATRASADO
3029,1388,6414076-16.2021.7.78.8273,10511.34,6,0,0.00,10511.34,2021-04-09,2026-01-11,pix,nao,26%,ATRASADO
3030,1464,5638123-23.2024.7.30.5009,39608.28,4,0,0.00,39608.28,9 de setembro de 2023,29/10/2025,pix,,15%,
3031,252,5545511-73.2023.1.66.9757,51768.76,8,2,"12942,2",38826.60,11/01/2021,2025-01-18,transferência,S,15%,
3032,225,1445483-93.2023.1.61.7357,36541.07,1,0,0.00,36541.07,2024-09-06,2027-05-21,Boleto,sim,0.20,quitado
3033,185,6779292-61.2021.4.86.2783,44832.52,2,2,44832.52,0.00,2020-07-19,07/05/2025,transferência,S,18%,em dia
3034,552,7224257-29.2020.8.88.9110,"R$ 57.361,30",5,2,22944.52,34416.78,27 de fevereiro de 2021,19/09/2024,Boleto,nao,15%,quitado
3035,294,5788467-41.2023.8.93.8134,37470.78,8,8,37470.80,-250.54,3 de outubro de 2022,25/09/25,TED,S,,atrasado
3036,659,7916680-90.2022.1.67.1785,53798.29,9,7,41843.13,11955.18,16/09/25,23/05/26,TED,S,25%,
3037,1069,7419280-60.2021.1.40.9417,61234.80,10,9,"55111,31999999999",6123.48,25 de maio de 2020,21/06/27,boleto,sim,20,quitado
3038,21,2341370-92.2024.9.60.8122,14437.47,3,2,9624.98,4812.49,18 de outubro de 2023,9 de agosto de 2025,transferência,sim,0.18,
3039,605,6953559-38.2025.7.42.9212,26287.56,10,7,18401.32,7886.28,26 de julho de 2020,2024-12-02,pix,N,15%,quitado
3040,184,3724721-44.2021.9.75.5553,50183.90,1,1,50183.90,0.00,7 de abril de 2025,25/03/25,pix,S,18%,quitado
3041,1117,7245951-43.2021.4.11.7623,60012.71,9,2,"13336,16",46676.56,25 de março de 2023,2025-04-13,transferência,sim,15%,quitado
3042,80,7539718-58.2020.2.52.9800,67538.87,4,4,"R$ 67.538,88","R$ 0,00",2020-05-14,23/06/25,pix,S,24%,quitado
3043,602,8382607-83.2020.6.26.3936,"R$ 79.358,69",6,1,"R$ 13.226,45",66032.64,2023-07-11,12/03/24,PIX,Sim,20,atrasado
3044,354,3168718-77.2025.2.92.8027,"R$ 27.428,99",12,12,27429.00,0.00,07/03/22,29/05/2026,pix,Sim,,quitado
3045,1270,3306375-34.2024.9.48.9154,"R$ 4.255,55",6,3,2127.78,2127.78,6 de abril de 2021,22 de março de 2026,transferência,sim,23%,ATRASADO
3046,612,6982910-41.2023.8.91.8758,61619.24,7,2,17605.50,44013.75,04/02/2022,28/06/2027,Boleto,S,29%,ATRASADO
3047,1209,4016576-41.2022.7.10.6952,"R$ 25.041,30",10,7,17528.91,7512.39,12 de abril de 2024,21/10/2024,PIX,,0.11,Em Dia
3048,196,8368372-34.2020.6.43.9691,28299.41,2,0,"R$ 0,00","28299,4",11/07/22,17 de setembro de 2026,pix,não,0.13,quitado
3049,646,2461262-96.2021.6.48.1315,"R$ 55.932,74",3,2,"R$ 37.288,50","18644,25",04/11/25,30/03/2025,transferência,Sim,15%,Em Dia
3050,224,1896520-28.2021.5.90.5374,"R$ 29.386,54",3,2,"R$ 19.591,02","9795,51",2026-04-19,2026-10-13,pix,S,15%,atrasado
3051,242,2341370-92.2024.9.60.8122,"34701,08",10,2,6940.22,27760.88,15/11/20,6 de agosto de 2025,Boleto,nao,12%,em dia
3052,494,3924425-56.2021.9.58.2912,4527.95,8,1,565.99,3961.93,20/10/25,2025-07-26,boleto,S,0.21,
3053,622,9822459-92.2024.8.17.6403,24458.33,7,6,20964.30,3494.05,14/04/2021,09/03/25,transferência,Sim,22%,Em Dia
3054,792,6982910-41.2023.8.91.8758,79464.50,2,2,79464.50,0.00,6 de janeiro de 2021,03/02/2027,transferência,não,15%,quitado
3055,151,5703772-88.2020.8.34.6114,"R$ 43.685,31",6,3,"21842,64",21842.64,10/01/2024,2024-04-10,PIX,nao,20,quitado
3056,746,7224257-29.2020.8.88.9110,72665.05,11,9,59453.19,"R$ 13.211,82",04/07/24,03/06/2027,TED,,0.24,Em Dia
3057,627,2328070-99.2024.8.57.5561,67840.27,10,2,13568.06,54639.24,23 de julho de 2025,15/02/2026,TED,S,15%,quitado
3058,1057,7687292-20.2021.4.85.7539,44930.77,6,2,14976.92,29953.84,23 de julho de 2022,28/09/25,PIX,Sim,15%,quitado
3059,693,1615190-23.2022.2.42.6238,"43745,49",6,6,43745.46,"R$ 0,00",01/07/25,10/01/2024,transferência,S,17%,em dia
3060,106,1411065-96.2022.9.64.8271,14570.73,10,5,7285.35,"R$ 7.285,35",2025-08-22,18/04/2027,pix,nao,0.22,atrasado
3061,1002,6339808-70.2020.2.67.1325,9880.77,1,1,9880.77,0.00,30/03/24,4 de fevereiro de 2027,PIX,não,14%,Em Dia
3062,700,6416661-36.2021.8.21.8496,42848.85,7,3,18363.78,"R$ 24.022,24",05/08/2025,24 de abril de 2026,transferência,nao,15%,atrasado
3063,324,3346094-93.2020.2.94.1759,11889.60,7,1,1698.51,10191.06,23 de julho de 2021,2026-05-25,PIX,nao,20,ATRASADO
3064,482,7633905-83.2022.9.95.2309,21575.39,4,1,5393.85,16181.55,07/04/26,30/01/2027,transferência,não,12%,
3065,911,5953905-94.2022.5.44.3245,22935.17,11,2,4170.04,18765.18,01/11/2023,01/02/2025,PIX,nao,15%,ATRASADO
3066,1407,2490107-19.2023.9.10.7930,22019.61,8,5,13762.25,8458.84,26/02/22,2024-10-07,PIX,,0.16,atrasado
3067,541,3922248-27.2025.1.42.4047,"R$ 59.547,75",7,0,"R$ 0,00",59547.74,12/03/2026,2025-12-16,pix,nao,26%,quitado
3068,1047,1095980-10.2020.7.77.8313,25647.85,8,1,3205.98,22441.86,23/05/22,21/01/27,boleto,Sim,20,
3069,360,2316290-44.2022.7.34.5190,61780.64,10,5,30890.30,"30890,3",25/09/20,12/02/2026,transferência,Sim,0.10,ATRASADO
3070,282,7438163-48.2021.3.47.1186,4700.81,11,2,"854,7","3846,15",2020-06-15,26/08/25,Boleto,N,18%,quitado
3071,1070,5661974-14.2020.6.39.3137,"R$ 54.177,37",7,1,7739.62,46437.72,30 de agosto de 2022,28/03/2025,transferência,nao,0.28,Em Dia
3072,879,6053412-12.2021.6.72.8346,"R$ 15.514,73",2,1,7757.36,"R$ 7.757,36",2025-04-06,2026-04-20,transferência,Sim,17%,quitado
3073,1208,6927716-18.2022.9.56.1445,62932.55,7,7,62932.52,-498.57,28/07/2025,01/02/2027,transferência,,12%,quitado
3074,1074,1757615-27.2025.7.10.3762,18163.62,5,1,"R$ 3.632,72",14530.88,21/12/2020,27 de outubro de 2024,boleto,nao,12%,atrasado
3075,85,6414076-16.2021.7.78.8273,58376.53,9,8,51890.24,"R$ 6.486,28",2024-03-14,2026-04-07,TED,não,,Em Dia
3076,162,1778149-24.2023.1.86.3557,"R$ 23.318,07",4,0,0.00,"R$ 23.318,08",2023-01-23,2025-02-10,Boleto,N,15%,ATRASADO
3077,315,7820540-78.2023.1.75.4823,65026.24,3,0,0.00,65026.23,18/10/2022,10/11/2024,boleto,S,,atrasado
3078,1097,4229107-99.2020.7.61.3978,67991.10,9,0,0.00,67991.13,13/11/22,03/07/2024,Boleto,nao,15%,ATRASADO
3079,989,7082985-88.2022.2.94.6058,21696.77,8,7,18984.70,2712.10,2021-08-20,27/08/2025,Boleto,Sim,,atrasado
3080,246,7724543-49.2023.9.44.7412,22900.40,4,2,11450.20,11450.20,25/06/2020,31/01/26,pix,sim,15%,Em Dia
3081,1168,4865461-96.2025.2.64.9143,"25488,7",12,6,12744.36,12744.36,30 de setembro de 2020,26 de março de 2027,TED,Sim,20,quitado
3082,1140,6368709-92.2024.7.99.9426,26139.05,5,4,20911.24,5227.81,19/05/2021,26/01/26,PIX,,20,ATRASADO
3083,109,8677980-28.2024.9.94.6552,78408.05,12,4,26136.00,52272.00,23 de novembro de 2024,6 de abril de 2025,pix,N,15%,Em Dia
3084,784,4229107-99.2020.7.61.3978,36663.76,6,5,"R$ 30.553,15",6436.82,28 de setembro de 2023,2027-02-10,PIX,não,,Em Dia
3085,280,3778380-86.2023.9.32.5849,43854.24,11,6,23920.50,19933.75,17 de junho de 2023,04/09/24,transferência,N,26%,quitado
3086,1413,9214397-26.2023.4.18.6844,13136.30,3,3,13136.31,0.00,21 de maio de 2020,2026-03-12,pix,Sim,15%,quitado
3087,1098,5991409-16.2021.8.44.1303,"R$ 75.007,41",10,4,30002.96,"R$ 44.633,55",2024-12-30,16/09/2024,PIX,S,16%,atrasado
3088,1477,7848147-32.2021.6.58.3528,67037.68,8,3,25139.13,"41898,55",16/03/2026,17/02/27,Boleto,,20,quitado
3089,1243,7486029-45.2024.4.25.3159,"R$ 40.794,93",9,4,18131.08,22663.85,12/03/2022,11/05/27,boleto,sim,,quitado
3090,1194,1633270-27.2024.2.52.7034,9706.40,8,6,7279.80,2426.60,31 de maio de 2025,27 de abril de 2025,pix,S,15%,quitado
3091,491,4090182-95.2021.1.57.7189,"R$ 31.404,90",5,4,25123.92,6280.98,2022-12-18,2025-08-30,TED,N,0.12,atrasado
3092,999,5058333-37.2021.3.98.8848,"R$ 34.501,64",4,1,8625.41,,29/07/2021,30/07/2026,TED,N,15%,atrasado
3093,648,2231929-89.2024.6.41.5461,4582.35,3,0,0.00,4582.35,26/10/2023,25 de outubro de 2026,pix,Sim,0.15,quitado
3094,1374,5274951-77.2021.1.76.5120,69920.76,10,4,27968.32,41952.48,02/09/2021,2025-09-29,TED,,,Em Dia
3095,83,2554938-48.2024.1.13.4544,13619.57,6,4,9079.72,4539.86,2020-10-11,24/06/2024,pix,S,20,quitado
3096,668,3576390-15.2021.2.82.8209,59303.63,2,0,0.00,"R$ 59.303,62",2020-10-24,11 de agosto de 2025,PIX,sim,0.20,em dia
3097,654,1248003-72.2024.2.80.8472,"64735,09",3,1,21578.36,43156.72,12 de outubro de 2025,14/05/2027,PIX,sim,0.30,quitado
3098,850,1778149-24.2023.1.86.3557,33691.82,12,3,"8422,95",,28/01/2021,16 de junho de 2027,TED,N,0.25,quitado
3099,549,4092125-65.2025.3.26.9073,25447.50,11,7,16193.87,9253.64,2020-05-26,2025-08-23,PIX,,20,em dia
3100,1090,1099617-37.2023.9.61.1793,79155.64,3,3,79155.63,-461.01,2022-08-30,07/03/2024,boleto,Sim,24%,atrasado
3101,691,3924425-56.2021.9.58.2912,42620.25,4,3,31965.18,"R$ 10.655,06",9 de setembro de 2022,2 de março de 2027,pix,não,20%,ATRASADO
3102,14,1757615-27.2025.7.10.3762,63969.29,7,5,45692.35,18276.94,2024-11-03,2026-01-04,transferência,S,20%,ATRASADO
3103,1056,5788467-41.2023.8.93.8134,4313.90,3,2,"2875,94","R$ 1.437,97",15 de março de 2024,2024-12-01,pix,S,0.16,quitado
3104,942,8572382-61.2025.1.41.7172,63611.28,8,4,31805.64,31805.64,10/02/2022,15 de dezembro de 2025,pix,nao,20,Em Dia
3105,896,5159882-37.2022.9.71.7550,76946.66,3,2,51297.78,25648.89,26/05/2020,11/08/2026,PIX,S,15%,atrasado
3106,603,8816646-78.2020.7.70.9224,11120.60,12,12,"R$ 11.120,64","R$ 0,00",22/03/2022,17/09/2025,boleto,não,,
3107,933,5991409-16.2021.8.44.1303,72468.90,9,9,"R$ 72.468,90","R$ 0,00",16 de novembro de 2023,2026-03-13,TED,N,0.29,ATRASADO
3108,244,1183693-37.2024.1.85.2937,52218.90,5,0,"R$ 0,00","R$ 52.218,90",2020-07-06,16/01/2026,TED,,15%,Em Dia
3109,1460,4824419-32.2024.5.47.3265,21441.41,3,2,14294.28,7147.14,11 de abril de 2024,17/08/2025,pix,sim,,Em Dia
3110,422,1445483-93.2023.1.61.7357,13883.08,2,2,"R$ 13.883,08",0.00,25/04/2020,2026-11-21,PIX,S,20,ATRASADO
3111,1261,1633270-27.2024.2.52.7034,43475.13,6,2,14491.70,"R$ 28.983,40",13/09/23,8 de julho de 2024,TED,sim,,quitado
3112,734,6416661-36.2021.8.21.8496,24010.59,12,1,2000.88,22009.68,10/02/26,11 de março de 2025,transferência,,30%,atrasado
3113,688,1353022-94.2023.9.79.1203,8595.06,4,3,6446.28,2148.76,11 de agosto de 2021,31/07/2026,boleto,Sim,15%,atrasado
3114,398,4893809-11.2021.7.19.9759,"R$ 64.914,84",4,0,0.00,64914.84,2025-01-31,04/06/25,Boleto,Sim,0.11,quitado
3115,1011,2545435-52.2025.3.59.7623,59783.15,2,0,0,59783.16,10/04/2026,2026-08-26,transferência,S,17%,ATRASADO
3116,33,7813974-60.2021.1.81.1542,9869.04,12,11,"9046,619999999999",822.42,02/10/22,2026-03-12,transferência,N,0.21,ATRASADO
3117,1094,6105303-92.2021.4.39.3868,78690.90,4,0,0.00,78690.88,29 de março de 2025,08/05/25,pix,nao,0.15,atrasado
3118,150,2966787-79.2022.1.41.9944,47823.24,1,0,0.00,"R$ 47.823,24",2022-12-17,15 de julho de 2024,transferência,N,20,em dia
3119,470,1093623-59.2025.7.92.5441,64338.45,12,3,16084.62,48253.86,2025-11-19,13 de fevereiro de 2024,boleto,sim,0.12,Em Dia
3120,163,5438623-45.2022.4.51.7250,30634.44,8,6,22975.80,7658.60,5 de novembro de 2025,2024-06-06,PIX,,,
3121,611,5660649-86.2020.5.86.9291,62746.40,6,2,20915.46,41830.92,31 de março de 2024,28/05/2026,Boleto,N,15%,quitado
3122,827,7438163-48.2021.3.47.1186,26328.93,6,4,17552.60,8776.30,18 de julho de 2020,3 de maio de 2024,TED,Sim,0.30,em dia
3123,1495,9168044-67.2022.1.26.3054,24280.37,10,6,14568.24,9712.16,22/09/2025,14 de abril de 2026,transferência,Sim,,Em Dia
3124,660,8717678-27.2025.5.11.4526,23529.25,12,3,"R$ 5.882,31",17646.93,2024-09-16,2026-01-14,transferência,não,,ATRASADO
3125,383,7813974-60.2021.1.81.1542,23989.04,7,3,"R$ 10.281,03",13708.04,09/03/2025,08/09/25,transferência,sim,17%,em dia
3126,1148,4494463-44.2022.5.80.7542,16080.08,4,2,"R$ 8.040,04",8421.69,25 de março de 2020,10 de abril de 2025,pix,nao,20,Em Dia
3127,166,7236875-79.2024.7.97.5566,8684.16,9,9,8684.19,0.00,2021-11-08,2027-06-03,TED,S,,em dia
3128,1071,6053412-12.2021.6.72.8346,46486.68,10,9,"41838,03",4648.67,2025-05-29,25/09/25,TED,,0.22,quitado
3129,1121,5144296-22.2022.4.87.9648,40730.29,2,2,40730.30,0.00,06/05/25,09/12/24,boleto,,,Em Dia
3130,15,5755257-93.2020.8.44.2882,"R$ 10.038,65",3,0,0.00,10038.66,06/03/2022,2024-07-25,pix,Sim,20,
3131,1059,7840442-26.2025.9.53.5093,49194.35,4,1,12298.59,36895.77,27/06/21,8 de fevereiro de 2024,TED,nao,,ATRASADO
3132,1310,2660213-63.2022.6.50.8366,"R$ 13.656,39",7,7,13656.37,0.00,28/11/21,2026-11-06,Boleto,não,15%,atrasado
3133,419,3418432-84.2025.3.59.5858,"R$ 59.254,69",11,6,32320.74,26933.95,22/06/2022,4 de outubro de 2024,Boleto,Sim,20,atrasado
3134,126,3418432-84.2025.3.59.5858,"R$ 6.280,90",12,10,5234.10,"1046,82",2024-10-27,14/09/2024,TED,nao,,Em Dia
3135,207,8816646-78.2020.7.70.9224,20999.67,12,12,20999.64,0.00,27 de novembro de 2022,2024-03-28,Boleto,S,15%,em dia
3136,819,1353022-94.2023.9.79.1203,14308.97,8,5,8943.10,5365.86,17 de dezembro de 2025,20/12/26,PIX,,,quitado
3137,343,2100417-68.2021.7.29.9662,21035.00,3,1,7011.67,14431.92,19/12/24,01/01/2025,transferência,N,20,em dia
3138,370,3785792-10.2020.5.78.7940,76037.80,5,2,30415.12,"R$ 45.622,68",2022-04-18,28/04/26,pix,não,0.16,em dia
3139,896,5159882-37.2022.9.71.7550,63664.04,11,9,52088.76,11575.28,18/08/20,2025-09-16,Boleto,S,20,quitado
3140,1257,4452862-76.2021.3.27.3238,"R$ 67.423,21",9,2,14982.94,52440.29,2023-12-28,25 de novembro de 2024,transferência,não,16%,quitado
3141,920,7136189-41.2024.2.60.1768,57623.04,11,2,10476.92,47146.14,14/08/2025,24/02/2026,Boleto,nao,20,atrasado
3142,364,2316290-44.2022.7.34.5190,3297.94,1,0,0.00,"3297,94",10/01/2025,2025-11-26,boleto,N,0.25,quitado
3143,721,3710559-31.2020.9.95.2540,24322.04,9,2,"R$ 5.404,90",18917.15,2026-04-18,3 de setembro de 2024,TED,Sim,0.25,quitado
3144,404,8678370-92.2025.7.35.9962,15438.13,10,5,7719.05,7719.05,30/06/2021,10/05/27,PIX,sim,20,em dia
3145,250,2267110-24.2021.5.78.6025,"18401,97",1,0,0,18401.97,13/05/25,2027-01-26,pix,,15%,atrasado
3146,603,4507711-38.2024.2.34.4732,62103.80,8,2,15525.96,46577.88,10/06/20,16 de novembro de 2026,boleto,,15%,quitado
3147,284,4180949-86.2020.3.26.7593,30265.41,2,2,30265.40,0.00,11/03/2026,08/01/24,transferência,sim,30%,
3148,185,5432782-56.2021.2.97.6240,61174.36,12,1,5097.86,56076.46,17 de abril de 2023,29/10/2024,Boleto,N,23%,quitado
3149,1176,7486029-45.2024.4.25.3159,55733.22,7,0,"R$ 0,00",55733.23,18/07/24,21/08/24,Boleto,,,quitado
3150,250,7223110-52.2024.2.44.8994,36183.52,7,3,15507.21,20183.13,2022-12-25,6 de junho de 2027,PIX,nao,15%,quitado
3151,778,3418432-84.2025.3.59.5858,35504.18,9,1,3944.91,31559.28,01/12/2020,31/07/25,pix,S,20,em dia
3152,1181,6011987-71.2020.8.10.4396,14346.59,4,1,3586.65,10759.95,13 de abril de 2023,13/07/2025,transferência,sim,,em dia
3153,1485,8209168-30.2020.1.41.7632,"R$ 57.252,76",2,1,28626.38,28626.38,05/04/2020,08/07/26,Boleto,N,17%,atrasado
3154,1177,3418432-84.2025.3.59.5858,28309.28,1,0,"R$ 0,00","28309,28",29/03/2026,10 de novembro de 2024,pix,N,0.22,quitado
3155,744,3778380-86.2023.9.32.5849,64503.12,5,3,38701.86,"25599,83",27 de abril de 2020,11 de novembro de 2025,TED,não,15%,
3156,799,6267378-50.2021.9.19.9923,17586.12,10,6,"R$ 10.551,66",7444.56,2023-11-05,31/07/2024,boleto,nao,0.23,quitado
3157,1331,9168044-67.2022.1.26.3054,24440.01,3,2,16293.34,8146.67,06/09/25,25 de agosto de 2026,pix,nao,,
3158,1180,6935346-77.2024.3.52.9529,43316.09,7,2,"12376,02",30940.05,9 de fevereiro de 2024,17/06/2024,PIX,sim,0.15,
3159,179,5625093-80.2022.9.16.6618,"R$ 76.009,26",9,2,16890.94,59118.29,24 de julho de 2023,28/05/27,boleto,,,ATRASADO
3160,1456,2294596-63.2020.6.38.9193,"26417,29",12,8,17611.52,8805.76,16 de junho de 2023,02/06/25,pix,não,0.27,em dia
3161,850,1024421-54.2022.9.20.2563,66260.91,5,3,39756.54,26504.36,2023-11-06,2026-04-11,boleto,Sim,0.14,Em Dia
3162,265,9057960-29.2025.5.10.6072,78848.55,7,3,"R$ 33.792,24",45056.32,2021-12-26,30/04/2026,pix,S,0.11,quitado
3163,58,4131852-60.2020.1.89.9739,3643.82,3,2,2429.22,1214.61,12/07/24,29/05/2026,TED,N,20,
3164,279,4952151-27.2023.3.38.8762,40464.38,11,2,7357.16,33107.22,12/06/24,28/02/24,pix,S,0.24,quitado
3165,535,7243958-65.2020.5.25.5047,10678.59,1,0,0.00,"R$ 10.678,59",2020-11-24,15 de agosto de 2026,transferência,S,13%,ATRASADO
3166,548,9086174-80.2025.1.81.3292,49430.65,4,0,"R$ 0,00",49430.64,04/04/23,25/10/2026,pix,N,22%,ATRASADO
3167,1243,6992158-64.2024.5.43.7750,18997.77,4,3,14248.32,"4749,44",2021-10-16,08/06/2025,boleto,Sim,21%,em dia
3168,1431,6075721-43.2020.9.85.8738,"25618,22",1,0,0.00,25618.22,15/12/20,2025-05-31,TED,N,0.14,quitado
3169,541,8572382-61.2025.1.41.7172,32924.17,12,9,24693.12,"8231,04",06/05/20,30/04/2026,Boleto,nao,15%,em dia
3170,641,1964519-55.2020.7.58.6781,37818.54,6,2,12606.18,25212.36,01/02/2026,25/01/25,pix,não,0.11,ATRASADO
3171,312,8183950-10.2021.5.84.9388,30844.95,9,3,"10281,66",20563.32,01/07/2021,2024-11-09,pix,sim,,
3172,1264,4326518-76.2023.4.36.8530,11279.15,7,4,"6445,24","4833,93",14/10/20,14/10/26,boleto,S,,ATRASADO
3173,997,2837371-36.2022.7.88.5428,"R$ 76.276,11",6,5,63563.40,12712.68,1 de junho de 2024,16 de fevereiro de 2027,PIX,,15%,quitado
3174,649,9992831-61.2022.4.35.1469,68076.65,8,1,8509.58,"R$ 59.567,06",22 de julho de 2024,05/12/26,PIX,não,0.30,quitado
3175,216,7848147-32.2021.6.58.3528,61854.83,9,0,0.00,"R$ 61.854,84",26 de março de 2021,14/10/26,Boleto,S,0.29,quitado
3176,461,6779292-61.2021.4.86.2783,60150.79,10,8,"R$ 48.120,64",12030.16,8 de julho de 2024,10/10/2024,Boleto,não,20,ATRASADO
3177,270,1438459-62.2020.7.78.3410,"R$ 26.571,20",12,9,19928.43,,16 de dezembro de 2024,2025-10-08,transferência,,0.29,atrasado
3178,766,9804642-71.2024.4.76.5486,29500.98,2,2,"R$ 29.500,98",390.09,16 de agosto de 2023,2 de abril de 2024,boleto,sim,27%,em dia
3179,244,4601686-30.2021.5.52.7745,"17516,66",10,2,3503.34,14013.36,09/06/2024,02/12/25,pix,N,,ATRASADO
3180,1291,2632721-15.2024.7.90.9593,71883.63,11,0,0.00,71883.68,14/07/20,11/02/2026,boleto,S,,quitado
3181,1198,8382607-83.2020.6.26.3936,54064.00,3,0,0.00,54063.99,27/03/20,2024-10-15,TED,sim,15%,Em Dia
3182,1393,9214397-26.2023.4.18.6844,"R$ 77.961,24",8,5,"R$ 48.725,80",29235.48,10/03/20,12/03/2025,boleto,,23%,atrasado
3183,650,1098476-20.2021.1.47.3336,63734.56,1,0,0.00,63734.56,2021-05-13,30/01/25,transferência,,20,em dia
3184,132,6935346-77.2024.3.52.9529,70050.90,8,7,61294.52,8756.36,7 de janeiro de 2022,22 de abril de 2027,pix,sim,,Em Dia
3185,1002,7223110-52.2024.2.44.8994,30403.40,2,1,15201.70,15201.70,17/02/2022,2026-08-31,PIX,sim,20,quitado
3186,1081,2191287-57.2021.1.18.8228,"R$ 23.101,54",5,3,13860.93,9240.62,30 de janeiro de 2024,2026-08-27,transferência,nao,20,atrasado
3187,1096,1664676-19.2021.8.64.4616,"71655,55",8,5,44784.70,"R$ 26.870,82",2025-07-11,2026-09-20,boleto,S,,atrasado
3188,593,3975387-89.2023.4.55.7631,40004.96,6,3,"20002,47",20002.47,18/06/22,2026-09-01,Boleto,,0.23,quitado
3189,743,8905709-90.2020.9.55.2471,12740.48,2,0,0.00,12740.48,03/08/2022,23 de junho de 2024,boleto,S,15%,atrasado
3190,108,9252661-70.2020.1.46.1185,48348.67,6,0,0.00,48088.86,11 de dezembro de 2020,31/01/27,transferência,,,em dia
3191,1116,5967836-10.2021.4.35.9671,"53370,16",2,1,26685.08,26685.08,13/12/21,2025-09-17,PIX,não,15%,
3192,1475,8530609-10.2021.5.41.7151,15101.47,4,2,7550.74,7550.74,24 de abril de 2020,30/03/2026,boleto,sim,,quitado
3193,853,7486029-45.2024.4.25.3159,31625.10,9,9,31625.10,0.00,19/03/21,20/09/24,transferência,não,,quitado
3194,844,1272937-41.2023.5.75.9958,36307.36,3,1,12102.45,24204.90,28/05/25,12 de fevereiro de 2024,PIX,não,0.14,ATRASADO
3195,1422,2236315-26.2022.5.82.8939,78564.68,4,3,58923.51,19641.17,2024-02-11,2027-01-01,pix,N,20,atrasado
3196,700,5462435-11.2024.9.85.2977,"R$ 54.420,79",6,5,45350.65,9070.13,23 de fevereiro de 2024,26/06/2026,pix,nao,,
3197,256,5159219-49.2023.5.25.3676,"R$ 23.651,59",2,0,"R$ 0,00","R$ 23.651,60",10 de junho de 2024,2025-07-18,boleto,não,0.19,ATRASADO
3198,1301,4415624-13.2024.9.14.9480,"70804,47",4,3,53103.36,17701.12,2024-06-15,24 de abril de 2026,boleto,sim,0.29,quitado
3199,1189,7223110-52.2024.2.44.8994,47728.46,10,3,"R$ 14.318,55",33409.95,2020-12-23,10 de março de 2026,transferência,,,Em Dia
3200,1087,4961530-22.2021.4.22.6290,"75800,63",12,9,56850.48,18950.16,29/02/2020,2027-01-27,boleto,S,15%,atrasado
3201,255,1667591-67.2025.4.69.9424,10963.63,10,5,5481.80,5481.80,6 de outubro de 2022,18/04/2027,TED,,20,
3202,840,2575202-50.2023.1.54.9627,13650.22,5,2,5460.08,7899.05,14/02/2026,20/01/24,TED,S,0.22,ATRASADO
3203,768,1742202-63.2023.6.68.9372,66026.26,9,5,36681.25,29345.00,6 de abril de 2020,05/06/2027,pix,Sim,15%,atrasado
3204,1022,1248003-72.2024.2.80.8472,"R$ 34.163,60",11,4,"R$ 12.423,12",21740.46,07/04/21,09/02/2024,transferência,,20,atrasado
3205,203,9804642-71.2024.4.76.5486,"R$ 33.020,49",7,4,18868.84,"14151,63",26/01/2025,2025-10-02,transferência,nao,,
3206,32,5753123-52.2021.4.48.4042,78123.67,1,1,"R$ 78.123,67",0.00,2023-06-28,2025-10-30,PIX,nao,,quitado
3207,274,8677980-28.2024.9.94.6552,43568.85,3,0,0.00,43568.85,2021-08-17,28/02/25,transferência,N,,em dia
3208,67,9489806-94.2021.2.55.9162,16176.78,8,5,"R$ 10.110,50",6066.30,2025-01-25,16/03/2026,pix,não,20,
3209,1447,7065068-16.2021.7.14.6489,27473.56,6,1,4578.93,22894.65,01/09/2022,06/05/25,Boleto,Sim,0.11,quitado
3210,526,2753004-76.2021.8.83.9874,58415.32,2,1,"29207,66",29207.66,22/03/2026,19 de abril de 2025,pix,sim,11%,quitado
3211,1387,7271178-97.2023.5.84.4243,35794.89,12,12,35794.92,0.00,12 de agosto de 2023,17/04/2027,PIX,N,0.12,atrasado
3212,199,9636371-69.2025.8.67.4068,46089.35,1,1,46089.35,"R$ 0,00",24/04/20,03/09/2025,TED,,,quitado
3213,1106,7115217-41.2025.1.67.7692,"76812,77",10,5,38406.40,38406.40,03/06/25,19/05/2027,PIX,não,0.14,atrasado
3214,459,3724721-44.2021.9.75.5553,"25777,52",6,3,12888.75,"12888,75",2021-11-09,2024-04-29,pix,S,20,atrasado
3215,1257,8607512-63.2021.6.82.1039,22462.40,9,6,14974.92,7487.46,11/11/2021,2027-05-23,TED,,19%,quitado
3216,1046,7979033-26.2021.6.18.1084,64270.11,4,1,16067.53,48170.32,19 de março de 2023,31 de dezembro de 2026,TED,,0.28,quitado
3217,385,7948577-74.2025.1.60.7583,30431.19,3,1,10143.73,20287.46,1 de outubro de 2023,2027-04-19,pix,nao,30%,quitado
3218,344,4084503-92.2025.8.90.5515,29198.39,4,4,29198.40,"R$ 0,00",29/04/24,29/04/27,pix,N,,atrasado
3219,590,6992158-64.2024.5.43.7750,"60440,69",6,5,"R$ 50.367,25",10073.45,23/07/2021,02/10/25,PIX,sim,15%,em dia
3220,756,6944389-98.2023.1.72.8245,68575.14,6,4,45716.76,,02/03/2021,2026-05-26,boleto,S,,em dia
3221,1490,4601686-30.2021.5.52.7745,3131.03,12,3,782.76,"R$ 2.348,28",25/06/2024,11/03/25,boleto,N,15%,
3222,779,2660213-63.2022.6.50.8366,75350.98,5,4,60280.80,"15070,2",16/04/25,03/01/2024,boleto,N,20,quitado
3223,80,5401874-62.2025.2.46.8337,"R$ 3.731,84",9,7,"2902,5499999999997",829.30,2026-03-27,18 de dezembro de 2026,TED,não,,Em Dia
3224,1102,7381740-86.2021.2.88.6570,54341.76,1,0,0.00,54341.76,14/03/24,15 de maio de 2026,Boleto,sim,21%,atrasado
3225,1218,4415624-13.2024.9.14.9480,"R$ 46.401,06",11,9,"R$ 37.964,52",8436.56,14/01/2025,2024-02-01,PIX,S,15%,Em Dia
3226,953,1116024-57.2025.8.16.4043,"R$ 29.079,70",5,0,0.00,29032.08,24/06/2020,13/08/25,PIX,nao,15%,ATRASADO
3227,952,1931030-34.2024.8.48.5319,15418.13,3,0,0.00,15418.14,25/02/26,2027-03-04,transferência,N,16%,quitado
3228,408,1833330-93.2025.8.61.3405,"37860,9",5,3,22716.54,15144.36,2025-04-20,2026-06-19,TED,,,
3229,3,5638123-23.2024.7.30.5009,30498.31,11,10,27725.70,2772.57,19/12/2023,09/08/26,transferência,nao,0.30,em dia
3230,56,5271615-59.2021.2.54.6844,"44360,96",8,4,22180.48,22180.48,2026-01-04,24/07/2025,PIX,Sim,,quitado
3231,1376,1273300-90.2024.2.80.7378,28117.09,2,2,28117.10,"R$ 0,00",27/02/2026,18/11/26,TED,S,15%,quitado
3232,1327,3263740-44.2022.3.81.5402,59747.49,11,3,"16294,77",43452.72,03/02/24,21/08/2025,boleto,S,,
3233,64,3401866-56.2021.1.87.5297,19480.27,3,1,6493.42,13214.53,21/01/23,14/05/2025,pix,N,,quitado
3234,716,5853247-29.2020.7.62.8870,"R$ 47.468,40",4,4,47468.40,-342.20,01/02/25,9 de agosto de 2025,Boleto,sim,15%,ATRASADO
3235,1333,6339266-27.2025.5.15.6766,18703.67,10,1,1870.37,16879.36,20/09/24,13/01/2025,transferência,N,15%,quitado
3236,205,7419280-60.2021.1.40.9417,35114.18,2,1,"17557,09",17557.09,2026-03-08,2024-01-13,Boleto,S,10%,Em Dia
3237,546,7486029-45.2024.4.25.3159,"R$ 21.897,34",8,1,2737.17,19160.19,06/11/2020,4 de agosto de 2026,boleto,Sim,15%,em dia
3238,807,7687351-51.2022.6.73.6768,47384.89,12,8,31589.92,15794.96,23 de dezembro de 2025,2026-04-11,transferência,Sim,15%,quitado
3239,1424,9970343-38.2020.5.18.4483,5495.26,6,2,"1831,76","R$ 3.663,52",28 de julho de 2020,2025-08-22,boleto,Sim,19%,quitado
3240,648,5826200-20.2025.1.91.8748,"R$ 77.268,60",9,8,68683.20,,25 de setembro de 2025,19 de junho de 2026,boleto,,15%,
3241,339,4507711-38.2024.2.34.4732,36914.16,5,0,"R$ 0,00",36914.15,2022-05-04,11/12/25,boleto,sim,24%,em dia
3242,113,6836135-90.2022.9.37.5643,"19537,88",11,8,14209.36,5328.51,17/08/2021,19/08/24,boleto,não,20,em dia
3243,693,1754781-28.2025.6.89.2162,27024.06,5,2,"10809,62","R$ 15.785,54",27/02/22,2027-04-27,transferência,nao,0.10,quitado
3244,1235,6418382-43.2020.8.63.9133,5816.60,11,3,1586.34,4679.20,12 de agosto de 2024,2025-03-15,transferência,não,0.23,em dia
3245,347,2895065-46.2022.7.67.1438,70433.35,3,0,0.00,"R$ 70.433,34",18 de outubro de 2022,29/03/25,Boleto,sim,20,quitado
3246,471,5638123-23.2024.7.30.5009,70513.84,11,6,38462.10,,15/08/24,6 de maio de 2026,pix,S,,atrasado
3247,382,5755257-93.2020.8.44.2882,35371.22,6,0,0.00,35371.20,27/03/2021,08/09/2025,PIX,,20,ATRASADO
3248,116,9086174-80.2025.1.81.3292,14855.63,3,2,9903.76,"R$ 4.951,88",2022-10-09,08/12/2025,pix,,20,
3249,1034,6096719-87.2023.1.41.6180,"R$ 19.018,05",2,0,0.00,"R$ 19.018,04",20 de janeiro de 2021,01/07/26,boleto,sim,,em dia
3250,193,1974389-81.2024.5.57.9354,40026.29,4,0,"R$ 0,00","40026,28",05/11/25,27/03/24,pix,Sim,15%,quitado
3251,638,9970343-38.2020.5.18.4483,31597.22,10,5,15798.60,"15798,6",1 de outubro de 2025,2027-01-30,transferência,Sim,15%,atrasado
3252,731,1095980-10.2020.7.77.8313,36633.30,5,3,21979.98,14653.32,21/10/22,13/08/24,PIX,S,22%,ATRASADO
3253,276,5284129-51.2020.3.32.5205,45802.21,8,6,"R$ 34.351,68",11450.56,2025-01-13,14 de março de 2025,boleto,S,0.24,em dia
3254,556,7862554-22.2024.7.83.6459,59107.76,2,1,29553.88,"R$ 29.553,88",2021-09-22,7 de setembro de 2026,TED,N,,Em Dia
3255,1280,7274275-74.2020.1.22.9780,4356.61,5,3,"R$ 2.613,96",,23/05/23,2026-12-29,boleto,Sim,20,em dia
3256,360,8323566-47.2021.3.26.4644,"R$ 51.424,61",2,0,0.00,51424.62,2023-01-03,30/05/2025,transferência,S,20,quitado
3257,570,1933296-95.2024.5.69.8317,52335.91,11,4,19031.24,"R$ 33.528,37",10/01/22,09/03/2024,PIX,sim,0.24,em dia
3258,1276,2341370-92.2024.9.60.8122,"R$ 44.115,02",10,6,"R$ 26.469,00",17646.00,29/12/24,2027-06-22,PIX,sim,20,ATRASADO
3259,613,6096719-87.2023.1.41.6180,"R$ 72.453,30",10,0,0.00,72453.30,29 de março de 2020,14/06/2027,pix,sim,20,
3260,1016,8323566-47.2021.3.26.4644,47205.21,5,3,28323.12,18882.08,7 de junho de 2024,2027-01-25,boleto,nao,,quitado
3261,1243,3576390-15.2021.2.82.8209,"34677,5",8,6,"26008,14",8669.38,07/11/25,2026-09-08,TED,sim,29%,ATRASADO
3262,1304,8415891-60.2021.6.92.5554,22073.80,6,1,3678.97,18394.85,28 de agosto de 2025,22/10/2026,pix,N,15%,em dia
3263,653,4415624-13.2024.9.14.9480,59749.69,2,2,59749.70,0.00,08/09/2024,30/04/2024,boleto,Sim,20,quitado
3264,888,1931030-34.2024.8.48.5319,28204.98,6,4,18803.32,9401.66,2020-03-31,19/04/26,boleto,,20,
3265,475,4938178-62.2020.7.27.6072,"R$ 32.100,80",4,4,32100.80,-439.55,06/05/22,22/05/2027,TED,nao,,quitado
3266,1405,5159882-37.2022.9.71.7550,13482.54,3,0,0.00,13482.54,20/07/22,29 de maio de 2024,pix,S,0.26,ATRASADO
3267,1299,5112941-62.2021.1.89.5887,"48798,37",2,2,48798.38,"R$ 0,00",28/12/23,28/08/24,boleto,não,20,
3268,1039,2660213-63.2022.6.50.8366,48958.51,7,2,13988.14,34970.35,2021-09-22,2026-04-22,Boleto,,20,atrasado
3269,1204,4134515-43.2021.8.70.4879,38800.99,4,4,38801.00,0.00,08/04/25,07/06/2027,pix,nao,15%,atrasado
3270,1009,3418432-84.2025.3.59.5858,13244.63,6,4,"R$ 8.829,76",4414.88,2025-05-28,2026-10-12,PIX,sim,20,quitado
3271,99,3679963-72.2020.9.29.7859,24448.75,10,3,7334.64,"R$ 17.114,16",23/11/21,18/04/24,PIX,Sim,20,
3272,421,6003915-30.2025.6.37.7681,27676.33,6,2,9225.44,18450.88,2023-10-07,26 de janeiro de 2027,transferência,Sim,20,quitado
3273,407,4314934-26.2021.7.14.7244,64110.76,11,8,"R$ 46.626,00",17484.75,6 de novembro de 2024,2025-06-19,transferência,Sim,17%,em dia
3274,857,4568537-97.2021.4.82.7633,33344.50,3,0,0.00,"R$ 33.344,49",7 de maio de 2020,19 de abril de 2025,TED,sim,15%,quitado
3275,987,1778149-24.2023.1.86.3557,46247.52,4,4,"R$ 46.247,52","R$ 0,00",21 de março de 2025,20 de outubro de 2026,TED,,0.18,
3276,985,5068524-45.2025.9.91.6906,3842.16,12,11,3521.98,320.18,17/07/2021,2027-05-07,PIX,não,15%,Em Dia
3277,604,2328070-99.2024.8.57.5561,"R$ 72.459,17",1,0,"R$ 0,00",72459.17,2024-03-16,2026-06-06,boleto,não,,Em Dia
3278,821,9804642-71.2024.4.76.5486,"R$ 26.448,22",2,0,0.00,26448.22,1 de outubro de 2022,2024-05-02,PIX,não,0.15,quitado
3279,79,8129073-22.2024.4.16.9656,32368.39,7,5,"23120,300000000003","9248,12",22/01/2025,06/09/2025,pix,,26%,quitado
3280,1322,4061044-97.2023.7.99.3676,78238.96,3,3,"R$ 78.238,95",0.00,14 de maio de 2024,18/01/25,boleto,sim,15%,ATRASADO
3281,568,8215015-64.2021.5.32.1893,25924.90,8,5,16203.05,"R$ 9.721,83",27/03/2021,20 de dezembro de 2024,PIX,N,14%,ATRASADO
3282,577,8415891-60.2021.6.92.5554,13011.75,7,0,0.00,13011.74,23/12/22,27/08/26,transferência,,12%,quitado
3283,1451,5266269-78.2021.7.59.1392,39437.88,9,7,30673.93,"8763,98",2023-10-19,2026-09-25,pix,sim,,
3284,89,9108785-98.2021.3.78.6687,"74172,54",2,1,37086.27,37086.27,15/04/24,2024-10-08,PIX,,20,em dia
3285,1419,7892487-80.2022.9.64.5036,57255.94,6,4,38170.64,"R$ 19.085,32",28 de junho de 2023,2024-08-30,pix,nao,,em dia
3286,374,9970343-38.2020.5.18.4483,16428.58,5,4,"R$ 13.142,88","3285,72",18 de março de 2021,02/02/24,PIX,sim,23%,ATRASADO
3287,1262,2316290-44.2022.7.34.5190,"R$ 75.411,70",4,1,"R$ 18.852,92",56525.68,20/04/2022,03/03/26,PIX,não,15%,atrasado
3288,881,8630644-97.2025.3.28.1296,"R$ 37.913,09",1,0,0.00,"R$ 38.141,69",1 de setembro de 2023,15/05/26,Boleto,sim,19%,quitado
3289,69,3922248-27.2025.1.42.4047,10517.71,4,1,2629.43,"R$ 7.888,29",2020-12-25,01/10/2024,transferência,não,,em dia
3290,1091,6779292-61.2021.4.86.2783,54402.12,8,4,"27201,08",27201.08,8 de fevereiro de 2021,09/05/26,Boleto,sim,,atrasado
3291,865,3879233-61.2024.5.30.1494,47732.69,11,3,13018.02,34714.72,29/07/22,03/02/2026,boleto,S,15%,quitado
3292,1385,7544569-30.2022.4.91.9370,"R$ 71.192,28",9,0,"R$ 0,00",71192.25,22 de agosto de 2021,12/10/2024,boleto,Sim,15%,em dia
3293,37,2294596-63.2020.6.38.9193,4328.11,1,1,4328.11,0,17 de janeiro de 2026,5 de fevereiro de 2024,boleto,Sim,,quitado
3294,132,4874996-38.2022.9.94.8154,"R$ 14.996,54",1,1,"R$ 14.996,54","R$ 0,00",22/04/25,31 de dezembro de 2026,TED,Sim,15%,quitado
3295,297,6003915-30.2025.6.37.7681,5212.99,6,3,2606.49,,3 de janeiro de 2026,26/04/2026,transferência,não,15%,
3296,758,7544569-30.2022.4.91.9370,21864.53,12,4,7288.16,14576.32,2021-09-29,25/10/26,Boleto,S,,atrasado
3297,622,8588997-88.2020.6.29.5987,"66581,68",4,3,49936.26,16645.42,2020-02-22,27 de novembro de 2024,boleto,,15%,ATRASADO
3298,1111,7141324-67.2025.3.86.3413,62036.95,4,1,15509.24,46527.72,2020-11-07,25/02/2025,PIX,N,,em dia
3299,1430,9214397-26.2023.4.18.6844,76314.96,6,4,"R$ 50.876,64",25438.32,26/12/2022,2024-01-10,transferência,N,0.25,em dia
3300,714,5755257-93.2020.8.44.2882,57864.24,8,2,14466.06,43398.18,21/01/22,4 de outubro de 2026,TED,N,17%,Em Dia
3301,482,7948577-74.2025.1.60.7583,63242.70,2,1,31621.35,31884.39,27 de novembro de 2025,30/01/2026,boleto,nao,20,ATRASADO
3302,642,3541821-31.2021.8.96.1927,34773.64,3,1,"R$ 11.591,21","R$ 23.182,42",2022-12-24,2026-10-11,boleto,Sim,0.28,
3303,781,2966787-79.2022.1.41.9944,41923.96,4,4,41923.96,0.00,2024-12-02,2024-08-15,transferência,S,23%,
3304,1183,7916680-90.2022.1.67.1785,66438.36,4,4,66438.36,0,30 de outubro de 2020,13/10/2024,pix,,,Em Dia
3305,1055,2016341-89.2023.7.48.2724,"R$ 67.130,92",5,1,13426.18,53704.72,27/03/24,23/10/26,PIX,N,,
3306,588,7916680-90.2022.1.67.1785,"25978,37",5,1,5195.67,20782.68,11/08/21,15 de junho de 2026,boleto,,0.16,em dia
3307,1143,2869625-86.2025.7.14.5837,54955.61,2,0,0.00,"54955,62",02/08/21,24/12/26,transferência,Sim,0.18,ATRASADO
3308,269,3242098-97.2025.4.44.9916,41740.87,1,0,0.00,41740.87,2024-06-29,07/05/2024,boleto,nao,,atrasado
3309,962,6418382-43.2020.8.63.9133,"R$ 68.716,80",8,1,"R$ 8.589,60",60127.20,2024-07-03,2027-03-26,transferência,N,0.25,Em Dia
3310,1066,5058333-37.2021.3.98.8848,68010.04,4,1,17002.51,51007.53,17 de fevereiro de 2021,05/06/25,pix,S,0.26,Em Dia
3311,703,1411065-96.2022.9.64.8271,28010.17,7,4,16005.80,12004.35,13/01/2021,2025-06-18,transferência,Sim,29%,quitado
3312,262,6160516-66.2024.5.17.7150,70034.98,5,2,28014.00,42021.00,16/01/24,8 de maio de 2027,pix,sim,0.15,quitado
3313,894,7599278-46.2021.4.96.3535,51131.42,5,0,0.00,51131.40,2024-09-30,2027-01-08,PIX,N,15%,quitado
3314,941,5214684-96.2020.6.84.9986,13088.42,11,1,1189.86,11898.60,02/01/22,2025-06-27,Boleto,sim,20,quitado
3315,929,4131852-60.2020.1.89.9739,51860.52,11,2,9429.18,42431.31,2021-03-05,07/06/26,boleto,N,0.29,
3316,243,7320713-89.2022.3.68.7881,26864.97,8,0,0.00,26864.96,2021-04-05,2024-02-18,TED,S,15%,ATRASADO
3317,865,1714231-74.2025.9.71.1697,78428.44,10,2,15685.68,62742.72,1 de outubro de 2021,2026-11-14,transferência,,20,Em Dia
3318,584,2966787-79.2022.1.41.9944,23854.42,12,8,15902.96,7951.48,2020-05-09,31/10/2026,transferência,S,0.22,quitado
3319,1459,1183693-37.2024.1.85.2937,41756.31,7,5,29825.95,11966.07,03/10/2021,26/04/2027,Boleto,,,ATRASADO
3320,241,4415624-13.2024.9.14.9480,69179.34,11,3,18867.09,50312.24,20/07/2021,09/11/24,Boleto,S,15%,Em Dia
3321,51,2316290-44.2022.7.34.5190,5052.09,7,2,"1443,46","3608,65",03/10/24,2025-04-24,TED,Sim,15%,ATRASADO
3322,294,4084503-92.2025.8.90.5515,"R$ 69.365,27",1,0,0.00,69365.27,25/02/23,07/01/2025,Boleto,nao,20,em dia
3323,945,9168044-67.2022.1.26.3054,"21598,61",8,6,"R$ 16.198,98",5399.66,2026-01-11,13/11/2025,transferência,não,15%,
3324,1472,2490107-19.2023.9.10.7930,74574.60,10,2,14914.92,59659.68,24/03/2025,07/05/24,PIX,S,0.19,Em Dia
3325,177,2490107-19.2023.9.10.7930,62345.53,7,6,53439.00,"8906,5",2 de fevereiro de 2024,24 de novembro de 2026,PIX,Sim,20,em dia
3326,414,9636371-69.2025.8.67.4068,12324.66,12,9,9243.54,3081.18,2 de abril de 2023,06/02/24,transferência,Sim,,em dia
3327,72,1093623-59.2025.7.92.5441,12504.70,6,2,4168.24,8336.48,23/11/21,14/05/2024,PIX,não,15%,atrasado
3328,946,6416661-36.2021.8.21.8496,13377.98,5,3,8026.80,5351.20,30/09/2023,2026-01-10,Boleto,S,15%,
3329,1311,7274275-74.2020.1.22.9780,"R$ 64.658,96",11,3,"R$ 17.634,27",47024.72,2022-03-14,03/01/2024,TED,não,,em dia
3330,44,2019436-32.2020.6.16.9856,72169.99,7,2,20620.00,51550.00,23 de outubro de 2021,03/04/2025,pix,S,15%,quitado
3331,1001,7687351-51.2022.6.73.6768,43374.21,1,0,0.00,"R$ 43.374,21",07/02/2021,4 de dezembro de 2026,Boleto,não,10%,ATRASADO
3332,952,4721085-96.2020.6.92.9645,28274.31,9,2,6283.18,21991.13,15 de janeiro de 2020,2024-03-08,PIX,não,20,quitado
3333,283,5462435-11.2024.9.85.2977,16705.06,7,4,9545.76,7159.32,12/03/2022,15 de maio de 2025,Boleto,,15%,quitado
3334,193,5733649-38.2020.2.35.3379,"55933,4",12,12,55933.44,0,2022-03-25,10/11/24,Boleto,sim,0.22,atrasado
3335,93,8749473-21.2020.4.12.9144,"R$ 66.153,57",10,1,"6615,36",59538.24,31 de janeiro de 2023,12/09/25,Boleto,,,Em Dia
3336,14,8129073-22.2024.4.16.9656,"R$ 48.851,82",10,9,43966.62,4885.18,2020-11-02,23/09/2026,pix,nao,15%,quitado
3337,873,1964519-55.2020.7.58.6781,22381.92,9,6,14921.28,7460.64,06/04/25,13 de março de 2026,TED,Sim,15%,quitado
3338,1375,8306601-19.2020.3.50.7457,57309.89,12,4,19103.28,38206.56,8 de agosto de 2024,28/05/2027,boleto,S,0.10,quitado
3339,1171,7626521-25.2020.9.17.3305,69776.08,12,6,34888.02,,11/09/23,2024-08-07,TED,nao,15%,Em Dia
3340,722,3464073-25.2022.8.73.5075,56163.16,10,10,"R$ 56.163,20",0.00,28 de janeiro de 2024,08/03/27,pix,nao,28%,
3341,908,1438459-62.2020.7.78.3410,44213.95,4,0,0.00,44213.96,05/12/21,2026-01-21,TED,não,15%,Em Dia
3342,403,2191287-57.2021.1.18.8228,50414.09,4,2,25207.04,25207.04,22/05/2020,16/06/2026,PIX,não,,quitado
3343,948,4229107-99.2020.7.61.3978,71112.76,6,5,"59260,649999999994",11852.13,4 de janeiro de 2025,10 de fevereiro de 2027,pix,Sim,15%,quitado
3344,68,7065068-16.2021.7.14.6489,47270.16,12,3,11817.54,35452.62,12/08/2022,15/01/2025,boleto,nao,0.16,Em Dia
3345,238,6334947-38.2020.4.71.6173,30093.05,7,7,30093.07,0,2023-09-02,2026-03-29,Boleto,N,,atrasado
3346,1287,1633270-27.2024.2.52.7034,8206.58,5,0,0.00,"R$ 8.206,60",02/10/20,07/02/2026,boleto,S,18%,
3347,1425,7115217-41.2025.1.67.7692,78480.49,9,1,8720.05,69760.40,18 de julho de 2022,2025-04-05,boleto,,15%,quitado
3348,1240,1165147-13.2020.2.47.5874,48206.21,4,0,0.00,48206.20,04/07/22,23/04/27,Boleto,N,24%,Em Dia
3349,297,4507711-38.2024.2.34.4732,39044.50,8,5,24402.80,14641.68,10/05/2024,25/11/24,transferência,N,15%,
3350,866,1183693-37.2024.1.85.2937,7304.72,12,3,1826.19,5478.57,15/04/2024,2 de julho de 2025,PIX,S,,quitado
3351,1033,4092125-65.2025.3.26.9073,34499.16,9,1,3833.24,30665.92,30/01/24,10/05/24,Boleto,sim,,Em Dia
3352,1261,8843195-99.2024.6.39.2836,49394.05,6,4,"R$ 32.929,36","R$ 16.323,10",31/10/2021,2027-03-23,TED,sim,15%,Em Dia
3353,1494,3975387-89.2023.4.55.7631,7679.27,11,9,6283.08,"R$ 1.396,24",11/08/25,08/03/2026,TED,,15%,quitado
3354,1145,9302979-43.2025.9.68.7487,13654.22,12,1,"1137,85",12516.35,2024-01-09,22 de abril de 2026,pix,sim,20,
3355,1132,2186433-37.2022.2.12.4344,29992.53,6,6,29992.56,-273.80,11/06/25,06/08/26,Boleto,Sim,15%,ATRASADO
3356,101,5217157-98.2020.2.64.4094,"R$ 14.190,10",6,3,7095.06,7095.06,13 de dezembro de 2021,2025-09-17,TED,,20,Em Dia
3357,1414,6339808-70.2020.2.67.1325,75545.50,1,1,75545.50,,13/02/24,27/08/26,PIX,Sim,,
3358,505,1833330-93.2025.8.61.3405,77984.79,11,2,14179.06,63805.77,2023-04-20,29/06/25,boleto,nao,15%,Em Dia
3359,945,1966014-66.2022.7.82.2137,"79015,24",9,9,"79015,23",0.00,21 de setembro de 2021,27 de setembro de 2024,PIX,Sim,15%,
3360,347,7323234-16.2020.9.59.5035,30864.43,5,2,"R$ 12.345,78",18518.67,28/11/2024,25/10/2026,TED,,24%,quitado
3361,89,9168044-67.2022.1.26.3054,19813.64,3,0,0,"R$ 19.813,65",10/01/2024,7 de junho de 2026,transferência,Sim,16%,em dia
3362,249,2554938-48.2024.1.13.4544,22394.00,3,2,14929.34,7906.74,09/06/23,09/12/2024,Boleto,,0.16,quitado
3363,301,3248366-98.2020.5.11.6279,60072.30,2,0,0.00,,2020-07-09,21/01/2024,TED,nao,15%,quitado
3364,1341,7082985-88.2022.2.94.6058,31742.34,12,7,18516.40,13226.00,16 de janeiro de 2025,25/08/26,TED,N,,quitado
3365,1412,9686751-57.2022.7.62.3494,76275.72,4,4,"76275,72",0.00,18 de novembro de 2020,16/12/2025,transferência,Sim,,em dia
3366,1001,1778149-24.2023.1.86.3557,18316.25,2,0,0.00,18316.24,2021-03-21,2024-04-30,PIX,S,0.28,quitado
3367,324,6370110-64.2022.3.52.8440,"11737,2",5,2,"R$ 4.694,88","R$ 7.042,32",16/12/21,3 de março de 2027,boleto,S,20,
3368,1072,6982910-41.2023.8.91.8758,60935.03,12,0,0.00,60935.04,30 de outubro de 2023,27/03/24,transferência,nao,0.28,atrasado
3369,1246,7765112-69.2024.9.62.5648,"R$ 73.964,36",5,0,0.00,"R$ 73.964,35",13 de julho de 2020,13/07/24,pix,não,0.12,atrasado
3370,279,9302979-43.2025.9.68.7487,72961.96,2,0,"R$ 0,00",72961.96,2020-09-29,06/04/2024,transferência,não,30%,Em Dia
3371,429,5755257-93.2020.8.44.2882,74956.93,9,8,66628.40,8328.55,24/12/2021,14 de agosto de 2024,TED,sim,19%,em dia
3372,656,7136189-41.2024.2.60.1768,4501.76,12,12,4501.80,"-276,72",11/09/20,20 de outubro de 2026,Boleto,S,20%,em dia
3373,581,4090182-95.2021.1.57.7189,17447.14,9,7,13569.99,3877.14,1 de junho de 2020,22/04/25,PIX,S,15%,ATRASADO
3374,495,1098476-20.2021.1.47.3336,"R$ 79.846,57",2,1,39923.29,39923.29,24/11/2023,20 de novembro de 2024,TED,não,22%,quitado
3375,655,7323234-16.2020.9.59.5035,12904.47,1,0,0,"R$ 12.904,47",1 de junho de 2022,23 de agosto de 2026,boleto,não,0.15,quitado
3376,72,7553290-31.2023.9.36.9282,"R$ 16.400,15",12,8,"10933,44",5466.72,24 de setembro de 2020,6 de dezembro de 2026,pix,nao,,
3377,1477,2461262-96.2021.6.48.1315,18218.29,10,6,10930.98,7287.32,14/07/21,2025-05-31,boleto,N,0.22,quitado
3378,908,8062805-72.2022.1.22.8771,42555.91,11,2,7737.44,34818.48,28/07/23,27/04/2025,boleto,sim,20,em dia
3379,538,1676369-34.2022.3.47.6087,17843.83,11,1,1622.17,16221.70,01/05/2025,2025-03-23,PIX,S,16%,quitado
3380,559,5518767-82.2023.4.96.9873,46239.93,4,3,"R$ 34.679,94","R$ 11.559,98",2023-07-25,28 de outubro de 2026,pix,nao,0.13,quitado
3381,271,9835331-11.2022.6.15.8602,7789.36,2,2,7789.36,0.00,14/11/22,2025-10-26,Boleto,N,0.27,atrasado
3382,904,7553290-31.2023.9.36.9282,28492.13,5,1,5698.43,22793.72,7 de abril de 2022,2026-09-02,boleto,não,15%,Em Dia
3383,754,1095980-10.2020.7.77.8313,72741.38,2,2,72741.38,0.00,25 de agosto de 2025,24 de julho de 2025,PIX,Sim,0.20,ATRASADO
3384,174,4180949-86.2020.3.26.7593,17911.42,3,0,0.00,17911.41,12/08/2021,18 de abril de 2024,transferência,N,20,quitado
3385,969,4865461-96.2025.2.64.9143,17006.76,9,4,7558.56,9448.20,21 de abril de 2024,2025-06-29,pix,não,,em dia
3386,502,9076234-78.2023.3.90.2702,45767.74,4,3,34325.79,11441.93,07/03/24,2024-12-31,transferência,nao,20,quitado
3387,1323,3588109-63.2023.1.26.4223,19663.75,5,2,7865.50,11798.25,11/01/24,28/06/25,PIX,Sim,30%,ATRASADO
3388,394,6982910-41.2023.8.91.8758,39253.34,12,4,13084.44,26102.24,31 de maio de 2023,12/06/25,PIX,Sim,,ATRASADO
3389,92,9110060-16.2025.2.29.4716,"R$ 52.464,45",3,1,17488.15,"R$ 34.976,30",10/06/2025,29 de julho de 2025,Boleto,nao,20,ATRASADO
3390,215,7243958-65.2020.5.25.5047,11647.27,9,6,7764.84,3882.42,19/10/21,24 de maio de 2027,TED,Sim,15%,em dia
3391,1490,9168044-67.2022.1.26.3054,"50857,23",9,1,5650.80,45206.40,06/08/25,26 de janeiro de 2026,boleto,não,,quitado
3392,339,9071705-28.2021.9.78.4746,"R$ 29.200,44",3,0,0.00,29200.44,08/02/2026,31/01/25,transferência,nao,15%,quitado
3393,132,7687292-20.2021.4.85.7539,3970.20,6,0,"R$ 0,00","3713,35",28/11/2020,05/01/26,pix,S,,ATRASADO
3394,1007,7141324-67.2025.3.86.3413,25429.71,6,1,4238.28,21191.40,2021-04-11,2024-09-24,boleto,não,15%,
3395,15,3667022-35.2020.9.76.3115,44161.32,4,1,11040.33,33120.99,27/04/2025,2025-04-07,transferência,sim,0.25,ATRASADO
3396,115,6370110-64.2022.3.52.8440,6254.50,11,1,568.59,"5685,9",05/07/2024,10/04/2025,boleto,não,20,ATRASADO
3397,167,8323566-47.2021.3.26.4644,10703.58,3,0,0.00,10703.58,28/09/2024,8 de março de 2025,boleto,nao,0.17,quitado
3398,1101,7082985-88.2022.2.94.6058,76615.77,1,0,0.00,76615.77,06/02/22,2025-07-29,transferência,sim,,em dia
3399,1085,2016341-89.2023.7.48.2724,38654.49,5,2,15461.80,23192.70,2023-12-28,29/06/25,transferência,nao,26%,Em Dia
3400,240,5953905-94.2022.5.44.3245,64633.77,10,1,6463.38,,2 de janeiro de 2025,17/04/2027,transferência,sim,20,atrasado
3401,208,2480014-80.2024.2.29.9847,"R$ 69.093,41",2,0,0.00,69093.42,2026-04-07,18 de fevereiro de 2024,transferência,,20,ATRASADO
3402,760,2118934-75.2023.5.97.9563,21317.03,8,4,10658.52,10658.52,27 de maio de 2020,11/12/2026,pix,nao,12%,atrasado
3403,725,7999133-20.2023.7.26.1121,79317.77,9,8,70504.72,8813.09,25 de março de 2024,17 de fevereiro de 2026,boleto,sim,15%,em dia
3404,1008,6384831-67.2022.5.89.7429,36734.22,9,8,32652.64,3686.91,08/10/2022,28 de junho de 2025,Boleto,sim,15%,quitado
3405,219,8066975-72.2023.7.26.7675,14338.93,3,1,4779.64,"R$ 9.559,28",08/11/2022,07/05/26,TED,N,0.25,atrasado
3406,1440,8220628-15.2021.8.54.9077,8148.61,8,6,"R$ 6.111,48",2037.16,30/08/2024,30 de janeiro de 2024,Boleto,N,0.22,
3407,928,6445422-21.2020.5.39.8096,31241.46,2,0,0,31241.46,2020-05-31,28/06/2026,pix,,20,quitado
3408,40,9398629-61.2022.5.88.8253,"R$ 34.484,96",4,1,8621.24,"R$ 25.863,72",06/12/2021,05/05/24,boleto,não,,Em Dia
3409,1367,8590346-68.2020.7.63.7780,73816.07,3,0,0.00,73816.08,09/06/24,20/02/26,TED,nao,15%,ATRASADO
3410,688,1099617-37.2023.9.61.1793,14038.10,6,6,14038.08,0.00,7 de março de 2026,4 de janeiro de 2027,Boleto,N,,em dia
3411,1,8129073-22.2024.4.16.9656,46494.35,11,8,33814.08,12680.28,27/01/20,2024-10-18,transferência,,19%,ATRASADO
3412,549,8209168-30.2020.1.41.7632,31774.80,7,3,13617.78,"18157,04",14/11/22,2024-09-20,transferência,,,ATRASADO
3413,1401,7320713-89.2022.3.68.7881,43567.75,5,3,26140.65,17427.10,11/08/2025,27 de setembro de 2026,PIX,,,em dia
3414,72,4084503-92.2025.8.90.5515,78266.42,12,11,71744.20,6522.20,25/07/2025,31/05/2025,transferência,,13%,quitado
3415,865,2267110-24.2021.5.78.6025,8139.99,3,0,0.00,8139.99,6 de março de 2022,2025-09-13,transferência,Sim,20,ATRASADO
3416,845,3724721-44.2021.9.75.5553,41281.72,3,0,"R$ 0,00",41281.71,29/06/2024,28 de junho de 2027,TED,,27%,quitado
3417,995,5462435-11.2024.9.85.2977,32625.40,12,6,16312.68,"R$ 16.312,68",07/03/23,13/05/24,boleto,não,20,em dia
3418,758,7848147-32.2021.6.58.3528,38302.88,1,0,0,38302.88,31/08/22,03/09/26,Boleto,não,,
3419,1412,6663627-76.2023.9.26.5770,34099.15,2,2,34099.16,0.00,26 de fevereiro de 2023,8 de junho de 2025,transferência,S,15%,em dia
3420,573,9835331-11.2022.6.15.8602,60143.60,8,3,22553.85,37589.75,22/06/2025,2026-06-27,transferência,sim,0.29,
3421,501,1878000-50.2025.7.58.1197,"R$ 67.087,97",1,1,"R$ 67.087,97","R$ 0,00",14/07/23,19 de fevereiro de 2026,transferência,N,,
3422,761,5438623-45.2022.4.51.7250,"60838,79",10,1,"R$ 6.083,88",54754.92,2020-06-05,05/01/24,transferência,S,0.24,quitado
3423,733,7916680-90.2022.1.67.1785,34300.10,8,4,17150.04,17150.04,2025-06-09,28/02/2024,PIX,nao,0.29,atrasado
3424,540,2490107-19.2023.9.10.7930,66289.24,8,7,"R$ 58.003,12",8286.16,2026-01-04,15/03/2027,pix,sim,26%,quitado
3425,1387,4016576-41.2022.7.10.6952,38732.38,3,3,38732.37,0.00,2023-10-28,26 de março de 2024,pix,sim,15%,atrasado
3426,86,5967836-10.2021.4.35.9671,59738.35,10,0,0.00,"60086,97",22 de novembro de 2025,17/11/25,pix,,20,quitado
3427,363,2316290-44.2022.7.34.5190,9657.72,11,3,2633.91,7023.76,6 de setembro de 2023,28/01/2025,Boleto,S,,
3428,612,5867457-18.2023.9.16.7298,11450.70,5,0,0.00,"R$ 11.618,54",19/02/2023,3 de setembro de 2026,pix,nao,15%,
3429,573,2658962-39.2022.5.95.8856,21844.78,2,1,10922.39,10922.39,14/11/24,2025-01-20,PIX,sim,20,em dia
3430,531,8220628-15.2021.8.54.9077,47431.45,11,8,34495.60,12935.85,24/08/21,2025-12-14,transferência,Sim,15%,ATRASADO
3431,566,7916680-90.2022.1.67.1785,10694.48,12,12,"10694,52",,10/07/2022,21/04/25,boleto,,17%,quitado
3432,955,1676369-34.2022.3.47.6087,24986.83,10,2,4997.36,19989.44,09/11/23,19/04/2024,Boleto,S,20,em dia
3433,58,5432782-56.2021.2.97.6240,29344.25,4,2,14672.12,"R$ 14.672,12",1 de junho de 2023,31/08/2025,Boleto,,0.28,
3434,1485,1628717-84.2025.8.67.8313,21460.14,12,9,16095.15,5365.05,2024-01-14,2024-02-27,Boleto,S,20,quitado
3435,883,5514997-95.2024.1.84.8098,"23049,17",12,5,9603.80,"R$ 13.445,32",2020-03-03,24/01/25,transferência,nao,,quitado
3436,1374,1754781-28.2025.6.89.2162,48626.92,12,6,24313.44,24313.44,5 de julho de 2025,30/08/24,boleto,não,20,quitado
3437,1326,5661974-14.2020.6.39.3137,66353.08,2,2,"R$ 66.353,08",0.00,10/11/24,23/01/2024,pix,,15%,atrasado
3438,52,7271178-97.2023.5.84.4243,73826.37,10,9,"66443,76000000001",7382.64,02/12/2024,29/10/2025,Boleto,Sim,22%,quitado
3439,131,7274275-74.2020.1.22.9780,15647.34,5,2,"6258,94",9388.41,4 de maio de 2020,2027-01-16,transferência,sim,0.30,
3440,700,3766710-17.2025.4.91.1472,77234.71,4,1,19308.68,"R$ 57.926,04",20/03/20,2025-08-12,transferência,,,
3441,1169,6416661-36.2021.8.21.8496,"R$ 70.050,58",9,9,70050.60,0.00,03/03/26,2026-08-27,PIX,Sim,,Em Dia
3442,44,9425559-65.2022.6.99.1309,62575.49,9,1,6952.83,55622.64,2020-05-19,02/12/25,transferência,S,26%,quitado
3443,614,5786762-52.2021.9.21.3037,16577.86,5,0,0.00,16577.85,21/01/23,2025-01-01,TED,N,30%,quitado
3444,854,7115217-41.2025.1.67.7692,"76252,29",11,9,62388.27,13864.06,2021-01-09,29/05/2027,boleto,sim,15%,quitado
3445,1292,3263740-44.2022.3.81.5402,20695.74,8,7,18108.79,2927.19,31/03/23,27 de julho de 2024,PIX,nao,20,em dia
3446,100,1438459-62.2020.7.78.3410,26014.47,9,0,0.00,26014.50,19/02/21,2025-10-29,boleto,sim,20,em dia
3447,172,4061044-97.2023.7.99.3676,59460.32,9,3,19820.10,39640.20,14/10/20,22 de maio de 2026,pix,S,15%,
3448,1047,4064382-39.2022.4.13.8937,"R$ 36.259,08",2,2,36259.08,0.00,27/04/2025,27/08/2024,PIX,sim,15%,quitado
3449,74,5850223-43.2020.3.81.3185,7946.53,4,3,"R$ 5.959,89",1986.63,6 de agosto de 2025,14/01/2025,Boleto,N,15%,em dia
3450,1377,2110878-87.2023.8.83.8978,42191.26,12,12,42191.28,"R$ -349,74",17 de março de 2021,2025-12-21,boleto,N,0.28,Em Dia
3451,751,1869144-23.2023.5.84.3325,26245.66,1,1,"26245,66",0.00,09/01/2021,14 de outubro de 2026,transferência,não,,Em Dia
3452,965,1095980-10.2020.7.77.8313,71397.49,12,8,47598.32,"R$ 23.799,16",12/04/2020,20/12/2026,PIX,não,15%,em dia
3453,832,2397582-22.2023.9.93.4223,"42076,27",10,8,33661.04,"8415,26",22/01/2026,2025-08-25,boleto,Sim,20,
3454,1216,2110878-87.2023.8.83.8978,76205.67,10,8,"60964,56",,29/04/25,2026-02-07,TED,sim,,
3455,1070,6260319-38.2024.8.96.1114,23718.88,9,2,5270.86,18448.01,2025-01-18,3 de setembro de 2026,Boleto,sim,,ATRASADO
3456,327,3576390-15.2021.2.82.8209,62092.39,1,1,"62092,39",0.00,21/11/2023,2024-09-25,PIX,não,15%,Em Dia
3457,338,5625093-80.2022.9.16.6618,75962.99,5,3,45577.80,30385.20,31 de janeiro de 2026,2025-10-26,pix,S,14%,Em Dia
3458,940,5518767-82.2023.4.96.9873,67164.00,12,6,33582.00,33582.00,15/07/2021,06/05/2027,transferência,nao,,
3459,325,4314934-26.2021.7.14.7244,26263.46,11,6,14325.54,11937.95,2025-02-18,18/09/26,PIX,,0.10,ATRASADO
3460,1291,4681694-71.2021.9.28.7350,33378.99,7,4,"R$ 19.073,72",14305.29,16/02/20,2026-04-23,transferência,sim,20,atrasado
3461,565,6418382-43.2020.8.63.9133,"R$ 26.847,67",10,0,0,26847.70,12 de março de 2025,18/04/2025,boleto,nao,0.10,
3462,524,5991409-16.2021.8.44.1303,35273.81,7,2,10078.24,"R$ 25.195,60",15 de janeiro de 2023,2026-04-30,transferência,não,26%,
3463,12,9804642-71.2024.4.76.5486,62494.12,5,4,49995.28,12498.82,2026-01-14,14/08/24,pix,sim,26%,quitado
3464,1071,2554938-48.2024.1.13.4544,73049.63,1,0,0.00,73049.63,2020-01-06,2025-07-20,boleto,sim,20,quitado
3465,1006,4384627-80.2021.2.13.1061,48154.02,8,0,0,48154.00,2023-02-14,06/05/2026,PIX,sim,0.16,atrasado
3466,643,9573194-21.2022.1.35.8352,9673.04,6,4,6448.68,3224.34,2024-07-28,2026-07-20,transferência,sim,15%,em dia
3467,518,4092125-65.2025.3.26.9073,73965.29,1,1,"R$ 73.965,29",0.00,19/02/2023,2026-12-21,boleto,nao,,atrasado
3468,564,1557680-16.2021.4.16.4031,69638.81,8,0,0.00,"R$ 69.638,80",8 de novembro de 2025,24/07/2024,pix,não,0.24,atrasado
3469,1292,5068524-45.2025.9.91.6906,68880.73,12,7,"R$ 40.180,42","R$ 28.700,30",3 de setembro de 2020,2026-03-02,TED,Sim,15%,atrasado
3470,1358,1878000-50.2025.7.58.1197,67017.31,3,2,44678.20,"22339,1",2022-04-30,2027-05-05,transferência,sim,15%,quitado
3471,1187,1602496-64.2022.5.79.8340,63506.94,1,0,"R$ 0,00",63561.24,28/04/21,07/05/2025,Boleto,não,,quitado
3472,922,1273300-90.2024.2.80.7378,10949.43,8,7,9580.76,1368.68,08/04/20,20/01/2026,transferência,nao,,em dia
3473,108,3542616-60.2022.3.87.6536,29167.50,9,5,16204.15,12963.32,26/03/2020,04/02/2026,TED,nao,,quitado
3474,1469,9110060-16.2025.2.29.4716,10738.57,10,9,9664.74,1073.86,19 de fevereiro de 2026,03/11/24,transferência,Sim,19%,quitado
3475,54,5271615-59.2021.2.54.6844,"R$ 17.464,60",1,1,"17464,6","R$ 0,00",21/05/23,21/09/2025,pix,Sim,12%,Em Dia
3476,852,5947618-28.2023.6.53.6118,32558.71,4,0,0.00,32902.17,2026-03-19,9 de maio de 2025,boleto,N,0.30,ATRASADO
3477,1497,5068524-45.2025.9.91.6906,18721.07,1,1,"R$ 18.721,07",0.00,19/10/2023,01/04/2026,transferência,não,15%,ATRASADO
3478,1118,3542799-64.2025.6.13.7299,39964.54,9,8,35524.00,,17 de fevereiro de 2025,2026-09-18,Boleto,S,15%,
3479,1387,2545435-52.2025.3.59.7623,76042.45,6,4,50694.96,"25347,48",2025-05-21,05/10/2026,Boleto,nao,20,quitado
3480,540,1667591-67.2025.4.69.9424,60319.56,6,5,50266.30,10053.26,02/08/22,4 de julho de 2024,Boleto,N,15%,quitado
3481,66,4893809-11.2021.7.19.9759,3557.75,4,2,1778.88,1778.88,14 de agosto de 2025,2027-02-22,Boleto,sim,15%,ATRASADO
3482,841,2675642-32.2022.8.65.5499,20456.39,2,1,10228.19,10228.19,2020-07-10,17 de janeiro de 2024,transferência,sim,15%,atrasado
3483,474,1714231-74.2025.9.71.1697,"21095,3",8,0,0.00,21095.28,29 de junho de 2023,12/03/24,transferência,nao,0.18,Em Dia
3484,629,6779292-61.2021.4.86.2783,"R$ 36.285,78",2,2,"R$ 36.285,78",0,18 de fevereiro de 2023,09/08/26,TED,sim,20,ATRASADO
3485,1350,6011987-71.2020.8.10.4396,"21678,39",10,0,0.00,21678.40,27/09/2022,2024-09-03,pix,,15%,quitado
3486,1264,4229107-99.2020.7.61.3978,"R$ 47.432,41",7,1,6776.06,40720.34,01/06/25,26/02/2024,pix,N,20,ATRASADO
3487,1361,5514997-95.2024.1.84.8098,69448.04,8,4,34724,34724.00,29/06/2025,2024-12-05,transferência,Sim,0.24,Em Dia
3488,1089,8749473-21.2020.4.12.9144,21430.77,6,0,0.00,20943.17,30 de setembro de 2025,09/09/25,pix,não,23%,Em Dia
3489,375,6694761-39.2022.1.10.2199,"R$ 28.263,45",10,2,5652.70,22610.80,04/05/2025,07/03/2025,pix,sim,,atrasado
3490,71,2019436-32.2020.6.16.9856,"R$ 8.796,82",12,8,5864.56,2932.28,1 de abril de 2025,2027-02-19,pix,S,20,ATRASADO
3491,1318,1438459-62.2020.7.78.3410,42539.84,8,2,10634.96,31904.88,21 de março de 2023,07/08/26,PIX,N,15%,ATRASADO
3492,1493,1093623-59.2025.7.92.5441,21967.46,6,5,"R$ 18.306,20","R$ 3.661,24",2024-01-29,28/02/2027,PIX,nao,15%,em dia
3493,903,8129073-22.2024.4.16.9656,28886.94,3,2,19257.96,9628.98,07/07/2025,2027-06-25,TED,S,20,ATRASADO
3494,646,1024421-54.2022.9.20.2563,"R$ 60.871,68",5,2,"24348,68",36523.02,12/01/22,2024-03-08,PIX,não,0.14,atrasado
3495,1418,9804642-71.2024.4.76.5486,"R$ 65.546,09",4,4,"65546,08",431.73,25/02/20,23/05/25,transferência,Sim,0.19,atrasado
3496,734,6982910-41.2023.8.91.8758,18173.82,2,2,18173.82,128.29,2021-02-24,2027-01-30,TED,S,20,
3497,70,4299848-20.2023.2.47.7396,12893.58,9,3,"4297,86",8595.72,20/06/2021,17 de fevereiro de 2026,transferência,N,15%,Em Dia
3498,743,3734843-61.2021.3.94.2954,"R$ 68.464,14",10,9,"61617,69","6846,41",2022-11-15,21/02/2026,transferência,sim,,quitado
3499,710,1095980-10.2020.7.77.8313,6755.94,3,0,0.00,"R$ 6.909,92",26/12/21,22/03/2027,PIX,sim,20,ATRASADO
3500,858,5755257-93.2020.8.44.2882,15210.47,2,2,"R$ 15.210,46",0.00,2022-05-02,16/06/25,PIX,não,,
3501,1048,2316290-44.2022.7.34.5190,20429.14,5,3,12257.49,8171.66,26 de janeiro de 2025,22 de setembro de 2024,transferência,sim,21%,
3502,1325,3395583-64.2024.4.41.2181,78468.43,6,0,0.00,78534.32,13/06/2024,13 de agosto de 2024,pix,nao,15%,quitado
3503,35,8749473-21.2020.4.12.9144,35490.30,9,3,11830.11,23660.22,26/08/2023,15/08/2025,TED,Sim,0.23,atrasado
3504,1294,5438623-45.2022.4.51.7250,78882.60,11,8,57369.20,21513.45,14 de abril de 2024,2025-10-21,Boleto,N,20,quitado
3505,14,5271615-59.2021.2.54.6844,"R$ 6.042,68",7,3,"R$ 2.589,72",3452.96,2025-06-08,07/10/26,Boleto,nao,0.22,Em Dia
3506,1384,5266269-78.2021.7.59.1392,"6268,03",10,6,3760.80,2507.20,2023-05-23,17/11/2024,PIX,nao,,quitado
3507,139,6418382-43.2020.8.63.9133,38648.56,8,6,28986.42,"R$ 9.662,14",31/05/25,12 de março de 2024,transferência,sim,15%,atrasado
3508,1023,8368372-34.2020.6.43.9691,"40216,49",11,9,32904.36,7312.08,12/06/2025,12 de janeiro de 2025,TED,N,0.10,quitado
3509,1284,6034606-21.2023.6.18.6684,19231.32,1,0,0,"19231,32",06/02/2023,23/06/2024,TED,nao,28%,quitado
3510,1120,9992831-61.2022.4.35.1469,7474.02,9,8,6643.60,"R$ 830,45",01/11/2024,2026-12-13,PIX,nao,,atrasado
3511,969,9898363-27.2020.4.89.2966,27469.23,10,5,"R$ 13.734,60",13734.60,2022-11-14,2024-11-02,transferência,sim,15%,
3512,1005,7398699-88.2025.6.55.3587,59691.29,1,1,59691.29,0.00,11/05/2021,2024-12-23,transferência,Sim,18%,em dia
3513,638,5545511-73.2023.1.66.9757,64721.46,3,2,43147.64,,2023-04-20,2024-04-26,TED,S,15%,Em Dia
3514,734,5661974-14.2020.6.39.3137,"40663,42",8,5,25414.65,15248.79,2 de dezembro de 2021,18/02/25,TED,nao,16%,Em Dia
3515,316,5661974-14.2020.6.39.3137,60990.52,4,1,"R$ 15.247,63",45742.89,21/02/2020,18/03/25,PIX,nao,15%,
3516,1343,5058333-37.2021.3.98.8848,13431.98,4,3,10073.97,3357.99,5 de setembro de 2024,26/03/24,boleto,S,20,atrasado
3517,1284,7640585-40.2023.1.57.1721,16703.73,10,6,"R$ 10.022,22","6681,48",24 de agosto de 2025,12 de novembro de 2025,PIX,Sim,17%,em dia
3518,495,7486029-45.2024.4.25.3159,22347.37,10,4,"8938,96",13408.44,2022-03-18,11 de maio de 2025,PIX,Sim,20,quitado
3519,1402,3750497-13.2024.6.65.9009,39998.04,12,2,6666.34,33331.70,03/12/2022,02/03/26,PIX,sim,0.15,ATRASADO
3520,746,7271178-97.2023.5.84.4243,79478.24,7,4,45416.12,34062.09,13 de junho de 2021,2027-01-01,PIX,S,0.21,quitado
3521,901,1878000-50.2025.7.58.1197,74931.93,10,5,37465.95,"37465,95",18/10/2022,29/09/2026,pix,S,,Em Dia
3522,1386,9774395-92.2023.2.75.3192,62713.26,3,3,62713.26,0.00,17/02/2021,04/06/26,boleto,não,0.16,ATRASADO
3523,378,9252661-70.2020.1.46.1185,16815.27,1,0,0.00,16815.27,28/11/25,24/10/24,PIX,nao,15%,quitado
3524,1018,5853247-29.2020.7.62.8870,3283.08,12,5,1367.95,1915.13,2025-04-08,06/08/24,transferência,S,17%,quitado
3525,732,6528202-89.2025.3.17.9496,"R$ 26.332,66",7,0,0.00,26332.67,17/04/2022,04/03/27,transferência,S,15%,quitado
3526,585,7486138-99.2020.5.81.4332,74976.32,7,0,0.00,74976.30,21/02/2021,2025-07-25,TED,Sim,,Em Dia
3527,488,2753004-76.2021.8.83.9874,11527.56,1,1,11527.56,0.00,19/06/2020,2024-08-06,PIX,Sim,0.29,quitado
3528,15,9302979-43.2025.9.68.7487,70519.57,2,0,0.00,70519.58,2022-11-04,28/11/25,pix,,0.26,quitado
3529,1431,5483975-50.2024.8.92.4422,22806.83,7,3,"R$ 9.774,36",13032.48,15/05/22,10 de março de 2024,TED,S,15%,Em Dia
3530,1086,5661974-14.2020.6.39.3137,5496.33,10,10,"R$ 5.496,30",0.00,7 de fevereiro de 2026,2027-05-26,TED,nao,0.12,ATRASADO
3531,13,1557680-16.2021.4.16.4031,13712.89,12,4,"R$ 4.570,96",8999.96,16/05/2020,2024-06-16,Boleto,sim,19%,quitado
3532,863,6944389-98.2023.1.72.8245,62455.60,5,0,0.00,62455.60,2 de maio de 2025,2027-04-15,PIX,sim,15%,Em Dia
3533,791,7626521-25.2020.9.17.3305,39034.59,7,6,33458.22,5576.37,2024-12-07,03/09/2024,PIX,nao,13%,atrasado
3534,125,8062805-72.2022.1.22.8771,27590.77,11,0,0.00,27590.75,16/04/2024,19/12/26,Boleto,nao,21%,atrasado
3535,219,2519059-58.2022.7.86.4385,"R$ 65.671,07",12,10,54725.90,11314.26,2025-09-07,20/10/2024,Boleto,sim,20,Em Dia
3536,322,5545511-73.2023.1.66.9757,5657.93,5,5,"R$ 5.657,95",0.00,05/09/23,2024-02-03,transferência,Sim,15%,em dia
3537,642,9804642-71.2024.4.76.5486,60498.44,6,6,"R$ 60.498,42",0.00,13/11/2020,17 de julho de 2024,transferência,sim,25%,
3538,1141,9822459-92.2024.8.17.6403,"R$ 21.469,19",11,0,0.00,21469.14,4 de julho de 2021,28 de maio de 2027,transferência,N,,quitado
3539,550,2490107-19.2023.9.10.7930,64739.55,1,0,0,"64739,55",13 de maio de 2021,30 de janeiro de 2025,Boleto,N,0.10,Em Dia
3540,420,1237577-83.2022.8.91.4649,35215.26,12,10,29346.10,5869.22,2024-08-13,22 de fevereiro de 2027,PIX,sim,15%,Em Dia
3541,999,9108785-98.2021.3.78.6687,31988.01,3,1,10662.67,21325.34,08/06/21,04/09/2025,pix,N,,quitado
3542,707,7820540-78.2023.1.75.4823,35493.66,7,2,10141.04,"R$ 25.709,67",9 de fevereiro de 2021,01/11/2026,transferência,S,,
3543,1449,3585301-47.2021.7.73.3469,36002.78,6,3,"R$ 18.001,38",18001.38,10/05/2021,08/09/26,boleto,Sim,,Em Dia
3544,93,8168450-48.2020.2.65.4570,22972.14,6,1,3828.69,19143.45,24 de novembro de 2020,2025-08-03,PIX,S,15%,Em Dia
3545,191,5483975-50.2024.8.92.4422,44672.63,12,7,26059.04,"R$ 18.613,60",2021-12-30,2027-03-09,TED,sim,20,em dia
3546,1030,8220628-15.2021.8.54.9077,74619.23,1,1,74619.23,0.00,07/02/24,07/05/25,PIX,Sim,24%,quitado
3547,727,5661974-14.2020.6.39.3137,18383.97,1,0,0.00,18383.97,15/03/2022,19/11/2025,transferência,,,atrasado
3548,630,5483975-50.2024.8.92.4422,27389.86,9,1,3043.32,24346.56,14 de setembro de 2024,17/07/2026,boleto,não,0.21,atrasado
3549,82,4140100-24.2024.4.63.7178,"45775,91",9,1,5086.21,"R$ 40.689,68",5 de junho de 2025,07/03/27,transferência,Sim,15%,ATRASADO
3550,818,3510061-32.2020.9.13.4424,50160.15,9,3,16720.05,"R$ 33.440,10",09/03/2025,26/04/27,PIX,,20,ATRASADO
3551,479,9110060-16.2025.2.29.4716,65610.28,1,1,65610.28,0.00,25/11/2022,2026-02-04,TED,N,,ATRASADO
3552,1205,1614850-25.2020.8.85.3161,54953.99,3,3,54954,0.00,17 de janeiro de 2025,29/10/2025,PIX,,15%,quitado
3553,832,6944389-98.2023.1.72.8245,24340.73,5,1,"R$ 4.868,15",19472.60,13/02/2022,19/02/2027,transferência,sim,20,
3554,1456,9898363-27.2020.4.89.2966,"35190,68",12,10,29325.60,5865.12,24/10/23,25 de março de 2024,PIX,,,Em Dia
3555,1054,1931030-34.2024.8.48.5319,28010.34,9,2,6224.52,21785.82,22 de novembro de 2024,31/07/2025,TED,nao,15%,quitado
3556,881,2316290-44.2022.7.34.5190,34669.72,6,6,"R$ 34.669,74",0.00,2020-06-25,6 de abril de 2027,TED,nao,20,quitado
3557,1381,5625093-80.2022.9.16.6618,47227.44,3,3,47227.44,0.00,6 de janeiro de 2025,19/07/26,Boleto,sim,,ATRASADO
3558,1143,4584224-94.2025.2.57.2511,25733.37,11,5,11697,14036.40,08/12/2022,10/04/24,pix,Sim,20,em dia
3559,973,5901155-82.2023.2.89.7717,"59662,02",7,3,25569.45,34092.60,28/04/24,2025-12-07,PIX,sim,,atrasado
3560,212,2294596-63.2020.6.38.9193,60609.65,10,7,42426.79,"R$ 18.182,91",2022-03-25,14/07/25,transferência,,0.24,
3561,529,5401874-62.2025.2.46.8337,22036.06,5,0,0.00,"22036,05",17/03/24,16 de abril de 2025,TED,N,28%,
3562,517,5953905-94.2022.5.44.3245,"77987,69",11,11,77987.69,14.12,03/02/2022,2025-10-25,transferência,N,15%,quitado
3563,321,9086174-80.2025.1.81.3292,66258.68,3,2,44172.46,,2025-12-12,18/01/2026,pix,N,18%,ATRASADO
3564,1127,1742202-63.2023.6.68.9372,52488.83,8,7,45927.70,6561.10,7 de maio de 2021,18/01/26,transferência,N,20,
3565,390,3821719-15.2025.2.86.2518,34806.50,5,2,13922.60,20883.90,25/07/2025,08/04/2026,TED,nao,18%,atrasado
3566,1108,5514997-95.2024.1.84.8098,45343.24,3,1,15114.41,"30228,82",01/09/2023,24/05/27,PIX,,11%,em dia
3567,44,8749473-21.2020.4.12.9144,74019.87,10,7,51813.93,"R$ 22.205,97",2024-02-06,2025-05-15,transferência,S,20,
3568,960,8630644-97.2025.3.28.1296,12176.97,8,2,3044.24,9132.72,20/01/2023,16/07/2024,boleto,S,,atrasado
3569,1416,5631823-61.2020.5.47.1440,65466.80,11,4,23806.12,41660.71,2021-05-31,17/08/26,TED,não,15%,Em Dia
3570,137,4140100-24.2024.4.63.7178,72356.15,2,0,0.00,72356.14,19/02/20,20 de março de 2024,Boleto,não,20,quitado
3571,1294,6418382-43.2020.8.63.9133,72930.85,7,4,41674.76,31492.02,03/06/2021,18 de março de 2024,boleto,Sim,24%,quitado
3572,879,4507711-38.2024.2.34.4732,"R$ 50.197,68",1,1,50197.68,0.00,2020-11-08,2027-05-05,transferência,sim,15%,quitado
3573,930,7486138-99.2020.5.81.4332,49959.41,2,1,"R$ 24.979,71",24979.71,03/11/2023,23 de junho de 2024,PIX,S,27%,atrasado
3574,1315,8749473-21.2020.4.12.9144,64785.93,3,2,43190.62,"R$ 21.595,31",19 de março de 2022,2026-07-31,boleto,S,,quitado
3575,507,9062552-47.2024.4.22.8265,48611.63,2,2,"48611,62",0.00,28/10/2024,23 de junho de 2026,Boleto,nao,15%,atrasado
3576,1247,3778380-86.2023.9.32.5849,17264.36,12,11,15825.70,"R$ 1.438,70",14/10/2022,2026-10-17,transferência,N,15%,Em Dia
3577,146,7515318-25.2024.4.34.6280,74820.11,8,3,"R$ 28.057,53",46762.55,22/02/21,2025-01-04,boleto,sim,15%,ATRASADO
3578,68,4084503-92.2025.8.90.5515,77480.81,8,8,77480.80,0.00,2025-03-09,12/11/2026,pix,sim,20,quitado
3579,1109,4510407-23.2020.5.18.6055,15652.36,6,4,"10434,92",5317.09,2026-01-27,2024-10-11,pix,N,0.26,quitado
3580,329,9970343-38.2020.5.18.4483,34950.70,5,3,20970.42,13980.28,05/09/24,12/04/2026,Boleto,sim,15%,ATRASADO
3581,103,9636371-69.2025.8.67.4068,16619.92,10,2,3323.98,13295.92,5 de maio de 2022,2 de abril de 2026,transferência,N,12%,Em Dia
3582,739,8905709-90.2020.9.55.2471,65901.02,10,7,46130.70,19770.30,28 de novembro de 2021,07/12/2025,boleto,S,,quitado
3583,659,6953559-38.2025.7.42.9212,46348.93,9,7,"R$ 36.049,16",10299.76,2025-01-03,2024-10-31,TED,não,,quitado
3584,1107,7539718-58.2020.2.52.9800,13847.87,4,4,13847.88,0.00,01/05/23,23/07/24,pix,nao,15%,ATRASADO
3585,1304,8323566-47.2021.3.26.4644,"R$ 45.383,27",6,0,0.00,"45383,28",17/12/2022,21 de maio de 2026,Boleto,,27%,
3586,1034,5947618-28.2023.6.53.6118,76054.68,3,2,50703.12,25351.56,7 de julho de 2025,2024-12-07,PIX,,24%,quitado
3587,201,5451988-41.2020.2.82.4041,24224.19,10,7,"R$ 16.956,94",7267.26,2023-08-01,05/01/2024,pix,sim,23%,Em Dia
3588,961,8678370-92.2025.7.35.9962,50603.19,3,1,"R$ 16.867,73",33735.46,28/01/2024,22/03/27,transferência,,0.10,quitado
3589,641,5274951-77.2021.1.76.5120,66213.98,1,0,"R$ 0,00",66213.98,22 de maio de 2022,3 de março de 2027,boleto,,0.18,atrasado
3590,138,7271178-97.2023.5.84.4243,66304.00,5,2,26521.60,39782.40,11/12/2021,22 de outubro de 2025,boleto,N,20,ATRASADO
3591,1121,2997279-67.2024.9.84.1441,"25989,77",2,0,"R$ 0,00",25496.89,09/08/2020,21/03/2027,boleto,não,15%,quitado
3592,435,8286828-70.2022.9.31.8012,10287.53,10,2,2057.50,8055.91,2025-06-05,18/03/25,transferência,nao,15%,quitado
3593,973,1964519-55.2020.7.58.6781,66299.59,4,4,66299.60,0.00,2024-09-13,14/04/26,transferência,,,quitado
3594,1464,6836135-90.2022.9.37.5643,57423.94,6,3,28711.98,28711.98,30 de novembro de 2020,2024-08-26,PIX,sim,20,ATRASADO
3595,954,1445483-93.2023.1.61.7357,"R$ 61.917,77",1,0,"R$ 0,00","R$ 61.917,77",11 de dezembro de 2024,20/10/2026,PIX,sim,15%,em dia
3596,700,8588997-88.2020.6.29.5987,60931.45,5,3,"36558,87",24372.58,21/06/2024,27 de novembro de 2026,boleto,N,0.10,
3597,1500,5074974-98.2023.8.21.9881,"R$ 23.275,30",2,1,11637.65,11637.65,05/05/2020,2025-01-12,transferência,não,15%,Em Dia
3598,990,4510407-23.2020.5.18.6055,28164.31,8,7,24643.78,3520.54,24/03/2020,18/12/26,Boleto,,27%,quitado
3599,537,4687348-31.2023.1.92.6907,"R$ 12.453,00",3,3,12453.00,0.00,01/02/20,23/05/2024,transferência,sim,15%,ATRASADO
3600,1126,9774395-92.2023.2.75.3192,13160.45,1,0,0.00,13160.45,25 de fevereiro de 2025,02/06/2026,pix,sim,,Em Dia
3601,381,7941836-76.2025.4.34.6543,70379.89,1,0,0.00,70379.89,15 de abril de 2026,2026-01-20,boleto,não,,atrasado
3602,753,1237577-83.2022.8.91.4649,12415.40,1,1,12415.40,0.00,2020-08-13,25/05/2024,TED,não,,Em Dia
3603,398,3542616-60.2022.3.87.6536,46403.36,5,1,9280.67,37122.68,12/10/2022,10 de outubro de 2025,transferência,S,16%,quitado
3604,70,2554938-48.2024.1.13.4544,50600.51,1,1,50600.51,0.00,12 de julho de 2020,03/07/2024,Boleto,nao,20,
3605,293,6096719-87.2023.1.41.6180,"R$ 35.148,70",1,1,"R$ 35.148,70","R$ 0,00",26/04/20,2026-09-13,Boleto,nao,15%,atrasado
3606,816,7082985-88.2022.2.94.6058,"50922,69",12,10,"R$ 42.435,60","R$ 8.487,12",26/04/20,25 de agosto de 2026,TED,S,0.10,ATRASADO
3607,1287,9057960-29.2025.5.10.6072,26739.06,9,1,2971.01,"R$ 23.768,08",2025-10-21,19/11/24,boleto,não,0.10,quitado
3608,683,2966787-79.2022.1.41.9944,37525.54,9,1,"4169,5","R$ 33.356,00",24/10/2025,08/11/24,boleto,sim,15%,Em Dia
3609,547,2675642-32.2022.8.65.5499,"15291,65",4,4,15291.64,0.00,2022-09-05,2026-12-25,transferência,nao,0.15,quitado
3610,459,8530609-10.2021.5.41.7151,57181.19,5,3,"R$ 34.308,72","R$ 22.872,48",22 de outubro de 2024,4 de maio de 2024,pix,Sim,15%,quitado
3611,1003,5732779-86.2025.4.28.7831,29817.29,5,3,17890.38,"11926,92",21 de agosto de 2022,11/07/25,TED,não,12%,Em Dia
3612,886,1101935-78.2023.5.88.5299,"R$ 45.010,37",5,0,0.00,45010.35,09/04/2025,21/12/26,PIX,não,0.11,Em Dia
3613,1251,1602496-64.2022.5.79.8340,50960.60,8,5,31850.35,"R$ 19.110,21",2022-10-15,20/12/2025,boleto,não,,quitado
3614,1441,1933296-95.2024.5.69.8317,71043.68,1,0,0.00,,10/02/24,02/04/24,transferência,S,,ATRASADO
3615,841,1165147-13.2020.2.47.5874,58271.19,11,11,58271.18,0.00,2021-02-16,19/01/27,transferência,,0.26,em dia
3616,713,8655267-17.2025.3.63.4188,26253.35,8,7,22971.69,3281.67,13/11/2020,23/06/2027,boleto,,20,
3617,311,9408522-77.2021.3.36.8376,"R$ 22.090,72",7,6,18934.92,"R$ 3.155,82",2023-07-14,23/06/2027,transferência,,15%,atrasado
3618,1048,2236315-26.2022.5.82.8939,73775.04,9,3,24591.69,49183.38,12/08/25,2025-09-28,Boleto,S,0.28,ATRASADO
3619,172,7820540-78.2023.1.75.4823,76885.05,2,0,0.00,76885.06,26 de abril de 2020,18/09/2024,Boleto,,20,
3620,1317,9835331-11.2022.6.15.8602,68876.72,6,3,"R$ 34.438,35","34705,05",16/11/20,10 de maio de 2026,boleto,N,0.19,
3621,15,6425355-10.2021.6.53.2041,"R$ 78.467,51",2,1,39233.75,39233.75,2020-09-20,14/07/24,pix,nao,0.19,Em Dia
3622,510,5159882-37.2022.9.71.7550,7124.82,1,1,7124.82,0.00,2020-05-24,2024-08-02,TED,Sim,15%,quitado
3623,874,7136189-41.2024.2.60.1768,"R$ 69.391,20",4,4,69391.20,"-83,63",20/03/2020,24/12/25,TED,Sim,20,
3624,968,5614769-67.2022.9.87.1001,"R$ 70.112,53",3,3,70112.52,,11/09/24,27/03/2026,TED,Sim,15%,quitado
3625,1038,2837371-36.2022.7.88.5428,21152.02,12,12,"21152,04",0.00,2020-07-06,20/07/2024,Boleto,N,,Em Dia
3626,665,8209168-30.2020.1.41.7632,"R$ 11.097,45",2,0,0.00,11097.46,15/08/23,24 de agosto de 2024,Boleto,nao,15%,
3627,27,9062552-47.2024.4.22.8265,70573.03,3,2,"R$ 47.048,68",23524.34,22/02/2023,25/08/25,boleto,,,em dia
3628,1224,1676369-34.2022.3.47.6087,70027.67,11,7,"R$ 44.563,05",25464.60,24/11/2025,02/10/25,transferência,S,20,em dia
3629,1335,5826200-20.2025.1.91.8748,78612.63,3,1,26204.21,"52408,42",29/05/2020,2024-11-20,pix,N,20,quitado
3630,1349,6404948-40.2021.7.68.7161,12548.66,12,2,"R$ 2.091,44",10457.20,09/02/22,2026-04-19,transferência,não,15%,quitado
3631,16,9214397-26.2023.4.18.6844,"R$ 76.358,39",1,1,"R$ 76.358,39","R$ 0,00",13/06/20,29/04/26,pix,S,0.21,ATRASADO
3632,650,7789809-22.2020.1.73.9031,"R$ 72.760,01",5,4,"R$ 58.208,00",14552.00,27/02/2023,29/09/26,pix,Sim,0.23,em dia
3633,782,7840442-26.2025.9.53.5093,57802.84,7,4,"33030,2",24772.65,2023-02-03,27/02/24,PIX,Sim,15%,quitado
3634,636,2660213-63.2022.6.50.8366,67579.76,4,2,33789.88,"R$ 33.789,88",2025-08-24,16/12/25,PIX,nao,0.11,
3635,621,2267110-24.2021.5.78.6025,28898.09,9,7,"R$ 22.476,30","R$ 6.421,80",2021-01-26,2026-01-20,TED,N,0.25,em dia
3636,1381,2118934-75.2023.5.97.9563,12002.41,5,1,"2400,48",,1 de dezembro de 2025,20 de maio de 2027,pix,nao,20,Em Dia
3637,482,3734843-61.2021.3.94.2954,"49452,54",5,1,9890.51,39562.04,2022-07-05,03/04/26,Boleto,S,16%,
3638,1012,9953454-93.2020.2.52.5723,78078.39,11,3,21294.12,56784.32,17/10/2020,2027-03-03,PIX,nao,15%,Em Dia
3639,500,5159882-37.2022.9.71.7550,27069.21,5,1,5413.84,21655.36,15/02/2025,2025-09-11,PIX,nao,15%,Em Dia
3640,167,3679963-72.2020.9.29.7859,64772.24,9,4,"28787,68","R$ 35.984,60",27/08/21,15 de agosto de 2024,pix,Sim,20,em dia
3641,1084,2519059-58.2022.7.86.4385,"R$ 79.503,06",12,10,66252.60,"13250,52",2024-06-01,2026-06-21,pix,nao,0.23,Em Dia
3642,572,5755257-93.2020.8.44.2882,14528.09,4,4,14528.08,0.00,13/05/23,19 de abril de 2027,TED,não,0.25,ATRASADO
3643,1162,7274275-74.2020.1.22.9780,49323.13,7,3,21138.48,28184.64,2022-06-21,13 de março de 2027,transferência,sim,27%,ATRASADO
3644,399,8827641-36.2022.5.59.8715,"R$ 5.051,52",12,0,0.00,5051.52,2024-08-12,5 de abril de 2025,pix,não,0.17,atrasado
3645,531,5733649-38.2020.2.35.3379,17920.39,1,1,17920.39,0.00,11/02/2026,20/06/2024,boleto,Sim,15%,quitado
3646,396,1633270-27.2024.2.52.7034,73743.44,1,0,0.00,"73743,44",18 de agosto de 2025,05/05/2024,pix,nao,,em dia
3647,1259,5124342-11.2025.5.50.6107,"R$ 6.822,31",9,1,"758,03",6064.24,03/04/2026,26/11/25,Boleto,nao,,quitado
3648,952,3263740-44.2022.3.81.5402,16975.90,5,1,3395.18,13580.72,23 de dezembro de 2024,2026-10-08,PIX,Sim,19%,
3649,1370,4064382-39.2022.4.13.8937,23431.32,4,4,23431.32,0.00,4 de agosto de 2023,2024-08-03,TED,Sim,15%,quitado
3650,1453,2236315-26.2022.5.82.8939,17820.43,4,2,8910.22,"8910,22",2023-01-10,25 de novembro de 2025,pix,não,20%,quitado
3651,404,9636371-69.2025.8.67.4068,66872.53,11,3,18237.96,48634.56,13/01/20,23/08/2025,boleto,N,15%,ATRASADO
3652,1454,8129073-22.2024.4.16.9656,28983.40,9,4,12881.52,16149.18,2021-11-01,2025-05-21,Boleto,N,0.18,Em Dia
3653,451,6011987-71.2020.8.10.4396,54365.73,8,8,54365.76,0.00,03/02/24,25 de abril de 2024,pix,nao,30%,ATRASADO
3654,363,6953559-38.2025.7.42.9212,42139.20,3,1,14046.40,28092.80,3 de outubro de 2021,2024-04-17,Boleto,S,18%,quitado
3655,567,6339808-70.2020.2.67.1325,67687.55,9,7,52645.88,"15041,68",20/03/25,9 de setembro de 2025,boleto,,15%,quitado
3656,755,6334947-38.2020.4.71.6173,17541.08,3,3,17541.09,"R$ 0,00",9 de agosto de 2021,06/05/2025,TED,não,20,em dia
3657,32,1098476-20.2021.1.47.3336,67579.86,1,0,0.00,67579.86,06/01/23,1 de março de 2027,boleto,não,20,ATRASADO
3658,225,8816646-78.2020.7.70.9224,14322.86,8,0,0.00,"14322,88",2021-07-28,17/07/2026,boleto,nao,20,atrasado
3659,299,6982910-41.2023.8.91.8758,"R$ 77.802,56",3,0,0,,04/02/24,20 de julho de 2026,PIX,nao,0.19,quitado
3660,248,1248003-72.2024.2.80.8472,37358.10,4,1,9339.52,28484.51,06/04/23,25/09/26,Boleto,Sim,15%,quitado
3661,537,7438163-48.2021.3.47.1186,45576.03,1,1,45576.03,123.57,29 de setembro de 2020,2026-12-21,boleto,não,,
3662,1409,7438163-48.2021.3.47.1186,"58524,97",8,0,0.00,58524.96,2020-05-01,24 de abril de 2024,Boleto,N,14%,quitado
3663,546,6339808-70.2020.2.67.1325,30800.92,10,8,24640.72,6160.18,14 de junho de 2025,09/06/2025,boleto,não,,em dia
3664,433,3168718-77.2025.2.92.8027,47462.05,10,6,28477.20,"R$ 18.984,80",2024-04-29,13/04/2024,transferência,nao,,
3665,638,5492622-29.2021.9.92.7737,22820.02,12,11,20918.37,1901.67,2022-04-14,02/03/2027,TED,N,,atrasado
3666,929,9992831-61.2022.4.35.1469,43301.35,11,0,0.00,43301.39,21/04/2023,2026-12-06,boleto,S,15%,ATRASADO
3667,759,1273300-90.2024.2.80.7378,9543.24,7,4,"R$ 5.453,28",4089.96,16/11/2024,2 de abril de 2025,TED,S,20,Em Dia
3668,341,4865461-96.2025.2.64.9143,5550.66,2,2,5550.66,0.00,2021-09-23,6 de maio de 2027,PIX,N,,ATRASADO
3669,1402,6425355-10.2021.6.53.2041,36664.23,6,4,24442.84,12221.42,2022-08-20,23/05/2025,boleto,Sim,0.26,quitado
3670,628,1237577-83.2022.8.91.4649,18720.26,1,1,18720.26,0,2025-11-04,1 de fevereiro de 2026,Boleto,não,15%,Em Dia
3671,1434,1714231-74.2025.9.71.1697,19045.63,5,4,15236.52,3809.13,19/02/24,29 de setembro de 2024,Boleto,,20,ATRASADO
3672,280,9810112-12.2021.1.97.8847,21663.25,9,6,14442.18,6866.26,15/05/23,6 de maio de 2026,TED,nao,22%,atrasado
3673,627,6982910-41.2023.8.91.8758,18766.61,4,1,4691.65,"14074,95",2023-12-03,20/02/24,boleto,N,20,quitado
3674,37,2267110-24.2021.5.78.6025,"R$ 16.088,54",6,4,10725.68,5362.84,18/12/2023,26 de janeiro de 2024,PIX,,0.14,ATRASADO
3675,769,9086174-80.2025.1.81.3292,77048.80,1,0,0.00,,09/08/2020,23 de abril de 2025,boleto,S,27%,ATRASADO
3676,276,8749473-21.2020.4.12.9144,"R$ 78.985,67",2,1,39492.83,39492.83,14/06/25,17/01/25,pix,não,20,atrasado
3677,728,8749473-21.2020.4.12.9144,"R$ 9.067,05",8,1,1133.38,7933.66,2024-01-14,2024-08-14,transferência,,20%,
3678,280,7515318-25.2024.4.34.6280,33030.79,2,2,"R$ 33.030,80",0.00,13/12/2022,2027-06-16,PIX,sim,15%,
3679,732,2554938-48.2024.1.13.4544,47271.43,8,3,17726.79,29544.65,14 de abril de 2026,19/03/2027,TED,nao,20,
3680,837,3821719-15.2025.2.86.2518,24177.67,6,0,0.00,24177.66,2023-01-25,2026-05-05,TED,N,,quitado
3681,1463,2397582-22.2023.9.93.4223,20269.90,4,1,"5067,48","R$ 15.202,44",2 de junho de 2021,03/08/24,Boleto,nao,15%,atrasado
3682,476,5112941-62.2021.1.89.5887,"R$ 36.655,91",9,2,8145.76,28510.16,13/11/2022,17/09/2026,TED,N,,
3683,835,4299848-20.2023.2.47.7396,6778.79,8,7,5931.45,847.35,23/02/2024,8 de novembro de 2024,transferência,S,0.26,
3684,1273,6034606-21.2023.6.18.6684,22034.00,12,5,9180.85,12853.19,01/06/2023,22/01/24,pix,N,,em dia
3685,810,8590346-68.2020.7.63.7780,21567.94,9,4,9585.76,11982.20,2023-03-26,2027-04-29,boleto,não,0.25,quitado
3686,542,8157599-64.2024.2.89.5276,64619.26,2,1,32309.63,32309.63,23/06/25,26/05/2026,pix,não,28%,Em Dia
3687,1056,8607512-63.2021.6.82.1039,36653.22,4,1,9163.31,27489.93,2023-08-08,03/05/2027,Boleto,N,0.17,Em Dia
3688,1461,1093623-59.2025.7.92.5441,76062.57,7,0,0.00,76062.56,10 de janeiro de 2024,22/09/2026,boleto,Sim,20,atrasado
3689,844,6018860-77.2022.1.94.1315,7486.68,3,2,4991.12,2495.56,05/11/22,17/08/26,pix,nao,20,quitado
3690,951,3734843-61.2021.3.94.2954,"5127,13",7,2,1464.90,"R$ 3.662,25",19/03/24,12 de maio de 2024,boleto,nao,15%,Em Dia
3691,328,1185885-59.2023.7.19.8433,"R$ 56.355,47",2,2,56355.48,"R$ 0,00",02/02/2025,05/04/2027,Boleto,,0.10,
3692,371,5661974-14.2020.6.39.3137,37124.81,7,5,26517.70,10607.08,25 de outubro de 2023,22 de julho de 2025,boleto,,20,ATRASADO
3693,261,5284129-51.2020.3.32.5205,"R$ 49.022,99",11,6,26739.84,"R$ 22.283,20",09/11/21,3 de novembro de 2025,TED,sim,,
3694,1479,5159882-37.2022.9.71.7550,56465.60,4,4,56465.60,0.00,20/01/21,17 de junho de 2025,Boleto,nao,,quitado
3695,1413,4824419-32.2024.5.47.3265,30144.68,8,8,30144.72,0.00,18/02/2022,2026-05-30,TED,N,,atrasado
3696,1072,8816646-78.2020.7.70.9224,65656.03,11,5,29843.65,35812.38,05/05/25,28/07/24,pix,,0.27,quitado
3697,1016,8590346-68.2020.7.63.7780,"42823,81",8,1,5352.98,37470.86,2023-05-05,30/08/2025,Boleto,não,26%,quitado
3698,1500,2519059-58.2022.7.86.4385,19491.94,12,10,16243.30,"R$ 3.248,66",2023-11-24,19/09/25,TED,não,,
3699,968,2397582-22.2023.9.93.4223,52620.35,7,3,22551.57,30068.76,9 de julho de 2020,24/09/2024,PIX,sim,13%,quitado
3700,836,1633270-27.2024.2.52.7034,"59211,38",10,9,53290.26,5921.14,2022-02-13,2027-03-13,Boleto,S,20,ATRASADO
3701,994,8655267-17.2025.3.63.4188,65216.25,6,6,65216.28,0.00,29/06/23,2026-05-21,boleto,Sim,19%,atrasado
3702,545,1438459-62.2020.7.78.3410,"R$ 29.901,51",8,8,29901.52,,2020-06-08,16 de maio de 2024,TED,nao,20,Em Dia
3703,906,2292432-35.2025.5.83.7063,"R$ 10.760,72",2,2,"10760,72",0.00,26/04/26,11 de novembro de 2024,boleto,sim,,ATRASADO
3704,759,1974389-81.2024.5.57.9354,"14577,89",11,9,"11927,34",2650.52,12/05/20,02/04/24,TED,não,0.11,ATRASADO
3705,255,4584224-94.2025.2.57.2511,"R$ 58.794,79",7,1,8399.26,50554.35,11/03/2022,26 de setembro de 2024,PIX,Sim,20,quitado
3706,874,4568537-97.2021.4.82.7633,68226.63,7,3,"R$ 29.239,98",38986.64,31/10/25,25/01/27,boleto,não,,quitado
3707,876,3922248-27.2025.1.42.4047,66054.51,6,1,11009.08,55045.40,23/08/20,22 de março de 2025,Boleto,S,15%,ATRASADO
3708,1242,2112478-55.2024.2.51.9095,59867.18,10,1,5986.72,54372.53,7 de março de 2025,07/07/2025,pix,Sim,0.22,quitado
3709,803,3766710-17.2025.4.91.1472,"14091,15",1,0,0,14091.15,24 de janeiro de 2020,9 de abril de 2024,transferência,N,25%,ATRASADO
3710,608,1784068-27.2021.3.12.2538,"R$ 55.582,40",3,3,55582.41,"R$ 0,00",05/07/25,4 de abril de 2027,pix,nao,,Em Dia
3711,1304,7862554-22.2024.7.83.6459,49926.41,11,1,4538.76,45387.60,2024-09-16,23/12/24,TED,N,0.29,Em Dia
3712,159,6034606-21.2023.6.18.6684,79304.94,3,0,0.00,79304.94,23 de novembro de 2024,2026-03-24,Boleto,não,,em dia
3713,1099,3675188-38.2025.9.53.3305,48287.43,11,9,39507.93,8779.54,6 de março de 2026,25/03/24,boleto,sim,20,
3714,1307,9057960-29.2025.5.10.6072,57810.00,6,3,28905.00,28905.00,20/06/2021,15 de fevereiro de 2027,TED,,0.26,quitado
3715,929,5112941-62.2021.1.89.5887,24574.05,12,8,16382.72,8191.36,18/05/25,2 de julho de 2024,pix,sim,15%,Em Dia
3716,597,5901155-82.2023.2.89.7717,"R$ 51.981,48",3,2,34654.32,17327.16,01/12/23,05/09/2025,Boleto,nao,15%,quitado
3717,85,6404948-40.2021.7.68.7161,"R$ 69.846,70",8,7,61115.88,8730.84,30/04/21,11 de fevereiro de 2027,transferência,sim,20,quitado
3718,444,6927716-18.2022.9.56.1445,55545.15,5,3,33327.09,22218.06,22/04/26,18 de maio de 2025,pix,S,0.28,quitado
3719,742,2480014-80.2024.2.29.9847,32528.52,4,2,16264.26,16264.26,21 de fevereiro de 2023,2024-04-30,boleto,Sim,0.15,em dia
3720,983,4299848-20.2023.2.47.7396,"R$ 23.725,99",2,0,0.00,"R$ 23.726,00",28/06/25,2 de junho de 2024,TED,N,15%,ATRASADO
3721,1271,5953905-94.2022.5.44.3245,70272.58,5,5,70272.60,79.14,02/05/25,3 de outubro de 2026,PIX,não,24%,
3722,319,5239450-56.2022.7.99.2371,12564.02,10,8,10051.20,"R$ 2.512,80",7 de maio de 2023,7 de janeiro de 2024,TED,não,,quitado
3723,32,1878000-50.2025.7.58.1197,3951.53,2,1,1975.77,1975.77,2026-01-10,23/07/2026,transferência,nao,30%,quitado
3724,25,9425559-65.2022.6.99.1309,72526.08,2,1,36263.04,36263.04,05/11/2020,25/11/2024,PIX,N,18%,em dia
3725,1388,9798556-59.2021.3.62.3110,57085.16,8,1,7135.65,49949.55,26 de abril de 2024,5 de maio de 2026,Boleto,não,15%,quitado
3726,1015,8306601-19.2020.3.50.7457,70019.95,8,8,70019.92,"R$ 0,00",23/05/22,2024-10-02,Boleto,,20,Em Dia
3727,148,2575202-50.2023.1.54.9627,17412.20,1,0,0.00,17412.20,20 de novembro de 2025,02/06/2027,transferência,N,15%,quitado
3728,1499,4493339-70.2021.7.17.8725,40647.28,1,1,"40647,28","R$ 0,00",22 de fevereiro de 2020,17/07/2026,TED,Sim,,Em Dia
3729,315,5451988-41.2020.2.82.4041,73753.30,7,0,0.00,73753.33,08/10/2021,05/01/27,Boleto,não,15%,em dia
3730,1099,6370110-64.2022.3.52.8440,47776.53,10,6,"28665,899999999998","19428,58",15/11/25,2026-10-12,transferência,N,0.12,ATRASADO
3731,714,2658962-39.2022.5.95.8856,48592.29,4,3,"R$ 36.444,21",,2021-04-13,2026-12-06,PIX,sim,10%,
3732,470,3054975-46.2023.4.85.5879,"R$ 66.572,78",7,7,66572.80,0.00,12/09/20,23/05/2026,boleto,S,,atrasado
3733,993,6034606-21.2023.6.18.6684,10523.97,1,1,10523.97,"R$ 0,00",21/10/2022,27/12/25,pix,Sim,20,quitado
3734,70,3766710-17.2025.4.91.1472,73756.80,5,3,44254.08,29502.72,05/03/23,28 de dezembro de 2025,TED,não,19%,Em Dia
3735,1024,4452862-76.2021.3.27.3238,"4139,68",2,2,"4139,68",0,2023-06-03,2026-09-08,Boleto,Sim,0.14,quitado
3736,554,5472823-70.2022.4.41.7624,75139.92,9,8,66791.04,"R$ 8.348,88",2023-05-12,20/05/24,Boleto,S,0.28,em dia
3737,277,3542616-60.2022.3.87.6536,8479.49,7,6,7268.16,1211.36,2022-10-03,5 de janeiro de 2025,PIX,S,30%,quitado
3738,936,3395583-64.2024.4.41.2181,17168.45,6,1,2861.41,14793.64,18/06/21,30 de maio de 2026,TED,S,20,
3739,1035,8905709-90.2020.9.55.2471,68374.76,5,1,13674.95,54699.80,13 de junho de 2021,03/07/24,PIX,S,0.25,
3740,514,3879233-61.2024.5.30.1494,17118.93,3,0,0.00,17118.93,16/01/20,10/03/25,PIX,,,
3741,830,7553290-31.2023.9.36.9282,"R$ 73.814,67",4,1,18453.67,55361.01,26/11/2020,14 de setembro de 2024,Boleto,N,0.23,
3742,1391,3588109-63.2023.1.26.4223,18317.27,7,7,18317.25,0.00,2021-11-11,20 de junho de 2027,Boleto,,28%,Em Dia
3743,301,3376786-12.2020.7.64.5093,23975.02,2,1,11987.51,"R$ 11.987,51",20/08/2021,2024-07-17,Boleto,sim,20,ATRASADO
3744,1459,3754895-37.2021.6.18.8502,79160.40,12,4,26386.80,"52773,6",2025-08-07,27 de dezembro de 2026,TED,não,20,atrasado
3745,969,3542616-60.2022.3.87.6536,53584.94,2,0,0.00,53584.94,28 de fevereiro de 2024,01/01/25,PIX,N,14%,quitado
3746,154,9076234-78.2023.3.90.2702,"R$ 55.945,08",8,4,27972.56,27972.56,20 de julho de 2024,30/08/24,Boleto,,,atrasado
3747,135,9824532-76.2023.6.37.2040,60607.67,9,8,53873.52,"6734,19",26/01/2023,2024-05-17,Boleto,,0.12,ATRASADO
3748,1356,6935346-77.2024.3.52.9529,"4241,91",12,8,2827.92,1413.96,29/10/21,04/01/2025,Boleto,Sim,,quitado
3749,552,9168044-67.2022.1.26.3054,15739.91,12,2,2623.32,13116.60,09/10/2023,24/06/27,Boleto,N,17%,em dia
3750,140,9804642-71.2024.4.76.5486,"R$ 49.670,82",3,3,"R$ 49.670,82","R$ 0,00",08/11/25,14/10/2026,boleto,não,20,ATRASADO
3751,922,3667022-35.2020.9.76.3115,54269.19,2,2,54269.20,0.00,04/11/21,2025-11-13,TED,Sim,15%,quitado
3752,275,5159882-37.2022.9.71.7550,6818.47,10,0,0.00,,10/09/23,14/09/2025,TED,Sim,0.12,quitado
3753,351,7398699-88.2025.6.55.3587,27675.94,2,0,"R$ 0,00",27675.94,2026-01-19,20/01/2024,boleto,N,,em dia
3754,866,5112941-62.2021.1.89.5887,75099.16,6,5,62582.65,12516.53,14 de março de 2022,30/09/25,pix,nao,20,ATRASADO
3755,938,3675188-38.2025.9.53.3305,11777.24,1,1,11777.24,0.00,1 de junho de 2023,2026-01-05,TED,Sim,15%,Em Dia
3756,474,9798556-59.2021.3.62.3110,"67816,02",6,0,0.00,67816.02,06/01/21,2026-12-09,PIX,Sim,0.12,
3757,971,5214684-96.2020.6.84.9986,42400.38,2,1,"R$ 21.200,19",21200.19,18/12/24,24/09/2026,boleto,não,15%,quitado
3758,317,5116418-16.2025.3.98.2234,12290.65,10,1,1229.07,11061.63,2025-07-02,3 de dezembro de 2024,TED,nao,0.11,quitado
3759,1174,4687348-31.2023.1.92.6907,46991.50,9,2,"R$ 10.442,56","R$ 36.548,96",08/02/25,2025-03-27,pix,,30%,em dia
3760,385,6836135-90.2022.9.37.5643,"7090,07",1,1,7090.07,,2023-09-05,12/08/2026,boleto,,0.10,Em Dia
3761,68,2490107-19.2023.9.10.7930,24366.11,4,1,6091.53,17896.15,28 de novembro de 2025,23/10/2024,transferência,Sim,15%,em dia
3762,731,4016576-41.2022.7.10.6952,50995.11,1,1,50995.11,0.00,22/11/21,16 de setembro de 2026,boleto,N,,quitado
3763,412,9885734-21.2023.9.74.3450,35289.98,10,8,28232.00,7058.00,05/01/2021,26/10/2025,PIX,sim,15%,quitado
3764,549,9636371-69.2025.8.67.4068,"R$ 14.929,18",10,6,8957.52,"R$ 5.971,68",17/11/2020,25/04/26,transferência,Sim,,atrasado
3765,1356,5514997-95.2024.1.84.8098,52542.56,10,3,15762.78,36779.82,23 de dezembro de 2021,19/03/27,pix,S,,atrasado
3766,1268,8382607-83.2020.6.26.3936,"R$ 35.743,46",5,4,28594.76,,03/09/2024,26/08/26,Boleto,,0.17,ATRASADO
3767,120,5853247-29.2020.7.62.8870,46955.48,2,2,46955.48,0.00,04/04/2023,31/10/2025,pix,S,15%,quitado
3768,651,4140100-24.2024.4.63.7178,60478.41,6,5,50398.70,10079.74,27/08/2020,22 de maio de 2026,transferência,não,0.15,quitado
3769,381,6254488-31.2024.9.48.3216,"R$ 21.515,62",7,5,15368.30,6147.32,02/08/2022,24/03/2026,Boleto,S,13%,quitado
3770,814,5144296-22.2022.4.87.9648,54920.66,4,4,54920.68,0.00,23 de abril de 2022,2026-12-02,boleto,nao,20,atrasado
3771,652,5631823-61.2020.5.47.1440,21536.54,4,3,16152.42,"R$ 5.384,14",2023-03-01,2027-06-30,TED,Sim,20,ATRASADO
3772,959,2480014-80.2024.2.29.9847,78301.10,7,7,78301.09,0.00,2020-02-09,02/05/2025,transferência,S,15%,atrasado
3773,569,4090182-95.2021.1.57.7189,56221.03,7,2,16063.16,40157.90,27/05/23,24/06/24,PIX,não,29%,quitado
3774,735,5438623-45.2022.4.51.7250,17845.36,8,7,"R$ 15.614,69",2230.67,27/03/2024,25/03/2027,Boleto,sim,27%,atrasado
3775,223,1099617-37.2023.9.61.1793,"33583,21",1,0,0.00,33583.21,13/01/2024,1 de junho de 2024,Boleto,Sim,,quitado
3776,829,8209168-30.2020.1.41.7632,59119.33,3,1,"R$ 19.706,44",39412.88,16/05/20,26 de maio de 2025,PIX,N,0.29,
3777,63,1346701-74.2024.1.65.8985,72054.37,4,2,36027.18,36027.18,2021-05-24,02/06/2025,transferência,nao,20,ATRASADO
3778,635,8368255-39.2020.9.60.4414,8731.01,4,0,0.00,8731,2022-04-13,21 de janeiro de 2027,transferência,Sim,14%,quitado
3779,624,2236315-26.2022.5.82.8939,34200.27,6,3,17100.12,17599.13,23 de outubro de 2023,2025-06-06,TED,N,0.12,ATRASADO
3780,340,7599278-46.2021.4.96.3535,68892.84,9,0,0.00,68892.84,29 de novembro de 2020,16/04/2025,transferência,S,15%,quitado
3781,1247,9425559-65.2022.6.99.1309,15692.03,2,1,7846.02,7846.02,14/05/22,8 de junho de 2027,pix,S,,
3782,372,7848147-32.2021.6.58.3528,36319.85,4,2,18159.92,18159.92,2020-09-12,17/02/2025,transferência,Sim,15%,quitado
3783,193,1183693-37.2024.1.85.2937,51378.12,12,7,"29970,57",21032.98,2024-10-12,26 de julho de 2024,PIX,não,0.12,Em Dia
3784,74,6418382-43.2020.8.63.9133,48994.99,2,0,0.00,48994.98,03/07/2024,26/03/2025,pix,não,15%,atrasado
3785,882,4510407-23.2020.5.18.6055,31898.39,4,2,15949.20,"15949,2",03/01/23,19 de abril de 2024,Boleto,sim,19%,quitado
3786,1103,5991409-16.2021.8.44.1303,3554.94,9,7,2764.93,"789,98",22/06/2020,2024-07-16,pix,não,0.25,atrasado
3787,921,6418382-43.2020.8.63.9133,6701.13,7,0,0.00,6701.10,3 de março de 2022,29/07/25,pix,N,0.10,
3788,922,7786207-82.2024.2.92.5696,24361.92,7,1,3480.27,"R$ 20.881,62",19 de novembro de 2020,13/11/2025,pix,não,0.30,quitado
3789,392,1974389-81.2024.5.57.9354,29983.10,12,9,22487.31,7495.77,3 de agosto de 2021,2026-01-08,pix,nao,,quitado
3790,982,1095980-10.2020.7.77.8313,13563.28,3,2,9042.18,"R$ 4.359,23",15 de novembro de 2021,20/02/26,boleto,sim,27%,quitado
3791,351,6075721-43.2020.9.85.8738,51794.67,7,5,36996.20,14798.48,31 de julho de 2024,2024-05-30,Boleto,Sim,26%,atrasado
3792,1006,2884639-86.2023.2.31.8737,51891.77,5,2,20756.70,"R$ 31.135,05",2024-11-07,16/01/26,boleto,sim,15%,quitado
3793,680,6927716-18.2022.9.56.1445,73527.04,5,0,0,"R$ 73.387,96",08/12/24,2026-07-03,TED,N,20,quitado
3794,31,5210656-44.2021.1.39.2474,58000.39,1,0,0.00,58000.39,17/02/22,2026-08-15,boleto,não,0.29,quitado
3795,985,7979033-26.2021.6.18.1084,60502.82,5,0,0.00,60340.64,19/05/21,31 de outubro de 2026,PIX,S,15%,quitado
3796,1036,4510407-23.2020.5.18.6055,56990.08,9,8,50657.84,6332.23,02/06/22,2 de agosto de 2025,pix,sim,15%,Em Dia
3797,21,6105303-92.2021.4.39.3868,7739.12,1,0,0.00,7739.12,10 de maio de 2021,14 de maio de 2024,PIX,não,20,em dia
3798,905,7999133-20.2023.7.26.1121,58664.44,6,1,9777.41,48887.05,21/12/2022,11/10/2025,transferência,nao,0.13,ATRASADO
3799,465,9108785-98.2021.3.78.6687,17920.39,11,11,17920.43,0.00,01/12/2023,30/12/24,PIX,sim,15%,Em Dia
3800,540,7223110-52.2024.2.44.8994,22286.16,6,1,3714.36,18571.80,19/01/2025,28/09/26,transferência,sim,,atrasado
3801,1155,1248003-72.2024.2.80.8472,23536.85,4,2,11768.42,11768.42,15 de fevereiro de 2025,18/09/24,PIX,S,20,quitado
3802,1258,1633270-27.2024.2.52.7034,"13448,56",11,9,11003.40,"R$ 2.445,20",02/02/20,21 de dezembro de 2025,transferência,,15%,
3803,1456,2397582-22.2023.9.93.4223,12226.21,12,2,"2037,7","R$ 10.188,50",28/07/2025,07/04/25,transferência,sim,,ATRASADO
3804,1033,3346094-93.2020.2.94.1759,9616.64,3,2,6411.10,3205.55,26/04/2020,25/09/2025,boleto,sim,15%,em dia
3805,690,5422047-80.2024.8.62.4364,"R$ 22.637,49",11,4,8231.80,14405.65,17 de outubro de 2022,14 de maio de 2026,pix,Sim,,
3806,992,2461262-96.2021.6.48.1315,"R$ 58.792,96",4,1,14698.24,"R$ 44.094,72",2021-12-10,15/09/24,transferência,não,15%,em dia
3807,990,7979033-26.2021.6.18.1084,44580.17,8,6,33435.12,11337.45,24/10/2023,10 de janeiro de 2025,PIX,,0.18,em dia
3808,56,9076234-78.2023.3.90.2702,"66001,29",2,2,"R$ 66.001,28",0,2023-10-29,08/04/2026,PIX,sim,,Em Dia
3809,186,1093623-59.2025.7.92.5441,36435.20,6,3,18217.59,,6 de novembro de 2023,2026-04-29,boleto,não,,
3810,424,6779292-61.2021.4.86.2783,72394.50,9,6,48262.98,24131.49,2020-03-21,1 de julho de 2025,PIX,,18%,quitado
3811,1156,6339266-27.2025.5.15.6766,"29574,87",7,0,0.00,"29574,86",5 de junho de 2021,18/04/2026,TED,nao,0.18,atrasado
3812,320,2236315-26.2022.5.82.8939,14074.29,1,1,"14074,29",0.00,30/11/22,2026-05-22,TED,,15%,ATRASADO
3813,522,7141324-67.2025.3.86.3413,41903.32,1,0,0.00,41903.32,9 de outubro de 2021,2027-05-27,boleto,não,0.17,Em Dia
3814,1436,2660213-63.2022.6.50.8366,4525.36,8,3,"1697,0099999999998","R$ 2.828,35",04/08/2025,12 de junho de 2026,transferência,N,27%,atrasado
3815,612,5753123-52.2021.4.48.4042,49746.42,6,2,16582.14,33164.28,16/08/24,4 de abril de 2024,PIX,sim,29%,em dia
3816,240,8168054-14.2024.6.50.1232,74272.46,6,6,74272.44,0,17 de outubro de 2020,2024-10-06,transferência,nao,,atrasado
3817,604,4874996-38.2022.9.94.8154,9768.23,4,4,9768.24,0.00,2024-03-28,2025-11-10,transferência,sim,,atrasado
3818,561,2019436-32.2020.6.16.9856,39464.27,12,12,39464.28,0.00,2024-05-29,14 de junho de 2025,boleto,não,24%,Em Dia
3819,66,7438163-48.2021.3.47.1186,18753.91,3,2,12502.60,"R$ 6.251,30",17 de janeiro de 2024,08/04/2024,Boleto,não,15%,
3820,441,6992158-64.2024.5.43.7750,69074.37,7,2,19735.54,"R$ 49.781,49",1 de setembro de 2022,03/09/25,pix,não,0.18,quitado
3821,1171,5660649-86.2020.5.86.9291,9764.55,11,9,7989.21,1775.38,21 de dezembro de 2023,1 de maio de 2026,pix,não,,quitado
3822,1070,1438459-62.2020.7.78.3410,25804.75,1,0,0.00,25804.75,2022-02-27,16/02/27,pix,sim,15%,quitado
3823,1231,8655267-17.2025.3.63.4188,66715.66,3,1,22238.55,44088.55,10 de outubro de 2023,2024-01-21,TED,sim,16%,ATRASADO
3824,1378,3879233-61.2024.5.30.1494,32761.83,11,8,23826.80,8935.05,2024-09-25,12/06/24,TED,N,0.29,ATRASADO
3825,110,5035093-45.2021.1.27.3097,65485.56,1,1,65485.56,"R$ 0,00",23 de outubro de 2024,27/06/2024,pix,nao,20,ATRASADO
3826,969,2658962-39.2022.5.95.8856,26878.22,6,4,17918.80,9211.80,08/06/25,26/12/2025,transferência,S,15%,Em Dia
3827,286,1116024-57.2025.8.16.4043,74806.63,2,0,"R$ 0,00","R$ 74.806,64",21/07/2022,6 de outubro de 2026,Boleto,Sim,,Em Dia
3828,166,6038940-61.2024.4.64.6408,79609.31,6,6,79609.32,0.00,2022-11-22,8 de junho de 2027,TED,nao,20,
3829,250,4180949-86.2020.3.26.7593,18500.74,7,3,"R$ 7.928,88",10451.90,2021-09-21,21/05/2027,pix,S,,em dia
3830,347,1185885-59.2023.7.19.8433,28571.85,1,1,28571.85,0.00,29 de junho de 2025,11/08/2024,transferência,Sim,20,
3831,949,6404948-40.2021.7.68.7161,61789.12,5,0,0.00,61789.10,29 de julho de 2020,2026-04-13,PIX,N,20,quitado
3832,789,2267110-24.2021.5.78.6025,24182.58,8,5,15114.10,9068.46,19/04/20,2026-12-06,boleto,não,,em dia
3833,451,2186433-37.2022.2.12.4344,65330.15,5,1,"R$ 13.066,03",52264.12,21 de junho de 2025,20/06/2026,pix,N,20,Em Dia
3834,627,8381610-96.2020.6.26.2533,28259.01,8,5,17661.90,,2 de junho de 2023,20/02/2026,pix,S,15%,atrasado
3835,613,4952151-27.2023.3.38.8762,26009.71,2,1,13004.85,"R$ 13.004,85",08/10/21,27/07/24,Boleto,não,,Em Dia
3836,370,8382607-83.2020.6.26.3936,38301.50,4,1,9575.38,28726.14,14 de agosto de 2022,17/02/2025,TED,Sim,20,
3837,1243,8368372-34.2020.6.43.9691,57887.27,11,5,26312.40,31574.88,08/07/22,29/05/2025,pix,sim,,ATRASADO
3838,1080,8168054-14.2024.6.50.1232,61130.90,6,3,"R$ 30.565,44",30565.44,25 de fevereiro de 2021,18 de maio de 2027,pix,Sim,15%,
3839,63,4433355-55.2023.8.48.9346,"26893,77",3,3,26893.77,-69.38,20 de setembro de 2024,4 de maio de 2024,transferência,nao,26%,
3840,318,3754895-37.2021.6.18.8502,13123.46,12,6,6561.72,6561.72,21/05/21,26 de janeiro de 2027,transferência,nao,,
3841,158,5217157-98.2020.2.64.4094,57190.49,3,1,"R$ 19.063,50",38127.00,11/12/2023,28/03/26,Boleto,,20,quitado
3842,19,1896520-28.2021.5.90.5374,37306.92,10,10,37306.90,,19 de fevereiro de 2025,1 de julho de 2026,TED,N,15%,quitado
3843,987,5483975-50.2024.8.92.4422,21860.81,10,5,10930.40,10930.40,15/11/22,2027-01-11,Boleto,não,0.18,quitado
3844,1274,7274275-74.2020.1.22.9780,"R$ 79.138,74",9,7,61552.33,17586.38,2 de outubro de 2023,27/12/2024,pix,não,0.13,quitado
3845,567,9110060-16.2025.2.29.4716,"R$ 77.225,03",2,0,0,"R$ 77.225,02",2024-04-27,06/07/2024,boleto,sim,15%,Em Dia
3846,900,3778380-86.2023.9.32.5849,53761.71,10,1,5376.17,48385.53,17/10/25,23/10/26,PIX,N,20,Em Dia
3847,1361,7749444-78.2021.1.20.8763,"12291,07",2,0,0,12291.06,15/05/25,15/09/26,TED,sim,,em dia
3848,635,2842764-33.2025.7.99.7279,73702.03,6,6,73702.02,"R$ 0,00",15/11/2020,15 de setembro de 2025,pix,não,13%,
3849,1052,5966644-82.2023.4.88.9951,23654.42,7,0,0.00,23654.40,2022-07-01,2025-12-15,pix,nao,15%,em dia
3850,1141,3766710-17.2025.4.91.1472,76262.21,1,1,76262.21,0.00,2020-02-21,21/10/24,PIX,nao,20,Em Dia
3851,1111,5788467-41.2023.8.93.8134,"9738,48",8,8,9738.48,0.00,20 de julho de 2021,02/12/2024,transferência,sim,20,
3852,1295,2554938-48.2024.1.13.4544,79863.27,1,0,0.00,"R$ 79.863,27",26/09/23,19/08/25,boleto,nao,20,ATRASADO
3853,69,2110878-87.2023.8.83.8978,25706.99,9,8,22850.64,2856.33,25 de julho de 2020,2024-06-18,pix,S,24%,
3854,845,1633270-27.2024.2.52.7034,"R$ 48.834,34",4,3,36625.74,12208.58,19/02/2021,2024-06-26,pix,N,20,atrasado
3855,827,6953559-38.2025.7.42.9212,42916.36,1,1,42916.36,0.00,19/12/2022,13 de maio de 2026,PIX,N,11%,em dia
3856,696,6663627-76.2023.9.26.5770,18558.25,8,0,0,18558.24,2021-06-22,14 de março de 2026,pix,Sim,0.10,
3857,610,4092125-65.2025.3.26.9073,73624.71,12,4,24541.56,,14/03/2023,2025-05-09,boleto,S,0.30,atrasado
3858,1260,8415891-60.2021.6.92.5554,9269.82,3,2,6179.88,3089.94,18/02/2020,23 de novembro de 2026,PIX,S,0.22,quitado
3859,459,7271178-97.2023.5.84.4243,11042.44,12,9,8281.80,2760.60,2023-04-12,2024-09-07,pix,sim,18%,quitado
3860,1439,5700249-43.2020.5.57.9341,"32079,68",1,1,32079.68,0.00,9 de novembro de 2021,12/03/2025,TED,Sim,21%,
3861,65,7979033-26.2021.6.18.1084,67988.48,1,0,0.00,67988.48,03/05/2022,3 de julho de 2024,PIX,,20,atrasado
3862,8,1896520-28.2021.5.90.5374,"R$ 39.060,05",1,0,0.00,39060.05,2021-03-29,21/06/26,TED,nao,,quitado
3863,673,8129073-22.2024.4.16.9656,46897.88,8,1,5862.23,41035.61,2025-01-16,30/03/2027,PIX,Sim,,ATRASADO
3864,467,2328070-99.2024.8.57.5561,71337.11,4,0,0.00,71693.31,2021-11-10,12/07/2025,Boleto,sim,22%,Em Dia
3865,1235,4061044-97.2023.7.99.3676,"50694,27",11,7,"R$ 32.259,99","R$ 18.434,28",14/10/20,2024-06-24,pix,nao,15%,ATRASADO
3866,423,1098476-20.2021.1.47.3336,"R$ 28.314,66",3,2,"R$ 18.876,44",9438.22,7 de março de 2025,03/07/24,transferência,nao,15%,
3867,1029,3778380-86.2023.9.32.5849,35291.81,5,3,"R$ 21.175,08","R$ 14.116,72",24/04/2026,19 de abril de 2025,pix,N,20,atrasado
3868,474,8816646-78.2020.7.70.9224,59609.18,8,0,0.00,"59609,2",2025-10-06,2027-02-06,transferência,Sim,15%,em dia
3869,491,8539686-69.2023.4.36.2235,74841.12,2,0,0.00,"R$ 74.393,49",2022-01-24,16/11/24,TED,Sim,30%,quitado
3870,1052,9810112-12.2021.1.97.8847,"R$ 8.293,27",2,2,"8293,28",0.00,2021-03-29,1 de junho de 2025,pix,S,0.18,atrasado
3871,788,5755257-93.2020.8.44.2882,"R$ 68.332,95",4,0,"R$ 0,00","R$ 68.332,96",2022-10-18,2027-02-27,boleto,não,20%,quitado
3872,1457,2129757-49.2025.4.14.5657,12688.86,2,1,"R$ 6.344,43",6344.43,03/03/22,2027-01-28,pix,,15%,Em Dia
3873,253,4824419-32.2024.5.47.3265,31388.59,9,2,6975.24,24413.34,25/10/2024,14/12/2025,Boleto,nao,,quitado
3874,625,5239450-56.2022.7.99.2371,30059.49,9,5,16699.70,13752.82,2022-05-24,16 de dezembro de 2025,PIX,não,20,ATRASADO
3875,323,6992158-64.2024.5.43.7750,9472.79,10,2,1894.56,,2020-04-01,24/06/25,transferência,nao,28%,atrasado
3876,404,1714231-74.2025.9.71.1697,6688.51,2,2,6688.52,0.00,09/10/2022,21 de janeiro de 2024,pix,S,15%,ATRASADO
3877,1355,5826200-20.2025.1.91.8748,"R$ 28.738,76",3,2,19159.18,9225.68,18/12/24,23 de março de 2024,boleto,não,0.22,Em Dia
3878,309,7323234-16.2020.9.59.5035,79210.48,12,10,66008.70,13201.74,2021-09-06,15/06/26,PIX,sim,15%,atrasado
3879,472,4601686-30.2021.5.52.7745,"R$ 73.092,99",12,7,42637.56,"30455,4",15/12/20,23 de setembro de 2026,transferência,N,20,
3880,1294,7110796-41.2020.3.80.5362,52058.11,8,7,"45550,82","6507,26",13/05/2021,27/12/25,pix,N,20,quitado
3881,1370,6445422-21.2020.5.39.8096,"R$ 5.490,54",12,9,4117.95,1372.65,03/04/25,29/01/2026,TED,sim,20,Em Dia
3882,222,7136189-41.2024.2.60.1768,40723.03,9,4,18099.12,"R$ 22.623,90",01/12/2021,15 de maio de 2024,pix,Sim,13%,ATRASADO
3883,490,1966014-66.2022.7.82.2137,30689.65,3,2,20459.76,10229.88,15/06/2021,06/03/2027,Boleto,N,20,
3884,185,6267378-50.2021.9.19.9923,10946.10,9,2,2432.46,"8513,61",12/07/2024,1 de junho de 2025,TED,Sim,0.19,em dia
3885,1406,9076234-78.2023.3.90.2702,42087.30,2,0,"R$ 0,00",42087.30,29 de abril de 2024,06/09/26,PIX,Sim,24%,Em Dia
3886,123,8886588-26.2020.9.65.6361,41571.12,4,2,20785.56,20785.56,2020-01-04,24/06/2026,PIX,não,16%,ATRASADO
3887,110,9060164-41.2020.5.36.2381,"10167,82",5,2,4067.12,,3 de agosto de 2022,05/09/2025,TED,Sim,20,quitado
3888,418,8630644-97.2025.3.28.1296,"R$ 79.070,19",1,1,"R$ 79.070,19",0.00,2021-10-12,28/12/2024,Boleto,Sim,,quitado
3889,1360,6368709-92.2024.7.99.9426,35188.97,5,1,7037.79,"R$ 28.151,16",13 de agosto de 2021,04/09/25,Boleto,S,0.12,quitado
3890,359,7539718-58.2020.2.52.9800,"R$ 40.060,70",12,7,23368.73,16691.95,19/10/25,19/03/2027,PIX,Sim,20,quitado
3891,435,7223110-52.2024.2.44.8994,55717.31,3,0,0.00,55717.32,27/01/22,02/04/2026,transferência,sim,20,em dia
3892,1269,9498791-62.2022.6.73.9564,"R$ 69.228,27",10,9,62305.47,6922.83,21/07/2024,2024-08-04,TED,sim,20%,quitado
3893,768,6865513-17.2021.7.21.3938,70107.06,9,8,62317.36,7789.67,2022-09-16,10 de junho de 2024,boleto,,26%,em dia
3894,1059,3376786-12.2020.7.64.5093,70400.35,10,5,35200.20,35200.20,2022-09-11,29/04/2024,pix,S,0.30,Em Dia
3895,211,7626521-25.2020.9.17.3305,13023.81,7,7,13023.78,0.00,09/10/21,25 de outubro de 2024,PIX,,,Em Dia
3896,197,4016576-41.2022.7.10.6952,31768.29,7,7,31768.31,0.00,2022-02-16,15/08/25,PIX,sim,0.14,
3897,1490,5266269-78.2021.7.59.1392,48133.48,4,3,36100.11,12033.37,05/05/25,31/07/26,boleto,nao,,Em Dia
3898,1486,2461262-96.2021.6.48.1315,56997.98,4,0,0.00,,2026-03-11,13/05/25,transferência,nao,0.14,Em Dia
3899,824,7236875-79.2024.7.97.5566,61395.04,6,6,"R$ 61.395,06",0.00,28/08/23,31 de março de 2027,pix,nao,15%,ATRASADO
3900,28,9214397-26.2023.4.18.6844,47659.95,6,4,31773.28,15886.64,18/07/2021,2024-04-20,boleto,sim,20,quitado
3901,1371,8168054-14.2024.6.50.1232,18339.29,7,3,7859.70,10479.60,20/01/2020,03/02/25,transferência,S,20,
3902,82,8125196-18.2023.1.53.1215,25126.41,9,4,"R$ 11.167,28",13959.10,2023-12-22,22 de fevereiro de 2025,TED,,0.13,ATRASADO
3903,1047,2231929-89.2024.6.41.5461,40696.69,10,9,36627.03,4069.67,2023-08-26,20/07/25,PIX,,15%,Em Dia
3904,797,5867457-18.2023.9.16.7298,15376.40,1,0,0.00,15376.40,26/01/2026,02/10/25,pix,,0.12,quitado
3905,623,9798556-59.2021.3.62.3110,77206.57,12,6,38603.28,38125.50,23/01/24,01/03/2026,Boleto,,0.18,quitado
3906,755,4563779-48.2023.2.87.9606,55868.58,10,3,16760.58,39108.02,11/12/25,18/02/2027,Boleto,Sim,20,em dia
3907,899,5274951-77.2021.1.76.5120,"R$ 59.002,51",10,8,47202.00,,22/01/2026,06/10/26,PIX,não,20,Em Dia
3908,858,9686751-57.2022.7.62.3494,"28273,4",10,8,22618.72,5654.68,30/07/2023,1 de setembro de 2026,pix,Sim,20,ATRASADO
3909,705,7141324-67.2025.3.86.3413,"28365,58",8,8,28365.60,0.00,30/09/23,3 de fevereiro de 2024,PIX,Sim,28%,
3910,134,9214397-26.2023.4.18.6844,"73937,33",4,2,36968.66,36968.66,14/04/21,22 de outubro de 2026,TED,S,30%,atrasado
3911,1253,8714773-70.2022.9.65.8541,52263.08,10,6,31357.86,20905.24,01/05/2021,24/04/24,transferência,não,15%,atrasado
3912,904,6927716-18.2022.9.56.1445,28867.46,10,2,5773.50,"R$ 23.094,00",10/03/2021,09/12/2026,TED,S,15%,quitado
3913,1129,7243958-65.2020.5.25.5047,16399.08,1,1,16399.08,0.00,01/09/2025,01/03/26,boleto,não,20,ATRASADO
3914,532,7539718-58.2020.2.52.9800,"R$ 31.303,83",5,0,0.00,"R$ 31.773,74",31 de março de 2021,18/11/2024,pix,N,,
3915,681,5631823-61.2020.5.47.1440,"R$ 33.266,23",8,5,"20791,399999999998","R$ 12.474,84",2023-04-24,19/09/25,TED,,0.12,quitado
3916,1048,4433355-55.2023.8.48.9346,54510.00,8,3,20441.25,34068.75,2025-06-04,2025-10-06,transferência,nao,,em dia
3917,807,6075721-43.2020.9.85.8738,"R$ 7.178,44",9,9,7178.40,0.00,28/11/20,18/04/25,TED,S,20,
3918,1224,3724721-44.2021.9.75.5553,72637.95,11,6,39620.70,33017.25,2025-12-15,2026-06-21,PIX,nao,0.26,
3919,488,5144296-22.2022.4.87.9648,"R$ 60.628,66",1,1,60628.66,"R$ 8,06",28 de outubro de 2023,2025-09-14,boleto,,15%,atrasado
3920,719,6404948-40.2021.7.68.7161,57611.15,10,1,5761.11,"R$ 51.849,99",22/09/2025,29/12/24,PIX,Sim,11%,quitado
3921,300,7765112-69.2024.9.62.5648,"R$ 34.477,47",12,0,0.00,34477.44,17 de abril de 2025,2024-10-21,transferência,S,15%,Em Dia
3922,1408,6105303-92.2021.4.39.3868,73581.39,9,6,49054.26,"24527,13",09/09/22,24/02/2024,pix,N,0.28,Em Dia
3923,392,6445422-21.2020.5.39.8096,28666.23,5,5,28666.25,,2 de março de 2022,10/03/24,TED,não,20,em dia
3924,505,5967836-10.2021.4.35.9671,"R$ 17.672,48",3,1,5890.83,11781.66,2025-07-14,10/01/2024,pix,sim,15%,Em Dia
3925,1352,9302979-43.2025.9.68.7487,69144.09,2,1,34572.04,34572.04,2020-09-28,21/02/24,PIX,,,em dia
3926,1019,2118934-75.2023.5.97.9563,76686.17,10,1,7668.62,69224.60,2026-04-10,2 de abril de 2024,Boleto,nao,20,
3927,532,5451988-41.2020.2.82.4041,71196.29,12,12,71196.24,0.00,2026-02-15,2027-01-13,TED,nao,0.14,atrasado
3928,388,8306601-19.2020.3.50.7457,54022.31,5,2,21608.92,32413.38,05/08/2020,2024-12-20,Boleto,nao,20,atrasado
3929,392,1833330-93.2025.8.61.3405,9332.93,5,4,7466.36,1866.59,09/10/22,2026-06-23,Boleto,sim,,atrasado
3930,1224,1633270-27.2024.2.52.7034,72938.83,3,3,72938.82,0.00,23/04/2023,22 de fevereiro de 2025,Boleto,N,28%,em dia
3931,848,9498791-62.2022.6.73.9564,"R$ 24.309,14",8,7,"R$ 21.270,48",3038.64,28 de março de 2025,27/11/26,TED,,,em dia
3932,203,3541821-31.2021.8.96.1927,56516.45,10,8,45213.12,11303.28,04/08/2024,07/11/24,boleto,não,15%,ATRASADO
3933,958,4768255-51.2022.4.94.5695,35804.07,1,0,0.00,35804.07,07/07/2022,2026-11-19,TED,não,15%,atrasado
3934,1169,5289264-48.2020.4.41.6347,79176.19,2,0,"R$ 0,00",79176.20,15/02/2023,2026-05-27,PIX,sim,20,quitado
3935,581,9398629-61.2022.5.88.8253,43266.95,6,0,"R$ 0,00","R$ 43.266,96",20/05/23,15 de maio de 2026,boleto,S,21%,
3936,1153,5850223-43.2020.3.81.3185,"R$ 45.194,01",12,2,7532.34,37661.70,23/06/21,17 de janeiro de 2027,Boleto,,0.21,ATRASADO
3937,46,1966014-66.2022.7.82.2137,52028.13,8,3,19510.56,"R$ 32.517,60",5 de fevereiro de 2022,11 de maio de 2024,boleto,Sim,15%,quitado
3938,671,2016341-89.2023.7.48.2724,33846.14,2,0,0.00,33846.14,16 de abril de 2022,05/05/2024,TED,Sim,20,em dia
3939,209,3667022-35.2020.9.76.3115,49301.48,3,3,"R$ 49.301,49",0.00,22/03/26,2026-12-27,PIX,não,30%,atrasado
3940,583,5703772-88.2020.8.34.6114,79638.80,5,3,47783.28,"31855,52",2021-04-27,5 de julho de 2025,pix,,15%,atrasado
3941,725,9953454-93.2020.2.52.5723,"R$ 20.376,21",8,4,10188.12,"R$ 10.188,12",2021-08-26,08/02/2025,transferência,sim,0.25,quitado
3942,983,3505690-87.2020.8.52.6260,78813.00,1,0,0.00,78813.00,13 de março de 2021,04/03/2024,TED,Sim,20,quitado
3943,1326,5432782-56.2021.2.97.6240,24968.82,10,5,"12484,400000000001",12484.40,23 de maio de 2021,01/04/2026,transferência,sim,20,Em Dia
3944,82,6663627-76.2023.9.26.5770,9663.76,3,2,6442.50,3221.25,29 de novembro de 2023,27/02/2027,transferência,S,18%,em dia
3945,1002,8986773-71.2022.6.45.5854,"R$ 67.846,66",11,2,"R$ 12.335,76","R$ 55.510,92",11/04/2024,07/02/2027,TED,sim,20,quitado
3946,809,5850223-43.2020.3.81.3185,78819.97,11,9,64489.05,14330.90,11/10/2022,2026-11-24,TED,não,18%,
3947,415,9086174-80.2025.1.81.3292,"R$ 56.409,86",3,1,18803.29,,13/11/2024,2026-02-18,boleto,não,15%,quitado
3948,463,4326518-76.2023.4.36.8530,4150.10,8,0,0.00,4150.08,14 de novembro de 2023,1 de dezembro de 2026,TED,S,20%,
3949,282,7243958-65.2020.5.25.5047,28052.12,1,0,0.00,28052.12,2025-11-15,28 de abril de 2026,boleto,não,24%,
3950,432,9319285-35.2025.3.19.9131,13494.94,8,2,3373.74,,26 de maio de 2022,1 de junho de 2024,transferência,Sim,,quitado
3951,57,7320713-89.2022.3.68.7881,23117.55,5,5,23117.55,0.00,27 de junho de 2021,06/05/26,TED,sim,0.18,Em Dia
3952,151,2490107-19.2023.9.10.7930,60448.95,12,3,15112.23,"45336,69",20 de janeiro de 2026,29 de dezembro de 2025,boleto,,15%,ATRASADO
3953,1,6003915-30.2025.6.37.7681,72953.96,1,1,72953.96,55.17,11/06/24,31 de julho de 2026,boleto,S,,em dia
3954,1251,8905709-90.2020.9.55.2471,61956.00,8,8,61956.00,0.00,4 de setembro de 2021,19/11/2026,PIX,nao,0.28,quitado
3955,297,1628717-84.2025.8.67.8313,"15827,69",10,7,11079.39,4748.31,2026-04-26,14 de fevereiro de 2027,transferência,N,13%,Em Dia
3956,449,1933296-95.2024.5.69.8317,77498.97,3,0,0.00,77498.97,20 de janeiro de 2020,2024-02-25,Boleto,S,0.27,Em Dia
3957,336,7065068-16.2021.7.14.6489,63952.97,10,9,57557.70,"R$ 6.395,30",15 de outubro de 2021,21/07/26,TED,S,16%,atrasado
3958,1385,1878000-50.2025.7.58.1197,"R$ 59.642,84",5,4,47714.28,11928.57,29 de março de 2023,07/03/2024,Boleto,S,0.27,quitado
3959,214,5826200-20.2025.1.91.8748,"R$ 43.134,89",1,1,43134.89,0.00,12 de fevereiro de 2026,2026-11-05,transferência,sim,10%,quitado
3960,807,4687348-31.2023.1.92.6907,20090.61,2,0,0.00,20090.62,15/02/2021,27/05/27,transferência,,15%,
3961,263,7840442-26.2025.9.53.5093,"R$ 46.597,62",11,2,8472.30,"38125,35",18 de junho de 2024,28/01/24,boleto,nao,15%,quitado
3962,13,9573194-21.2022.1.35.8352,"69920,24",12,9,52440.21,"R$ 17.480,07",23/08/22,2026-05-13,TED,,,
3963,668,4326518-76.2023.4.36.8530,14242.49,1,1,14242.49,0.00,25/10/23,20/01/27,pix,nao,,quitado
3964,983,3778380-86.2023.9.32.5849,23967.55,5,1,4793.51,19174.04,16/02/22,22/05/2027,TED,sim,15%,quitado
3965,1007,9060164-41.2020.5.36.2381,"49886,09",2,0,0.00,,28/02/20,10 de janeiro de 2025,Boleto,N,0.10,quitado
3966,1403,3766710-17.2025.4.91.1472,65781.21,4,4,"R$ 65.781,20",0,24/04/2022,21 de fevereiro de 2026,Boleto,sim,,
3967,714,3263740-44.2022.3.81.5402,68291.42,8,6,51218.58,17072.86,01/12/20,18 de junho de 2024,PIX,não,20,Em Dia
3968,770,8129073-22.2024.4.16.9656,6757.08,12,1,563.09,6193.99,25/06/24,2026-07-04,TED,Sim,0.29,ATRASADO
3969,1444,1095980-10.2020.7.77.8313,"R$ 35.205,53",12,7,20536.53,14668.95,15 de abril de 2023,15/08/2026,pix,S,0.20,ATRASADO
3970,1006,8886588-26.2020.9.65.6361,18223.52,3,2,12149.02,6074.51,2020-10-24,06/11/2024,TED,S,15%,ATRASADO
3971,739,5159219-49.2023.5.25.3676,37372.91,9,0,0.00,37372.95,30/10/20,18/03/27,pix,S,15%,em dia
3972,53,4433355-55.2023.8.48.9346,66780.68,1,0,0,66780.68,29/01/2024,30/06/2024,Boleto,S,15%,quitado
3973,1455,7271178-97.2023.5.84.4243,"R$ 47.927,57",5,4,38342.04,9585.51,17/01/2026,29/01/2024,PIX,nao,15%,quitado
3974,538,6038940-61.2024.4.64.6408,39576.41,1,0,0,39576.41,2020-10-20,2027-03-19,pix,nao,22%,Em Dia
3975,830,8843195-99.2024.6.39.2836,50954.94,10,3,15286.47,35668.43,2024-11-13,31 de janeiro de 2025,TED,Sim,20,ATRASADO
3976,1030,1411065-96.2022.9.64.8271,"R$ 67.790,82",12,11,62141.64,5649.24,2024-12-27,23/02/2025,pix,nao,21%,em dia
3977,328,7110796-41.2020.3.80.5362,"45703,18",10,7,31992.24,13710.96,23 de outubro de 2023,09/01/2025,TED,N,15%,
3978,349,1101935-78.2023.5.88.5299,61568.30,1,0,0.00,"R$ 61.568,30",26/05/20,26 de julho de 2026,boleto,S,20,quitado
3979,394,7599278-46.2021.4.96.3535,"16912,54",4,3,12684.42,"4228,14",03/05/2022,4 de setembro de 2026,pix,Sim,25%,quitado
3980,813,3505690-87.2020.8.52.6260,50186.79,5,5,50186.80,"R$ 221,22",26/08/2022,26/03/2027,Boleto,N,22%,quitado
3981,558,3401866-56.2021.1.87.5297,48688.40,4,1,12172.10,36516.30,12/09/2020,2026-06-16,TED,nao,15%,
3982,6,3734843-61.2021.3.94.2954,26465.43,6,2,"R$ 8.821,80",17643.60,31 de dezembro de 2020,26 de abril de 2026,boleto,N,24%,em dia
3983,1280,6524227-53.2025.1.97.6214,51305.35,10,0,0.00,,19/09/23,21/11/26,boleto,Sim,20,quitado
3984,1287,5274951-77.2021.1.76.5120,42174.31,1,1,42174.31,0.00,13/02/21,03/07/2024,transferência,S,,ATRASADO
3985,1195,3242098-97.2025.4.44.9916,43448.41,5,3,"26069,04",17379.36,1 de setembro de 2021,1 de maio de 2027,Boleto,sim,15%,em dia
3986,698,6384831-67.2022.5.89.7429,30235.49,8,4,15117.76,15117.76,20/12/2025,2026-08-21,transferência,nao,0.16,quitado
3987,782,9835331-11.2022.6.15.8602,52608.70,9,9,52608.69,0.00,15 de outubro de 2022,29 de novembro de 2026,PIX,sim,0.13,
3988,1025,6075721-43.2020.9.85.8738,56032.72,11,3,15281.64,40751.04,02/07/21,20/04/2026,transferência,N,15%,ATRASADO
3989,522,4180949-86.2020.3.26.7593,68097.11,8,0,"R$ 0,00",68097.12,2020-08-04,27 de maio de 2026,Boleto,não,,Em Dia
3990,941,8168450-48.2020.2.65.4570,"27844,57",2,2,"R$ 27.844,56",0.00,2023-06-14,2024-08-20,TED,nao,,quitado
3991,985,2100417-68.2021.7.29.9662,"R$ 75.074,31",2,1,37537.15,37537.15,12/01/21,18/12/24,transferência,Sim,20,ATRASADO
3992,1227,6075721-43.2020.9.85.8738,17159.58,11,7,10919.72,6239.84,16/11/2021,31/01/24,transferência,,15%,em dia
3993,786,5116418-16.2025.3.98.2234,50208.58,2,0,0.00,50208.58,4 de fevereiro de 2024,2025-05-21,boleto,N,20,em dia
3994,878,5035093-45.2021.1.27.3097,3807.61,2,2,3807.62,"R$ 0,00",04/05/20,12/06/26,PIX,Sim,15%,em dia
3995,476,5850223-43.2020.3.81.3185,"56170,74",1,0,0.00,"R$ 55.683,66",2026-05-01,06/03/25,Boleto,não,15%,em dia
3996,1326,5786762-52.2021.9.21.3037,"R$ 66.841,74",10,10,"R$ 66.841,70","R$ 0,00",15/06/21,19 de agosto de 2025,transferência,não,,quitado
3997,693,4384627-80.2021.2.13.1061,62736.12,2,1,31368.06,31368.06,2022-01-22,2024-01-31,Boleto,S,,quitado
3998,305,4314934-26.2021.7.14.7244,78613.79,4,3,"R$ 58.960,35",19653.45,27/06/20,12 de janeiro de 2025,PIX,não,21%,em dia
3999,74,6524227-53.2025.1.97.6214,"46613,68",5,5,46613.70,0.00,14/03/26,2026-08-04,transferência,N,,atrasado
4000,626,7553290-31.2023.9.36.9282,29703.79,12,3,7425.96,"R$ 22.277,88",22/12/25,2026-11-13,Boleto,sim,15%,em dia
2,320,5901155-82.2023.2.89.7717,52872.23,6,1,8812.04,"R$ 44.417,93",11 de fevereiro de 2025,06/11/2026,boleto,S,0.25,ATRASADO
21,21,5518767-82.2023.4.96.9873,"R$ 35.358,68",3,2,23572.46,11786.23,15 de setembro de 2023,25 de novembro de 2026,PIX,não,20,quitado
114,848,6524227-53.2025.1.97.6214,17510.57,7,1,2501.51,15009.06,09/07/24,14/11/24,transferência,N,15%,ATRASADO
159,860,2660213-63.2022.6.50.8366,43919.10,12,2,7319.84,36599.20,24/04/26,05/06/24,PIX,,25%,Em Dia
23,990,5953905-94.2022.5.44.3245,24871.81,8,5,"R$ 15.544,90","8934,86",12 de maio de 2020,13/07/2024,Boleto,não,12%,em dia
114,848,6524227-53.2025.1.97.6214,17510.57,7,1,2501.51,15009.06,09/07/24,14/11/24,transferência,N,15%,ATRASADO
154,203,3510061-32.2020.9.13.4424,31528.86,10,10,"R$ 31.528,90",0.00,10/10/2024,12/03/25,PIX,não,20,
105,355,1093623-59.2025.7.92.5441,61961.76,2,1,"R$ 30.980,88","R$ 30.980,88",2021-05-30,05/07/2024,pix,Sim,15%,quitado
67,28,9824532-76.2023.6.37.2040,65693.03,7,0,0,65693.04,13/03/20,7 de março de 2027,boleto,,0.14,ATRASADO
141,1168,3585301-47.2021.7.73.3469,"77799,32",4,0,0.00,"R$ 77.799,32",27/03/2023,02/11/24,pix,sim,,atrasado
61,555,9686751-57.2022.7.62.3494,35943.98,3,1,"R$ 11.981,33","R$ 23.962,66",03/07/2021,04/05/27,TED,sim,26%,Em Dia
14,1175,1667591-67.2025.4.69.9424,16034.65,4,4,16034.64,429.49,8 de março de 2022,21 de janeiro de 2026,boleto,,15%,Em Dia
63,712,4417916-40.2022.7.26.4278,23362.68,4,2,"R$ 11.681,34","R$ 11.681,34",31/01/20,2026-01-30,PIX,Sim,15%,
23,990,5953905-94.2022.5.44.3245,24871.81,8,5,"R$ 15.544,90","8934,86",12 de maio de 2020,13/07/2024,Boleto,não,12%,em dia
151,222,5112941-62.2021.1.89.5887,39881.60,3,0,0.00,"R$ 39.881,61",7 de janeiro de 2023,20/03/24,pix,não,,
93,359,1778149-24.2023.1.86.3557,"R$ 53.696,87",3,0,0.00,54119.57,12/02/23,20 de maio de 2027,transferência,N,0.15,atrasado
20,815,1628717-84.2025.8.67.8313,24950.11,3,3,"24950,100000000002",375.47,27/02/24,2026-02-26,transferência,não,15%,ATRASADO
63,712,4417916-40.2022.7.26.4278,23362.68,4,2,"R$ 11.681,34","R$ 11.681,34",31/01/20,2026-01-30,PIX,Sim,15%,
141,1168,3585301-47.2021.7.73.3469,"77799,32",4,0,0.00,"R$ 77.799,32",27/03/2023,02/11/24,pix,sim,,atrasado
169,1453,5210656-44.2021.1.39.2474,"R$ 29.996,60",6,3,14998.29,14998.29,14 de setembro de 2022,2024-12-11,TED,S,20,Em Dia
25,38,5660649-86.2020.5.86.9291,"R$ 14.137,32",7,2,4039.24,10098.10,16/06/2024,13 de novembro de 2025,TED,sim,21%,Em Dia
179,54,1438459-62.2020.7.78.3410,"75839,54",8,2,18959.88,,2020-08-08,10/03/2026,Boleto,não,0.18,Em Dia
20,815,1628717-84.2025.8.67.8313,24950.11,3,3,"24950,100000000002",375.47,27/02/24,2026-02-26,transferência,não,15%,ATRASADO
94,86,3879233-61.2024.5.30.1494,70602.88,9,4,31379.04,39223.80,2026-04-16,23/05/2026,transferência,Sim,20,atrasado
169,1453,5210656-44.2021.1.39.2474,"R$ 29.996,60",6,3,14998.29,14998.29,14 de setembro de 2022,2024-12-11,TED,S,20,Em Dia
163,437,6836135-90.2022.9.37.5643,55848.94,3,1,18616.31,37232.62,05/06/25,05/05/2024,transferência,nao,15%,
181,131,3395583-64.2024.4.41.2181,27440.62,2,2,"R$ 27.440,62","R$ 0,00",2026-02-26,17/01/2027,PIX,nao,15%,em dia
92,369,5853247-29.2020.7.62.8870,52510.05,7,4,30005.76,,2023-04-10,23 de janeiro de 2024,transferência,N,15%,em dia
43,1029,6445422-21.2020.5.39.8096,75324.69,1,0,0.00,"75324,69",2022-06-25,27 de abril de 2024,TED,Sim,20,ATRASADO
100,1102,1869144-23.2023.5.84.3325,50239.57,11,4,18268.92,31970.61,2020-02-13,10 de maio de 2025,PIX,sim,,quitado