processo_id,numero_processo,cliente_id,tipo,fase,status,advogado_responsavel,data_abertura,prazo_proximo,valor_causa,vara,observacoes
1,8986773-71.2022.6.45.5854,674,cível,inicial,appeal,Dra. Cavalcante,5 de março de 2021,2025-04-21,410461.00,8ª Vara Criminal de Recife,aguardando documentos
2,4938178-62.2020.7.27.6072,1498,civil,recurso,active,Dra. Fontes,2022-08-06,2025-10-06,,9ª Vara Criminal de Recife,em negociação
3,9636371-69.2025.8.67.4068,577,cível,instrução,active,dr. melo,11/09/2020,21 de março de 2026,24764.00,13ª Vara Cível de Recife,
4,1633270-27.2024.2.52.7034,1341,civil,execução,encerrado,Dr. Melo,23/10/2021,2025-02-09,,13ª Vara Criminal de Recife,
5,1438459-62.2020.7.78.3410,149,trabalhista,sentença,active,dr. melo,14/05/21,25/07/25,177557,5ª Vara Cível de Recife,
6,4134515-43.2021.8.70.4879,405,TRABALHISTA,acordo extrajudicial,encerrado,Dr. Melo,28/01/21,29/08/2026,289974.00,16ª Vara Cível de Recife,em negociação
7,4507711-38.2024.2.34.4732,177,civil,sentença,encerrado,Dra. Fontes,2021-02-04,13/11/2025,164097.00,17ª Vara Criminal de Recife,em negociação
8,3248366-98.2020.5.11.6279,181,civil,sentença,settlement,Dra. Cavalcante,2025-12-25,10/10/26,481388.00,14ª Vara Trabalhista de Recife,em negociação
9,2112478-55.2024.2.51.9095,755,TRABALHISTA,arquivado,encerrado,dr. melo,7 de fevereiro de 2022,02/09/2025,339051.00,4ª Vara Criminal de Recife,
10,1621418-87.2020.9.55.9337,511,civil,execução,suspenso,DRA. CAVALCANTE,15/07/2020,,119187,14ª Vara Criminal de Recife,cliente não responde
11,6339808-70.2020.2.67.1325,1356,TRABALHISTA,arquivado,suspended,Dra. Cavalcante,22/02/26,19/12/25,,3ª Vara Cível de Recife,
12,7398699-88.2025.6.55.3587,745,TRABALHISTA,acordo extrajudicial,settlement,Dra. Cavalcante,1 de fevereiro de 2026,21/09/26,,20ª Vara Trabalhista de Recife,aguardando documentos
13,8168450-48.2020.2.65.4570,1225,civil,audiência,appeal,Dr. Melo,2021-03-10,06/10/26,,12ª Vara Trabalhista de Recife,em negociação
14,6418382-43.2020.8.63.9133,607,trabalhista,instrução,suspenso,Dra Fontes,09/02/25,2026-02-18,194595.00,13ª Vara Cível de Recife,urgente
15,8816646-78.2020.7.70.9224,1359,civil,execução,active,dr. melo,31/03/2021,6 de janeiro de 2025,99388,17ª Vara Trabalhista de Recife,em negociação
16,7243958-65.2020.5.25.5047,11,Trabalhista,arquivado,ativo,Dr. Barros,2026-01-26,20/11/26,,18ª Vara Cível de Recife,
17,2118934-75.2023.5.97.9563,835,trabalhista,instrução,suspended,Dra. Cavalcante,2023-12-09,2026-11-07,R$ 294.519,18ª Vara Cível de Recife,
18,2895065-46.2022.7.67.1438,1098,TRABALHISTA,sentença,acordo,DRA. CAVALCANTE,24 de novembro de 2025,13/09/26,25454,20ª Vara Cível de Recife,
19,8168054-14.2024.6.50.1232,209,trabalhista,inicial,closed,DRA. CAVALCANTE,11/07/2023,2026-03-30,R$ 283.193,14ª Vara Trabalhista de Recife,
20,6425355-10.2021.6.53.2041,1435,TRABALHISTA,acordo extrajudicial,ATIVO,Dr. Melo,17/11/25,11/05/2025,17441.00,11ª Vara Cível de Recife,
21,2328070-99.2024.8.57.5561,1256,trabalhista,execução,Ativo,Dra. Cavalcante,2023-03-25,24 de fevereiro de 2026,468358.00,3ª Vara Criminal de Recife,aguardando documentos
22,1887163-62.2025.9.93.1037,1138,civil,recurso,appeal,Dr. Barros,2023-11-11,27/07/2026,124193.00,4ª Vara Cível de Recife,em negociação
23,7274275-74.2020.1.22.9780,1271,Civil,arquivado,ativo,Dra. Fontes,26/02/20,06/12/25,416171,1ª Vara Criminal de Recife,em negociação
24,6416661-36.2021.8.21.8496,383,TRABALHISTA,inicial,ativo,Dr. Barros,5 de maio de 2023,6 de junho de 2025,208689,15ª Vara Cível de Recife,
25,4433355-55.2023.8.48.9346,560,TRABALHISTA,instrução,ATIVO,Dr. Melo,22/06/24,31 de março de 2026,121743.00,19ª Vara Criminal de Recife,
26,5159219-49.2023.5.25.3676,733,Trabalhista,execução,appeal,Dr. Melo,07/03/22,2026-02-13,160063,15ª Vara Trabalhista de Recife,em negociação
27,2966787-79.2022.1.41.9944,662,cível,sentença,ativo,dr. melo,11/09/22,2025-09-14,273584.00,3ª Vara Trabalhista de Recife,cliente não responde
28,4064382-39.2022.4.13.8937,631,Trabalhista,audiência,closed,DRA. CAVALCANTE,07/10/2022,12/02/2026,245404,13ª Vara Cível de Recife,em negociação
29,3541821-31.2021.8.96.1927,1154,civil,execução,Encerrado,Dr. Barros,04/11/21,2025-03-04,R$ 121.194,20ª Vara Trabalhista de Recife,
30,1101935-78.2023.5.88.5299,456,Civil,arquivado,encerrado,Dr. Barros,16/07/2022,,R$ 233.108,15ª Vara Cível de Recife,
31,4229107-99.2020.7.61.3978,606,cível,sentença,suspended,Dr. Barros,18/04/20,22 de fevereiro de 2026,408229.00,8ª Vara Criminal de Recife,
32,5050722-10.2024.8.29.4298,784,TRABALHISTA,arquivado,em recurso,Dr. Melo,25/06/2022,30/12/2025,R$ 444.878,10ª Vara Criminal de Recife,em negociação
33,8607512-63.2021.6.82.1039,16,trabalhista,arquivado,suspended,Dr. Melo,2021-01-25,19/02/2025,115963,16ª Vara Criminal de Recife,urgente
34,4314934-26.2021.7.14.7244,1237,civil,inicial,active,Dr. Melo,22 de janeiro de 2022,26/10/26,101576,9ª Vara Criminal de Recife,urgente
35,6003915-30.2025.6.37.7681,1053,Civil,inicial,ATIVO,dr. melo,2025-01-15,2026-09-29,413753,5ª Vara Criminal de Recife,
36,9686751-57.2022.7.62.3494,789,TRABALHISTA,execução,ativo,Dra. Cavalcante,19/09/23,28/03/26,237751.00,12ª Vara Cível de Recife,cliente não responde
37,5035093-45.2021.1.27.3097,1433,civil,acordo extrajudicial,closed,Dra Fontes,18 de outubro de 2024,30 de dezembro de 2026,,3ª Vara Cível de Recife,
38,7141324-67.2025.3.86.3413,328,Trabalhista,acordo extrajudicial,encerrado,DRA. CAVALCANTE,2026-02-20,,422938.00,5ª Vara Cível de Recife,
39,1887163-62.2025.9.93.1037,234,TRABALHISTA,inicial,Encerrado,Dra Fontes,1 de maio de 2024,5 de maio de 2026,R$ 76.032,4ª Vara Criminal de Recife,
40,5266269-78.2021.7.59.1392,319,trabalhista,execução,encerrado,Dr. Barros,2025-09-30,14 de agosto de 2025,84808,1ª Vara Cível de Recife,
41,1438459-62.2020.7.78.3410,502,Civil,sentença,ativo,Dra. Fontes,23 de setembro de 2022,2025-03-16,,20ª Vara Cível de Recife,
42,4687348-31.2023.1.92.6907,1097,civil,recurso,acordo,Dra Fontes,28/07/2025,07/08/2026,R$ 474.508,4ª Vara Cível de Recife,em negociação
43,8097721-13.2023.1.47.8354,1367,TRABALHISTA,sentença,ativo,DRA. CAVALCANTE,18/10/2024,8 de julho de 2025,120515,5ª Vara Trabalhista de Recife,
44,2191287-57.2021.1.18.8228,648,trabalhista,acordo extrajudicial,ATIVO,Dra. Fontes,05/02/24,18 de novembro de 2025,,19ª Vara Trabalhista de Recife,
45,9108785-98.2021.3.78.6687,571,Trabalhista,instrução,settlement,DRA. CAVALCANTE,29/03/20,2026-10-03,,13ª Vara Criminal de Recife,
46,1165147-13.2020.2.47.5874,293,TRABALHISTA,acordo extrajudicial,active,Dr. Barros,2024-09-07,2025-07-03,,9ª Vara Criminal de Recife,
47,9057960-29.2025.5.10.6072,150,cível,execução,suspenso,Dra. Cavalcante,25/11/24,04/11/26,R$ 82.250,16ª Vara Trabalhista de Recife,aguardando documentos
48,3376786-12.2020.7.64.5093,1433,Civil,acordo extrajudicial,ativo,DRA. CAVALCANTE,14 de março de 2025,21/05/25,277499.00,1ª Vara Cível de Recife,
49,7271178-97.2023.5.84.4243,1252,civil,acordo extrajudicial,suspenso,dr. melo,25/03/2026,2025-05-28,R$ 388.326,19ª Vara Criminal de Recife,cliente não responde
50,1878000-50.2025.7.58.1197,649,Trabalhista,acordo extrajudicial,encerrado,Dr. Barros,27 de junho de 2024,01/04/2026,R$ 335.374,7ª Vara Cível de Recife,
51,7110796-41.2020.3.80.5362,284,civil,execução,suspenso,Dr. Melo,2025-08-23,10 de maio de 2025,R$ 460.961,7ª Vara Trabalhista de Recife,em negociação
52,4433355-55.2023.8.48.9346,1384,civil,arquivado,Encerrado,Dr. Barros,04/08/25,16/10/2026,451599,20ª Vara Trabalhista de Recife,urgente
53,2658962-39.2022.5.95.8856,273,cível,arquivado,ativo,DRA. CAVALCANTE,20/02/2023,23/02/2025,330914,19ª Vara Cível de Recife,
54,2884639-86.2023.2.31.8737,1338,civil,audiência,ativo,Dra. Cavalcante,10/04/2023,02/05/26,283185.00,7ª Vara Criminal de Recife,cliente não responde
55,1667591-67.2025.4.69.9424,1182,Civil,instrução,active,dr. melo,07/09/2020,2025-10-06,473516,7ª Vara Trabalhista de Recife,
56,2824928-33.2020.1.90.6467,1300,Civil,acordo extrajudicial,closed,Dra. Fontes,24 de junho de 2023,27/12/2025,332399.00,17ª Vara Trabalhista de Recife,urgente
57,4865461-96.2025.2.64.9143,917,TRABALHISTA,execução,closed,Dra Fontes,27 de maio de 2020,15/09/2026,247530.00,20ª Vara Criminal de Recife,cliente não responde
58,2909764-51.2025.7.78.2223,1323,TRABALHISTA,arquivado,em recurso,Dra. Cavalcante,17/01/2021,13 de junho de 2026,423818.00,19ª Vara Criminal de Recife,urgente
59,3306375-34.2024.9.48.9154,899,cível,recurso,ATIVO,Dra. Fontes,16/10/21,03/05/2026,R$ 19.724,7ª Vara Trabalhista de Recife,
60,9071705-28.2021.9.78.4746,1105,cível,arquivado,encerrado,DRA. CAVALCANTE,02/09/23,03/06/25,R$ 134.742,6ª Vara Trabalhista de Recife,urgente
61,8129073-22.2024.4.16.9656,291,TRABALHISTA,audiência,closed,Dra Fontes,10 de abril de 2026,,,18ª Vara Trabalhista de Recife,aguardando documentos
62,5625093-80.2022.9.16.6618,9,civil,audiência,em recurso,Dr. Barros,17/04/22,2026-04-19,R$ 230.442,11ª Vara Cível de Recife,cliente não responde
63,5660649-86.2020.5.86.9291,1455,trabalhista,sentença,active,DRA. CAVALCANTE,2025-10-22,4 de novembro de 2025,,1ª Vara Criminal de Recife,aguardando documentos
64,2118934-75.2023.5.97.9563,257,Trabalhista,recurso,ativo,Dra Fontes,25/03/2026,20 de junho de 2025,250965.00,17ª Vara Trabalhista de Recife,
65,4134515-43.2021.8.70.4879,263,Trabalhista,recurso,encerrado,Dr. Barros,2020-01-05,04/03/2025,48486.00,9ª Vara Cível de Recife,
66,2341370-92.2024.9.60.8122,1383,TRABALHISTA,inicial,settlement,Dra. Fontes,29/11/2023,11 de maio de 2026,,19ª Vara Criminal de Recife,cliente não responde
67,6368709-92.2024.7.99.9426,222,Civil,audiência,Encerrado,Dr. Barros,2024-06-21,12 de abril de 2026,,7ª Vara Trabalhista de Recife,em negociação
68,5747786-52.2023.7.30.3750,33,cível,sentença,ativo,DRA. CAVALCANTE,2021-10-23,2025-10-16,378631,15ª Vara Criminal de Recife,
69,5661974-14.2020.6.39.3137,374,civil,execução,suspenso,Dra. Cavalcante,2022-09-25,22/12/2026,,14ª Vara Cível de Recife,em negociação
70,2129757-49.2025.4.14.5657,686,Trabalhista,instrução,encerrado,Dra. Cavalcante,8 de setembro de 2023,,R$ 41.303,1ª Vara Cível de Recife,aguardando documentos
71,1778149-24.2023.1.86.3557,276,Civil,execução,Encerrado,Dra. Fontes,03/04/25,5 de setembro de 2026,R$ 452.684,10ª Vara Criminal de Recife,aguardando documentos
72,8215015-64.2021.5.32.1893,424,TRABALHISTA,sentença,ATIVO,Dra. Cavalcante,17 de março de 2021,17 de fevereiro de 2026,R$ 137.198,13ª Vara Trabalhista de Recife,cliente não responde
73,3168718-77.2025.2.92.8027,320,trabalhista,acordo extrajudicial,ativo,Dra. Cavalcante,22 de julho de 2021,22 de fevereiro de 2026,79442,18ª Vara Trabalhista de Recife,
74,8125196-18.2023.1.53.1215,341,Trabalhista,execução,encerrado,Dr. Barros,11/01/2020,,R$ 390.161,18ª Vara Trabalhista de Recife,cliente não responde
75,2884639-86.2023.2.31.8737,177,Trabalhista,inicial,settlement,Dr. Barros,2 de agosto de 2023,25/01/25,436961.00,7ª Vara Criminal de Recife,
76,1013314-48.2023.4.39.2083,1426,trabalhista,arquivado,em recurso,DRA. CAVALCANTE,08/06/2022,2026-12-31,51876.00,19ª Vara Cível de Recife,aguardando documentos
77,3710559-31.2020.9.95.2540,1206,civil,instrução,appeal,Dra Fontes,15/01/2020,14/11/2025,181120,11ª Vara Criminal de Recife,aguardando documentos
78,4493339-70.2021.7.17.8725,369,cível,inicial,active,Dra. Fontes,11 de dezembro de 2022,11 de outubro de 2026,,6ª Vara Criminal de Recife,cliente não responde
79,1093623-59.2025.7.92.5441,1049,trabalhista,arquivado,encerrado,Dr. Barros,30 de outubro de 2025,,304933,9ª Vara Trabalhista de Recife,em negociação
80,3724721-44.2021.9.75.5553,712,civil,inicial,appeal,Dra. Cavalcante,29 de novembro de 2023,2025-08-06,R$ 265.673,20ª Vara Criminal de Recife,
81,5159219-49.2023.5.25.3676,194,Trabalhista,sentença,closed,dr. melo,25 de setembro de 2024,1 de maio de 2026,191635.00,16ª Vara Trabalhista de Recife,urgente
82,3376786-12.2020.7.64.5093,202,TRABALHISTA,sentença,encerrado,Dr. Barros,14/12/2025,10 de agosto de 2025,280756,3ª Vara Criminal de Recife,cliente não responde
83,2292432-35.2025.5.83.7063,1311,TRABALHISTA,sentença,suspended,Dr. Barros,2021-10-12,19 de março de 2026,440579.00,15ª Vara Criminal de Recife,urgente
84,4314934-26.2021.7.14.7244,810,trabalhista,inicial,Ativo,Dr. Barros,14/03/25,2026-08-21,R$ 285.735,11ª Vara Criminal de Recife,urgente
85,4687348-31.2023.1.92.6907,953,TRABALHISTA,acordo extrajudicial,suspenso,DRA. CAVALCANTE,06/04/24,2026-07-17,198649.00,1ª Vara Cível de Recife,cliente não responde
86,6160516-66.2024.5.17.7150,256,civil,audiência,ativo,Dr. Barros,31 de maio de 2025,12/07/2025,457445,12ª Vara Cível de Recife,aguardando documentos
87,4681694-71.2021.9.28.7350,904,Trabalhista,execução,encerrado,Dra. Cavalcante,22/11/25,27/02/25,R$ 381.648,9ª Vara Criminal de Recife,cliente não responde
88,2554938-48.2024.1.13.4544,371,cível,audiência,ativo,Dra Fontes,11/03/2025,2026-10-04,R$ 79.079,4ª Vara Cível de Recife,cliente não responde
89,1754781-28.2025.6.89.2162,697,civil,inicial,ativo,Dr. Barros,2025-07-13,09/08/2026,R$ 319.953,6ª Vara Cível de Recife,em negociação
90,1353022-94.2023.9.79.1203,836,civil,arquivado,em recurso,Dr. Melo,2021-11-19,14 de janeiro de 2025,76356,13ª Vara Criminal de Recife,cliente não responde
91,1964519-55.2020.7.58.6781,285,Trabalhista,audiência,acordo,Dra Fontes,06/09/2022,13/10/26,,9ª Vara Trabalhista de Recife,urgente
92,9060164-41.2020.5.36.2381,1224,TRABALHISTA,execução,ATIVO,Dra Fontes,22/07/20,10 de julho de 2026,164346,8ª Vara Trabalhista de Recife,
93,7223110-52.2024.2.44.8994,135,TRABALHISTA,arquivado,acordo,Dr. Barros,20/12/23,2026-06-11,R$ 145.335,18ª Vara Criminal de Recife,em negociação
94,4893809-11.2021.7.19.9759,1355,Trabalhista,sentença,ATIVO,Dr. Barros,2024-09-01,10 de agosto de 2025,276363,5ª Vara Cível de Recife,em negociação
95,9060164-41.2020.5.36.2381,944,Civil,inicial,encerrado,Dra Fontes,11/09/25,2025-10-25,R$ 346.020,10ª Vara Cível de Recife,em negociação
96,5472823-70.2022.4.41.7624,882,cível,audiência,Ativo,Dr. Melo,07/04/20,09/11/25,R$ 382.870,13ª Vara Trabalhista de Recife,
97,8286382-50.2025.4.53.4414,17,TRABALHISTA,execução,active,Dra. Fontes,6 de dezembro de 2021,2026-09-10,R$ 250.073,5ª Vara Criminal de Recife,
98,1878000-50.2025.7.58.1197,1301,Trabalhista,recurso,ATIVO,Dr. Melo,21/04/2026,6 de março de 2025,62639,5ª Vara Criminal de Recife,cliente não responde
99,4065326-72.2025.8.58.5304,10,Civil,sentença,settlement,Dr. Melo,22/04/26,03/08/25,,8ª Vara Cível de Recife,em negociação
100,5947618-28.2023.6.53.6118,1271,trabalhista,instrução,Ativo,Dra. Cavalcante,02/04/21,04/11/26,,6ª Vara Trabalhista de Recife,em negociação
101,6836135-90.2022.9.37.5643,306,Trabalhista,sentença,ativo,Dr. Barros,09/11/23,22/02/25,295459,10ª Vara Trabalhista de Recife,
102,1735592-50.2022.9.87.5612,1295,civil,recurso,ativo,Dra. Cavalcante,20 de agosto de 2023,04/05/26,R$ 168.926,2ª Vara Trabalhista de Recife,
103,3667022-35.2020.9.76.3115,382,TRABALHISTA,recurso,closed,Dra Fontes,10 de outubro de 2022,30/01/2026,50544,12ª Vara Trabalhista de Recife,cliente não responde
104,2545435-52.2025.3.59.7623,342,Civil,sentença,ativo,Dra. Cavalcante,3 de outubro de 2024,,,6ª Vara Cível de Recife,aguardando documentos
105,8588997-88.2020.6.29.5987,122,cível,instrução,ativo,Dra. Fontes,02/11/24,29/08/25,233498.00,11ª Vara Cível de Recife,cliente não responde
106,4563779-48.2023.2.87.9606,1477,trabalhista,acordo extrajudicial,suspenso,Dr. Barros,21/07/2022,2025-04-13,R$ 152.008,10ª Vara Criminal de Recife,
107,3922248-27.2025.1.42.4047,1347,Trabalhista,inicial,settlement,Dr. Barros,2021-08-17,6 de setembro de 2025,R$ 455.374,8ª Vara Cível de Recife,
108,8220628-15.2021.8.54.9077,272,Civil,acordo extrajudicial,encerrado,DRA. CAVALCANTE,30/03/24,13/09/2026,178662.00,9ª Vara Cível de Recife,
109,7687292-20.2021.4.85.7539,1449,Trabalhista,recurso,em recurso,dr. melo,20 de novembro de 2024,2026-01-17,R$ 469.833,16ª Vara Cível de Recife,cliente não responde
110,4494463-44.2022.5.80.7542,220,civil,sentença,Ativo,Dr. Barros,14 de abril de 2021,2026-04-24,415129.00,7ª Vara Cível de Recife,aguardando documentos
111,1833330-93.2025.8.61.3405,876,Trabalhista,inicial,suspenso,Dra. Cavalcante,24/08/2025,2026-09-26,,11ª Vara Trabalhista de Recife,
112,7245951-43.2021.4.11.7623,944,TRABALHISTA,inicial,ativo,Dra. Cavalcante,10/01/2024,11 de junho de 2026,158101,12ª Vara Cível de Recife,
113,8220628-15.2021.8.54.9077,562,civil,sentença,Ativo,Dr. Melo,25/01/2020,24 de outubro de 2026,,7ª Vara Criminal de Recife,
114,2554938-48.2024.1.13.4544,710,trabalhista,arquivado,active,DRA. CAVALCANTE,27/01/25,2025-02-18,R$ 147.711,14ª Vara Criminal de Recife,cliente não responde
115,5210656-44.2021.1.39.2474,1392,Civil,sentença,ATIVO,Dra. Cavalcante,10 de setembro de 2022,09/07/2026,R$ 132.709,6ª Vara Cível de Recife,
116,2294596-63.2020.6.38.9193,643,trabalhista,execução,closed,Dra. Fontes,2024-03-17,,88719.00,18ª Vara Criminal de Recife,aguardando documentos
117,1621418-87.2020.9.55.9337,741,trabalhista,recurso,appeal,Dr. Melo,2020-11-10,20 de novembro de 2026,,14ª Vara Cível de Recife,
118,1742202-63.2023.6.68.9372,1158,Trabalhista,recurso,encerrado,Dra Fontes,07/04/2024,23/04/26,229610.00,1ª Vara Trabalhista de Recife,
119,3464073-25.2022.8.73.5075,527,civil,inicial,closed,Dra Fontes,13/02/2025,05/09/25,19462,6ª Vara Cível de Recife,urgente
120,3879233-61.2024.5.30.1494,1084,civil,instrução,ATIVO,Dra. Cavalcante,2022-12-20,08/11/25,,20ª Vara Trabalhista de Recife,
121,7599278-46.2021.4.96.3535,798,cível,acordo extrajudicial,closed,Dr. Barros,2024-10-18,30 de agosto de 2025,,14ª Vara Cível de Recife,aguardando documentos
122,5991409-16.2021.8.44.1303,821,trabalhista,arquivado,closed,Dr. Barros,9 de dezembro de 2024,26/01/25,R$ 245.525,10ª Vara Cível de Recife,
123,5472823-70.2022.4.41.7624,287,Trabalhista,arquivado,em recurso,dr. melo,08/10/2020,5 de fevereiro de 2026,R$ 112.370,10ª Vara Criminal de Recife,
124,8530609-10.2021.5.41.7151,937,civil,sentença,ativo,dr. melo,2021-02-22,2025-10-30,,14ª Vara Trabalhista de Recife,urgente
125,4721085-96.2020.6.92.9645,513,Civil,arquivado,Encerrado,Dr. Barros,22/09/2025,2025-01-23,297936.00,9ª Vara Criminal de Recife,
126,4584224-94.2025.2.57.2511,1399,TRABALHISTA,instrução,appeal,Dra. Fontes,12 de novembro de 2023,2025-07-05,R$ 316.353,2ª Vara Trabalhista de Recife,
127,2658962-39.2022.5.95.8856,457,civil,execução,acordo,Dr. Melo,2020-07-23,2026-12-04,R$ 289.801,17ª Vara Cível de Recife,
128,4687348-31.2023.1.92.6907,255,civil,instrução,em recurso,Dra. Cavalcante,02/01/25,15/02/2026,,19ª Vara Trabalhista de Recife,
129,6105303-92.2021.4.39.3868,1259,cível,audiência,ativo,Dr. Melo,22/10/21,19/05/2025,,14ª Vara Trabalhista de Recife,aguardando documentos
130,3585301-47.2021.7.73.3469,195,civil,instrução,closed,Dr. Barros,10/07/2025,03/12/26,R$ 54.656,6ª Vara Criminal de Recife,urgente
131,5483975-50.2024.8.92.4422,722,trabalhista,instrução,ativo,Dr. Barros,10/09/2024,16 de setembro de 2026,484123.00,19ª Vara Cível de Recife,aguardando documentos
132,3376786-12.2020.7.64.5093,1456,TRABALHISTA,inicial,active,Dr. Barros,2021-04-11,21/10/2026,R$ 263.868,4ª Vara Trabalhista de Recife,
133,3376786-12.2020.7.64.5093,399,civil,instrução,ativo,Dra. Fontes,09/04/25,24/06/26,24205.00,20ª Vara Cível de Recife,
134,6368709-92.2024.7.99.9426,1378,cível,execução,suspended,DRA. CAVALCANTE,01/03/2024,2025-12-07,R$ 478.854,5ª Vara Trabalhista de Recife,em negociação
135,6927716-18.2022.9.56.1445,447,trabalhista,audiência,suspenso,DRA. CAVALCANTE,09/03/2021,06/10/2025,101603,9ª Vara Trabalhista de Recife,em negociação
136,6663627-76.2023.9.26.5770,368,Trabalhista,recurso,closed,Dr. Barros,20/07/2024,5 de maio de 2025,192699,7ª Vara Criminal de Recife,em negociação
137,7381740-86.2021.2.88.6570,516,trabalhista,audiência,Ativo,Dra. Cavalcante,14/05/2024,2025-02-23,278319,19ª Vara Trabalhista de Recife,cliente não responde
138,7274275-74.2020.1.22.9780,627,cível,sentença,ATIVO,Dra Fontes,10/02/23,2025-02-02,R$ 258.469,3ª Vara Trabalhista de Recife,urgente
139,1667591-67.2025.4.69.9424,132,trabalhista,acordo extrajudicial,encerrado,Dra. Fontes,25/02/22,09/04/2026,R$ 68.451,1ª Vara Criminal de Recife,
140,5074974-98.2023.8.21.9881,272,Trabalhista,execução,suspended,Dr. Barros,2021-01-20,2026-06-22,R$ 220.899,8ª Vara Trabalhista de Recife,
141,5451988-41.2020.2.82.4041,30,cível,execução,closed,Dra. Cavalcante,2023-04-03,31/10/25,87492,12ª Vara Cível de Recife,cliente não responde
142,7486138-99.2020.5.81.4332,631,TRABALHISTA,instrução,ativo,DRA. CAVALCANTE,28/04/21,12 de junho de 2026,181351.00,4ª Vara Trabalhista de Recife,urgente
143,6254488-31.2024.9.48.3216,395,trabalhista,inicial,encerrado,Dra Fontes,2023-08-03,2026-10-14,175282.00,13ª Vara Cível de Recife,cliente não responde
144,8574876-96.2020.7.97.4673,145,Trabalhista,audiência,ativo,Dra. Fontes,2024-04-19,2025-10-01,R$ 96.975,16ª Vara Trabalhista de Recife,cliente não responde
145,6694761-39.2022.1.10.2199,887,cível,sentença,ativo,Dr. Barros,2023-11-22,5 de julho de 2026,136097.00,20ª Vara Criminal de Recife,
146,8588997-88.2020.6.29.5987,473,trabalhista,sentença,settlement,dr. melo,19/04/23,,R$ 273.638,14ª Vara Cível de Recife,
147,7515318-25.2024.4.34.6280,1382,trabalhista,recurso,appeal,dr. melo,19 de abril de 2025,24 de junho de 2026,326018.00,12ª Vara Trabalhista de Recife,
148,2575202-50.2023.1.54.9627,511,TRABALHISTA,audiência,suspended,Dr. Barros,08/11/23,,183271.00,6ª Vara Criminal de Recife,cliente não responde
149,2824928-33.2020.1.90.6467,1273,cível,acordo extrajudicial,ATIVO,dr. melo,3 de fevereiro de 2020,14 de março de 2026,114853.00,13ª Vara Trabalhista de Recife,
150,1735592-50.2022.9.87.5612,938,cível,inicial,closed,Dra. Fontes,03/06/20,26/08/26,R$ 271.683,10ª Vara Criminal de Recife,cliente não responde
151,8590346-68.2020.7.63.7780,1322,Trabalhista,arquivado,Encerrado,Dr. Barros,26/10/2024,06/07/26,,14ª Vara Criminal de Recife,
152,4314934-26.2021.7.14.7244,535,civil,inicial,ativo,Dra. Cavalcante,30 de maio de 2022,24 de setembro de 2025,439775,14ª Vara Criminal de Recife,
153,3679963-72.2020.9.29.7859,1337,civil,inicial,Ativo,Dr. Barros,2021-01-27,10/11/26,R$ 384.167,10ª Vara Criminal de Recife,
154,2753004-76.2021.8.83.9874,1251,cível,inicial,ativo,DRA. CAVALCANTE,13 de fevereiro de 2023,18/01/25,R$ 454.247,11ª Vara Trabalhista de Recife,
155,7862554-22.2024.7.83.6459,1459,trabalhista,instrução,acordo,Dr. Barros,15/04/2025,2026-07-04,70206,5ª Vara Trabalhista de Recife,
156,9425559-65.2022.6.99.1309,493,Trabalhista,arquivado,Ativo,Dra Fontes,2021-12-07,05/11/2025,135740,14ª Vara Criminal de Recife,em negociação
157,7813974-60.2021.1.81.1542,1375,trabalhista,audiência,Encerrado,DRA. CAVALCANTE,23 de junho de 2022,,R$ 408.586,18ª Vara Criminal de Recife,urgente
158,7486138-99.2020.5.81.4332,683,cível,inicial,encerrado,Dra. Fontes,19 de abril de 2023,31/05/26,,12ª Vara Criminal de Recife,urgente
159,3785792-10.2020.5.78.7940,973,trabalhista,audiência,active,Dr. Barros,26/08/24,18 de julho de 2025,R$ 361.517,13ª Vara Criminal de Recife,em negociação
160,2658962-39.2022.5.95.8856,774,trabalhista,instrução,appeal,Dra. Cavalcante,8 de setembro de 2021,15 de janeiro de 2026,51544.00,8ª Vara Cível de Recife,urgente
161,9302979-43.2025.9.68.7487,574,TRABALHISTA,arquivado,ATIVO,Dra Fontes,09/12/2021,20 de maio de 2025,287162,17ª Vara Criminal de Recife,aguardando documentos
162,9992831-61.2022.4.35.1469,1001,Civil,audiência,encerrado,Dra Fontes,2023-01-21,2026-10-28,378745,19ª Vara Trabalhista de Recife,em negociação
163,3542616-60.2022.3.87.6536,914,Civil,recurso,ativo,Dr. Melo,4 de maio de 2025,6 de março de 2026,144008.00,14ª Vara Trabalhista de Recife,
164,3464073-25.2022.8.73.5075,632,Civil,execução,ativo,Dra. Fontes,27/12/2020,,R$ 113.893,20ª Vara Criminal de Recife,
165,1778149-24.2023.1.86.3557,1318,cível,inicial,active,dr. melo,2024-08-02,2026-01-01,143093,17ª Vara Trabalhista de Recife,cliente não responde
166,5788467-41.2023.8.93.8134,866,trabalhista,sentença,ATIVO,DRA. CAVALCANTE,31/03/2022,14 de maio de 2025,21720.00,9ª Vara Trabalhista de Recife,
167,3260101-88.2022.8.37.9169,162,civil,execução,encerrado,Dra. Fontes,21/01/24,21/03/2025,,3ª Vara Cível de Recife,aguardando documentos
168,7243958-65.2020.5.25.5047,1399,cível,acordo extrajudicial,Ativo,Dra. Fontes,7 de fevereiro de 2023,20/03/25,251616.00,17ª Vara Trabalhista de Recife,cliente não responde
169,3679963-72.2020.9.29.7859,575,Trabalhista,arquivado,ativo,Dr. Barros,19/04/24,31/05/2025,,20ª Vara Criminal de Recife,
170,8368372-34.2020.6.43.9691,1079,Civil,recurso,encerrado,Dr. Barros,06/08/22,,,1ª Vara Trabalhista de Recife,
171,7320713-89.2022.3.68.7881,1394,cível,sentença,appeal,Dr. Barros,29 de setembro de 2021,,40249.00,13ª Vara Cível de Recife,
172,4229107-99.2020.7.61.3978,630,trabalhista,instrução,ativo,Dra. Fontes,2022-11-03,28/05/26,458374,1ª Vara Cível de Recife,
173,3542799-64.2025.6.13.7299,538,civil,sentença,settlement,Dr. Melo,14 de julho de 2022,2026-05-08,,10ª Vara Trabalhista de Recife,urgente
174,9302979-43.2025.9.68.7487,196,civil,audiência,em recurso,Dra. Fontes,8 de novembro de 2020,12/07/2025,107548,11ª Vara Criminal de Recife,em negociação
175,1272937-41.2023.5.75.9958,716,cível,sentença,em recurso,DRA. CAVALCANTE,02/05/21,09/09/26,331431.00,3ª Vara Cível de Recife,aguardando documentos
176,8323566-47.2021.3.26.4644,677,cível,arquivado,ATIVO,Dra. Cavalcante,2025-03-02,2026-09-28,112759.00,10ª Vara Criminal de Recife,em negociação
177,3260101-88.2022.8.37.9169,188,Trabalhista,recurso,active,Dr. Melo,2025-12-22,,R$ 104.131,10ª Vara Cível de Recife,
178,1615190-23.2022.2.42.6238,1246,cível,recurso,ATIVO,Dra Fontes,01/08/20,2025-04-15,R$ 86.127,3ª Vara Cível de Recife,
179,7223110-52.2024.2.44.8994,823,trabalhista,instrução,encerrado,Dra. Fontes,23/09/2023,31/12/25,R$ 37.910,7ª Vara Cível de Recife,em negociação
180,5451988-41.2020.2.82.4041,608,TRABALHISTA,instrução,ativo,Dra Fontes,12/02/21,24 de setembro de 2026,352940,15ª Vara Trabalhista de Recife,cliente não responde
181,5753123-52.2021.4.48.4042,886,Trabalhista,audiência,appeal,dr. melo,28/05/23,2026-07-26,218180,5ª Vara Cível de Recife,urgente
182,5451988-41.2020.2.82.4041,1402,cível,inicial,encerrado,Dra. Cavalcante,13/09/2024,13 de dezembro de 2026,204510.00,2ª Vara Criminal de Recife,cliente não responde
183,9774395-92.2023.2.75.3192,1304,trabalhista,sentença,suspenso,dr. melo,20 de maio de 2021,25 de maio de 2025,489995.00,12ª Vara Criminal de Recife,urgente
184,1024421-54.2022.9.20.2563,1332,cível,sentença,Encerrado,Dr. Barros,04/05/2020,09/10/26,424236.00,1ª Vara Trabalhista de Recife,aguardando documentos
185,4893809-11.2021.7.19.9759,285,TRABALHISTA,sentença,ATIVO,Dr. Barros,07/03/26,2025-02-20,,18ª Vara Trabalhista de Recife,aguardando documentos
186,7951127-89.2024.1.63.3502,264,trabalhista,instrução,acordo,Dra Fontes,15/08/21,01/04/25,477366.00,17ª Vara Criminal de Recife,
187,4601686-30.2021.5.52.7745,302,civil,inicial,Encerrado,Dr. Barros,25 de março de 2023,2025-06-27,193016,9ª Vara Trabalhista de Recife,em negociação
188,7724543-49.2023.9.44.7412,1419,civil,execução,Ativo,Dr. Melo,07/12/2020,22/08/26,365610.00,13ª Vara Trabalhista de Recife,cliente não responde
189,5991409-16.2021.8.44.1303,884,trabalhista,acordo extrajudicial,suspenso,Dra Fontes,2024-04-09,2026-12-15,,5ª Vara Criminal de Recife,
190,2236315-26.2022.5.82.8939,201,cível,inicial,em recurso,Dr. Barros,18/02/2023,27/08/26,239470.00,7ª Vara Criminal de Recife,
191,5625093-80.2022.9.16.6618,675,Trabalhista,audiência,closed,dr. melo,04/10/22,07/08/26,313869.00,15ª Vara Criminal de Recife,cliente não responde
192,2490107-19.2023.9.10.7930,741,Civil,sentença,appeal,Dra Fontes,16/04/26,03/01/2026,219349.00,8ª Vara Cível de Recife,cliente não responde
193,5472823-70.2022.4.41.7624,807,civil,arquivado,encerrado,dr. melo,05/12/25,28/02/26,R$ 83.249,18ª Vara Criminal de Recife,
194,7979033-26.2021.6.18.1084,1077,Trabalhista,instrução,suspended,Dr. Melo,28 de novembro de 2025,09/09/25,272362,18ª Vara Criminal de Recife,
195,1557680-16.2021.4.16.4031,866,TRABALHISTA,inicial,encerrado,Dra Fontes,23 de junho de 2024,2026-07-19,152181,11ª Vara Cível de Recife,
196,6053412-12.2021.6.72.8346,732,civil,audiência,em recurso,Dra Fontes,12/11/23,28/12/26,,18ª Vara Criminal de Recife,urgente
197,3588109-63.2023.1.26.4223,179,Trabalhista,arquivado,encerrado,dr. melo,2 de outubro de 2021,27/11/2025,,9ª Vara Trabalhista de Recife,
198,7224257-29.2020.8.88.9110,1256,Civil,instrução,ativo,DRA. CAVALCANTE,2024-01-07,23/03/26,,1ª Vara Cível de Recife,aguardando documentos
199,7539718-58.2020.2.52.9800,719,civil,arquivado,suspended,Dra. Cavalcante,24/02/22,29/03/25,R$ 340.178,5ª Vara Cível de Recife,aguardando documentos
200,2191287-57.2021.1.18.8228,1109,Civil,acordo extrajudicial,em recurso,Dr. Barros,11/04/24,19/02/25,368938.00,1ª Vara Cível de Recife,
201,7515318-25.2024.4.34.6280,1134,civil,recurso,ativo,DRA. CAVALCANTE,01/12/24,19 de janeiro de 2026,59697,9ª Vara Trabalhista de Recife,urgente
202,8368372-34.2020.6.43.9691,707,cível,arquivado,appeal,Dr. Barros,2020-06-16,24 de março de 2026,,16ª Vara Cível de Recife,
203,7323234-16.2020.9.59.5035,682,TRABALHISTA,instrução,em recurso,dr. melo,14/03/21,06/06/25,R$ 333.486,2ª Vara Cível de Recife,
204,8286828-70.2022.9.31.8012,658,cível,inicial,em recurso,Dra. Fontes,29/07/25,2025-11-24,,7ª Vara Criminal de Recife,
205,2292432-35.2025.5.83.7063,979,Civil,inicial,acordo,Dr. Barros,31/12/2024,23 de janeiro de 2025,48089.00,15ª Vara Trabalhista de Recife,
206,5660649-86.2020.5.86.9291,141,cível,execução,suspenso,dr. melo,2021-01-28,2026-09-11,230152,17ª Vara Criminal de Recife,em negociação
207,3766710-17.2025.4.91.1472,1060,Trabalhista,execução,Ativo,Dra Fontes,07/12/2024,25 de dezembro de 2025,,12ª Vara Trabalhista de Recife,
208,7544569-30.2022.4.91.9370,1255,Trabalhista,execução,acordo,Dra. Fontes,2022-06-30,19 de março de 2026,,5ª Vara Criminal de Recife,
209,6034606-21.2023.6.18.6684,545,TRABALHISTA,recurso,active,Dr. Barros,07/05/2023,2025-12-21,248171.00,4ª Vara Cível de Recife,
210,9071705-28.2021.9.78.4746,517,TRABALHISTA,execução,ativo,Dra. Fontes,12/12/22,15/03/25,95674,15ª Vara Criminal de Recife,
211,1411065-96.2022.9.64.8271,522,trabalhista,execução,closed,DRA. CAVALCANTE,2025-06-21,07/02/26,117195,8ª Vara Cível de Recife,aguardando documentos
212,5483975-50.2024.8.92.4422,764,cível,audiência,ATIVO,Dr. Melo,13 de junho de 2025,5 de novembro de 2025,,2ª Vara Cível de Recife,em negociação
213,1614850-25.2020.8.85.3161,538,trabalhista,sentença,closed,Dr. Barros,03/09/22,02/11/26,162592.00,13ª Vara Criminal de Recife,urgente
214,7398699-88.2025.6.55.3587,1468,Civil,acordo extrajudicial,closed,Dra Fontes,2 de outubro de 2022,08/05/25,R$ 183.281,10ª Vara Trabalhista de Recife,cliente não responde
215,7381740-86.2021.2.88.6570,825,civil,inicial,active,Dra Fontes,21/02/2022,02/02/2026,187417.00,4ª Vara Trabalhista de Recife,cliente não responde
216,4415624-13.2024.9.14.9480,785,cível,inicial,ativo,dr. melo,25 de junho de 2025,2026-12-19,168892.00,5ª Vara Cível de Recife,cliente não responde
217,5401874-62.2025.2.46.8337,1185,Trabalhista,acordo extrajudicial,appeal,Dr. Barros,3 de julho de 2024,2025-12-28,197945,2ª Vara Trabalhista de Recife,
218,1237577-83.2022.8.91.4649,263,cível,execução,suspenso,Dra. Fontes,15/12/2020,25/08/25,399936.00,9ª Vara Cível de Recife,
219,9992831-61.2022.4.35.1469,959,trabalhista,execução,settlement,Dra Fontes,17 de julho de 2022,2026-11-20,,3ª Vara Criminal de Recife,
220,7687292-20.2021.4.85.7539,46,Trabalhista,inicial,em recurso,Dr. Melo,11 de fevereiro de 2025,22/08/25,R$ 447.226,1ª Vara Criminal de Recife,
221,8539686-69.2023.4.36.2235,372,trabalhista,execução,ativo,Dra Fontes,2020-10-06,3 de junho de 2026,R$ 59.361,7ª Vara Cível de Recife,
222,6836135-90.2022.9.37.5643,1284,Civil,arquivado,suspended,Dr. Barros,04/12/20,23 de agosto de 2026,R$ 302.590,20ª Vara Trabalhista de Recife,urgente
223,3785792-10.2020.5.78.7940,653,Civil,arquivado,ativo,dr. melo,04/03/2024,05/07/25,171212.00,17ª Vara Cível de Recife,em negociação
224,8717678-27.2025.5.11.4526,1409,civil,arquivado,Ativo,Dra. Fontes,2025-01-17,19/01/25,113043.00,15ª Vara Criminal de Recife,urgente
225,1974389-81.2024.5.57.9354,617,cível,acordo extrajudicial,closed,dr. melo,2020-11-24,2026-11-18,R$ 141.857,8ª Vara Trabalhista de Recife,
226,4085001-92.2022.6.76.8938,200,trabalhista,sentença,closed,Dra Fontes,27/01/26,03/02/2026,,15ª Vara Trabalhista de Recife,
227,7222167-30.2022.8.44.7452,1174,TRABALHISTA,arquivado,ativo,Dra Fontes,20 de março de 2021,31 de agosto de 2025,393215.00,14ª Vara Criminal de Recife,urgente
228,1615190-23.2022.2.42.6238,135,trabalhista,acordo extrajudicial,ativo,Dra. Cavalcante,26/08/21,,448314.00,4ª Vara Criminal de Recife,urgente
229,7141324-67.2025.3.86.3413,456,trabalhista,arquivado,active,Dr. Barros,3 de maio de 2023,15/02/26,249983.00,2ª Vara Trabalhista de Recife,cliente não responde
230,6476769-27.2021.5.22.2570,473,TRABALHISTA,inicial,ativo,dr. melo,1 de maio de 2026,14/05/2026,73518.00,2ª Vara Cível de Recife,aguardando documentos
231,8572382-61.2025.1.41.7172,766,trabalhista,sentença,closed,Dr. Barros,21/05/2024,12 de janeiro de 2025,R$ 179.123,20ª Vara Cível de Recife,cliente não responde
232,2292432-35.2025.5.83.7063,1493,Civil,arquivado,suspenso,Dr. Barros,15/01/20,26 de abril de 2025,,9ª Vara Criminal de Recife,
233,2461262-96.2021.6.48.1315,1236,trabalhista,recurso,appeal,DRA. CAVALCANTE,24/08/2025,16/07/2025,469199,16ª Vara Trabalhista de Recife,
234,4131852-60.2020.1.89.9739,773,Trabalhista,instrução,em recurso,DRA. CAVALCANTE,2020-04-16,25/03/25,R$ 406.162,7ª Vara Cível de Recife,aguardando documentos
235,3505690-87.2020.8.52.6260,753,cível,recurso,encerrado,Dr. Melo,20/10/2023,10 de setembro de 2026,,7ª Vara Cível de Recife,
236,6416661-36.2021.8.21.8496,1025,civil,instrução,ativo,dr. melo,14/06/21,17 de dezembro de 2026,R$ 137.838,7ª Vara Cível de Recife,urgente
237,3306375-34.2024.9.48.9154,1145,civil,arquivado,acordo,Dra Fontes,16/02/25,15 de novembro de 2026,R$ 208.305,11ª Vara Criminal de Recife,em negociação
238,8215015-64.2021.5.32.1893,1203,Trabalhista,instrução,ativo,Dra. Fontes,19 de abril de 2025,2025-02-15,,11ª Vara Trabalhista de Recife,
239,4092125-65.2025.3.26.9073,239,Civil,inicial,ativo,dr. melo,28/05/2023,2026-03-26,,11ª Vara Trabalhista de Recife,
240,9062552-47.2024.4.22.8265,106,cível,execução,ativo,DRA. CAVALCANTE,09/05/25,01/05/2025,,15ª Vara Trabalhista de Recife,
241,6370110-64.2022.3.52.8440,720,Civil,sentença,ativo,Dra Fontes,27/09/25,2026-04-12,115146,9ª Vara Criminal de Recife,
242,3785792-10.2020.5.78.7940,417,cível,arquivado,ativo,dr. melo,4 de dezembro de 2025,03/03/2026,R$ 384.356,3ª Vara Cível de Recife,aguardando documentos
243,7749444-78.2021.1.20.8763,840,civil,acordo extrajudicial,encerrado,Dra Fontes,2025-02-11,19 de janeiro de 2026,,13ª Vara Cível de Recife,urgente
244,8714773-70.2022.9.65.8541,1207,Trabalhista,instrução,suspended,Dra Fontes,15 de dezembro de 2020,,R$ 192.480,6ª Vara Cível de Recife,cliente não responde
245,1778149-24.2023.1.86.3557,834,Civil,sentença,suspended,Dra. Fontes,07/08/22,05/09/2025,R$ 328.371,9ª Vara Trabalhista de Recife,
246,1411065-96.2022.9.64.8271,1451,TRABALHISTA,recurso,ativo,dr. melo,10/01/20,2025-12-19,,5ª Vara Criminal de Recife,
247,3922248-27.2025.1.42.4047,280,trabalhista,inicial,Ativo,Dra Fontes,15 de maio de 2020,29/09/25,181334,11ª Vara Cível de Recife,
248,2186433-37.2022.2.12.4344,1186,Civil,audiência,ativo,Dr. Barros,2023-12-04,27/05/2025,403528,12ª Vara Trabalhista de Recife,em negociação
249,9573194-21.2022.1.35.8352,983,cível,arquivado,ativo,Dra Fontes,22/04/2020,2025-02-13,R$ 93.491,16ª Vara Cível de Recife,
250,8588997-88.2020.6.29.5987,1469,cível,arquivado,Ativo,Dr. Barros,2022-05-05,2026-08-14,,17ª Vara Trabalhista de Recife,
251,2267110-24.2021.5.78.6025,157,trabalhista,audiência,acordo,dr. melo,01/08/2024,26 de abril de 2025,167376,14ª Vara Cível de Recife,
252,4417916-40.2022.7.26.4278,375,TRABALHISTA,inicial,ativo,Dr. Melo,20/08/2023,,168692,5ª Vara Cível de Recife,
253,1557680-16.2021.4.16.4031,327,civil,audiência,ativo,Dra Fontes,03/05/2023,06/10/2025,R$ 266.247,2ª Vara Trabalhista de Recife,urgente
254,7687351-51.2022.6.73.6768,270,Civil,instrução,ativo,Dr. Melo,27 de dezembro de 2023,29 de novembro de 2026,R$ 437.661,2ª Vara Trabalhista de Recife,aguardando documentos
255,8415891-60.2021.6.92.5554,700,Trabalhista,recurso,settlement,Dra. Fontes,24 de fevereiro de 2020,17 de janeiro de 2026,R$ 366.126,18ª Vara Criminal de Recife,cliente não responde
256,2461262-96.2021.6.48.1315,873,civil,audiência,active,dr. melo,29/12/2024,2025-06-07,145452,20ª Vara Criminal de Recife,urgente
257,1101935-78.2023.5.88.5299,196,civil,arquivado,ATIVO,Dra. Cavalcante,26/07/2025,2026-05-10,R$ 43.594,4ª Vara Criminal de Recife,
258,9804642-71.2024.4.76.5486,1483,trabalhista,recurso,ATIVO,Dra. Fontes,3 de setembro de 2021,06/04/2026,R$ 344.447,19ª Vara Trabalhista de Recife,aguardando documentos
259,8892606-62.2022.2.87.2168,1216,Civil,audiência,closed,DRA. CAVALCANTE,26/05/2021,,,10ª Vara Criminal de Recife,
260,3724721-44.2021.9.75.5553,956,TRABALHISTA,instrução,Ativo,dr. melo,2023-06-22,3 de novembro de 2025,,12ª Vara Criminal de Recife,
261,5422047-80.2024.8.62.4364,1118,Trabalhista,sentença,appeal,Dra. Cavalcante,15 de maio de 2023,27 de abril de 2026,,6ª Vara Trabalhista de Recife,
262,3542616-60.2022.3.87.6536,1302,trabalhista,execução,settlement,DRA. CAVALCANTE,09/03/25,18 de junho de 2025,,8ª Vara Criminal de Recife,em negociação
263,3395583-64.2024.4.41.2181,1327,trabalhista,recurso,active,Dr. Melo,11/01/2023,25/10/2026,,1ª Vara Criminal de Recife,
264,8936104-83.2022.1.39.7934,588,cível,arquivado,ativo,Dra. Cavalcante,2023-12-22,5 de maio de 2026,,5ª Vara Trabalhista de Recife,
265,3710559-31.2020.9.95.2540,315,trabalhista,recurso,active,Dr. Barros,05/08/20,28/03/25,335054.00,5ª Vara Trabalhista de Recife,
266,4180949-86.2020.3.26.7593,1456,TRABALHISTA,sentença,closed,Dr. Barros,10/06/2024,09/03/25,459182.00,3ª Vara Criminal de Recife,
267,4064382-39.2022.4.13.8937,1251,trabalhista,execução,appeal,DRA. CAVALCANTE,10 de janeiro de 2025,2025-06-17,442289,14ª Vara Criminal de Recife,urgente
268,5638123-23.2024.7.30.5009,169,trabalhista,sentença,ATIVO,Dr. Melo,11/11/2021,17/06/25,216122,2ª Vara Criminal de Recife,
269,7789809-22.2020.1.73.9031,1240,cível,inicial,ativo,Dr. Melo,2024-11-05,10 de abril de 2026,168454,15ª Vara Criminal de Recife,urgente
270,6686912-30.2025.4.68.7078,1446,Civil,inicial,Ativo,dr. melo,9 de março de 2023,12/09/2025,263321.00,15ª Vara Trabalhista de Recife,em negociação
271,7224257-29.2020.8.88.9110,1170,cível,execução,appeal,Dra. Fontes,04/08/22,14/02/2026,R$ 116.155,6ª Vara Criminal de Recife,urgente
272,6414076-16.2021.7.78.8273,1422,Civil,recurso,appeal,Dra Fontes,2022-10-13,08/06/2026,,9ª Vara Trabalhista de Recife,
273,7323234-16.2020.9.59.5035,1392,civil,recurso,em recurso,Dr. Barros,29/09/24,2025-07-03,254379.00,7ª Vara Criminal de Recife,em negociação
274,1757615-27.2025.7.10.3762,323,trabalhista,audiência,active,Dra. Fontes,02/07/2020,16 de março de 2025,74242,1ª Vara Trabalhista de Recife,cliente não responde
275,2236315-26.2022.5.82.8939,749,Civil,inicial,ATIVO,Dra Fontes,28/12/22,17/12/2026,344544,13ª Vara Trabalhista de Recife,
276,1272937-41.2023.5.75.9958,1216,Civil,instrução,suspended,DRA. CAVALCANTE,2021-06-23,07/06/2026,409066.00,12ª Vara Cível de Recife,
277,6982910-41.2023.8.91.8758,458,cível,instrução,settlement,dr. melo,10 de abril de 2025,10 de dezembro de 2026,169657.00,14ª Vara Cível de Recife,
278,7553290-31.2023.9.36.9282,1294,Civil,recurso,suspenso,Dr. Barros,12/03/20,17/03/2026,75321.00,14ª Vara Cível de Recife,
279,7749444-78.2021.1.20.8763,19,TRABALHISTA,instrução,ativo,Dr. Barros,04/07/23,,,14ª Vara Criminal de Recife,urgente
280,5210656-44.2021.1.39.2474,159,trabalhista,arquivado,settlement,Dra. Fontes,08/04/2020,02/06/2026,315829.00,10ª Vara Trabalhista de Recife,cliente não responde
281,7848147-32.2021.6.58.3528,103,cível,acordo extrajudicial,em recurso,Dr. Barros,04/10/2025,25/07/2026,,13ª Vara Cível de Recife,aguardando documentos
282,2824928-33.2020.1.90.6467,234,cível,audiência,ativo,Dra Fontes,28/12/2020,03/12/26,28984,19ª Vara Trabalhista de Recife,
283,7724543-49.2023.9.44.7412,1141,TRABALHISTA,sentença,suspended,Dra Fontes,16/11/2025,,R$ 379.622,18ª Vara Cível de Recife,cliente não responde
284,1248003-72.2024.2.80.8472,595,trabalhista,acordo extrajudicial,ativo,Dra. Fontes,2022-05-13,17/10/2025,122060.00,2ª Vara Trabalhista de Recife,aguardando documentos
285,2110878-87.2023.8.83.8978,1066,civil,audiência,ATIVO,dr. melo,09/03/23,29 de julho de 2025,,19ª Vara Cível de Recife,urgente
286,9953454-93.2020.2.52.5723,1079,TRABALHISTA,instrução,ativo,DRA. CAVALCANTE,17/04/26,19/05/2026,164552.00,20ª Vara Trabalhista de Recife,em negociação
287,1411065-96.2022.9.64.8271,425,trabalhista,inicial,settlement,Dra. Cavalcante,2 de dezembro de 2024,31/05/2025,282482,11ª Vara Cível de Recife,
288,6779292-61.2021.4.86.2783,962,TRABALHISTA,inicial,encerrado,Dra. Fontes,30/03/2022,23 de maio de 2026,,12ª Vara Trabalhista de Recife,aguardando documentos
289,7320713-89.2022.3.68.7881,1379,civil,sentença,suspenso,Dra. Cavalcante,11/12/2022,22/05/25,157081.00,11ª Vara Trabalhista de Recife,aguardando documentos
290,1778149-24.2023.1.86.3557,1039,Trabalhista,acordo extrajudicial,active,Dra. Fontes,02/07/2024,31 de agosto de 2025,R$ 56.063,7ª Vara Trabalhista de Recife,
291,9774395-92.2023.2.75.3192,451,civil,instrução,active,Dr. Melo,07/04/2023,11/06/25,262802,15ª Vara Criminal de Recife,aguardando documentos
292,9071705-28.2021.9.78.4746,846,Civil,arquivado,Ativo,Dr. Barros,2021-09-17,2026-05-24,,5ª Vara Trabalhista de Recife,
293,4433355-55.2023.8.48.9346,671,civil,sentença,Encerrado,Dr. Melo,5 de junho de 2021,2025-05-13,,15ª Vara Cível de Recife,
294,8209168-30.2020.1.41.7632,162,cível,execução,ATIVO,Dr. Melo,22/02/21,2026-10-07,270730.00,3ª Vara Trabalhista de Recife,urgente
295,7820540-78.2023.1.75.4823,89,trabalhista,sentença,closed,Dra. Fontes,2025-06-21,28/10/25,,14ª Vara Cível de Recife,
296,5159219-49.2023.5.25.3676,971,cível,execução,Encerrado,DRA. CAVALCANTE,25/05/23,2025-01-16,R$ 368.897,18ª Vara Criminal de Recife,em negociação
297,9822459-92.2024.8.17.6403,392,trabalhista,recurso,encerrado,Dra Fontes,07/03/2025,,123679.00,5ª Vara Trabalhista de Recife,cliente não responde
298,9953454-93.2020.2.52.5723,1293,Civil,recurso,closed,Dra. Cavalcante,01/08/2024,,143251.00,4ª Vara Criminal de Recife,em negociação
299,3242098-97.2025.4.44.9916,257,TRABALHISTA,execução,Ativo,Dr. Barros,14/06/25,2026-07-20,28732.00,3ª Vara Cível de Recife,em negociação
300,8572382-61.2025.1.41.7172,1057,civil,execução,closed,Dra. Cavalcante,9 de fevereiro de 2020,17/12/2025,126349.00,19ª Vara Criminal de Recife,
301,3750497-13.2024.6.65.9009,639,civil,arquivado,ativo,DRA. CAVALCANTE,06/01/20,09/10/2025,478293.00,17ª Vara Trabalhista de Recife,aguardando documentos
302,2869625-86.2025.7.14.5837,142,trabalhista,execução,ativo,Dra. Cavalcante,19/12/23,04/02/26,,16ª Vara Criminal de Recife,
303,3879233-61.2024.5.30.1494,932,civil,recurso,acordo,Dra. Fontes,16 de janeiro de 2025,26 de setembro de 2026,R$ 324.007,20ª Vara Trabalhista de Recife,
304,7236875-79.2024.7.97.5566,1291,Civil,inicial,Encerrado,Dra. Cavalcante,2024-04-27,,241412,3ª Vara Criminal de Recife,cliente não responde
305,8368372-34.2020.6.43.9691,94,TRABALHISTA,recurso,ATIVO,Dr. Barros,24/12/20,07/02/2025,342645,14ª Vara Cível de Recife,
306,3675188-38.2025.9.53.3305,463,civil,execução,Encerrado,Dr. Barros,28 de março de 2020,,248206,19ª Vara Criminal de Recife,aguardando documentos
307,4938178-62.2020.7.27.6072,1042,cível,acordo extrajudicial,acordo,Dra. Cavalcante,19 de fevereiro de 2020,10 de setembro de 2025,,1ª Vara Cível de Recife,urgente
308,4229107-99.2020.7.61.3978,455,Civil,recurso,encerrado,dr. melo,7 de abril de 2022,7 de fevereiro de 2025,63011.00,4ª Vara Criminal de Recife,cliente não responde
309,3785792-10.2020.5.78.7940,867,civil,inicial,active,dr. melo,28 de novembro de 2021,02/10/25,,9ª Vara Cível de Recife,
310,1099617-37.2023.9.61.1793,1364,Trabalhista,audiência,settlement,Dr. Barros,2024-03-12,23/08/2025,R$ 18.900,12ª Vara Cível de Recife,
311,4493339-70.2021.7.17.8725,114,cível,arquivado,settlement,Dr. Barros,2024-07-13,8 de agosto de 2025,,4ª Vara Trabalhista de Recife,
312,8936104-83.2022.1.39.7934,622,Trabalhista,execução,ativo,Dr. Barros,5 de setembro de 2025,2025-06-05,436322,11ª Vara Criminal de Recife,
313,8588997-88.2020.6.29.5987,315,Trabalhista,acordo extrajudicial,encerrado,Dr. Barros,13 de janeiro de 2021,2025-03-22,,15ª Vara Cível de Recife,urgente
314,3879233-61.2024.5.30.1494,749,cível,acordo extrajudicial,ATIVO,Dra. Cavalcante,26/07/22,2026-04-19,R$ 68.666,1ª Vara Trabalhista de Recife,cliente não responde
315,4460247-99.2024.9.97.4840,1142,Civil,arquivado,em recurso,dr. melo,23/05/23,30 de agosto de 2026,343631,16ª Vara Cível de Recife,em negociação
316,6053412-12.2021.6.72.8346,1228,Civil,acordo extrajudicial,appeal,Dr. Barros,2021-02-09,9 de fevereiro de 2026,194853,20ª Vara Criminal de Recife,
317,4563779-48.2023.2.87.9606,49,TRABALHISTA,inicial,suspended,Dr. Melo,15/07/2020,24/04/2025,,19ª Vara Trabalhista de Recife,
318,1628717-84.2025.8.67.8313,529,Trabalhista,sentença,acordo,Dra. Cavalcante,25/12/20,02/01/2025,R$ 273.432,13ª Vara Criminal de Recife,aguardando documentos
319,7813974-60.2021.1.81.1542,1394,TRABALHISTA,recurso,Encerrado,Dr. Barros,12 de junho de 2022,,,8ª Vara Criminal de Recife,urgente
320,4202942-75.2025.6.91.7611,650,civil,sentença,ativo,Dr. Barros,21 de outubro de 2020,2026-06-28,16005.00,10ª Vara Cível de Recife,urgente
321,4061044-97.2023.7.99.3676,130,civil,recurso,appeal,Dr. Barros,20/08/2024,30 de abril de 2025,104234,14ª Vara Trabalhista de Recife,urgente
322,8097721-13.2023.1.47.8354,31,trabalhista,instrução,appeal,Dra. Fontes,23 de julho de 2022,2025-12-18,,4ª Vara Cível de Recife,urgente
323,9168044-67.2022.1.26.3054,493,cível,audiência,ativo,dr. melo,08/11/21,2025-11-17,139879,17ª Vara Trabalhista de Recife,em negociação
324,6686912-30.2025.4.68.7078,1290,Trabalhista,instrução,ativo,Dr. Barros,20/04/21,,,1ª Vara Criminal de Recife,cliente não responde
325,7687292-20.2021.4.85.7539,51,cível,acordo extrajudicial,Ativo,Dra Fontes,14 de dezembro de 2020,21/11/25,350991.00,6ª Vara Trabalhista de Recife,aguardando documentos
326,4687348-31.2023.1.92.6907,1249,trabalhista,instrução,active,DRA. CAVALCANTE,14/09/2021,,R$ 128.407,14ª Vara Cível de Recife,cliente não responde
327,2292432-35.2025.5.83.7063,810,trabalhista,recurso,ativo,Dr. Barros,20 de agosto de 2023,16/03/2025,,8ª Vara Criminal de Recife,urgente
328,3260101-88.2022.8.37.9169,401,TRABALHISTA,audiência,ATIVO,DRA. CAVALCANTE,03/10/2020,2026-10-21,241684.00,3ª Vara Trabalhista de Recife,cliente não responde
329,6260319-38.2024.8.96.1114,802,civil,arquivado,ativo,Dra. Fontes,30/08/21,7 de fevereiro de 2026,89050,6ª Vara Cível de Recife,
330,9573194-21.2022.1.35.8352,30,Civil,recurso,active,Dr. Barros,11 de maio de 2020,2026-06-05,R$ 334.398,8ª Vara Cível de Recife,em negociação
331,1165147-13.2020.2.47.5874,81,Trabalhista,instrução,encerrado,Dra. Fontes,2021-12-04,24 de agosto de 2025,157362,6ª Vara Cível de Recife,urgente
332,7115217-41.2025.1.67.7692,14,cível,inicial,encerrado,Dra Fontes,4 de março de 2026,12 de julho de 2026,R$ 41.361,20ª Vara Criminal de Recife,urgente
333,2461262-96.2021.6.48.1315,429,Civil,sentença,Encerrado,Dra. Cavalcante,02/09/23,04/04/2025,468995.00,18ª Vara Trabalhista de Recife,cliente não responde
334,8157599-64.2024.2.89.5276,264,trabalhista,inicial,ativo,Dra. Fontes,2020-02-22,11 de janeiro de 2025,R$ 173.945,1ª Vara Criminal de Recife,
335,1248003-72.2024.2.80.8472,557,Trabalhista,recurso,suspenso,dr. melo,14/02/2025,29/07/2025,407401.00,14ª Vara Criminal de Recife,urgente
336,4299848-20.2023.2.47.7396,254,TRABALHISTA,acordo extrajudicial,ativo,Dr. Barros,05/06/23,,200987,3ª Vara Cível de Recife,urgente
337,5159882-37.2022.9.71.7550,893,Civil,inicial,Encerrado,Dra Fontes,05/05/20,22/10/25,178690.00,4ª Vara Trabalhista de Recife,urgente
338,3679963-72.2020.9.29.7859,293,Trabalhista,inicial,ativo,Dr. Barros,14 de junho de 2021,02/05/25,,4ª Vara Criminal de Recife,cliente não responde
339,8717678-27.2025.5.11.4526,400,Civil,audiência,closed,Dr. Barros,05/03/24,2025-09-08,420856.00,17ª Vara Criminal de Recife,
340,5214684-96.2020.6.84.9986,1327,Trabalhista,recurso,ativo,dr. melo,2023-12-03,28/02/25,497002,20ª Vara Trabalhista de Recife,
341,8717678-27.2025.5.11.4526,219,civil,sentença,encerrado,DRA. CAVALCANTE,22 de agosto de 2023,4 de dezembro de 2026,R$ 238.476,2ª Vara Cível de Recife,
342,2110878-87.2023.8.83.8978,566,trabalhista,execução,ativo,Dr. Melo,09/01/2024,01/07/2026,,10ª Vara Cível de Recife,
343,4140100-24.2024.4.63.7178,451,Trabalhista,execução,ATIVO,DRA. CAVALCANTE,1 de fevereiro de 2024,05/07/2025,,11ª Vara Trabalhista de Recife,urgente
344,2658962-39.2022.5.95.8856,1244,civil,acordo extrajudicial,encerrado,Dra. Fontes,23/02/26,27/12/26,,11ª Vara Criminal de Recife,
345,7765112-69.2024.9.62.5648,797,cível,acordo extrajudicial,ativo,DRA. CAVALCANTE,2020-06-08,22/04/25,R$ 100.176,13ª Vara Criminal de Recife,aguardando documentos
346,3710559-31.2020.9.95.2540,770,civil,execução,active,Dra. Fontes,21/02/2025,2025-03-14,R$ 307.916,16ª Vara Trabalhista de Recife,urgente
347,5144296-22.2022.4.87.9648,240,Trabalhista,sentença,appeal,Dra Fontes,2025-03-25,3 de dezembro de 2025,R$ 415.593,17ª Vara Criminal de Recife,urgente
348,5966644-82.2023.4.88.9951,1108,trabalhista,arquivado,ATIVO,DRA. CAVALCANTE,30/09/2025,14/07/26,R$ 250.058,19ª Vara Cível de Recife,cliente não responde
349,1101935-78.2023.5.88.5299,964,TRABALHISTA,execução,appeal,dr. melo,7 de fevereiro de 2023,02/12/26,167375.00,13ª Vara Criminal de Recife,em negociação
350,1024421-54.2022.9.20.2563,873,TRABALHISTA,execução,suspenso,DRA. CAVALCANTE,09/08/22,08/04/26,62213.00,8ª Vara Trabalhista de Recife,aguardando documentos
351,3496733-55.2020.2.43.8503,1056,cível,inicial,em recurso,DRA. CAVALCANTE,7 de março de 2025,22 de dezembro de 2026,R$ 169.744,11ª Vara Trabalhista de Recife,cliente não responde
352,5700249-43.2020.5.57.9341,148,TRABALHISTA,recurso,Encerrado,dr. melo,9 de junho de 2023,2026-05-16,237184.00,15ª Vara Trabalhista de Recife,
353,5853247-29.2020.7.62.8870,1305,Civil,inicial,em recurso,Dr. Melo,07/07/25,12 de agosto de 2025,108479,1ª Vara Cível de Recife,
354,7999133-20.2023.7.26.1121,1192,trabalhista,inicial,Ativo,DRA. CAVALCANTE,06/02/22,22 de maio de 2025,129724,4ª Vara Trabalhista de Recife,aguardando documentos
355,9835331-11.2022.6.15.8602,320,cível,recurso,acordo,Dr. Melo,26/07/2021,09/09/25,227235,19ª Vara Cível de Recife,cliente não responde
356,8286828-70.2022.9.31.8012,643,Civil,inicial,ATIVO,Dra Fontes,1 de setembro de 2021,,R$ 136.846,10ª Vara Trabalhista de Recife,em negociação
357,8209168-30.2020.1.41.7632,1155,TRABALHISTA,instrução,acordo,Dr. Barros,17 de outubro de 2021,2026-08-01,R$ 53.886,1ª Vara Trabalhista de Recife,
358,9573194-21.2022.1.35.8352,897,civil,sentença,Encerrado,Dr. Barros,04/09/21,2026-07-09,,10ª Vara Trabalhista de Recife,aguardando documentos
359,5661974-14.2020.6.39.3137,723,Trabalhista,execução,appeal,Dr. Melo,28 de fevereiro de 2024,15/12/25,374986,1ª Vara Trabalhista de Recife,urgente
360,4584224-94.2025.2.57.2511,1104,trabalhista,sentença,settlement,Dra. Fontes,2025-06-22,16/07/2025,436740.00,8ª Vara Trabalhista de Recife,aguardando documentos
361,5316105-58.2020.3.22.3571,1477,TRABALHISTA,sentença,suspenso,Dr. Melo,22/01/2022,1 de agosto de 2026,,15ª Vara Criminal de Recife,
362,6339808-70.2020.2.67.1325,1318,civil,audiência,ativo,Dra. Cavalcante,17 de março de 2021,2025-02-27,114463.00,14ª Vara Criminal de Recife,urgente
363,8905709-90.2020.9.55.2471,235,trabalhista,recurso,Encerrado,Dra. Cavalcante,2022-08-31,25/08/2025,,4ª Vara Cível de Recife,em negociação
364,4384627-80.2021.2.13.1061,460,TRABALHISTA,sentença,ativo,Dra. Cavalcante,10 de dezembro de 2021,13/02/2025,R$ 468.712,15ª Vara Criminal de Recife,
365,3510061-32.2020.9.13.4424,930,Civil,audiência,active,dr. melo,04/07/2025,3 de julho de 2026,R$ 292.048,13ª Vara Cível de Recife,
366,7979033-26.2021.6.18.1084,1420,civil,arquivado,ativo,Dr. Barros,16/03/26,,224721,5ª Vara Criminal de Recife,
367,5947618-28.2023.6.53.6118,837,cível,inicial,ativo,Dr. Barros,2024-10-13,29 de setembro de 2025,485675,12ª Vara Trabalhista de Recife,
368,3679963-72.2020.9.29.7859,1127,Trabalhista,acordo extrajudicial,ativo,dr. melo,19 de julho de 2025,04/07/26,371516,11ª Vara Trabalhista de Recife,urgente
369,1757615-27.2025.7.10.3762,109,civil,acordo extrajudicial,ativo,Dr. Barros,19 de setembro de 2021,8 de junho de 2025,R$ 318.911,3ª Vara Criminal de Recife,cliente não responde
370,4493339-70.2021.7.17.8725,774,civil,inicial,acordo,Dra Fontes,6 de janeiro de 2020,20/05/2026,22445,13ª Vara Criminal de Recife,aguardando documentos
371,2461262-96.2021.6.48.1315,413,Trabalhista,arquivado,encerrado,Dr. Barros,05/06/2023,15/08/26,R$ 249.429,6ª Vara Trabalhista de Recife,
372,6414076-16.2021.7.78.8273,1403,trabalhista,execução,ATIVO,DRA. CAVALCANTE,06/12/2020,19/01/2025,296696,17ª Vara Trabalhista de Recife,
373,4507711-38.2024.2.34.4732,243,civil,acordo extrajudicial,encerrado,Dr. Barros,24/02/21,10 de fevereiro de 2025,,2ª Vara Trabalhista de Recife,
374,8066975-72.2023.7.26.7675,870,Trabalhista,arquivado,ATIVO,Dra Fontes,29/01/2025,26/10/26,356110.00,2ª Vara Criminal de Recife,
375,3679963-72.2020.9.29.7859,1386,civil,acordo extrajudicial,encerrado,Dra. Cavalcante,24 de março de 2026,2025-01-29,353716,6ª Vara Criminal de Recife,em negociação
376,3754895-37.2021.6.18.8502,471,civil,inicial,suspended,Dra. Cavalcante,6 de dezembro de 2021,27/04/26,253182,11ª Vara Criminal de Recife,
377,2658962-39.2022.5.95.8856,865,cível,execução,Ativo,Dra Fontes,2022-11-08,21/06/25,361755,2ª Vara Trabalhista de Recife,
378,5050722-10.2024.8.29.4298,583,Civil,acordo extrajudicial,closed,Dra. Fontes,2023-04-09,,361481.00,8ª Vara Trabalhista de Recife,em negociação
379,8306601-19.2020.3.50.7457,471,TRABALHISTA,acordo extrajudicial,ativo,Dr. Barros,02/04/24,24 de novembro de 2026,282974,16ª Vara Cível de Recife,em negociação
380,1757615-27.2025.7.10.3762,617,Civil,arquivado,active,dr. melo,15/10/25,09/10/25,R$ 275.274,17ª Vara Trabalhista de Recife,
381,2575202-50.2023.1.54.9627,93,TRABALHISTA,execução,ATIVO,dr. melo,16/09/23,,R$ 233.972,12ª Vara Cível de Recife,
382,9319285-35.2025.3.19.9131,904,civil,instrução,closed,Dra. Cavalcante,20 de agosto de 2020,15/06/26,285091,14ª Vara Criminal de Recife,aguardando documentos
383,4510407-23.2020.5.18.6055,1369,cível,sentença,Ativo,Dra. Fontes,2020-11-08,14 de agosto de 2026,,9ª Vara Criminal de Recife,em negociação
384,4681694-71.2021.9.28.7350,18,trabalhista,arquivado,active,Dr. Barros,20/12/22,23 de setembro de 2026,180608,18ª Vara Cível de Recife,em negociação
385,7141324-67.2025.3.86.3413,1059,cível,sentença,encerrado,Dra. Cavalcante,20 de setembro de 2020,16 de outubro de 2025,387124,10ª Vara Trabalhista de Recife,
386,8843990-84.2020.6.68.3017,358,TRABALHISTA,acordo extrajudicial,appeal,Dra. Cavalcante,21 de fevereiro de 2026,30 de novembro de 2026,47259,3ª Vara Trabalhista de Recife,
387,3541821-31.2021.8.96.1927,689,Civil,sentença,active,DRA. CAVALCANTE,11/01/22,15 de março de 2026,,10ª Vara Trabalhista de Recife,
388,1974389-81.2024.5.57.9354,529,Civil,recurso,ativo,Dra. Cavalcante,11 de fevereiro de 2023,,R$ 76.404,1ª Vara Criminal de Recife,
389,9168044-67.2022.1.26.3054,891,Trabalhista,audiência,suspended,Dra Fontes,19/09/2020,2026-08-19,474663.00,5ª Vara Trabalhista de Recife,em negociação
390,1445483-93.2023.1.61.7357,587,TRABALHISTA,arquivado,settlement,Dra. Fontes,2023-12-02,13/03/25,R$ 215.796,2ª Vara Trabalhista de Recife,
391,5788467-41.2023.8.93.8134,858,cível,inicial,Ativo,dr. melo,2023-07-18,15 de abril de 2025,240673,8ª Vara Cível de Recife,
392,9970343-38.2020.5.18.4483,1383,Trabalhista,instrução,suspended,Dra Fontes,8 de janeiro de 2026,2026-10-27,463404,7ª Vara Cível de Recife,em negociação
393,5274951-77.2021.1.76.5120,267,trabalhista,acordo extrajudicial,encerrado,Dr. Melo,8 de fevereiro de 2026,25 de julho de 2026,,3ª Vara Trabalhista de Recife,cliente não responde
394,6038940-61.2024.4.64.6408,711,cível,arquivado,Ativo,Dr. Barros,06/08/22,30/11/25,R$ 20.058,5ª Vara Cível de Recife,
395,9060164-41.2020.5.36.2381,1072,TRABALHISTA,audiência,Encerrado,Dr. Melo,21 de janeiro de 2023,13/09/26,86956,2ª Vara Trabalhista de Recife,
396,8677980-28.2024.9.94.6552,497,Trabalhista,sentença,encerrado,Dra. Fontes,2026-01-22,17/04/2026,R$ 458.442,1ª Vara Cível de Recife,em negociação
397,6339808-70.2020.2.67.1325,782,Civil,acordo extrajudicial,ativo,Dr. Barros,2025-05-22,20 de maio de 2025,412789,16ª Vara Cível de Recife,aguardando documentos
398,6935346-77.2024.3.52.9529,776,Trabalhista,sentença,ativo,Dra. Fontes,26/01/2020,10 de maio de 2026,440768.00,14ª Vara Cível de Recife,cliente não responde
399,6096719-87.2023.1.41.6180,467,Civil,audiência,appeal,DRA. CAVALCANTE,21 de maio de 2025,2026-03-12,,2ª Vara Cível de Recife,
400,3505690-87.2020.8.52.6260,437,cível,acordo extrajudicial,Ativo,DRA. CAVALCANTE,2022-06-13,,R$ 120.671,18ª Vara Trabalhista de Recife,em negociação
401,2837371-36.2022.7.88.5428,47,Trabalhista,execução,settlement,Dr. Barros,20 de junho de 2020,06/06/25,R$ 481.180,15ª Vara Criminal de Recife,
402,8843990-84.2020.6.68.3017,214,TRABALHISTA,instrução,closed,Dra Fontes,13/01/24,08/03/26,,13ª Vara Criminal de Recife,
403,6038940-61.2024.4.64.6408,571,Trabalhista,acordo extrajudicial,acordo,Dr. Barros,23/07/22,2026-12-30,90477,12ª Vara Criminal de Recife,urgente
404,3376786-12.2020.7.64.5093,897,civil,sentença,ativo,Dr. Barros,2022-09-06,26/09/25,446381,14ª Vara Trabalhista de Recife,
405,4584224-94.2025.2.57.2511,845,Trabalhista,recurso,ativo,DRA. CAVALCANTE,30/08/2020,2025-02-18,133418.00,8ª Vara Criminal de Recife,aguardando documentos
406,3541821-31.2021.8.96.1927,187,trabalhista,recurso,Encerrado,Dra. Fontes,28/12/2023,02/10/2026,470366.00,18ª Vara Criminal de Recife,
407,2186433-37.2022.2.12.4344,750,trabalhista,execução,em recurso,Dra Fontes,20 de março de 2022,15/04/2026,R$ 240.851,3ª Vara Trabalhista de Recife,urgente
408,5483975-50.2024.8.92.4422,1246,Trabalhista,acordo extrajudicial,ativo,DRA. CAVALCANTE,26/04/2023,22/05/26,199434,11ª Vara Trabalhista de Recife,cliente não responde
409,3168718-77.2025.2.92.8027,1410,trabalhista,acordo extrajudicial,Encerrado,Dra. Cavalcante,2021-04-14,09/01/26,332294,11ª Vara Cível de Recife,cliente não responde
410,9060164-41.2020.5.36.2381,752,civil,sentença,suspenso,Dra Fontes,31/10/2020,17/11/2025,R$ 334.857,10ª Vara Trabalhista de Recife,urgente
411,2341370-92.2024.9.60.8122,1456,Civil,inicial,settlement,Dr. Barros,17/04/22,,,15ª Vara Cível de Recife,
412,1974389-81.2024.5.57.9354,1497,Civil,recurso,suspenso,Dr. Melo,24/01/24,2025-09-05,93358,1ª Vara Criminal de Recife,cliente não responde
413,6384831-67.2022.5.89.7429,1194,TRABALHISTA,execução,em recurso,Dra. Fontes,31/03/20,2025-04-03,51424.00,6ª Vara Trabalhista de Recife,urgente
414,3260101-88.2022.8.37.9169,650,Trabalhista,execução,active,Dr. Melo,13/05/25,16/09/2025,R$ 348.622,10ª Vara Trabalhista de Recife,
415,7765112-69.2024.9.62.5648,1134,civil,execução,encerrado,Dra. Fontes,2022-08-13,30/05/26,,15ª Vara Trabalhista de Recife,aguardando documentos
416,1101935-78.2023.5.88.5299,179,TRABALHISTA,execução,suspended,Dra. Fontes,10/06/2021,2025-04-30,R$ 50.252,8ª Vara Cível de Recife,
417,6160516-66.2024.5.17.7150,1213,cível,sentença,settlement,Dr. Melo,2025-11-23,21/02/2025,163344,7ª Vara Cível de Recife,em negociação
418,9489806-94.2021.2.55.9162,221,cível,instrução,active,Dr. Barros,7 de junho de 2022,2026-02-06,,16ª Vara Cível de Recife,
419,8183950-10.2021.5.84.9388,1425,TRABALHISTA,inicial,encerrado,Dra. Cavalcante,10/06/22,31/07/2026,,2ª Vara Trabalhista de Recife,em negociação
420,9573194-21.2022.1.35.8352,230,Trabalhista,sentença,appeal,Dra. Fontes,03/04/2020,12/09/25,,16ª Vara Cível de Recife,
421,9810112-12.2021.1.97.8847,973,Civil,acordo extrajudicial,Encerrado,Dr. Melo,2025-02-01,2026-12-22,R$ 347.369,3ª Vara Trabalhista de Recife,em negociação
422,1438459-62.2020.7.78.3410,428,TRABALHISTA,recurso,closed,Dr. Melo,30/07/25,31/05/2026,452100.00,15ª Vara Cível de Recife,
423,3785792-10.2020.5.78.7940,1175,trabalhista,arquivado,Encerrado,Dr. Melo,22 de junho de 2024,24/01/2025,,20ª Vara Cível de Recife,em negociação
424,6982910-41.2023.8.91.8758,281,trabalhista,inicial,appeal,Dra Fontes,29/04/2020,29/11/26,,9ª Vara Criminal de Recife,
425,2909764-51.2025.7.78.2223,862,trabalhista,recurso,em recurso,Dr. Barros,06/05/23,1 de fevereiro de 2025,262383,18ª Vara Criminal de Recife,aguardando documentos
426,5700249-43.2020.5.57.9341,395,trabalhista,audiência,suspended,Dra Fontes,22/01/20,2026-05-20,R$ 471.271,18ª Vara Trabalhista de Recife,cliente não responde
427,8097721-13.2023.1.47.8354,730,civil,instrução,Ativo,Dra. Fontes,19 de setembro de 2024,08/08/25,R$ 413.045,16ª Vara Criminal de Recife,aguardando documentos
428,7539718-58.2020.2.52.9800,1122,trabalhista,recurso,encerrado,Dr. Barros,18 de agosto de 2021,29/06/2026,220584,12ª Vara Criminal de Recife,
429,9498791-62.2022.6.73.9564,863,cível,acordo extrajudicial,acordo,Dr. Barros,24/12/2022,25 de agosto de 2025,R$ 25.232,15ª Vara Trabalhista de Recife,
430,6416661-36.2021.8.21.8496,1178,TRABALHISTA,inicial,ativo,Dr. Barros,14/05/21,10/06/26,411980,3ª Vara Trabalhista de Recife,urgente
431,5124342-11.2025.5.50.6107,1115,Trabalhista,recurso,closed,dr. melo,02/04/2024,16 de março de 2025,,7ª Vara Trabalhista de Recife,
432,2236315-26.2022.5.82.8939,1058,TRABALHISTA,audiência,suspended,Dr. Melo,31 de outubro de 2023,08/10/26,R$ 481.979,17ª Vara Cível de Recife,urgente
433,6267378-50.2021.9.19.9923,524,TRABALHISTA,instrução,appeal,Dra Fontes,29/12/22,23/07/25,336288,11ª Vara Criminal de Recife,
434,1887163-62.2025.9.93.1037,841,civil,recurso,ativo,Dr. Melo,2020-01-29,5 de abril de 2025,R$ 84.790,17ª Vara Trabalhista de Recife,em negociação
435,8827641-36.2022.5.59.8715,966,Trabalhista,instrução,acordo,Dr. Barros,27/12/24,1 de agosto de 2025,126505.00,15ª Vara Cível de Recife,em negociação
436,5266269-78.2021.7.59.1392,397,civil,arquivado,acordo,Dra. Cavalcante,17/01/2024,,426280,8ª Vara Trabalhista de Recife,em negociação
437,1445483-93.2023.1.61.7357,1287,cível,recurso,acordo,dr. melo,24/04/25,04/02/2025,260335,4ª Vara Trabalhista de Recife,em negociação
438,2966787-79.2022.1.41.9944,1217,Civil,arquivado,ATIVO,dr. melo,18/10/24,2025-10-28,,14ª Vara Cível de Recife,urgente
439,8539686-69.2023.4.36.2235,346,civil,arquivado,ativo,Dra. Cavalcante,30/09/20,2026-04-03,352217,19ª Vara Cível de Recife,
440,4568537-97.2021.4.82.7633,1381,TRABALHISTA,recurso,closed,Dra. Fontes,26/10/2021,11 de junho de 2026,365108.00,3ª Vara Trabalhista de Recife,
441,3576390-15.2021.2.82.8209,1140,trabalhista,audiência,closed,dr. melo,10/01/25,2025-03-18,412993,3ª Vara Criminal de Recife,em negociação
442,5289264-48.2020.4.41.6347,356,Civil,sentença,appeal,DRA. CAVALCANTE,28 de janeiro de 2026,7 de agosto de 2025,252396,16ª Vara Criminal de Recife,aguardando documentos
443,6528202-89.2025.3.17.9496,1351,civil,arquivado,em recurso,Dr. Barros,27/08/23,15 de outubro de 2026,252649.00,17ª Vara Criminal de Recife,
444,5472823-70.2022.4.41.7624,1493,cível,inicial,encerrado,Dra Fontes,07/11/2025,12/10/2025,495738.00,14ª Vara Cível de Recife,
445,7515318-25.2024.4.34.6280,822,Civil,instrução,acordo,Dr. Barros,2021-02-26,2026-06-01,195442,10ª Vara Trabalhista de Recife,
446,7222167-30.2022.8.44.7452,1374,Trabalhista,recurso,Ativo,Dr. Barros,28 de julho de 2025,17 de novembro de 2026,,1ª Vara Cível de Recife,urgente
447,2909764-51.2025.7.78.2223,1148,Trabalhista,audiência,closed,Dr. Barros,2022-09-19,2025-04-08,345683.00,6ª Vara Trabalhista de Recife,urgente
448,3260101-88.2022.8.37.9169,1200,cível,arquivado,active,Dr. Barros,14/08/24,1 de junho de 2025,R$ 447.282,15ª Vara Cível de Recife,urgente
449,5451988-41.2020.2.82.4041,825,civil,inicial,suspenso,Dr. Melo,12 de fevereiro de 2022,29/04/2026,397829.00,2ª Vara Cível de Recife,urgente
450,7687292-20.2021.4.85.7539,125,Trabalhista,recurso,ativo,Dr. Barros,2021-11-03,,421533.00,9ª Vara Criminal de Recife,
451,3710559-31.2020.9.95.2540,317,TRABALHISTA,acordo extrajudicial,ativo,dr. melo,03/08/24,30 de junho de 2025,423614,11ª Vara Trabalhista de Recife,
452,5514997-95.2024.1.84.8098,273,TRABALHISTA,audiência,ativo,Dr. Barros,5 de fevereiro de 2023,2026-09-05,,19ª Vara Trabalhista de Recife,
453,3778380-86.2023.9.32.5849,397,Civil,sentença,settlement,Dr. Barros,6 de setembro de 2020,3 de julho de 2025,R$ 35.590,9ª Vara Trabalhista de Recife,
454,8168054-14.2024.6.50.1232,908,trabalhista,inicial,appeal,Dr. Melo,05/03/25,22/09/2025,,5ª Vara Criminal de Recife,
455,4938178-62.2020.7.27.6072,953,Trabalhista,audiência,Encerrado,Dra Fontes,15/05/2021,2026-12-27,336809.00,12ª Vara Cível de Recife,urgente
456,7223110-52.2024.2.44.8994,836,trabalhista,acordo extrajudicial,em recurso,Dr. Barros,2024-11-14,2025-09-22,,17ª Vara Cível de Recife,urgente
457,5159219-49.2023.5.25.3676,449,Trabalhista,sentença,encerrado,Dr. Barros,12/10/2023,01/08/2025,,1ª Vara Criminal de Recife,cliente não responde
458,5266269-78.2021.7.59.1392,640,Trabalhista,execução,suspenso,Dra. Fontes,19/05/2020,02/04/2026,R$ 127.275,18ª Vara Criminal de Recife,
459,4874996-38.2022.9.94.8154,576,TRABALHISTA,sentença,ATIVO,Dra. Cavalcante,14/01/2024,15/07/2026,57967,16ª Vara Trabalhista de Recife,aguardando documentos
460,8129073-22.2024.4.16.9656,790,Trabalhista,execução,ativo,Dr. Barros,22/02/24,01/01/26,441206.00,16ª Vara Criminal de Recife,cliente não responde
461,7941836-76.2025.4.34.6543,456,cível,arquivado,ativo,Dr. Barros,2023-03-31,,,20ª Vara Trabalhista de Recife,aguardando documentos
462,1614850-25.2020.8.85.3161,743,Civil,recurso,em recurso,Dr. Barros,2020-06-04,13 de abril de 2026,R$ 357.389,3ª Vara Criminal de Recife,
463,8816646-78.2020.7.70.9224,488,civil,arquivado,suspended,DRA. CAVALCANTE,15 de novembro de 2023,24/03/2025,,2ª Vara Trabalhista de Recife,cliente não responde
464,1757615-27.2025.7.10.3762,458,TRABALHISTA,acordo extrajudicial,settlement,Dr. Barros,18/01/2021,5 de agosto de 2026,298346.00,8ª Vara Criminal de Recife,
465,7419280-60.2021.1.40.9417,636,TRABALHISTA,sentença,suspenso,Dr. Barros,17 de setembro de 2021,27 de dezembro de 2025,R$ 236.612,8ª Vara Criminal de Recife,aguardando documentos
466,5953905-94.2022.5.44.3245,1260,cível,inicial,Ativo,dr. melo,03/04/22,23/12/25,,7ª Vara Cível de Recife,urgente
467,5438623-45.2022.4.51.7250,1052,trabalhista,inicial,encerrado,Dr. Melo,4 de setembro de 2021,04/04/2025,R$ 427.924,13ª Vara Cível de Recife,cliente não responde
468,4768255-51.2022.4.94.5695,344,Trabalhista,acordo extrajudicial,ATIVO,Dr. Barros,19/04/22,2025-07-10,,19ª Vara Cível de Recife,aguardando documentos
469,1311508-84.2020.3.38.8512,873,civil,instrução,Encerrado,Dra. Cavalcante,2020-05-16,6 de novembro de 2025,,5ª Vara Trabalhista de Recife,
470,1116024-57.2025.8.16.4043,917,Trabalhista,audiência,em recurso,Dra Fontes,2024-01-27,14/10/2025,230834.00,16ª Vara Cível de Recife,urgente
471,5432782-56.2021.2.97.6240,1449,Trabalhista,inicial,ATIVO,Dra. Cavalcante,15/03/23,2026-05-18,306281,16ª Vara Cível de Recife,cliente não responde
472,1099617-37.2023.9.61.1793,1106,cível,audiência,ativo,Dr. Melo,2021-06-19,10/08/2026,208943.00,15ª Vara Criminal de Recife,em negociação
473,1116024-57.2025.8.16.4043,921,civil,acordo extrajudicial,ativo,Dra. Fontes,2023-01-25,28/09/25,271396,17ª Vara Cível de Recife,urgente
474,5545511-73.2023.1.66.9757,663,trabalhista,inicial,active,Dra. Fontes,26/09/25,23 de outubro de 2026,R$ 323.903,8ª Vara Trabalhista de Recife,em negociação
475,6053412-12.2021.6.72.8346,734,cível,audiência,acordo,Dr. Barros,25 de dezembro de 2021,11/07/2025,R$ 21.878,3ª Vara Cível de Recife,aguardando documentos
476,6524227-53.2025.1.97.6214,93,Civil,arquivado,em recurso,dr. melo,05/04/23,01/01/25,,15ª Vara Trabalhista de Recife,urgente
477,7820540-78.2023.1.75.4823,1194,Trabalhista,arquivado,closed,Dra. Cavalcante,28/11/20,29/04/25,,12ª Vara Criminal de Recife,em negociação
478,7999133-20.2023.7.26.1121,1455,Trabalhista,inicial,encerrado,Dr. Melo,24 de maio de 2023,2026-06-18,,1ª Vara Cível de Recife,em negociação
479,2231929-89.2024.6.41.5461,1056,Civil,inicial,Ativo,Dr. Melo,16/11/2021,2026-05-09,11061.00,6ª Vara Trabalhista de Recife,em negociação
480,5991409-16.2021.8.44.1303,954,cível,audiência,closed,Dra. Cavalcante,08/04/2026,,52509,7ª Vara Trabalhista de Recife,cliente não responde
481,7223110-52.2024.2.44.8994,766,Civil,instrução,active,DRA. CAVALCANTE,23/01/2021,2026-08-31,,17ª Vara Trabalhista de Recife,em negociação
482,7274275-74.2020.1.22.9780,1009,TRABALHISTA,inicial,encerrado,Dr. Melo,28/06/2023,2025-06-01,450440,16ª Vara Criminal de Recife,
483,7486138-99.2020.5.81.4332,866,trabalhista,recurso,encerrado,Dra. Fontes,29/07/2021,,R$ 190.081,19ª Vara Trabalhista de Recife,
484,6445422-21.2020.5.39.8096,107,TRABALHISTA,acordo extrajudicial,em recurso,Dra. Cavalcante,24 de julho de 2025,24/07/26,380572.00,13ª Vara Cível de Recife,
485,3376786-12.2020.7.64.5093,372,Trabalhista,inicial,ativo,Dr. Barros,2022-07-29,02/02/26,230090.00,4ª Vara Cível de Recife,aguardando documentos
486,7820540-78.2023.1.75.4823,99,cível,instrução,encerrado,Dra. Cavalcante,2021-06-23,2026-12-29,R$ 447.371,2ª Vara Cível de Recife,
487,8286828-70.2022.9.31.8012,1196,cível,inicial,encerrado,Dr. Barros,23/10/2024,15/08/2025,,1ª Vara Criminal de Recife,cliente não responde
488,6036037-32.2025.3.53.7515,1297,cível,inicial,closed,Dr. Barros,26 de março de 2023,2025-12-19,R$ 400.593,1ª Vara Criminal de Recife,
489,5050722-10.2024.8.29.4298,562,Trabalhista,execução,closed,Dr. Melo,10/11/2022,21/02/2026,,9ª Vara Cível de Recife,em negociação
490,7633905-83.2022.9.95.2309,1131,Civil,audiência,appeal,Dr. Barros,15/12/2022,27/12/2025,361570,14ª Vara Cível de Recife,cliente não responde
491,5214684-96.2020.6.84.9986,538,TRABALHISTA,recurso,Ativo,Dr. Barros,15/02/26,23/12/2025,79270.00,5ª Vara Criminal de Recife,aguardando documentos
492,5788467-41.2023.8.93.8134,33,cível,acordo extrajudicial,settlement,DRA. CAVALCANTE,19 de dezembro de 2024,03/07/25,333781,13ª Vara Trabalhista de Recife,aguardando documentos
493,4314934-26.2021.7.14.7244,1230,trabalhista,instrução,ATIVO,Dr. Melo,19/05/24,20 de outubro de 2025,,13ª Vara Criminal de Recife,
494,6034606-21.2023.6.18.6684,30,Trabalhista,sentença,suspenso,Dr. Barros,31 de dezembro de 2024,28/03/2025,,1ª Vara Cível de Recife,
495,7786207-82.2024.2.92.5696,1070,Civil,arquivado,suspenso,Dr. Barros,01/06/25,8 de maio de 2025,,2ª Vara Cível de Recife,
496,5401874-62.2025.2.46.8337,1019,trabalhista,sentença,suspenso,Dra. Cavalcante,13/08/2023,2025-07-03,,1ª Vara Criminal de Recife,
497,7892487-80.2022.9.64.5036,1071,cível,instrução,settlement,Dr. Barros,2025-01-27,06/01/2026,333171,11ª Vara Cível de Recife,em negociação
498,7765112-69.2024.9.62.5648,386,cível,audiência,closed,dr. melo,2024-08-21,,125552,8ª Vara Cível de Recife,
499,7544569-30.2022.4.91.9370,1471,civil,sentença,closed,Dra. Cavalcante,14/01/23,20/08/2025,150313.00,1ª Vara Criminal de Recife,em negociação
500,4229107-99.2020.7.61.3978,1049,Civil,acordo extrajudicial,appeal,Dra. Fontes,27/05/2025,2026-07-12,R$ 28.662,4ª Vara Trabalhista de Recife,aguardando documentos
501,6865513-17.2021.7.21.3938,468,trabalhista,instrução,encerrado,Dra Fontes,2025-08-19,16/01/2025,83959,14ª Vara Trabalhista de Recife,urgente
502,9810112-12.2021.1.97.8847,1263,trabalhista,audiência,ativo,DRA. CAVALCANTE,2025-08-26,17/10/25,407257,7ª Vara Criminal de Recife,em negociação
503,7951127-89.2024.1.63.3502,1284,Civil,execução,suspenso,dr. melo,30/01/2022,2025-11-26,R$ 476.353,11ª Vara Cível de Recife,
504,8843195-99.2024.6.39.2836,689,trabalhista,acordo extrajudicial,ATIVO,Dr. Barros,12 de outubro de 2021,,,2ª Vara Criminal de Recife,
505,7941836-76.2025.4.34.6543,1119,Civil,acordo extrajudicial,encerrado,DRA. CAVALCANTE,19 de novembro de 2020,13/05/2025,R$ 113.845,18ª Vara Trabalhista de Recife,aguardando documentos
506,3542616-60.2022.3.87.6536,211,Trabalhista,arquivado,ATIVO,Dr. Barros,09/06/21,02/11/2026,159945.00,9ª Vara Cível de Recife,
507,4065326-72.2025.8.58.5304,250,TRABALHISTA,execução,ativo,Dra. Cavalcante,18/03/23,29 de agosto de 2026,246885,7ª Vara Cível de Recife,
508,3710559-31.2020.9.95.2540,1255,civil,audiência,encerrado,Dra. Cavalcante,17 de julho de 2022,06/09/25,,1ª Vara Cível de Recife,
509,2294596-63.2020.6.38.9193,94,Trabalhista,recurso,em recurso,dr. melo,21 de abril de 2023,7 de setembro de 2026,372534,3ª Vara Criminal de Recife,aguardando documentos
510,2480014-80.2024.2.29.9847,1038,TRABALHISTA,inicial,encerrado,Dr. Barros,2021-06-19,2026-08-10,,17ª Vara Cível de Recife,urgente
511,5289264-48.2020.4.41.6347,1195,trabalhista,instrução,active,Dra. Fontes,18/10/2021,23/08/25,,10ª Vara Trabalhista de Recife,
512,5853247-29.2020.7.62.8870,241,Trabalhista,arquivado,settlement,Dra. Fontes,25/03/2026,16 de abril de 2026,,8ª Vara Trabalhista de Recife,urgente
513,2660213-63.2022.6.50.8366,724,civil,acordo extrajudicial,Encerrado,Dr. Melo,2024-03-26,2025-05-23,293161.00,18ª Vara Cível de Recife,
514,6105303-92.2021.4.39.3868,436,cível,acordo extrajudicial,ativo,Dr. Barros,2026-03-25,2026-03-27,R$ 419.420,1ª Vara Trabalhista de Recife,cliente não responde
515,5901155-82.2023.2.89.7717,738,cível,inicial,ativo,Dr. Barros,2024-07-05,11/02/2026,289730.00,7ª Vara Trabalhista de Recife,cliente não responde
516,6836135-90.2022.9.37.5643,422,cível,instrução,Ativo,dr. melo,2021-04-05,05/11/26,423558.00,9ª Vara Cível de Recife,
517,1869144-23.2023.5.84.3325,797,TRABALHISTA,acordo extrajudicial,appeal,Dra. Cavalcante,18/03/2020,2026-12-29,137340.00,14ª Vara Criminal de Recife,
518,1633270-27.2024.2.52.7034,717,Trabalhista,execução,ATIVO,DRA. CAVALCANTE,2021-11-14,,305840.00,14ª Vara Cível de Recife,cliente não responde
519,9822459-92.2024.8.17.6403,690,trabalhista,arquivado,encerrado,Dra Fontes,04/03/2025,20 de maio de 2026,,7ª Vara Trabalhista de Recife,
520,4229107-99.2020.7.61.3978,527,cível,recurso,encerrado,DRA. CAVALCANTE,24 de março de 2026,,R$ 424.140,16ª Vara Cível de Recife,
521,1714231-74.2025.9.71.1697,1245,Trabalhista,arquivado,ativo,Dra Fontes,15/04/21,29/01/2025,47990.00,10ª Vara Criminal de Recife,
522,5451988-41.2020.2.82.4041,580,Trabalhista,arquivado,suspended,Dra. Fontes,25/10/2022,10/06/2025,311722.00,17ª Vara Trabalhista de Recife,
523,4061044-97.2023.7.99.3676,513,Trabalhista,execução,ativo,Dr. Melo,1 de janeiro de 2021,2026-05-08,,15ª Vara Criminal de Recife,
524,6036037-32.2025.3.53.7515,926,civil,instrução,suspended,Dr. Barros,03/07/2020,18 de julho de 2025,R$ 122.294,12ª Vara Criminal de Recife,em negociação
525,6036037-32.2025.3.53.7515,1163,trabalhista,audiência,ativo,dr. melo,2025-04-04,24/10/26,R$ 237.747,16ª Vara Trabalhista de Recife,
526,3724721-44.2021.9.75.5553,237,Civil,acordo extrajudicial,Ativo,Dra. Cavalcante,6 de agosto de 2025,7 de julho de 2025,,3ª Vara Cível de Recife,em negociação
527,2480014-80.2024.2.29.9847,703,trabalhista,arquivado,encerrado,DRA. CAVALCANTE,15/05/25,29/08/26,,9ª Vara Trabalhista de Recife,
528,1621418-87.2020.9.55.9337,784,trabalhista,arquivado,em recurso,Dra Fontes,11 de julho de 2025,26 de dezembro de 2025,390536,13ª Vara Trabalhista de Recife,aguardando documentos
529,1735592-50.2022.9.87.5612,1195,TRABALHISTA,audiência,acordo,Dra. Cavalcante,19/12/2023,02/09/25,457740,5ª Vara Trabalhista de Recife,
530,7633905-83.2022.9.95.2309,747,TRABALHISTA,sentença,appeal,Dra Fontes,23/01/20,7 de outubro de 2025,332021,1ª Vara Cível de Recife,urgente
531,7065068-16.2021.7.14.6489,573,TRABALHISTA,audiência,active,Dr. Melo,2022-07-29,23/07/25,309268.00,14ª Vara Criminal de Recife,urgente
532,1116024-57.2025.8.16.4043,1075,Trabalhista,inicial,active,dr. melo,28/04/2025,03/08/2025,50802,13ª Vara Cível de Recife,
533,4601686-30.2021.5.52.7745,528,Civil,inicial,ativo,Dra. Cavalcante,2021-08-01,2026-06-13,,7ª Vara Trabalhista de Recife,urgente
534,8714773-70.2022.9.65.8541,576,Civil,arquivado,ativo,Dr. Barros,01/06/20,20 de maio de 2025,,4ª Vara Trabalhista de Recife,aguardando documentos
535,6865513-17.2021.7.21.3938,110,civil,instrução,settlement,Dr. Melo,27/03/2020,16 de maio de 2026,62763,13ª Vara Trabalhista de Recife,aguardando documentos
536,1273300-90.2024.2.80.7378,1213,TRABALHISTA,recurso,ativo,Dra Fontes,24 de outubro de 2025,30/08/2025,117702,12ª Vara Trabalhista de Recife,cliente não responde
537,2895065-46.2022.7.67.1438,1082,Civil,audiência,em recurso,Dr. Melo,21 de janeiro de 2022,10 de julho de 2025,251609,16ª Vara Cível de Recife,urgente
538,4314934-26.2021.7.14.7244,1304,trabalhista,recurso,closed,Dr. Barros,22/06/24,12/08/2025,137935,4ª Vara Criminal de Recife,cliente não responde
539,5625093-80.2022.9.16.6618,509,TRABALHISTA,inicial,encerrado,Dra Fontes,01/10/23,02/06/2026,,4ª Vara Cível de Recife,em negociação
540,6075721-43.2020.9.85.8738,548,TRABALHISTA,acordo extrajudicial,active,Dr. Melo,01/12/2025,05/07/26,R$ 145.983,8ª Vara Trabalhista de Recife,aguardando documentos
541,3418432-84.2025.3.59.5858,720,trabalhista,audiência,ativo,Dr. Barros,12/03/2023,08/01/25,R$ 72.788,20ª Vara Cível de Recife,
542,9666878-83.2023.6.29.9905,926,Trabalhista,execução,appeal,Dr. Barros,03/10/22,26 de março de 2025,396177,9ª Vara Cível de Recife,aguardando documentos
543,1628717-84.2025.8.67.8313,1350,Trabalhista,inicial,Ativo,Dra. Fontes,29/03/22,03/10/2026,470287.00,5ª Vara Trabalhista de Recife,aguardando documentos
544,5631823-61.2020.5.47.1440,111,Trabalhista,sentença,closed,DRA. CAVALCANTE,26 de abril de 2022,27/10/2026,,7ª Vara Cível de Recife,
545,7486138-99.2020.5.81.4332,339,Civil,audiência,appeal,Dr. Barros,20/12/22,08/09/2025,66519,2ª Vara Cível de Recife,cliente não responde
546,4460247-99.2024.9.97.4840,427,civil,sentença,suspended,Dra. Cavalcante,03/01/2024,26/07/26,R$ 110.108,13ª Vara Criminal de Recife,
547,8655267-17.2025.3.63.4188,617,Trabalhista,recurso,closed,Dr. Melo,17 de agosto de 2020,21/12/25,119040,16ª Vara Criminal de Recife,urgente
548,5733649-38.2020.2.35.3379,1202,Civil,audiência,suspenso,DRA. CAVALCANTE,2022-08-27,18/04/25,R$ 87.215,17ª Vara Cível de Recife,urgente
549,8097721-13.2023.1.47.8354,270,civil,sentença,ATIVO,DRA. CAVALCANTE,24/01/24,24 de abril de 2026,415749.00,11ª Vara Criminal de Recife,
550,1183693-37.2024.1.85.2937,110,cível,audiência,closed,Dr. Barros,27/05/23,29 de maio de 2026,359002.00,17ª Vara Criminal de Recife,
551,5266269-78.2021.7.59.1392,236,Trabalhista,sentença,Ativo,Dr. Melo,11 de novembro de 2022,30/12/26,,20ª Vara Trabalhista de Recife,
552,5826200-20.2025.1.91.8748,1232,Civil,instrução,em recurso,DRA. CAVALCANTE,10/09/20,2026-12-30,411828,15ª Vara Trabalhista de Recife,cliente não responde
553,2997279-67.2024.9.84.1441,1010,Civil,audiência,acordo,Dr. Barros,2023-03-08,2025-05-01,451444,16ª Vara Criminal de Recife,urgente
554,3242098-97.2025.4.44.9916,79,TRABALHISTA,execução,ativo,Dr. Melo,17 de setembro de 2023,07/09/26,,9ª Vara Criminal de Recife,em negociação
555,5144296-22.2022.4.87.9648,894,trabalhista,audiência,ativo,Dra. Fontes,23/09/2024,16/05/2026,120866,6ª Vara Trabalhista de Recife,urgente
556,3263740-44.2022.3.81.5402,540,TRABALHISTA,instrução,ativo,dr. melo,26/09/2021,6 de junho de 2025,R$ 213.300,10ª Vara Trabalhista de Recife,
557,5661974-14.2020.6.39.3137,1286,Civil,acordo extrajudicial,em recurso,Dra. Cavalcante,21/07/20,,R$ 181.365,12ª Vara Trabalhista de Recife,aguardando documentos
558,4384627-80.2021.2.13.1061,745,trabalhista,arquivado,ativo,Dra. Cavalcante,5 de abril de 2026,2026-11-11,,14ª Vara Criminal de Recife,
559,2909764-51.2025.7.78.2223,1255,civil,instrução,ATIVO,dr. melo,2 de maio de 2020,22/02/25,199278,18ª Vara Trabalhista de Recife,em negociação
560,7979033-26.2021.6.18.1084,192,cível,recurso,ativo,Dra. Fontes,20/05/24,2025-02-17,355344.00,1ª Vara Cível de Recife,
561,2753004-76.2021.8.83.9874,762,cível,instrução,em recurso,Dra. Cavalcante,2021-03-18,2025-07-29,217807.00,8ª Vara Criminal de Recife,
562,3260101-88.2022.8.37.9169,888,TRABALHISTA,sentença,appeal,Dr. Melo,10/01/20,30 de agosto de 2025,R$ 348.347,10ª Vara Trabalhista de Recife,aguardando documentos
563,5159882-37.2022.9.71.7550,845,TRABALHISTA,recurso,ativo,Dr. Barros,2023-01-23,19/05/2025,161750.00,10ª Vara Cível de Recife,cliente não responde
564,8415891-60.2021.6.92.5554,829,Civil,execução,ativo,Dra Fontes,2021-09-01,27/02/26,R$ 140.086,16ª Vara Criminal de Recife,em negociação
565,5112941-62.2021.1.89.5887,833,TRABALHISTA,instrução,appeal,DRA. CAVALCANTE,01/03/2026,06/11/25,,10ª Vara Trabalhista de Recife,urgente
566,8590346-68.2020.7.63.7780,445,trabalhista,audiência,Ativo,Dra. Cavalcante,2023-09-14,18/02/26,107752.00,13ª Vara Criminal de Recife,em negociação
567,2461262-96.2021.6.48.1315,1138,Civil,arquivado,Encerrado,Dr. Barros,2024-09-09,16/06/2026,R$ 351.705,19ª Vara Cível de Recife,
568,6445422-21.2020.5.39.8096,1332,Civil,acordo extrajudicial,suspenso,Dr. Barros,16/07/2021,2025-02-23,375672,13ª Vara Criminal de Recife,cliente não responde
569,6003915-30.2025.6.37.7681,418,TRABALHISTA,audiência,ativo,dr. melo,23 de julho de 2025,22/02/25,206872,13ª Vara Criminal de Recife,em negociação
570,9076234-78.2023.3.90.2702,762,cível,inicial,ativo,Dr. Barros,9 de agosto de 2020,12/12/2025,,9ª Vara Criminal de Recife,
571,9168044-67.2022.1.26.3054,541,TRABALHISTA,sentença,em recurso,Dra. Fontes,27/03/25,,R$ 232.747,9ª Vara Cível de Recife,
572,1098476-20.2021.1.47.3336,598,civil,acordo extrajudicial,suspenso,Dr. Barros,21/10/22,13/04/25,135841.00,1ª Vara Trabalhista de Recife,urgente
573,5732779-86.2025.4.28.7831,1285,trabalhista,audiência,closed,Dra. Fontes,19 de fevereiro de 2026,11/07/2026,R$ 483.381,14ª Vara Trabalhista de Recife,cliente não responde
574,3679963-72.2020.9.29.7859,382,Trabalhista,execução,encerrado,Dr. Melo,11 de junho de 2021,16/07/2026,487393.00,2ª Vara Cível de Recife,
575,4326518-76.2023.4.36.8530,260,cível,audiência,encerrado,dr. melo,23/02/25,02/11/26,406930.00,5ª Vara Trabalhista de Recife,
576,3924425-56.2021.9.58.2912,370,cível,instrução,ATIVO,Dr. Barros,08/04/21,09/08/25,269136.00,1ª Vara Criminal de Recife,urgente
577,4687348-31.2023.1.92.6907,1499,civil,inicial,ATIVO,Dra. Fontes,19/10/2024,,R$ 475.350,13ª Vara Criminal de Recife,aguardando documentos
578,5214684-96.2020.6.84.9986,589,trabalhista,instrução,Ativo,Dra Fontes,3 de março de 2023,2025-09-02,R$ 48.350,10ª Vara Cível de Recife,em negociação
579,7765112-69.2024.9.62.5648,368,TRABALHISTA,audiência,ativo,Dr. Barros,18/06/24,2025-06-29,221961,17ª Vara Cível de Recife,urgente
580,7486029-45.2024.4.25.3159,299,TRABALHISTA,audiência,acordo,DRA. CAVALCANTE,17/10/2023,2026-04-13,,5ª Vara Trabalhista de Recife,cliente não responde
581,4568537-97.2021.4.82.7633,231,civil,arquivado,ativo,DRA. CAVALCANTE,02/03/2026,13/03/2026,R$ 410.065,17ª Vara Cível de Recife,em negociação
582,2461262-96.2021.6.48.1315,930,trabalhista,audiência,em recurso,Dra. Fontes,07/02/2022,2025-08-24,152784,14ª Vara Trabalhista de Recife,urgente
583,8655267-17.2025.3.63.4188,906,trabalhista,instrução,settlement,Dr. Barros,02/12/25,01/06/25,221145,4ª Vara Criminal de Recife,
584,7789809-22.2020.1.73.9031,1477,Civil,instrução,active,Dra. Cavalcante,2023-08-15,12/07/2026,R$ 31.163,10ª Vara Trabalhista de Recife,em negociação
585,5401874-62.2025.2.46.8337,1482,trabalhista,recurso,appeal,Dr. Barros,2022-09-02,,371950,15ª Vara Criminal de Recife,em negociação
586,9898363-27.2020.4.89.2966,6,civil,execução,settlement,Dr. Barros,13/08/2022,05/04/2026,,9ª Vara Trabalhista de Recife,
587,1165147-13.2020.2.47.5874,377,Trabalhista,recurso,Ativo,Dr. Barros,19 de maio de 2022,5 de outubro de 2026,448993,17ª Vara Cível de Recife,urgente
588,5316105-58.2020.3.22.3571,1240,Civil,audiência,ativo,Dr. Melo,21/01/21,2025-08-31,34992,19ª Vara Cível de Recife,em negociação
589,5316105-58.2020.3.22.3571,1243,trabalhista,acordo extrajudicial,em recurso,Dra. Cavalcante,17/05/22,20/01/26,320704,2ª Vara Trabalhista de Recife,
590,7381740-86.2021.2.88.6570,1470,Civil,audiência,settlement,Dr. Barros,09/04/2022,13 de janeiro de 2026,205381,19ª Vara Trabalhista de Recife,urgente
591,2966787-79.2022.1.41.9944,26,cível,arquivado,encerrado,DRA. CAVALCANTE,25/08/2021,6 de julho de 2025,,5ª Vara Criminal de Recife,cliente não responde
592,4061044-97.2023.7.99.3676,133,cível,inicial,closed,Dr. Barros,26/04/2021,,,19ª Vara Criminal de Recife,
593,5271615-59.2021.2.54.6844,571,cível,acordo extrajudicial,ativo,Dra. Cavalcante,2020-07-19,,,17ª Vara Cível de Recife,
594,1248003-72.2024.2.80.8472,1366,TRABALHISTA,acordo extrajudicial,ativo,Dra Fontes,22/07/2020,19 de novembro de 2026,207216.00,19ª Vara Trabalhista de Recife,urgente
595,5239450-56.2022.7.99.2371,1344,Civil,inicial,Encerrado,Dr. Barros,2025-07-03,13/10/26,194801.00,5ª Vara Cível de Recife,
596,8886588-26.2020.9.65.6361,420,TRABALHISTA,acordo extrajudicial,ATIVO,Dra. Fontes,2 de março de 2023,2026-11-18,30536.00,15ª Vara Criminal de Recife,
597,2545435-52.2025.3.59.7623,1076,Trabalhista,recurso,ativo,Dra Fontes,27 de janeiro de 2024,2026-07-19,265381,10ª Vara Trabalhista de Recife,urgente
598,3542799-64.2025.6.13.7299,489,cível,execução,ATIVO,DRA. CAVALCANTE,2022-06-04,17 de janeiro de 2026,314463.00,12ª Vara Cível de Recife,em negociação
599,4415624-13.2024.9.14.9480,165,civil,execução,em recurso,Dr. Barros,10 de outubro de 2024,2025-05-07,262374.00,19ª Vara Criminal de Recife,
600,3734843-61.2021.3.94.2954,757,Trabalhista,recurso,appeal,Dr. Melo,2020-11-08,23 de julho de 2026,,17ª Vara Criminal de Recife,cliente não responde
601,5638123-23.2024.7.30.5009,766,trabalhista,audiência,appeal,DRA. CAVALCANTE,29/12/21,25/06/2025,,16ª Vara Criminal de Recife,
602,2129757-49.2025.4.14.5657,382,TRABALHISTA,execução,suspended,Dra. Fontes,17 de fevereiro de 2024,2025-08-25,77060.00,15ª Vara Criminal de Recife,urgente
603,1966014-66.2022.7.82.2137,17,cível,acordo extrajudicial,appeal,dr. melo,9 de março de 2024,22/10/2026,,19ª Vara Cível de Recife,urgente
604,7515318-25.2024.4.34.6280,418,trabalhista,recurso,encerrado,dr. melo,21/05/23,31/07/25,489962.00,16ª Vara Trabalhista de Recife,
605,8827641-36.2022.5.59.8715,289,trabalhista,execução,ativo,Dr. Melo,12 de outubro de 2025,,372960,12ª Vara Trabalhista de Recife,
606,8306601-19.2020.3.50.7457,526,trabalhista,arquivado,em recurso,Dra. Cavalcante,3 de janeiro de 2026,17/04/2026,286598.00,19ª Vara Trabalhista de Recife,
607,7633905-83.2022.9.95.2309,1187,Civil,inicial,acordo,Dra. Cavalcante,03/10/20,,,20ª Vara Cível de Recife,
608,6927716-18.2022.9.56.1445,1198,civil,instrução,suspenso,Dr. Melo,2025-11-18,2 de junho de 2026,496816.00,5ª Vara Criminal de Recife,aguardando documentos
609,3766710-17.2025.4.91.1472,758,Civil,execução,ativo,Dra. Fontes,21/08/25,21/03/2025,R$ 266.873,15ª Vara Trabalhista de Recife,urgente
610,9898363-27.2020.4.89.2966,1317,TRABALHISTA,sentença,encerrado,dr. melo,23/04/2024,09/12/25,R$ 6.702,8ª Vara Trabalhista de Recife,cliente não responde
611,8843195-99.2024.6.39.2836,798,trabalhista,execução,suspended,Dra. Fontes,17 de janeiro de 2020,27 de março de 2025,,2ª Vara Criminal de Recife,
612,1735592-50.2022.9.87.5612,968,Trabalhista,arquivado,active,Dr. Melo,26 de julho de 2020,13/09/2025,308085.00,7ª Vara Trabalhista de Recife,
613,6953559-38.2025.7.42.9212,532,Trabalhista,inicial,encerrado,Dr. Barros,29/11/21,11/10/2026,214379.00,14ª Vara Trabalhista de Recife,cliente não responde
614,4314934-26.2021.7.14.7244,1083,Civil,recurso,Ativo,Dra. Cavalcante,13/06/2022,22 de março de 2026,78651,11ª Vara Trabalhista de Recife,cliente não responde
615,3785792-10.2020.5.78.7940,655,TRABALHISTA,audiência,closed,Dra. Cavalcante,2025-04-23,03/08/2026,426000,6ª Vara Cível de Recife,em negociação
616,5266269-78.2021.7.59.1392,238,Trabalhista,sentença,closed,dr. melo,12 de janeiro de 2023,25/10/2025,118455,19ª Vara Criminal de Recife,
617,6105303-92.2021.4.39.3868,248,trabalhista,audiência,settlement,Dr. Barros,22/09/2021,,90086.00,15ª Vara Trabalhista de Recife,
618,4326518-76.2023.4.36.8530,106,Trabalhista,arquivado,settlement,dr. melo,2025-08-23,18 de junho de 2026,332282.00,15ª Vara Cível de Recife,em negociação
619,7486138-99.2020.5.81.4332,256,Trabalhista,acordo extrajudicial,appeal,Dr. Barros,01/09/23,15 de abril de 2025,148188.00,7ª Vara Cível de Recife,cliente não responde
620,2129757-49.2025.4.14.5657,1147,civil,recurso,ativo,Dra. Cavalcante,2020-09-09,2025-05-21,R$ 439.541,10ª Vara Cível de Recife,aguardando documentos
621,8843195-99.2024.6.39.2836,1465,Trabalhista,sentença,ativo,Dr. Barros,28/10/2022,7 de fevereiro de 2026,R$ 132.242,5ª Vara Trabalhista de Recife,
622,1101935-78.2023.5.88.5299,519,trabalhista,acordo extrajudicial,suspended,Dr. Barros,10 de junho de 2020,1 de maio de 2026,R$ 486.671,14ª Vara Criminal de Recife,urgente
623,7082985-88.2022.2.94.6058,620,cível,acordo extrajudicial,active,Dra Fontes,03/07/2021,,421018,1ª Vara Cível de Recife,em negociação
624,8986773-71.2022.6.45.5854,1432,Civil,inicial,active,Dra. Cavalcante,2025-07-12,29/05/25,185703,14ª Vara Trabalhista de Recife,
625,1311508-84.2020.3.38.8512,895,cível,acordo extrajudicial,em recurso,Dr. Barros,14/11/2024,2026-12-28,R$ 371.643,18ª Vara Cível de Recife,em negociação
626,2112478-55.2024.2.51.9095,1181,TRABALHISTA,sentença,em recurso,Dra. Fontes,2025-02-24,13/03/2026,25830,8ª Vara Trabalhista de Recife,urgente
627,8717678-27.2025.5.11.4526,1333,civil,recurso,appeal,DRA. CAVALCANTE,16/10/20,2026-03-13,R$ 105.227,15ª Vara Criminal de Recife,
628,6011987-71.2020.8.10.4396,15,Trabalhista,acordo extrajudicial,encerrado,Dr. Melo,2025-05-17,26/07/26,,12ª Vara Trabalhista de Recife,urgente
629,6418382-43.2020.8.63.9133,853,trabalhista,recurso,ativo,Dra. Cavalcante,17/02/26,30/11/25,139849,9ª Vara Criminal de Recife,
630,8905709-90.2020.9.55.2471,760,Civil,recurso,Ativo,Dra. Cavalcante,12/02/22,02/12/2025,R$ 310.049,4ª Vara Criminal de Recife,cliente não responde
631,5159882-37.2022.9.71.7550,54,TRABALHISTA,audiência,ativo,dr. melo,15/03/21,2026-03-16,191374.00,1ª Vara Trabalhista de Recife,
632,5947618-28.2023.6.53.6118,487,trabalhista,recurso,encerrado,Dr. Barros,2022-12-04,20 de dezembro de 2026,417533.00,6ª Vara Cível de Recife,cliente não responde
633,6524227-53.2025.1.97.6214,230,cível,acordo extrajudicial,suspenso,Dra. Cavalcante,15/09/20,2026-06-23,,5ª Vara Cível de Recife,
634,8892606-62.2022.2.87.2168,904,cível,recurso,Ativo,Dr. Barros,01/08/2025,11/08/2025,R$ 446.063,1ª Vara Criminal de Recife,aguardando documentos
635,5518767-82.2023.4.96.9873,332,civil,audiência,appeal,Dr. Barros,2022-11-28,27/01/2025,491423.00,14ª Vara Trabalhista de Recife,aguardando documentos
636,8168054-14.2024.6.50.1232,1465,Trabalhista,inicial,encerrado,Dr. Melo,12/06/2021,,44742.00,15ª Vara Cível de Recife,
637,9810112-12.2021.1.97.8847,537,civil,acordo extrajudicial,ativo,Dr. Barros,22/12/2025,2026-10-10,,7ª Vara Criminal de Recife,
638,5116418-16.2025.3.98.2234,574,Trabalhista,acordo extrajudicial,em recurso,dr. melo,13/11/2022,29/07/25,220670,2ª Vara Cível de Recife,
639,5867457-18.2023.9.16.7298,4,civil,instrução,encerrado,dr. melo,2022-03-27,11/12/25,304486,2ª Vara Criminal de Recife,urgente
640,9086174-80.2025.1.81.3292,301,Trabalhista,audiência,suspenso,Dra. Fontes,29 de setembro de 2024,11 de dezembro de 2026,49609.00,18ª Vara Trabalhista de Recife,urgente
641,1964519-55.2020.7.58.6781,976,Civil,recurso,ativo,Dra. Cavalcante,2025-08-10,04/11/2026,116716.00,20ª Vara Trabalhista de Recife,cliente não responde
642,4065326-72.2025.8.58.5304,330,Civil,recurso,active,Dra Fontes,8 de junho de 2020,30/04/25,392587.00,8ª Vara Trabalhista de Recife,
643,1742202-63.2023.6.68.9372,1138,TRABALHISTA,execução,ativo,Dr. Barros,2020-06-13,11/10/2026,172246,19ª Vara Cível de Recife,em negociação
644,7941836-76.2025.4.34.6543,1306,trabalhista,sentença,Ativo,Dr. Barros,15 de maio de 2020,13/10/25,R$ 128.489,3ª Vara Criminal de Recife,aguardando documentos
645,5850223-43.2020.3.81.3185,516,TRABALHISTA,audiência,ativo,Dra. Fontes,18/09/24,2025-01-09,392386.00,7ª Vara Trabalhista de Recife,aguardando documentos
646,5788467-41.2023.8.93.8134,572,civil,audiência,suspended,DRA. CAVALCANTE,27 de novembro de 2023,13/08/25,496242.00,17ª Vara Criminal de Recife,aguardando documentos
647,3395583-64.2024.4.41.2181,847,TRABALHISTA,sentença,ativo,Dr. Barros,09/03/21,02/02/2025,78315.00,1ª Vara Criminal de Recife,
648,4952151-27.2023.3.38.8762,140,trabalhista,arquivado,closed,dr. melo,08/03/2021,11 de janeiro de 2026,499710,1ª Vara Criminal de Recife,
649,5700249-43.2020.5.57.9341,876,TRABALHISTA,arquivado,ativo,Dra. Cavalcante,19/11/2022,2 de junho de 2025,,9ª Vara Criminal de Recife,aguardando documentos
650,7687351-51.2022.6.73.6768,963,civil,instrução,encerrado,Dr. Melo,18/08/25,2025-01-15,176074.00,10ª Vara Cível de Recife,em negociação
651,8749473-21.2020.4.12.9144,60,trabalhista,execução,ativo,Dr. Barros,2024-03-20,27 de junho de 2026,139410.00,2ª Vara Trabalhista de Recife,em negociação
652,4016576-41.2022.7.10.6952,1052,TRABALHISTA,sentença,closed,Dra Fontes,05/12/2022,2026-08-11,16708.00,7ª Vara Cível de Recife,
653,2112478-55.2024.2.51.9095,873,trabalhista,recurso,settlement,Dr. Barros,2020-12-08,1 de janeiro de 2026,55802.00,15ª Vara Trabalhista de Recife,aguardando documentos
654,3464073-25.2022.8.73.5075,973,civil,execução,active,Dra. Fontes,18 de setembro de 2022,17/04/26,,10ª Vara Cível de Recife,em negociação
655,1615190-23.2022.2.42.6238,678,TRABALHISTA,audiência,em recurso,Dr. Barros,09/01/2021,2026-11-19,181452,3ª Vara Cível de Recife,aguardando documentos
656,4721085-96.2020.6.92.9645,1311,civil,inicial,suspenso,Dr. Barros,2025-06-25,2026-02-16,R$ 193.995,3ª Vara Criminal de Recife,
657,6836135-90.2022.9.37.5643,336,TRABALHISTA,audiência,ativo,Dra. Fontes,30/03/2022,2026-11-17,,11ª Vara Criminal de Recife,em negociação
658,8588997-88.2020.6.29.5987,1170,Civil,arquivado,settlement,Dr. Barros,2020-12-15,04/12/25,465269,13ª Vara Criminal de Recife,
659,3975387-89.2023.4.55.7631,1314,civil,execução,ATIVO,Dra. Cavalcante,27/06/23,2025-07-07,R$ 296.063,17ª Vara Cível de Recife,cliente não responde
660,7539718-58.2020.2.52.9800,1372,Trabalhista,inicial,Ativo,Dr. Barros,08/10/2023,,,19ª Vara Criminal de Recife,cliente não responde
661,9835331-11.2022.6.15.8602,434,Civil,sentença,ATIVO,dr. melo,6 de janeiro de 2024,22 de dezembro de 2026,154565,9ª Vara Criminal de Recife,
662,7916680-90.2022.1.67.1785,627,Civil,inicial,ativo,Dr. Melo,15 de novembro de 2024,,R$ 272.929,10ª Vara Criminal de Recife,urgente
663,4064382-39.2022.4.13.8937,1376,Civil,recurso,ativo,DRA. CAVALCANTE,28/07/2025,22/08/25,,19ª Vara Cível de Recife,
664,7438163-48.2021.3.47.1186,46,civil,sentença,acordo,Dra Fontes,16/01/2024,2025-12-29,,19ª Vara Criminal de Recife,em negociação
665,4299848-20.2023.2.47.7396,290,TRABALHISTA,acordo extrajudicial,acordo,Dr. Melo,27/04/26,20/05/25,,7ª Vara Cível de Recife,cliente não responde
666,9822459-92.2024.8.17.6403,117,trabalhista,inicial,em recurso,DRA. CAVALCANTE,04/08/22,11/12/26,271608,5ª Vara Trabalhista de Recife,aguardando documentos
667,9489806-94.2021.2.55.9162,733,Trabalhista,arquivado,suspenso,Dra. Fontes,06/01/21,27/05/26,181225,20ª Vara Trabalhista de Recife,em negociação
668,5214684-96.2020.6.84.9986,1039,trabalhista,recurso,closed,Dra Fontes,2021-03-23,2025-10-22,R$ 282.392,9ª Vara Cível de Recife,
669,8630644-97.2025.3.28.1296,1229,TRABALHISTA,acordo extrajudicial,em recurso,Dr. Barros,06/05/24,23/02/26,406838.00,13ª Vara Trabalhista de Recife,cliente não responde
670,5483975-50.2024.8.92.4422,204,trabalhista,recurso,encerrado,Dr. Barros,2025-08-29,,R$ 188.613,18ª Vara Criminal de Recife,aguardando documentos
671,8892606-62.2022.2.87.2168,78,Trabalhista,audiência,encerrado,dr. melo,31 de dezembro de 2023,2026-06-23,,9ª Vara Cível de Recife,
672,5631823-61.2020.5.47.1440,431,Trabalhista,recurso,Ativo,dr. melo,27 de julho de 2022,2026-04-13,R$ 380.102,19ª Vara Cível de Recife,
673,7948577-74.2025.1.60.7583,246,civil,arquivado,active,Dr. Barros,6 de janeiro de 2020,19/06/2025,333540,19ª Vara Criminal de Recife,em negociação
674,6694761-39.2022.1.10.2199,704,TRABALHISTA,audiência,em recurso,Dra. Cavalcante,31/12/2023,25/04/2025,R$ 298.766,18ª Vara Trabalhista de Recife,
675,9573194-21.2022.1.35.8352,1363,civil,recurso,ATIVO,Dra Fontes,12/08/2022,22/08/2025,106067,10ª Vara Criminal de Recife,
676,3679963-72.2020.9.29.7859,328,Trabalhista,inicial,ativo,DRA. CAVALCANTE,22 de novembro de 2025,12/07/2026,252500.00,3ª Vara Cível de Recife,em negociação
677,7438163-48.2021.3.47.1186,1070,Civil,recurso,acordo,Dr. Barros,17/08/23,2025-02-08,,4ª Vara Trabalhista de Recife,
678,3263740-44.2022.3.81.5402,1272,trabalhista,recurso,ativo,Dr. Barros,26/02/2020,19/07/2026,469513,15ª Vara Trabalhista de Recife,
679,1621418-87.2020.9.55.9337,573,trabalhista,inicial,closed,Dr. Melo,22/12/24,14 de julho de 2026,,11ª Vara Criminal de Recife,aguardando documentos
680,7599278-46.2021.4.96.3535,11,cível,execução,Ativo,Dra. Cavalcante,5 de outubro de 2023,,R$ 234.500,14ª Vara Criminal de Recife,
681,3395583-64.2024.4.41.2181,806,TRABALHISTA,arquivado,suspenso,Dr. Barros,21/10/23,08/05/25,R$ 25.636,11ª Vara Cível de Recife,cliente não responde
682,1615190-23.2022.2.42.6238,531,trabalhista,acordo extrajudicial,Encerrado,Dra. Cavalcante,30/04/2024,18/07/25,305938,14ª Vara Criminal de Recife,em negociação
683,5316105-58.2020.3.22.3571,920,civil,arquivado,acordo,Dra Fontes,27/04/2026,15/12/26,239104.00,2ª Vara Trabalhista de Recife,cliente não responde
684,5492622-29.2021.9.92.7737,938,TRABALHISTA,instrução,suspenso,dr. melo,26 de agosto de 2025,30 de agosto de 2025,,2ª Vara Cível de Recife,
685,6927716-18.2022.9.56.1445,1178,civil,execução,em recurso,Dr. Barros,30/12/2023,2026-09-04,,9ª Vara Trabalhista de Recife,
686,5432782-56.2021.2.97.6240,81,Trabalhista,arquivado,encerrado,Dra. Fontes,12 de novembro de 2023,,R$ 200.700,19ª Vara Cível de Recife,em negociação
687,2884639-86.2023.2.31.8737,452,TRABALHISTA,audiência,suspended,Dra. Fontes,25/07/2025,8 de janeiro de 2026,R$ 42.940,1ª Vara Criminal de Recife,em negociação
688,4092125-65.2025.3.26.9073,938,cível,audiência,ATIVO,Dra. Cavalcante,16/08/2022,2025-11-09,208612.00,11ª Vara Trabalhista de Recife,em negociação
689,1742202-63.2023.6.68.9372,436,Trabalhista,recurso,ativo,Dr. Melo,06/05/20,03/10/2025,,7ª Vara Cível de Recife,aguardando documentos
690,7553290-31.2023.9.36.9282,662,Trabalhista,acordo extrajudicial,ativo,dr. melo,12/12/24,29 de janeiro de 2025,,13ª Vara Cível de Recife,em negociação
691,6927716-18.2022.9.56.1445,491,TRABALHISTA,inicial,appeal,Dr. Melo,11 de fevereiro de 2023,23 de março de 2025,,3ª Vara Criminal de Recife,cliente não responde
692,2554938-48.2024.1.13.4544,782,cível,arquivado,appeal,Dra Fontes,02/02/22,2 de janeiro de 2026,424425.00,9ª Vara Trabalhista de Recife,em negociação
693,1602496-64.2022.5.79.8340,896,civil,execução,ativo,Dr. Barros,17/01/2026,11/11/2025,R$ 270.239,9ª Vara Cível de Recife,cliente não responde
694,8286382-50.2025.4.53.4414,1238,trabalhista,recurso,encerrado,Dr. Barros,2022-11-23,26/06/2025,R$ 112.455,4ª Vara Trabalhista de Recife,aguardando documentos
695,1093623-59.2025.7.92.5441,30,Trabalhista,recurso,ativo,Dra. Cavalcante,21 de julho de 2021,07/01/25,488915,15ª Vara Trabalhista de Recife,
696,5401874-62.2025.2.46.8337,1366,civil,arquivado,acordo,Dra Fontes,18/05/2024,,R$ 313.856,4ª Vara Trabalhista de Recife,cliente não responde
697,5996426-23.2022.8.20.3566,636,TRABALHISTA,acordo extrajudicial,ATIVO,Dr. Barros,17/01/25,14/02/26,,16ª Vara Trabalhista de Recife,
698,1628717-84.2025.8.67.8313,723,civil,sentença,suspenso,DRA. CAVALCANTE,2024-11-19,2025-11-25,,19ª Vara Criminal de Recife,aguardando documentos
699,4584224-94.2025.2.57.2511,295,Civil,execução,ativo,dr. melo,3 de agosto de 2021,18/03/2026,295461.00,20ª Vara Cível de Recife,aguardando documentos
700,6096719-87.2023.1.41.6180,958,Trabalhista,execução,appeal,Dr. Barros,2020-05-22,,,19ª Vara Cível de Recife,
701,8905709-90.2020.9.55.2471,180,trabalhista,recurso,acordo,Dr. Melo,30/12/2020,2025-07-14,15390.00,17ª Vara Trabalhista de Recife,cliente não responde
702,5116418-16.2025.3.98.2234,821,Civil,audiência,ATIVO,DRA. CAVALCANTE,12/11/2025,2026-01-16,,11ª Vara Cível de Recife,
703,2519059-58.2022.7.86.4385,844,Civil,acordo extrajudicial,ativo,DRA. CAVALCANTE,13/11/2025,16 de março de 2025,,8ª Vara Trabalhista de Recife,
704,2292432-35.2025.5.83.7063,869,trabalhista,audiência,ativo,Dra. Fontes,9 de janeiro de 2026,14/09/2025,78854,2ª Vara Criminal de Recife,
705,7486138-99.2020.5.81.4332,1259,Trabalhista,sentença,closed,Dr. Barros,16 de dezembro de 2022,10/09/26,R$ 373.931,18ª Vara Trabalhista de Recife,
706,7820540-78.2023.1.75.4823,1076,civil,acordo extrajudicial,ATIVO,Dra Fontes,22/02/2022,02/08/2026,,20ª Vara Cível de Recife,cliente não responde
707,8062805-72.2022.1.22.8771,641,civil,acordo extrajudicial,suspenso,Dra. Fontes,12/10/2021,12/05/2025,425296.00,9ª Vara Trabalhista de Recife,cliente não responde
708,6694761-39.2022.1.10.2199,352,Trabalhista,arquivado,settlement,dr. melo,2022-01-19,7 de abril de 2025,R$ 118.805,12ª Vara Cível de Recife,aguardando documentos
709,5614769-67.2022.9.87.1001,590,Trabalhista,arquivado,em recurso,Dr. Barros,09/06/21,21/11/2026,,11ª Vara Criminal de Recife,em negociação
710,9774395-92.2023.2.75.3192,582,Trabalhista,sentença,encerrado,dr. melo,08/09/20,17/10/25,260778,1ª Vara Criminal de Recife,aguardando documentos
711,2869625-86.2025.7.14.5837,506,cível,acordo extrajudicial,suspended,Dr. Melo,10/04/2020,04/10/2025,417999.00,15ª Vara Trabalhista de Recife,
712,1248003-72.2024.2.80.8472,1142,trabalhista,recurso,suspended,DRA. CAVALCANTE,13/06/21,16 de maio de 2026,233676,9ª Vara Trabalhista de Recife,urgente
713,1311508-84.2020.3.38.8512,897,TRABALHISTA,acordo extrajudicial,suspenso,DRA. CAVALCANTE,11 de julho de 2022,14/11/2025,,14ª Vara Cível de Recife,
714,9425559-65.2022.6.99.1309,506,cível,execução,em recurso,Dr. Barros,2022-01-04,2025-02-22,186270.00,9ª Vara Cível de Recife,cliente não responde
715,6686912-30.2025.4.68.7078,1167,TRABALHISTA,acordo extrajudicial,active,Dr. Barros,19 de janeiro de 2026,22/10/26,,7ª Vara Cível de Recife,cliente não responde
716,6992158-64.2024.5.43.7750,144,cível,recurso,suspenso,Dr. Melo,16/01/25,07/12/2026,R$ 186.737,11ª Vara Trabalhista de Recife,cliente não responde
717,7765112-69.2024.9.62.5648,590,civil,arquivado,suspended,Dra. Cavalcante,04/02/2022,4 de fevereiro de 2025,383349.00,1ª Vara Criminal de Recife,
718,8843195-99.2024.6.39.2836,389,Civil,arquivado,Encerrado,Dra. Fontes,29/12/2022,2025-08-04,,9ª Vara Cível de Recife,
719,3376786-12.2020.7.64.5093,1450,Trabalhista,acordo extrajudicial,ativo,Dr. Melo,07/09/2021,29 de março de 2026,,17ª Vara Trabalhista de Recife,aguardando documentos
720,4134515-43.2021.8.70.4879,1370,civil,recurso,encerrado,Dr. Melo,10 de fevereiro de 2022,2026-01-17,27857.00,7ª Vara Criminal de Recife,
721,8539686-69.2023.4.36.2235,1054,Trabalhista,acordo extrajudicial,ativo,Dra Fontes,16 de setembro de 2023,14 de janeiro de 2026,350018,1ª Vara Cível de Recife,
722,8097721-13.2023.1.47.8354,863,trabalhista,execução,em recurso,Dr. Barros,30/03/24,18 de novembro de 2026,282013.00,10ª Vara Criminal de Recife,urgente
723,7840442-26.2025.9.53.5093,412,civil,audiência,Ativo,Dra Fontes,20 de julho de 2025,11/03/25,,12ª Vara Criminal de Recife,em negociação
724,6992158-64.2024.5.43.7750,740,Civil,inicial,ativo,Dr. Barros,2020-06-20,2026-10-18,R$ 395.046,19ª Vara Trabalhista de Recife,cliente não responde
725,4938178-62.2020.7.27.6072,1057,Trabalhista,instrução,acordo,Dr. Barros,5 de fevereiro de 2020,2025-07-08,182477,19ª Vara Criminal de Recife,
726,3975387-89.2023.4.55.7631,406,Trabalhista,recurso,ativo,Dr. Barros,2025-06-08,16/02/25,230257,2ª Vara Cível de Recife,aguardando documentos
727,3879233-61.2024.5.30.1494,95,trabalhista,sentença,encerrado,Dra Fontes,02/01/22,27/05/2025,R$ 339.691,7ª Vara Criminal de Recife,
728,2895065-46.2022.7.67.1438,1244,civil,execução,ATIVO,Dra. Cavalcante,2024-06-02,25/07/26,355022,20ª Vara Cível de Recife,aguardando documentos
729,8714773-70.2022.9.65.8541,1103,Trabalhista,acordo extrajudicial,em recurso,dr. melo,08/07/24,01/10/2026,86699,13ª Vara Trabalhista de Recife,urgente
730,5316105-58.2020.3.22.3571,1245,Trabalhista,arquivado,settlement,Dra. Fontes,20/01/2020,02/08/26,88240,17ª Vara Trabalhista de Recife,
731,1633270-27.2024.2.52.7034,371,Trabalhista,sentença,Ativo,Dr. Barros,06/05/25,22 de janeiro de 2026,R$ 81.725,15ª Vara Criminal de Recife,em negociação
732,7979033-26.2021.6.18.1084,1000,Trabalhista,arquivado,appeal,dr. melo,22 de janeiro de 2026,2026-09-13,362576,6ª Vara Cível de Recife,em negociação
733,6370110-64.2022.3.52.8440,1393,Civil,arquivado,appeal,dr. melo,31/08/2024,17/02/25,,18ª Vara Cível de Recife,urgente
734,1974389-81.2024.5.57.9354,811,cível,acordo extrajudicial,suspended,Dr. Barros,24/11/2021,14/09/25,361610,17ª Vara Trabalhista de Recife,aguardando documentos
735,5753123-52.2021.4.48.4042,664,civil,execução,ativo,Dra. Fontes,23/01/2023,,R$ 124.463,18ª Vara Cível de Recife,aguardando documentos
736,1869144-23.2023.5.84.3325,249,cível,execução,Encerrado,Dra. Fontes,4 de abril de 2025,2025-03-11,,20ª Vara Cível de Recife,cliente não responde
737,8590346-68.2020.7.63.7780,1129,civil,sentença,ativo,Dr. Barros,23/04/2020,,R$ 405.756,1ª Vara Criminal de Recife,
738,5462435-11.2024.9.85.2977,1188,Civil,recurso,closed,Dr. Barros,26/10/20,6 de setembro de 2025,364521.00,1ª Vara Criminal de Recife,aguardando documentos
739,9252661-70.2020.1.46.1185,163,TRABALHISTA,sentença,suspended,Dr. Melo,28/09/22,2 de setembro de 2026,R$ 442.121,20ª Vara Cível de Recife,em negociação
740,6416661-36.2021.8.21.8496,201,TRABALHISTA,arquivado,ativo,DRA. CAVALCANTE,26 de fevereiro de 2020,,349015.00,13ª Vara Trabalhista de Recife,em negociação
741,2869625-86.2025.7.14.5837,357,Civil,execução,settlement,Dra. Fontes,14 de junho de 2022,7 de junho de 2026,168900,10ª Vara Trabalhista de Recife,aguardando documentos
742,2186433-37.2022.2.12.4344,233,Trabalhista,acordo extrajudicial,ativo,Dr. Melo,2020-02-14,2025-05-25,447376.00,17ª Vara Cível de Recife,em negociação
743,3724721-44.2021.9.75.5553,1490,Civil,sentença,em recurso,Dra. Cavalcante,19/04/22,25/01/2026,R$ 377.343,3ª Vara Criminal de Recife,
744,5159219-49.2023.5.25.3676,1400,trabalhista,arquivado,ATIVO,Dra Fontes,18 de outubro de 2021,03/11/2026,51272.00,15ª Vara Criminal de Recife,
745,7544569-30.2022.4.91.9370,595,cível,sentença,suspended,Dra. Fontes,01/05/2024,28/01/2025,48747.00,14ª Vara Trabalhista de Recife,em negociação
746,8678370-92.2025.7.35.9962,1100,Trabalhista,inicial,ativo,Dr. Barros,5 de janeiro de 2022,2025-12-08,R$ 139.526,15ª Vara Cível de Recife,em negociação
747,8368372-34.2020.6.43.9691,350,civil,instrução,suspended,dr. melo,02/06/25,2025-12-13,17140.00,7ª Vara Cível de Recife,aguardando documentos
748,2824928-33.2020.1.90.6467,576,civil,inicial,encerrado,DRA. CAVALCANTE,6 de janeiro de 2025,24/11/2025,90887,16ª Vara Trabalhista de Recife,
749,1099617-37.2023.9.61.1793,1017,TRABALHISTA,acordo extrajudicial,acordo,Dra Fontes,21/07/20,2026-07-27,210889,2ª Vara Trabalhista de Recife,aguardando documentos
750,6053412-12.2021.6.72.8346,660,Trabalhista,instrução,Ativo,Dr. Melo,2025-07-30,2026-03-29,R$ 237.097,19ª Vara Cível de Recife,
751,3376786-12.2020.7.64.5093,1121,trabalhista,audiência,appeal,Dr. Melo,18 de março de 2021,11/06/2025,R$ 19.516,18ª Vara Cível de Recife,
752,1664676-19.2021.8.64.4616,1222,Civil,sentença,active,Dr. Melo,25 de maio de 2023,,250924,3ª Vara Criminal de Recife,
753,5210656-44.2021.1.39.2474,101,Civil,acordo extrajudicial,Encerrado,DRA. CAVALCANTE,19/11/24,24 de julho de 2026,R$ 349.647,2ª Vara Trabalhista de Recife,cliente não responde
754,7274275-74.2020.1.22.9780,1238,Civil,instrução,ativo,dr. melo,06/10/22,05/11/2026,57323,14ª Vara Trabalhista de Recife,em negociação
755,5661974-14.2020.6.39.3137,824,TRABALHISTA,instrução,ativo,Dr. Barros,17/10/2023,2 de agosto de 2026,R$ 258.723,15ª Vara Trabalhista de Recife,
756,3505690-87.2020.8.52.6260,154,TRABALHISTA,sentença,encerrado,Dr. Melo,2021-09-16,23/07/2026,,15ª Vara Trabalhista de Recife,cliente não responde
757,7862554-22.2024.7.83.6459,661,Trabalhista,inicial,em recurso,Dr. Barros,2023-12-18,2026-10-22,,12ª Vara Criminal de Recife,aguardando documentos
758,3541821-31.2021.8.96.1927,358,trabalhista,recurso,ativo,Dra. Fontes,22 de outubro de 2023,02/12/2026,R$ 138.659,14ª Vara Cível de Recife,cliente não responde
759,3542799-64.2025.6.13.7299,1083,TRABALHISTA,execução,settlement,dr. melo,27/12/22,2026-04-11,,5ª Vara Criminal de Recife,
760,9168044-67.2022.1.26.3054,159,Trabalhista,arquivado,ativo,Dra Fontes,11/11/21,9 de junho de 2025,R$ 123.356,1ª Vara Trabalhista de Recife,cliente não responde
761,5545511-73.2023.1.66.9757,116,TRABALHISTA,recurso,closed,Dr. Barros,3 de outubro de 2022,02/03/2025,53164,7ª Vara Trabalhista de Recife,cliente não responde
762,8539686-69.2023.4.36.2235,363,trabalhista,sentença,ativo,Dr. Barros,03/12/25,2025-07-06,153537,12ª Vara Trabalhista de Recife,em negociação
763,6982910-41.2023.8.91.8758,241,trabalhista,execução,settlement,dr. melo,26/08/21,18 de abril de 2025,143924,16ª Vara Criminal de Recife,
764,2316290-44.2022.7.34.5190,166,trabalhista,arquivado,settlement,dr. melo,31/08/22,11/01/2026,,16ª Vara Criminal de Recife,aguardando documentos
765,6384831-67.2022.5.89.7429,516,Civil,acordo extrajudicial,Encerrado,Dr. Barros,11/12/21,29/07/25,,19ª Vara Cível de Recife,
766,3168718-77.2025.2.92.8027,5,TRABALHISTA,instrução,active,DRA. CAVALCANTE,2022-12-05,29/10/2026,,8ª Vara Cível de Recife,
767,3576390-15.2021.2.82.8209,1143,Civil,recurso,suspended,DRA. CAVALCANTE,2020-11-08,,217075,16ª Vara Criminal de Recife,cliente não responde
768,2895065-46.2022.7.67.1438,787,Civil,inicial,suspended,Dra. Fontes,17/10/2020,10 de outubro de 2026,,1ª Vara Trabalhista de Recife,em negociação
769,3710559-31.2020.9.95.2540,1284,trabalhista,execução,ativo,Dra Fontes,23 de fevereiro de 2021,31/05/2025,262469.00,11ª Vara Cível de Recife,urgente
770,3879233-61.2024.5.30.1494,546,civil,inicial,ativo,DRA. CAVALCANTE,23/02/21,18/06/25,47675.00,2ª Vara Cível de Recife,urgente
771,9108785-98.2021.3.78.6687,1143,cível,sentença,ativo,Dra. Fontes,2021-04-07,3 de março de 2025,373058,12ª Vara Cível de Recife,em negociação
772,6935346-77.2024.3.52.9529,1267,TRABALHISTA,execução,Encerrado,Dra Fontes,02/11/21,,49447,5ª Vara Trabalhista de Recife,urgente
773,7381740-86.2021.2.88.6570,1315,trabalhista,sentença,encerrado,Dra Fontes,07/10/22,1 de julho de 2026,R$ 308.465,20ª Vara Criminal de Recife,em negociação
774,7486138-99.2020.5.81.4332,560,Civil,arquivado,ativo,Dra Fontes,23 de maio de 2022,2026-05-17,,19ª Vara Trabalhista de Recife,cliente não responde
775,7486138-99.2020.5.81.4332,1314,TRABALHISTA,arquivado,em recurso,Dra Fontes,05/03/2020,03/10/2026,322322,11ª Vara Cível de Recife,em negociação
776,2191287-57.2021.1.18.8228,471,trabalhista,arquivado,active,DRA. CAVALCANTE,14 de abril de 2020,28/06/26,,1ª Vara Criminal de Recife,urgente
777,2869625-86.2025.7.14.5837,732,Trabalhista,arquivado,settlement,Dra Fontes,2020-03-11,01/12/2025,51453,13ª Vara Cível de Recife,cliente não responde
778,9057960-29.2025.5.10.6072,778,Trabalhista,instrução,settlement,dr. melo,26/11/2025,,186001,17ª Vara Trabalhista de Recife,em negociação
779,3542799-64.2025.6.13.7299,1297,Civil,audiência,appeal,Dr. Barros,11/09/2022,2025-10-11,387675,15ª Vara Criminal de Recife,urgente
780,9425559-65.2022.6.99.1309,743,TRABALHISTA,acordo extrajudicial,Ativo,Dra. Fontes,29/10/22,2025-12-28,499491,14ª Vara Trabalhista de Recife,em negociação
781,8125196-18.2023.1.53.1215,1312,civil,audiência,active,Dra Fontes,26/11/21,2026-05-07,,6ª Vara Cível de Recife,em negociação
782,5631823-61.2020.5.47.1440,814,Civil,sentença,encerrado,Dr. Melo,03/09/2020,12/11/26,35854,11ª Vara Criminal de Recife,cliente não responde
783,9686751-57.2022.7.62.3494,264,trabalhista,audiência,settlement,Dr. Barros,8 de abril de 2025,15/08/25,,8ª Vara Trabalhista de Recife,
784,5035093-45.2021.1.27.3097,583,civil,sentença,ativo,dr. melo,2024-11-14,23/01/25,,7ª Vara Trabalhista de Recife,urgente
785,2328070-99.2024.8.57.5561,142,cível,recurso,encerrado,Dra Fontes,2025-01-12,3 de julho de 2025,R$ 473.242,17ª Vara Cível de Recife,
786,7243958-65.2020.5.25.5047,1458,TRABALHISTA,arquivado,encerrado,Dra. Cavalcante,16/07/2020,2025-07-27,158026,17ª Vara Criminal de Recife,
787,6686912-30.2025.4.68.7078,860,civil,inicial,ativo,Dr. Barros,2022-03-26,28/04/2026,363693.00,14ª Vara Trabalhista de Recife,cliente não responde
788,7223110-52.2024.2.44.8994,847,TRABALHISTA,acordo extrajudicial,encerrado,Dra Fontes,10/09/2022,17 de dezembro de 2025,161654,7ª Vara Trabalhista de Recife,aguardando documentos
789,1165147-13.2020.2.47.5874,1257,Trabalhista,recurso,Ativo,dr. melo,07/01/24,24/04/2025,R$ 205.182,12ª Vara Cível de Recife,
790,2884639-86.2023.2.31.8737,1101,trabalhista,recurso,suspenso,Dra. Fontes,02/12/2020,27/11/2026,170098,15ª Vara Cível de Recife,
791,8323566-47.2021.3.26.4644,513,TRABALHISTA,arquivado,ativo,Dr. Barros,28/02/20,16/10/2025,437484,17ª Vara Trabalhista de Recife,urgente
792,5545511-73.2023.1.66.9757,220,Civil,execução,ativo,Dra. Fontes,10 de julho de 2021,16 de agosto de 2026,96364.00,19ª Vara Trabalhista de Recife,em negociação
793,5638123-23.2024.7.30.5009,346,trabalhista,sentença,ATIVO,Dr. Melo,2022-07-26,2026-01-05,89309,18ª Vara Trabalhista de Recife,aguardando documentos
794,8415891-60.2021.6.92.5554,1146,cível,audiência,encerrado,dr. melo,4 de dezembro de 2020,08/12/2025,149859,10ª Vara Trabalhista de Recife,urgente
795,8843195-99.2024.6.39.2836,659,trabalhista,inicial,suspenso,Dr. Melo,22 de novembro de 2022,,,18ª Vara Trabalhista de Recife,
796,8220628-15.2021.8.54.9077,1012,civil,acordo extrajudicial,ativo,Dra Fontes,20 de novembro de 2023,08/05/25,R$ 27.800,16ª Vara Cível de Recife,em negociação
797,4494463-44.2022.5.80.7542,704,Trabalhista,inicial,active,Dr. Barros,2020-08-22,14/11/2025,,9ª Vara Criminal de Recife,em negociação
798,1964519-55.2020.7.58.6781,88,civil,instrução,appeal,Dr. Barros,26 de junho de 2022,13 de janeiro de 2025,71848.00,9ª Vara Trabalhista de Recife,urgente
799,1784068-27.2021.3.12.2538,364,Civil,sentença,encerrado,dr. melo,21 de agosto de 2025,2026-11-14,,17ª Vara Trabalhista de Recife,
800,5991409-16.2021.8.44.1303,1393,TRABALHISTA,instrução,active,Dr. Barros,24/11/2023,25/04/2026,,14ª Vara Trabalhista de Recife,aguardando documentos
801,6034606-21.2023.6.18.6684,618,cível,arquivado,active,Dra. Fontes,5 de setembro de 2022,22/02/2026,467740.00,4ª Vara Cível de Recife,
802,5625093-80.2022.9.16.6618,1203,TRABALHISTA,sentença,Ativo,Dra. Fontes,23/06/2021,16/01/2026,,19ª Vara Cível de Recife,
803,9319285-35.2025.3.19.9131,1314,cível,execução,ativo,Dra Fontes,4 de abril de 2026,18 de dezembro de 2026,,7ª Vara Cível de Recife,aguardando documentos
804,5284129-51.2020.3.32.5205,460,Civil,acordo extrajudicial,active,Dr. Barros,27/07/2020,29 de julho de 2025,99597,14ª Vara Trabalhista de Recife,
805,6547287-16.2023.4.15.7491,9,trabalhista,execução,closed,Dra Fontes,18 de julho de 2024,11/01/2025,111849.00,8ª Vara Trabalhista de Recife,cliente não responde
806,3496733-55.2020.2.43.8503,35,Trabalhista,recurso,ATIVO,DRA. CAVALCANTE,2024-05-09,,,12ª Vara Trabalhista de Recife,urgente
807,7539718-58.2020.2.52.9800,1314,TRABALHISTA,audiência,ATIVO,Dra Fontes,22/05/2024,2025-10-24,278068.00,10ª Vara Cível de Recife,em negociação
808,9398629-61.2022.5.88.8253,73,Trabalhista,acordo extrajudicial,em recurso,Dr. Barros,12 de abril de 2022,,R$ 407.123,10ª Vara Criminal de Recife,urgente
809,3879233-61.2024.5.30.1494,666,Trabalhista,audiência,suspenso,Dra. Fontes,19/08/24,2026-07-25,,17ª Vara Criminal de Recife,urgente
810,5159219-49.2023.5.25.3676,1355,cível,recurso,encerrado,DRA. CAVALCANTE,2020-09-19,2025-04-07,46210.00,13ª Vara Trabalhista de Recife,urgente
811,9822459-92.2024.8.17.6403,469,Trabalhista,acordo extrajudicial,Encerrado,dr. melo,18/12/21,2026-10-28,309880,1ª Vara Cível de Recife,
812,6476769-27.2021.5.22.2570,1007,Trabalhista,execução,active,Dr. Barros,2020-05-06,18/05/26,336843.00,5ª Vara Criminal de Recife,
813,5996426-23.2022.8.20.3566,703,Trabalhista,audiência,suspenso,Dra Fontes,25/08/2024,11/04/25,R$ 439.285,12ª Vara Trabalhista de Recife,aguardando documentos
814,1237577-83.2022.8.91.4649,1138,TRABALHISTA,sentença,active,Dra. Cavalcante,2024-06-18,18/10/25,267404,20ª Vara Criminal de Recife,
815,6267378-50.2021.9.19.9923,1030,civil,audiência,suspended,Dra. Cavalcante,9 de maio de 2021,24 de abril de 2026,R$ 306.121,3ª Vara Trabalhista de Recife,em negociação
816,5826200-20.2025.1.91.8748,903,Civil,sentença,ativo,Dr. Barros,02/07/2021,01/02/2026,349220,5ª Vara Criminal de Recife,
817,1628717-84.2025.8.67.8313,540,trabalhista,audiência,settlement,dr. melo,19/02/25,24 de fevereiro de 2026,,11ª Vara Cível de Recife,em negociação
818,3585301-47.2021.7.73.3469,70,Trabalhista,audiência,encerrado,DRA. CAVALCANTE,2024-06-27,2026-06-12,370410,13ª Vara Cível de Recife,
819,1633270-27.2024.2.52.7034,584,trabalhista,inicial,encerrado,Dra Fontes,27/08/2024,30/07/26,,15ª Vara Cível de Recife,
820,1248003-72.2024.2.80.8472,287,trabalhista,instrução,ativo,Dra. Fontes,2020-09-30,15 de agosto de 2026,,1ª Vara Cível de Recife,cliente não responde
821,2110878-87.2023.8.83.8978,458,Civil,arquivado,settlement,Dra. Fontes,21/01/24,1 de janeiro de 2025,308722.00,13ª Vara Criminal de Recife,em negociação
822,5217157-98.2020.2.64.4094,1005,trabalhista,acordo extrajudicial,settlement,Dr. Barros,13/05/2025,,R$ 241.239,13ª Vara Trabalhista de Recife,cliente não responde
823,7786207-82.2024.2.92.5696,12,Civil,acordo extrajudicial,Ativo,Dr. Barros,14/09/2022,21/02/25,268514.00,6ª Vara Trabalhista de Recife,
824,1185885-59.2023.7.19.8433,280,TRABALHISTA,sentença,suspended,Dr. Barros,19/07/23,23/05/2026,300462.00,1ª Vara Cível de Recife,em negociação
825,8843990-84.2020.6.68.3017,791,Civil,inicial,closed,Dra Fontes,16 de junho de 2020,,357071.00,7ª Vara Criminal de Recife,aguardando documentos
826,4134515-43.2021.8.70.4879,528,TRABALHISTA,execução,Encerrado,Dra. Fontes,25/07/2025,2026-02-16,295703,7ª Vara Cível de Recife,aguardando documentos
827,1614850-25.2020.8.85.3161,652,TRABALHISTA,recurso,Encerrado,Dra. Cavalcante,2021-08-10,14/01/25,288935,12ª Vara Criminal de Recife,
828,5274951-77.2021.1.76.5120,178,trabalhista,execução,active,DRA. CAVALCANTE,28/02/2020,20/06/25,,8ª Vara Cível de Recife,
829,6414076-16.2021.7.78.8273,1111,Trabalhista,acordo extrajudicial,ativo,Dr. Barros,13/05/2024,7 de fevereiro de 2025,279511,7ª Vara Trabalhista de Recife,
830,6416661-36.2021.8.21.8496,436,cível,acordo extrajudicial,encerrado,Dra. Fontes,2023-03-20,2026-12-18,R$ 108.050,19ª Vara Criminal de Recife,
831,7398699-88.2025.6.55.3587,1277,Trabalhista,sentença,ativo,Dr. Melo,25/04/2024,2025-09-06,187583,18ª Vara Trabalhista de Recife,
832,4299848-20.2023.2.47.7396,458,civil,arquivado,closed,Dra Fontes,2020-08-19,5 de abril de 2026,R$ 42.473,2ª Vara Cível de Recife,
833,5614769-67.2022.9.87.1001,1087,Civil,execução,ativo,Dra Fontes,17/05/2020,2026-10-02,,13ª Vara Trabalhista de Recife,urgente
834,1614850-25.2020.8.85.3161,988,cível,execução,closed,Dr. Barros,2025-04-17,29 de junho de 2025,398556.00,13ª Vara Trabalhista de Recife,aguardando documentos
835,7687351-51.2022.6.73.6768,977,Trabalhista,instrução,acordo,DRA. CAVALCANTE,20/06/23,09/04/26,382055,17ª Vara Criminal de Recife,
836,1784068-27.2021.3.12.2538,286,Trabalhista,instrução,ativo,Dr. Melo,2025-11-02,17/04/2025,,8ª Vara Criminal de Recife,em negociação
837,7948577-74.2025.1.60.7583,153,TRABALHISTA,execução,Ativo,Dr. Barros,2024-09-18,07/02/25,221902.00,17ª Vara Criminal de Recife,
838,7110796-41.2020.3.80.5362,1194,Civil,audiência,appeal,Dr. Barros,04/09/20,12/05/26,135350,13ª Vara Cível de Recife,cliente não responde
839,5462435-11.2024.9.85.2977,424,trabalhista,audiência,suspenso,dr. melo,20 de julho de 2021,25 de novembro de 2025,457762,17ª Vara Criminal de Recife,
840,5518767-82.2023.4.96.9873,394,Trabalhista,sentença,ativo,Dra. Fontes,2023-01-08,29 de maio de 2025,,17ª Vara Criminal de Recife,urgente
841,1633270-27.2024.2.52.7034,948,TRABALHISTA,sentença,acordo,Dr. Barros,2 de junho de 2022,2025-01-26,,6ª Vara Trabalhista de Recife,aguardando documentos
842,7848147-32.2021.6.58.3528,1169,civil,sentença,em recurso,Dr. Barros,23 de fevereiro de 2023,2026-12-31,372891.00,6ª Vara Trabalhista de Recife,
843,6476769-27.2021.5.22.2570,1188,Trabalhista,audiência,acordo,Dra. Cavalcante,29/01/2023,12/10/2025,R$ 91.081,9ª Vara Cível de Recife,
844,6053412-12.2021.6.72.8346,711,trabalhista,recurso,Encerrado,Dr. Melo,11/10/21,18 de março de 2026,355086.00,15ª Vara Criminal de Recife,em negociação
845,8749473-21.2020.4.12.9144,1120,Civil,instrução,Encerrado,Dra Fontes,13/10/2024,31 de maio de 2026,82468,17ª Vara Trabalhista de Recife,
846,7941836-76.2025.4.34.6543,836,TRABALHISTA,recurso,Ativo,dr. melo,5 de maio de 2023,2025-02-21,451189,6ª Vara Criminal de Recife,aguardando documentos
847,3496733-55.2020.2.43.8503,1311,TRABALHISTA,recurso,settlement,Dra Fontes,28/05/2024,2026-02-11,,4ª Vara Trabalhista de Recife,
848,7892487-80.2022.9.64.5036,808,cível,recurso,suspenso,Dr. Melo,29 de abril de 2022,19/02/26,429642,10ª Vara Criminal de Recife,
849,9214397-26.2023.4.18.6844,185,trabalhista,recurso,ativo,dr. melo,2020-05-21,08/04/2025,,13ª Vara Trabalhista de Recife,
850,2294596-63.2020.6.38.9193,295,Civil,execução,acordo,DRA. CAVALCANTE,2020-10-23,03/01/25,,6ª Vara Criminal de Recife,
851,6953559-38.2025.7.42.9212,214,cível,arquivado,ativo,dr. melo,22/11/2020,,410870.00,6ª Vara Trabalhista de Recife,
852,2341370-92.2024.9.60.8122,858,Trabalhista,acordo extrajudicial,ativo,Dra. Cavalcante,2022-12-08,2025-12-10,,10ª Vara Trabalhista de Recife,
853,1093623-59.2025.7.92.5441,853,Trabalhista,execução,Encerrado,Dra Fontes,01/08/23,2025-08-15,R$ 188.052,5ª Vara Cível de Recife,em negociação
854,2480014-80.2024.2.29.9847,1172,Civil,execução,em recurso,dr. melo,27/02/2020,11/03/2025,328247,6ª Vara Cível de Recife,cliente não responde
855,8129073-22.2024.4.16.9656,53,Trabalhista,arquivado,ATIVO,Dr. Melo,11 de novembro de 2024,16/09/25,121588.00,3ª Vara Trabalhista de Recife,urgente
856,7141324-67.2025.3.86.3413,649,Civil,sentença,ATIVO,Dra. Cavalcante,24/04/2026,2026-07-20,R$ 308.557,6ª Vara Criminal de Recife,cliente não responde
857,9804642-71.2024.4.76.5486,148,Trabalhista,inicial,ATIVO,Dr. Barros,15/09/2025,28/11/26,,4ª Vara Cível de Recife,urgente
858,3542799-64.2025.6.13.7299,881,Civil,audiência,suspended,Dr. Melo,21/08/20,2025-08-22,R$ 319.647,8ª Vara Cível de Recife,
859,1615190-23.2022.2.42.6238,346,civil,acordo extrajudicial,ATIVO,Dr. Barros,2022-10-23,2025-06-05,270199.00,16ª Vara Criminal de Recife,urgente
860,5991409-16.2021.8.44.1303,527,cível,sentença,em recurso,dr. melo,21/04/2026,22/06/2026,220423,10ª Vara Criminal de Recife,urgente
861,3248366-98.2020.5.11.6279,504,cível,audiência,suspenso,Dr. Melo,24/03/20,28/02/25,272993.00,19ª Vara Cível de Recife,em negociação
862,5850223-43.2020.3.81.3185,242,trabalhista,acordo extrajudicial,suspenso,Dra Fontes,28/11/2021,22/09/2026,R$ 139.823,3ª Vara Trabalhista de Recife,
863,4229107-99.2020.7.61.3978,515,civil,execução,ativo,Dra. Fontes,2023-12-31,27/11/26,,16ª Vara Trabalhista de Recife,em negociação
864,6927716-18.2022.9.56.1445,1227,TRABALHISTA,inicial,Encerrado,Dr. Barros,17/12/24,8 de fevereiro de 2026,,4ª Vara Cível de Recife,
865,6414076-16.2021.7.78.8273,217,trabalhista,recurso,ativo,Dr. Barros,14/08/2025,2025-12-31,312038,10ª Vara Cível de Recife,aguardando documentos
866,3401866-56.2021.1.87.5297,748,TRABALHISTA,sentença,closed,Dr. Melo,9 de junho de 2024,27/12/26,,18ª Vara Trabalhista de Recife,aguardando documentos
867,7813974-60.2021.1.81.1542,445,TRABALHISTA,arquivado,closed,Dra. Fontes,2025-04-08,16/04/26,442375.00,11ª Vara Cível de Recife,urgente
868,3306375-34.2024.9.48.9154,549,cível,recurso,suspended,Dra. Fontes,16/02/2020,02/10/26,,17ª Vara Criminal de Recife,aguardando documentos
869,6011987-71.2020.8.10.4396,386,cível,recurso,suspended,Dra Fontes,03/04/23,31/01/2025,,15ª Vara Trabalhista de Recife,
870,2016341-89.2023.7.48.2724,1003,Trabalhista,acordo extrajudicial,em recurso,Dra Fontes,31/05/20,26/08/2026,223633.00,12ª Vara Trabalhista de Recife,em negociação
871,4384627-80.2021.2.13.1061,1178,TRABALHISTA,arquivado,encerrado,Dra. Fontes,2021-01-20,2025-02-02,,13ª Vara Criminal de Recife,em negociação
872,5472823-70.2022.4.41.7624,1189,civil,execução,closed,Dr. Melo,24/03/2021,24/05/26,R$ 150.706,16ª Vara Criminal de Recife,
873,5274951-77.2021.1.76.5120,1403,Trabalhista,instrução,ativo,Dra Fontes,4 de outubro de 2024,14/08/2026,R$ 247.532,8ª Vara Trabalhista de Recife,em negociação
874,8572382-61.2025.1.41.7172,244,Civil,acordo extrajudicial,active,DRA. CAVALCANTE,27/03/26,6 de março de 2026,,16ª Vara Criminal de Recife,
875,9804642-71.2024.4.76.5486,137,cível,sentença,suspenso,Dra. Cavalcante,2 de julho de 2025,01/10/26,91300.00,1ª Vara Criminal de Recife,aguardando documentos
876,5432782-56.2021.2.97.6240,205,Trabalhista,audiência,ATIVO,DRA. CAVALCANTE,2022-03-02,21/08/2025,,4ª Vara Criminal de Recife,
877,2753004-76.2021.8.83.9874,1159,TRABALHISTA,acordo extrajudicial,Encerrado,Dr. Melo,19/05/21,30/09/26,377237.00,10ª Vara Cível de Recife,
878,4085001-92.2022.6.76.8938,557,TRABALHISTA,arquivado,active,DRA. CAVALCANTE,3 de julho de 2020,06/05/2025,,6ª Vara Criminal de Recife,urgente
879,2480014-80.2024.2.29.9847,331,Trabalhista,execução,suspended,DRA. CAVALCANTE,22/09/21,31/07/25,R$ 377.864,4ª Vara Criminal de Recife,aguardando documentos
880,4687348-31.2023.1.92.6907,1413,TRABALHISTA,audiência,em recurso,Dr. Barros,3 de fevereiro de 2023,11 de janeiro de 2026,R$ 497.841,3ª Vara Cível de Recife,em negociação
881,2267110-24.2021.5.78.6025,661,cível,audiência,em recurso,Dr. Barros,13/08/2020,11 de dezembro de 2026,,4ª Vara Trabalhista de Recife,
882,2231929-89.2024.6.41.5461,1435,Civil,sentença,ativo,Dr. Melo,5 de dezembro de 2023,02/03/2025,,16ª Vara Trabalhista de Recife,
883,6865513-17.2021.7.21.3938,984,TRABALHISTA,sentença,ativo,Dra. Cavalcante,08/01/2025,25 de dezembro de 2026,393649,14ª Vara Trabalhista de Recife,
884,4090182-95.2021.1.57.7189,940,cível,execução,suspended,Dr. Melo,2022-05-12,07/10/2026,,6ª Vara Trabalhista de Recife,
885,7789809-22.2020.1.73.9031,713,trabalhista,arquivado,settlement,Dra. Cavalcante,08/08/22,23/11/25,R$ 469.409,14ª Vara Cível de Recife,em negociação
886,4865461-96.2025.2.64.9143,787,cível,inicial,ativo,Dr. Barros,16/04/2022,22 de janeiro de 2025,377259,6ª Vara Trabalhista de Recife,
887,7640585-40.2023.1.57.1721,528,Trabalhista,recurso,ativo,Dra Fontes,18 de janeiro de 2021,08/06/2025,,13ª Vara Trabalhista de Recife,
888,3248366-98.2020.5.11.6279,9,trabalhista,execução,Ativo,Dr. Barros,04/10/21,30/10/2026,R$ 301.325,8ª Vara Criminal de Recife,
889,1602496-64.2022.5.79.8340,890,TRABALHISTA,audiência,encerrado,Dr. Melo,2026-03-19,03/09/2025,242546.00,13ª Vara Trabalhista de Recife,em negociação
890,6414076-16.2021.7.78.8273,1339,Civil,audiência,Encerrado,DRA. CAVALCANTE,04/03/24,23/04/25,390390,16ª Vara Cível de Recife,
891,5545511-73.2023.1.66.9757,1276,civil,acordo extrajudicial,ATIVO,Dr. Barros,2022-12-29,2025-05-10,,11ª Vara Criminal de Recife,urgente
892,7786207-82.2024.2.92.5696,309,trabalhista,arquivado,Encerrado,DRA. CAVALCANTE,12/04/20,,180492.00,3ª Vara Trabalhista de Recife,em negociação
893,9086174-80.2025.1.81.3292,1203,Trabalhista,instrução,ativo,DRA. CAVALCANTE,2 de abril de 2022,18/06/26,R$ 40.083,7ª Vara Trabalhista de Recife,em negociação
894,8843195-99.2024.6.39.2836,685,Trabalhista,acordo extrajudicial,ativo,Dra. Cavalcante,29/09/24,2025-04-25,,13ª Vara Cível de Recife,
895,1754781-28.2025.6.89.2162,1434,Civil,sentença,ativo,Dra. Fontes,01/08/2021,23/11/26,410683.00,4ª Vara Trabalhista de Recife,aguardando documentos
896,3376786-12.2020.7.64.5093,222,cível,instrução,suspended,Dra Fontes,2026-04-06,14/02/25,407681.00,13ª Vara Criminal de Recife,
897,4584224-94.2025.2.57.2511,1232,civil,inicial,appeal,Dr. Melo,18/08/2023,30/08/2026,348085.00,9ª Vara Cível de Recife,
898,6260319-38.2024.8.96.1114,579,Civil,instrução,ativo,Dr. Melo,16/07/2020,2026-12-29,,6ª Vara Cível de Recife,em negociação
899,6547287-16.2023.4.15.7491,141,TRABALHISTA,execução,closed,Dr. Barros,8 de setembro de 2024,,89286,15ª Vara Trabalhista de Recife,em negociação
900,1735592-50.2022.9.87.5612,296,trabalhista,recurso,closed,DRA. CAVALCANTE,12/06/24,22 de fevereiro de 2025,271992,20ª Vara Cível de Recife,em negociação
901,6384831-67.2022.5.89.7429,797,cível,inicial,ativo,Dr. Barros,29 de setembro de 2022,23 de setembro de 2025,365106.00,13ª Vara Trabalhista de Recife,urgente
902,1974389-81.2024.5.57.9354,1294,trabalhista,execução,closed,Dr. Melo,15/11/23,2025-11-07,,4ª Vara Trabalhista de Recife,
903,5826200-20.2025.1.91.8748,81,trabalhista,recurso,Encerrado,DRA. CAVALCANTE,17 de junho de 2021,20/08/2025,,9ª Vara Cível de Recife,
904,9498791-62.2022.6.73.9564,203,Trabalhista,audiência,em recurso,DRA. CAVALCANTE,2025-06-30,12 de julho de 2026,365620,19ª Vara Cível de Recife,
905,4415624-13.2024.9.14.9480,1062,Civil,execução,appeal,dr. melo,30/07/2021,01/05/26,R$ 272.358,14ª Vara Criminal de Recife,urgente
906,8168054-14.2024.6.50.1232,781,trabalhista,arquivado,em recurso,DRA. CAVALCANTE,2021-08-04,2026-03-23,222221.00,16ª Vara Trabalhista de Recife,
907,8220628-15.2021.8.54.9077,252,cível,audiência,em recurso,DRA. CAVALCANTE,10/04/2025,2025-02-03,R$ 491.703,3ª Vara Trabalhista de Recife,urgente
908,3464073-25.2022.8.73.5075,1389,TRABALHISTA,execução,ativo,Dr. Barros,26/01/24,2025-01-19,304573,15ª Vara Cível de Recife,em negociação
909,5401874-62.2025.2.46.8337,1366,Civil,execução,em recurso,Dra. Cavalcante,7 de outubro de 2022,2025-02-01,129955.00,14ª Vara Trabalhista de Recife,em negociação
910,9489806-94.2021.2.55.9162,1305,TRABALHISTA,acordo extrajudicial,active,Dr. Barros,18/11/2022,2026-10-24,378518.00,10ª Vara Cível de Recife,aguardando documentos
911,4893809-11.2021.7.19.9759,1044,trabalhista,sentença,acordo,Dra Fontes,02/06/24,,,8ª Vara Cível de Recife,em negociação
912,1438459-62.2020.7.78.3410,579,trabalhista,recurso,suspenso,DRA. CAVALCANTE,14 de julho de 2022,2025-05-13,,15ª Vara Cível de Recife,urgente
913,5214684-96.2020.6.84.9986,517,TRABALHISTA,inicial,ATIVO,DRA. CAVALCANTE,06/11/21,06/11/26,490265,14ª Vara Cível de Recife,
914,8183950-10.2021.5.84.9388,776,cível,arquivado,em recurso,Dra. Fontes,28 de dezembro de 2025,02/06/26,402473,11ª Vara Criminal de Recife,cliente não responde
915,4452862-76.2021.3.27.3238,1204,Civil,acordo extrajudicial,appeal,dr. melo,2025-04-28,,R$ 383.675,17ª Vara Trabalhista de Recife,
916,7722274-26.2024.9.14.7062,1322,trabalhista,execução,active,DRA. CAVALCANTE,26 de julho de 2024,6 de março de 2026,,17ª Vara Criminal de Recife,em negociação
917,7110796-41.2020.3.80.5362,1065,trabalhista,instrução,ativo,Dr. Barros,09/07/2022,30/11/25,R$ 416.662,4ª Vara Criminal de Recife,aguardando documentos
918,1966014-66.2022.7.82.2137,898,trabalhista,inicial,suspended,DRA. CAVALCANTE,2020-12-23,2026-04-17,,17ª Vara Criminal de Recife,urgente
919,5826200-20.2025.1.91.8748,599,Trabalhista,instrução,encerrado,Dra Fontes,14/05/2025,2026-10-09,421440.00,1ª Vara Cível de Recife,
920,4768255-51.2022.4.94.5695,524,cível,arquivado,suspended,Dr. Barros,24/08/20,24/11/2025,174535.00,19ª Vara Cível de Recife,aguardando documentos
921,2267110-24.2021.5.78.6025,815,civil,inicial,ativo,Dr. Melo,2020-01-07,09/10/26,101150,6ª Vara Trabalhista de Recife,em negociação
922,6370110-64.2022.3.52.8440,1313,Trabalhista,arquivado,settlement,Dr. Barros,02/12/2023,12/05/25,28526,15ª Vara Cível de Recife,aguardando documentos
923,5703772-88.2020.8.34.6114,319,civil,recurso,Ativo,Dr. Barros,14 de novembro de 2022,29/08/25,,16ª Vara Trabalhista de Recife,
924,8843195-99.2024.6.39.2836,1480,TRABALHISTA,acordo extrajudicial,suspenso,DRA. CAVALCANTE,14/08/2023,,,9ª Vara Cível de Recife,urgente
925,5638123-23.2024.7.30.5009,154,cível,arquivado,suspended,Dr. Melo,15 de dezembro de 2020,14/08/2026,,9ª Vara Trabalhista de Recife,
926,5966644-82.2023.4.88.9951,185,civil,execução,ativo,Dr. Barros,01/08/22,2026-03-10,R$ 31.433,7ª Vara Trabalhista de Recife,em negociação
927,9489806-94.2021.2.55.9162,762,Civil,acordo extrajudicial,suspenso,DRA. CAVALCANTE,4 de abril de 2024,24/11/2025,298725.00,6ª Vara Criminal de Recife,cliente não responde
928,2231929-89.2024.6.41.5461,1337,TRABALHISTA,execução,settlement,Dr. Barros,27 de agosto de 2024,2025-03-15,R$ 141.476,8ª Vara Cível de Recife,em negociação
929,9489806-94.2021.2.55.9162,809,TRABALHISTA,arquivado,suspended,DRA. CAVALCANTE,6 de maio de 2023,18/08/2026,322275,13ª Vara Cível de Recife,
930,1098476-20.2021.1.47.3336,1336,trabalhista,sentença,Encerrado,Dr. Barros,28 de abril de 2021,25/02/25,,2ª Vara Trabalhista de Recife,em negociação
931,1602496-64.2022.5.79.8340,222,trabalhista,recurso,encerrado,DRA. CAVALCANTE,2025-05-05,2026-11-18,,20ª Vara Trabalhista de Recife,aguardando documentos
932,5966644-82.2023.4.88.9951,1115,TRABALHISTA,acordo extrajudicial,Encerrado,Dra Fontes,07/09/2020,02/11/2025,,11ª Vara Trabalhista de Recife,cliente não responde
933,9804642-71.2024.4.76.5486,375,civil,sentença,encerrado,Dr. Melo,9 de outubro de 2022,14/12/2026,R$ 210.046,9ª Vara Trabalhista de Recife,
934,5545511-73.2023.1.66.9757,132,TRABALHISTA,instrução,appeal,dr. melo,13/01/24,2025-03-27,R$ 280.933,3ª Vara Criminal de Recife,aguardando documentos
935,5826200-20.2025.1.91.8748,848,TRABALHISTA,audiência,encerrado,Dr. Barros,08/10/23,2025-06-10,R$ 194.546,18ª Vara Trabalhista de Recife,cliente não responde
936,4721085-96.2020.6.92.9645,896,civil,sentença,em recurso,Dr. Barros,18 de fevereiro de 2026,2025-07-01,,4ª Vara Trabalhista de Recife,cliente não responde
937,4417916-40.2022.7.26.4278,719,Civil,sentença,ativo,Dra Fontes,08/08/2024,14 de novembro de 2025,193710,15ª Vara Criminal de Recife,
938,7687292-20.2021.4.85.7539,503,civil,audiência,closed,Dra. Cavalcante,20/07/2020,20 de fevereiro de 2025,434300,11ª Vara Criminal de Recife,
939,3496733-55.2020.2.43.8503,25,cível,instrução,Ativo,Dr. Melo,7 de janeiro de 2020,20 de outubro de 2026,141312,14ª Vara Cível de Recife,aguardando documentos
940,2869625-86.2025.7.14.5837,915,TRABALHISTA,arquivado,ativo,Dra. Fontes,26 de abril de 2023,2025-12-05,,9ª Vara Criminal de Recife,aguardando documentos
941,7999133-20.2023.7.26.1121,469,TRABALHISTA,sentença,em recurso,Dr. Barros,2024-10-28,24/06/2025,R$ 185.841,16ª Vara Trabalhista de Recife,
942,9804642-71.2024.4.76.5486,1309,trabalhista,audiência,encerrado,dr. melo,24/07/20,18/06/2025,9547.00,16ª Vara Cível de Recife,em negociação
943,2675642-32.2022.8.65.5499,55,Trabalhista,sentença,encerrado,Dr. Barros,07/11/2020,25 de agosto de 2026,13427,20ª Vara Criminal de Recife,
944,2019436-32.2020.6.16.9856,611,Trabalhista,arquivado,encerrado,Dra. Fontes,20/11/24,21 de setembro de 2026,,17ª Vara Criminal de Recife,aguardando documentos
945,9425559-65.2022.6.99.1309,1393,Trabalhista,acordo extrajudicial,ATIVO,DRA. CAVALCANTE,22/04/2021,09/10/26,,14ª Vara Cível de Recife,em negociação
946,6992158-64.2024.5.43.7750,656,Civil,execução,suspended,Dra Fontes,09/05/25,2025-10-12,R$ 46.606,17ª Vara Trabalhista de Recife,urgente
947,5660649-86.2020.5.86.9291,786,cível,acordo extrajudicial,encerrado,Dra. Cavalcante,22/09/2023,2026-08-30,103251.00,2ª Vara Trabalhista de Recife,aguardando documentos
948,2895065-46.2022.7.67.1438,655,Civil,acordo extrajudicial,settlement,Dra. Cavalcante,2022-07-31,18/07/26,174093.00,9ª Vara Trabalhista de Recife,
949,6160516-66.2024.5.17.7150,838,Trabalhista,instrução,suspenso,Dra Fontes,05/07/21,2025-08-28,,8ª Vara Cível de Recife,
950,4417916-40.2022.7.26.4278,1462,cível,audiência,ATIVO,Dra Fontes,27/01/2026,,R$ 87.014,20ª Vara Trabalhista de Recife,
951,2480014-80.2024.2.29.9847,1004,Trabalhista,acordo extrajudicial,encerrado,DRA. CAVALCANTE,27 de agosto de 2025,2026-07-20,,8ª Vara Cível de Recife,aguardando documentos
952,7082985-88.2022.2.94.6058,934,cível,arquivado,appeal,Dra. Fontes,25/04/24,6 de agosto de 2026,429890,1ª Vara Cível de Recife,cliente não responde
953,9071705-28.2021.9.78.4746,599,Civil,acordo extrajudicial,acordo,Dr. Melo,2021-07-29,10/06/2025,R$ 492.105,5ª Vara Trabalhista de Recife,
954,6865513-17.2021.7.21.3938,919,Civil,arquivado,suspended,dr. melo,31 de agosto de 2022,,391838,16ª Vara Cível de Recife,
955,1757615-27.2025.7.10.3762,906,trabalhista,sentença,Ativo,Dra Fontes,12/02/2023,20/11/2025,,17ª Vara Criminal de Recife,aguardando documentos
956,1116024-57.2025.8.16.4043,15,Civil,recurso,encerrado,DRA. CAVALCANTE,2026-03-05,2026-01-09,,14ª Vara Criminal de Recife,
957,8062805-72.2022.1.22.8771,760,TRABALHISTA,audiência,active,Dr. Melo,02/12/2020,16 de fevereiro de 2025,R$ 100.248,11ª Vara Trabalhista de Recife,aguardando documentos
958,1183693-37.2024.1.85.2937,1133,civil,acordo extrajudicial,ativo,Dr. Barros,02/11/2025,18 de agosto de 2025,R$ 296.895,10ª Vara Criminal de Recife,aguardando documentos
959,1024421-54.2022.9.20.2563,636,trabalhista,instrução,encerrado,Dra Fontes,17/05/2025,2026-03-13,R$ 282.443,14ª Vara Criminal de Recife,
960,9425559-65.2022.6.99.1309,1028,TRABALHISTA,arquivado,em recurso,Dra. Cavalcante,19 de dezembro de 2024,3 de julho de 2026,,16ª Vara Trabalhista de Recife,
961,1896520-28.2021.5.90.5374,729,trabalhista,execução,ativo,DRA. CAVALCANTE,15/02/21,23 de novembro de 2025,350474.00,2ª Vara Cível de Recife,
962,1615190-23.2022.2.42.6238,1092,civil,audiência,encerrado,DRA. CAVALCANTE,2025-12-05,05/08/25,,2ª Vara Criminal de Recife,
963,1676369-34.2022.3.47.6087,591,civil,instrução,closed,dr. melo,23/02/2024,,R$ 404.887,13ª Vara Trabalhista de Recife,
964,2824928-33.2020.1.90.6467,1375,TRABALHISTA,instrução,closed,Dra. Cavalcante,07/11/2023,7 de outubro de 2026,344688,9ª Vara Trabalhista de Recife,cliente não responde
965,3248366-98.2020.5.11.6279,730,civil,execução,active,Dr. Melo,7 de outubro de 2023,2025-02-04,255377.00,10ª Vara Criminal de Recife,em negociação
966,5451988-41.2020.2.82.4041,1278,Civil,audiência,appeal,Dr. Barros,4 de setembro de 2025,2026-11-26,R$ 115.711,10ª Vara Trabalhista de Recife,
967,9108785-98.2021.3.78.6687,624,Civil,acordo extrajudicial,ATIVO,Dra. Cavalcante,2020-06-06,2025-08-15,410165,9ª Vara Trabalhista de Recife,cliente não responde
968,4065326-72.2025.8.58.5304,1255,TRABALHISTA,inicial,ativo,Dra. Fontes,15/06/20,24/09/25,480624.00,18ª Vara Criminal de Recife,em negociação
969,3585301-47.2021.7.73.3469,855,Trabalhista,audiência,encerrado,Dr. Barros,2021-03-03,5 de dezembro de 2026,,3ª Vara Trabalhista de Recife,em negociação
970,7381740-86.2021.2.88.6570,1209,TRABALHISTA,instrução,closed,Dr. Barros,01/07/22,24/08/25,61928.00,2ª Vara Cível de Recife,urgente
971,4131852-60.2020.1.89.9739,667,TRABALHISTA,sentença,acordo,Dr. Barros,23 de fevereiro de 2024,2025-04-25,R$ 226.094,13ª Vara Criminal de Recife,aguardando documentos
972,4433355-55.2023.8.48.9346,809,trabalhista,acordo extrajudicial,suspended,DRA. CAVALCANTE,19/06/2023,08/01/2026,,15ª Vara Cível de Recife,cliente não responde
973,9057219-99.2020.9.96.3254,184,TRABALHISTA,arquivado,Ativo,Dra. Cavalcante,30 de maio de 2020,26 de junho de 2025,143965,3ª Vara Trabalhista de Recife,
974,4415624-13.2024.9.14.9480,543,civil,sentença,acordo,DRA. CAVALCANTE,27/10/24,2025-12-20,392207,9ª Vara Cível de Recife,cliente não responde
975,6370110-64.2022.3.52.8440,1175,trabalhista,inicial,closed,Dra Fontes,7 de novembro de 2022,12 de maio de 2026,R$ 104.274,8ª Vara Criminal de Recife,urgente
976,5217157-98.2020.2.64.4094,338,trabalhista,arquivado,settlement,Dra Fontes,10/01/20,13/05/26,233882,1ª Vara Cível de Recife,urgente
977,5661974-14.2020.6.39.3137,254,Civil,execução,em recurso,Dra. Fontes,2021-09-26,16 de dezembro de 2025,,3ª Vara Cível de Recife,aguardando documentos
978,8220628-15.2021.8.54.9077,252,Civil,inicial,ATIVO,Dra. Cavalcante,11/12/23,16/05/25,459175.00,13ª Vara Criminal de Recife,aguardando documentos
979,2554938-48.2024.1.13.4544,127,Trabalhista,inicial,acordo,Dr. Barros,2024-12-01,2025-03-15,R$ 165.879,16ª Vara Criminal de Recife,
980,8286382-50.2025.4.53.4414,509,TRABALHISTA,sentença,suspenso,Dra Fontes,22 de janeiro de 2025,8 de junho de 2025,,10ª Vara Trabalhista de Recife,aguardando documentos
981,1966014-66.2022.7.82.2137,1038,cível,arquivado,closed,dr. melo,10/01/26,18 de outubro de 2026,84192,20ª Vara Criminal de Recife,
982,6339266-27.2025.5.15.6766,413,TRABALHISTA,acordo extrajudicial,ativo,DRA. CAVALCANTE,05/10/21,17 de fevereiro de 2026,376886.00,8ª Vara Trabalhista de Recife,cliente não responde
983,1964519-55.2020.7.58.6781,900,trabalhista,recurso,em recurso,Dr. Melo,05/11/20,2026-12-30,258578.00,8ª Vara Trabalhista de Recife,
984,5625093-80.2022.9.16.6618,1136,trabalhista,instrução,appeal,Dra. Fontes,30/07/2023,12/11/2026,216190,6ª Vara Cível de Recife,urgente
985,7862554-22.2024.7.83.6459,1102,civil,audiência,active,Dra. Fontes,5 de março de 2022,,R$ 469.149,18ª Vara Cível de Recife,
986,4229107-99.2020.7.61.3978,504,civil,instrução,acordo,DRA. CAVALCANTE,29/03/20,13/03/2026,,2ª Vara Trabalhista de Recife,urgente
987,2100417-68.2021.7.29.9662,290,Trabalhista,sentença,ativo,Dr. Barros,27 de junho de 2023,2026-05-22,R$ 181.627,4ª Vara Cível de Recife,
988,8677980-28.2024.9.94.6552,852,civil,execução,suspenso,Dr. Melo,15/05/2020,,,13ª Vara Cível de Recife,cliente não responde
989,5035093-45.2021.1.27.3097,1073,civil,audiência,encerrado,Dra Fontes,23 de janeiro de 2022,9 de março de 2026,R$ 31.013,18ª Vara Cível de Recife,em negociação
990,9408522-77.2021.3.36.8376,1142,civil,inicial,suspended,dr. melo,2024-12-17,2026-04-28,48388,19ª Vara Cível de Recife,
991,1101935-78.2023.5.88.5299,21,civil,audiência,suspenso,Dr. Melo,21/05/24,10 de fevereiro de 2025,,17ª Vara Trabalhista de Recife,cliente não responde
992,2837371-36.2022.7.88.5428,1278,civil,sentença,suspended,Dra. Fontes,2025-03-06,01/05/25,R$ 317.504,5ª Vara Criminal de Recife,urgente
993,2632721-15.2024.7.90.9593,1391,Civil,inicial,suspended,dr. melo,04/04/21,2026-11-18,,10ª Vara Cível de Recife,cliente não responde
994,4314934-26.2021.7.14.7244,1037,Civil,execução,Encerrado,DRA. CAVALCANTE,04/02/25,28 de fevereiro de 2025,R$ 440.246,14ª Vara Cível de Recife,urgente
995,2660213-63.2022.6.50.8366,1227,TRABALHISTA,audiência,appeal,DRA. CAVALCANTE,06/02/2024,14/10/25,287938.00,16ª Vara Criminal de Recife,urgente
996,1778149-24.2023.1.86.3557,1264,Trabalhista,instrução,active,Dra. Fontes,22/12/24,08/04/2025,406544.00,7ª Vara Cível de Recife,
997,1165147-13.2020.2.47.5874,768,cível,execução,ativo,Dr. Barros,2020-03-16,27/03/25,R$ 469.862,11ª Vara Cível de Recife,
998,5112941-62.2021.1.89.5887,341,TRABALHISTA,recurso,suspended,Dr. Melo,2020-11-12,2025-10-10,R$ 444.290,4ª Vara Trabalhista de Recife,
999,5432782-56.2021.2.97.6240,108,trabalhista,inicial,suspenso,Dra. Cavalcante,18 de setembro de 2020,9 de dezembro de 2026,159719,9ª Vara Cível de Recife,
1000,7486029-45.2024.4.25.3159,226,civil,inicial,ATIVO,Dra. Cavalcante,2020-01-24,7 de dezembro de 2025,127028,14ª Vara Cível de Recife,
1001,2658962-39.2022.5.95.8856,756,TRABALHISTA,recurso,encerrado,Dr. Barros,20 de janeiro de 2024,2025-04-23,R$ 83.681,16ª Vara Cível de Recife,
1002,2292432-35.2025.5.83.7063,849,Trabalhista,inicial,Ativo,Dr. Barros,21/11/2021,2025-06-21,237676,10ª Vara Criminal de Recife,
1003,2753004-76.2021.8.83.9874,965,TRABALHISTA,recurso,encerrado,DRA. CAVALCANTE,11 de setembro de 2021,23 de maio de 2026,R$ 407.880,4ª Vara Trabalhista de Recife,aguardando documentos
1004,5703772-88.2020.8.34.6114,1071,TRABALHISTA,instrução,closed,Dra. Fontes,09/05/2025,21/11/2025,384227,6ª Vara Trabalhista de Recife,cliente não responde
1005,1602496-64.2022.5.79.8340,639,Civil,acordo extrajudicial,ATIVO,Dr. Barros,07/06/22,,,3ª Vara Criminal de Recife,
1006,9425559-65.2022.6.99.1309,840,cível,execução,Encerrado,DRA. CAVALCANTE,24/07/2023,10/07/26,105692,4ª Vara Criminal de Recife,em negociação
1007,3922248-27.2025.1.42.4047,1010,civil,inicial,Encerrado,Dra Fontes,2024-05-03,28/10/2026,R$ 70.914,3ª Vara Criminal de Recife,aguardando documentos
1008,9214397-26.2023.4.18.6844,1332,TRABALHISTA,inicial,encerrado,Dr. Barros,28/09/2022,27 de abril de 2026,444658.00,3ª Vara Criminal de Recife,
1009,6445422-21.2020.5.39.8096,1332,Civil,arquivado,Ativo,Dr. Barros,2020-08-22,2026-03-25,225801,9ª Vara Criminal de Recife,
1010,1116024-57.2025.8.16.4043,1354,civil,acordo extrajudicial,encerrado,dr. melo,2023-07-22,6 de novembro de 2026,R$ 149.048,8ª Vara Cível de Recife,cliente não responde
1011,5284129-51.2020.3.32.5205,602,Trabalhista,instrução,suspenso,Dra. Cavalcante,27/09/2024,25 de setembro de 2025,498568,11ª Vara Criminal de Recife,
1012,7640585-40.2023.1.57.1721,572,TRABALHISTA,sentença,ativo,DRA. CAVALCANTE,21/09/2020,23/05/26,R$ 103.736,14ª Vara Trabalhista de Recife,aguardando documentos
1013,5850223-43.2020.3.81.3185,20,civil,execução,ativo,DRA. CAVALCANTE,27/02/21,7 de agosto de 2025,R$ 347.498,14ª Vara Criminal de Recife,em negociação
1014,5462435-11.2024.9.85.2977,1296,Trabalhista,acordo extrajudicial,closed,Dr. Melo,3 de fevereiro de 2026,02/12/2026,307305,13ª Vara Cível de Recife,
1015,6414076-16.2021.7.78.8273,1080,civil,instrução,appeal,dr. melo,14/08/23,12/10/25,R$ 266.257,8ª Vara Trabalhista de Recife,cliente não responde
1016,9824532-76.2023.6.37.2040,1247,trabalhista,acordo extrajudicial,encerrado,Dr. Barros,21 de maio de 2020,13/03/26,195218.00,11ª Vara Cível de Recife,
1017,1101935-78.2023.5.88.5299,1155,TRABALHISTA,instrução,em recurso,Dr. Melo,18/04/21,29 de setembro de 2026,370183.00,6ª Vara Criminal de Recife,
1018,4824419-32.2024.5.47.3265,1484,civil,acordo extrajudicial,ATIVO,DRA. CAVALCANTE,19 de setembro de 2021,28/06/26,85383.00,7ª Vara Criminal de Recife,aguardando documentos
1019,3542799-64.2025.6.13.7299,1301,Civil,arquivado,suspended,Dra. Cavalcante,2021-01-23,21/12/25,,16ª Vara Criminal de Recife,cliente não responde
1020,8306601-19.2020.3.50.7457,54,TRABALHISTA,instrução,active,Dra. Fontes,2021-05-17,15/11/2026,R$ 179.187,6ª Vara Cível de Recife,
1021,3464073-25.2022.8.73.5075,380,TRABALHISTA,acordo extrajudicial,Ativo,Dra Fontes,15/07/2021,2026-12-08,,14ª Vara Cível de Recife,cliente não responde
1022,5210656-44.2021.1.39.2474,1433,Civil,recurso,closed,Dra. Cavalcante,2023-02-17,24 de maio de 2026,,16ª Vara Trabalhista de Recife,
1023,9636371-69.2025.8.67.4068,1385,Trabalhista,inicial,settlement,Dr. Barros,31/10/2022,2026-03-26,,20ª Vara Criminal de Recife,aguardando documentos
1024,5289264-48.2020.4.41.6347,294,civil,sentença,Ativo,DRA. CAVALCANTE,13 de setembro de 2023,19/10/2026,,20ª Vara Criminal de Recife,aguardando documentos
1025,2231929-89.2024.6.41.5461,810,Trabalhista,acordo extrajudicial,settlement,Dr. Barros,13 de maio de 2022,23 de dezembro de 2025,277929.00,3ª Vara Cível de Recife,aguardando documentos
1026,1754781-28.2025.6.89.2162,175,Civil,instrução,appeal,Dra. Cavalcante,28/10/2020,01/08/2025,103421,6ª Vara Trabalhista de Recife,urgente
1027,8368255-39.2020.9.60.4414,572,Trabalhista,sentença,settlement,Dra. Cavalcante,2022-05-14,2025-05-10,,17ª Vara Trabalhista de Recife,cliente não responde
1028,3667022-35.2020.9.76.3115,122,trabalhista,recurso,settlement,Dra. Cavalcante,2025-05-20,,,16ª Vara Criminal de Recife,
1029,6528202-89.2025.3.17.9496,462,TRABALHISTA,sentença,closed,Dr. Barros,19/03/2024,13/06/2026,,12ª Vara Cível de Recife,aguardando documentos
1030,6053412-12.2021.6.72.8346,153,cível,execução,ativo,dr. melo,2026-02-08,10/09/2025,,18ª Vara Cível de Recife,
1031,2231929-89.2024.6.41.5461,428,civil,execução,ativo,dr. melo,08/06/2024,11/01/26,235488.00,11ª Vara Cível de Recife,
1032,3675188-38.2025.9.53.3305,1332,trabalhista,instrução,suspenso,dr. melo,24/05/2021,2025-01-29,276305,5ª Vara Criminal de Recife,aguardando documentos
1033,2191287-57.2021.1.18.8228,1008,cível,audiência,encerrado,Dr. Barros,12/10/2025,2025-12-29,408777,11ª Vara Cível de Recife,
1034,4768255-51.2022.4.94.5695,69,civil,arquivado,ativo,Dr. Barros,2024-08-31,21/05/2026,R$ 371.007,3ª Vara Cível de Recife,aguardando documentos
1035,8572382-61.2025.1.41.7172,1472,Trabalhista,instrução,ativo,Dra. Cavalcante,2023-09-23,14/08/2025,261940.00,9ª Vara Criminal de Recife,
1036,4893809-11.2021.7.19.9759,999,cível,acordo extrajudicial,encerrado,Dra. Cavalcante,04/02/2020,9 de agosto de 2025,,18ª Vara Criminal de Recife,
1037,7813974-60.2021.1.81.1542,30,Civil,inicial,settlement,Dr. Barros,2025-05-07,9 de abril de 2025,368212,10ª Vara Trabalhista de Recife,aguardando documentos
1038,1878000-50.2025.7.58.1197,980,trabalhista,audiência,appeal,DRA. CAVALCANTE,5 de setembro de 2020,2025-12-03,R$ 17.623,15ª Vara Criminal de Recife,cliente não responde
1039,8886588-26.2020.9.65.6361,265,TRABALHISTA,inicial,ativo,Dr. Barros,16/11/2023,09/11/2026,372901,18ª Vara Cível de Recife,aguardando documentos
1040,9992831-61.2022.4.35.1469,849,Civil,arquivado,acordo,DRA. CAVALCANTE,30/08/2023,03/04/2026,R$ 143.170,11ª Vara Trabalhista de Recife,
1041,4065326-72.2025.8.58.5304,741,Civil,arquivado,encerrado,DRA. CAVALCANTE,6 de junho de 2025,15/10/2025,,11ª Vara Criminal de Recife,cliente não responde
1042,7786207-82.2024.2.92.5696,1392,civil,instrução,appeal,Dr. Melo,6 de julho de 2022,05/10/2026,22442.00,16ª Vara Cível de Recife,aguardando documentos
1043,8530609-10.2021.5.41.7151,522,TRABALHISTA,execução,acordo,DRA. CAVALCANTE,27 de outubro de 2025,20/02/2025,16795,9ª Vara Trabalhista de Recife,
1044,5631823-61.2020.5.47.1440,947,cível,execução,Encerrado,Dra. Fontes,02/01/26,2025-12-26,R$ 152.877,13ª Vara Trabalhista de Recife,
1045,5850223-43.2020.3.81.3185,909,civil,recurso,ativo,Dra. Cavalcante,12/12/2025,,178749.00,6ª Vara Criminal de Recife,
1046,4061044-97.2023.7.99.3676,723,Trabalhista,inicial,suspended,DRA. CAVALCANTE,30/03/2026,12/01/26,62068,15ª Vara Cível de Recife,em negociação
1047,2997279-67.2024.9.84.1441,526,Trabalhista,execução,encerrado,Dr. Barros,24/05/2025,11 de maio de 2026,434160.00,8ª Vara Cível de Recife,cliente não responde
1048,3401866-56.2021.1.87.5297,250,TRABALHISTA,inicial,ativo,Dra Fontes,26 de outubro de 2021,20/01/2026,158366,19ª Vara Trabalhista de Recife,
1049,5483975-50.2024.8.92.4422,1319,Civil,instrução,suspended,dr. melo,30 de janeiro de 2026,05/06/2026,R$ 423.922,5ª Vara Trabalhista de Recife,cliente não responde
1050,9425559-65.2022.6.99.1309,1395,TRABALHISTA,acordo extrajudicial,acordo,Dr. Barros,22/08/2023,05/04/25,481834,1ª Vara Criminal de Recife,cliente não responde
1051,3750497-13.2024.6.65.9009,788,cível,arquivado,Ativo,dr. melo,19/08/2022,2026-08-17,,16ª Vara Cível de Recife,urgente
1052,2292432-35.2025.5.83.7063,1365,TRABALHISTA,acordo extrajudicial,encerrado,dr. melo,22/04/2022,16/02/25,454036.00,18ª Vara Trabalhista de Recife,
1053,1964519-55.2020.7.58.6781,260,Civil,arquivado,ativo,Dra Fontes,2025-02-17,12 de dezembro de 2026,367845.00,12ª Vara Cível de Recife,urgente
1054,4131852-60.2020.1.89.9739,259,cível,instrução,Ativo,Dra. Fontes,10 de janeiro de 2025,17 de agosto de 2026,283369,15ª Vara Trabalhista de Recife,aguardando documentos
1055,2186433-37.2022.2.12.4344,54,Trabalhista,recurso,ATIVO,Dr. Barros,29/08/2024,09/11/26,,9ª Vara Cível de Recife,
1056,9835331-11.2022.6.15.8602,959,trabalhista,inicial,active,DRA. CAVALCANTE,16 de dezembro de 2020,16/10/25,440538,11ª Vara Cível de Recife,
1057,8735892-74.2025.8.18.9411,1291,TRABALHISTA,execução,em recurso,dr. melo,2026-03-01,11/12/25,,8ª Vara Trabalhista de Recife,cliente não responde
1058,4938178-62.2020.7.27.6072,377,Trabalhista,inicial,ativo,DRA. CAVALCANTE,2023-10-30,11 de janeiro de 2025,R$ 389.686,16ª Vara Trabalhista de Recife,aguardando documentos
1059,4824419-32.2024.5.47.3265,1377,civil,sentença,encerrado,dr. melo,2024-10-12,2025-01-24,227124.00,15ª Vara Trabalhista de Recife,cliente não responde
1060,5074974-98.2023.8.21.9881,542,Trabalhista,recurso,suspended,dr. melo,16 de janeiro de 2024,,321228.00,12ª Vara Cível de Recife,urgente
1061,4952151-27.2023.3.38.8762,957,trabalhista,acordo extrajudicial,acordo,dr. melo,10/03/21,22/10/2025,,1ª Vara Criminal de Recife,urgente
1062,6384831-67.2022.5.89.7429,703,Civil,instrução,suspended,Dr. Melo,2024-05-09,24 de dezembro de 2025,R$ 37.494,2ª Vara Trabalhista de Recife,cliente não responde
1063,4084503-92.2025.8.90.5515,44,trabalhista,execução,encerrado,Dra. Fontes,16/03/20,07/05/26,R$ 231.595,20ª Vara Trabalhista de Recife,
1064,5700249-43.2020.5.57.9341,8,Trabalhista,audiência,encerrado,Dr. Barros,27/04/2021,2026-12-12,477442,8ª Vara Cível de Recife,
1065,6944389-98.2023.1.72.8245,319,cível,execução,ativo,Dra. Cavalcante,2024-11-15,28/08/26,48048.00,8ª Vara Criminal de Recife,em negociação
1066,5966644-82.2023.4.88.9951,122,cível,arquivado,ATIVO,Dr. Barros,2024-11-07,2025-09-17,R$ 157.086,16ª Vara Trabalhista de Recife,em negociação
1067,3395583-64.2024.4.41.2181,588,cível,arquivado,suspended,dr. melo,19/09/2022,2026-05-06,412887,8ª Vara Cível de Recife,em negociação
1068,7222167-30.2022.8.44.7452,368,TRABALHISTA,instrução,ativo,Dr. Barros,2025-02-02,18 de março de 2025,178018,6ª Vara Trabalhista de Recife,urgente
1069,1664676-19.2021.8.64.4616,1242,Civil,recurso,suspenso,dr. melo,23/03/25,26 de julho de 2026,R$ 313.901,20ª Vara Cível de Recife,em negociação
1070,1024421-54.2022.9.20.2563,1079,TRABALHISTA,acordo extrajudicial,ativo,Dr. Barros,20 de maio de 2025,6 de julho de 2026,48759.00,13ª Vara Criminal de Recife,em negociação
1071,9108785-98.2021.3.78.6687,1223,cível,audiência,Encerrado,Dr. Barros,2022-01-18,16/10/2025,259844.00,1ª Vara Trabalhista de Recife,
1072,6836135-90.2022.9.37.5643,159,TRABALHISTA,instrução,ativo,Dra. Cavalcante,5 de julho de 2021,2025-10-14,R$ 244.280,12ª Vara Trabalhista de Recife,aguardando documentos
1073,9636371-69.2025.8.67.4068,597,trabalhista,audiência,Encerrado,DRA. CAVALCANTE,02/05/2020,,114589.00,4ª Vara Criminal de Recife,
1074,2112478-55.2024.2.51.9095,619,TRABALHISTA,recurso,ATIVO,Dra Fontes,10 de janeiro de 2021,04/05/2026,384531.00,9ª Vara Criminal de Recife,
1075,9798556-59.2021.3.62.3110,924,TRABALHISTA,acordo extrajudicial,ATIVO,Dr. Melo,2022-08-13,,,15ª Vara Cível de Recife,
1076,3710559-31.2020.9.95.2540,986,civil,instrução,active,Dr. Melo,2023-03-31,2026-02-28,R$ 294.199,9ª Vara Cível de Recife,
1077,7687351-51.2022.6.73.6768,159,cível,audiência,em recurso,Dr. Barros,10/01/2023,31 de agosto de 2026,485011,9ª Vara Cível de Recife,
1078,6944389-98.2023.1.72.8245,1479,Civil,instrução,active,Dra Fontes,19/09/2020,30/12/2026,22062.00,11ª Vara Criminal de Recife,
1079,8572382-61.2025.1.41.7172,1450,cível,arquivado,closed,DRA. CAVALCANTE,26 de agosto de 2020,4 de junho de 2025,423820,16ª Vara Criminal de Recife,urgente
1080,2675642-32.2022.8.65.5499,102,Civil,arquivado,Ativo,DRA. CAVALCANTE,05/09/21,25/12/2025,,2ª Vara Trabalhista de Recife,aguardando documentos
1081,1273300-90.2024.2.80.7378,1358,civil,audiência,ativo,Dra Fontes,22/11/22,2026-06-15,266619.00,18ª Vara Criminal de Recife,em negociação
1082,7848147-32.2021.6.58.3528,784,Civil,instrução,active,Dr. Melo,6 de agosto de 2025,05/12/25,,18ª Vara Trabalhista de Recife,em negociação
1083,5217157-98.2020.2.64.4094,96,Civil,instrução,acordo,dr. melo,9 de maio de 2023,2025-10-13,R$ 141.617,16ª Vara Criminal de Recife,
1084,1614850-25.2020.8.85.3161,1104,Trabalhista,inicial,active,DRA. CAVALCANTE,22 de setembro de 2020,2025-05-07,R$ 349.942,17ª Vara Trabalhista de Recife,aguardando documentos
1085,2110878-87.2023.8.83.8978,89,trabalhista,instrução,settlement,dr. melo,10 de agosto de 2024,13/11/2026,463278.00,13ª Vara Criminal de Recife,aguardando documentos
1086,1272937-41.2023.5.75.9958,900,civil,instrução,ativo,Dr. Barros,20 de dezembro de 2022,4 de janeiro de 2026,,14ª Vara Criminal de Recife,
1087,9425559-65.2022.6.99.1309,98,Civil,acordo extrajudicial,Ativo,Dra. Cavalcante,08/12/20,30 de janeiro de 2025,,4ª Vara Criminal de Recife,cliente não responde
1088,6096719-87.2023.1.41.6180,13,TRABALHISTA,execução,ativo,Dra Fontes,3 de janeiro de 2022,12/01/26,,16ª Vara Cível de Recife,urgente
1089,5967836-10.2021.4.35.9671,1000,Trabalhista,sentença,suspenso,Dra. Cavalcante,2021-12-25,27/08/25,66509.00,4ª Vara Trabalhista de Recife,
1090,4433355-55.2023.8.48.9346,362,cível,recurso,ATIVO,Dra Fontes,2022-03-14,20/04/26,33513.00,2ª Vara Trabalhista de Recife,aguardando documentos
1091,5266269-78.2021.7.59.1392,549,Trabalhista,arquivado,settlement,Dra Fontes,24 de dezembro de 2025,07/07/2026,91597,5ª Vara Cível de Recife,aguardando documentos
1092,6260319-38.2024.8.96.1114,850,Trabalhista,inicial,closed,Dr. Melo,01/09/2021,05/11/2026,R$ 216.514,13ª Vara Criminal de Recife,
1093,1757615-27.2025.7.10.3762,128,Civil,audiência,appeal,DRA. CAVALCANTE,2021-03-08,5 de fevereiro de 2026,,19ª Vara Trabalhista de Recife,em negociação
1094,6011987-71.2020.8.10.4396,1110,Trabalhista,arquivado,Encerrado,Dra. Fontes,2020-08-10,2026-01-04,R$ 274.186,2ª Vara Criminal de Recife,
1095,5124342-11.2025.5.50.6107,669,Civil,inicial,acordo,Dr. Melo,5 de maio de 2024,19 de janeiro de 2025,R$ 247.790,4ª Vara Criminal de Recife,
1096,4065326-72.2025.8.58.5304,589,civil,inicial,closed,Dr. Melo,25/11/2024,07/07/26,R$ 451.509,1ª Vara Trabalhista de Recife,urgente
1097,1098476-20.2021.1.47.3336,462,Trabalhista,inicial,Ativo,Dr. Barros,25 de dezembro de 2025,6 de outubro de 2026,R$ 149.661,12ª Vara Criminal de Recife,em negociação
1098,1101935-78.2023.5.88.5299,583,TRABALHISTA,audiência,settlement,Dr. Melo,2026-03-21,01/03/25,71316.00,15ª Vara Trabalhista de Recife,
1099,2753004-76.2021.8.83.9874,233,civil,audiência,em recurso,Dr. Melo,23/07/2020,02/05/25,R$ 161.647,18ª Vara Trabalhista de Recife,
1100,4229107-99.2020.7.61.3978,630,TRABALHISTA,sentença,ativo,Dr. Barros,15/08/25,3 de janeiro de 2025,170011.00,5ª Vara Criminal de Recife,
1101,6339266-27.2025.5.15.6766,655,civil,recurso,ATIVO,Dra. Cavalcante,11/09/23,25/04/2026,,1ª Vara Criminal de Recife,
1102,7438163-48.2021.3.47.1186,427,cível,instrução,closed,dr. melo,01/10/2025,,R$ 156.777,1ª Vara Trabalhista de Recife,
1103,9214397-26.2023.4.18.6844,86,Trabalhista,instrução,acordo,DRA. CAVALCANTE,2023-09-18,2026-09-11,,13ª Vara Criminal de Recife,aguardando documentos
1104,6034606-21.2023.6.18.6684,544,trabalhista,recurso,ativo,Dra Fontes,21/06/2020,04/06/25,,12ª Vara Trabalhista de Recife,
1105,2660213-63.2022.6.50.8366,93,civil,execução,ativo,Dr. Barros,2021-05-19,30/07/25,76776.00,14ª Vara Trabalhista de Recife,aguardando documentos
1106,5289264-48.2020.4.41.6347,389,Civil,arquivado,ativo,Dra. Fontes,04/12/23,19/07/2025,170212,14ª Vara Criminal de Recife,em negociação
1107,9666878-83.2023.6.29.9905,754,cível,instrução,active,DRA. CAVALCANTE,17 de abril de 2023,27/08/2025,,8ª Vara Cível de Recife,cliente não responde
1108,3785792-10.2020.5.78.7940,95,trabalhista,execução,suspenso,Dr. Melo,29/09/2021,2025-08-04,R$ 276.657,19ª Vara Trabalhista de Recife,
1109,3418432-84.2025.3.59.5858,298,civil,acordo extrajudicial,Ativo,Dr. Barros,7 de março de 2020,25/01/25,,14ª Vara Criminal de Recife,
1110,8714773-70.2022.9.65.8541,83,Trabalhista,arquivado,encerrado,Dr. Barros,2020-06-24,21/04/26,,14ª Vara Criminal de Recife,
1111,3724721-44.2021.9.75.5553,421,trabalhista,sentença,encerrado,Dr. Melo,04/04/22,14 de fevereiro de 2025,R$ 309.500,15ª Vara Trabalhista de Recife,
1112,9214397-26.2023.4.18.6844,1408,Civil,arquivado,ativo,Dra. Cavalcante,21/07/2021,31 de julho de 2026,R$ 246.379,14ª Vara Criminal de Recife,aguardando documentos
1113,6036037-32.2025.3.53.7515,24,TRABALHISTA,instrução,ativo,Dr. Barros,15 de outubro de 2021,18/02/25,95103,11ª Vara Criminal de Recife,
1114,1964519-55.2020.7.58.6781,1119,Trabalhista,sentença,encerrado,Dra Fontes,04/10/2021,14 de abril de 2025,237189.00,18ª Vara Cível de Recife,aguardando documentos
1115,2869625-86.2025.7.14.5837,542,cível,execução,ativo,DRA. CAVALCANTE,2022-11-20,12/04/2026,R$ 147.462,9ª Vara Trabalhista de Recife,em negociação
1116,6404948-40.2021.7.68.7161,1105,Trabalhista,sentença,Encerrado,Dra Fontes,3 de maio de 2024,,41828.00,14ª Vara Criminal de Recife,cliente não responde
1117,7687351-51.2022.6.73.6768,610,Civil,execução,active,Dra Fontes,30 de junho de 2022,28 de junho de 2026,R$ 446.379,17ª Vara Cível de Recife,cliente não responde
1118,6416661-36.2021.8.21.8496,685,TRABALHISTA,sentença,appeal,Dra. Cavalcante,09/09/2024,23 de junho de 2026,,8ª Vara Criminal de Recife,cliente não responde
1119,9970343-38.2020.5.18.4483,411,Civil,instrução,encerrado,Dr. Barros,2025-05-11,2026-02-02,149464,7ª Vara Cível de Recife,urgente
1120,4961530-22.2021.4.22.6290,326,trabalhista,audiência,ativo,Dr. Melo,10/05/25,19/05/2025,,13ª Vara Trabalhista de Recife,
1121,3054975-46.2023.4.85.5879,236,TRABALHISTA,execução,Ativo,Dra Fontes,22 de julho de 2024,23/05/2025,272910,11ª Vara Criminal de Recife,
1122,5850223-43.2020.3.81.3185,704,trabalhista,audiência,settlement,dr. melo,21 de abril de 2026,16 de fevereiro de 2026,98666.00,6ª Vara Cível de Recife,cliente não responde
1123,6663627-76.2023.9.26.5770,968,civil,inicial,acordo,Dr. Barros,9 de fevereiro de 2021,24/09/2025,R$ 234.791,18ª Vara Criminal de Recife,
1124,7640585-40.2023.1.57.1721,1262,trabalhista,sentença,suspenso,Dr. Barros,27 de setembro de 2021,16 de setembro de 2025,,3ª Vara Cível de Recife,
1125,8209168-30.2020.1.41.7632,823,TRABALHISTA,inicial,ATIVO,dr. melo,10 de abril de 2026,25 de julho de 2025,R$ 375.164,5ª Vara Trabalhista de Recife,
1126,3754895-37.2021.6.18.8502,749,Trabalhista,inicial,ativo,Dr. Barros,2 de agosto de 2020,2 de junho de 2025,154615.00,3ª Vara Trabalhista de Recife,aguardando documentos
1127,4415624-13.2024.9.14.9480,1161,civil,instrução,encerrado,Dr. Melo,26/10/2024,13/11/26,R$ 168.044,2ª Vara Cível de Recife,urgente
1128,9810112-12.2021.1.97.8847,551,trabalhista,execução,Encerrado,Dra Fontes,2021-10-02,05/01/25,,2ª Vara Trabalhista de Recife,em negociação
1129,1346701-74.2024.1.65.8985,324,TRABALHISTA,audiência,closed,Dr. Barros,25/06/2024,19/04/2025,,4ª Vara Trabalhista de Recife,
1130,8630644-97.2025.3.28.1296,1371,civil,audiência,acordo,Dr. Barros,2020-05-17,21/02/26,481135,10ª Vara Criminal de Recife,cliente não responde
1131,5074974-98.2023.8.21.9881,1376,Civil,arquivado,ativo,Dr. Barros,29/12/23,,,3ª Vara Cível de Recife,urgente
1132,7381740-86.2021.2.88.6570,322,Trabalhista,recurso,ATIVO,DRA. CAVALCANTE,28/02/26,26/05/26,,19ª Vara Criminal de Recife,
1133,4085001-92.2022.6.76.8938,534,Trabalhista,audiência,encerrado,DRA. CAVALCANTE,1 de novembro de 2021,2026-06-27,31074.00,9ª Vara Criminal de Recife,
1134,5116418-16.2025.3.98.2234,1350,Trabalhista,acordo extrajudicial,appeal,Dr. Barros,18/02/25,29/10/25,81273,15ª Vara Criminal de Recife,urgente
1135,3541821-31.2021.8.96.1927,1420,Trabalhista,execução,settlement,Dr. Melo,19 de abril de 2025,13/05/25,382157,5ª Vara Criminal de Recife,em negociação
1136,3724721-44.2021.9.75.5553,433,civil,arquivado,settlement,Dr. Melo,19/01/25,06/11/2026,298096,6ª Vara Criminal de Recife,aguardando documentos
1137,9108785-98.2021.3.78.6687,1186,civil,execução,appeal,Dr. Barros,21/06/2021,2026-05-30,,6ª Vara Trabalhista de Recife,aguardando documentos
1138,8125196-18.2023.1.53.1215,147,Civil,acordo extrajudicial,ativo,DRA. CAVALCANTE,2026-04-28,01/04/25,394744,9ª Vara Criminal de Recife,
1139,5316105-58.2020.3.22.3571,718,Trabalhista,recurso,closed,Dr. Barros,20/03/2023,29/09/25,460693.00,14ª Vara Criminal de Recife,
1140,8530609-10.2021.5.41.7151,491,cível,recurso,Ativo,dr. melo,2023-08-14,07/07/26,,4ª Vara Cível de Recife,aguardando documentos
1141,8905709-90.2020.9.55.2471,151,civil,arquivado,closed,Dr. Barros,17 de junho de 2023,07/04/2025,R$ 407.740,15ª Vara Cível de Recife,urgente
1142,5438623-45.2022.4.51.7250,758,TRABALHISTA,audiência,ativo,Dr. Melo,22/03/20,14 de maio de 2025,R$ 237.671,7ª Vara Cível de Recife,urgente
1143,1966014-66.2022.7.82.2137,928,civil,inicial,suspenso,Dra Fontes,11 de novembro de 2022,11 de fevereiro de 2025,R$ 394.283,20ª Vara Criminal de Recife,urgente
1144,4952151-27.2023.3.38.8762,1359,trabalhista,arquivado,Ativo,Dra. Fontes,10/03/22,22/04/25,R$ 61.428,15ª Vara Criminal de Recife,aguardando documentos
1145,1676369-34.2022.3.47.6087,1080,TRABALHISTA,inicial,suspended,Dr. Barros,16 de fevereiro de 2021,27/12/2025,R$ 307.665,10ª Vara Trabalhista de Recife,em negociação
1146,4961530-22.2021.4.22.6290,1012,Civil,recurso,closed,DRA. CAVALCANTE,01/03/22,14 de março de 2025,R$ 124.390,16ª Vara Trabalhista de Recife,urgente
1147,6003915-30.2025.6.37.7681,1263,Trabalhista,acordo extrajudicial,ativo,Dra. Cavalcante,2024-04-03,2025-02-21,15692.00,16ª Vara Criminal de Recife,urgente
1148,5451988-41.2020.2.82.4041,1358,cível,inicial,ATIVO,Dra Fontes,21 de janeiro de 2020,2026-10-14,124173.00,7ª Vara Cível de Recife,aguardando documentos
1149,2267110-24.2021.5.78.6025,6,trabalhista,arquivado,Ativo,Dra Fontes,2 de maio de 2022,24 de julho de 2026,R$ 439.138,10ª Vara Criminal de Recife,em negociação
1150,3306375-34.2024.9.48.9154,384,TRABALHISTA,audiência,suspended,Dra Fontes,2022-03-07,2025-12-23,,1ª Vara Trabalhista de Recife,
1151,3263740-44.2022.3.81.5402,1235,Trabalhista,execução,em recurso,Dra. Cavalcante,12/05/23,16/09/26,,11ª Vara Criminal de Recife,aguardando documentos
1152,3785792-10.2020.5.78.7940,1335,trabalhista,recurso,Encerrado,dr. melo,14/03/26,2026-08-12,239228.00,15ª Vara Cível de Recife,cliente não responde
1153,4065326-72.2025.8.58.5304,848,civil,inicial,Ativo,Dra Fontes,2023-08-05,2026-07-09,343854.00,3ª Vara Criminal de Recife,aguardando documentos
1154,5112941-62.2021.1.89.5887,928,civil,audiência,suspenso,Dra Fontes,7 de março de 2021,18 de janeiro de 2026,,15ª Vara Criminal de Recife,urgente
1155,4460247-99.2024.9.97.4840,189,civil,recurso,Ativo,dr. melo,19 de janeiro de 2023,25/03/2025,200055,13ª Vara Criminal de Recife,
1156,6935346-77.2024.3.52.9529,759,Trabalhista,audiência,ativo,Dr. Barros,18/02/25,23 de maio de 2025,162737.00,1ª Vara Trabalhista de Recife,aguardando documentos
1157,5217157-98.2020.2.64.4094,1259,Trabalhista,recurso,ativo,Dr. Barros,25/09/2022,,R$ 462.415,10ª Vara Criminal de Recife,urgente
1158,4065326-72.2025.8.58.5304,48,civil,audiência,ativo,Dr. Barros,21/06/22,2026-04-19,R$ 11.654,6ª Vara Criminal de Recife,aguardando documentos
1159,3679963-72.2020.9.29.7859,1006,Trabalhista,sentença,encerrado,Dr. Barros,09/04/2022,,63422,16ª Vara Cível de Recife,em negociação
1160,2884639-86.2023.2.31.8737,885,civil,inicial,Encerrado,Dr. Barros,21 de junho de 2022,16/04/2026,35725.00,19ª Vara Criminal de Recife,em negociação
1161,1557680-16.2021.4.16.4031,962,cível,recurso,ativo,Dr. Barros,01/03/2021,19 de outubro de 2025,,18ª Vara Trabalhista de Recife,
1162,3242098-97.2025.4.44.9916,861,trabalhista,recurso,encerrado,Dr. Barros,16/03/20,17/05/26,R$ 450.389,7ª Vara Trabalhista de Recife,
1163,8588997-88.2020.6.29.5987,826,cível,sentença,Encerrado,Dr. Barros,4 de janeiro de 2025,2026-05-30,127857.00,3ª Vara Trabalhista de Recife,
1164,4584224-94.2025.2.57.2511,682,civil,recurso,ATIVO,Dra. Cavalcante,04/06/22,05/06/2025,176719.00,1ª Vara Criminal de Recife,
1165,4874996-38.2022.9.94.8154,374,TRABALHISTA,instrução,settlement,dr. melo,2022-09-09,07/03/26,R$ 356.329,4ª Vara Trabalhista de Recife,aguardando documentos
1166,7999133-20.2023.7.26.1121,1309,TRABALHISTA,recurso,appeal,Dra. Cavalcante,28 de abril de 2021,18/09/2026,R$ 386.223,19ª Vara Cível de Recife,
1167,3588109-63.2023.1.26.4223,902,Civil,execução,active,Dr. Barros,2023-02-26,03/03/25,291434.00,20ª Vara Trabalhista de Recife,
1168,8368372-34.2020.6.43.9691,1147,Trabalhista,sentença,encerrado,Dra. Cavalcante,12 de novembro de 2024,02/07/2026,447441.00,17ª Vara Cível de Recife,em negociação
1169,5432782-56.2021.2.97.6240,632,TRABALHISTA,arquivado,encerrado,Dr. Barros,28 de janeiro de 2021,2026-04-23,,2ª Vara Criminal de Recife,
1170,8539686-69.2023.4.36.2235,1063,cível,execução,ATIVO,Dr. Barros,17 de fevereiro de 2020,26 de outubro de 2026,373171,6ª Vara Trabalhista de Recife,
1171,7916680-90.2022.1.67.1785,473,trabalhista,audiência,active,Dra. Cavalcante,2020-09-21,17 de junho de 2026,,5ª Vara Criminal de Recife,
1172,8590346-68.2020.7.63.7780,623,TRABALHISTA,instrução,ativo,dr. melo,12/01/2023,2025-12-21,195262.00,1ª Vara Cível de Recife,em negociação
1173,5518767-82.2023.4.96.9873,476,Civil,sentença,em recurso,Dr. Barros,19 de dezembro de 2024,13 de maio de 2026,R$ 307.647,17ª Vara Cível de Recife,
1174,3242098-97.2025.4.44.9916,1350,Trabalhista,execução,ATIVO,DRA. CAVALCANTE,24/03/2022,2025-09-20,278986.00,11ª Vara Criminal de Recife,em negociação
1175,7599278-46.2021.4.96.3535,978,cível,instrução,Encerrado,dr. melo,2024-02-27,2025-04-16,195055,6ª Vara Cível de Recife,urgente
1176,4202942-75.2025.6.91.7611,29,cível,recurso,em recurso,Dra Fontes,2021-04-25,20/06/25,82179,9ª Vara Criminal de Recife,
1177,7848147-32.2021.6.58.3528,419,Trabalhista,arquivado,ATIVO,Dra Fontes,27/08/2023,19/06/2025,469770.00,14ª Vara Criminal de Recife,
1178,3376786-12.2020.7.64.5093,668,Trabalhista,execução,Ativo,Dr. Melo,2025-10-24,27/10/2025,,12ª Vara Criminal de Recife,
1179,2824928-33.2020.1.90.6467,903,cível,acordo extrajudicial,suspended,Dra. Fontes,05/04/2020,11/06/25,,17ª Vara Cível de Recife,
1180,5826200-20.2025.1.91.8748,1103,Trabalhista,arquivado,suspenso,Dr. Barros,11/08/2021,25/12/2026,246269.00,3ª Vara Trabalhista de Recife,
1181,7862554-22.2024.7.83.6459,1303,Trabalhista,recurso,ativo,Dr. Melo,2023-05-16,20 de outubro de 2025,,16ª Vara Cível de Recife,
1182,9970343-38.2020.5.18.4483,1209,civil,audiência,encerrado,Dr. Melo,13 de outubro de 2022,07/07/2026,R$ 83.661,11ª Vara Trabalhista de Recife,cliente não responde
1183,1438459-62.2020.7.78.3410,745,Trabalhista,arquivado,em recurso,Dra Fontes,2023-01-10,07/12/2025,R$ 490.889,5ª Vara Cível de Recife,aguardando documentos
1184,5788467-41.2023.8.93.8134,421,TRABALHISTA,execução,acordo,dr. melo,22 de junho de 2021,5 de dezembro de 2026,276479.00,2ª Vara Criminal de Recife,urgente
1185,8168450-48.2020.2.65.4570,1214,cível,audiência,em recurso,dr. melo,2020-10-31,,R$ 282.495,3ª Vara Trabalhista de Recife,
1186,6034606-21.2023.6.18.6684,1058,civil,sentença,Encerrado,dr. melo,8 de junho de 2025,19 de dezembro de 2026,R$ 398.320,7ª Vara Criminal de Recife,
1187,8209168-30.2020.1.41.7632,772,Trabalhista,sentença,Ativo,Dr. Barros,2023-07-18,5 de dezembro de 2026,117332,18ª Vara Criminal de Recife,aguardando documentos
1188,5035093-45.2021.1.27.3097,1193,Trabalhista,inicial,ativo,Dr. Barros,2025-11-21,,57146,7ª Vara Criminal de Recife,urgente
1189,4721085-96.2020.6.92.9645,501,cível,audiência,ativo,Dr. Melo,2026-04-06,21/10/25,,4ª Vara Cível de Recife,
1190,7820540-78.2023.1.75.4823,1463,TRABALHISTA,recurso,encerrado,Dr. Barros,08/04/26,18/08/2025,44805.00,8ª Vara Criminal de Recife,
1191,3346094-93.2020.2.94.1759,493,cível,acordo extrajudicial,active,Dra Fontes,11/09/2023,20/01/26,296149.00,17ª Vara Criminal de Recife,urgente
1192,6927716-18.2022.9.56.1445,948,cível,recurso,suspended,Dra. Cavalcante,2021-03-05,31/01/26,236087.00,2ª Vara Cível de Recife,cliente não responde
1193,2869625-86.2025.7.14.5837,219,civil,instrução,suspenso,Dra Fontes,08/01/25,18/01/25,,17ª Vara Criminal de Recife,aguardando documentos
1194,9798556-59.2021.3.62.3110,163,cível,inicial,Ativo,Dr. Barros,24 de agosto de 2024,25/09/2025,R$ 458.767,3ª Vara Criminal de Recife,aguardando documentos
1195,7243958-65.2020.5.25.5047,20,trabalhista,inicial,ATIVO,Dra. Cavalcante,17/03/2020,13 de março de 2025,402272,8ª Vara Trabalhista de Recife,em negociação
1196,3724721-44.2021.9.75.5553,348,trabalhista,instrução,suspenso,Dr. Melo,31/05/22,2025-02-02,347189.00,1ª Vara Cível de Recife,em negociação
1197,8749473-21.2020.4.12.9144,568,cível,instrução,Encerrado,Dr. Barros,25/08/22,6 de fevereiro de 2025,473966.00,12ª Vara Cível de Recife,cliente não responde
1198,2895065-46.2022.7.67.1438,1171,TRABALHISTA,audiência,ativo,Dra. Fontes,25/07/22,31/07/25,R$ 103.300,3ª Vara Cível de Recife,
1199,8368255-39.2020.9.60.4414,558,civil,recurso,Encerrado,Dra Fontes,2020-05-25,07/01/2026,R$ 57.688,1ª Vara Criminal de Recife,urgente
1200,5514997-95.2024.1.84.8098,416,cível,execução,active,Dr. Barros,01/01/20,2025-04-06,,8ª Vara Cível de Recife,aguardando documentos
1201,2884639-86.2023.2.31.8737,456,trabalhista,acordo extrajudicial,Encerrado,DRA. CAVALCANTE,12/02/2023,12/09/2026,463014.00,18ª Vara Trabalhista de Recife,
1202,9408522-77.2021.3.36.8376,291,TRABALHISTA,inicial,Encerrado,DRA. CAVALCANTE,13/01/2021,2026-03-17,145503.00,8ª Vara Criminal de Recife,
1203,3418432-84.2025.3.59.5858,1297,Civil,arquivado,ATIVO,dr. melo,2023-03-23,02/03/2025,404914.00,7ª Vara Cível de Recife,
1204,1185885-59.2023.7.19.8433,769,civil,arquivado,ATIVO,Dr. Melo,2020-03-05,25 de abril de 2025,21957.00,13ª Vara Trabalhista de Recife,urgente
1205,7398699-88.2025.6.55.3587,726,Civil,instrução,ativo,Dr. Barros,2024-05-22,2026-11-09,333883,20ª Vara Criminal de Recife,urgente
1206,6011987-71.2020.8.10.4396,871,trabalhista,sentença,encerrado,Dr. Melo,15/01/20,24 de julho de 2026,,8ª Vara Trabalhista de Recife,urgente
1207,8323566-47.2021.3.26.4644,605,Civil,sentença,encerrado,dr. melo,05/04/25,20 de agosto de 2026,38778,19ª Vara Trabalhista de Recife,
1208,7381740-86.2021.2.88.6570,1147,civil,inicial,active,Dr. Barros,2024-10-13,25/12/25,482768,15ª Vara Criminal de Recife,
1209,8125196-18.2023.1.53.1215,521,TRABALHISTA,inicial,em recurso,Dra. Cavalcante,11 de abril de 2020,13/06/25,66041,10ª Vara Trabalhista de Recife,
1210,4326518-76.2023.4.36.8530,406,civil,execução,ativo,Dra Fontes,2021-04-05,15/03/2026,180964,3ª Vara Cível de Recife,
1211,4768255-51.2022.4.94.5695,192,TRABALHISTA,sentença,ativo,Dr. Barros,14/02/26,,,9ª Vara Criminal de Recife,
1212,7848147-32.2021.6.58.3528,796,TRABALHISTA,audiência,appeal,Dr. Melo,28/02/2026,18/06/2025,,1ª Vara Criminal de Recife,
1213,5266269-78.2021.7.59.1392,867,TRABALHISTA,sentença,ATIVO,Dra. Cavalcante,6 de setembro de 2020,27/01/26,,9ª Vara Trabalhista de Recife,aguardando documentos
1214,8286828-70.2022.9.31.8012,784,Civil,execução,suspended,Dr. Melo,2023-12-16,,469361,19ª Vara Criminal de Recife,aguardando documentos
1215,5614769-67.2022.9.87.1001,730,civil,arquivado,ativo,Dr. Barros,05/05/21,,334589.00,8ª Vara Criminal de Recife,cliente não responde
1216,1676369-34.2022.3.47.6087,661,trabalhista,recurso,Ativo,Dr. Melo,30/01/2022,20 de novembro de 2026,300918.00,12ª Vara Cível de Recife,aguardando documentos
1217,7539718-58.2020.2.52.9800,1239,Civil,inicial,active,Dra. Fontes,08/11/2024,2025-01-16,477518,4ª Vara Criminal de Recife,urgente
1218,2554938-48.2024.1.13.4544,973,TRABALHISTA,instrução,ativo,Dr. Barros,18/05/2021,03/12/2025,,20ª Vara Trabalhista de Recife,urgente
1219,8843990-84.2020.6.68.3017,628,Trabalhista,inicial,ATIVO,dr. melo,2024-11-22,30/04/25,,18ª Vara Criminal de Recife,
1220,3766710-17.2025.4.91.1472,239,Trabalhista,arquivado,Ativo,DRA. CAVALCANTE,2025-07-21,19 de novembro de 2025,,6ª Vara Criminal de Recife,urgente
1221,8986773-71.2022.6.45.5854,343,trabalhista,inicial,acordo,Dra Fontes,19/02/22,12/10/2026,,4ª Vara Trabalhista de Recife,
1222,6476769-27.2021.5.22.2570,479,trabalhista,acordo extrajudicial,settlement,Dr. Melo,14/06/2024,2025-08-25,,14ª Vara Cível de Recife,
1223,2545435-52.2025.3.59.7623,1285,cível,acordo extrajudicial,encerrado,Dra. Cavalcante,31/01/20,2025-10-02,,7ª Vara Trabalhista de Recife,
1224,4874996-38.2022.9.94.8154,93,trabalhista,execução,encerrado,Dra. Cavalcante,2022-02-28,12/07/25,,14ª Vara Cível de Recife,
1225,4180949-86.2020.3.26.7593,588,TRABALHISTA,inicial,ativo,Dr. Barros,28/12/24,18 de abril de 2026,389295,4ª Vara Trabalhista de Recife,em negociação
1226,1784068-27.2021.3.12.2538,715,Civil,recurso,ativo,Dra Fontes,20/09/2020,10/02/26,,1ª Vara Criminal de Recife,em negociação
1227,5239450-56.2022.7.99.2371,1071,trabalhista,inicial,acordo,Dra. Fontes,25/05/21,15/11/26,,14ª Vara Cível de Recife,aguardando documentos
1228,1614850-25.2020.8.85.3161,97,civil,sentença,acordo,Dr. Melo,26 de fevereiro de 2023,2026-02-16,414861.00,7ª Vara Trabalhista de Recife,cliente não responde
1229,5316105-58.2020.3.22.3571,70,trabalhista,recurso,ativo,Dr. Barros,2020-11-16,19/07/2025,R$ 241.675,19ª Vara Criminal de Recife,
1230,7687292-20.2021.4.85.7539,15,Civil,recurso,settlement,Dr. Melo,14/01/20,2026-10-20,,16ª Vara Trabalhista de Recife,
1231,6105303-92.2021.4.39.3868,379,trabalhista,instrução,encerrado,Dr. Barros,13/04/2022,2026-05-02,89601.00,12ª Vara Trabalhista de Recife,
1232,8129073-22.2024.4.16.9656,1188,Civil,inicial,suspended,Dra. Fontes,17/12/21,12 de fevereiro de 2026,R$ 346.659,3ª Vara Criminal de Recife,urgente
1233,3785792-10.2020.5.78.7940,1068,TRABALHISTA,sentença,ativo,Dr. Melo,23/09/2025,05/09/2026,367242,1ª Vara Trabalhista de Recife,cliente não responde
1234,9573194-21.2022.1.35.8352,509,TRABALHISTA,instrução,encerrado,Dra Fontes,2021-12-12,2026-11-17,320483,2ª Vara Criminal de Recife,
1235,7419280-60.2021.1.40.9417,918,Civil,audiência,closed,Dr. Barros,20/10/2022,8 de setembro de 2025,R$ 82.932,15ª Vara Cível de Recife,cliente não responde
1236,7515318-25.2024.4.34.6280,1048,civil,audiência,ativo,Dra. Cavalcante,3 de novembro de 2024,2026-11-20,,18ª Vara Cível de Recife,
1237,7245951-43.2021.4.11.7623,1180,TRABALHISTA,inicial,acordo,Dra Fontes,12/12/2020,2025-03-21,,6ª Vara Cível de Recife,aguardando documentos
1238,3821719-15.2025.2.86.2518,860,Civil,execução,suspenso,Dra Fontes,25/08/2025,2025-07-10,,16ª Vara Cível de Recife,em negociação
1239,7722274-26.2024.9.14.7062,926,TRABALHISTA,arquivado,ativo,Dr. Melo,10 de fevereiro de 2022,28/10/26,375093.00,12ª Vara Trabalhista de Recife,
1240,6953559-38.2025.7.42.9212,1430,cível,recurso,ativo,dr. melo,27 de agosto de 2024,2026-12-27,442414,3ª Vara Criminal de Recife,
1241,5991409-16.2021.8.44.1303,454,TRABALHISTA,acordo extrajudicial,Ativo,Dra Fontes,24 de julho de 2025,2026-01-06,R$ 182.837,3ª Vara Criminal de Recife,cliente não responde
1242,1974389-81.2024.5.57.9354,1430,TRABALHISTA,execução,em recurso,dr. melo,2026-01-26,2025-06-20,24677,9ª Vara Trabalhista de Recife,
1243,1101935-78.2023.5.88.5299,374,TRABALHISTA,inicial,ATIVO,Dra Fontes,28 de setembro de 2021,2026-05-06,418916.00,4ª Vara Criminal de Recife,
1244,1099617-37.2023.9.61.1793,898,trabalhista,execução,ativo,Dr. Barros,11 de janeiro de 2020,05/06/2026,R$ 138.935,20ª Vara Criminal de Recife,
1245,1974389-81.2024.5.57.9354,1498,Civil,instrução,Encerrado,DRA. CAVALCANTE,2020-03-03,15 de abril de 2025,R$ 459.361,3ª Vara Cível de Recife,
1246,8588997-88.2020.6.29.5987,623,trabalhista,audiência,active,Dra Fontes,06/04/23,13/02/2025,240043,11ª Vara Trabalhista de Recife,
1247,7687292-20.2021.4.85.7539,775,Trabalhista,instrução,em recurso,Dr. Barros,14 de fevereiro de 2020,14 de novembro de 2026,416155,2ª Vara Trabalhista de Recife,
1248,4687348-31.2023.1.92.6907,431,civil,arquivado,settlement,Dr. Melo,28/01/20,18 de março de 2026,218920.00,7ª Vara Cível de Recife,urgente
1249,5316105-58.2020.3.22.3571,832,Trabalhista,execução,ativo,Dr. Barros,2023-04-10,21 de janeiro de 2026,49366,8ª Vara Criminal de Recife,em negociação
1250,6036037-32.2025.3.53.7515,1270,Civil,audiência,ativo,Dra Fontes,22/01/2024,18 de janeiro de 2025,,12ª Vara Cível de Recife,
1251,2480014-80.2024.2.29.9847,1120,Trabalhista,arquivado,suspended,dr. melo,27/06/24,21/02/2025,402304.00,4ª Vara Trabalhista de Recife,cliente não responde
1252,5116418-16.2025.3.98.2234,396,trabalhista,acordo extrajudicial,ativo,dr. melo,01/12/2022,22 de maio de 2025,,6ª Vara Cível de Recife,cliente não responde
1253,4768255-51.2022.4.94.5695,1244,civil,execução,em recurso,dr. melo,01/06/22,2025-03-13,450572,15ª Vara Criminal de Recife,aguardando documentos
1254,7786207-82.2024.2.92.5696,63,TRABALHISTA,audiência,active,Dr. Barros,30 de junho de 2024,25 de julho de 2026,R$ 35.094,12ª Vara Trabalhista de Recife,em negociação
1255,9774395-92.2023.2.75.3192,406,Trabalhista,audiência,ativo,Dra. Cavalcante,23 de março de 2021,23/02/25,,16ª Vara Criminal de Recife,
1256,1633270-27.2024.2.52.7034,1345,Trabalhista,sentença,em recurso,Dr. Barros,16/01/23,28 de janeiro de 2026,,11ª Vara Trabalhista de Recife,aguardando documentos
1257,9666878-83.2023.6.29.9905,271,cível,audiência,ativo,dr. melo,17 de dezembro de 2022,17/06/25,R$ 298.505,19ª Vara Trabalhista de Recife,urgente
1258,3260101-88.2022.8.37.9169,572,trabalhista,arquivado,closed,Dr. Barros,17 de junho de 2025,14 de julho de 2026,321845.00,17ª Vara Trabalhista de Recife,
1259,6992158-64.2024.5.43.7750,162,civil,audiência,settlement,Dra. Fontes,05/06/20,01/10/26,419163,15ª Vara Trabalhista de Recife,
1260,1757615-27.2025.7.10.3762,110,trabalhista,execução,ativo,DRA. CAVALCANTE,21/01/23,4 de junho de 2025,320395,15ª Vara Criminal de Recife,
1261,9804642-71.2024.4.76.5486,974,civil,audiência,acordo,Dra Fontes,5 de janeiro de 2021,09/09/2025,R$ 423.301,18ª Vara Cível de Recife,aguardando documentos
1262,9573194-21.2022.1.35.8352,468,TRABALHISTA,inicial,Ativo,Dra. Cavalcante,12/04/26,17 de janeiro de 2026,,1ª Vara Cível de Recife,
1263,7141324-67.2025.3.86.3413,1340,cível,audiência,em recurso,Dr. Barros,2024-05-31,8 de abril de 2026,,3ª Vara Trabalhista de Recife,em negociação
1264,7320713-89.2022.3.68.7881,138,trabalhista,arquivado,Encerrado,Dr. Barros,5 de dezembro de 2024,25 de junho de 2026,R$ 126.861,7ª Vara Criminal de Recife,
1265,5462435-11.2024.9.85.2977,22,trabalhista,sentença,em recurso,Dr. Barros,26/05/23,22 de setembro de 2026,,9ª Vara Criminal de Recife,urgente
1266,4433355-55.2023.8.48.9346,63,trabalhista,execução,Ativo,Dr. Barros,2023-01-06,12/09/25,345703.00,4ª Vara Criminal de Recife,urgente
1267,9953454-93.2020.2.52.5723,349,cível,instrução,active,Dr. Melo,24/12/2021,2026-09-23,486237.00,19ª Vara Cível de Recife,em negociação
1268,3724721-44.2021.9.75.5553,728,TRABALHISTA,inicial,appeal,DRA. CAVALCANTE,2023-03-29,13 de fevereiro de 2026,318874.00,7ª Vara Cível de Recife,
1269,5850223-43.2020.3.81.3185,273,civil,instrução,settlement,dr. melo,07/07/2023,01/12/25,,6ª Vara Trabalhista de Recife,urgente
1270,2016341-89.2023.7.48.2724,1169,trabalhista,recurso,em recurso,Dra. Fontes,08/09/23,23/09/26,294098,11ª Vara Trabalhista de Recife,urgente
1271,6416661-36.2021.8.21.8496,172,Trabalhista,audiência,ativo,Dr. Barros,2020-08-05,16/10/2025,,6ª Vara Criminal de Recife,urgente
1272,2753004-76.2021.8.83.9874,288,Civil,audiência,em recurso,Dr. Barros,22 de janeiro de 2024,2025-03-07,120543,15ª Vara Criminal de Recife,
1273,5492622-29.2021.9.92.7737,534,Trabalhista,instrução,settlement,Dr. Melo,2025-10-02,24/12/2026,438772,11ª Vara Criminal de Recife,
1274,2966787-79.2022.1.41.9944,703,trabalhista,inicial,ativo,Dr. Barros,26 de julho de 2025,08/06/2026,270700,11ª Vara Cível de Recife,
1275,5996426-23.2022.8.20.3566,527,TRABALHISTA,instrução,active,dr. melo,22/08/25,21/11/2025,R$ 285.848,2ª Vara Trabalhista de Recife,cliente não responde
1276,5850223-43.2020.3.81.3185,552,Trabalhista,instrução,ativo,DRA. CAVALCANTE,21/06/2021,,,4ª Vara Criminal de Recife,em negociação
1277,2545435-52.2025.3.59.7623,715,trabalhista,sentença,ativo,Dra Fontes,2023-09-06,2025-01-02,203487,20ª Vara Trabalhista de Recife,
1278,3785792-10.2020.5.78.7940,262,Trabalhista,execução,ativo,DRA. CAVALCANTE,10/03/2020,,R$ 482.633,19ª Vara Trabalhista de Recife,
1279,2118934-75.2023.5.97.9563,1148,trabalhista,audiência,encerrado,Dr. Melo,2022-02-12,2025-02-08,R$ 388.325,20ª Vara Cível de Recife,urgente
1280,6334947-38.2020.4.71.6173,52,Trabalhista,audiência,Ativo,DRA. CAVALCANTE,19 de novembro de 2023,2026-01-27,266004,12ª Vara Criminal de Recife,urgente
1281,6524227-53.2025.1.97.6214,1417,trabalhista,execução,appeal,Dra. Fontes,30 de abril de 2022,,287851,18ª Vara Trabalhista de Recife,aguardando documentos
1282,7236875-79.2024.7.97.5566,1085,Trabalhista,acordo extrajudicial,ativo,DRA. CAVALCANTE,7 de janeiro de 2022,2026-06-06,276807.00,12ª Vara Criminal de Recife,cliente não responde
1283,5271615-59.2021.2.54.6844,1394,TRABALHISTA,acordo extrajudicial,settlement,Dr. Melo,12/04/2023,2026-03-06,,7ª Vara Cível de Recife,urgente
1284,5159882-37.2022.9.71.7550,1095,Civil,audiência,ativo,Dra Fontes,06/08/2020,20/07/2026,R$ 259.613,9ª Vara Trabalhista de Recife,em negociação
1285,5266269-78.2021.7.59.1392,97,Civil,inicial,ativo,Dra. Fontes,21/06/2024,30/06/26,R$ 104.689,5ª Vara Trabalhista de Recife,cliente não responde
1286,8220628-15.2021.8.54.9077,551,Trabalhista,recurso,ativo,Dra Fontes,18 de fevereiro de 2021,24/03/2025,R$ 35.369,16ª Vara Cível de Recife,aguardando documentos
1287,1557680-16.2021.4.16.4031,1330,Trabalhista,execução,encerrado,Dr. Barros,28/05/2021,26 de março de 2025,225356.00,16ª Vara Criminal de Recife,aguardando documentos
1288,9057219-99.2020.9.96.3254,710,TRABALHISTA,arquivado,suspended,DRA. CAVALCANTE,10/02/2024,19/12/2026,R$ 363.975,1ª Vara Cível de Recife,cliente não responde
1289,3306375-34.2024.9.48.9154,164,trabalhista,audiência,appeal,Dra. Cavalcante,10 de outubro de 2021,17/02/2025,,9ª Vara Cível de Recife,
1290,9804642-71.2024.4.76.5486,774,Civil,recurso,ativo,Dr. Barros,29/01/21,2025-05-24,443711,16ª Vara Cível de Recife,
1291,9953454-93.2020.2.52.5723,99,civil,acordo extrajudicial,Encerrado,Dr. Barros,28/08/2022,2026-04-10,69093.00,15ª Vara Cível de Recife,em negociação
1292,4140100-24.2024.4.63.7178,53,TRABALHISTA,instrução,acordo,Dr. Melo,24/01/21,20 de dezembro de 2025,,18ª Vara Criminal de Recife,
1293,1237577-83.2022.8.91.4649,747,cível,recurso,ativo,Dr. Melo,10 de julho de 2022,18/04/26,488051,20ª Vara Cível de Recife,em negociação
1294,5116418-16.2025.3.98.2234,1195,Trabalhista,execução,em recurso,Dra Fontes,20/01/26,16/02/26,409180.00,11ª Vara Cível de Recife,
1295,6836135-90.2022.9.37.5643,435,Civil,inicial,ativo,Dr. Barros,11/03/25,03/01/2025,188245,15ª Vara Trabalhista de Recife,
1296,5753123-52.2021.4.48.4042,1262,Civil,arquivado,ativo,Dra. Cavalcante,13/05/2022,16/12/2025,R$ 434.180,7ª Vara Trabalhista de Recife,aguardando documentos
1297,8905709-90.2020.9.55.2471,184,trabalhista,recurso,encerrado,Dr. Barros,13 de outubro de 2022,12/07/2026,397524.00,3ª Vara Cível de Recife,
1298,8717678-27.2025.5.11.4526,753,Civil,recurso,ativo,dr. melo,3 de setembro de 2020,23 de novembro de 2025,R$ 53.630,4ª Vara Criminal de Recife,urgente
1299,5422047-80.2024.8.62.4364,217,cível,acordo extrajudicial,ativo,Dra. Cavalcante,29 de agosto de 2024,27/08/25,,7ª Vara Criminal de Recife,urgente
1300,2129757-49.2025.4.14.5657,149,TRABALHISTA,arquivado,ativo,Dr. Melo,27/12/25,23 de outubro de 2026,392016.00,16ª Vara Cível de Recife,
1301,3542799-64.2025.6.13.7299,637,cível,recurso,ativo,DRA. CAVALCANTE,26 de março de 2025,10/07/25,,16ª Vara Cível de Recife,cliente não responde
1302,9489806-94.2021.2.55.9162,766,TRABALHISTA,inicial,encerrado,Dr. Barros,08/07/22,2026-11-16,392762.00,1ª Vara Criminal de Recife,
1303,8183950-10.2021.5.84.9388,1324,Trabalhista,instrução,active,Dra Fontes,2023-12-09,10 de abril de 2025,R$ 391.622,2ª Vara Criminal de Recife,
1304,4584224-94.2025.2.57.2511,1007,Civil,instrução,suspenso,Dr. Barros,09/01/21,20/10/26,R$ 455.095,3ª Vara Trabalhista de Recife,
1305,4493339-70.2021.7.17.8725,1400,TRABALHISTA,instrução,ativo,Dr. Barros,07/08/2023,23 de fevereiro de 2026,R$ 420.010,19ª Vara Criminal de Recife,
1306,6254488-31.2024.9.48.3216,172,Civil,execução,em recurso,Dra. Fontes,18 de abril de 2022,26 de novembro de 2025,,20ª Vara Criminal de Recife,em negociação
1307,6686912-30.2025.4.68.7078,583,trabalhista,execução,encerrado,dr. melo,2021-01-20,20 de abril de 2026,262306,1ª Vara Criminal de Recife,urgente
1308,1101935-78.2023.5.88.5299,1024,trabalhista,sentença,settlement,Dra. Fontes,19 de maio de 2024,6 de novembro de 2025,311027.00,6ª Vara Criminal de Recife,cliente não responde
1309,5271615-59.2021.2.54.6844,83,Civil,sentença,settlement,dr. melo,26/03/2024,2026-05-04,103170,5ª Vara Criminal de Recife,em negociação
1310,2909764-51.2025.7.78.2223,953,TRABALHISTA,execução,Encerrado,Dra. Fontes,29 de janeiro de 2020,17 de abril de 2025,,11ª Vara Criminal de Recife,
1311,3418432-84.2025.3.59.5858,265,TRABALHISTA,audiência,settlement,Dr. Barros,15/04/21,02/07/2025,R$ 246.893,5ª Vara Criminal de Recife,aguardando documentos
1312,7381740-86.2021.2.88.6570,672,Trabalhista,inicial,acordo,Dra Fontes,1 de setembro de 2023,,141218.00,14ª Vara Trabalhista de Recife,
1313,4874996-38.2022.9.94.8154,942,civil,recurso,settlement,Dra. Fontes,02/05/21,23/03/2026,108026,18ª Vara Cível de Recife,cliente não responde
1314,8157599-64.2024.2.89.5276,525,trabalhista,instrução,ATIVO,dr. melo,3 de maio de 2024,2026-11-11,428061.00,14ª Vara Criminal de Recife,em negociação
1315,5826200-20.2025.1.91.8748,638,civil,instrução,ativo,dr. melo,2021-02-26,16/08/2026,,19ª Vara Criminal de Recife,cliente não responde
1316,1557680-16.2021.4.16.4031,163,cível,audiência,suspended,Dra. Fontes,2025-10-30,28/07/2026,75605.00,15ª Vara Trabalhista de Recife,cliente não responde
1317,5274951-77.2021.1.76.5120,659,Trabalhista,recurso,Encerrado,DRA. CAVALCANTE,19/01/2020,9 de abril de 2025,482130,17ª Vara Cível de Recife,cliente não responde
1318,2519059-58.2022.7.86.4385,59,trabalhista,arquivado,suspended,Dr. Melo,2022-12-06,12 de setembro de 2026,R$ 159.883,15ª Vara Trabalhista de Recife,
1319,3675188-38.2025.9.53.3305,260,Trabalhista,acordo extrajudicial,ativo,DRA. CAVALCANTE,14 de junho de 2021,2025-06-22,R$ 172.901,2ª Vara Cível de Recife,aguardando documentos
1320,4460247-99.2024.9.97.4840,748,Trabalhista,inicial,ativo,Dra. Cavalcante,29 de janeiro de 2020,01/01/2025,R$ 244.109,17ª Vara Criminal de Recife,urgente
1321,7323234-16.2020.9.59.5035,329,civil,inicial,suspenso,Dra. Fontes,2025-02-03,,,6ª Vara Cível de Recife,em negociação
1322,5753123-52.2021.4.48.4042,1209,TRABALHISTA,sentença,ativo,Dr. Barros,7 de abril de 2021,12/03/25,370334.00,1ª Vara Criminal de Recife,
1323,1237577-83.2022.8.91.4649,275,Trabalhista,sentença,suspended,dr. melo,2026-04-07,2025-12-07,,18ª Vara Criminal de Recife,em negociação
1324,2554938-48.2024.1.13.4544,1108,Trabalhista,audiência,encerrado,dr. melo,09/12/23,2025-02-24,R$ 125.429,12ª Vara Criminal de Recife,aguardando documentos
1325,7065068-16.2021.7.14.6489,933,cível,execução,suspenso,Dra. Fontes,26/06/24,26/10/2026,47805.00,11ª Vara Criminal de Recife,urgente
1326,5483975-50.2024.8.92.4422,426,Trabalhista,arquivado,ativo,Dr. Barros,19/12/2020,23/08/2026,454986,14ª Vara Trabalhista de Recife,aguardando documentos
1327,4824419-32.2024.5.47.3265,1285,Trabalhista,sentença,suspended,Dr. Melo,16/03/2025,05/06/2026,451069.00,18ª Vara Criminal de Recife,
1328,3667022-35.2020.9.76.3115,1283,cível,audiência,suspended,dr. melo,14 de outubro de 2025,11/05/26,R$ 446.276,6ª Vara Criminal de Recife,em negociação
1329,5422047-80.2024.8.62.4364,815,Trabalhista,acordo extrajudicial,ATIVO,Dr. Melo,29/01/22,27/02/2025,,7ª Vara Criminal de Recife,cliente não responde
1330,3675188-38.2025.9.53.3305,915,Trabalhista,sentença,Ativo,Dr. Barros,14 de setembro de 2023,16/12/26,17840,20ª Vara Criminal de Recife,
1331,3679963-72.2020.9.29.7859,213,Trabalhista,sentença,Ativo,Dra. Cavalcante,14 de maio de 2022,06/06/25,343439,2ª Vara Cível de Recife,
1332,7948577-74.2025.1.60.7583,238,TRABALHISTA,sentença,active,Dra Fontes,2023-06-16,12/03/2026,,10ª Vara Criminal de Recife,urgente
1333,4229107-99.2020.7.61.3978,592,TRABALHISTA,inicial,ativo,Dra. Fontes,16/12/2025,2026-03-27,321260.00,2ª Vara Criminal de Recife,cliente não responde
1334,2675642-32.2022.8.65.5499,512,Trabalhista,execução,acordo,Dra Fontes,25/11/20,2025-09-28,85730.00,19ª Vara Trabalhista de Recife,
1335,5214684-96.2020.6.84.9986,511,TRABALHISTA,acordo extrajudicial,em recurso,Dr. Barros,28/03/24,06/04/26,,13ª Vara Criminal de Recife,
1336,1093623-59.2025.7.92.5441,1485,TRABALHISTA,acordo extrajudicial,ativo,dr. melo,20/11/2025,15/02/26,R$ 252.975,2ª Vara Cível de Recife,
1337,8539686-69.2023.4.36.2235,722,TRABALHISTA,audiência,acordo,dr. melo,18/10/22,01/04/26,333559,15ª Vara Cível de Recife,
1338,9666878-83.2023.6.29.9905,1412,Civil,audiência,settlement,Dr. Melo,28/04/2024,20 de julho de 2025,321333.00,17ª Vara Cível de Recife,aguardando documentos
1339,9822459-92.2024.8.17.6403,1328,trabalhista,audiência,closed,Dra Fontes,2023-11-27,2025-10-14,R$ 497.415,5ª Vara Trabalhista de Recife,
1340,3242098-97.2025.4.44.9916,1368,TRABALHISTA,instrução,ativo,Dra. Cavalcante,30/10/25,,,7ª Vara Trabalhista de Recife,
1341,6836135-90.2022.9.37.5643,1118,cível,sentença,ativo,DRA. CAVALCANTE,01/12/24,2025-09-22,,20ª Vara Cível de Recife,cliente não responde
1342,5074974-98.2023.8.21.9881,983,Trabalhista,arquivado,Encerrado,Dra. Fontes,29/11/2020,3 de abril de 2025,386248,18ª Vara Trabalhista de Recife,
1343,3464073-25.2022.8.73.5075,1267,Trabalhista,sentença,ativo,DRA. CAVALCANTE,02/10/2020,03/04/2026,R$ 455.646,5ª Vara Trabalhista de Recife,
1344,5660649-86.2020.5.86.9291,653,Civil,sentença,encerrado,Dr. Melo,17 de dezembro de 2025,06/11/25,,19ª Vara Trabalhista de Recife,
1345,6992158-64.2024.5.43.7750,193,TRABALHISTA,recurso,suspended,Dra. Cavalcante,22/05/20,5 de setembro de 2025,R$ 414.622,19ª Vara Trabalhista de Recife,
1346,1024421-54.2022.9.20.2563,484,Civil,recurso,acordo,Dr. Barros,23 de dezembro de 2021,11/12/2026,187205,3ª Vara Cível de Recife,em negociação
1347,4061044-97.2023.7.99.3676,367,Civil,audiência,ativo,Dra. Fontes,24/02/2021,2025-10-17,,5ª Vara Cível de Recife,
1348,5703772-88.2020.8.34.6114,526,trabalhista,inicial,active,Dra. Cavalcante,06/04/24,,126852,7ª Vara Cível de Recife,
1349,1557680-16.2021.4.16.4031,851,trabalhista,recurso,ativo,Dr. Barros,03/10/2022,12/02/26,,6ª Vara Trabalhista de Recife,
1350,1185885-59.2023.7.19.8433,738,Civil,audiência,encerrado,Dra. Fontes,25/01/21,2026-10-28,488911.00,10ª Vara Criminal de Recife,
1351,1621418-87.2020.9.55.9337,796,Trabalhista,recurso,active,Dr. Barros,29/09/23,2026-04-27,472445,8ª Vara Cível de Recife,em negociação
1352,5050722-10.2024.8.29.4298,158,trabalhista,inicial,closed,Dr. Melo,26/12/22,2026-06-28,R$ 337.691,2ª Vara Criminal de Recife,urgente
1353,4415624-13.2024.9.14.9480,767,cível,recurso,ativo,Dra. Fontes,2023-10-01,2 de janeiro de 2026,199319.00,18ª Vara Trabalhista de Recife,
1354,8306601-19.2020.3.50.7457,1155,Civil,inicial,ativo,Dr. Barros,28/06/2020,4 de janeiro de 2026,R$ 437.860,15ª Vara Criminal de Recife,cliente não responde
1355,4064382-39.2022.4.13.8937,832,civil,inicial,Encerrado,dr. melo,30 de maio de 2023,15/01/2026,13136,13ª Vara Trabalhista de Recife,em negociação
1356,1784068-27.2021.3.12.2538,1057,Trabalhista,audiência,active,Dr. Barros,2025-12-30,28 de agosto de 2026,R$ 378.162,7ª Vara Cível de Recife,
1357,3510061-32.2020.9.13.4424,87,trabalhista,inicial,acordo,Dr. Melo,23/06/2024,07/03/2025,,8ª Vara Trabalhista de Recife,em negociação
1358,5462435-11.2024.9.85.2977,697,Trabalhista,execução,encerrado,Dra. Cavalcante,25 de agosto de 2021,7 de junho de 2025,R$ 80.714,4ª Vara Trabalhista de Recife,
1359,6982910-41.2023.8.91.8758,270,Civil,sentença,settlement,dr. melo,2021-08-19,2026-09-01,R$ 16.722,2ª Vara Cível de Recife,
1360,7848147-32.2021.6.58.3528,391,TRABALHISTA,sentença,suspenso,Dr. Barros,2022-12-20,07/12/2025,443396.00,11ª Vara Cível de Recife,em negociação
1361,8892606-62.2022.2.87.2168,1238,TRABALHISTA,acordo extrajudicial,Ativo,Dra. Cavalcante,09/08/2024,15/10/25,202054,18ª Vara Criminal de Recife,em negociação
1362,1237577-83.2022.8.91.4649,939,trabalhista,instrução,ATIVO,Dr. Barros,31 de janeiro de 2023,,341560.00,8ª Vara Cível de Recife,urgente
1363,8655267-17.2025.3.63.4188,264,trabalhista,audiência,encerrado,Dra. Cavalcante,28 de setembro de 2024,17 de junho de 2025,R$ 493.909,6ª Vara Criminal de Recife,
1364,5432782-56.2021.2.97.6240,658,Trabalhista,acordo extrajudicial,encerrado,Dra Fontes,11 de março de 2022,06/07/25,38569,6ª Vara Criminal de Recife,
1365,9108785-98.2021.3.78.6687,382,cível,recurso,suspended,Dra. Fontes,2025-11-08,2025-03-26,R$ 175.619,11ª Vara Criminal de Recife,
1366,3306375-34.2024.9.48.9154,297,Trabalhista,execução,encerrado,Dr. Melo,22/06/20,05/12/2026,95056,6ª Vara Cível de Recife,aguardando documentos
1367,5614769-67.2022.9.87.1001,516,TRABALHISTA,inicial,ATIVO,Dra Fontes,09/11/2025,2026-10-23,463480,9ª Vara Trabalhista de Recife,
1368,5661974-14.2020.6.39.3137,1257,trabalhista,execução,em recurso,Dra Fontes,2021-04-07,21/07/25,R$ 386.371,17ª Vara Trabalhista de Recife,aguardando documentos
1369,9071705-28.2021.9.78.4746,1193,cível,inicial,ATIVO,Dra. Cavalcante,26/10/2023,03/02/25,304044,17ª Vara Criminal de Recife,
1370,2895065-46.2022.7.67.1438,977,trabalhista,recurso,suspenso,Dr. Barros,27/02/20,,,17ª Vara Trabalhista de Recife,urgente
1371,1557680-16.2021.4.16.4031,935,TRABALHISTA,sentença,settlement,DRA. CAVALCANTE,5 de fevereiro de 2021,13/09/25,204661.00,19ª Vara Cível de Recife,cliente não responde
1372,5159219-49.2023.5.25.3676,939,Trabalhista,audiência,ativo,Dr. Barros,17/06/21,13/01/26,59160.00,12ª Vara Criminal de Recife,urgente
1373,5124342-11.2025.5.50.6107,1339,civil,arquivado,settlement,Dr. Barros,29/07/2024,23/10/2026,438798,11ª Vara Criminal de Recife,urgente
1374,9302979-43.2025.9.68.7487,991,trabalhista,arquivado,active,Dra. Fontes,28/12/22,23/10/25,,9ª Vara Criminal de Recife,cliente não responde
1375,8066975-72.2023.7.26.7675,288,Trabalhista,execução,ativo,Dra. Cavalcante,2022-06-22,2025-03-02,471422,4ª Vara Cível de Recife,aguardando documentos
1376,1311508-84.2020.3.38.8512,687,cível,inicial,ativo,Dra. Fontes,04/02/24,2025-03-21,,19ª Vara Trabalhista de Recife,
1377,2019436-32.2020.6.16.9856,1125,civil,acordo extrajudicial,ativo,Dr. Barros,10/04/2024,17 de junho de 2025,,15ª Vara Criminal de Recife,
1378,7840442-26.2025.9.53.5093,82,Trabalhista,instrução,encerrado,Dr. Melo,07/07/2021,24/10/2025,R$ 340.633,4ª Vara Criminal de Recife,aguardando documentos
1379,7320713-89.2022.3.68.7881,630,civil,execução,ativo,dr. melo,11/10/20,05/11/2026,371284.00,19ª Vara Cível de Recife,
1380,2575202-50.2023.1.54.9627,1165,civil,execução,em recurso,Dr. Barros,2020-08-19,2025-03-29,356925,3ª Vara Cível de Recife,em negociação
1381,7065068-16.2021.7.14.6489,759,trabalhista,audiência,ativo,Dra. Cavalcante,8 de novembro de 2025,17/07/26,,12ª Vara Criminal de Recife,
1382,5747786-52.2023.7.30.3750,238,cível,audiência,acordo,Dra. Fontes,21 de outubro de 2020,22/01/25,,2ª Vara Criminal de Recife,
1383,1311508-84.2020.3.38.8512,702,cível,instrução,appeal,Dr. Barros,04/03/2021,06/05/2025,,9ª Vara Cível de Recife,em negociação
1384,4460247-99.2024.9.97.4840,1263,Civil,inicial,em recurso,Dra. Cavalcante,28/05/24,08/03/26,R$ 462.842,12ª Vara Cível de Recife,
1385,3346094-93.2020.2.94.1759,74,trabalhista,instrução,encerrado,Dra Fontes,04/02/22,2026-03-26,344712,6ª Vara Trabalhista de Recife,
1386,8381610-96.2020.6.26.2533,1060,Trabalhista,arquivado,ativo,Dr. Melo,09/06/2021,2025-08-24,R$ 357.401,19ª Vara Cível de Recife,em negociação
1387,4601686-30.2021.5.52.7745,551,civil,sentença,active,Dra. Cavalcante,24 de janeiro de 2025,2025-04-24,R$ 420.474,10ª Vara Criminal de Recife,
1388,1966014-66.2022.7.82.2137,1455,cível,audiência,acordo,Dr. Barros,2022-12-20,02/11/25,228542,16ª Vara Cível de Recife,aguardando documentos
1389,9398629-61.2022.5.88.8253,888,TRABALHISTA,instrução,Encerrado,dr. melo,6 de dezembro de 2020,,R$ 94.684,5ª Vara Trabalhista de Recife,
1390,3679963-72.2020.9.29.7859,873,TRABALHISTA,recurso,encerrado,Dra Fontes,27/04/24,04/06/2026,R$ 367.369,2ª Vara Criminal de Recife,aguardando documentos
1391,2231929-89.2024.6.41.5461,1297,civil,recurso,ATIVO,Dra. Fontes,1 de fevereiro de 2021,2026-04-11,,3ª Vara Criminal de Recife,urgente
1392,9071705-28.2021.9.78.4746,336,civil,sentença,ativo,Dra Fontes,25 de agosto de 2023,2026-11-27,446794.00,19ª Vara Trabalhista de Recife,em negociação
1393,1165147-13.2020.2.47.5874,180,cível,inicial,ativo,dr. melo,2022-09-07,2026-08-05,,14ª Vara Cível de Recife,em negociação
1394,1445483-93.2023.1.61.7357,855,trabalhista,audiência,appeal,Dra. Fontes,29/06/20,21 de dezembro de 2026,9502,1ª Vara Criminal de Recife,cliente não responde
1395,4721085-96.2020.6.92.9645,1329,Civil,inicial,active,Dr. Melo,24/02/26,2026-03-03,367724.00,12ª Vara Trabalhista de Recife,
1396,5058333-37.2021.3.98.8848,160,civil,execução,settlement,Dr. Barros,15 de maio de 2022,06/02/2026,371564.00,13ª Vara Cível de Recife,aguardando documentos
1397,9666878-83.2023.6.29.9905,1291,Trabalhista,recurso,closed,dr. melo,18/08/24,27/09/2025,,19ª Vara Criminal de Recife,
1398,9666878-83.2023.6.29.9905,980,TRABALHISTA,audiência,ativo,DRA. CAVALCANTE,05/04/2020,15/11/2026,R$ 263.844,11ª Vara Trabalhista de Recife,
1399,1013314-48.2023.4.39.2083,1362,trabalhista,inicial,suspenso,DRA. CAVALCANTE,14 de janeiro de 2026,27 de julho de 2026,R$ 310.784,16ª Vara Trabalhista de Recife,aguardando documentos
1400,5967836-10.2021.4.35.9671,906,TRABALHISTA,audiência,ATIVO,Dra Fontes,13/04/22,29/11/2025,,7ª Vara Criminal de Recife,
1401,2997279-67.2024.9.84.1441,3,trabalhista,acordo extrajudicial,closed,Dr. Melo,13/02/2026,,18510.00,4ª Vara Cível de Recife,
1402,7398699-88.2025.6.55.3587,294,cível,recurso,ativo,Dr. Barros,19/11/22,19/02/2026,,16ª Vara Criminal de Recife,aguardando documentos
1403,4874996-38.2022.9.94.8154,725,TRABALHISTA,instrução,closed,Dr. Barros,23/04/26,,141698.00,8ª Vara Criminal de Recife,
1404,7892487-80.2022.9.64.5036,1376,Trabalhista,arquivado,Encerrado,Dra. Cavalcante,01/08/2021,22 de junho de 2025,,1ª Vara Trabalhista de Recife,
1405,8574876-96.2020.7.97.4673,1328,trabalhista,inicial,active,Dr. Barros,07/01/22,6 de novembro de 2025,178587.00,13ª Vara Criminal de Recife,aguardando documentos
1406,1411065-96.2022.9.64.8271,513,trabalhista,execução,em recurso,Dra Fontes,13 de dezembro de 2023,14/09/2026,288689,14ª Vara Cível de Recife,em negociação
1407,6425355-10.2021.6.53.2041,623,Civil,recurso,settlement,Dra. Fontes,12 de dezembro de 2024,22/01/2026,273482,11ª Vara Cível de Recife,em negociação
1408,3585301-47.2021.7.73.3469,959,TRABALHISTA,recurso,settlement,Dr. Barros,04/03/21,12/08/25,R$ 13.408,19ª Vara Cível de Recife,cliente não responde
1409,4584224-94.2025.2.57.2511,1101,trabalhista,execução,Ativo,Dra. Fontes,24 de junho de 2024,06/11/2026,418921.00,16ª Vara Trabalhista de Recife,cliente não responde
1410,1101935-78.2023.5.88.5299,1072,civil,inicial,ativo,Dra. Cavalcante,28/03/24,14/03/26,R$ 238.716,5ª Vara Criminal de Recife,
1411,6663627-76.2023.9.26.5770,739,cível,audiência,suspenso,Dra. Fontes,23 de outubro de 2022,12/02/25,R$ 181.553,7ª Vara Criminal de Recife,
1412,1438459-62.2020.7.78.3410,520,TRABALHISTA,instrução,Encerrado,Dr. Melo,20/11/22,28 de junho de 2026,,8ª Vara Cível de Recife,cliente não responde
1413,9110060-16.2025.2.29.4716,1454,civil,recurso,appeal,DRA. CAVALCANTE,31 de março de 2020,23/04/2026,,1ª Vara Cível de Recife,
1414,1098476-20.2021.1.47.3336,1056,trabalhista,audiência,appeal,dr. melo,15/10/20,2026-06-25,136842,3ª Vara Criminal de Recife,
1415,1714231-74.2025.9.71.1697,1017,Civil,execução,closed,Dra Fontes,15/08/2021,25 de janeiro de 2025,R$ 121.587,7ª Vara Criminal de Recife,
1416,6370110-64.2022.3.52.8440,122,TRABALHISTA,acordo extrajudicial,active,Dr. Barros,2 de janeiro de 2025,09/12/2025,398165,13ª Vara Criminal de Recife,
1417,3496733-55.2020.2.43.8503,451,TRABALHISTA,recurso,Encerrado,Dra. Fontes,12/05/24,,137751.00,3ª Vara Trabalhista de Recife,cliente não responde
1418,2231929-89.2024.6.41.5461,307,TRABALHISTA,instrução,Ativo,Dr. Barros,01/02/23,2026-12-09,,18ª Vara Trabalhista de Recife,
1419,2110878-87.2023.8.83.8978,1081,Trabalhista,audiência,suspended,Dra Fontes,22/07/2025,3 de março de 2025,461342.00,16ª Vara Criminal de Recife,
1420,8415891-60.2021.6.92.5554,177,Civil,inicial,Encerrado,Dr. Melo,08/09/20,2026-08-26,R$ 272.781,20ª Vara Criminal de Recife,urgente
1421,4064382-39.2022.4.13.8937,914,Trabalhista,acordo extrajudicial,appeal,Dra Fontes,14/05/25,24/09/2025,161060.00,12ª Vara Cível de Recife,
1422,4433355-55.2023.8.48.9346,559,trabalhista,arquivado,ativo,Dr. Barros,29 de dezembro de 2023,23 de outubro de 2026,,12ª Vara Trabalhista de Recife,
1423,1237577-83.2022.8.91.4649,758,Civil,inicial,acordo,dr. melo,2022-08-17,2026-08-22,192711,13ª Vara Criminal de Recife,
1424,6101036-60.2022.7.49.3295,348,Trabalhista,execução,suspended,Dr. Melo,29/11/24,,,17ª Vara Criminal de Recife,cliente não responde
1425,1714231-74.2025.9.71.1697,1250,civil,arquivado,ativo,Dra Fontes,4 de novembro de 2021,05/03/25,R$ 288.206,3ª Vara Trabalhista de Recife,em negociação
1426,3376786-12.2020.7.64.5093,1061,Civil,recurso,appeal,dr. melo,10/04/20,20 de agosto de 2026,171681,6ª Vara Trabalhista de Recife,
1427,5614769-67.2022.9.87.1001,1261,cível,execução,acordo,Dr. Melo,2024-10-03,30/01/2026,109523,16ª Vara Cível de Recife,
1428,2019436-32.2020.6.16.9856,954,civil,acordo extrajudicial,closed,DRA. CAVALCANTE,2026-03-02,07/05/2026,,3ª Vara Criminal de Recife,urgente
1429,3879233-61.2024.5.30.1494,775,civil,acordo extrajudicial,encerrado,Dra. Fontes,19 de março de 2022,,479902.00,14ª Vara Trabalhista de Recife,em negociação
1430,7633905-83.2022.9.95.2309,1472,TRABALHISTA,execução,closed,Dr. Barros,2024-06-14,13 de julho de 2026,488673.00,6ª Vara Trabalhista de Recife,urgente
1431,8168450-48.2020.2.65.4570,1289,trabalhista,acordo extrajudicial,suspended,dr. melo,16 de julho de 2024,20 de julho de 2026,,3ª Vara Criminal de Recife,
1432,9810112-12.2021.1.97.8847,1364,TRABALHISTA,audiência,ATIVO,Dr. Barros,11/02/2025,2026-12-10,170385.00,20ª Vara Cível de Recife,
1433,3785792-10.2020.5.78.7940,144,TRABALHISTA,execução,appeal,Dra. Fontes,29/10/23,20 de outubro de 2025,434018.00,11ª Vara Criminal de Recife,
1434,2966787-79.2022.1.41.9944,136,cível,instrução,closed,DRA. CAVALCANTE,26 de dezembro de 2024,11/09/2026,,20ª Vara Cível de Recife,em negociação
1435,2186433-37.2022.2.12.4344,430,TRABALHISTA,audiência,closed,dr. melo,2022-09-25,17 de julho de 2025,89595.00,12ª Vara Cível de Recife,
1436,5661974-14.2020.6.39.3137,1484,Trabalhista,inicial,suspended,Dra. Cavalcante,14/02/21,4 de novembro de 2025,408317.00,19ª Vara Criminal de Recife,cliente não responde
1437,9992831-61.2022.4.35.1469,734,TRABALHISTA,recurso,ativo,Dr. Melo,25/01/21,07/05/2026,R$ 349.953,18ª Vara Cível de Recife,
1438,6018860-77.2022.1.94.1315,138,trabalhista,execução,acordo,DRA. CAVALCANTE,28 de fevereiro de 2024,17 de julho de 2025,R$ 272.540,17ª Vara Trabalhista de Recife,
1439,1095980-10.2020.7.77.8313,1296,Trabalhista,execução,settlement,dr. melo,10 de setembro de 2025,1 de fevereiro de 2025,,7ª Vara Criminal de Recife,
1440,7398699-88.2025.6.55.3587,56,Trabalhista,execução,Encerrado,Dr. Melo,29/07/2021,18/08/26,324724.00,20ª Vara Cível de Recife,
1441,3263740-44.2022.3.81.5402,538,Trabalhista,inicial,em recurso,DRA. CAVALCANTE,2024-10-30,2026-05-10,,4ª Vara Cível de Recife,
1442,3724721-44.2021.9.75.5553,442,Trabalhista,inicial,suspenso,Dra. Fontes,05/03/2021,03/01/25,,14ª Vara Criminal de Recife,em negociação
1443,1098476-20.2021.1.47.3336,1481,cível,recurso,Encerrado,Dr. Melo,5 de junho de 2020,01/02/2025,370420,17ª Vara Cível de Recife,
1444,2267110-24.2021.5.78.6025,411,Civil,recurso,closed,Dra. Fontes,01/09/2024,,142358.00,4ª Vara Trabalhista de Recife,
1445,7141324-67.2025.3.86.3413,681,cível,acordo extrajudicial,suspenso,Dra. Cavalcante,17/03/2021,29/09/2026,203849,16ª Vara Criminal de Recife,urgente
1446,6404948-40.2021.7.68.7161,1433,civil,execução,suspenso,DRA. CAVALCANTE,29 de janeiro de 2026,12/02/2026,19310.00,17ª Vara Cível de Recife,
1447,4493339-70.2021.7.17.8725,169,Trabalhista,arquivado,Ativo,Dra. Fontes,14/03/20,2025-10-26,R$ 336.175,20ª Vara Trabalhista de Recife,
1448,4064382-39.2022.4.13.8937,121,cível,inicial,ativo,Dr. Barros,2021-04-22,2025-12-09,R$ 20.191,12ª Vara Trabalhista de Recife,cliente não responde
1449,6384831-67.2022.5.89.7429,632,Civil,inicial,ativo,Dra Fontes,2022-12-20,19/07/26,R$ 363.169,10ª Vara Cível de Recife,em negociação
1450,2411026-52.2022.6.26.7373,1308,Trabalhista,instrução,ativo,dr. melo,2020-11-25,2026-08-03,302169.00,17ª Vara Criminal de Recife,em negociação
1451,1633270-27.2024.2.52.7034,151,TRABALHISTA,acordo extrajudicial,Encerrado,Dra Fontes,18 de abril de 2020,26/11/26,441444,17ª Vara Criminal de Recife,
1452,5786762-52.2021.9.21.3037,1424,cível,sentença,em recurso,dr. melo,27/02/20,,R$ 351.195,18ª Vara Criminal de Recife,
1453,9062552-47.2024.4.22.8265,1053,cível,recurso,em recurso,Dr. Melo,12/05/2025,,R$ 399.014,12ª Vara Criminal de Recife,em negociação
1454,9110060-16.2025.2.29.4716,839,cível,recurso,settlement,DRA. CAVALCANTE,09/09/2020,17 de junho de 2026,104020,19ª Vara Trabalhista de Recife,cliente não responde
1455,9824532-76.2023.6.37.2040,241,civil,inicial,acordo,DRA. CAVALCANTE,21/10/20,6 de setembro de 2025,465660.00,17ª Vara Trabalhista de Recife,
1456,2016341-89.2023.7.48.2724,1346,Trabalhista,recurso,closed,Dr. Barros,2022-10-24,17/04/2025,360668,11ª Vara Trabalhista de Recife,
1457,2267110-24.2021.5.78.6025,1172,trabalhista,audiência,Encerrado,DRA. CAVALCANTE,01/11/2024,,,3ª Vara Cível de Recife,aguardando documentos
1458,3542616-60.2022.3.87.6536,1355,civil,sentença,suspenso,DRA. CAVALCANTE,2022-11-13,18/03/2026,R$ 451.171,9ª Vara Criminal de Recife,
1459,2658962-39.2022.5.95.8856,832,trabalhista,instrução,Ativo,Dr. Barros,23/06/2021,27/02/26,485703.00,3ª Vara Cível de Recife,
1460,9398629-61.2022.5.88.8253,425,Trabalhista,instrução,appeal,Dr. Melo,2024-09-15,26/01/26,,6ª Vara Cível de Recife,aguardando documentos
1461,2016341-89.2023.7.48.2724,1326,TRABALHISTA,instrução,em recurso,dr. melo,16 de abril de 2023,16 de outubro de 2025,96863.00,9ª Vara Criminal de Recife,aguardando documentos
1462,9071705-28.2021.9.78.4746,115,trabalhista,audiência,Ativo,Dr. Melo,13/02/2024,,R$ 387.419,14ª Vara Criminal de Recife,
1463,2292432-35.2025.5.83.7063,313,TRABALHISTA,sentença,Ativo,Dra Fontes,17/12/2020,,102006.00,12ª Vara Criminal de Recife,
1464,6254488-31.2024.9.48.3216,944,Civil,audiência,encerrado,DRA. CAVALCANTE,08/01/21,31/08/26,,8ª Vara Criminal de Recife,
1465,5159219-49.2023.5.25.3676,283,TRABALHISTA,sentença,closed,Dra. Fontes,2026-03-09,28 de setembro de 2025,356271.00,1ª Vara Cível de Recife,aguardando documentos
1466,6953559-38.2025.7.42.9212,1318,trabalhista,audiência,ativo,Dr. Barros,11/03/2021,07/09/25,,8ª Vara Cível de Recife,
1467,4202942-75.2025.6.91.7611,778,Trabalhista,recurso,suspenso,DRA. CAVALCANTE,05/09/2020,22/05/25,120136.00,7ª Vara Cível de Recife,
1468,5284129-51.2020.3.32.5205,620,trabalhista,execução,settlement,Dra. Cavalcante,2022-10-14,05/05/2026,R$ 181.064,16ª Vara Trabalhista de Recife,
1469,7274275-74.2020.1.22.9780,260,civil,acordo extrajudicial,ativo,dr. melo,2024-06-24,29 de outubro de 2026,,12ª Vara Trabalhista de Recife,cliente não responde
1470,5755257-93.2020.8.44.2882,894,civil,recurso,settlement,Dra. Cavalcante,25 de novembro de 2023,,,6ª Vara Criminal de Recife,urgente
1471,4601686-30.2021.5.52.7745,826,trabalhista,inicial,em recurso,Dr. Barros,2020-06-13,19/04/25,414431,5ª Vara Cível de Recife,
1472,1311508-84.2020.3.38.8512,295,civil,sentença,encerrado,dr. melo,10/06/2021,2026-01-14,R$ 481.989,10ª Vara Cível de Recife,
1473,1833330-93.2025.8.61.3405,833,TRABALHISTA,acordo extrajudicial,encerrado,Dr. Barros,13/06/2023,28 de fevereiro de 2026,321475,4ª Vara Cível de Recife,
1474,7951127-89.2024.1.63.3502,1117,trabalhista,inicial,ativo,Dra. Fontes,18 de março de 2022,26/11/25,R$ 215.056,10ª Vara Cível de Recife,
1475,5518767-82.2023.4.96.9873,365,Civil,arquivado,settlement,dr. melo,25/04/2022,15 de outubro de 2025,265500.00,12ª Vara Criminal de Recife,cliente não responde
1476,5210656-44.2021.1.39.2474,1285,civil,execução,encerrado,Dra Fontes,2023-06-10,2025-03-03,410728,9ª Vara Trabalhista de Recife,
1477,5514997-95.2024.1.84.8098,1245,TRABALHISTA,arquivado,em recurso,Dr. Barros,01/08/2020,6 de julho de 2026,390153.00,14ª Vara Cível de Recife,aguardando documentos
1478,1621418-87.2020.9.55.9337,1004,Trabalhista,execução,ativo,Dra. Fontes,2024-12-29,26 de agosto de 2026,157926,15ª Vara Cível de Recife,cliente não responde
1479,1183693-37.2024.1.85.2937,1316,Trabalhista,audiência,closed,Dra. Cavalcante,28/08/24,19/10/2025,150377,15ª Vara Criminal de Recife,urgente
1480,2554938-48.2024.1.13.4544,62,cível,acordo extrajudicial,ativo,Dr. Melo,15 de dezembro de 2024,13/11/25,115348.00,7ª Vara Cível de Recife,em negociação
1481,1273300-90.2024.2.80.7378,214,TRABALHISTA,audiência,suspenso,Dr. Barros,19/12/21,07/07/25,367100.00,12ª Vara Trabalhista de Recife,em negociação
1482,1013314-48.2023.4.39.2083,1284,Civil,acordo extrajudicial,suspended,Dra. Cavalcante,05/04/25,29/06/26,,5ª Vara Criminal de Recife,
1483,6260319-38.2024.8.96.1114,897,trabalhista,sentença,settlement,Dr. Barros,06/04/2020,22/02/25,,15ª Vara Cível de Recife,urgente
1484,4092125-65.2025.3.26.9073,321,Trabalhista,execução,active,Dra. Cavalcante,04/10/2025,18 de fevereiro de 2025,94255,2ª Vara Criminal de Recife,
1485,8892606-62.2022.2.87.2168,241,TRABALHISTA,sentença,Ativo,Dra. Fontes,30/08/2020,2 de janeiro de 2025,,11ª Vara Criminal de Recife,aguardando documentos
1486,4131852-60.2020.1.89.9739,559,trabalhista,arquivado,ATIVO,Dra. Fontes,2022-10-21,28/09/2025,394388.00,2ª Vara Criminal de Recife,aguardando documentos
1487,8323566-47.2021.3.26.4644,1007,Trabalhista,execução,Encerrado,Dr. Melo,27/08/2020,2026-02-26,443570,15ª Vara Trabalhista de Recife,
1488,9168044-67.2022.1.26.3054,771,cível,arquivado,encerrado,Dr. Barros,22/04/20,17/03/26,R$ 360.857,6ª Vara Cível de Recife,
1489,4952151-27.2023.3.38.8762,96,trabalhista,inicial,settlement,Dra. Cavalcante,2025-02-08,2025-06-19,493204,13ª Vara Trabalhista de Recife,
1490,9108785-98.2021.3.78.6687,1108,civil,acordo extrajudicial,Encerrado,Dra. Cavalcante,24/05/2024,9 de dezembro de 2026,282762.00,4ª Vara Cível de Recife,em negociação
1491,7539718-58.2020.2.52.9800,68,trabalhista,recurso,ATIVO,Dr. Barros,09/12/25,2025-06-18,28192,17ª Vara Cível de Recife,urgente
1492,9824532-76.2023.6.37.2040,496,Civil,arquivado,suspended,dr. melo,26 de fevereiro de 2026,05/02/25,R$ 495.197,4ª Vara Trabalhista de Recife,cliente não responde
1493,4768255-51.2022.4.94.5695,751,Trabalhista,sentença,Ativo,dr. melo,28 de março de 2025,21 de julho de 2025,468392,3ª Vara Criminal de Recife,urgente
1494,8306601-19.2020.3.50.7457,72,TRABALHISTA,instrução,settlement,Dr. Barros,25/07/20,18 de setembro de 2026,197279,3ª Vara Criminal de Recife,cliente não responde
1495,8677980-28.2024.9.94.6552,544,TRABALHISTA,inicial,em recurso,Dra Fontes,14/11/21,1 de março de 2026,R$ 178.093,14ª Vara Cível de Recife,
1496,9835331-11.2022.6.15.8602,383,TRABALHISTA,audiência,acordo,dr. melo,15/06/2024,,475395.00,19ª Vara Criminal de Recife,
1497,5050722-10.2024.8.29.4298,656,Trabalhista,sentença,Encerrado,Dra. Fontes,01/02/2022,12/05/2026,262627,6ª Vara Trabalhista de Recife,aguardando documentos
1498,8183950-10.2021.5.84.9388,351,trabalhista,arquivado,ativo,Dra. Cavalcante,2023-04-07,2025-05-30,489469,18ª Vara Trabalhista de Recife,
1499,5700249-43.2020.5.57.9341,908,TRABALHISTA,instrução,Ativo,Dr. Barros,2025-06-29,27 de novembro de 2026,457371,14ª Vara Trabalhista de Recife,
1500,3541821-31.2021.8.96.1927,1199,trabalhista,inicial,em recurso,dr. melo,05/10/25,19 de julho de 2025,210712.00,19ª Vara Cível de Recife,em negociação
1501,8735892-74.2025.8.18.9411,850,TRABALHISTA,inicial,Encerrado,Dr. Melo,25 de maio de 2025,04/03/26,R$ 30.932,12ª Vara Cível de Recife,aguardando documentos
1502,3821719-15.2025.2.86.2518,1418,Trabalhista,execução,ativo,Dr. Melo,10/04/2025,2026-09-26,,9ª Vara Cível de Recife,cliente não responde
1503,1833330-93.2025.8.61.3405,443,Civil,sentença,encerrado,Dra Fontes,05/08/25,2025-08-22,384475,9ª Vara Cível de Recife,urgente
1504,2675642-32.2022.8.65.5499,258,Trabalhista,arquivado,appeal,Dra. Fontes,23/09/25,13/11/2025,96153.00,20ª Vara Criminal de Recife,
1505,3879233-61.2024.5.30.1494,1367,civil,inicial,ativo,Dr. Melo,28 de dezembro de 2025,05/03/25,R$ 211.588,5ª Vara Trabalhista de Recife,em negociação
1506,9302979-43.2025.9.68.7487,675,trabalhista,audiência,suspenso,Dra Fontes,2022-11-26,2026-05-16,,6ª Vara Cível de Recife,
1507,5850223-43.2020.3.81.3185,714,trabalhista,inicial,appeal,DRA. CAVALCANTE,29/01/21,2026-08-16,,12ª Vara Cível de Recife,
1508,3924425-56.2021.9.58.2912,1363,Civil,arquivado,Encerrado,Dra. Cavalcante,2020-01-18,27/06/25,415657.00,7ª Vara Criminal de Recife,urgente
1509,6075721-43.2020.9.85.8738,1478,Trabalhista,acordo extrajudicial,ativo,DRA. CAVALCANTE,18/08/2023,19 de outubro de 2026,164816.00,17ª Vara Cível de Recife,
1510,7115217-41.2025.1.67.7692,1349,TRABALHISTA,recurso,ativo,Dr. Barros,1 de maio de 2021,31/03/25,177813.00,7ª Vara Trabalhista de Recife,aguardando documentos
1511,5661974-14.2020.6.39.3137,1361,civil,acordo extrajudicial,Ativo,Dr. Barros,18 de setembro de 2024,05/01/26,497320.00,14ª Vara Criminal de Recife,urgente
1512,5050722-10.2024.8.29.4298,126,trabalhista,arquivado,suspended,Dra. Fontes,30/01/2023,09/08/26,,9ª Vara Cível de Recife,cliente não responde
1513,8843195-99.2024.6.39.2836,318,cível,arquivado,settlement,Dra. Cavalcante,2021-09-28,3 de maio de 2025,376302,6ª Vara Cível de Recife,
1514,7236875-79.2024.7.97.5566,1393,trabalhista,acordo extrajudicial,settlement,Dra. Cavalcante,24 de fevereiro de 2022,05/04/2025,139937.00,11ª Vara Cível de Recife,
1515,7274275-74.2020.1.22.9780,362,cível,audiência,ATIVO,Dra. Fontes,2020-03-01,2025-07-30,161458,11ª Vara Cível de Recife,
1516,6404948-40.2021.7.68.7161,1332,Trabalhista,execução,ativo,Dra. Fontes,11 de julho de 2022,,45815.00,8ª Vara Cível de Recife,em negociação
1517,7065068-16.2021.7.14.6489,535,Trabalhista,audiência,ativo,Dra. Cavalcante,02/12/22,2025-08-05,R$ 270.242,10ª Vara Cível de Recife,urgente
1518,2660213-63.2022.6.50.8366,1116,Trabalhista,inicial,suspenso,Dr. Barros,18/06/24,17/05/25,R$ 365.578,12ª Vara Trabalhista de Recife,
1519,1887163-62.2025.9.93.1037,1141,cível,instrução,ativo,Dra. Cavalcante,15/10/24,14/01/26,487492,8ª Vara Criminal de Recife,urgente
1520,7599278-46.2021.4.96.3535,205,trabalhista,instrução,em recurso,Dr. Barros,02/07/2022,10/12/26,,11ª Vara Trabalhista de Recife,
1521,8066975-72.2023.7.26.7675,928,TRABALHISTA,arquivado,ativo,Dra. Fontes,07/04/25,,,8ª Vara Cível de Recife,
1522,4180949-86.2020.3.26.7593,929,civil,acordo extrajudicial,settlement,Dr. Barros,29 de julho de 2021,13 de março de 2026,452766.00,6ª Vara Criminal de Recife,
1523,1311508-84.2020.3.38.8512,1262,Trabalhista,acordo extrajudicial,closed,Dr. Barros,10/03/26,10 de outubro de 2026,,16ª Vara Trabalhista de Recife,
1524,5901155-82.2023.2.89.7717,240,Trabalhista,audiência,suspenso,DRA. CAVALCANTE,7 de outubro de 2022,09/04/26,5634.00,4ª Vara Trabalhista de Recife,cliente não responde
1525,1099617-37.2023.9.61.1793,1109,civil,acordo extrajudicial,acordo,Dra. Fontes,29/05/21,04/05/26,235690.00,3ª Vara Trabalhista de Recife,
1526,8286828-70.2022.9.31.8012,1352,cível,arquivado,active,DRA. CAVALCANTE,2022-03-16,2025-02-27,R$ 173.887,4ª Vara Cível de Recife,
1527,1664676-19.2021.8.64.4616,1270,TRABALHISTA,execução,ativo,Dra. Fontes,10 de abril de 2022,03/07/26,,14ª Vara Cível de Recife,aguardando documentos
1528,4202942-75.2025.6.91.7611,1049,Trabalhista,sentença,Encerrado,Dr. Barros,30 de setembro de 2023,16/12/26,,6ª Vara Criminal de Recife,urgente
1529,7848147-32.2021.6.58.3528,158,civil,audiência,ativo,Dr. Barros,19/05/2022,17/12/25,146214,14ª Vara Criminal de Recife,aguardando documentos
1530,7687292-20.2021.4.85.7539,1261,cível,execução,Ativo,Dr. Barros,13/01/2026,4 de março de 2025,175535,15ª Vara Criminal de Recife,
1531,2267110-24.2021.5.78.6025,1263,trabalhista,execução,settlement,Dra. Cavalcante,1 de maio de 2021,14/03/25,383646.00,15ª Vara Trabalhista de Recife,
1532,5058333-37.2021.3.98.8848,293,TRABALHISTA,inicial,ATIVO,dr. melo,20 de junho de 2023,,,1ª Vara Cível de Recife,
1533,8843195-99.2024.6.39.2836,946,TRABALHISTA,inicial,ativo,Dra. Fontes,28/01/2025,6 de novembro de 2026,323588.00,19ª Vara Cível de Recife,urgente
1534,3924425-56.2021.9.58.2912,1343,civil,inicial,ATIVO,dr. melo,20/06/25,22/08/25,218982.00,4ª Vara Criminal de Recife,cliente não responde
1535,6003915-30.2025.6.37.7681,1023,cível,sentença,active,Dr. Barros,23/07/2021,,R$ 51.158,1ª Vara Cível de Recife,aguardando documentos
1536,1615190-23.2022.2.42.6238,729,civil,execução,active,Dra. Cavalcante,12/12/24,22 de novembro de 2026,376349,11ª Vara Cível de Recife,
1537,7320713-89.2022.3.68.7881,1033,Trabalhista,execução,em recurso,Dr. Melo,2025-07-18,21/12/26,153477,13ª Vara Cível de Recife,
1538,3734843-61.2021.3.94.2954,504,Trabalhista,audiência,settlement,Dr. Barros,2020-09-28,2025-02-13,299363.00,10ª Vara Cível de Recife,
1539,6018860-77.2022.1.94.1315,241,civil,execução,ativo,Dr. Barros,13/12/2022,2025-02-12,132447,16ª Vara Criminal de Recife,urgente
1540,5996426-23.2022.8.20.3566,1281,trabalhista,recurso,em recurso,dr. melo,2020-06-22,22 de dezembro de 2026,382336.00,3ª Vara Trabalhista de Recife,cliente não responde
1541,8368372-34.2020.6.43.9691,889,cível,recurso,em recurso,Dr. Barros,01/10/2020,21 de janeiro de 2026,354073.00,18ª Vara Cível de Recife,
1542,6547287-16.2023.4.15.7491,1110,TRABALHISTA,inicial,appeal,Dra Fontes,29 de julho de 2021,18/11/26,130709,10ª Vara Trabalhista de Recife,cliente não responde
1543,6003915-30.2025.6.37.7681,143,Civil,acordo extrajudicial,em recurso,dr. melo,2022-01-27,12 de setembro de 2025,R$ 13.734,17ª Vara Criminal de Recife,
1544,3679963-72.2020.9.29.7859,295,trabalhista,acordo extrajudicial,active,Dra. Cavalcante,14/11/23,25/09/25,R$ 341.960,16ª Vara Cível de Recife,aguardando documentos
1545,8323566-47.2021.3.26.4644,1261,cível,recurso,appeal,DRA. CAVALCANTE,2021-01-02,,R$ 123.740,15ª Vara Trabalhista de Recife,
1546,6260319-38.2024.8.96.1114,606,trabalhista,arquivado,active,dr. melo,21/05/24,2026-08-12,292226,6ª Vara Cível de Recife,
1547,3679963-72.2020.9.29.7859,1393,Trabalhista,execução,closed,DRA. CAVALCANTE,25/05/2023,18/07/26,239138,12ª Vara Cível de Recife,em negociação
1548,2016341-89.2023.7.48.2724,1416,civil,sentença,ativo,Dra. Fontes,27/11/21,30 de outubro de 2026,R$ 326.019,9ª Vara Criminal de Recife,cliente não responde
1549,7786207-82.2024.2.92.5696,1085,cível,inicial,appeal,Dra. Cavalcante,2022-05-05,09/12/26,,17ª Vara Cível de Recife,
1550,1754781-28.2025.6.89.2162,1224,trabalhista,acordo extrajudicial,ativo,DRA. CAVALCANTE,31 de agosto de 2023,2025-04-28,247906.00,20ª Vara Trabalhista de Recife,em negociação
1551,3248366-98.2020.5.11.6279,434,Trabalhista,sentença,em recurso,Dr. Melo,10/10/2021,24 de abril de 2026,R$ 284.202,6ª Vara Trabalhista de Recife,
1552,2675642-32.2022.8.65.5499,329,trabalhista,execução,closed,Dra. Fontes,1 de fevereiro de 2024,2025-12-22,496119,6ª Vara Cível de Recife,aguardando documentos
1553,1024421-54.2022.9.20.2563,1225,cível,execução,Ativo,Dr. Melo,1 de maio de 2023,,,7ª Vara Trabalhista de Recife,em negociação
1554,9110060-16.2025.2.29.4716,1455,Civil,execução,suspended,Dr. Barros,11/09/25,15/03/26,310951,16ª Vara Trabalhista de Recife,cliente não responde
1555,1101935-78.2023.5.88.5299,659,cível,audiência,closed,Dr. Barros,02/08/20,6 de setembro de 2026,458145.00,19ª Vara Criminal de Recife,
1556,4568537-97.2021.4.82.7633,1263,Civil,acordo extrajudicial,suspenso,Dr. Barros,12/01/2020,19 de junho de 2025,328658,18ª Vara Cível de Recife,em negociação
1557,2842764-33.2025.7.99.7279,614,TRABALHISTA,arquivado,Encerrado,Dr. Melo,21 de junho de 2022,07/07/25,R$ 58.587,11ª Vara Cível de Recife,em negociação
1558,7323234-16.2020.9.59.5035,1310,civil,sentença,suspended,Dr. Barros,02/10/23,2025-07-08,433351,13ª Vara Cível de Recife,urgente
1559,5316105-58.2020.3.22.3571,499,Trabalhista,execução,Ativo,Dra. Cavalcante,26/09/25,28 de agosto de 2026,R$ 356.467,9ª Vara Trabalhista de Recife,em negociação
1560,2909764-51.2025.7.78.2223,1226,Trabalhista,recurso,appeal,DRA. CAVALCANTE,18 de julho de 2022,08/11/26,333893.00,19ª Vara Trabalhista de Recife,
1561,7065068-16.2021.7.14.6489,1322,trabalhista,acordo extrajudicial,Ativo,Dr. Barros,10/08/2023,,304547.00,16ª Vara Criminal de Recife,
1562,8749473-21.2020.4.12.9144,1178,trabalhista,instrução,ativo,Dra. Cavalcante,21/11/2020,14 de setembro de 2026,227104.00,11ª Vara Criminal de Recife,
1563,2461262-96.2021.6.48.1315,1378,cível,instrução,Ativo,Dr. Barros,26/01/25,03/10/2025,R$ 262.295,10ª Vara Trabalhista de Recife,aguardando documentos
1564,7840442-26.2025.9.53.5093,559,civil,execução,suspended,Dr. Melo,29 de outubro de 2021,,R$ 431.583,11ª Vara Trabalhista de Recife,aguardando documentos
1565,4415624-13.2024.9.14.9480,953,trabalhista,audiência,ativo,DRA. CAVALCANTE,2020-05-22,15/11/2025,469980.00,15ª Vara Trabalhista de Recife,em negociação
1566,2837371-36.2022.7.88.5428,955,TRABALHISTA,inicial,ativo,Dr. Barros,04/07/2024,18 de novembro de 2026,403689,6ª Vara Criminal de Recife,
1567,9110060-16.2025.2.29.4716,420,cível,audiência,Encerrado,DRA. CAVALCANTE,2024-02-01,13 de junho de 2025,R$ 368.423,14ª Vara Criminal de Recife,em negociação
1568,5788467-41.2023.8.93.8134,227,TRABALHISTA,inicial,ATIVO,dr. melo,2024-11-16,2026-06-21,R$ 15.190,12ª Vara Cível de Recife,cliente não responde
1569,9057960-29.2025.5.10.6072,56,Civil,instrução,acordo,Dr. Barros,01/10/23,2026-04-26,R$ 142.024,14ª Vara Cível de Recife,
1570,5638123-23.2024.7.30.5009,735,cível,recurso,acordo,Dra. Cavalcante,23/01/2026,25 de dezembro de 2026,64243.00,4ª Vara Criminal de Recife,
1571,1099617-37.2023.9.61.1793,970,Trabalhista,recurso,Ativo,Dr. Barros,7 de abril de 2022,2025-08-29,335038.00,4ª Vara Cível de Recife,urgente
1572,1933296-95.2024.5.69.8317,994,trabalhista,acordo extrajudicial,ativo,Dra. Fontes,2020-06-16,2025-03-12,95267.00,6ª Vara Cível de Recife,
1573,4865461-96.2025.2.64.9143,1064,Trabalhista,audiência,settlement,Dra. Fontes,04/04/2021,12/06/2026,,2ª Vara Trabalhista de Recife,
1574,1248003-72.2024.2.80.8472,698,civil,execução,ativo,Dr. Barros,03/11/2021,10 de abril de 2025,R$ 287.683,8ª Vara Trabalhista de Recife,urgente
1575,3395583-64.2024.4.41.2181,565,Civil,recurso,em recurso,Dr. Melo,30 de agosto de 2020,15 de novembro de 2026,179112.00,8ª Vara Cível de Recife,
1576,6011987-71.2020.8.10.4396,1067,trabalhista,sentença,closed,Dr. Barros,26 de outubro de 2021,,,18ª Vara Trabalhista de Recife,
1577,5518767-82.2023.4.96.9873,360,civil,acordo extrajudicial,encerrado,Dr. Barros,05/02/20,2026-03-04,R$ 60.453,1ª Vara Trabalhista de Recife,em negociação
1578,7633905-83.2022.9.95.2309,1345,TRABALHISTA,audiência,Encerrado,dr. melo,22/05/2022,2026-08-12,470900,4ª Vara Cível de Recife,
1579,1878000-50.2025.7.58.1197,525,cível,inicial,Encerrado,DRA. CAVALCANTE,27/06/21,26/03/25,316152,9ª Vara Criminal de Recife,cliente não responde
1580,6034606-21.2023.6.18.6684,570,trabalhista,execução,ativo,DRA. CAVALCANTE,2025-03-24,06/11/2026,442451,4ª Vara Trabalhista de Recife,em negociação
1581,8209168-30.2020.1.41.7632,844,cível,inicial,appeal,dr. melo,12/12/22,30/11/2025,,16ª Vara Trabalhista de Recife,aguardando documentos
1582,7110796-41.2020.3.80.5362,599,trabalhista,sentença,Ativo,DRA. CAVALCANTE,26/09/2025,1 de julho de 2026,R$ 458.294,9ª Vara Cível de Recife,
1583,6368709-92.2024.7.99.9426,1143,trabalhista,recurso,settlement,Dra. Cavalcante,5 de fevereiro de 2021,24 de março de 2026,R$ 119.708,16ª Vara Trabalhista de Recife,
1584,5966644-82.2023.4.88.9951,904,Civil,sentença,closed,dr. melo,2021-10-30,18/06/25,R$ 5.786,9ª Vara Cível de Recife,
1585,5289264-48.2020.4.41.6347,973,trabalhista,acordo extrajudicial,suspenso,Dra. Fontes,2021-08-21,,258239,16ª Vara Cível de Recife,cliente não responde
1586,7813974-60.2021.1.81.1542,880,trabalhista,acordo extrajudicial,appeal,Dra. Fontes,10 de fevereiro de 2025,2026-01-17,R$ 283.385,12ª Vara Trabalhista de Recife,cliente não responde
1587,6524227-53.2025.1.97.6214,368,trabalhista,instrução,ativo,Dr. Barros,30/11/2025,14/01/2026,296909.00,4ª Vara Criminal de Recife,aguardando documentos
1588,1878000-50.2025.7.58.1197,372,TRABALHISTA,execução,closed,Dra. Fontes,06/07/21,3 de janeiro de 2025,486420,7ª Vara Trabalhista de Recife,
1589,1353022-94.2023.9.79.1203,582,Trabalhista,acordo extrajudicial,ativo,Dra. Cavalcante,2021-06-06,04/10/2025,R$ 301.278,10ª Vara Cível de Recife,
1590,7633905-83.2022.9.95.2309,402,civil,acordo extrajudicial,active,Dra. Cavalcante,2022-07-10,2025-07-17,,10ª Vara Trabalhista de Recife,urgente
1591,1933296-95.2024.5.69.8317,490,TRABALHISTA,sentença,ativo,Dra. Cavalcante,08/12/2020,21/06/25,,2ª Vara Cível de Recife,
1592,1833330-93.2025.8.61.3405,1166,TRABALHISTA,execução,suspended,Dr. Barros,06/04/23,2026-01-04,236029.00,5ª Vara Criminal de Recife,
1593,4314934-26.2021.7.14.7244,185,TRABALHISTA,instrução,ativo,DRA. CAVALCANTE,11/10/24,27/02/2025,200262,1ª Vara Cível de Recife,urgente
1594,2019436-32.2020.6.16.9856,799,civil,recurso,active,Dr. Barros,2 de fevereiro de 2021,14 de dezembro de 2025,R$ 22.631,14ª Vara Criminal de Recife,
1595,2118934-75.2023.5.97.9563,640,cível,recurso,appeal,Dra Fontes,25/02/2026,07/04/2026,425441,13ª Vara Cível de Recife,em negociação
1596,2490107-19.2023.9.10.7930,362,trabalhista,sentença,closed,Dra. Cavalcante,2022-02-25,2026-05-01,64355.00,3ª Vara Cível de Recife,
1597,9953454-93.2020.2.52.5723,314,TRABALHISTA,audiência,appeal,Dr. Melo,2020-05-31,11/04/26,359675,5ª Vara Criminal de Recife,
1598,5217157-98.2020.2.64.4094,577,Civil,acordo extrajudicial,Encerrado,dr. melo,2024-03-20,20 de março de 2025,160658.00,13ª Vara Trabalhista de Recife,
1599,5991409-16.2021.8.44.1303,578,trabalhista,sentença,suspended,Dra Fontes,13 de novembro de 2022,8 de abril de 2026,,3ª Vara Trabalhista de Recife,
1600,9071705-28.2021.9.78.4746,902,Civil,audiência,ativo,DRA. CAVALCANTE,11/11/21,2025-10-29,,5ª Vara Trabalhista de Recife,
1601,9992831-61.2022.4.35.1469,922,TRABALHISTA,recurso,active,dr. melo,2025-05-29,2 de novembro de 2026,,3ª Vara Cível de Recife,urgente
1602,4084503-92.2025.8.90.5515,252,TRABALHISTA,recurso,ATIVO,DRA. CAVALCANTE,26/02/24,05/04/2025,362486,6ª Vara Trabalhista de Recife,
1603,9798556-59.2021.3.62.3110,712,Trabalhista,recurso,ativo,dr. melo,20/03/25,4 de março de 2025,R$ 283.514,17ª Vara Criminal de Recife,cliente não responde
1604,5660649-86.2020.5.86.9291,722,TRABALHISTA,audiência,appeal,dr. melo,12/12/22,05/04/26,,5ª Vara Trabalhista de Recife,cliente não responde
1605,5432782-56.2021.2.97.6240,332,Trabalhista,recurso,active,dr. melo,24/04/2024,04/05/26,264389,15ª Vara Criminal de Recife,em negociação
1606,4494463-44.2022.5.80.7542,883,trabalhista,recurso,encerrado,DRA. CAVALCANTE,20/08/20,20/04/25,,12ª Vara Cível de Recife,
1607,9168044-67.2022.1.26.3054,456,Civil,acordo extrajudicial,suspended,Dr. Barros,17/10/2020,2026-10-20,94694.00,1ª Vara Criminal de Recife,
1608,2016341-89.2023.7.48.2724,1276,cível,recurso,ATIVO,Dr. Barros,27/07/2023,,,12ª Vara Cível de Recife,em negociação
1609,2966787-79.2022.1.41.9944,86,TRABALHISTA,recurso,appeal,Dra. Cavalcante,23 de março de 2020,,218568.00,6ª Vara Criminal de Recife,aguardando documentos
1610,5788467-41.2023.8.93.8134,592,Trabalhista,recurso,encerrado,Dr. Melo,16/10/24,28/06/2026,R$ 382.496,2ª Vara Cível de Recife,
1611,5214684-96.2020.6.84.9986,159,civil,acordo extrajudicial,em recurso,Dra. Fontes,24 de abril de 2020,14/04/25,,8ª Vara Trabalhista de Recife,
1612,2554938-48.2024.1.13.4544,217,cível,acordo extrajudicial,ativo,Dr. Barros,14 de novembro de 2023,18/05/26,29803.00,20ª Vara Criminal de Recife,em negociação
1613,5514997-95.2024.1.84.8098,964,civil,acordo extrajudicial,settlement,Dr. Melo,13 de agosto de 2020,,,3ª Vara Criminal de Recife,
1614,5316105-58.2020.3.22.3571,193,cível,recurso,ativo,DRA. CAVALCANTE,2025-02-01,,439816.00,5ª Vara Cível de Recife,cliente não responde
1615,2186433-37.2022.2.12.4344,347,cível,inicial,Encerrado,Dra. Fontes,29 de julho de 2023,06/02/2025,441330.00,19ª Vara Cível de Recife,em negociação
1616,7224257-29.2020.8.88.9110,1488,civil,acordo extrajudicial,closed,Dr. Barros,22/11/2024,04/05/2026,326847,3ª Vara Trabalhista de Recife,
1617,5124342-11.2025.5.50.6107,1145,Trabalhista,audiência,suspenso,Dr. Barros,4 de abril de 2021,2025-09-21,496202,4ª Vara Trabalhista de Recife,urgente
1618,9319285-35.2025.3.19.9131,223,TRABALHISTA,sentença,encerrado,Dr. Melo,2023-08-31,5 de novembro de 2025,375204,3ª Vara Criminal de Recife,cliente não responde
1619,1101935-78.2023.5.88.5299,667,Trabalhista,audiência,acordo,Dr. Melo,26 de março de 2025,25/09/26,R$ 79.265,7ª Vara Cível de Recife,
1620,5124342-11.2025.5.50.6107,466,Trabalhista,audiência,closed,Dra Fontes,23/03/2023,25/05/2026,R$ 85.548,13ª Vara Cível de Recife,cliente não responde
1621,7539718-58.2020.2.52.9800,1261,civil,instrução,suspenso,Dra. Fontes,16 de novembro de 2025,12 de março de 2026,R$ 468.688,18ª Vara Cível de Recife,urgente
1622,4417916-40.2022.7.26.4278,1260,civil,arquivado,active,dr. melo,1 de agosto de 2022,,,6ª Vara Criminal de Recife,urgente
1623,1778149-24.2023.1.86.3557,1296,Trabalhista,execução,suspended,Dr. Barros,14/10/20,15/10/2026,,20ª Vara Trabalhista de Recife,em negociação
1624,5953905-94.2022.5.44.3245,657,Trabalhista,arquivado,acordo,dr. melo,10/11/23,2025-05-01,476965.00,7ª Vara Trabalhista de Recife,
1625,3576390-15.2021.2.82.8209,1029,Trabalhista,acordo extrajudicial,em recurso,Dr. Barros,2022-05-30,27 de junho de 2025,139772,16ª Vara Trabalhista de Recife,em negociação
1626,3710559-31.2020.9.95.2540,594,Trabalhista,audiência,ativo,dr. melo,2023-01-31,13/07/2025,57494,13ª Vara Trabalhista de Recife,
1627,4493339-70.2021.7.17.8725,1154,Civil,sentença,settlement,Dra. Fontes,30/05/22,12/09/25,R$ 384.188,13ª Vara Trabalhista de Recife,aguardando documentos
1628,8892606-62.2022.2.87.2168,272,Civil,audiência,ativo,Dra Fontes,27/05/2023,2026-10-12,417732.00,7ª Vara Cível de Recife,em negociação
1629,4065326-72.2025.8.58.5304,956,civil,audiência,Encerrado,Dra. Cavalcante,14/02/25,09/01/2025,464616.00,17ª Vara Cível de Recife,cliente não responde
1630,9953454-93.2020.2.52.5723,315,civil,recurso,em recurso,DRA. CAVALCANTE,24/01/23,17/03/2025,,2ª Vara Criminal de Recife,em negociação
1631,6003915-30.2025.6.37.7681,771,cível,audiência,em recurso,Dra Fontes,02/04/2020,2026-03-26,425730.00,2ª Vara Cível de Recife,cliente não responde
1632,1633270-27.2024.2.52.7034,543,trabalhista,inicial,settlement,Dr. Melo,23/07/21,2025-08-19,,5ª Vara Trabalhista de Recife,cliente não responde
1633,9498791-62.2022.6.73.9564,1288,cível,sentença,em recurso,Dr. Melo,16/04/2024,18 de junho de 2025,223723.00,10ª Vara Cível de Recife,
1634,1438459-62.2020.7.78.3410,126,Civil,acordo extrajudicial,ativo,Dra. Fontes,17/11/2020,2025-09-30,R$ 158.007,13ª Vara Criminal de Recife,em negociação
1635,5953905-94.2022.5.44.3245,1497,civil,recurso,Encerrado,dr. melo,04/09/25,03/06/2026,R$ 376.551,10ª Vara Cível de Recife,
1636,4681694-71.2021.9.28.7350,583,Civil,execução,encerrado,Dra. Fontes,24 de junho de 2025,17 de maio de 2025,165004,19ª Vara Criminal de Recife,aguardando documentos
1637,4961530-22.2021.4.22.6290,366,Civil,audiência,suspended,DRA. CAVALCANTE,23/04/2023,,151573.00,4ª Vara Trabalhista de Recife,cliente não responde
1638,5755257-93.2020.8.44.2882,1252,civil,acordo extrajudicial,Encerrado,Dra. Cavalcante,29/12/24,14/10/25,392401.00,15ª Vara Criminal de Recife,aguardando documentos
1639,6524227-53.2025.1.97.6214,779,trabalhista,sentença,Encerrado,Dr. Barros,2022-05-30,2025-12-13,388244.00,12ª Vara Criminal de Recife,
1640,1931030-34.2024.8.48.5319,1219,Trabalhista,audiência,Ativo,Dr. Barros,2024-06-27,11 de abril de 2026,97123,10ª Vara Trabalhista de Recife,aguardando documentos
1641,3975387-89.2023.4.55.7631,1003,civil,instrução,active,Dra. Fontes,24/04/21,,R$ 129.579,18ª Vara Cível de Recife,urgente
1642,6334947-38.2020.4.71.6173,603,civil,instrução,suspended,DRA. CAVALCANTE,23/10/2023,13/11/25,,15ª Vara Cível de Recife,
1643,1784068-27.2021.3.12.2538,1402,Civil,inicial,em recurso,Dra. Cavalcante,2023-12-03,2025-10-13,,20ª Vara Trabalhista de Recife,em negociação
1644,2191287-57.2021.1.18.8228,408,civil,instrução,em recurso,Dr. Barros,23 de setembro de 2021,,,18ª Vara Trabalhista de Recife,
1645,9076234-78.2023.3.90.2702,1423,TRABALHISTA,instrução,encerrado,DRA. CAVALCANTE,12/07/23,5 de novembro de 2026,,2ª Vara Trabalhista de Recife,urgente
1646,3242098-97.2025.4.44.9916,1215,Trabalhista,audiência,closed,Dr. Barros,2024-06-09,02/08/26,R$ 154.754,4ª Vara Cível de Recife,
1647,4134515-43.2021.8.70.4879,782,Civil,sentença,Ativo,Dr. Melo,2024-05-03,09/05/2025,211139.00,14ª Vara Cível de Recife,
1648,6053412-12.2021.6.72.8346,1403,Trabalhista,audiência,ATIVO,Dra. Cavalcante,04/12/2021,06/11/2026,R$ 214.178,15ª Vara Criminal de Recife,em negociação
1649,7381740-86.2021.2.88.6570,1271,civil,execução,ativo,dr. melo,9 de agosto de 2023,2025-11-12,415288,16ª Vara Trabalhista de Recife,
1650,7438163-48.2021.3.47.1186,1328,TRABALHISTA,instrução,settlement,DRA. CAVALCANTE,2025-08-15,2026-02-16,R$ 469.336,14ª Vara Cível de Recife,
1651,2411026-52.2022.6.26.7373,936,TRABALHISTA,arquivado,ATIVO,Dr. Barros,16 de agosto de 2020,2025-03-01,,14ª Vara Trabalhista de Recife,
1652,3306375-34.2024.9.48.9154,1179,civil,sentença,ATIVO,DRA. CAVALCANTE,2024-10-13,18 de fevereiro de 2025,R$ 200.272,13ª Vara Trabalhista de Recife,urgente
1653,1878000-50.2025.7.58.1197,220,civil,execução,acordo,Dr. Barros,27/02/20,2025-09-24,R$ 153.653,19ª Vara Trabalhista de Recife,
1654,3879233-61.2024.5.30.1494,11,cível,inicial,encerrado,Dr. Barros,2025-10-04,2026-02-01,R$ 68.833,16ª Vara Cível de Recife,aguardando documentos
1655,1185885-59.2023.7.19.8433,1037,cível,acordo extrajudicial,appeal,Dra. Cavalcante,10 de junho de 2021,07/12/2025,248980,14ª Vara Criminal de Recife,
1656,7243958-65.2020.5.25.5047,1048,cível,acordo extrajudicial,active,Dr. Barros,2023-08-01,10 de maio de 2025,50354,17ª Vara Criminal de Recife,
1657,1621418-87.2020.9.55.9337,1046,TRABALHISTA,audiência,closed,Dr. Barros,25/11/20,2026-05-16,,19ª Vara Cível de Recife,
1658,3168718-77.2025.2.92.8027,668,Trabalhista,arquivado,suspenso,Dra Fontes,16/01/2022,19/12/25,350631,3ª Vara Criminal de Recife,
1659,3675188-38.2025.9.53.3305,896,Trabalhista,instrução,ativo,DRA. CAVALCANTE,2024-04-19,23 de abril de 2025,177866,14ª Vara Cível de Recife,aguardando documentos
1660,7381740-86.2021.2.88.6570,400,civil,audiência,settlement,Dra. Fontes,06/04/20,18 de outubro de 2025,,15ª Vara Trabalhista de Recife,cliente não responde
1661,7892487-80.2022.9.64.5036,606,Trabalhista,execução,ativo,DRA. CAVALCANTE,2022-11-02,28 de abril de 2025,297408.00,11ª Vara Trabalhista de Recife,aguardando documentos
1662,4961530-22.2021.4.22.6290,1003,Civil,audiência,encerrado,Dr. Melo,25/08/20,08/03/25,,2ª Vara Criminal de Recife,cliente não responde
1663,9060164-41.2020.5.36.2381,852,Trabalhista,arquivado,Ativo,Dr. Barros,16/06/2022,30/09/25,124785,6ª Vara Trabalhista de Recife,cliente não responde
1664,3168718-77.2025.2.92.8027,1314,Civil,inicial,appeal,Dra. Cavalcante,2 de outubro de 2024,2026-04-15,,12ª Vara Trabalhista de Recife,em negociação
1665,5545511-73.2023.1.66.9757,1461,TRABALHISTA,inicial,active,Dra Fontes,25 de agosto de 2022,2025-08-27,,9ª Vara Trabalhista de Recife,em negociação
1666,1185885-59.2023.7.19.8433,69,trabalhista,instrução,acordo,Dra Fontes,03/04/2021,23/12/2026,485831,20ª Vara Criminal de Recife,
1667,1966014-66.2022.7.82.2137,1047,TRABALHISTA,acordo extrajudicial,suspended,Dra. Cavalcante,22 de março de 2022,19/05/2025,,10ª Vara Trabalhista de Recife,cliente não responde
1668,8209168-30.2020.1.41.7632,198,TRABALHISTA,acordo extrajudicial,acordo,Dra Fontes,24/11/25,08/11/25,,15ª Vara Criminal de Recife,aguardando documentos
1669,5638123-23.2024.7.30.5009,175,Civil,acordo extrajudicial,closed,Dra. Cavalcante,2023-04-18,25/10/2026,R$ 376.444,19ª Vara Trabalhista de Recife,
1670,5116418-16.2025.3.98.2234,1104,trabalhista,arquivado,em recurso,Dra Fontes,26/05/24,12/03/26,,2ª Vara Criminal de Recife,
1671,2884639-86.2023.2.31.8737,649,Civil,instrução,suspenso,Dra. Cavalcante,2023-01-21,10 de fevereiro de 2025,R$ 447.449,11ª Vara Cível de Recife,em negociação
1672,1896520-28.2021.5.90.5374,579,TRABALHISTA,inicial,ATIVO,Dr. Barros,2022-10-15,8 de outubro de 2026,288085,19ª Vara Trabalhista de Recife,
1673,9302979-43.2025.9.68.7487,650,cível,acordo extrajudicial,em recurso,Dr. Barros,19 de junho de 2024,,,5ª Vara Cível de Recife,cliente não responde
1674,1931030-34.2024.8.48.5319,687,Trabalhista,arquivado,settlement,DRA. CAVALCANTE,06/10/20,21/08/2025,R$ 494.948,18ª Vara Criminal de Recife,aguardando documentos
1675,8827641-36.2022.5.59.8715,1461,trabalhista,sentença,ATIVO,Dra. Cavalcante,25/07/2020,,27305,1ª Vara Cível de Recife,
1676,5274951-77.2021.1.76.5120,1388,civil,arquivado,ativo,Dra. Fontes,2022-10-27,7 de setembro de 2025,112246,10ª Vara Cível de Recife,
1677,3754895-37.2021.6.18.8502,901,cível,arquivado,closed,Dra Fontes,2021-10-27,7 de maio de 2026,432078,20ª Vara Cível de Recife,
1678,7916680-90.2022.1.67.1785,213,trabalhista,execução,encerrado,Dra Fontes,28/01/2026,24/03/25,406934,16ª Vara Criminal de Recife,aguardando documentos
1679,6663627-76.2023.9.26.5770,484,trabalhista,execução,encerrado,Dr. Barros,04/09/2020,9 de outubro de 2025,225067,20ª Vara Trabalhista de Recife,urgente
1680,1024421-54.2022.9.20.2563,986,Civil,acordo extrajudicial,encerrado,DRA. CAVALCANTE,30 de julho de 2020,21 de novembro de 2025,R$ 90.411,17ª Vara Trabalhista de Recife,cliente não responde
1681,2294596-63.2020.6.38.9193,919,civil,instrução,ativo,Dra Fontes,29 de dezembro de 2021,,107220.00,13ª Vara Criminal de Recife,cliente não responde
1682,5638123-23.2024.7.30.5009,3,Trabalhista,inicial,encerrado,Dr. Melo,2021-06-04,26 de março de 2026,165476,15ª Vara Criminal de Recife,em negociação
1683,6160516-66.2024.5.17.7150,402,Trabalhista,recurso,ativo,Dr. Melo,10/02/26,15/10/2026,227106,20ª Vara Cível de Recife,cliente não responde
1684,3724721-44.2021.9.75.5553,1107,cível,acordo extrajudicial,ativo,dr. melo,18 de janeiro de 2023,2025-07-18,,1ª Vara Criminal de Recife,cliente não responde
1685,7539718-58.2020.2.52.9800,964,Civil,audiência,ATIVO,Dra Fontes,21/03/23,24 de dezembro de 2026,R$ 7.231,14ª Vara Trabalhista de Recife,
1686,6416661-36.2021.8.21.8496,1035,trabalhista,sentença,closed,Dr. Barros,10/12/21,17/04/26,,8ª Vara Criminal de Recife,em negociação
1687,5732779-86.2025.4.28.7831,1497,cível,audiência,ativo,dr. melo,23 de fevereiro de 2024,25 de outubro de 2026,R$ 408.751,14ª Vara Cível de Recife,
1688,5788467-41.2023.8.93.8134,519,TRABALHISTA,inicial,encerrado,Dr. Barros,05/04/22,05/06/2025,R$ 36.909,11ª Vara Criminal de Recife,em negociação
1689,6982910-41.2023.8.91.8758,1082,Civil,acordo extrajudicial,ativo,Dra. Cavalcante,2022-09-07,3 de fevereiro de 2026,R$ 462.899,8ª Vara Criminal de Recife,
1690,7223110-52.2024.2.44.8994,402,TRABALHISTA,arquivado,ativo,Dra. Fontes,08/11/2025,2026-06-27,,13ª Vara Trabalhista de Recife,
1691,4768255-51.2022.4.94.5695,291,Civil,acordo extrajudicial,appeal,Dr. Melo,23 de agosto de 2022,2026-05-18,193696.00,17ª Vara Trabalhista de Recife,aguardando documentos
1692,5518767-82.2023.4.96.9873,63,trabalhista,sentença,em recurso,dr. melo,8 de dezembro de 2023,,,6ª Vara Criminal de Recife,
1693,8655267-17.2025.3.63.4188,921,TRABALHISTA,acordo extrajudicial,Encerrado,Dra Fontes,13/01/2026,2026-03-30,257785.00,12ª Vara Criminal de Recife,aguardando documentos
1694,2019436-32.2020.6.16.9856,543,cível,recurso,ativo,Dra. Fontes,2020-05-15,10 de dezembro de 2026,87749,13ª Vara Cível de Recife,
1695,9398629-61.2022.5.88.8253,483,trabalhista,acordo extrajudicial,appeal,dr. melo,2 de agosto de 2025,25/12/2025,148520.00,13ª Vara Cível de Recife,
1696,6334947-38.2020.4.71.6173,1189,civil,recurso,settlement,Dr. Barros,1 de fevereiro de 2024,06/07/25,319267,5ª Vara Trabalhista de Recife,cliente não responde
1697,2267110-24.2021.5.78.6025,1072,civil,acordo extrajudicial,Ativo,Dr. Melo,26/07/2021,25/11/26,378319,1ª Vara Criminal de Recife,aguardando documentos
1698,5271615-59.2021.2.54.6844,1047,TRABALHISTA,execução,ativo,Dr. Barros,2023-07-06,01/12/2025,,12ª Vara Criminal de Recife,aguardando documentos
1699,4584224-94.2025.2.57.2511,768,trabalhista,audiência,acordo,dr. melo,19 de agosto de 2022,28 de outubro de 2025,,5ª Vara Cível de Recife,
1700,7381740-86.2021.2.88.6570,1429,Civil,instrução,ativo,Dr. Barros,19/08/2023,31/08/2025,246284,16ª Vara Trabalhista de Recife,em negociação
1701,8306601-19.2020.3.50.7457,964,Trabalhista,inicial,ativo,Dra. Fontes,31/07/2023,2026-01-02,202834.00,14ª Vara Criminal de Recife,em negociação
1702,8530609-10.2021.5.41.7151,318,TRABALHISTA,inicial,active,DRA. CAVALCANTE,11/08/20,,408855.00,12ª Vara Criminal de Recife,
1703,8168450-48.2020.2.65.4570,449,trabalhista,execução,suspended,dr. melo,29/07/23,23/03/26,55287,9ª Vara Cível de Recife,
1704,8588997-88.2020.6.29.5987,1172,Trabalhista,acordo extrajudicial,ATIVO,Dra. Cavalcante,4 de julho de 2024,2025-07-23,46490,19ª Vara Trabalhista de Recife,aguardando documentos
1705,6018860-77.2022.1.94.1315,987,Civil,audiência,ativo,Dr. Barros,23/09/2020,,433470.00,5ª Vara Criminal de Recife,em negociação
1706,4229107-99.2020.7.61.3978,597,Trabalhista,instrução,active,Dra. Cavalcante,31/01/2025,26 de janeiro de 2025,R$ 125.167,9ª Vara Trabalhista de Recife,
1707,6524227-53.2025.1.97.6214,903,trabalhista,inicial,Encerrado,Dra. Fontes,5 de fevereiro de 2022,27/02/25,29817,2ª Vara Criminal de Recife,
1708,4768255-51.2022.4.94.5695,219,trabalhista,inicial,closed,Dr. Barros,11/12/22,14/07/26,225745,20ª Vara Criminal de Recife,
1709,8381610-96.2020.6.26.2533,557,civil,arquivado,acordo,Dra. Fontes,17/12/23,16/04/2026,102909.00,9ª Vara Criminal de Recife,urgente
1710,5074974-98.2023.8.21.9881,1085,civil,arquivado,encerrado,DRA. CAVALCANTE,07/04/24,29/01/2025,311400,13ª Vara Cível de Recife,
1711,2461262-96.2021.6.48.1315,200,Trabalhista,audiência,suspenso,Dra. Fontes,03/08/2020,06/10/26,33990,12ª Vara Criminal de Recife,
1712,2112478-55.2024.2.51.9095,739,Trabalhista,arquivado,ATIVO,Dra Fontes,12/09/2023,2026-08-12,R$ 305.382,20ª Vara Trabalhista de Recife,urgente
1713,5747786-52.2023.7.30.3750,463,trabalhista,recurso,ativo,Dr. Melo,2023-08-26,26 de março de 2025,14583.00,15ª Vara Trabalhista de Recife,em negociação
1714,4938178-62.2020.7.27.6072,1019,Civil,execução,encerrado,Dr. Barros,22 de julho de 2022,14/04/2025,,5ª Vara Cível de Recife,urgente
1715,9835331-11.2022.6.15.8602,394,trabalhista,inicial,closed,Dra. Fontes,2026-01-09,27/09/25,136014.00,10ª Vara Trabalhista de Recife,
1716,1931030-34.2024.8.48.5319,371,Civil,audiência,ativo,Dr. Barros,03/09/2024,20 de julho de 2026,397124,2ª Vara Cível de Recife,cliente não responde
1717,8209168-30.2020.1.41.7632,1140,Trabalhista,instrução,ATIVO,Dra. Fontes,03/09/23,17/01/2026,R$ 169.611,15ª Vara Criminal de Recife,
1718,2909764-51.2025.7.78.2223,1302,TRABALHISTA,execução,active,Dra Fontes,12/03/21,28/06/2026,402249.00,9ª Vara Trabalhista de Recife,urgente
1719,9798556-59.2021.3.62.3110,1222,Civil,acordo extrajudicial,Ativo,Dra. Cavalcante,2021-01-16,,,13ª Vara Trabalhista de Recife,urgente
1720,6096719-87.2023.1.41.6180,1134,Civil,audiência,ATIVO,DRA. CAVALCANTE,20 de agosto de 2022,12 de outubro de 2026,,12ª Vara Criminal de Recife,aguardando documentos
1721,5826200-20.2025.1.91.8748,1267,trabalhista,execução,active,Dra. Fontes,2023-02-27,2025-05-16,,6ª Vara Trabalhista de Recife,urgente
1722,7224257-29.2020.8.88.9110,1046,cível,arquivado,settlement,Dra. Cavalcante,31/01/21,2025-06-14,378465.00,7ª Vara Cível de Recife,
1723,8129073-22.2024.4.16.9656,739,Trabalhista,instrução,encerrado,Dra. Fontes,17/03/22,27/04/2025,,16ª Vara Cível de Recife,
1724,5451988-41.2020.2.82.4041,935,TRABALHISTA,sentença,em recurso,Dr. Barros,2022-07-17,23 de abril de 2025,,6ª Vara Trabalhista de Recife,aguardando documentos
1725,6524227-53.2025.1.97.6214,699,Trabalhista,instrução,acordo,Dra. Fontes,01/06/22,18 de novembro de 2025,,1ª Vara Trabalhista de Recife,
1726,8590346-68.2020.7.63.7780,977,cível,instrução,suspenso,Dr. Barros,18 de junho de 2025,16 de dezembro de 2025,304755.00,4ª Vara Criminal de Recife,
1727,8678370-92.2025.7.35.9962,593,trabalhista,instrução,acordo,DRA. CAVALCANTE,19/12/20,04/09/26,R$ 45.856,4ª Vara Trabalhista de Recife,
1728,7553290-31.2023.9.36.9282,885,Civil,inicial,appeal,dr. melo,30/09/20,31 de março de 2025,,20ª Vara Cível de Recife,
1729,5074974-98.2023.8.21.9881,667,trabalhista,audiência,em recurso,Dra Fontes,4 de janeiro de 2022,,55136,4ª Vara Trabalhista de Recife,cliente não responde
1730,3724721-44.2021.9.75.5553,157,TRABALHISTA,recurso,ATIVO,Dra. Fontes,30 de abril de 2025,15/06/26,51467.00,17ª Vara Cível de Recife,
1731,1664676-19.2021.8.64.4616,12,civil,acordo extrajudicial,encerrado,DRA. CAVALCANTE,22/02/21,03/11/25,56714,11ª Vara Criminal de Recife,em negociação
1732,1353022-94.2023.9.79.1203,1112,trabalhista,inicial,encerrado,Dr. Barros,27/03/25,8 de fevereiro de 2026,447972.00,8ª Vara Criminal de Recife,aguardando documentos
1733,8572382-61.2025.1.41.7172,784,cível,acordo extrajudicial,settlement,Dr. Barros,26/11/21,30/10/2026,321744.00,13ª Vara Trabalhista de Recife,
1734,4092125-65.2025.3.26.9073,7,civil,arquivado,appeal,Dr. Melo,2020-01-11,08/05/2025,R$ 274.088,2ª Vara Cível de Recife,
1735,7951127-89.2024.1.63.3502,1307,trabalhista,acordo extrajudicial,Encerrado,Dr. Barros,20/01/22,2026-05-24,326445.00,7ª Vara Cível de Recife,cliente não responde
1736,3306375-34.2024.9.48.9154,92,cível,execução,Ativo,Dr. Melo,16/03/25,04/08/25,402211,19ª Vara Cível de Recife,
1737,9086174-80.2025.1.81.3292,705,cível,recurso,em recurso,Dra Fontes,04/06/23,2025-04-09,,5ª Vara Trabalhista de Recife,
1738,7398699-88.2025.6.55.3587,778,Trabalhista,acordo extrajudicial,active,Dr. Melo,2 de outubro de 2021,12/01/25,348264.00,10ª Vara Cível de Recife,em negociação
1739,8572382-61.2025.1.41.7172,1246,Trabalhista,arquivado,encerrado,Dra. Fontes,12 de fevereiro de 2024,2025-02-20,R$ 156.275,2ª Vara Cível de Recife,urgente
1740,8157599-64.2024.2.89.5276,1106,trabalhista,execução,suspended,Dra. Fontes,14/04/22,2026-04-19,489334,18ª Vara Criminal de Recife,
1741,5614769-67.2022.9.87.1001,668,Trabalhista,execução,encerrado,Dra Fontes,14/06/25,03/09/26,213744,4ª Vara Cível de Recife,aguardando documentos
1742,2842764-33.2025.7.99.7279,1051,TRABALHISTA,recurso,Ativo,Dra. Fontes,19/10/2024,10/03/26,35528.00,6ª Vara Cível de Recife,cliente não responde
1743,8530609-10.2021.5.41.7151,503,Trabalhista,audiência,appeal,Dra Fontes,11/05/22,28/11/26,R$ 155.598,10ª Vara Criminal de Recife,em negociação
1744,3785792-10.2020.5.78.7940,680,Civil,arquivado,ativo,Dra. Fontes,01/11/2025,2026-07-30,R$ 459.869,20ª Vara Cível de Recife,
1745,1615190-23.2022.2.42.6238,510,trabalhista,audiência,Ativo,Dra. Cavalcante,2020-09-15,28/11/26,,9ª Vara Trabalhista de Recife,
1746,8607512-63.2021.6.82.1039,975,TRABALHISTA,inicial,Ativo,Dra. Cavalcante,2026-02-12,,25392.00,6ª Vara Cível de Recife,cliente não responde
1747,5159219-49.2023.5.25.3676,430,Civil,sentença,Ativo,Dra. Cavalcante,30/01/2021,2026-03-04,191169,9ª Vara Cível de Recife,
1748,7999133-20.2023.7.26.1121,473,TRABALHISTA,instrução,suspenso,Dr. Barros,23/04/2023,27 de julho de 2025,144812,20ª Vara Trabalhista de Recife,urgente
1749,4961530-22.2021.4.22.6290,903,cível,instrução,encerrado,Dr. Melo,2021-05-25,13/09/2026,R$ 286.402,6ª Vara Criminal de Recife,cliente não responde
1750,9822459-92.2024.8.17.6403,390,Civil,arquivado,Ativo,dr. melo,15 de junho de 2020,2026-02-01,452089,3ª Vara Criminal de Recife,urgente
1751,3401866-56.2021.1.87.5297,361,Trabalhista,audiência,em recurso,Dra. Cavalcante,16 de abril de 2023,21 de maio de 2025,,6ª Vara Criminal de Recife,urgente
1752,3724721-44.2021.9.75.5553,374,Civil,execução,em recurso,Dr. Barros,30/03/2020,2026-08-21,,20ª Vara Criminal de Recife,
1753,2895065-46.2022.7.67.1438,987,TRABALHISTA,recurso,ativo,Dr. Barros,18/11/25,07/08/2026,,13ª Vara Cível de Recife,
1754,6547287-16.2023.4.15.7491,1351,cível,inicial,encerrado,Dr. Melo,2021-08-04,06/01/26,,15ª Vara Cível de Recife,
1755,5733649-38.2020.2.35.3379,416,TRABALHISTA,sentença,suspended,Dr. Melo,29/08/25,31 de agosto de 2026,231890,7ª Vara Cível de Recife,
1756,3306375-34.2024.9.48.9154,331,civil,audiência,encerrado,Dr. Barros,11/12/20,23/09/26,,10ª Vara Criminal de Recife,
1757,1272937-41.2023.5.75.9958,38,Civil,acordo extrajudicial,Ativo,Dra Fontes,28 de setembro de 2020,29/07/2025,246669,2ª Vara Criminal de Recife,cliente não responde
1758,6524227-53.2025.1.97.6214,1185,cível,acordo extrajudicial,Ativo,Dr. Barros,13/02/22,18/06/26,477708.00,19ª Vara Trabalhista de Recife,em negociação
1759,2411026-52.2022.6.26.7373,343,trabalhista,arquivado,closed,DRA. CAVALCANTE,04/07/20,21/10/2026,474437.00,2ª Vara Criminal de Recife,aguardando documentos
1760,3975387-89.2023.4.55.7631,1493,Civil,execução,closed,Dra. Cavalcante,01/03/21,02/01/2026,R$ 353.773,16ª Vara Criminal de Recife,
1761,6982910-41.2023.8.91.8758,331,trabalhista,execução,Encerrado,Dr. Barros,2020-10-22,25 de junho de 2025,367854,19ª Vara Criminal de Recife,em negociação
1762,5124342-11.2025.5.50.6107,585,trabalhista,inicial,Ativo,Dr. Barros,30/03/23,27/01/2025,R$ 334.831,8ª Vara Criminal de Recife,cliente não responde
1763,6416661-36.2021.8.21.8496,1500,cível,sentença,Encerrado,DRA. CAVALCANTE,2025-01-26,2026-03-19,292353.00,5ª Vara Trabalhista de Recife,em negociação
1764,3418432-84.2025.3.59.5858,787,civil,sentença,Encerrado,dr. melo,08/01/2026,,,20ª Vara Trabalhista de Recife,cliente não responde
1765,3401866-56.2021.1.87.5297,734,Trabalhista,instrução,closed,DRA. CAVALCANTE,2020-11-02,2026-10-27,75923,8ª Vara Trabalhista de Recife,aguardando documentos
1766,3667022-35.2020.9.76.3115,4,civil,recurso,Encerrado,dr. melo,30 de março de 2025,20 de dezembro de 2025,197831.00,5ª Vara Cível de Recife,cliente não responde
1767,2129757-49.2025.4.14.5657,663,trabalhista,inicial,appeal,Dra. Fontes,31/01/20,10/07/25,,15ª Vara Trabalhista de Recife,
1768,3542616-60.2022.3.87.6536,484,civil,instrução,encerrado,DRA. CAVALCANTE,2024-08-25,17/09/26,367992,5ª Vara Trabalhista de Recife,cliente não responde
1769,6339808-70.2020.2.67.1325,405,Civil,recurso,encerrado,dr. melo,13/03/2020,22/09/2026,499785,8ª Vara Cível de Recife,
1770,6694761-39.2022.1.10.2199,1312,trabalhista,arquivado,Ativo,Dr. Barros,25/07/2025,15/02/26,107629,10ª Vara Trabalhista de Recife,
1771,7419280-60.2021.1.40.9417,1055,trabalhista,audiência,suspenso,Dr. Barros,2022-06-05,08/06/26,,9ª Vara Criminal de Recife,em negociação
1772,2895065-46.2022.7.67.1438,728,TRABALHISTA,recurso,ativo,DRA. CAVALCANTE,25/06/2022,3 de maio de 2025,232130,5ª Vara Cível de Recife,cliente não responde
1773,7381740-86.2021.2.88.6570,1313,Civil,inicial,encerrado,dr. melo,29 de setembro de 2021,2026-04-17,471602.00,7ª Vara Cível de Recife,urgente
1774,7398699-88.2025.6.55.3587,43,Trabalhista,instrução,em recurso,dr. melo,1 de novembro de 2022,17/01/25,R$ 334.533,10ª Vara Cível de Recife,urgente
1775,1676369-34.2022.3.47.6087,1496,trabalhista,execução,encerrado,Dr. Barros,7 de julho de 2023,27 de julho de 2025,,16ª Vara Criminal de Recife,
1776,8735892-74.2025.8.18.9411,982,TRABALHISTA,recurso,suspended,Dr. Barros,20/01/2020,2025-04-02,R$ 260.950,15ª Vara Cível de Recife,
1777,4494463-44.2022.5.80.7542,855,civil,instrução,encerrado,Dr. Barros,29/04/23,17/10/2025,,14ª Vara Cível de Recife,urgente
1778,5996426-23.2022.8.20.3566,86,cível,audiência,em recurso,dr. melo,7 de setembro de 2021,2026-03-05,301909,3ª Vara Trabalhista de Recife,em negociação
1779,4314934-26.2021.7.14.7244,23,TRABALHISTA,audiência,Encerrado,Dra. Cavalcante,26/11/21,2025-07-14,241871.00,2ª Vara Trabalhista de Recife,aguardando documentos
1780,7381740-86.2021.2.88.6570,392,Trabalhista,execução,active,Dra. Fontes,2025-05-30,14/03/2025,76994.00,8ª Vara Criminal de Recife,cliente não responde
1781,4202942-75.2025.6.91.7611,1308,Trabalhista,sentença,Ativo,Dra. Cavalcante,2021-09-23,6 de fevereiro de 2025,R$ 28.965,12ª Vara Criminal de Recife,aguardando documentos
1782,1754781-28.2025.6.89.2162,456,cível,instrução,appeal,DRA. CAVALCANTE,8 de março de 2021,4 de setembro de 2025,R$ 487.003,20ª Vara Cível de Recife,urgente
1783,5700249-43.2020.5.57.9341,959,TRABALHISTA,recurso,Encerrado,Dr. Barros,22 de maio de 2024,,,11ª Vara Cível de Recife,
1784,8220628-15.2021.8.54.9077,1406,cível,audiência,acordo,Dr. Barros,25/02/25,25 de janeiro de 2025,17175.00,18ª Vara Criminal de Recife,
1785,6992158-64.2024.5.43.7750,1259,cível,sentença,closed,Dra Fontes,2020-07-25,28/08/2026,7468,7ª Vara Criminal de Recife,
1786,6160516-66.2024.5.17.7150,173,civil,arquivado,closed,Dra Fontes,17/10/2022,22/01/25,151572,10ª Vara Trabalhista de Recife,
1787,1024421-54.2022.9.20.2563,904,cível,inicial,closed,Dr. Barros,04/08/2021,15/10/25,,13ª Vara Criminal de Recife,
1788,6476769-27.2021.5.22.2570,837,Civil,audiência,suspended,Dr. Melo,14 de abril de 2021,2 de novembro de 2026,R$ 270.256,1ª Vara Criminal de Recife,
1789,9062552-47.2024.4.22.8265,1459,civil,recurso,settlement,Dr. Melo,03/05/2025,2025-06-12,320086,11ª Vara Cível de Recife,
1790,4874996-38.2022.9.94.8154,431,civil,recurso,ATIVO,Dr. Barros,13 de julho de 2023,17/03/2025,,17ª Vara Trabalhista de Recife,em negociação
1791,4687348-31.2023.1.92.6907,218,trabalhista,instrução,em recurso,Dr. Melo,29/08/2020,11/09/2026,455418,4ª Vara Criminal de Recife,
1792,9774395-92.2023.2.75.3192,167,civil,execução,closed,Dra. Cavalcante,21 de abril de 2024,,136062,17ª Vara Cível de Recife,aguardando documentos
1793,8125196-18.2023.1.53.1215,31,Civil,instrução,closed,Dr. Melo,29 de julho de 2021,11 de dezembro de 2025,,2ª Vara Cível de Recife,urgente
1794,1185885-59.2023.7.19.8433,814,TRABALHISTA,acordo extrajudicial,suspended,dr. melo,30/09/25,16/04/2026,R$ 327.796,16ª Vara Criminal de Recife,urgente
1795,1438459-62.2020.7.78.3410,94,civil,execução,ATIVO,Dr. Melo,2025-04-26,02/01/2025,276138.00,4ª Vara Criminal de Recife,
1796,4090182-95.2021.1.57.7189,611,Civil,execução,suspended,Dra. Cavalcante,16/08/22,,,5ª Vara Trabalhista de Recife,aguardando documentos
1797,9498791-62.2022.6.73.9564,453,cível,inicial,settlement,Dr. Melo,09/01/2021,2026-03-06,37076,20ª Vara Trabalhista de Recife,
1798,9076234-78.2023.3.90.2702,178,Trabalhista,recurso,em recurso,Dr. Melo,17 de abril de 2020,3 de fevereiro de 2026,7178.00,13ª Vara Criminal de Recife,cliente não responde
1799,7224257-29.2020.8.88.9110,848,Trabalhista,inicial,settlement,Dr. Barros,08/11/2025,28/06/26,486626.00,18ª Vara Trabalhista de Recife,aguardando documentos
1800,9822459-92.2024.8.17.6403,1238,trabalhista,execução,suspenso,dr. melo,14 de novembro de 2022,,489393,15ª Vara Cível de Recife,
1801,4299848-20.2023.2.47.7396,1169,trabalhista,sentença,ativo,Dr. Barros,14/04/2020,20/08/2026,311296,16ª Vara Criminal de Recife,cliente não responde
1802,5545511-73.2023.1.66.9757,397,cível,instrução,encerrado,Dr. Melo,2024-12-02,,,15ª Vara Cível de Recife,
1803,3346094-93.2020.2.94.1759,1118,cível,audiência,ATIVO,Dra. Fontes,4 de outubro de 2025,02/11/2026,25654,3ª Vara Cível de Recife,em negociação
1804,2675642-32.2022.8.65.5499,651,Civil,execução,Encerrado,Dr. Barros,17/02/2021,20 de novembro de 2025,,3ª Vara Cível de Recife,
1805,2100417-68.2021.7.29.9662,1013,civil,audiência,ativo,Dr. Melo,26 de novembro de 2025,16/07/25,R$ 335.902,6ª Vara Trabalhista de Recife,cliente não responde
1806,7599278-46.2021.4.96.3535,282,TRABALHISTA,instrução,ATIVO,Dr. Barros,02/12/23,,R$ 464.868,20ª Vara Criminal de Recife,aguardando documentos
1807,1013314-48.2023.4.39.2083,529,cível,instrução,active,Dr. Barros,2025-08-26,2026-11-17,112035,6ª Vara Criminal de Recife,aguardando documentos
1808,6445422-21.2020.5.39.8096,1016,trabalhista,instrução,ATIVO,Dr. Barros,14/01/2020,,R$ 310.628,19ª Vara Cível de Recife,
1809,3879233-61.2024.5.30.1494,98,TRABALHISTA,audiência,appeal,Dr. Barros,19 de março de 2026,04/11/2026,464086,11ª Vara Criminal de Recife,
1810,6865513-17.2021.7.21.3938,721,cível,inicial,ativo,Dra Fontes,09/07/20,18/09/2026,485814.00,13ª Vara Cível de Recife,urgente
1811,9992831-61.2022.4.35.1469,140,cível,arquivado,closed,Dra. Fontes,28/12/2022,2026-07-08,,14ª Vara Criminal de Recife,
1812,8735892-74.2025.8.18.9411,912,civil,acordo extrajudicial,encerrado,Dra Fontes,27/07/2023,25/02/26,,12ª Vara Trabalhista de Recife,cliente não responde
1813,7941836-76.2025.4.34.6543,1296,cível,execução,ativo,Dra. Cavalcante,29/01/2021,22/09/25,,12ª Vara Cível de Recife,em negociação
1814,4874996-38.2022.9.94.8154,968,Civil,audiência,Ativo,Dr. Melo,27 de outubro de 2024,30/10/2025,,17ª Vara Criminal de Recife,cliente não responde
1815,2753004-76.2021.8.83.9874,52,trabalhista,recurso,closed,Dra. Cavalcante,22/11/2025,25/03/26,R$ 161.660,4ª Vara Cível de Recife,
1816,5631823-61.2020.5.47.1440,1345,trabalhista,instrução,settlement,Dr. Barros,2023-06-26,,,12ª Vara Trabalhista de Recife,em negociação
1817,7419280-60.2021.1.40.9417,442,Trabalhista,acordo extrajudicial,ativo,Dr. Barros,19 de julho de 2022,29/05/2026,160564,17ª Vara Trabalhista de Recife,em negociação
1818,6686912-30.2025.4.68.7078,366,Trabalhista,audiência,encerrado,Dr. Melo,27/04/2023,1 de fevereiro de 2026,R$ 425.570,16ª Vara Criminal de Recife,
1819,9489806-94.2021.2.55.9162,1271,Trabalhista,arquivado,encerrado,dr. melo,2024-12-31,22/04/2026,200153.00,12ª Vara Trabalhista de Recife,cliente não responde
1820,8905709-90.2020.9.55.2471,653,Trabalhista,sentença,encerrado,Dr. Barros,09/10/2020,,R$ 316.995,12ª Vara Trabalhista de Recife,em negociação
1821,5755257-93.2020.8.44.2882,1440,Civil,inicial,Ativo,Dr. Melo,2020-08-12,01/11/25,,2ª Vara Trabalhista de Recife,cliente não responde
1822,2837371-36.2022.7.88.5428,321,Civil,sentença,encerrado,Dr. Barros,2022-02-06,,R$ 288.470,19ª Vara Criminal de Recife,
1823,3675188-38.2025.9.53.3305,398,civil,recurso,ativo,Dra. Cavalcante,2025-05-12,21/12/2026,353672.00,5ª Vara Criminal de Recife,
1824,9810112-12.2021.1.97.8847,1245,trabalhista,acordo extrajudicial,em recurso,Dra. Fontes,26 de maio de 2025,7 de março de 2026,,18ª Vara Trabalhista de Recife,
1825,7236875-79.2024.7.97.5566,568,Civil,sentença,closed,dr. melo,10 de setembro de 2024,30/07/2026,254694,12ª Vara Criminal de Recife,
1826,3395583-64.2024.4.41.2181,900,TRABALHISTA,audiência,ATIVO,dr. melo,25 de dezembro de 2020,2026-08-19,131917,18ª Vara Criminal de Recife,
1827,9824532-76.2023.6.37.2040,1264,civil,audiência,ATIVO,Dr. Barros,14 de agosto de 2021,18 de junho de 2026,113947.00,16ª Vara Criminal de Recife,urgente
1828,5462435-11.2024.9.85.2977,532,Civil,acordo extrajudicial,encerrado,dr. melo,10/06/2025,1 de abril de 2026,311284.00,7ª Vara Cível de Recife,aguardando documentos
1829,6096719-87.2023.1.41.6180,899,TRABALHISTA,arquivado,suspended,Dra Fontes,12/08/2020,15 de novembro de 2026,R$ 415.383,11ª Vara Criminal de Recife,cliente não responde
1830,9573194-21.2022.1.35.8352,1362,TRABALHISTA,arquivado,Ativo,dr. melo,19 de dezembro de 2021,13 de março de 2025,409555.00,11ª Vara Cível de Recife,
1831,1099617-37.2023.9.61.1793,176,civil,instrução,suspenso,dr. melo,14 de agosto de 2022,9 de maio de 2025,,11ª Vara Cível de Recife,cliente não responde
1832,4131852-60.2020.1.89.9739,895,civil,acordo extrajudicial,ativo,Dra. Cavalcante,27/02/20,2025-12-25,61107,6ª Vara Cível de Recife,urgente
1833,5451988-41.2020.2.82.4041,160,Civil,audiência,suspenso,Dr. Barros,03/10/23,05/11/26,R$ 242.155,4ª Vara Trabalhista de Recife,aguardando documentos
1834,3168718-77.2025.2.92.8027,286,trabalhista,acordo extrajudicial,ativo,Dr. Barros,24/05/2021,31/10/2026,48129,2ª Vara Criminal de Recife,em negociação
1835,4874996-38.2022.9.94.8154,521,Trabalhista,audiência,ativo,DRA. CAVALCANTE,2024-01-14,2026-05-13,R$ 118.558,20ª Vara Cível de Recife,
1836,8157599-64.2024.2.89.5276,1357,cível,arquivado,encerrado,Dra. Fontes,17 de maio de 2024,2025-09-26,10207,20ª Vara Criminal de Recife,em negociação
1837,2397582-22.2023.9.93.4223,1019,trabalhista,audiência,em recurso,Dra Fontes,21 de setembro de 2025,9 de dezembro de 2025,R$ 477.231,2ª Vara Criminal de Recife,
1838,1735592-50.2022.9.87.5612,613,cível,audiência,Encerrado,dr. melo,28/04/26,22/09/2026,204020.00,15ª Vara Criminal de Recife,
1839,9898363-27.2020.4.89.2966,854,TRABALHISTA,arquivado,suspenso,dr. melo,20 de setembro de 2023,29 de junho de 2026,403010,8ª Vara Cível de Recife,
1840,2016341-89.2023.7.48.2724,1086,trabalhista,sentença,acordo,Dr. Melo,2025-02-21,09/09/2025,R$ 364.364,2ª Vara Cível de Recife,em negociação
1841,6339266-27.2025.5.15.6766,699,trabalhista,instrução,closed,DRA. CAVALCANTE,11/05/22,13/10/2025,,6ª Vara Cível de Recife,urgente
1842,4460247-99.2024.9.97.4840,3,TRABALHISTA,audiência,ativo,Dra Fontes,2020-11-12,2025-02-17,,10ª Vara Trabalhista de Recife,aguardando documentos
1843,1438459-62.2020.7.78.3410,588,trabalhista,acordo extrajudicial,appeal,Dr. Barros,2022-11-16,14 de novembro de 2025,338354.00,5ª Vara Cível de Recife,
1844,4961530-22.2021.4.22.6290,1360,Civil,acordo extrajudicial,ATIVO,Dra. Fontes,15/11/2024,2026-05-08,R$ 292.300,20ª Vara Trabalhista de Recife,cliente não responde
1845,6927716-18.2022.9.56.1445,699,cível,sentença,ativo,Dr. Barros,2023-01-16,20/05/2025,R$ 498.909,7ª Vara Cível de Recife,urgente
1846,4961530-22.2021.4.22.6290,245,civil,audiência,acordo,Dr. Barros,2025-03-29,,,10ª Vara Trabalhista de Recife,cliente não responde
1847,8539686-69.2023.4.36.2235,616,Civil,instrução,encerrado,Dra Fontes,2021-02-26,23/04/25,,4ª Vara Criminal de Recife,
1848,7722274-26.2024.9.14.7062,612,TRABALHISTA,audiência,suspended,dr. melo,24/10/2024,09/08/26,R$ 155.320,1ª Vara Criminal de Recife,
1849,2519059-58.2022.7.86.4385,710,cível,sentença,ATIVO,Dra Fontes,2024-03-28,11 de julho de 2025,444585.00,13ª Vara Trabalhista de Recife,
1850,1165147-13.2020.2.47.5874,14,trabalhista,sentença,suspended,Dra Fontes,15 de outubro de 2025,15/07/2026,494565,2ª Vara Trabalhista de Recife,cliente não responde
1851,5631823-61.2020.5.47.1440,641,Trabalhista,arquivado,ativo,Dra. Cavalcante,30/12/2022,2026-11-09,309690,6ª Vara Cível de Recife,
1852,8886588-26.2020.9.65.6361,1042,civil,inicial,encerrado,Dr. Melo,2020-06-13,2025-05-24,R$ 193.190,2ª Vara Criminal de Recife,aguardando documentos
1853,6547287-16.2023.4.15.7491,1180,TRABALHISTA,inicial,ATIVO,Dr. Melo,08/04/23,14 de março de 2025,450215.00,16ª Vara Criminal de Recife,
1854,1273300-90.2024.2.80.7378,954,cível,instrução,ATIVO,Dra. Cavalcante,18 de junho de 2025,15 de fevereiro de 2025,216230,14ª Vara Cível de Recife,
1855,3576390-15.2021.2.82.8209,404,TRABALHISTA,recurso,closed,Dr. Melo,27 de novembro de 2023,,476707.00,7ª Vara Cível de Recife,cliente não responde
1856,5703772-88.2020.8.34.6114,125,trabalhista,instrução,ATIVO,dr. melo,16 de outubro de 2024,21/09/25,,15ª Vara Trabalhista de Recife,em negociação
1857,3679963-72.2020.9.29.7859,1352,TRABALHISTA,execução,acordo,Dra. Cavalcante,10 de novembro de 2021,09/11/2025,R$ 370.736,9ª Vara Cível de Recife,urgente
1858,2112478-55.2024.2.51.9095,556,Trabalhista,inicial,encerrado,Dra. Cavalcante,2025-04-28,2025-07-02,R$ 175.455,16ª Vara Trabalhista de Recife,em negociação
1859,6779292-61.2021.4.86.2783,337,trabalhista,execução,suspenso,Dra. Fontes,11/09/23,,,15ª Vara Criminal de Recife,urgente
1860,5492622-29.2021.9.92.7737,161,Trabalhista,inicial,active,Dr. Melo,2020-03-18,05/09/2026,,9ª Vara Trabalhista de Recife,aguardando documentos
1861,2397582-22.2023.9.93.4223,489,Trabalhista,execução,em recurso,Dra. Fontes,2025-09-12,29/03/25,,3ª Vara Trabalhista de Recife,cliente não responde
1862,6011987-71.2020.8.10.4396,1298,Trabalhista,inicial,ATIVO,Dr. Melo,2025-08-23,26/05/26,56648.00,18ª Vara Cível de Recife,
1863,5947618-28.2023.6.53.6118,112,Civil,arquivado,acordo,dr. melo,2026-01-04,24/11/2025,108829.00,17ª Vara Trabalhista de Recife,cliente não responde
1864,3395583-64.2024.4.41.2181,611,cível,sentença,closed,dr. melo,13 de julho de 2022,17/02/26,,8ª Vara Cível de Recife,em negociação
1865,4584224-94.2025.2.57.2511,1354,civil,arquivado,active,Dr. Melo,20/01/2024,15/02/25,,6ª Vara Trabalhista de Recife,aguardando documentos
1866,1099617-37.2023.9.61.1793,162,cível,arquivado,active,Dr. Barros,6 de novembro de 2021,8 de maio de 2026,450286.00,1ª Vara Trabalhista de Recife,
1867,6418382-43.2020.8.63.9133,889,civil,arquivado,Encerrado,DRA. CAVALCANTE,08/07/2024,13/04/2025,R$ 296.569,1ª Vara Trabalhista de Recife,
1868,1933296-95.2024.5.69.8317,883,trabalhista,recurso,settlement,DRA. CAVALCANTE,01/04/20,2025-11-26,367319.00,19ª Vara Cível de Recife,aguardando documentos
1869,7323234-16.2020.9.59.5035,1212,cível,arquivado,ativo,Dra. Cavalcante,06/05/21,24 de novembro de 2025,477581,19ª Vara Trabalhista de Recife,
1870,9076234-78.2023.3.90.2702,1401,trabalhista,arquivado,suspended,Dr. Melo,19/09/2021,2025-12-18,441782,18ª Vara Trabalhista de Recife,
1871,5050722-10.2024.8.29.4298,1283,Civil,instrução,appeal,dr. melo,09/06/2020,2025-12-23,R$ 484.628,20ª Vara Cível de Recife,urgente
1872,7544569-30.2022.4.91.9370,336,TRABALHISTA,execução,ativo,Dra. Fontes,11 de julho de 2020,2026-12-04,268163.00,16ª Vara Cível de Recife,urgente
1873,4433355-55.2023.8.48.9346,1363,civil,recurso,closed,Dr. Melo,11 de março de 2023,,R$ 262.655,3ª Vara Trabalhista de Recife,
1874,3679963-72.2020.9.29.7859,932,civil,instrução,acordo,Dra Fontes,2025-08-18,26/06/2026,19821.00,8ª Vara Cível de Recife,em negociação
1875,5853247-29.2020.7.62.8870,1308,Trabalhista,execução,suspended,Dra. Cavalcante,2026-02-20,19/09/2025,R$ 435.418,4ª Vara Trabalhista de Recife,cliente não responde
1876,4065326-72.2025.8.58.5304,1144,cível,acordo extrajudicial,encerrado,Dr. Barros,08/07/25,30/09/25,225466,13ª Vara Cível de Recife,aguardando documentos
1877,7222167-30.2022.8.44.7452,636,cível,audiência,ativo,Dra. Cavalcante,11/02/26,2025-07-20,,16ª Vara Cível de Recife,cliente não responde
1878,5755257-93.2020.8.44.2882,214,cível,instrução,settlement,Dra Fontes,28 de janeiro de 2022,16/09/2026,R$ 122.560,12ª Vara Trabalhista de Recife,
1879,8936104-83.2022.1.39.7934,963,cível,sentença,Encerrado,Dra. Cavalcante,24 de março de 2024,01/12/2026,R$ 305.975,15ª Vara Criminal de Recife,
1880,1887163-62.2025.9.93.1037,1029,Trabalhista,audiência,ativo,Dr. Barros,10 de fevereiro de 2025,31 de outubro de 2025,236900,16ª Vara Trabalhista de Recife,urgente
1881,8630644-97.2025.3.28.1296,1417,civil,audiência,ativo,Dra Fontes,2020-05-19,2026-02-26,,8ª Vara Criminal de Recife,
1882,6927716-18.2022.9.56.1445,958,Trabalhista,sentença,settlement,Dra. Cavalcante,12/11/24,28 de maio de 2026,R$ 32.366,9ª Vara Trabalhista de Recife,
1883,4768255-51.2022.4.94.5695,737,civil,recurso,suspenso,Dra Fontes,2021-07-08,,,17ª Vara Criminal de Recife,
1884,9108785-98.2021.3.78.6687,1463,cível,audiência,suspended,DRA. CAVALCANTE,9 de agosto de 2025,12/08/2025,286794.00,20ª Vara Criminal de Recife,aguardando documentos
1885,7544569-30.2022.4.91.9370,141,TRABALHISTA,recurso,ativo,Dr. Barros,06/12/20,2025-10-16,,15ª Vara Cível de Recife,cliente não responde
1886,6524227-53.2025.1.97.6214,585,TRABALHISTA,instrução,Encerrado,Dra. Cavalcante,2024-12-06,12/06/25,,9ª Vara Cível de Recife,urgente
1887,5732779-86.2025.4.28.7831,1484,cível,instrução,active,dr. melo,2024-09-06,9 de outubro de 2026,,18ª Vara Criminal de Recife,urgente
1888,5438623-45.2022.4.51.7250,171,trabalhista,audiência,appeal,Dra. Cavalcante,18/06/2024,05/03/2025,,15ª Vara Cível de Recife,
1889,7224257-29.2020.8.88.9110,684,Trabalhista,acordo extrajudicial,suspended,Dr. Melo,17/11/2020,15/09/2026,,11ª Vara Cível de Recife,
1890,5058333-37.2021.3.98.8848,789,Trabalhista,acordo extrajudicial,closed,Dra. Cavalcante,01/09/22,10/05/26,442998,10ª Vara Trabalhista de Recife,
1891,3510061-32.2020.9.13.4424,507,Civil,instrução,em recurso,DRA. CAVALCANTE,2024-08-26,05/11/2025,220305.00,13ª Vara Cível de Recife,
1892,1974389-81.2024.5.57.9354,844,cível,audiência,settlement,Dr. Barros,19/03/20,,R$ 114.467,1ª Vara Cível de Recife,aguardando documentos
1893,7765112-69.2024.9.62.5648,847,trabalhista,execução,ATIVO,Dr. Barros,3 de março de 2025,,,17ª Vara Criminal de Recife,
1894,5625093-80.2022.9.16.6618,543,Civil,sentença,encerrado,DRA. CAVALCANTE,2023-01-27,10 de outubro de 2025,364177,12ª Vara Cível de Recife,aguardando documentos
1895,8368372-34.2020.6.43.9691,1370,trabalhista,instrução,acordo,DRA. CAVALCANTE,02/11/25,2026-01-23,,4ª Vara Cível de Recife,
1896,5214684-96.2020.6.84.9986,176,civil,instrução,active,dr. melo,09/12/2021,2025-10-14,144083.00,19ª Vara Cível de Recife,cliente não responde
1897,8368372-34.2020.6.43.9691,743,cível,arquivado,active,Dra. Cavalcante,15/05/22,2026-11-24,R$ 424.806,19ª Vara Cível de Recife,
1898,5700249-43.2020.5.57.9341,878,TRABALHISTA,instrução,ATIVO,Dra. Cavalcante,22/11/2021,11/08/2026,R$ 395.063,1ª Vara Trabalhista de Recife,
1899,3168718-77.2025.2.92.8027,1090,cível,sentença,closed,Dra. Fontes,3 de janeiro de 2023,1 de março de 2026,263766.00,1ª Vara Trabalhista de Recife,aguardando documentos
1900,4314934-26.2021.7.14.7244,195,trabalhista,recurso,encerrado,Dr. Barros,2022-07-24,22/12/26,114872,3ª Vara Trabalhista de Recife,
1901,5826200-20.2025.1.91.8748,885,Trabalhista,sentença,suspended,Dra Fontes,28/06/23,16/12/2026,381828.00,4ª Vara Trabalhista de Recife,em negociação
1902,3263740-44.2022.3.81.5402,1363,civil,sentença,encerrado,Dr. Barros,18 de dezembro de 2025,2026-07-06,157161,18ª Vara Cível de Recife,em negociação
1903,7848147-32.2021.6.58.3528,820,TRABALHISTA,acordo extrajudicial,em recurso,Dr. Barros,2020-01-17,18/03/26,,5ª Vara Criminal de Recife,
1904,8986773-71.2022.6.45.5854,285,Civil,arquivado,suspenso,Dr. Barros,30/03/22,2026-07-24,88131,4ª Vara Trabalhista de Recife,
1905,7862554-22.2024.7.83.6459,1068,cível,acordo extrajudicial,encerrado,dr. melo,23/11/23,12/10/25,,7ª Vara Trabalhista de Recife,
1906,2328070-99.2024.8.57.5561,8,TRABALHISTA,inicial,ATIVO,dr. melo,02/05/24,06/07/25,R$ 134.353,10ª Vara Trabalhista de Recife,cliente não responde
1907,1742202-63.2023.6.68.9372,476,Trabalhista,instrução,acordo,DRA. CAVALCANTE,2024-02-20,6 de janeiro de 2025,,18ª Vara Cível de Recife,cliente não responde
1908,3675188-38.2025.9.53.3305,1370,civil,arquivado,ativo,Dr. Barros,29/12/21,01/01/2025,497233.00,7ª Vara Criminal de Recife,em negociação
1909,2837371-36.2022.7.88.5428,909,Civil,acordo extrajudicial,closed,dr. melo,06/11/2021,2025-09-14,R$ 95.123,11ª Vara Trabalhista de Recife,aguardando documentos
1910,7115217-41.2025.1.67.7692,1492,cível,sentença,active,Dr. Melo,28/03/2020,19/10/2026,R$ 475.616,19ª Vara Cível de Recife,
1911,9252661-70.2020.1.46.1185,1283,civil,sentença,closed,dr. melo,11 de março de 2022,27/11/26,R$ 115.928,19ª Vara Cível de Recife,aguardando documentos
1912,6105303-92.2021.4.39.3868,24,Civil,inicial,suspended,Dra. Cavalcante,04/03/20,2025-06-21,R$ 489.700,15ª Vara Criminal de Recife,em negociação
1913,3260101-88.2022.8.37.9169,1050,Civil,recurso,appeal,dr. melo,22 de novembro de 2021,2025-02-04,94515.00,16ª Vara Criminal de Recife,
1914,2895065-46.2022.7.67.1438,478,cível,acordo extrajudicial,encerrado,Dra. Cavalcante,09/03/21,20 de fevereiro de 2025,82815.00,19ª Vara Cível de Recife,cliente não responde
1915,2884639-86.2023.2.31.8737,1109,civil,instrução,Ativo,DRA. CAVALCANTE,04/02/22,7 de junho de 2026,,19ª Vara Trabalhista de Recife,
1916,7243958-65.2020.5.25.5047,906,Civil,recurso,closed,Dr. Melo,19/07/2024,28 de maio de 2026,70972.00,5ª Vara Trabalhista de Recife,aguardando documentos
1917,7141324-67.2025.3.86.3413,873,cível,execução,acordo,Dra. Fontes,28/07/2022,1 de agosto de 2026,,11ª Vara Trabalhista de Recife,cliente não responde
1918,7419280-60.2021.1.40.9417,1500,Trabalhista,acordo extrajudicial,Ativo,DRA. CAVALCANTE,30 de novembro de 2020,6 de novembro de 2025,348421.00,3ª Vara Criminal de Recife,em negociação
1919,9686751-57.2022.7.62.3494,1320,trabalhista,recurso,active,DRA. CAVALCANTE,2022-06-15,17/08/25,,7ª Vara Trabalhista de Recife,
1920,7599278-46.2021.4.96.3535,1293,Civil,arquivado,encerrado,DRA. CAVALCANTE,18/09/2024,23/04/25,,3ª Vara Trabalhista de Recife,
1921,9319285-35.2025.3.19.9131,238,Trabalhista,execução,closed,DRA. CAVALCANTE,2021-04-14,29 de dezembro de 2026,,8ª Vara Trabalhista de Recife,cliente não responde
1922,3679963-72.2020.9.29.7859,867,cível,execução,settlement,Dra. Cavalcante,02/07/2022,07/04/26,371972.00,4ª Vara Cível de Recife,urgente
1923,3401866-56.2021.1.87.5297,1138,trabalhista,execução,suspended,dr. melo,21/08/2022,22/12/25,389848,17ª Vara Criminal de Recife,cliente não responde
1924,5788467-41.2023.8.93.8134,1027,Trabalhista,audiência,closed,Dra Fontes,27 de agosto de 2023,,R$ 186.589,19ª Vara Criminal de Recife,em negociação
1925,3778380-86.2023.9.32.5849,1314,Civil,execução,em recurso,DRA. CAVALCANTE,26/12/2025,29/07/2025,153703.00,20ª Vara Cível de Recife,
1926,1101935-78.2023.5.88.5299,853,TRABALHISTA,recurso,Ativo,Dra. Cavalcante,9 de fevereiro de 2022,15/07/2025,,10ª Vara Cível de Recife,em negociação
1927,2267110-24.2021.5.78.6025,487,TRABALHISTA,inicial,active,DRA. CAVALCANTE,11/10/2023,12/08/2026,230776.00,13ª Vara Trabalhista de Recife,
1928,5438623-45.2022.4.51.7250,1179,TRABALHISTA,audiência,closed,Dr. Barros,5 de fevereiro de 2021,,175937.00,11ª Vara Cível de Recife,cliente não responde
1929,3541821-31.2021.8.96.1927,593,Civil,recurso,acordo,DRA. CAVALCANTE,09/02/22,9 de janeiro de 2026,R$ 179.202,15ª Vara Criminal de Recife,
1930,6865513-17.2021.7.21.3938,841,civil,arquivado,closed,Dra Fontes,03/09/2022,24 de março de 2025,,15ª Vara Criminal de Recife,urgente
1931,8157599-64.2024.2.89.5276,512,Civil,instrução,suspended,DRA. CAVALCANTE,13/12/20,29/09/2026,235621.00,4ª Vara Criminal de Recife,
1932,9835331-11.2022.6.15.8602,1030,Civil,execução,acordo,Dr. Barros,12/05/24,18/12/2026,R$ 350.219,20ª Vara Trabalhista de Recife,urgente
1933,5850223-43.2020.3.81.3185,1018,trabalhista,execução,encerrado,DRA. CAVALCANTE,06/05/2023,13/07/26,353432,20ª Vara Trabalhista de Recife,
1934,8220628-15.2021.8.54.9077,1175,civil,inicial,ativo,dr. melo,2020-03-28,23/10/26,94109,4ª Vara Trabalhista de Recife,
1935,3401866-56.2021.1.87.5297,1130,Trabalhista,inicial,ativo,Dra. Fontes,16/02/25,4 de fevereiro de 2026,448993,6ª Vara Cível de Recife,em negociação
1936,5462435-11.2024.9.85.2977,213,TRABALHISTA,inicial,Ativo,Dra Fontes,14 de julho de 2024,22/12/2025,73661.00,15ª Vara Criminal de Recife,
1937,5492622-29.2021.9.92.7737,459,civil,inicial,Ativo,Dr. Barros,2021-02-25,30 de maio de 2025,R$ 224.387,20ª Vara Criminal de Recife,
1938,8607512-63.2021.6.82.1039,370,civil,acordo extrajudicial,ativo,Dra. Cavalcante,2025-01-06,03/03/26,R$ 444.285,14ª Vara Cível de Recife,
1939,1966014-66.2022.7.82.2137,1343,trabalhista,inicial,acordo,Dra Fontes,02/12/2020,2026-07-19,R$ 411.135,2ª Vara Cível de Recife,
1940,6476769-27.2021.5.22.2570,457,Civil,acordo extrajudicial,active,Dr. Barros,2023-06-19,,409240,8ª Vara Cível de Recife,em negociação
1941,2328070-99.2024.8.57.5561,697,Civil,audiência,Encerrado,Dra. Fontes,2024-08-25,23 de julho de 2026,412187,8ª Vara Trabalhista de Recife,
1942,1896520-28.2021.5.90.5374,309,Civil,arquivado,closed,Dr. Barros,03/11/2022,18 de junho de 2026,R$ 206.325,7ª Vara Cível de Recife,
1943,7848147-32.2021.6.58.3528,889,TRABALHISTA,instrução,active,Dr. Melo,2025-09-27,27/03/25,142812.00,12ª Vara Cível de Recife,
1944,5274951-77.2021.1.76.5120,1116,Trabalhista,execução,em recurso,Dra. Fontes,03/03/20,21 de março de 2025,477665,11ª Vara Criminal de Recife,
1945,3667022-35.2020.9.76.3115,895,cível,sentença,Encerrado,Dr. Barros,2023-11-09,08/04/2026,69404.00,10ª Vara Trabalhista de Recife,cliente não responde
1946,4687348-31.2023.1.92.6907,1418,civil,audiência,acordo,Dra Fontes,2024-04-08,2026-09-26,R$ 29.802,10ª Vara Cível de Recife,
1947,6053412-12.2021.6.72.8346,922,TRABALHISTA,execução,encerrado,Dr. Barros,22 de julho de 2022,2026-11-09,451970.00,6ª Vara Cível de Recife,
1948,8572382-61.2025.1.41.7172,649,cível,acordo extrajudicial,suspenso,Dr. Barros,05/02/20,2026-09-23,,5ª Vara Cível de Recife,cliente não responde
1949,8215015-64.2021.5.32.1893,1431,Trabalhista,acordo extrajudicial,closed,Dra. Cavalcante,02/10/22,,326153.00,13ª Vara Cível de Recife,
1950,3505690-87.2020.8.52.6260,381,Civil,arquivado,active,DRA. CAVALCANTE,2024-09-06,15/02/26,446378,16ª Vara Criminal de Recife,cliente não responde
1951,2966787-79.2022.1.41.9944,278,Trabalhista,sentença,ativo,Dra. Fontes,3 de fevereiro de 2020,2025-08-08,282245.00,14ª Vara Criminal de Recife,em negociação
1952,7544569-30.2022.4.91.9370,1456,Civil,acordo extrajudicial,ativo,Dra Fontes,21/06/24,07/08/25,91085.00,14ª Vara Cível de Recife,em negociação
1953,6339266-27.2025.5.15.6766,341,Civil,execução,settlement,Dra. Fontes,31 de janeiro de 2025,22/12/2026,386193,18ª Vara Criminal de Recife,
1954,6414076-16.2021.7.78.8273,324,trabalhista,execução,suspenso,Dra. Fontes,15/01/23,24/10/25,422613,17ª Vara Trabalhista de Recife,em negociação
1955,6445422-21.2020.5.39.8096,810,Civil,instrução,settlement,DRA. CAVALCANTE,11/12/22,07/10/26,330394.00,5ª Vara Trabalhista de Recife,cliente não responde
1956,8655267-17.2025.3.63.4188,983,trabalhista,instrução,encerrado,Dra. Fontes,10/01/2023,2026-07-02,,5ª Vara Cível de Recife,cliente não responde
1957,7486138-99.2020.5.81.4332,721,Civil,sentença,Ativo,DRA. CAVALCANTE,4 de outubro de 2023,2025-04-25,,15ª Vara Criminal de Recife,em negociação
1958,9076234-78.2023.3.90.2702,446,cível,inicial,active,Dra Fontes,14 de setembro de 2022,2026-09-19,298238.00,11ª Vara Cível de Recife,aguardando documentos
1959,2186433-37.2022.2.12.4344,1228,Trabalhista,sentença,encerrado,Dra. Fontes,18/10/2025,01/08/2026,468131,15ª Vara Cível de Recife,aguardando documentos
1960,1602496-64.2022.5.79.8340,622,Civil,audiência,Ativo,Dr. Melo,30 de maio de 2020,02/05/25,R$ 144.000,17ª Vara Trabalhista de Recife,urgente
1961,6779292-61.2021.4.86.2783,1300,trabalhista,acordo extrajudicial,ativo,Dra. Cavalcante,27/05/24,23 de novembro de 2026,97878.00,9ª Vara Trabalhista de Recife,urgente
1962,6254488-31.2024.9.48.3216,171,cível,audiência,acordo,Dra Fontes,13/04/22,13/03/25,132985,11ª Vara Trabalhista de Recife,
1963,6416661-36.2021.8.21.8496,183,Trabalhista,sentença,suspenso,Dr. Barros,27/10/20,05/12/26,112203.00,20ª Vara Cível de Recife,
1964,4510407-23.2020.5.18.6055,1176,civil,sentença,appeal,Dr. Barros,12 de setembro de 2021,18/06/25,,2ª Vara Criminal de Recife,urgente
1965,1614850-25.2020.8.85.3161,413,cível,arquivado,suspended,Dr. Barros,2024-08-01,03/03/2025,,11ª Vara Criminal de Recife,em negociação
1966,8843990-84.2020.6.68.3017,1189,trabalhista,audiência,ativo,DRA. CAVALCANTE,15/03/2020,25/05/2025,179281.00,6ª Vara Trabalhista de Recife,
1967,4131852-60.2020.1.89.9739,1403,TRABALHISTA,arquivado,em recurso,dr. melo,25/10/24,22/04/2026,,10ª Vara Cível de Recife,
1968,7323234-16.2020.9.59.5035,177,cível,sentença,acordo,Dr. Barros,2021-05-04,,,1ª Vara Trabalhista de Recife,
1969,4134515-43.2021.8.70.4879,466,civil,audiência,suspended,Dr. Barros,11/12/2023,7 de junho de 2025,423622,12ª Vara Criminal de Recife,em negociação
1970,5625093-80.2022.9.16.6618,1490,civil,sentença,Encerrado,Dra Fontes,1 de setembro de 2021,30/05/26,R$ 109.491,13ª Vara Criminal de Recife,aguardando documentos
1971,1445483-93.2023.1.61.7357,30,civil,audiência,closed,Dr. Barros,7 de janeiro de 2022,19/10/25,R$ 169.632,4ª Vara Trabalhista de Recife,em negociação
1972,3054975-46.2023.4.85.5879,196,trabalhista,inicial,ativo,Dra Fontes,01/03/2025,24/05/26,28635,6ª Vara Criminal de Recife,aguardando documentos
1973,8843990-84.2020.6.68.3017,10,cível,acordo extrajudicial,ativo,Dra. Fontes,24/04/25,09/06/2026,142670.00,20ª Vara Cível de Recife,cliente não responde
1974,8607512-63.2021.6.82.1039,544,Civil,execução,suspended,Dra Fontes,29 de junho de 2020,11 de novembro de 2025,,19ª Vara Trabalhista de Recife,em negociação
1975,2328070-99.2024.8.57.5561,663,cível,sentença,Encerrado,Dr. Barros,14 de abril de 2021,24 de julho de 2025,310303.00,18ª Vara Criminal de Recife,
1976,1887163-62.2025.9.93.1037,29,Trabalhista,arquivado,settlement,Dra Fontes,23/08/2022,01/10/26,57459,11ª Vara Criminal de Recife,em negociação
1977,8368255-39.2020.9.60.4414,381,trabalhista,arquivado,settlement,Dra Fontes,01/07/25,13/04/26,,14ª Vara Criminal de Recife,urgente
1978,7486029-45.2024.4.25.3159,903,TRABALHISTA,acordo extrajudicial,Ativo,Dra. Fontes,19/02/21,31 de agosto de 2025,,19ª Vara Trabalhista de Recife,
1979,5058333-37.2021.3.98.8848,146,civil,acordo extrajudicial,encerrado,Dr. Barros,2023-05-17,17/06/25,R$ 148.068,11ª Vara Cível de Recife,
1980,7438163-48.2021.3.47.1186,168,trabalhista,instrução,ativo,Dra. Fontes,02/01/2023,11/03/25,R$ 52.052,3ª Vara Criminal de Recife,urgente
1981,5074974-98.2023.8.21.9881,958,Trabalhista,audiência,acordo,Dra. Cavalcante,2025-04-29,09/04/25,103995.00,3ª Vara Cível de Recife,
1982,3675188-38.2025.9.53.3305,1421,Civil,inicial,suspenso,Dra Fontes,15 de setembro de 2025,26/05/2026,342514,9ª Vara Criminal de Recife,
1983,7999133-20.2023.7.26.1121,1422,trabalhista,execução,settlement,DRA. CAVALCANTE,31/12/21,27 de novembro de 2026,95301.00,10ª Vara Trabalhista de Recife,urgente
1984,5492622-29.2021.9.92.7737,1243,civil,sentença,suspenso,Dra Fontes,23 de fevereiro de 2025,30/08/2025,279324.00,8ª Vara Cível de Recife,em negociação
1985,9302979-43.2025.9.68.7487,567,trabalhista,audiência,ATIVO,Dra Fontes,10/07/2020,07/08/2026,,5ª Vara Criminal de Recife,
1986,6927716-18.2022.9.56.1445,4,TRABALHISTA,arquivado,suspenso,Dra. Fontes,24 de junho de 2021,20/07/26,363954,20ª Vara Cível de Recife,
1987,8382607-83.2020.6.26.3936,934,civil,recurso,Ativo,DRA. CAVALCANTE,02/07/2025,20 de junho de 2025,,18ª Vara Cível de Recife,
1988,9425559-65.2022.6.99.1309,1060,civil,inicial,suspenso,Dr. Melo,06/12/21,04/07/2026,R$ 388.122,14ª Vara Trabalhista de Recife,cliente não responde
1989,4568537-97.2021.4.82.7633,415,cível,sentença,ativo,Dr. Barros,2022-01-11,2025-05-04,59260.00,11ª Vara Criminal de Recife,em negociação
1990,8986773-71.2022.6.45.5854,358,trabalhista,acordo extrajudicial,suspenso,Dr. Barros,11/08/2021,2025-09-23,,17ª Vara Cível de Recife,aguardando documentos
1991,2480014-80.2024.2.29.9847,1320,Civil,sentença,encerrado,dr. melo,3 de novembro de 2021,2025-07-16,,4ª Vara Criminal de Recife,aguardando documentos
1992,8936104-83.2022.1.39.7934,911,civil,arquivado,encerrado,Dra. Cavalcante,2022-03-17,2025-04-24,399652,3ª Vara Trabalhista de Recife,
1993,7274275-74.2020.1.22.9780,732,Civil,sentença,settlement,Dra Fontes,24/09/21,22/02/25,,9ª Vara Cível de Recife,
1994,5788467-41.2023.8.93.8134,703,trabalhista,recurso,ativo,Dr. Melo,2025-07-06,09/01/2026,445319,5ª Vara Criminal de Recife,
1995,2294596-63.2020.6.38.9193,107,Trabalhista,recurso,Encerrado,Dr. Melo,9 de janeiro de 2020,11 de abril de 2026,,12ª Vara Criminal de Recife,
1996,6105303-92.2021.4.39.3868,1063,TRABALHISTA,audiência,ativo,Dra. Cavalcante,31/03/2025,2025-08-20,,6ª Vara Cível de Recife,aguardando documentos
1997,7223110-52.2024.2.44.8994,1213,Trabalhista,audiência,settlement,Dr. Melo,24/11/2024,24 de outubro de 2025,,5ª Vara Criminal de Recife,cliente não responde
1998,8677980-28.2024.9.94.6552,945,trabalhista,inicial,Encerrado,dr. melo,2023-12-17,2025-09-26,,15ª Vara Cível de Recife,
1999,1272937-41.2023.5.75.9958,975,civil,acordo extrajudicial,ativo,Dra. Cavalcante,08/08/23,7 de dezembro de 2025,R$ 159.290,4ª Vara Cível de Recife,urgente
2000,1237577-83.2022.8.91.4649,1466,Civil,inicial,settlement,dr. melo,2025-07-03,19 de dezembro de 2026,262773.00,1ª Vara Cível de Recife,
2001,2294596-63.2020.6.38.9193,1179,trabalhista,inicial,suspenso,Dr. Melo,13/04/26,06/11/2025,68128,1ª Vara Cível de Recife,aguardando documentos
2002,3754895-37.2021.6.18.8502,398,trabalhista,recurso,active,Dr. Melo,21/02/2024,2025-04-18,84171,9ª Vara Criminal de Recife,aguardando documentos
2003,3754895-37.2021.6.18.8502,1118,cível,audiência,closed,Dra Fontes,09/03/2025,2026-12-12,,20ª Vara Criminal de Recife,
2004,2824928-33.2020.1.90.6467,482,trabalhista,inicial,Encerrado,Dra. Cavalcante,14/09/2024,11 de outubro de 2025,R$ 222.444,8ª Vara Criminal de Recife,
2005,6036037-32.2025.3.53.7515,1186,cível,arquivado,encerrado,dr. melo,18/05/25,,,9ª Vara Trabalhista de Recife,aguardando documentos
2006,6003915-30.2025.6.37.7681,246,civil,instrução,ATIVO,Dr. Melo,2023-11-06,20 de junho de 2025,,1ª Vara Criminal de Recife,
2007,6418382-43.2020.8.63.9133,96,trabalhista,execução,encerrado,DRA. CAVALCANTE,19 de dezembro de 2021,2025-01-17,R$ 254.243,12ª Vara Cível de Recife,
2008,5853247-29.2020.7.62.8870,705,TRABALHISTA,recurso,suspended,Dr. Barros,2020-10-09,19/12/26,,18ª Vara Cível de Recife,urgente
2009,6935346-77.2024.3.52.9529,900,cível,sentença,ATIVO,Dra Fontes,20 de março de 2025,23/04/25,373288,11ª Vara Criminal de Recife,urgente
2010,8382607-83.2020.6.26.3936,125,cível,execução,Encerrado,Dra. Fontes,2025-12-27,3 de outubro de 2026,,20ª Vara Cível de Recife,aguardando documentos
2011,9798556-59.2021.3.62.3110,1019,trabalhista,inicial,encerrado,Dr. Barros,26/08/2023,04/09/2026,290066.00,1ª Vara Cível de Recife,urgente
2012,4507711-38.2024.2.34.4732,965,civil,arquivado,appeal,Dr. Barros,2022-04-12,14/09/2025,259105.00,6ª Vara Cível de Recife,
2013,8655267-17.2025.3.63.4188,1056,cível,recurso,encerrado,Dra. Fontes,06/09/21,22/09/25,368633,10ª Vara Trabalhista de Recife,
2014,2110878-87.2023.8.83.8978,1063,Trabalhista,execução,encerrado,Dr. Barros,3 de março de 2023,25 de novembro de 2026,44753.00,13ª Vara Criminal de Recife,urgente
2015,9835331-11.2022.6.15.8602,1165,trabalhista,arquivado,acordo,Dr. Melo,09/05/21,2026-03-16,R$ 49.774,20ª Vara Cível de Recife,
2016,4961530-22.2021.4.22.6290,1009,cível,instrução,encerrado,Dr. Melo,2021-12-25,2025-03-20,,11ª Vara Criminal de Recife,em negociação
2017,9110060-16.2025.2.29.4716,229,TRABALHISTA,instrução,ATIVO,Dra Fontes,2020-05-17,2026-02-03,175200.00,7ª Vara Trabalhista de Recife,urgente
2018,6416661-36.2021.8.21.8496,1040,Civil,acordo extrajudicial,settlement,Dra. Fontes,20/01/2022,08/07/25,R$ 92.964,2ª Vara Trabalhista de Recife,
2019,7236875-79.2024.7.97.5566,96,cível,instrução,encerrado,Dr. Barros,2021-09-20,25 de setembro de 2026,,1ª Vara Cível de Recife,
2020,9885734-21.2023.9.74.3450,348,civil,acordo extrajudicial,acordo,Dra. Fontes,05/12/2023,14 de maio de 2026,425702,10ª Vara Criminal de Recife,cliente não responde
2021,7243958-65.2020.5.25.5047,1461,TRABALHISTA,execução,Encerrado,Dra. Cavalcante,29/08/23,,,8ª Vara Criminal de Recife,
2022,3922248-27.2025.1.42.4047,1168,civil,arquivado,acordo,DRA. CAVALCANTE,19/01/26,01/12/26,R$ 310.115,2ª Vara Cível de Recife,
2023,6935346-77.2024.3.52.9529,745,cível,acordo extrajudicial,suspended,Dra Fontes,2021-11-05,14 de dezembro de 2025,350248.00,6ª Vara Trabalhista de Recife,aguardando documentos
2024,6686912-30.2025.4.68.7078,1471,Trabalhista,sentença,closed,Dr. Barros,29/04/2025,03/10/25,196746,8ª Vara Criminal de Recife,
2025,4433355-55.2023.8.48.9346,1181,cível,audiência,Ativo,Dr. Barros,2022-10-26,26 de abril de 2026,,19ª Vara Cível de Recife,urgente
2026,3724721-44.2021.9.75.5553,165,trabalhista,arquivado,ativo,Dr. Melo,2024-10-11,10/05/26,,15ª Vara Criminal de Recife,
2027,1621418-87.2020.9.55.9337,1265,TRABALHISTA,execução,closed,Dr. Barros,22/12/25,,355139,9ª Vara Cível de Recife,cliente não responde
2028,5068524-45.2025.9.91.6906,374,cível,arquivado,encerrado,DRA. CAVALCANTE,25/09/2023,,152207,9ª Vara Criminal de Recife,
2029,4064382-39.2022.4.13.8937,1102,Civil,inicial,appeal,Dr. Barros,01/07/21,2026-08-31,,17ª Vara Criminal de Recife,urgente
2030,4460247-99.2024.9.97.4840,851,cível,audiência,appeal,Dr. Melo,16 de janeiro de 2026,4 de fevereiro de 2025,124988.00,12ª Vara Criminal de Recife,
2031,3464073-25.2022.8.73.5075,897,TRABALHISTA,inicial,suspended,Dra. Cavalcante,25 de janeiro de 2026,27/09/25,45057,19ª Vara Trabalhista de Recife,
2032,8415891-60.2021.6.92.5554,368,Civil,acordo extrajudicial,ativo,Dr. Melo,15/01/2024,02/06/26,,14ª Vara Criminal de Recife,urgente
2033,7553290-31.2023.9.36.9282,1301,cível,audiência,active,Dr. Barros,2020-11-15,17 de julho de 2026,R$ 374.726,3ª Vara Trabalhista de Recife,cliente não responde
2034,3679963-72.2020.9.29.7859,1043,Civil,acordo extrajudicial,Ativo,DRA. CAVALCANTE,14/03/23,30 de novembro de 2026,339351,18ª Vara Criminal de Recife,aguardando documentos
2035,1248003-72.2024.2.80.8472,391,cível,arquivado,settlement,DRA. CAVALCANTE,07/03/2023,2025-08-26,375161.00,11ª Vara Trabalhista de Recife,
2036,1754781-28.2025.6.89.2162,969,civil,audiência,ativo,Dra. Cavalcante,2024-04-17,15/02/2026,,1ª Vara Cível de Recife,aguardando documentos
2037,5217157-98.2020.2.64.4094,522,trabalhista,arquivado,Encerrado,Dra. Cavalcante,2023-02-10,23/02/2026,337707,6ª Vara Cível de Recife,urgente
2038,1966014-66.2022.7.82.2137,674,cível,recurso,em recurso,Dra. Fontes,2022-07-17,2025-09-27,154750,17ª Vara Criminal de Recife,
2039,7892487-80.2022.9.64.5036,17,TRABALHISTA,audiência,Encerrado,Dr. Barros,30/04/2022,18 de setembro de 2026,408110.00,5ª Vara Criminal de Recife,
2040,3679963-72.2020.9.29.7859,81,trabalhista,arquivado,ativo,Dr. Barros,23/06/24,3 de abril de 2025,,10ª Vara Criminal de Recife,aguardando documentos
2041,3924425-56.2021.9.58.2912,1189,TRABALHISTA,acordo extrajudicial,encerrado,Dr. Barros,2025-06-14,20/12/2025,405114,12ª Vara Cível de Recife,em negociação
2042,4314934-26.2021.7.14.7244,316,cível,audiência,suspenso,Dra. Cavalcante,4 de abril de 2022,13/04/26,472543.00,13ª Vara Criminal de Recife,urgente
2043,2186433-37.2022.2.12.4344,770,Civil,recurso,suspended,Dr. Barros,20/05/2022,23/04/2025,253726.00,15ª Vara Trabalhista de Recife,em negociação
2044,8843990-84.2020.6.68.3017,632,civil,execução,Encerrado,Dra. Fontes,09/04/2026,29/09/2025,R$ 9.996,5ª Vara Cível de Recife,
2045,2186433-37.2022.2.12.4344,654,Civil,arquivado,appeal,Dra Fontes,9 de dezembro de 2021,17/05/26,R$ 445.246,12ª Vara Cível de Recife,
2046,5144296-22.2022.4.87.9648,778,cível,arquivado,acordo,Dr. Barros,2025-12-03,2026-07-28,,5ª Vara Trabalhista de Recife,aguardando documentos
2047,9822459-92.2024.8.17.6403,66,cível,arquivado,suspended,dr. melo,01/06/2022,11/01/26,13805.00,9ª Vara Criminal de Recife,aguardando documentos
2048,6982910-41.2023.8.91.8758,1208,trabalhista,recurso,ATIVO,DRA. CAVALCANTE,11 de outubro de 2023,31/08/2025,196258,2ª Vara Trabalhista de Recife,em negociação
2049,5631823-61.2020.5.47.1440,594,Civil,execução,acordo,Dra. Cavalcante,06/07/2023,14/03/2025,,15ª Vara Cível de Recife,
2050,7892487-80.2022.9.64.5036,1301,civil,sentença,ativo,dr. melo,30/09/20,12/04/2025,,5ª Vara Cível de Recife,
2051,4085001-92.2022.6.76.8938,1078,cível,audiência,settlement,Dr. Barros,2023-05-12,25/11/26,,6ª Vara Cível de Recife,aguardando documentos
2052,8655267-17.2025.3.63.4188,1318,Civil,instrução,Ativo,dr. melo,27 de fevereiro de 2025,22 de dezembro de 2025,R$ 388.841,19ª Vara Cível de Recife,urgente
2053,4460247-99.2024.9.97.4840,779,Trabalhista,sentença,acordo,Dra Fontes,11/09/2022,2026-06-22,306875,15ª Vara Trabalhista de Recife,cliente não responde
2054,5159219-49.2023.5.25.3676,112,TRABALHISTA,inicial,settlement,Dra Fontes,2020-06-12,20/07/2025,,6ª Vara Trabalhista de Recife,
2055,8630644-97.2025.3.28.1296,1119,TRABALHISTA,recurso,suspended,dr. melo,06/04/2026,15 de dezembro de 2026,71845,14ª Vara Cível de Recife,
2056,1614850-25.2020.8.85.3161,432,trabalhista,recurso,ativo,Dr. Barros,12/01/20,,,1ª Vara Cível de Recife,aguardando documentos
2057,8655267-17.2025.3.63.4188,1234,Trabalhista,instrução,Ativo,dr. melo,26/01/2026,19/06/2025,264518.00,1ª Vara Trabalhista de Recife,em negociação
2058,1878000-50.2025.7.58.1197,444,civil,inicial,em recurso,DRA. CAVALCANTE,18/01/2026,,131568,19ª Vara Trabalhista de Recife,cliente não responde
2059,5116418-16.2025.3.98.2234,113,TRABALHISTA,arquivado,encerrado,dr. melo,10 de março de 2024,18/11/26,,13ª Vara Criminal de Recife,
2060,8714773-70.2022.9.65.8541,688,Trabalhista,execução,ATIVO,Dr. Barros,2023-06-30,2026-08-19,R$ 17.088,12ª Vara Cível de Recife,cliente não responde
2061,7626521-25.2020.9.17.3305,904,cível,sentença,settlement,dr. melo,2022-02-05,27/06/2025,472295,7ª Vara Criminal de Recife,em negociação
2062,7243958-65.2020.5.25.5047,563,civil,sentença,ativo,dr. melo,2020-03-30,2026-12-19,,4ª Vara Cível de Recife,
2063,2884639-86.2023.2.31.8737,594,cível,recurso,appeal,Dr. Barros,2024-03-16,23/08/2025,R$ 340.180,15ª Vara Cível de Recife,cliente não responde
2064,6038940-61.2024.4.64.6408,990,Trabalhista,recurso,ativo,Dr. Barros,12 de setembro de 2020,21/03/26,,12ª Vara Trabalhista de Recife,em negociação
2065,7323234-16.2020.9.59.5035,796,Civil,recurso,encerrado,Dra Fontes,26/04/20,31 de dezembro de 2026,490921.00,10ª Vara Criminal de Recife,em negociação
2066,2895065-46.2022.7.67.1438,1161,TRABALHISTA,arquivado,em recurso,Dra Fontes,13/04/21,17/04/26,492430,12ª Vara Cível de Recife,
2067,7951127-89.2024.1.63.3502,613,cível,arquivado,closed,Dr. Barros,2021-03-03,23/07/2026,,19ª Vara Trabalhista de Recife,
2068,1272937-41.2023.5.75.9958,1494,TRABALHISTA,instrução,suspended,Dra. Fontes,29/12/2023,22/06/25,209654.00,13ª Vara Criminal de Recife,em negociação
2069,7320713-89.2022.3.68.7881,855,Civil,recurso,ativo,dr. melo,28 de setembro de 2023,2026-02-20,322003,3ª Vara Criminal de Recife,cliente não responde
2070,3679963-72.2020.9.29.7859,1419,Trabalhista,sentença,suspenso,Dra. Fontes,2025-07-27,2 de fevereiro de 2025,241801,4ª Vara Cível de Recife,
2071,4415624-13.2024.9.14.9480,416,cível,audiência,settlement,Dr. Melo,05/08/24,29/07/2025,411395.00,13ª Vara Cível de Recife,em negociação
2072,7110796-41.2020.3.80.5362,146,Trabalhista,inicial,Encerrado,Dra Fontes,29/09/20,2026-05-22,162763,20ª Vara Cível de Recife,
2073,8381610-96.2020.6.26.2533,219,civil,audiência,appeal,Dr. Barros,12/04/2023,4 de janeiro de 2025,128712,11ª Vara Trabalhista de Recife,cliente não responde
2074,3879233-61.2024.5.30.1494,921,Civil,instrução,ativo,Dra Fontes,2026-03-29,2026-01-29,146567.00,3ª Vara Trabalhista de Recife,
2075,1099617-37.2023.9.61.1793,1261,cível,acordo extrajudicial,settlement,Dr. Melo,01/07/21,28/03/26,276598,18ª Vara Trabalhista de Recife,
2076,9252661-70.2020.1.46.1185,271,TRABALHISTA,arquivado,suspended,Dra Fontes,24/01/20,22/07/2026,R$ 463.346,6ª Vara Trabalhista de Recife,aguardando documentos
2077,2519059-58.2022.7.86.4385,1489,Civil,audiência,settlement,dr. melo,18/05/2021,26/08/2026,R$ 160.782,1ª Vara Criminal de Recife,
2078,8368372-34.2020.6.43.9691,852,Trabalhista,execução,em recurso,dr. melo,29/03/22,17/05/2026,,9ª Vara Cível de Recife,em negociação
2079,4893809-11.2021.7.19.9759,943,Civil,execução,appeal,Dra. Fontes,2025-02-11,15 de novembro de 2025,R$ 444.993,6ª Vara Trabalhista de Recife,em negociação
2080,8574876-96.2020.7.97.4673,453,civil,sentença,Ativo,Dr. Barros,6 de janeiro de 2025,25 de setembro de 2025,125615,4ª Vara Cível de Recife,urgente
2081,4460247-99.2024.9.97.4840,696,Trabalhista,audiência,encerrado,Dra Fontes,29/07/2021,2025-03-26,22589,5ª Vara Cível de Recife,cliente não responde
2082,2191287-57.2021.1.18.8228,273,trabalhista,acordo extrajudicial,active,Dra. Fontes,13/05/2022,2026-01-17,R$ 421.198,11ª Vara Criminal de Recife,cliente não responde
2083,2660213-63.2022.6.50.8366,492,TRABALHISTA,arquivado,em recurso,Dr. Barros,20/02/2023,13 de julho de 2025,388119,20ª Vara Criminal de Recife,urgente
2084,6944389-98.2023.1.72.8245,1423,Trabalhista,recurso,Ativo,Dra. Cavalcante,22 de junho de 2023,19/11/25,,7ª Vara Trabalhista de Recife,em negociação
2085,5850223-43.2020.3.81.3185,1191,trabalhista,instrução,settlement,Dra. Fontes,24/08/25,22 de junho de 2026,R$ 214.743,6ª Vara Criminal de Recife,em negociação
2086,7916680-90.2022.1.67.1785,1236,civil,execução,encerrado,DRA. CAVALCANTE,05/04/21,26/06/25,7984,19ª Vara Cível de Recife,
2087,1887163-62.2025.9.93.1037,1384,civil,audiência,acordo,Dr. Barros,12/01/23,11/02/26,,20ª Vara Cível de Recife,urgente
2088,8286828-70.2022.9.31.8012,463,civil,recurso,ATIVO,Dra. Fontes,3 de dezembro de 2022,2026-02-28,163323,11ª Vara Cível de Recife,
2089,4452862-76.2021.3.27.3238,1090,trabalhista,inicial,suspenso,Dra. Fontes,11 de maio de 2023,07/02/25,392745,3ª Vara Cível de Recife,
2090,6992158-64.2024.5.43.7750,1123,trabalhista,execução,em recurso,dr. melo,03/02/21,13 de maio de 2026,R$ 411.653,6ª Vara Criminal de Recife,
2091,8382607-83.2020.6.26.3936,1317,TRABALHISTA,audiência,appeal,Dra. Fontes,15 de outubro de 2021,2026-06-16,,15ª Vara Criminal de Recife,
2092,1273300-90.2024.2.80.7378,918,cível,recurso,ativo,Dra Fontes,21/06/21,,216772,4ª Vara Criminal de Recife,aguardando documentos
2093,7789809-22.2020.1.73.9031,807,Trabalhista,acordo extrajudicial,encerrado,Dra. Cavalcante,20/08/2020,2025-12-18,247379,12ª Vara Trabalhista de Recife,
2094,8368255-39.2020.9.60.4414,133,Trabalhista,instrução,settlement,DRA. CAVALCANTE,15/05/21,2025-10-23,,1ª Vara Trabalhista de Recife,
2095,3464073-25.2022.8.73.5075,344,cível,recurso,suspended,DRA. CAVALCANTE,27/02/25,,,8ª Vara Cível de Recife,aguardando documentos
2096,8936104-83.2022.1.39.7934,239,civil,sentença,active,dr. melo,2022-11-11,2025-05-04,,13ª Vara Cível de Recife,
2097,3496733-55.2020.2.43.8503,686,cível,inicial,active,Dra. Cavalcante,17 de março de 2026,29/03/2026,72791,20ª Vara Cível de Recife,
2098,3675188-38.2025.9.53.3305,571,TRABALHISTA,sentença,active,dr. melo,03/12/2025,04/01/26,,18ª Vara Criminal de Recife,em negociação
2099,1095980-10.2020.7.77.8313,579,civil,instrução,settlement,Dr. Barros,31 de agosto de 2021,7 de agosto de 2026,R$ 474.233,2ª Vara Criminal de Recife,urgente
2100,9319285-35.2025.3.19.9131,950,trabalhista,sentença,suspenso,DRA. CAVALCANTE,21/05/2024,3 de agosto de 2025,,11ª Vara Trabalhista de Recife,
2101,6339808-70.2020.2.67.1325,332,TRABALHISTA,execução,acordo,DRA. CAVALCANTE,25 de agosto de 2025,15/02/2025,66792,19ª Vara Criminal de Recife,
2102,7553290-31.2023.9.36.9282,502,TRABALHISTA,instrução,ATIVO,Dr. Melo,15/11/24,31/05/26,,8ª Vara Criminal de Recife,
2103,5451988-41.2020.2.82.4041,1266,Civil,recurso,ativo,Dra. Fontes,17 de junho de 2020,05/02/2026,R$ 300.249,1ª Vara Cível de Recife,em negociação
2104,6944389-98.2023.1.72.8245,1409,civil,acordo extrajudicial,Encerrado,DRA. CAVALCANTE,2023-03-14,13 de julho de 2025,240625.00,15ª Vara Cível de Recife,urgente
2105,6339266-27.2025.5.15.6766,1127,Civil,acordo extrajudicial,ativo,Dr. Melo,12/03/23,2025-04-30,182129,13ª Vara Trabalhista de Recife,urgente
2106,8735892-74.2025.8.18.9411,453,Trabalhista,arquivado,Encerrado,Dra. Fontes,2022-03-09,20/07/2026,R$ 79.952,7ª Vara Cível de Recife,
2107,8749473-21.2020.4.12.9144,375,civil,acordo extrajudicial,closed,Dra. Fontes,26 de fevereiro de 2026,01/02/25,R$ 300.076,2ª Vara Cível de Recife,
2108,6053412-12.2021.6.72.8346,412,TRABALHISTA,acordo extrajudicial,Ativo,Dra. Fontes,2025-04-13,22/12/2025,R$ 73.072,1ª Vara Cível de Recife,
2109,3734843-61.2021.3.94.2954,910,Trabalhista,audiência,ativo,dr. melo,26/04/2025,08/01/25,252726,3ª Vara Cível de Recife,aguardando documentos
2110,5614769-67.2022.9.87.1001,1103,trabalhista,arquivado,suspenso,Dr. Barros,02/07/2023,2026-07-14,R$ 122.578,1ª Vara Criminal de Recife,cliente não responde
2111,8986773-71.2022.6.45.5854,512,trabalhista,acordo extrajudicial,em recurso,Dr. Barros,24 de março de 2022,19/02/2026,,3ª Vara Criminal de Recife,
2112,5401874-62.2025.2.46.8337,862,Trabalhista,instrução,encerrado,DRA. CAVALCANTE,2025-08-30,18/03/2025,R$ 320.817,6ª Vara Cível de Recife,
2113,4768255-51.2022.4.94.5695,1271,Trabalhista,recurso,encerrado,DRA. CAVALCANTE,25/08/2021,,25324.00,16ª Vara Cível de Recife,
2114,6865513-17.2021.7.21.3938,1490,Trabalhista,execução,suspenso,Dra Fontes,06/12/2024,05/02/2025,404052.00,17ª Vara Criminal de Recife,
2115,5451988-41.2020.2.82.4041,552,trabalhista,recurso,acordo,DRA. CAVALCANTE,12 de junho de 2025,01/10/25,178827,16ª Vara Cível de Recife,
2116,6260319-38.2024.8.96.1114,1196,cível,instrução,suspenso,Dra. Fontes,14/08/20,19 de janeiro de 2026,318089.00,8ª Vara Criminal de Recife,aguardando documentos
2117,2110878-87.2023.8.83.8978,1184,trabalhista,instrução,suspended,dr. melo,2020-04-25,06/06/25,,4ª Vara Cível de Recife,urgente
2118,7486029-45.2024.4.25.3159,323,cível,execução,ativo,dr. melo,28/09/2020,25 de abril de 2026,,16ª Vara Trabalhista de Recife,cliente não responde
2119,4874996-38.2022.9.94.8154,897,cível,sentença,suspended,Dr. Barros,22/03/2020,24 de agosto de 2026,376940.00,3ª Vara Criminal de Recife,
2120,6003915-30.2025.6.37.7681,97,cível,audiência,ativo,Dr. Barros,03/01/22,01/02/26,R$ 221.829,4ª Vara Trabalhista de Recife,
2121,6418382-43.2020.8.63.9133,1053,civil,arquivado,ativo,dr. melo,10/04/20,8 de outubro de 2025,27586,3ª Vara Trabalhista de Recife,cliente não responde
2122,7381740-86.2021.2.88.6570,531,civil,acordo extrajudicial,suspenso,dr. melo,12 de maio de 2022,21 de junho de 2026,R$ 236.333,8ª Vara Cível de Recife,
2123,5966644-82.2023.4.88.9951,1070,Civil,recurso,acordo,Dra. Cavalcante,2022-08-03,26/11/2025,363260.00,16ª Vara Criminal de Recife,urgente
2124,7381740-86.2021.2.88.6570,58,trabalhista,audiência,suspenso,Dra. Fontes,31/01/26,05/12/2025,250601.00,16ª Vara Cível de Recife,aguardando documentos
2125,1614850-25.2020.8.85.3161,414,cível,inicial,suspended,Dr. Barros,16/12/2022,13/04/25,120257,17ª Vara Criminal de Recife,
2126,5451988-41.2020.2.82.4041,709,TRABALHISTA,arquivado,Ativo,dr. melo,23/04/23,2025-07-20,433159.00,18ª Vara Cível de Recife,aguardando documentos
2127,9666878-83.2023.6.29.9905,738,trabalhista,inicial,ATIVO,DRA. CAVALCANTE,26/10/2024,05/06/25,22512,19ª Vara Criminal de Recife,em negociação
2128,8415891-60.2021.6.92.5554,516,TRABALHISTA,recurso,appeal,Dra. Fontes,25 de maio de 2022,,R$ 327.388,12ª Vara Trabalhista de Recife,urgente
2129,2842764-33.2025.7.99.7279,1130,Trabalhista,sentença,Ativo,Dr. Melo,14 de julho de 2021,,290204,19ª Vara Criminal de Recife,
2130,9835331-11.2022.6.15.8602,1217,civil,sentença,ATIVO,Dra. Fontes,20/02/23,2025-03-19,465561.00,14ª Vara Cível de Recife,cliente não responde
2131,2316290-44.2022.7.34.5190,92,Trabalhista,inicial,closed,dr. melo,31/01/2025,2026-06-03,,14ª Vara Criminal de Recife,
2132,9636371-69.2025.8.67.4068,64,civil,recurso,appeal,Dra Fontes,2023-06-19,2 de agosto de 2026,R$ 197.980,20ª Vara Trabalhista de Recife,em negociação
2133,3675188-38.2025.9.53.3305,414,TRABALHISTA,sentença,closed,DRA. CAVALCANTE,15/02/2026,2025-07-09,17071.00,5ª Vara Trabalhista de Recife,aguardando documentos
2134,1346701-74.2024.1.65.8985,1012,cível,recurso,Ativo,Dra. Cavalcante,08/11/2023,,252960,17ª Vara Criminal de Recife,urgente
2135,8168054-14.2024.6.50.1232,1322,Trabalhista,sentença,encerrado,dr. melo,2022-07-26,06/10/2026,232445,4ª Vara Criminal de Recife,
2136,5266269-78.2021.7.59.1392,286,civil,recurso,settlement,Dr. Barros,2023-02-14,18 de maio de 2026,,20ª Vara Criminal de Recife,em negociação
2137,4326518-76.2023.4.36.8530,12,Civil,audiência,ATIVO,Dra. Cavalcante,2025-03-20,,R$ 459.801,1ª Vara Trabalhista de Recife,
2138,8843195-99.2024.6.39.2836,1277,cível,audiência,acordo,Dra. Cavalcante,22 de abril de 2026,27 de maio de 2025,R$ 157.628,7ª Vara Cível de Recife,
2139,7323234-16.2020.9.59.5035,24,cível,recurso,suspenso,Dr. Melo,23/03/2020,,R$ 422.456,3ª Vara Cível de Recife,cliente não responde
2140,7515318-25.2024.4.34.6280,26,Civil,acordo extrajudicial,encerrado,DRA. CAVALCANTE,10/01/26,22/06/2025,137304,8ª Vara Cível de Recife,
2141,8630644-97.2025.3.28.1296,617,Trabalhista,audiência,acordo,Dra Fontes,23/12/2023,,R$ 125.165,13ª Vara Cível de Recife,
2142,1757615-27.2025.7.10.3762,1338,cível,inicial,encerrado,DRA. CAVALCANTE,02/07/25,27 de maio de 2025,187814,5ª Vara Criminal de Recife,
2143,5112941-62.2021.1.89.5887,1065,trabalhista,sentença,ativo,Dra Fontes,3 de agosto de 2020,2025-06-20,R$ 86.217,2ª Vara Trabalhista de Recife,aguardando documentos
2144,5786762-52.2021.9.21.3037,490,TRABALHISTA,inicial,suspenso,dr. melo,2021-10-17,18/12/25,142524.00,8ª Vara Criminal de Recife,cliente não responde
2145,3401866-56.2021.1.87.5297,248,cível,audiência,ativo,Dra. Cavalcante,2023-02-18,25/01/25,R$ 53.712,16ª Vara Cível de Recife,urgente
2146,4065326-72.2025.8.58.5304,546,cível,execução,active,dr. melo,30/07/2025,01/07/2026,80626,14ª Vara Cível de Recife,
2147,2545435-52.2025.3.59.7623,584,civil,recurso,ativo,Dra. Fontes,09/12/23,2025-07-13,407445,12ª Vara Criminal de Recife,urgente
2148,3542616-60.2022.3.87.6536,596,Civil,audiência,closed,Dra. Cavalcante,2025-03-12,12/11/2026,240978,5ª Vara Criminal de Recife,cliente não responde
2149,1353022-94.2023.9.79.1203,1268,TRABALHISTA,sentença,ativo,DRA. CAVALCANTE,20 de dezembro de 2025,21/12/2026,R$ 316.126,9ª Vara Trabalhista de Recife,cliente não responde
2150,4433355-55.2023.8.48.9346,564,TRABALHISTA,sentença,ATIVO,DRA. CAVALCANTE,1 de março de 2024,,R$ 123.970,10ª Vara Cível de Recife,
2151,8749473-21.2020.4.12.9144,473,civil,instrução,encerrado,Dr. Barros,2023-04-11,24 de fevereiro de 2025,323640,1ª Vara Trabalhista de Recife,
2152,6779292-61.2021.4.86.2783,1105,trabalhista,recurso,Encerrado,Dr. Barros,28/09/20,,,16ª Vara Trabalhista de Recife,cliente não responde
2153,5432782-56.2021.2.97.6240,1236,TRABALHISTA,acordo extrajudicial,em recurso,Dr. Barros,2022-07-22,28/05/2025,277787.00,17ª Vara Criminal de Recife,urgente
2154,2191287-57.2021.1.18.8228,8,Trabalhista,execução,em recurso,Dra. Fontes,21 de maio de 2024,2026-09-06,428970,6ª Vara Cível de Recife,cliente não responde
2155,5217157-98.2020.2.64.4094,597,Trabalhista,sentença,suspenso,Dr. Barros,2024-08-21,2025-03-25,390148.00,14ª Vara Cível de Recife,aguardando documentos
2156,9798556-59.2021.3.62.3110,845,TRABALHISTA,sentença,Encerrado,Dra. Fontes,06/08/2021,21 de outubro de 2026,187825,10ª Vara Trabalhista de Recife,urgente
2157,4687348-31.2023.1.92.6907,366,Civil,recurso,ativo,DRA. CAVALCANTE,2022-07-05,30 de março de 2026,,15ª Vara Trabalhista de Recife,
2158,4938178-62.2020.7.27.6072,502,Trabalhista,arquivado,ativo,Dr. Melo,2022-06-23,,R$ 283.210,18ª Vara Criminal de Recife,
2159,3667022-35.2020.9.76.3115,1025,trabalhista,arquivado,encerrado,DRA. CAVALCANTE,24 de junho de 2022,18/03/2025,242938.00,5ª Vara Trabalhista de Recife,cliente não responde
2160,9489806-94.2021.2.55.9162,1078,TRABALHISTA,audiência,encerrado,Dra. Fontes,24/04/21,28 de dezembro de 2025,,1ª Vara Cível de Recife,aguardando documentos
2161,8843990-84.2020.6.68.3017,919,TRABALHISTA,recurso,acordo,Dr. Barros,20 de junho de 2024,29/10/2026,220786.00,19ª Vara Cível de Recife,aguardando documentos
2162,9822459-92.2024.8.17.6403,1106,trabalhista,acordo extrajudicial,Encerrado,Dr. Barros,2025-01-29,25 de agosto de 2025,,13ª Vara Cível de Recife,
2163,4433355-55.2023.8.48.9346,740,civil,inicial,ATIVO,dr. melo,08/04/2026,2026-12-28,126338.00,3ª Vara Trabalhista de Recife,
2164,1754781-28.2025.6.89.2162,1115,civil,inicial,suspenso,Dra Fontes,29/07/2025,19 de outubro de 2026,,14ª Vara Trabalhista de Recife,
2165,3778380-86.2023.9.32.5849,351,trabalhista,sentença,ativo,Dr. Melo,30/11/21,03/07/25,,3ª Vara Trabalhista de Recife,cliente não responde
2166,8209168-30.2020.1.41.7632,1151,TRABALHISTA,sentença,ativo,Dr. Barros,2024-07-10,25/05/2026,R$ 290.469,19ª Vara Cível de Recife,
2167,6370110-64.2022.3.52.8440,1496,civil,sentença,acordo,Dra. Cavalcante,7 de junho de 2024,21 de março de 2025,297455,15ª Vara Trabalhista de Recife,
2168,2110878-87.2023.8.83.8978,430,cível,inicial,Ativo,dr. melo,14/02/2025,,R$ 162.268,20ª Vara Cível de Recife,urgente
2169,7224257-29.2020.8.88.9110,796,trabalhista,acordo extrajudicial,Ativo,Dr. Barros,2022-10-25,24/04/2025,,4ª Vara Criminal de Recife,
2170,1869144-23.2023.5.84.3325,163,cível,acordo extrajudicial,ativo,Dra Fontes,3 de julho de 2024,16/11/2026,R$ 12.196,10ª Vara Cível de Recife,
2171,2112478-55.2024.2.51.9095,342,trabalhista,audiência,suspenso,DRA. CAVALCANTE,2022-01-10,09/09/26,,4ª Vara Cível de Recife,cliente não responde
2172,8816646-78.2020.7.70.9224,347,Civil,execução,ATIVO,Dr. Melo,09/03/21,,179744,6ª Vara Trabalhista de Recife,cliente não responde
2173,3724721-44.2021.9.75.5553,200,TRABALHISTA,arquivado,ativo,DRA. CAVALCANTE,2026-04-14,07/11/25,,17ª Vara Criminal de Recife,em negociação
2174,7320713-89.2022.3.68.7881,760,trabalhista,recurso,encerrado,Dr. Melo,10/02/21,21/07/2025,R$ 128.906,17ª Vara Criminal de Recife,aguardando documentos
2175,6160516-66.2024.5.17.7150,928,cível,arquivado,active,Dr. Melo,19/02/26,2026-08-03,447125.00,10ª Vara Criminal de Recife,
2176,4952151-27.2023.3.38.8762,197,trabalhista,execução,closed,Dr. Barros,02/10/24,22/09/2026,,18ª Vara Cível de Recife,
2177,2658962-39.2022.5.95.8856,206,Trabalhista,acordo extrajudicial,suspenso,Dra Fontes,2020-06-01,19 de novembro de 2026,270847,9ª Vara Cível de Recife,em negociação
2178,8368255-39.2020.9.60.4414,925,trabalhista,acordo extrajudicial,active,Dra Fontes,2022-04-11,11/06/2026,52395,6ª Vara Criminal de Recife,em negociação
2179,5661974-14.2020.6.39.3137,856,Trabalhista,instrução,settlement,dr. melo,02/02/20,2025-05-17,,18ª Vara Trabalhista de Recife,
2180,4090182-95.2021.1.57.7189,1422,trabalhista,acordo extrajudicial,em recurso,dr. melo,15/11/2025,,455317.00,10ª Vara Trabalhista de Recife,cliente não responde
2181,4865461-96.2025.2.64.9143,813,Civil,recurso,ativo,Dra Fontes,2021-11-23,28/03/25,,3ª Vara Cível de Recife,
2182,8066975-72.2023.7.26.7675,307,Trabalhista,sentença,closed,Dra Fontes,01/11/22,14 de dezembro de 2026,R$ 148.590,7ª Vara Criminal de Recife,
2183,3778380-86.2023.9.32.5849,681,cível,instrução,Encerrado,dr. melo,12/01/25,04/08/25,,9ª Vara Cível de Recife,
2184,7633905-83.2022.9.95.2309,373,trabalhista,instrução,Encerrado,Dr. Melo,2023-08-03,2026-07-19,R$ 110.978,3ª Vara Cível de Recife,
2185,5703772-88.2020.8.34.6114,63,Trabalhista,inicial,acordo,DRA. CAVALCANTE,2022-06-06,11 de junho de 2026,329753,2ª Vara Trabalhista de Recife,
2186,1933296-95.2024.5.69.8317,937,Civil,instrução,em recurso,DRA. CAVALCANTE,20/07/21,30 de abril de 2025,388523,18ª Vara Trabalhista de Recife,urgente
2187,5631823-61.2020.5.47.1440,1476,civil,inicial,appeal,Dr. Barros,24 de setembro de 2021,2026-03-12,,12ª Vara Criminal de Recife,urgente
2188,7892487-80.2022.9.64.5036,196,cível,arquivado,suspenso,Dr. Melo,2023-11-28,11/06/2025,317838,3ª Vara Trabalhista de Recife,em negociação
2189,1165147-13.2020.2.47.5874,685,TRABALHISTA,audiência,Encerrado,Dra Fontes,22/12/2024,05/08/25,R$ 73.379,1ª Vara Trabalhista de Recife,
2190,2869625-86.2025.7.14.5837,1129,Trabalhista,execução,Ativo,Dr. Barros,21/01/25,24/11/25,427601,9ª Vara Criminal de Recife,aguardando documentos
2191,1966014-66.2022.7.82.2137,1231,TRABALHISTA,execução,active,Dr. Melo,11/09/22,16 de julho de 2026,308309,9ª Vara Cível de Recife,urgente
2192,2100417-68.2021.7.29.9662,300,cível,audiência,Encerrado,Dr. Melo,2023-06-13,,74599.00,1ª Vara Trabalhista de Recife,urgente
2193,3541821-31.2021.8.96.1927,398,cível,audiência,active,Dra. Cavalcante,30 de julho de 2022,,,15ª Vara Cível de Recife,
2194,6334947-38.2020.4.71.6173,1156,cível,audiência,encerrado,Dr. Barros,2022-08-16,2025-04-14,369989.00,5ª Vara Trabalhista de Recife,
2195,6686912-30.2025.4.68.7078,287,cível,inicial,ATIVO,dr. melo,29/05/2023,2026-03-09,R$ 76.897,3ª Vara Criminal de Recife,em negociação
2196,7486029-45.2024.4.25.3159,668,Trabalhista,execução,settlement,dr. melo,07/10/2025,2025-01-16,401611.00,3ª Vara Trabalhista de Recife,em negociação
2197,4874996-38.2022.9.94.8154,192,TRABALHISTA,recurso,ativo,Dra. Cavalcante,28/05/2025,18 de agosto de 2026,337484,10ª Vara Criminal de Recife,em negociação
2198,9822459-92.2024.8.17.6403,22,trabalhista,sentença,ativo,Dra Fontes,21/08/20,2025-09-07,9739,1ª Vara Cível de Recife,
2199,6953559-38.2025.7.42.9212,912,TRABALHISTA,execução,Ativo,Dra. Fontes,30/03/22,08/10/25,22111.00,8ª Vara Cível de Recife,
2200,1445483-93.2023.1.61.7357,891,TRABALHISTA,acordo extrajudicial,ativo,Dra Fontes,15/11/23,2026-02-13,113157.00,17ª Vara Criminal de Recife,
2201,7626521-25.2020.9.17.3305,1040,trabalhista,inicial,ATIVO,Dra. Cavalcante,20/11/2025,04/02/2025,,6ª Vara Trabalhista de Recife,cliente não responde
2202,4016576-41.2022.7.10.6952,1273,Civil,acordo extrajudicial,suspenso,Dr. Barros,13/01/26,02/04/25,R$ 208.484,1ª Vara Criminal de Recife,em negociação
2203,5422047-80.2024.8.62.4364,360,trabalhista,recurso,appeal,dr. melo,2024-08-10,19/03/26,,5ª Vara Cível de Recife,urgente
2204,5545511-73.2023.1.66.9757,524,cível,instrução,suspended,Dr. Barros,8 de outubro de 2022,10/11/2025,216235,1ª Vara Trabalhista de Recife,urgente
2205,5271615-59.2021.2.54.6844,307,Civil,inicial,ativo,DRA. CAVALCANTE,09/02/2024,21/02/26,,7ª Vara Trabalhista de Recife,
2206,6101036-60.2022.7.49.3295,1070,trabalhista,inicial,encerrado,DRA. CAVALCANTE,29/01/2022,2026-02-06,,10ª Vara Criminal de Recife,
2207,5438623-45.2022.4.51.7250,609,Civil,execução,suspenso,Dra. Cavalcante,22/08/2021,03/03/26,,9ª Vara Trabalhista de Recife,
2208,3401866-56.2021.1.87.5297,55,TRABALHISTA,execução,ativo,Dr. Barros,11/03/2025,01/02/2026,R$ 411.523,7ª Vara Criminal de Recife,cliente não responde
2209,7320713-89.2022.3.68.7881,1084,TRABALHISTA,acordo extrajudicial,em recurso,dr. melo,21/03/24,2026-09-10,R$ 257.451,6ª Vara Trabalhista de Recife,
2210,9062552-47.2024.4.22.8265,1045,Trabalhista,sentença,settlement,Dra. Cavalcante,15 de janeiro de 2026,18 de outubro de 2026,R$ 60.564,4ª Vara Cível de Recife,
2211,8215015-64.2021.5.32.1893,1195,TRABALHISTA,instrução,ativo,dr. melo,30/06/23,8 de fevereiro de 2025,,13ª Vara Cível de Recife,cliente não responde
2212,2461262-96.2021.6.48.1315,603,cível,acordo extrajudicial,active,Dr. Barros,7 de fevereiro de 2022,18 de junho de 2026,144525.00,6ª Vara Trabalhista de Recife,urgente
2213,6953559-38.2025.7.42.9212,793,TRABALHISTA,arquivado,ATIVO,Dra. Fontes,2023-07-22,,63115,17ª Vara Cível de Recife,cliente não responde
2214,9062552-47.2024.4.22.8265,1027,Civil,acordo extrajudicial,ativo,Dra Fontes,2020-02-01,19 de agosto de 2026,R$ 13.669,7ª Vara Trabalhista de Recife,
2215,5947618-28.2023.6.53.6118,63,Civil,instrução,Encerrado,Dra. Fontes,03/05/22,08/07/26,R$ 77.141,10ª Vara Cível de Recife,
2216,7271178-97.2023.5.84.4243,139,cível,execução,suspended,Dr. Melo,2024-01-12,3 de agosto de 2026,444839,10ª Vara Cível de Recife,
2217,3778380-86.2023.9.32.5849,118,Civil,inicial,acordo,Dra. Cavalcante,2024-06-22,22/02/2026,308386,9ª Vara Cível de Recife,aguardando documentos
2218,6425355-10.2021.6.53.2041,1338,Civil,sentença,encerrado,Dra. Fontes,27 de setembro de 2021,16/05/2026,,2ª Vara Cível de Recife,em negociação
2219,1742202-63.2023.6.68.9372,1248,cível,execução,suspended,Dra. Cavalcante,3 de setembro de 2025,25 de dezembro de 2025,314055.00,18ª Vara Cível de Recife,em negociação
2220,5483975-50.2024.8.92.4422,529,TRABALHISTA,instrução,em recurso,Dra. Cavalcante,18/07/23,2025-08-14,340195,19ª Vara Cível de Recife,
2221,3576390-15.2021.2.82.8209,1436,trabalhista,recurso,settlement,Dr. Melo,21 de abril de 2023,17 de março de 2026,430864,14ª Vara Criminal de Recife,em negociação
2222,1311508-84.2020.3.38.8512,224,Civil,instrução,Ativo,Dr. Barros,2 de agosto de 2024,3 de setembro de 2026,,14ª Vara Cível de Recife,em negociação
2223,8717678-27.2025.5.11.4526,1500,TRABALHISTA,arquivado,encerrado,Dr. Barros,2021-01-27,19 de outubro de 2025,242226.00,15ª Vara Criminal de Recife,urgente
2224,7222167-30.2022.8.44.7452,1460,TRABALHISTA,inicial,suspenso,Dra. Fontes,03/04/21,21 de setembro de 2026,,5ª Vara Cível de Recife,urgente
2225,5432782-56.2021.2.97.6240,762,Civil,recurso,Encerrado,dr. melo,15/03/26,30/10/25,,4ª Vara Trabalhista de Recife,
2226,3576390-15.2021.2.82.8209,1179,Civil,recurso,ATIVO,Dra Fontes,2026-03-14,17 de dezembro de 2025,,17ª Vara Cível de Recife,
2227,5284129-51.2020.3.32.5205,172,Trabalhista,sentença,em recurso,Dr. Melo,17 de julho de 2022,8 de maio de 2026,211722,7ª Vara Criminal de Recife,urgente
2228,9822459-92.2024.8.17.6403,1072,Trabalhista,audiência,ativo,Dr. Barros,31/07/24,27/05/2026,,8ª Vara Trabalhista de Recife,
2229,6105303-92.2021.4.39.3868,886,Trabalhista,audiência,closed,Dra Fontes,09/04/21,13/05/26,424780,2ª Vara Trabalhista de Recife,
2230,1676369-34.2022.3.47.6087,242,cível,arquivado,active,Dra. Cavalcante,2022-01-17,2 de março de 2026,,7ª Vara Cível de Recife,em negociação
2231,5124342-11.2025.5.50.6107,777,TRABALHISTA,instrução,em recurso,Dra. Fontes,2026-05-01,2026-06-14,225417.00,2ª Vara Cível de Recife,urgente
2232,3667022-35.2020.9.76.3115,1140,trabalhista,acordo extrajudicial,ativo,Dr. Barros,08/05/2021,09/03/2026,384774.00,6ª Vara Criminal de Recife,em negociação
2233,4961530-22.2021.4.22.6290,433,Trabalhista,execução,acordo,DRA. CAVALCANTE,17/11/2020,27/01/26,61367,1ª Vara Trabalhista de Recife,cliente não responde
2234,5661974-14.2020.6.39.3137,1389,Civil,audiência,Encerrado,Dr. Barros,31/03/22,,,20ª Vara Cível de Recife,
2235,4326518-76.2023.4.36.8530,259,civil,audiência,active,Dr. Barros,13/05/2025,10/11/2025,76055.00,7ª Vara Trabalhista de Recife,
2236,3679963-72.2020.9.29.7859,1470,Trabalhista,sentença,Encerrado,Dra Fontes,04/10/2020,29/01/25,,18ª Vara Cível de Recife,em negociação
2237,9885734-21.2023.9.74.3450,1251,trabalhista,instrução,Encerrado,Dra. Cavalcante,11 de novembro de 2024,2025-05-31,R$ 370.150,12ª Vara Criminal de Recife,aguardando documentos
2238,7941836-76.2025.4.34.6543,5,TRABALHISTA,audiência,closed,Dr. Barros,2026-02-13,2025-04-15,R$ 373.312,2ª Vara Criminal de Recife,urgente
2239,6003915-30.2025.6.37.7681,1403,trabalhista,recurso,ativo,Dra. Cavalcante,26/03/20,08/01/2026,R$ 204.728,16ª Vara Criminal de Recife,
2240,8843990-84.2020.6.68.3017,1085,Trabalhista,arquivado,encerrado,dr. melo,26/01/20,2026-07-26,,7ª Vara Trabalhista de Recife,
2241,2575202-50.2023.1.54.9627,232,Civil,arquivado,ativo,Dr. Barros,28/04/24,7 de setembro de 2026,R$ 94.258,1ª Vara Cível de Recife,cliente não responde
2242,8827641-36.2022.5.59.8715,990,civil,recurso,Encerrado,Dr. Melo,2021-07-05,06/02/26,,13ª Vara Criminal de Recife,urgente
2243,7245951-43.2021.4.11.7623,70,Trabalhista,instrução,Ativo,Dra. Cavalcante,08/07/22,2026-07-03,14715,17ª Vara Cível de Recife,urgente
2244,6445422-21.2020.5.39.8096,963,cível,recurso,suspended,Dra. Cavalcante,2020-02-10,03/02/2025,37200,16ª Vara Cível de Recife,
2245,1272937-41.2023.5.75.9958,1127,TRABALHISTA,arquivado,ativo,DRA. CAVALCANTE,05/07/2025,10/07/25,489370,8ª Vara Criminal de Recife,
2246,6528202-89.2025.3.17.9496,112,Trabalhista,sentença,closed,DRA. CAVALCANTE,15/10/2021,2026-08-23,420002,13ª Vara Trabalhista de Recife,
2247,7948577-74.2025.1.60.7583,1175,Trabalhista,sentença,suspended,Dr. Barros,03/08/2020,18 de maio de 2026,,18ª Vara Cível de Recife,cliente não responde
2248,1628717-84.2025.8.67.8313,345,Civil,execução,ATIVO,Dra. Cavalcante,17/06/2022,18/03/2025,,12ª Vara Cível de Recife,aguardando documentos
2249,7136189-41.2024.2.60.1768,114,cível,instrução,active,Dr. Barros,24 de janeiro de 2025,3 de janeiro de 2025,122419,7ª Vara Cível de Recife,
2250,5614769-67.2022.9.87.1001,122,TRABALHISTA,recurso,ATIVO,Dr. Melo,30 de outubro de 2024,2026-01-19,R$ 263.209,19ª Vara Cível de Recife,aguardando documentos
2251,3679963-72.2020.9.29.7859,1434,Trabalhista,instrução,acordo,Dr. Barros,11 de outubro de 2020,27/05/2025,R$ 256.722,3ª Vara Trabalhista de Recife,urgente
2252,9798556-59.2021.3.62.3110,792,trabalhista,inicial,encerrado,Dra Fontes,10/09/2021,27/10/2025,91836.00,18ª Vara Cível de Recife,
2253,9804642-71.2024.4.76.5486,423,civil,execução,suspended,Dra. Cavalcante,16/07/22,2026-08-15,441141.00,8ª Vara Cível de Recife,cliente não responde
2254,8572382-61.2025.1.41.7172,1448,trabalhista,acordo extrajudicial,suspended,Dr. Melo,2022-08-05,,,17ª Vara Trabalhista de Recife,urgente
2255,6339266-27.2025.5.15.6766,431,Civil,recurso,active,Dr. Barros,9 de setembro de 2025,13/02/2026,,20ª Vara Trabalhista de Recife,
2256,5545511-73.2023.1.66.9757,1471,TRABALHISTA,acordo extrajudicial,ativo,Dr. Melo,2025-12-10,02/06/25,407843.00,17ª Vara Trabalhista de Recife,em negociação
2257,5451988-41.2020.2.82.4041,140,civil,execução,appeal,Dra Fontes,22/10/22,22/10/26,310354,9ª Vara Cível de Recife,cliente não responde
2258,2231929-89.2024.6.41.5461,421,Civil,sentença,acordo,Dr. Melo,07/03/2024,31/10/26,R$ 38.326,15ª Vara Cível de Recife,
2259,2824928-33.2020.1.90.6467,1361,Civil,recurso,ativo,DRA. CAVALCANTE,24 de novembro de 2020,9 de outubro de 2026,436980.00,5ª Vara Trabalhista de Recife,
2260,3541821-31.2021.8.96.1927,1016,Civil,instrução,encerrado,Dra. Fontes,16/01/2025,2026-07-04,72832.00,1ª Vara Criminal de Recife,
2261,6075721-43.2020.9.85.8738,310,cível,execução,closed,Dra Fontes,13/03/2023,26/07/2025,427837,13ª Vara Trabalhista de Recife,aguardando documentos
2262,2129757-49.2025.4.14.5657,1461,TRABALHISTA,execução,ativo,Dr. Melo,13/02/2023,6 de setembro de 2026,R$ 462.374,13ª Vara Criminal de Recife,urgente
2263,1311508-84.2020.3.38.8512,1264,civil,execução,ativo,Dra Fontes,21 de outubro de 2025,2025-10-28,,4ª Vara Criminal de Recife,
2264,1098476-20.2021.1.47.3336,784,TRABALHISTA,inicial,settlement,Dra. Fontes,06/12/25,17/07/25,R$ 298.577,7ª Vara Trabalhista de Recife,cliente não responde
2265,9168044-67.2022.1.26.3054,1482,civil,recurso,ATIVO,Dra. Fontes,16/07/22,,318317,7ª Vara Cível de Recife,
2266,3510061-32.2020.9.13.4424,565,cível,audiência,ativo,Dra. Fontes,29 de dezembro de 2023,24 de setembro de 2026,,16ª Vara Cível de Recife,em negociação
2267,9898363-27.2020.4.89.2966,631,cível,instrução,appeal,Dra Fontes,18 de agosto de 2025,27/11/26,,11ª Vara Trabalhista de Recife,
2268,5991409-16.2021.8.44.1303,737,cível,execução,em recurso,Dr. Barros,16/03/20,30 de setembro de 2025,162173,10ª Vara Cível de Recife,urgente
2269,8368372-34.2020.6.43.9691,1061,trabalhista,recurso,settlement,DRA. CAVALCANTE,2021-10-23,2026-02-11,,4ª Vara Criminal de Recife,
2270,8936104-83.2022.1.39.7934,1114,Trabalhista,sentença,em recurso,Dr. Melo,2020-05-26,29 de dezembro de 2025,R$ 239.581,18ª Vara Trabalhista de Recife,cliente não responde
2271,6528202-89.2025.3.17.9496,836,civil,instrução,active,Dr. Barros,18/03/2021,7 de setembro de 2025,221587,12ª Vara Criminal de Recife,
2272,1974389-81.2024.5.57.9354,636,Civil,acordo extrajudicial,active,Dra Fontes,15/09/22,30/08/2025,,3ª Vara Trabalhista de Recife,
2273,3510061-32.2020.9.13.4424,338,Civil,recurso,Ativo,Dr. Barros,2022-07-31,11/11/2026,121951,3ª Vara Trabalhista de Recife,cliente não responde
2274,9489806-94.2021.2.55.9162,1347,civil,sentença,suspenso,Dra. Cavalcante,29 de dezembro de 2025,11/09/2025,R$ 43.900,3ª Vara Criminal de Recife,
2275,5826200-20.2025.1.91.8748,1313,Civil,arquivado,encerrado,Dra Fontes,29 de julho de 2020,2026-01-22,23457,19ª Vara Criminal de Recife,cliente não responde
2276,9835331-11.2022.6.15.8602,828,Trabalhista,recurso,Ativo,dr. melo,5 de dezembro de 2022,30/01/26,174974,7ª Vara Trabalhista de Recife,
2277,6686912-30.2025.4.68.7078,450,civil,inicial,ativo,Dra. Fontes,20/01/23,26 de janeiro de 2026,R$ 128.505,8ª Vara Criminal de Recife,cliente não responde
2278,4084503-92.2025.8.90.5515,248,Trabalhista,execução,suspenso,Dra. Cavalcante,18/02/2020,22/04/2025,,18ª Vara Trabalhista de Recife,cliente não responde
2279,5788467-41.2023.8.93.8134,599,Civil,audiência,closed,Dr. Barros,2024-08-31,2026-10-29,336180,16ª Vara Cível de Recife,em negociação
2280,5214684-96.2020.6.84.9986,1442,civil,recurso,ATIVO,dr. melo,2024-03-10,25/11/25,R$ 393.224,18ª Vara Criminal de Recife,
2281,1757615-27.2025.7.10.3762,829,civil,acordo extrajudicial,Encerrado,Dr. Melo,10 de junho de 2023,15/08/2026,R$ 486.210,4ª Vara Criminal de Recife,
2282,5732779-86.2025.4.28.7831,1137,Civil,execução,closed,Dra. Cavalcante,30/01/21,15/01/26,,14ª Vara Cível de Recife,aguardando documentos
2283,8843195-99.2024.6.39.2836,792,Civil,audiência,ATIVO,dr. melo,2024-03-27,3 de agosto de 2026,194035.00,8ª Vara Trabalhista de Recife,
2284,4084503-92.2025.8.90.5515,168,trabalhista,inicial,Ativo,Dr. Barros,18/04/23,,R$ 258.087,6ª Vara Cível de Recife,
2285,1101935-78.2023.5.88.5299,224,trabalhista,inicial,ativo,Dr. Barros,16 de maio de 2023,2025-06-28,49370,15ª Vara Criminal de Recife,aguardando documentos
2286,6368709-92.2024.7.99.9426,433,civil,acordo extrajudicial,settlement,Dra. Fontes,2 de setembro de 2021,21 de dezembro de 2026,R$ 57.196,3ª Vara Criminal de Recife,urgente
2287,3576390-15.2021.2.82.8209,521,cível,recurso,encerrado,DRA. CAVALCANTE,28/01/24,16/06/25,428978,20ª Vara Criminal de Recife,
2288,8886588-26.2020.9.65.6361,645,civil,recurso,acordo,dr. melo,20/09/2024,2025-10-23,R$ 471.563,18ª Vara Criminal de Recife,
2289,6414076-16.2021.7.78.8273,829,TRABALHISTA,instrução,active,dr. melo,2023-05-07,07/06/25,,8ª Vara Trabalhista de Recife,
2290,2267110-24.2021.5.78.6025,995,civil,audiência,active,DRA. CAVALCANTE,09/03/20,2 de janeiro de 2025,156144,12ª Vara Cível de Recife,cliente não responde
2291,3675188-38.2025.9.53.3305,1447,cível,audiência,suspended,Dr. Barros,5 de setembro de 2022,18 de setembro de 2025,37262,18ª Vara Cível de Recife,
2292,9898363-27.2020.4.89.2966,728,cível,execução,closed,Dra. Fontes,15/06/2023,6 de julho de 2025,142279.00,9ª Vara Cível de Recife,aguardando documentos
2293,7599278-46.2021.4.96.3535,43,Trabalhista,arquivado,appeal,Dra. Fontes,29/09/22,19/08/25,464442.00,12ª Vara Trabalhista de Recife,em negociação
2294,3260101-88.2022.8.37.9169,1065,Trabalhista,arquivado,active,dr. melo,17 de abril de 2020,12/07/25,,14ª Vara Cível de Recife,
2295,9168044-67.2022.1.26.3054,255,TRABALHISTA,audiência,ativo,Dr. Melo,16 de agosto de 2023,14/07/2025,R$ 339.302,6ª Vara Cível de Recife,
2296,3464073-25.2022.8.73.5075,1230,civil,instrução,em recurso,Dr. Barros,10/07/2020,01/05/2025,261427.00,15ª Vara Criminal de Recife,urgente
2297,2909764-51.2025.7.78.2223,1232,cível,acordo extrajudicial,closed,Dr. Barros,2020-02-14,3 de março de 2026,270843,7ª Vara Cível de Recife,urgente
2298,3675188-38.2025.9.53.3305,67,trabalhista,sentença,em recurso,Dra. Cavalcante,01/07/25,28/10/2025,33555,7ª Vara Criminal de Recife,
2299,2191287-57.2021.1.18.8228,772,TRABALHISTA,execução,acordo,Dra. Fontes,13/10/2022,8 de agosto de 2025,197686.00,11ª Vara Cível de Recife,cliente não responde
2300,2753004-76.2021.8.83.9874,1068,cível,sentença,settlement,Dr. Barros,13/03/2020,,122775.00,20ª Vara Cível de Recife,urgente
2301,5788467-41.2023.8.93.8134,1098,civil,acordo extrajudicial,Encerrado,Dra. Cavalcante,27 de julho de 2022,28/11/25,30857.00,13ª Vara Cível de Recife,
2302,7979033-26.2021.6.18.1084,791,trabalhista,execução,ativo,dr. melo,17/07/2022,04/05/2026,335000.00,1ª Vara Criminal de Recife,
2303,9898363-27.2020.4.89.2966,1294,Trabalhista,execução,suspended,Dr. Barros,26/02/21,26 de novembro de 2025,,5ª Vara Trabalhista de Recife,
2304,5947618-28.2023.6.53.6118,694,civil,acordo extrajudicial,em recurso,Dra Fontes,14/10/20,,,13ª Vara Cível de Recife,
2305,2997279-67.2024.9.84.1441,406,trabalhista,instrução,acordo,dr. melo,2020-09-04,,399753.00,9ª Vara Cível de Recife,
2306,8530609-10.2021.5.41.7151,272,TRABALHISTA,inicial,ativo,Dr. Barros,12/05/24,17/05/25,,10ª Vara Cível de Recife,
2307,7722274-26.2024.9.14.7062,1499,cível,sentença,settlement,dr. melo,17/01/21,29 de junho de 2025,477007.00,2ª Vara Criminal de Recife,cliente não responde
2308,5289264-48.2020.4.41.6347,969,trabalhista,acordo extrajudicial,encerrado,Dr. Barros,2021-03-29,8 de outubro de 2026,159453.00,13ª Vara Cível de Recife,cliente não responde
2309,1614850-25.2020.8.85.3161,1409,TRABALHISTA,instrução,suspenso,dr. melo,2023-06-09,19/12/2025,R$ 462.957,2ª Vara Criminal de Recife,aguardando documentos
2310,5638123-23.2024.7.30.5009,96,cível,execução,appeal,Dr. Barros,2021-11-27,14/07/26,,9ª Vara Trabalhista de Recife,
2311,8735892-74.2025.8.18.9411,430,TRABALHISTA,acordo extrajudicial,settlement,dr. melo,2022-11-20,13/12/2025,41877,6ª Vara Criminal de Recife,
2312,3754895-37.2021.6.18.8502,1088,Civil,instrução,encerrado,DRA. CAVALCANTE,2021-11-02,29 de julho de 2026,R$ 349.548,5ª Vara Cível de Recife,
2313,9636371-69.2025.8.67.4068,147,Trabalhista,sentença,appeal,DRA. CAVALCANTE,8 de dezembro de 2021,28/09/25,,18ª Vara Criminal de Recife,
2314,8655267-17.2025.3.63.4188,178,trabalhista,acordo extrajudicial,em recurso,dr. melo,2020-08-08,12/07/2025,R$ 46.282,15ª Vara Trabalhista de Recife,urgente
2315,3588109-63.2023.1.26.4223,1452,Trabalhista,audiência,Ativo,dr. melo,16/05/21,2026-03-29,,9ª Vara Criminal de Recife,urgente
2316,9408522-77.2021.3.36.8376,756,cível,audiência,ativo,Dra. Cavalcante,26/04/2026,,190155,15ª Vara Cível de Recife,em negociação
2317,6414076-16.2021.7.78.8273,793,trabalhista,recurso,acordo,Dra. Cavalcante,2024-11-13,,,6ª Vara Criminal de Recife,
2318,3542799-64.2025.6.13.7299,1416,Civil,instrução,settlement,Dra. Fontes,30/04/2026,21/11/2025,420529.00,11ª Vara Trabalhista de Recife,em negociação
2319,2461262-96.2021.6.48.1315,58,Trabalhista,inicial,Ativo,Dra. Fontes,24 de janeiro de 2023,20 de janeiro de 2025,213601.00,19ª Vara Criminal de Recife,em negociação
2320,5755257-93.2020.8.44.2882,873,Trabalhista,recurso,Ativo,Dra. Cavalcante,16/02/2021,27/05/2026,,11ª Vara Trabalhista de Recife,
2321,5661974-14.2020.6.39.3137,1198,TRABALHISTA,instrução,closed,Dra Fontes,1 de outubro de 2024,20 de março de 2026,,16ª Vara Criminal de Recife,aguardando documentos
2322,4563779-48.2023.2.87.9606,243,cível,inicial,ativo,Dr. Barros,04/04/2022,2026-01-12,325844,3ª Vara Trabalhista de Recife,
2323,2267110-24.2021.5.78.6025,171,civil,audiência,ATIVO,Dr. Barros,1 de janeiro de 2021,21/07/2026,,7ª Vara Trabalhista de Recife,aguardando documentos
2324,8655267-17.2025.3.63.4188,1146,civil,arquivado,Ativo,dr. melo,11/08/2024,15/04/2026,170917,5ª Vara Cível de Recife,
2325,1714231-74.2025.9.71.1697,1500,trabalhista,recurso,settlement,Dr. Barros,16 de abril de 2024,19 de dezembro de 2025,475400,1ª Vara Cível de Recife,
2326,1964519-55.2020.7.58.6781,1121,Civil,sentença,settlement,Dra. Cavalcante,20/11/2021,08/10/2026,R$ 403.590,7ª Vara Criminal de Recife,
2327,2341370-92.2024.9.60.8122,1497,TRABALHISTA,execução,ativo,Dr. Melo,2020-01-11,2026-12-17,R$ 80.608,12ª Vara Criminal de Recife,em negociação
2328,8183950-10.2021.5.84.9388,732,TRABALHISTA,sentença,em recurso,Dr. Barros,2021-05-01,02/08/26,,2ª Vara Trabalhista de Recife,urgente
2329,5703772-88.2020.8.34.6114,755,cível,audiência,acordo,Dr. Melo,31/07/25,2025-01-17,252801,2ª Vara Criminal de Recife,em negociação
2330,3924425-56.2021.9.58.2912,1058,civil,sentença,em recurso,Dr. Barros,27 de abril de 2026,6 de maio de 2025,,5ª Vara Criminal de Recife,
2331,7862554-22.2024.7.83.6459,914,cível,arquivado,encerrado,Dra. Cavalcante,19/05/2022,23/09/2026,R$ 482.272,6ª Vara Criminal de Recife,cliente não responde
2332,1614850-25.2020.8.85.3161,1102,trabalhista,acordo extrajudicial,suspended,Dra Fontes,12/01/20,27 de março de 2026,R$ 170.677,6ª Vara Trabalhista de Recife,
2333,6686912-30.2025.4.68.7078,179,trabalhista,sentença,active,Dra. Fontes,22/01/2021,,347428,2ª Vara Criminal de Recife,
2334,5472823-70.2022.4.41.7624,698,trabalhista,inicial,acordo,Dra Fontes,2025-10-10,10/12/2026,412047,1ª Vara Trabalhista de Recife,
2335,9302979-43.2025.9.68.7487,1109,civil,execução,em recurso,DRA. CAVALCANTE,15/11/23,,,20ª Vara Criminal de Recife,em negociação
2336,9398629-61.2022.5.88.8253,813,cível,acordo extrajudicial,ATIVO,Dra. Cavalcante,2023-02-21,28/11/26,R$ 140.410,7ª Vara Cível de Recife,em negociação
2337,1742202-63.2023.6.68.9372,817,trabalhista,inicial,acordo,DRA. CAVALCANTE,25/05/23,18/04/2026,,5ª Vara Trabalhista de Recife,
2338,6416661-36.2021.8.21.8496,1116,civil,arquivado,settlement,Dr. Barros,2020-12-13,04/10/25,231996.00,9ª Vara Criminal de Recife,em negociação
2339,2129757-49.2025.4.14.5657,1136,civil,inicial,closed,Dr. Barros,12 de fevereiro de 2025,14/04/2025,R$ 214.614,6ª Vara Cível de Recife,urgente
2340,1628717-84.2025.8.67.8313,556,trabalhista,sentença,encerrado,Dr. Melo,12/07/20,13/03/25,R$ 486.286,9ª Vara Cível de Recife,
2341,5266269-78.2021.7.59.1392,732,civil,arquivado,settlement,DRA. CAVALCANTE,15 de dezembro de 2025,2025-10-20,428870.00,6ª Vara Trabalhista de Recife,em negociação
2342,3785792-10.2020.5.78.7940,938,TRABALHISTA,instrução,suspenso,Dra. Fontes,19 de novembro de 2025,7 de agosto de 2026,166846,5ª Vara Cível de Recife,
2343,5514997-95.2024.1.84.8098,577,Trabalhista,acordo extrajudicial,settlement,DRA. CAVALCANTE,27/10/2020,20 de março de 2025,R$ 152.624,9ª Vara Cível de Recife,
2344,5159882-37.2022.9.71.7550,571,TRABALHISTA,recurso,ativo,Dra. Cavalcante,2024-11-23,2025-11-16,R$ 264.320,19ª Vara Trabalhista de Recife,
2345,6935346-77.2024.3.52.9529,235,Trabalhista,sentença,appeal,dr. melo,04/05/23,03/03/26,R$ 75.097,15ª Vara Cível de Recife,urgente
2346,7223110-52.2024.2.44.8994,596,civil,audiência,active,dr. melo,29 de outubro de 2021,2025-09-30,474972,10ª Vara Trabalhista de Recife,urgente
2347,8986773-71.2022.6.45.5854,1237,civil,instrução,encerrado,Dr. Melo,25 de julho de 2021,15 de fevereiro de 2025,264043,20ª Vara Trabalhista de Recife,aguardando documentos
2348,8714773-70.2022.9.65.8541,647,TRABALHISTA,arquivado,Encerrado,DRA. CAVALCANTE,22/02/2023,9 de março de 2026,426742,8ª Vara Trabalhista de Recife,cliente não responde
2349,2112478-55.2024.2.51.9095,212,cível,inicial,Encerrado,dr. melo,2022-05-20,2025-05-26,394496,5ª Vara Criminal de Recife,
2350,2545435-52.2025.3.59.7623,588,civil,arquivado,suspenso,dr. melo,24/01/2021,,274322.00,11ª Vara Criminal de Recife,
2351,3054975-46.2023.4.85.5879,1266,TRABALHISTA,instrução,em recurso,DRA. CAVALCANTE,14 de abril de 2023,28/02/25,R$ 286.505,14ª Vara Trabalhista de Recife,
2352,3679963-72.2020.9.29.7859,937,civil,acordo extrajudicial,active,DRA. CAVALCANTE,16/01/2026,19/09/2025,23812,7ª Vara Trabalhista de Recife,
2353,8168054-14.2024.6.50.1232,230,TRABALHISTA,inicial,em recurso,dr. melo,30/05/21,15/09/26,386710.00,19ª Vara Trabalhista de Recife,
2354,3542616-60.2022.3.87.6536,205,Trabalhista,audiência,suspenso,Dra. Cavalcante,11 de outubro de 2023,01/01/26,95627.00,4ª Vara Trabalhista de Recife,urgente
2355,7599278-46.2021.4.96.3535,661,TRABALHISTA,instrução,em recurso,Dr. Melo,2026-02-13,24 de outubro de 2026,112282.00,5ª Vara Criminal de Recife,
2356,1714231-74.2025.9.71.1697,1101,TRABALHISTA,execução,em recurso,Dra. Cavalcante,31/12/22,14/12/2026,,3ª Vara Trabalhista de Recife,em negociação
2357,6524227-53.2025.1.97.6214,248,civil,arquivado,encerrado,dr. melo,2026-03-15,2 de julho de 2025,263800.00,4ª Vara Trabalhista de Recife,
2358,6524227-53.2025.1.97.6214,528,civil,audiência,ATIVO,Dra. Fontes,2023-08-27,6 de setembro de 2026,122259.00,4ª Vara Cível de Recife,em negociação
2359,5901155-82.2023.2.89.7717,153,Civil,execução,suspended,Dra. Fontes,2024-04-10,2026-02-02,,3ª Vara Trabalhista de Recife,
2360,8125196-18.2023.1.53.1215,566,civil,inicial,acordo,Dr. Barros,10/11/20,26 de outubro de 2025,9904,20ª Vara Criminal de Recife,
2361,5953905-94.2022.5.44.3245,926,trabalhista,arquivado,ATIVO,Dra. Fontes,09/09/20,,R$ 488.090,8ª Vara Cível de Recife,cliente não responde
2362,3766710-17.2025.4.91.1472,878,civil,audiência,acordo,Dra Fontes,30/03/21,21/11/2026,R$ 207.648,11ª Vara Trabalhista de Recife,aguardando documentos
2363,3585301-47.2021.7.73.3469,489,cível,instrução,ativo,Dr. Barros,31/07/2021,28/11/26,6116,16ª Vara Cível de Recife,
2364,4507711-38.2024.2.34.4732,1222,TRABALHISTA,execução,active,Dr. Barros,6 de dezembro de 2025,12 de setembro de 2025,R$ 106.594,6ª Vara Criminal de Recife,aguardando documentos
2365,2292432-35.2025.5.83.7063,506,cível,audiência,em recurso,Dra Fontes,2023-06-14,01/05/2025,449439,20ª Vara Cível de Recife,aguardando documentos
2366,3679963-72.2020.9.29.7859,331,trabalhista,instrução,ativo,Dr. Barros,09/12/23,12 de janeiro de 2026,,10ª Vara Trabalhista de Recife,urgente
2367,3724721-44.2021.9.75.5553,788,cível,recurso,acordo,Dra. Cavalcante,08/09/22,2026-06-20,86400,5ª Vara Cível de Recife,
2368,1101935-78.2023.5.88.5299,91,cível,recurso,Encerrado,dr. melo,2022-10-11,17 de agosto de 2025,R$ 226.394,20ª Vara Cível de Recife,aguardando documentos
2369,9057960-29.2025.5.10.6072,1199,TRABALHISTA,execução,settlement,Dra Fontes,24/12/2023,4 de janeiro de 2026,R$ 427.402,18ª Vara Trabalhista de Recife,aguardando documentos
2370,3306375-34.2024.9.48.9154,739,TRABALHISTA,instrução,suspended,dr. melo,24 de dezembro de 2021,27/02/26,R$ 154.221,16ª Vara Cível de Recife,aguardando documentos
2371,8286382-50.2025.4.53.4414,1489,cível,instrução,ATIVO,Dra. Cavalcante,14/12/2022,21 de agosto de 2025,R$ 238.529,4ª Vara Criminal de Recife,aguardando documentos
2372,2575202-50.2023.1.54.9627,636,Trabalhista,execução,active,Dra. Cavalcante,05/01/2025,2025-01-02,,16ª Vara Criminal de Recife,
2373,5826200-20.2025.1.91.8748,1049,Trabalhista,execução,suspenso,dr. melo,2021-11-29,01/05/2025,175901.00,18ª Vara Criminal de Recife,aguardando documentos
2374,8168054-14.2024.6.50.1232,238,civil,execução,suspended,Dra Fontes,16/06/2023,19 de janeiro de 2026,210277,17ª Vara Cível de Recife,em negociação
2375,2842764-33.2025.7.99.7279,962,Civil,inicial,ativo,Dra Fontes,2021-11-02,10/04/2026,,4ª Vara Criminal de Recife,
2376,3879233-61.2024.5.30.1494,449,cível,recurso,ATIVO,Dra. Cavalcante,2024-12-25,27/09/26,,9ª Vara Trabalhista de Recife,
2377,6836135-90.2022.9.37.5643,65,Civil,sentença,ATIVO,Dra Fontes,12/08/22,07/01/2026,332454,6ª Vara Cível de Recife,aguardando documentos
2378,5614769-67.2022.9.87.1001,1253,TRABALHISTA,sentença,ativo,Dr. Melo,03/02/24,19/07/26,483810,5ª Vara Cível de Recife,em negociação
2379,2100417-68.2021.7.29.9662,659,Trabalhista,sentença,settlement,Dra Fontes,29 de março de 2021,1 de junho de 2026,R$ 346.808,1ª Vara Criminal de Recife,urgente
2380,1438459-62.2020.7.78.3410,442,trabalhista,inicial,suspenso,Dr. Melo,31 de outubro de 2020,16/09/26,,7ª Vara Cível de Recife,aguardando documentos
2381,5732779-86.2025.4.28.7831,1330,TRABALHISTA,sentença,closed,Dr. Barros,2020-10-16,9 de dezembro de 2026,,16ª Vara Trabalhista de Recife,em negociação
2382,5947618-28.2023.6.53.6118,105,Trabalhista,recurso,appeal,Dr. Melo,22/08/2024,13 de junho de 2026,,15ª Vara Trabalhista de Recife,aguardando documentos
2383,1735592-50.2022.9.87.5612,41,trabalhista,arquivado,Ativo,Dra. Cavalcante,21 de setembro de 2023,2025-07-06,339866.00,6ª Vara Trabalhista de Recife,
2384,2675642-32.2022.8.65.5499,119,trabalhista,instrução,ativo,dr. melo,01/01/20,2026-07-29,R$ 19.707,3ª Vara Trabalhista de Recife,
2385,5271615-59.2021.2.54.6844,1205,Trabalhista,execução,acordo,Dra Fontes,19 de outubro de 2023,,15641.00,9ª Vara Criminal de Recife,
2386,2884639-86.2023.2.31.8737,1418,Trabalhista,sentença,encerrado,Dra. Cavalcante,05/08/23,22 de outubro de 2025,448756,6ª Vara Trabalhista de Recife,cliente não responde
2387,9573194-21.2022.1.35.8352,282,cível,inicial,ativo,Dr. Barros,10/04/21,07/03/2025,R$ 473.606,7ª Vara Cível de Recife,
2388,3418432-84.2025.3.59.5858,889,Trabalhista,audiência,Ativo,Dra. Cavalcante,05/06/2021,30/07/25,,16ª Vara Cível de Recife,cliente não responde
2389,8986773-71.2022.6.45.5854,1000,TRABALHISTA,inicial,Encerrado,Dra Fontes,15 de abril de 2026,29/01/2026,492359.00,10ª Vara Cível de Recife,
2390,1185885-59.2023.7.19.8433,181,trabalhista,inicial,appeal,dr. melo,02/02/21,15/10/2025,R$ 148.349,8ª Vara Cível de Recife,urgente
2391,3542616-60.2022.3.87.6536,300,TRABALHISTA,audiência,settlement,Dra. Cavalcante,07/01/2024,25/10/2025,46378,5ª Vara Trabalhista de Recife,cliente não responde
2392,9804642-71.2024.4.76.5486,1160,TRABALHISTA,recurso,suspenso,DRA. CAVALCANTE,05/09/23,28 de junho de 2025,,14ª Vara Cível de Recife,cliente não responde
2393,7999133-20.2023.7.26.1121,1251,Civil,execução,acordo,Dr. Barros,3 de dezembro de 2024,,47269,19ª Vara Criminal de Recife,aguardando documentos
2394,5967836-10.2021.4.35.9671,677,trabalhista,execução,closed,Dra. Fontes,17/11/22,26/10/26,346927,15ª Vara Criminal de Recife,
2395,8843195-99.2024.6.39.2836,1221,Trabalhista,recurso,active,Dr. Barros,27/08/20,01/05/2026,,2ª Vara Criminal de Recife,cliente não responde
2396,1754781-28.2025.6.89.2162,1140,civil,instrução,ativo,Dra. Cavalcante,2025-09-10,23/02/2026,43119.00,16ª Vara Criminal de Recife,
2397,1833330-93.2025.8.61.3405,227,Civil,inicial,active,Dra Fontes,2025-09-14,02/10/25,R$ 138.833,12ª Vara Trabalhista de Recife,urgente
2398,7115217-41.2025.1.67.7692,184,cível,instrução,encerrado,DRA. CAVALCANTE,20 de dezembro de 2020,,R$ 364.802,12ª Vara Criminal de Recife,cliente não responde
2399,7749444-78.2021.1.20.8763,146,Civil,instrução,ativo,DRA. CAVALCANTE,13 de maio de 2023,26/06/2025,,10ª Vara Criminal de Recife,em negociação
2400,5144296-22.2022.4.87.9648,632,TRABALHISTA,sentença,appeal,Dra Fontes,17/10/2021,13/01/26,R$ 418.683,9ª Vara Criminal de Recife,
2401,5991409-16.2021.8.44.1303,589,Trabalhista,acordo extrajudicial,encerrado,Dr. Melo,2 de abril de 2022,03/03/2026,R$ 383.672,16ª Vara Trabalhista de Recife,
2402,2236315-26.2022.5.82.8939,200,trabalhista,recurso,ativo,DRA. CAVALCANTE,05/02/25,2025-11-23,497493.00,3ª Vara Criminal de Recife,
2403,7141324-67.2025.3.86.3413,562,Trabalhista,acordo extrajudicial,active,Dr. Melo,20/12/2022,18 de março de 2026,313093.00,17ª Vara Criminal de Recife,
2404,7848147-32.2021.6.58.3528,97,TRABALHISTA,audiência,ativo,Dr. Melo,2024-01-28,3 de julho de 2026,80548,15ª Vara Trabalhista de Recife,urgente
2405,8125196-18.2023.1.53.1215,1467,TRABALHISTA,sentença,ativo,Dra. Fontes,08/03/2024,25 de agosto de 2026,,6ª Vara Criminal de Recife,cliente não responde
2406,7082985-88.2022.2.94.6058,440,trabalhista,inicial,encerrado,Dra. Fontes,2024-01-17,09/06/2025,,20ª Vara Trabalhista de Recife,cliente não responde
2407,3306375-34.2024.9.48.9154,1070,TRABALHISTA,execução,suspended,Dra. Fontes,23/11/21,02/03/25,392082,13ª Vara Cível de Recife,cliente não responde
2408,3248366-98.2020.5.11.6279,1291,cível,recurso,Encerrado,DRA. CAVALCANTE,2021-08-19,,R$ 431.093,2ª Vara Trabalhista de Recife,
2409,4064382-39.2022.4.13.8937,195,cível,recurso,encerrado,DRA. CAVALCANTE,12/05/23,29/06/26,461138.00,10ª Vara Trabalhista de Recife,
2410,1735592-50.2022.9.87.5612,51,Trabalhista,instrução,settlement,dr. melo,15/07/24,4 de abril de 2025,,4ª Vara Trabalhista de Recife,
2411,9898363-27.2020.4.89.2966,128,trabalhista,inicial,appeal,Dra Fontes,19 de novembro de 2022,28/03/26,66218.00,13ª Vara Cível de Recife,
2412,1887163-62.2025.9.93.1037,1026,Trabalhista,arquivado,ativo,DRA. CAVALCANTE,27 de janeiro de 2020,27/07/2026,32331.00,5ª Vara Trabalhista de Recife,
2413,1098476-20.2021.1.47.3336,978,trabalhista,acordo extrajudicial,Ativo,Dr. Melo,2025-03-07,24 de janeiro de 2026,,9ª Vara Criminal de Recife,
2414,2824928-33.2020.1.90.6467,1427,civil,audiência,ativo,Dra. Cavalcante,26/05/2020,,402863,10ª Vara Criminal de Recife,urgente
2415,6254488-31.2024.9.48.3216,139,TRABALHISTA,instrução,ativo,Dr. Barros,8 de agosto de 2021,10/09/26,,2ª Vara Criminal de Recife,aguardando documentos
2416,7820540-78.2023.1.75.4823,1035,Trabalhista,sentença,appeal,Dra Fontes,20 de abril de 2020,24/03/26,498279,3ª Vara Cível de Recife,
2417,3679963-72.2020.9.29.7859,1364,cível,arquivado,Ativo,Dra. Cavalcante,2022-05-05,2025-04-03,,12ª Vara Criminal de Recife,urgente
2418,8936104-83.2022.1.39.7934,236,trabalhista,inicial,Ativo,Dra. Fontes,08/11/23,24 de março de 2025,91658.00,14ª Vara Trabalhista de Recife,
2419,1869144-23.2023.5.84.3325,131,TRABALHISTA,audiência,active,Dra. Cavalcante,09/09/25,20/01/2026,,7ª Vara Trabalhista de Recife,urgente
2420,7633905-83.2022.9.95.2309,232,Civil,instrução,settlement,Dr. Melo,16 de março de 2026,,R$ 463.666,10ª Vara Criminal de Recife,
2421,3306375-34.2024.9.48.9154,1324,trabalhista,instrução,encerrado,DRA. CAVALCANTE,2023-03-12,8 de novembro de 2026,499469.00,10ª Vara Cível de Recife,
2422,8215015-64.2021.5.32.1893,328,trabalhista,recurso,encerrado,Dra. Cavalcante,2022-05-19,31/07/2025,R$ 25.404,17ª Vara Criminal de Recife,urgente
2423,9168044-67.2022.1.26.3054,1422,TRABALHISTA,acordo extrajudicial,ATIVO,Dra. Fontes,05/03/25,08/12/26,314485,5ª Vara Cível de Recife,urgente
2424,4064382-39.2022.4.13.8937,692,Trabalhista,recurso,acordo,Dr. Melo,21/07/25,22/08/26,106358.00,11ª Vara Trabalhista de Recife,
2425,8215015-64.2021.5.32.1893,277,Civil,execução,ATIVO,dr. melo,2021-05-28,16/12/2025,,5ª Vara Trabalhista de Recife,
2426,1445483-93.2023.1.61.7357,884,trabalhista,recurso,closed,Dra. Fontes,24/05/2022,,R$ 474.786,3ª Vara Cível de Recife,cliente não responde
2427,3248366-98.2020.5.11.6279,1433,TRABALHISTA,recurso,appeal,Dr. Barros,2024-09-18,06/12/2026,115782,5ª Vara Cível de Recife,em negociação
2428,9666878-83.2023.6.29.9905,157,cível,recurso,closed,Dr. Melo,2020-07-19,2026-08-22,113323.00,17ª Vara Criminal de Recife,aguardando documentos
2429,9686751-57.2022.7.62.3494,1291,civil,inicial,ativo,Dr. Barros,20/09/2025,1 de agosto de 2026,353069.00,9ª Vara Cível de Recife,
2430,3054975-46.2023.4.85.5879,651,trabalhista,audiência,ativo,Dra. Fontes,1 de setembro de 2025,09/01/25,,17ª Vara Cível de Recife,urgente
2431,7626521-25.2020.9.17.3305,1140,cível,sentença,encerrado,Dr. Melo,18/02/23,25/09/25,,17ª Vara Trabalhista de Recife,
2432,3376786-12.2020.7.64.5093,1486,Trabalhista,inicial,suspended,Dra Fontes,17/08/21,12/05/26,R$ 422.368,18ª Vara Criminal de Recife,aguardando documentos
2433,4415624-13.2024.9.14.9480,186,TRABALHISTA,recurso,settlement,Dr. Barros,3 de julho de 2024,21/11/2026,,17ª Vara Criminal de Recife,
2434,4938178-62.2020.7.27.6072,111,Civil,audiência,appeal,dr. melo,9 de fevereiro de 2023,8 de março de 2026,R$ 446.870,7ª Vara Cível de Recife,
2435,7948577-74.2025.1.60.7583,1398,civil,instrução,ativo,Dra. Cavalcante,25 de abril de 2025,31 de agosto de 2026,157767,13ª Vara Trabalhista de Recife,aguardando documentos
2436,9076234-78.2023.3.90.2702,550,cível,acordo extrajudicial,active,DRA. CAVALCANTE,2021-05-18,,66006.00,6ª Vara Criminal de Recife,
2437,6425355-10.2021.6.53.2041,696,civil,audiência,ativo,Dr. Barros,04/11/2025,2025-12-27,414803,20ª Vara Criminal de Recife,
2438,5289264-48.2020.4.41.6347,440,civil,execução,ativo,dr. melo,26/12/25,27 de novembro de 2026,,11ª Vara Trabalhista de Recife,cliente não responde
2439,5850223-43.2020.3.81.3185,904,cível,arquivado,Encerrado,Dr. Barros,2022-05-24,05/09/2026,,2ª Vara Cível de Recife,urgente
2440,5991409-16.2021.8.44.1303,1262,TRABALHISTA,execução,active,Dra Fontes,01/10/2024,2025-09-14,,11ª Vara Trabalhista de Recife,
2441,9573194-21.2022.1.35.8352,226,trabalhista,execução,em recurso,Dra. Fontes,2022-07-20,2026-04-27,,4ª Vara Criminal de Recife,aguardando documentos
2442,8286828-70.2022.9.31.8012,481,civil,arquivado,acordo,Dr. Barros,23 de maio de 2021,19/02/2025,R$ 447.788,7ª Vara Cível de Recife,
2443,9686751-57.2022.7.62.3494,95,Trabalhista,acordo extrajudicial,ativo,DRA. CAVALCANTE,2025-04-24,16/07/26,444902,1ª Vara Criminal de Recife,cliente não responde
2444,7765112-69.2024.9.62.5648,185,TRABALHISTA,acordo extrajudicial,ativo,Dr. Barros,5 de novembro de 2021,07/11/2025,53165,15ª Vara Criminal de Recife,
2445,4180949-86.2020.3.26.7593,1126,cível,acordo extrajudicial,encerrado,Dr. Barros,2020-11-21,2025-04-16,R$ 146.882,15ª Vara Trabalhista de Recife,cliente não responde
2446,9057219-99.2020.9.96.3254,554,cível,arquivado,em recurso,dr. melo,12 de agosto de 2022,17 de abril de 2025,171378,8ª Vara Trabalhista de Recife,
2447,2411026-52.2022.6.26.7373,944,Civil,sentença,closed,Dra Fontes,10 de janeiro de 2025,22 de novembro de 2026,110955.00,3ª Vara Cível de Recife,
2448,3542616-60.2022.3.87.6536,869,cível,sentença,ativo,Dra. Cavalcante,16 de março de 2021,2025-10-04,,1ª Vara Trabalhista de Recife,cliente não responde
2449,7243958-65.2020.5.25.5047,513,cível,instrução,Ativo,Dr. Barros,6 de junho de 2022,2025-07-19,300425.00,8ª Vara Cível de Recife,aguardando documentos
2450,1757615-27.2025.7.10.3762,926,Civil,execução,Ativo,dr. melo,02/06/20,2025-10-17,,15ª Vara Trabalhista de Recife,cliente não responde
2451,1101935-78.2023.5.88.5299,142,Trabalhista,arquivado,Encerrado,Dr. Barros,16 de dezembro de 2024,2026-08-19,R$ 357.929,2ª Vara Criminal de Recife,em negociação
2452,7951127-89.2024.1.63.3502,1192,Trabalhista,sentença,active,Dra Fontes,08/03/2020,2026-08-14,371766.00,4ª Vara Cível de Recife,urgente
2453,7722274-26.2024.9.14.7062,575,cível,instrução,ativo,Dra. Fontes,01/10/23,3 de junho de 2025,154898,14ª Vara Criminal de Recife,
2454,2016341-89.2023.7.48.2724,1483,trabalhista,inicial,suspended,DRA. CAVALCANTE,05/02/2024,27 de janeiro de 2026,440073,12ª Vara Criminal de Recife,
2455,1273300-90.2024.2.80.7378,982,trabalhista,inicial,settlement,Dr. Melo,06/06/2021,2026-08-07,,10ª Vara Cível de Recife,em negociação
2456,5753123-52.2021.4.48.4042,583,Trabalhista,instrução,em recurso,Dr. Melo,04/10/2022,2026-04-18,285724,19ª Vara Trabalhista de Recife,aguardando documentos
2457,6779292-61.2021.4.86.2783,859,TRABALHISTA,audiência,Ativo,Dra. Fontes,15/08/2022,19/11/2025,R$ 11.245,11ª Vara Criminal de Recife,cliente não responde
2458,4961530-22.2021.4.22.6290,1298,Civil,inicial,active,Dr. Barros,2021-12-27,03/06/25,23592.00,7ª Vara Trabalhista de Recife,aguardando documentos
2459,8368372-34.2020.6.43.9691,122,cível,inicial,Encerrado,dr. melo,02/08/2024,2025-06-01,176241,15ª Vara Criminal de Recife,aguardando documentos
2460,1353022-94.2023.9.79.1203,359,civil,sentença,ativo,Dr. Barros,12/05/2023,30/08/2026,334283.00,17ª Vara Trabalhista de Recife,
2461,5788467-41.2023.8.93.8134,996,Civil,recurso,active,Dra. Cavalcante,2024-07-27,27/01/26,201412.00,6ª Vara Cível de Recife,
2462,1833330-93.2025.8.61.3405,460,Trabalhista,inicial,suspended,DRA. CAVALCANTE,15/11/2020,,R$ 465.357,7ª Vara Criminal de Recife,aguardando documentos
2463,2554938-48.2024.1.13.4544,1397,Trabalhista,instrução,suspenso,DRA. CAVALCANTE,05/03/2023,2026-05-22,57363,13ª Vara Cível de Recife,
2464,3376786-12.2020.7.64.5093,173,trabalhista,instrução,Ativo,Dr. Barros,01/01/20,06/05/26,419422.00,8ª Vara Criminal de Recife,
2465,8886588-26.2020.9.65.6361,1458,Trabalhista,acordo extrajudicial,settlement,Dra. Cavalcante,09/01/2026,13 de maio de 2026,353424.00,12ª Vara Trabalhista de Recife,em negociação
2466,3734843-61.2021.3.94.2954,1499,TRABALHISTA,inicial,closed,Dra Fontes,16/11/2020,23/04/2025,R$ 358.509,14ª Vara Trabalhista de Recife,cliente não responde
2467,7065068-16.2021.7.14.6489,780,Trabalhista,inicial,suspenso,Dr. Melo,18 de fevereiro de 2026,30 de junho de 2025,R$ 197.981,5ª Vara Trabalhista de Recife,cliente não responde
2468,5472823-70.2022.4.41.7624,1440,civil,arquivado,suspenso,DRA. CAVALCANTE,2023-12-07,21/04/2026,228157.00,15ª Vara Criminal de Recife,
2469,1878000-50.2025.7.58.1197,1445,civil,inicial,ativo,Dra. Fontes,27/11/23,2026-04-07,R$ 135.060,19ª Vara Trabalhista de Recife,em negociação
2470,8677980-28.2024.9.94.6552,939,civil,arquivado,em recurso,Dr. Barros,2026-02-22,19 de julho de 2026,306131.00,5ª Vara Criminal de Recife,cliente não responde
2471,7948577-74.2025.1.60.7583,592,Civil,sentença,active,Dr. Melo,10/07/2024,15 de março de 2026,139048,4ª Vara Trabalhista de Recife,em negociação
2472,2461262-96.2021.6.48.1315,1337,trabalhista,execução,suspenso,DRA. CAVALCANTE,24 de outubro de 2025,19 de janeiro de 2025,R$ 343.104,18ª Vara Cível de Recife,
2473,3667022-35.2020.9.76.3115,73,Trabalhista,execução,Ativo,Dr. Barros,03/03/25,2026-05-11,94261.00,8ª Vara Cível de Recife,
2474,8607512-63.2021.6.82.1039,462,cível,recurso,em recurso,dr. melo,2020-03-26,22 de maio de 2025,R$ 272.325,4ª Vara Cível de Recife,cliente não responde
2475,9252661-70.2020.1.46.1185,103,Trabalhista,inicial,Ativo,Dr. Barros,27/01/24,13/12/2025,32157,14ª Vara Trabalhista de Recife,cliente não responde
2476,3242098-97.2025.4.44.9916,747,cível,execução,encerrado,Dra Fontes,2022-09-25,20/12/2025,399447,1ª Vara Criminal de Recife,
2477,2191287-57.2021.1.18.8228,656,Civil,sentença,ATIVO,Dra. Cavalcante,25/11/25,11 de abril de 2025,154366,5ª Vara Cível de Recife,em negociação
2478,1974389-81.2024.5.57.9354,485,cível,acordo extrajudicial,suspenso,DRA. CAVALCANTE,27/04/23,7 de setembro de 2026,150880,1ª Vara Criminal de Recife,em negociação
2479,1116024-57.2025.8.16.4043,905,Trabalhista,instrução,Encerrado,dr. melo,2024-11-13,2026-07-21,12022,12ª Vara Cível de Recife,
2480,5274951-77.2021.1.76.5120,247,TRABALHISTA,recurso,settlement,Dr. Barros,2021-03-07,21 de março de 2026,,14ª Vara Cível de Recife,
2481,2490107-19.2023.9.10.7930,1393,Trabalhista,recurso,settlement,Dra. Fontes,02/08/23,11/02/2025,,11ª Vara Criminal de Recife,urgente
2482,8936104-83.2022.1.39.7934,586,Civil,acordo extrajudicial,encerrado,Dr. Barros,12/05/22,2025-05-30,R$ 327.737,16ª Vara Trabalhista de Recife,
2483,2267110-24.2021.5.78.6025,208,civil,audiência,Encerrado,Dr. Barros,31 de agosto de 2024,20 de novembro de 2025,R$ 213.381,12ª Vara Trabalhista de Recife,aguardando documentos
2484,9408522-77.2021.3.36.8376,235,civil,inicial,ativo,Dra. Cavalcante,26/09/24,23 de fevereiro de 2026,R$ 123.213,19ª Vara Criminal de Recife,urgente
2485,5614769-67.2022.9.87.1001,465,Civil,arquivado,settlement,Dra. Fontes,6 de dezembro de 2021,20/11/2025,R$ 378.929,20ª Vara Trabalhista de Recife,urgente
2486,2837371-36.2022.7.88.5428,1292,civil,recurso,settlement,Dra Fontes,3 de julho de 2022,01/03/2026,,13ª Vara Criminal de Recife,
2487,2753004-76.2021.8.83.9874,440,Trabalhista,inicial,settlement,DRA. CAVALCANTE,19/04/22,15/07/2026,352719,20ª Vara Criminal de Recife,aguardando documentos
2488,6101036-60.2022.7.49.3295,1306,Trabalhista,instrução,active,Dr. Barros,25/09/25,27/01/26,452276.00,15ª Vara Trabalhista de Recife,
2489,5967836-10.2021.4.35.9671,53,TRABALHISTA,sentença,em recurso,Dra. Fontes,05/03/2023,18 de março de 2026,R$ 56.637,15ª Vara Cível de Recife,urgente
2490,6036037-32.2025.3.53.7515,690,TRABALHISTA,recurso,ativo,Dra Fontes,2020-08-16,28/11/2026,,7ª Vara Trabalhista de Recife,
2491,8183950-10.2021.5.84.9388,914,civil,acordo extrajudicial,ativo,dr. melo,2024-11-06,11 de dezembro de 2026,R$ 138.771,13ª Vara Cível de Recife,cliente não responde
2492,8129073-22.2024.4.16.9656,261,Civil,audiência,em recurso,dr. melo,2025-01-11,07/12/26,230696,14ª Vara Cível de Recife,
2493,2480014-80.2024.2.29.9847,1304,civil,acordo extrajudicial,encerrado,DRA. CAVALCANTE,01/10/2025,2026-07-30,,8ª Vara Criminal de Recife,
2494,5966644-82.2023.4.88.9951,238,TRABALHISTA,acordo extrajudicial,ATIVO,Dr. Barros,8 de fevereiro de 2020,12/09/2025,R$ 50.434,2ª Vara Trabalhista de Recife,aguardando documentos
2495,5518767-82.2023.4.96.9873,1413,Civil,arquivado,suspended,DRA. CAVALCANTE,20/12/20,,,17ª Vara Trabalhista de Recife,
2496,9110060-16.2025.2.29.4716,1419,Civil,execução,ativo,Dr. Melo,2023-01-02,03/02/2026,338409.00,1ª Vara Trabalhista de Recife,
2497,4824419-32.2024.5.47.3265,582,trabalhista,instrução,ATIVO,Dr. Barros,22/02/20,12/06/2026,,19ª Vara Criminal de Recife,cliente não responde
2498,8183950-10.2021.5.84.9388,993,cível,inicial,ATIVO,dr. melo,24 de novembro de 2021,2026-08-28,R$ 438.490,19ª Vara Criminal de Recife,
2499,7599278-46.2021.4.96.3535,1371,Civil,audiência,settlement,dr. melo,26/01/2026,25/09/2026,R$ 234.456,4ª Vara Criminal de Recife,cliente não responde
2500,7486138-99.2020.5.81.4332,661,TRABALHISTA,execução,suspenso,Dra. Cavalcante,15 de dezembro de 2023,2026-04-01,,8ª Vara Trabalhista de Recife,
2501,2490107-19.2023.9.10.7930,735,trabalhista,arquivado,closed,Dra. Cavalcante,2022-03-11,25 de setembro de 2026,R$ 246.511,18ª Vara Trabalhista de Recife,urgente
2502,5700249-43.2020.5.57.9341,1289,TRABALHISTA,acordo extrajudicial,appeal,DRA. CAVALCANTE,11/06/20,10/10/2026,R$ 359.766,7ª Vara Cível de Recife,em negociação
2503,5967836-10.2021.4.35.9671,315,trabalhista,arquivado,suspended,DRA. CAVALCANTE,2022-01-24,02/09/25,130461.00,1ª Vara Trabalhista de Recife,urgente
2504,3750497-13.2024.6.65.9009,1264,civil,arquivado,suspenso,Dra. Fontes,11/01/2020,11 de julho de 2025,,5ª Vara Trabalhista de Recife,
2505,1411065-96.2022.9.64.8271,635,trabalhista,inicial,Ativo,Dra. Cavalcante,10/04/2025,22/08/2026,,18ª Vara Criminal de Recife,urgente
2506,3576390-15.2021.2.82.8209,627,trabalhista,recurso,acordo,DRA. CAVALCANTE,11/02/23,2 de novembro de 2026,218119.00,14ª Vara Cível de Recife,
2507,8735892-74.2025.8.18.9411,39,Trabalhista,inicial,ativo,Dra. Cavalcante,18 de novembro de 2020,2026-12-03,R$ 104.581,16ª Vara Cível de Recife,urgente
2508,1933296-95.2024.5.69.8317,580,trabalhista,instrução,ativo,Dr. Melo,2024-08-10,2025-02-13,396475,2ª Vara Trabalhista de Recife,
2509,6267378-50.2021.9.19.9923,1473,Trabalhista,execução,Ativo,Dr. Melo,13 de julho de 2021,22/07/26,482691.00,17ª Vara Criminal de Recife,aguardando documentos
2510,7840442-26.2025.9.53.5093,457,civil,execução,suspended,Dra. Cavalcante,6 de outubro de 2022,23/05/26,425783,13ª Vara Trabalhista de Recife,urgente
2511,8368372-34.2020.6.43.9691,818,cível,inicial,suspenso,Dra. Fontes,17 de abril de 2020,2 de agosto de 2025,264058,9ª Vara Cível de Recife,aguardando documentos
2512,9060164-41.2020.5.36.2381,700,cível,audiência,ativo,Dr. Barros,21/01/25,,181716,6ª Vara Criminal de Recife,
2513,2753004-76.2021.8.83.9874,1298,Trabalhista,sentença,encerrado,dr. melo,03/02/21,,28486,15ª Vara Criminal de Recife,cliente não responde
2514,2016341-89.2023.7.48.2724,541,civil,arquivado,appeal,Dra. Cavalcante,21/07/20,30 de janeiro de 2025,R$ 497.630,13ª Vara Trabalhista de Recife,em negociação
2515,7486029-45.2024.4.25.3159,868,civil,sentença,ativo,dr. melo,16/05/25,,398334,17ª Vara Criminal de Recife,aguardando documentos
2516,7515318-25.2024.4.34.6280,1295,Trabalhista,inicial,em recurso,Dra. Fontes,12 de fevereiro de 2024,2026-02-25,419238.00,16ª Vara Criminal de Recife,
2517,5953905-94.2022.5.44.3245,910,Civil,execução,active,dr. melo,26/11/23,2026-08-23,102719.00,18ª Vara Cível de Recife,aguardando documentos
2518,2837371-36.2022.7.88.5428,531,cível,instrução,Ativo,Dr. Barros,06/09/25,11/04/2025,,13ª Vara Cível de Recife,aguardando documentos
2519,2191287-57.2021.1.18.8228,170,Civil,instrução,Encerrado,Dra Fontes,01/12/2022,26 de maio de 2026,498177.00,11ª Vara Trabalhista de Recife,urgente
2520,4417916-40.2022.7.26.4278,266,trabalhista,arquivado,ativo,dr. melo,12 de junho de 2022,2025-02-02,,11ª Vara Cível de Recife,
2521,7320713-89.2022.3.68.7881,1130,TRABALHISTA,acordo extrajudicial,Encerrado,Dr. Barros,24/05/22,2025-01-29,R$ 55.571,11ª Vara Criminal de Recife,urgente
2522,9686751-57.2022.7.62.3494,734,TRABALHISTA,execução,acordo,dr. melo,18 de fevereiro de 2021,23/12/2025,R$ 273.800,14ª Vara Cível de Recife,em negociação
2523,1101935-78.2023.5.88.5299,1206,cível,recurso,active,Dr. Barros,09/06/25,18 de janeiro de 2026,108458.00,15ª Vara Criminal de Recife,
2524,4326518-76.2023.4.36.8530,1006,trabalhista,recurso,suspended,dr. melo,27 de junho de 2025,08/07/2026,,3ª Vara Criminal de Recife,
2525,8530609-10.2021.5.41.7151,244,Trabalhista,acordo extrajudicial,acordo,Dra Fontes,22 de março de 2025,2026-01-29,170619.00,5ª Vara Criminal de Recife,cliente não responde
2526,5703772-88.2020.8.34.6114,1048,civil,instrução,Encerrado,Dra. Cavalcante,05/11/2021,04/12/26,363754,5ª Vara Trabalhista de Recife,cliente não responde
2527,8215015-64.2021.5.32.1893,94,Civil,execução,appeal,Dra Fontes,19/05/22,09/11/2025,271900,6ª Vara Cível de Recife,
2528,8590346-68.2020.7.63.7780,743,cível,acordo extrajudicial,acordo,Dr. Barros,10 de maio de 2024,17/11/26,,18ª Vara Criminal de Recife,
2529,5058333-37.2021.3.98.8848,702,cível,execução,em recurso,Dr. Barros,22/12/20,2025-07-24,,2ª Vara Criminal de Recife,
2530,7486138-99.2020.5.81.4332,1302,Civil,inicial,settlement,dr. melo,20/08/2021,,127492,19ª Vara Cível de Recife,
2531,2461262-96.2021.6.48.1315,976,Civil,sentença,ativo,dr. melo,27/04/2026,2025-03-23,,2ª Vara Cível de Recife,aguardando documentos
2532,2490107-19.2023.9.10.7930,772,Civil,audiência,suspended,Dr. Barros,15/09/21,2025-03-09,85519,8ª Vara Trabalhista de Recife,urgente
2533,1676369-34.2022.3.47.6087,1249,Trabalhista,arquivado,suspenso,Dr. Melo,10 de setembro de 2024,24/09/25,,2ª Vara Cível de Recife,urgente
2534,2490107-19.2023.9.10.7930,901,civil,audiência,active,Dr. Melo,04/02/24,2025-12-28,R$ 282.086,15ª Vara Criminal de Recife,
2535,1615190-23.2022.2.42.6238,422,civil,acordo extrajudicial,ativo,Dra. Cavalcante,20/10/2020,07/12/26,370186.00,16ª Vara Criminal de Recife,
2536,1602496-64.2022.5.79.8340,1148,Civil,audiência,encerrado,Dra. Cavalcante,02/03/2026,3 de maio de 2025,249579,17ª Vara Criminal de Recife,urgente
2537,3679963-72.2020.9.29.7859,1178,TRABALHISTA,audiência,ATIVO,Dra. Cavalcante,05/07/2024,01/07/2025,,19ª Vara Trabalhista de Recife,
2538,5112941-62.2021.1.89.5887,1343,TRABALHISTA,inicial,Ativo,DRA. CAVALCANTE,13/08/20,31/03/2026,494445.00,14ª Vara Cível de Recife,aguardando documentos
2539,9686751-57.2022.7.62.3494,111,TRABALHISTA,sentença,suspenso,dr. melo,08/06/2022,2026-06-03,R$ 227.063,9ª Vara Trabalhista de Recife,
2540,9798556-59.2021.3.62.3110,299,Trabalhista,audiência,Encerrado,Dr. Melo,2024-07-24,2026-12-20,R$ 216.259,13ª Vara Cível de Recife,
2541,1185885-59.2023.7.19.8433,476,trabalhista,execução,settlement,Dra. Cavalcante,2025-09-17,2026-03-24,,17ª Vara Cível de Recife,
2542,5700249-43.2020.5.57.9341,37,civil,audiência,em recurso,Dr. Barros,2022-02-25,2025-03-12,,16ª Vara Criminal de Recife,
2543,3263740-44.2022.3.81.5402,1076,Civil,instrução,suspenso,DRA. CAVALCANTE,2025-11-02,2025-04-26,R$ 418.196,5ª Vara Criminal de Recife,aguardando documentos
2544,5545511-73.2023.1.66.9757,1318,cível,acordo extrajudicial,appeal,Dr. Barros,02/08/2023,28 de julho de 2025,154743,11ª Vara Criminal de Recife,
2545,4229107-99.2020.7.61.3978,662,trabalhista,execução,ATIVO,Dr. Barros,06/04/21,08/03/2026,R$ 422.619,19ª Vara Criminal de Recife,
2546,6927716-18.2022.9.56.1445,1382,civil,instrução,closed,Dra Fontes,17/04/2025,16 de abril de 2026,,1ª Vara Trabalhista de Recife,em negociação
2547,2842764-33.2025.7.99.7279,642,Civil,execução,settlement,Dra Fontes,26/07/21,2026-01-14,,7ª Vara Trabalhista de Recife,
2548,8220628-15.2021.8.54.9077,640,cível,instrução,acordo,Dra Fontes,31 de outubro de 2021,22/01/26,R$ 345.376,20ª Vara Cível de Recife,
2549,4085001-92.2022.6.76.8938,1188,trabalhista,audiência,closed,DRA. CAVALCANTE,2022-08-23,2025-02-22,271340,17ª Vara Criminal de Recife,aguardando documentos
2550,2118934-75.2023.5.97.9563,46,Trabalhista,inicial,ativo,dr. melo,9 de novembro de 2020,21/05/26,R$ 441.893,8ª Vara Trabalhista de Recife,urgente
2551,4140100-24.2024.4.63.7178,259,TRABALHISTA,inicial,acordo,Dra. Cavalcante,17 de setembro de 2023,2026-08-09,159417,20ª Vara Trabalhista de Recife,
2552,4824419-32.2024.5.47.3265,78,civil,execução,Ativo,DRA. CAVALCANTE,22 de fevereiro de 2020,2025-03-04,R$ 337.151,1ª Vara Trabalhista de Recife,
2553,3724721-44.2021.9.75.5553,1346,civil,instrução,ATIVO,Dr. Melo,11 de junho de 2025,27/09/26,83271.00,16ª Vara Criminal de Recife,
2554,3879233-61.2024.5.30.1494,1143,TRABALHISTA,audiência,settlement,Dra Fontes,19/05/22,,391682,3ª Vara Trabalhista de Recife,
2555,8630644-97.2025.3.28.1296,500,cível,arquivado,suspenso,Dra. Fontes,2025-03-06,11 de fevereiro de 2025,,18ª Vara Criminal de Recife,cliente não responde
2556,5947618-28.2023.6.53.6118,1496,TRABALHISTA,acordo extrajudicial,ATIVO,Dra. Cavalcante,5 de fevereiro de 2022,2026-12-04,368669,18ª Vara Trabalhista de Recife,em negociação
2557,7271178-97.2023.5.84.4243,193,Civil,instrução,Encerrado,dr. melo,16 de março de 2022,2025-02-07,218803,6ª Vara Cível de Recife,urgente
2558,3496733-55.2020.2.43.8503,877,trabalhista,arquivado,encerrado,Dra. Fontes,13 de dezembro de 2020,09/11/2025,R$ 100.195,7ª Vara Criminal de Recife,em negociação
2559,2112478-55.2024.2.51.9095,1408,trabalhista,execução,ativo,Dr. Barros,2021-09-21,27/07/2026,R$ 61.256,14ª Vara Trabalhista de Recife,cliente não responde
2560,9774395-92.2023.2.75.3192,175,TRABALHISTA,sentença,ativo,Dr. Barros,2023-11-13,21 de julho de 2025,R$ 283.509,1ª Vara Trabalhista de Recife,cliente não responde
2561,9057219-99.2020.9.96.3254,305,trabalhista,inicial,Ativo,Dr. Barros,2020-06-15,,R$ 61.090,1ª Vara Trabalhista de Recife,
2562,2480014-80.2024.2.29.9847,1078,civil,sentença,active,Dr. Barros,23/12/20,2026-10-03,,5ª Vara Cível de Recife,
2563,2328070-99.2024.8.57.5561,65,Trabalhista,audiência,ativo,dr. melo,01/01/2022,18/02/25,23052.00,20ª Vara Criminal de Recife,cliente não responde
2564,6935346-77.2024.3.52.9529,240,cível,audiência,Ativo,Dr. Melo,20/05/2021,12/12/2026,465137,10ª Vara Cível de Recife,
2565,8892606-62.2022.2.87.2168,1486,civil,instrução,Ativo,Dra. Cavalcante,13/11/2021,12/04/26,,7ª Vara Criminal de Recife,
2566,5271615-59.2021.2.54.6844,994,cível,acordo extrajudicial,appeal,Dr. Melo,22/01/21,4 de setembro de 2025,61345.00,12ª Vara Cível de Recife,
2567,7438163-48.2021.3.47.1186,524,Trabalhista,acordo extrajudicial,Encerrado,Dra. Cavalcante,2023-07-26,07/03/2025,421166,11ª Vara Criminal de Recife,
2568,7979033-26.2021.6.18.1084,958,trabalhista,sentença,Ativo,Dr. Barros,18/05/23,30/04/2026,R$ 125.352,16ª Vara Trabalhista de Recife,
2569,7633905-83.2022.9.95.2309,1183,TRABALHISTA,audiência,encerrado,Dra. Fontes,23/09/24,25 de outubro de 2026,23398,17ª Vara Criminal de Recife,
2570,9636371-69.2025.8.67.4068,1117,Civil,acordo extrajudicial,ATIVO,Dra Fontes,2020-12-13,24 de janeiro de 2025,,15ª Vara Cível de Recife,
2571,9398629-61.2022.5.88.8253,799,civil,sentença,closed,dr. melo,2020-05-15,2026-04-30,,17ª Vara Cível de Recife,
2572,8588997-88.2020.6.29.5987,957,civil,arquivado,ativo,Dra Fontes,21 de abril de 2021,16/03/2026,133646,11ª Vara Trabalhista de Recife,
2573,1438459-62.2020.7.78.3410,899,cível,execução,settlement,Dra. Cavalcante,10 de maio de 2023,31/08/25,,6ª Vara Trabalhista de Recife,em negociação
2574,6260319-38.2024.8.96.1114,1223,civil,recurso,ATIVO,Dra. Cavalcante,28/12/2025,2025-08-27,327805,11ª Vara Trabalhista de Recife,
2575,9489806-94.2021.2.55.9162,1265,TRABALHISTA,acordo extrajudicial,suspended,Dra Fontes,02/02/2025,14 de janeiro de 2026,429438.00,7ª Vara Cível de Recife,
2576,1183693-37.2024.1.85.2937,1379,cível,instrução,encerrado,Dra Fontes,2026-01-24,13 de setembro de 2026,R$ 341.099,2ª Vara Criminal de Recife,
2577,5901155-82.2023.2.89.7717,924,trabalhista,execução,encerrado,DRA. CAVALCANTE,18/07/20,23/02/2025,103030.00,14ª Vara Criminal de Recife,urgente
2578,9076234-78.2023.3.90.2702,809,Civil,arquivado,ativo,Dr. Melo,2025-10-18,06/07/25,,15ª Vara Criminal de Recife,aguardando documentos
2579,1273300-90.2024.2.80.7378,53,Trabalhista,execução,ativo,Dr. Melo,16 de abril de 2021,27/06/25,220121.00,15ª Vara Cível de Recife,
2580,3541821-31.2021.8.96.1927,1168,trabalhista,inicial,ativo,Dr. Melo,8 de setembro de 2023,19/07/2025,314817.00,10ª Vara Trabalhista de Recife,
2581,1735592-50.2022.9.87.5612,1082,Trabalhista,inicial,ATIVO,DRA. CAVALCANTE,29/11/21,12 de setembro de 2025,387701,16ª Vara Cível de Recife,em negociação
2582,4460247-99.2024.9.97.4840,775,civil,acordo extrajudicial,ATIVO,Dra. Fontes,9 de fevereiro de 2021,26/12/2026,R$ 274.966,18ª Vara Cível de Recife,em negociação
2583,8655267-17.2025.3.63.4188,168,civil,instrução,suspenso,Dr. Barros,29 de julho de 2023,2026-02-19,,19ª Vara Trabalhista de Recife,cliente não responde
2584,7951127-89.2024.1.63.3502,642,civil,acordo extrajudicial,ativo,Dr. Barros,30 de julho de 2021,28 de janeiro de 2025,227200,19ª Vara Trabalhista de Recife,aguardando documentos
2585,4090182-95.2021.1.57.7189,304,civil,instrução,em recurso,DRA. CAVALCANTE,2021-03-26,,,3ª Vara Cível de Recife,
2586,1757615-27.2025.7.10.3762,146,cível,arquivado,active,Dra. Fontes,7 de outubro de 2024,11 de maio de 2026,R$ 49.969,13ª Vara Cível de Recife,urgente
2587,7110796-41.2020.3.80.5362,1332,civil,audiência,ativo,Dr. Barros,29 de outubro de 2023,07/04/26,305777.00,18ª Vara Cível de Recife,em negociação
2588,1095980-10.2020.7.77.8313,545,cível,execução,active,Dra. Fontes,24/01/2023,09/10/2025,180577,2ª Vara Criminal de Recife,urgente
2589,4433355-55.2023.8.48.9346,222,Civil,arquivado,encerrado,Dr. Barros,8 de outubro de 2022,19/08/2026,439183.00,17ª Vara Cível de Recife,
2590,6416661-36.2021.8.21.8496,20,Trabalhista,arquivado,ativo,Dra. Fontes,9 de setembro de 2023,27 de agosto de 2025,R$ 211.387,5ª Vara Cível de Recife,
2591,3260101-88.2022.8.37.9169,912,civil,execução,ativo,Dra. Fontes,2025-12-31,22 de outubro de 2026,,9ª Vara Trabalhista de Recife,
2592,1272937-41.2023.5.75.9958,253,TRABALHISTA,sentença,Ativo,Dra. Cavalcante,18 de maio de 2024,4 de julho de 2025,282932,14ª Vara Trabalhista de Recife,
2593,2675642-32.2022.8.65.5499,750,civil,sentença,acordo,dr. melo,09/12/20,9 de agosto de 2025,,12ª Vara Trabalhista de Recife,urgente
2594,6339266-27.2025.5.15.6766,327,Trabalhista,execução,encerrado,Dr. Barros,12 de março de 2026,2 de abril de 2026,173560,5ª Vara Cível de Recife,cliente não responde
2595,3401866-56.2021.1.87.5297,134,trabalhista,recurso,encerrado,Dr. Barros,2020-07-14,2026-05-29,R$ 259.667,1ª Vara Trabalhista de Recife,em negociação
2596,4314934-26.2021.7.14.7244,1318,trabalhista,inicial,encerrado,DRA. CAVALCANTE,2022-07-20,27/02/26,,14ª Vara Trabalhista de Recife,urgente
2597,6927716-18.2022.9.56.1445,607,trabalhista,execução,encerrado,Dr. Barros,20/09/23,10/08/26,,16ª Vara Cível de Recife,urgente
2598,5853247-29.2020.7.62.8870,824,Civil,sentença,active,Dra. Cavalcante,03/02/26,27/05/2026,314329,10ª Vara Cível de Recife,cliente não responde
2599,1101935-78.2023.5.88.5299,386,trabalhista,execução,Encerrado,Dr. Barros,12/07/25,,349960,9ª Vara Trabalhista de Recife,
2600,9108785-98.2021.3.78.6687,102,TRABALHISTA,instrução,active,Dra. Fontes,2024-04-17,04/07/2026,R$ 100.037,20ª Vara Criminal de Recife,aguardando documentos
2601,3667022-35.2020.9.76.3115,1308,TRABALHISTA,audiência,ativo,Dra Fontes,22/03/2022,2026-10-01,372660,12ª Vara Criminal de Recife,aguardando documentos
2602,7515318-25.2024.4.34.6280,240,cível,execução,settlement,Dr. Barros,05/09/24,01/12/2026,R$ 278.624,13ª Vara Trabalhista de Recife,
2603,4507711-38.2024.2.34.4732,37,civil,recurso,ativo,Dr. Barros,2026-01-20,2026-05-18,,16ª Vara Cível de Recife,cliente não responde
2604,2019436-32.2020.6.16.9856,345,cível,inicial,encerrado,DRA. CAVALCANTE,16 de abril de 2026,07/02/2026,185185,10ª Vara Criminal de Recife,aguardando documentos
2605,4824419-32.2024.5.47.3265,1260,civil,audiência,ativo,Dra Fontes,2021-11-29,04/03/2025,17885,11ª Vara Trabalhista de Recife,aguardando documentos
2606,2129757-49.2025.4.14.5657,591,trabalhista,acordo extrajudicial,encerrado,Dra Fontes,2020-04-07,,,18ª Vara Cível de Recife,em negociação
2607,8827641-36.2022.5.59.8715,345,trabalhista,instrução,closed,Dra. Fontes,25/11/20,18/05/26,,8ª Vara Cível de Recife,urgente
2608,9108785-98.2021.3.78.6687,1099,trabalhista,recurso,acordo,Dr. Barros,15/06/25,2026-10-09,315811,5ª Vara Trabalhista de Recife,em negociação
2609,7320713-89.2022.3.68.7881,353,trabalhista,execução,suspenso,Dr. Barros,15/05/2025,2025-09-11,,7ª Vara Cível de Recife,
2610,1754781-28.2025.6.89.2162,1349,Civil,instrução,ativo,Dr. Barros,5 de agosto de 2025,2025-12-29,147659.00,8ª Vara Cível de Recife,aguardando documentos
2611,6267378-50.2021.9.19.9923,1425,Trabalhista,sentença,encerrado,Dra. Cavalcante,2023-03-29,2026-11-07,,12ª Vara Criminal de Recife,urgente
2612,5660649-86.2020.5.86.9291,330,cível,sentença,suspenso,Dra. Fontes,2020-05-07,14 de agosto de 2025,328914.00,20ª Vara Cível de Recife,urgente
2613,5514997-95.2024.1.84.8098,899,civil,audiência,ATIVO,dr. melo,2023-11-08,01/09/26,,16ª Vara Cível de Recife,urgente
2614,1628717-84.2025.8.67.8313,386,trabalhista,execução,suspended,Dra. Fontes,23 de dezembro de 2025,12/05/26,R$ 239.562,18ª Vara Trabalhista de Recife,
2615,6053412-12.2021.6.72.8346,1217,civil,arquivado,em recurso,Dra. Cavalcante,13 de setembro de 2023,29 de maio de 2025,,12ª Vara Trabalhista de Recife,
2616,5991409-16.2021.8.44.1303,979,TRABALHISTA,audiência,closed,Dra. Cavalcante,2020-12-21,2025-08-17,,12ª Vara Trabalhista de Recife,
2617,7438163-48.2021.3.47.1186,422,cível,instrução,Ativo,dr. melo,2020-08-13,06/09/25,R$ 127.166,1ª Vara Criminal de Recife,cliente não responde
2618,3248366-98.2020.5.11.6279,263,civil,acordo extrajudicial,suspenso,Dra. Cavalcante,24 de julho de 2022,2026-07-08,335686.00,18ª Vara Trabalhista de Recife,cliente não responde
2619,9110060-16.2025.2.29.4716,1425,TRABALHISTA,inicial,ativo,Dra. Fontes,2025-05-22,,,20ª Vara Criminal de Recife,aguardando documentos
2620,1667591-67.2025.4.69.9424,928,TRABALHISTA,sentença,Ativo,Dra. Cavalcante,2023-09-21,24/03/2025,495651,17ª Vara Cível de Recife,
2621,7381740-86.2021.2.88.6570,1165,trabalhista,audiência,appeal,Dra Fontes,18/02/2022,02/02/26,R$ 212.781,3ª Vara Cível de Recife,cliente não responde
2622,4493339-70.2021.7.17.8725,27,Civil,recurso,Encerrado,Dra. Fontes,4 de dezembro de 2021,9 de dezembro de 2026,324357.00,13ª Vara Trabalhista de Recife,cliente não responde
2623,3054975-46.2023.4.85.5879,228,Civil,arquivado,encerrado,Dra. Cavalcante,2023-04-16,16/11/26,R$ 179.706,20ª Vara Trabalhista de Recife,em negociação
2624,4460247-99.2024.9.97.4840,1219,cível,arquivado,encerrado,Dr. Barros,2020-03-17,,R$ 6.628,14ª Vara Cível de Recife,cliente não responde
2625,2895065-46.2022.7.67.1438,1082,Trabalhista,instrução,settlement,Dra. Fontes,04/04/22,1 de outubro de 2025,466910.00,7ª Vara Criminal de Recife,aguardando documentos
2626,1445483-93.2023.1.61.7357,1322,civil,inicial,appeal,Dr. Barros,27 de junho de 2023,2025-10-06,R$ 434.134,4ª Vara Trabalhista de Recife,
2627,3054975-46.2023.4.85.5879,175,Trabalhista,sentença,ativo,Dra Fontes,07/04/2026,2025-07-31,448657.00,4ª Vara Trabalhista de Recife,em negociação
2628,5159882-37.2022.9.71.7550,12,civil,execução,ativo,Dra Fontes,26 de abril de 2026,27/01/25,340583.00,15ª Vara Criminal de Recife,urgente
2629,6075721-43.2020.9.85.8738,1374,civil,inicial,appeal,Dr. Melo,2023-06-23,20/03/25,206146,6ª Vara Trabalhista de Recife,
2630,1735592-50.2022.9.87.5612,987,Trabalhista,inicial,suspended,DRA. CAVALCANTE,27/05/2025,2025-06-06,245302,19ª Vara Criminal de Recife,
2631,3750497-13.2024.6.65.9009,532,civil,execução,appeal,Dra Fontes,27 de maio de 2022,10/01/2025,,8ª Vara Criminal de Recife,
2632,4229107-99.2020.7.61.3978,410,trabalhista,audiência,ativo,Dr. Barros,24/05/2025,2025-09-25,319425.00,7ª Vara Criminal de Recife,aguardando documentos
2633,6414076-16.2021.7.78.8273,1117,civil,audiência,closed,Dr. Barros,14 de dezembro de 2024,2025-05-10,126672,5ª Vara Cível de Recife,
2634,6334947-38.2020.4.71.6173,1345,trabalhista,sentença,suspenso,dr. melo,2021-08-13,19/03/2025,R$ 149.010,1ª Vara Trabalhista de Recife,urgente
2635,8735892-74.2025.8.18.9411,692,TRABALHISTA,inicial,ativo,Dr. Barros,12/07/24,2026-10-16,R$ 259.788,6ª Vara Cível de Recife,
2636,6944389-98.2023.1.72.8245,638,cível,inicial,appeal,Dra. Fontes,16 de outubro de 2022,22 de março de 2026,R$ 276.100,18ª Vara Trabalhista de Recife,
2637,4768255-51.2022.4.94.5695,1146,civil,acordo extrajudicial,ATIVO,Dra. Cavalcante,03/10/24,19 de dezembro de 2026,,19ª Vara Trabalhista de Recife,urgente
2638,5284129-51.2020.3.32.5205,619,cível,arquivado,ativo,Dr. Barros,14/02/24,16/10/2026,,14ª Vara Criminal de Recife,em negociação
2639,6927716-18.2022.9.56.1445,1465,Civil,audiência,suspended,dr. melo,31/03/2025,29/10/25,355234.00,4ª Vara Cível de Recife,urgente
2640,9060164-41.2020.5.36.2381,792,Civil,instrução,appeal,Dr. Barros,18/08/22,23/11/26,,8ª Vara Trabalhista de Recife,
2641,7110796-41.2020.3.80.5362,1343,Trabalhista,audiência,encerrado,Dr. Melo,2025-04-30,22 de maio de 2026,106135.00,2ª Vara Cível de Recife,
2642,7224257-29.2020.8.88.9110,391,civil,acordo extrajudicial,em recurso,Dra Fontes,2026-05-01,29/01/2025,R$ 445.477,8ª Vara Criminal de Recife,aguardando documentos
2643,3750497-13.2024.6.65.9009,128,Civil,inicial,Ativo,DRA. CAVALCANTE,24/10/24,13/05/2026,31630.00,10ª Vara Trabalhista de Recife,cliente não responde
2644,4961530-22.2021.4.22.6290,111,TRABALHISTA,arquivado,ativo,Dra Fontes,14/01/23,2026-03-20,,3ª Vara Trabalhista de Recife,
2645,4314934-26.2021.7.14.7244,272,Civil,acordo extrajudicial,Encerrado,dr. melo,17/03/22,2025-10-07,38888.00,5ª Vara Cível de Recife,aguardando documentos
2646,9835331-11.2022.6.15.8602,899,civil,inicial,encerrado,Dr. Melo,9 de dezembro de 2025,21/12/2025,427403,13ª Vara Cível de Recife,cliente não responde
2647,7539718-58.2020.2.52.9800,1055,trabalhista,audiência,closed,Dra. Fontes,1 de maio de 2023,2025-07-18,R$ 86.040,14ª Vara Cível de Recife,
2648,2554938-48.2024.1.13.4544,80,civil,recurso,encerrado,Dra Fontes,8 de abril de 2025,10 de fevereiro de 2026,,14ª Vara Cível de Recife,urgente
2649,8215015-64.2021.5.32.1893,1242,Civil,arquivado,ativo,Dr. Barros,30/03/20,,402659.00,19ª Vara Cível de Recife,
2650,7224257-29.2020.8.88.9110,1256,Trabalhista,instrução,encerrado,Dr. Barros,2024-01-30,11 de julho de 2025,,5ª Vara Trabalhista de Recife,
2651,2411026-52.2022.6.26.7373,913,civil,audiência,settlement,dr. melo,27/06/20,20/09/2026,R$ 126.706,1ª Vara Criminal de Recife,cliente não responde
2652,2236315-26.2022.5.82.8939,1454,civil,recurso,Encerrado,Dr. Barros,20/05/2021,2025-07-22,R$ 174.271,9ª Vara Criminal de Recife,
2653,1353022-94.2023.9.79.1203,365,Civil,execução,Encerrado,dr. melo,13/03/24,8 de abril de 2025,148327.00,6ª Vara Criminal de Recife,aguardando documentos
2654,7999133-20.2023.7.26.1121,1130,Civil,audiência,closed,Dra. Cavalcante,17/08/2024,30/10/2026,313080,15ª Vara Criminal de Recife,cliente não responde
2655,8590346-68.2020.7.63.7780,1415,TRABALHISTA,instrução,ativo,Dr. Melo,2021-07-24,5 de março de 2025,R$ 328.314,9ª Vara Criminal de Recife,aguardando documentos
2656,2267110-24.2021.5.78.6025,897,Civil,inicial,encerrado,Dra Fontes,05/08/2024,16 de setembro de 2026,22259.00,6ª Vara Cível de Recife,cliente não responde
2657,8168450-48.2020.2.65.4570,924,Trabalhista,execução,ativo,Dr. Barros,27/12/2024,,296911.00,13ª Vara Trabalhista de Recife,urgente
2658,8572382-61.2025.1.41.7172,291,TRABALHISTA,sentença,settlement,Dr. Barros,2023-09-22,19/08/26,,17ª Vara Criminal de Recife,cliente não responde
2659,9573194-21.2022.1.35.8352,359,civil,sentença,Encerrado,dr. melo,15/09/2021,10/11/26,260161,7ª Vara Trabalhista de Recife,aguardando documentos
2660,6339266-27.2025.5.15.6766,1244,cível,execução,acordo,Dr. Melo,27 de dezembro de 2022,26/08/25,R$ 434.215,5ª Vara Criminal de Recife,
2661,3263740-44.2022.3.81.5402,209,civil,sentença,acordo,Dra. Cavalcante,23/03/2021,17/09/2026,268271,19ª Vara Cível de Recife,urgente
2662,7398699-88.2025.6.55.3587,1296,TRABALHISTA,instrução,suspended,Dra. Fontes,26/06/22,05/11/25,R$ 273.506,5ª Vara Cível de Recife,aguardando documentos
2663,9060164-41.2020.5.36.2381,484,trabalhista,sentença,Ativo,Dr. Barros,12/06/22,09/03/25,449852.00,10ª Vara Trabalhista de Recife,em negociação
2664,6105303-92.2021.4.39.3868,1417,Trabalhista,execução,ativo,Dr. Melo,24/12/2025,2026-11-04,R$ 377.729,13ª Vara Criminal de Recife,
2665,4568537-97.2021.4.82.7633,472,Civil,sentença,Ativo,Dra. Fontes,7 de outubro de 2025,22/10/2026,R$ 318.215,17ª Vara Criminal de Recife,
2666,3821719-15.2025.2.86.2518,158,TRABALHISTA,instrução,ativo,dr. melo,12/12/2022,25 de junho de 2026,R$ 98.633,1ª Vara Criminal de Recife,
2667,7813974-60.2021.1.81.1542,208,civil,recurso,encerrado,Dr. Barros,28/08/2021,01/06/25,65335.00,14ª Vara Criminal de Recife,em negociação
2668,7916680-90.2022.1.67.1785,951,trabalhista,acordo extrajudicial,appeal,Dra. Cavalcante,11 de fevereiro de 2024,19/10/2026,83805.00,14ª Vara Trabalhista de Recife,cliente não responde
2669,8655267-17.2025.3.63.4188,1360,TRABALHISTA,audiência,Ativo,DRA. CAVALCANTE,13/08/2022,24/01/2025,,14ª Vara Cível de Recife,urgente
2670,7862554-22.2024.7.83.6459,937,Civil,audiência,ativo,Dra. Fontes,27/11/2022,27/11/2026,335194.00,18ª Vara Trabalhista de Recife,aguardando documentos
2671,5422047-80.2024.8.62.4364,228,Trabalhista,instrução,acordo,Dr. Barros,2025-09-07,2025-07-04,159697,6ª Vara Criminal de Recife,
2672,9498791-62.2022.6.73.9564,1130,TRABALHISTA,arquivado,ativo,Dra. Cavalcante,2024-08-10,30/04/25,396164.00,2ª Vara Trabalhista de Recife,
2673,5514997-95.2024.1.84.8098,1130,TRABALHISTA,audiência,ativo,DRA. CAVALCANTE,2025-04-22,16/09/26,178726.00,9ª Vara Cível de Recife,cliente não responde
2674,4893809-11.2021.7.19.9759,1120,Civil,acordo extrajudicial,ativo,Dra. Cavalcante,24/04/24,2026-11-26,R$ 422.843,19ª Vara Criminal de Recife,
2675,2292432-35.2025.5.83.7063,392,cível,instrução,ATIVO,Dra. Fontes,2021-10-02,16/12/26,492210.00,20ª Vara Criminal de Recife,aguardando documentos
2676,3510061-32.2020.9.13.4424,1490,cível,instrução,acordo,Dr. Barros,11 de junho de 2022,10/04/2025,176080.00,15ª Vara Criminal de Recife,
2677,5438623-45.2022.4.51.7250,1209,trabalhista,execução,encerrado,Dr. Melo,2023-10-30,2026-08-18,,17ª Vara Criminal de Recife,
2678,3675188-38.2025.9.53.3305,512,Trabalhista,arquivado,Ativo,dr. melo,17/02/2026,27 de setembro de 2026,438662.00,7ª Vara Trabalhista de Recife,
2679,9408522-77.2021.3.36.8376,403,Trabalhista,acordo extrajudicial,ativo,DRA. CAVALCANTE,26 de maio de 2020,06/12/2025,,18ª Vara Cível de Recife,
2680,6779292-61.2021.4.86.2783,875,TRABALHISTA,execução,suspended,Dra. Cavalcante,25/05/2023,30/12/25,472855.00,5ª Vara Trabalhista de Recife,em negociação
2681,5967836-10.2021.4.35.9671,1145,Civil,acordo extrajudicial,ativo,Dr. Barros,2023-07-31,14/03/25,200510,20ª Vara Cível de Recife,cliente não responde
2682,5050722-10.2024.8.29.4298,707,cível,execução,em recurso,Dra Fontes,2 de fevereiro de 2023,10/01/2025,,17ª Vara Trabalhista de Recife,aguardando documentos
2683,1024421-54.2022.9.20.2563,911,Civil,audiência,suspended,dr. melo,24/11/2021,2025-07-13,R$ 452.601,17ª Vara Criminal de Recife,aguardando documentos
2684,2545435-52.2025.3.59.7623,150,trabalhista,recurso,suspenso,dr. melo,07/12/24,17/11/2025,R$ 444.557,4ª Vara Trabalhista de Recife,cliente não responde
2685,7722274-26.2024.9.14.7062,1378,civil,inicial,active,dr. melo,2021-05-12,10/05/26,R$ 56.170,5ª Vara Trabalhista de Recife,aguardando documentos
2686,5660649-86.2020.5.86.9291,199,civil,acordo extrajudicial,closed,Dr. Barros,06/05/20,01/07/25,R$ 399.660,15ª Vara Criminal de Recife,aguardando documentos
2687,8415891-60.2021.6.92.5554,928,TRABALHISTA,acordo extrajudicial,ativo,Dr. Barros,2023-01-22,3 de fevereiro de 2026,,4ª Vara Criminal de Recife,urgente
2688,4510407-23.2020.5.18.6055,360,Trabalhista,acordo extrajudicial,encerrado,Dr. Barros,24/04/20,26 de fevereiro de 2025,,6ª Vara Criminal de Recife,urgente
2689,3401866-56.2021.1.87.5297,617,Trabalhista,arquivado,ATIVO,Dra Fontes,20/02/22,10 de janeiro de 2026,R$ 49.787,10ª Vara Criminal de Recife,aguardando documentos
2690,2966787-79.2022.1.41.9944,643,TRABALHISTA,audiência,Encerrado,dr. melo,28/07/24,25/10/25,67848.00,13ª Vara Cível de Recife,
2691,6663627-76.2023.9.26.5770,1025,trabalhista,sentença,suspended,Dra. Fontes,20/05/20,17/03/2026,,2ª Vara Trabalhista de Recife,
2692,5289264-48.2020.4.41.6347,1083,Trabalhista,acordo extrajudicial,active,Dra. Cavalcante,2025-06-02,15/05/2026,47628,16ª Vara Trabalhista de Recife,cliente não responde
2693,5144296-22.2022.4.87.9648,149,Trabalhista,acordo extrajudicial,ATIVO,Dr. Barros,2023-08-10,2026-04-22,R$ 48.421,2ª Vara Trabalhista de Recife,
2694,2292432-35.2025.5.83.7063,512,trabalhista,arquivado,suspended,Dra. Fontes,05/12/2021,8 de abril de 2025,495808.00,7ª Vara Cível de Recife,urgente
2695,4893809-11.2021.7.19.9759,862,civil,acordo extrajudicial,Encerrado,Dr. Barros,25 de março de 2021,27 de agosto de 2026,316416.00,6ª Vara Trabalhista de Recife,urgente
2696,9885734-21.2023.9.74.3450,194,civil,sentença,acordo,Dr. Barros,25/07/2024,8 de janeiro de 2026,R$ 117.830,5ª Vara Trabalhista de Recife,
2697,9076234-78.2023.3.90.2702,1488,civil,instrução,suspenso,DRA. CAVALCANTE,24 de dezembro de 2024,20 de janeiro de 2025,,7ª Vara Trabalhista de Recife,aguardando documentos
2698,8062805-72.2022.1.22.8771,307,trabalhista,acordo extrajudicial,acordo,Dr. Barros,29/10/25,5 de abril de 2025,174893,4ª Vara Cível de Recife,
2699,7626521-25.2020.9.17.3305,217,Trabalhista,acordo extrajudicial,suspenso,Dr. Barros,16 de outubro de 2022,19/04/25,,4ª Vara Criminal de Recife,cliente não responde
2700,5483975-50.2024.8.92.4422,1078,TRABALHISTA,sentença,suspenso,Dra. Cavalcante,4 de janeiro de 2024,2025-08-28,300373.00,19ª Vara Cível de Recife,urgente
2701,1602496-64.2022.5.79.8340,862,trabalhista,audiência,acordo,Dra. Cavalcante,2020-10-04,17 de maio de 2025,8601.00,17ª Vara Criminal de Recife,
2702,4687348-31.2023.1.92.6907,998,TRABALHISTA,recurso,Ativo,DRA. CAVALCANTE,14 de abril de 2026,18 de maio de 2026,R$ 249.919,10ª Vara Cível de Recife,urgente
2703,7274275-74.2020.1.22.9780,851,TRABALHISTA,inicial,ativo,Dra. Fontes,2020-12-22,2025-05-17,358951,10ª Vara Cível de Recife,urgente
2704,6339266-27.2025.5.15.6766,1434,trabalhista,arquivado,Encerrado,Dra Fontes,20/11/24,26/06/26,,4ª Vara Cível de Recife,
2705,5753123-52.2021.4.48.4042,48,TRABALHISTA,inicial,Encerrado,Dr. Barros,20 de setembro de 2021,2026-05-23,111063,1ª Vara Criminal de Recife,aguardando documentos
2706,7813974-60.2021.1.81.1542,156,cível,arquivado,acordo,Dr. Melo,21/03/2026,,458763,7ª Vara Criminal de Recife,urgente
2707,8986773-71.2022.6.45.5854,1398,TRABALHISTA,recurso,suspenso,Dr. Barros,2025-04-28,10/12/25,101911.00,16ª Vara Criminal de Recife,
2708,8735892-74.2025.8.18.9411,1437,Civil,arquivado,suspended,Dr. Melo,17/10/2025,08/04/26,,5ª Vara Cível de Recife,em negociação
2709,7381740-86.2021.2.88.6570,965,civil,arquivado,encerrado,DRA. CAVALCANTE,6 de junho de 2023,,60560,16ª Vara Criminal de Recife,
2710,6370110-64.2022.3.52.8440,269,Trabalhista,acordo extrajudicial,settlement,Dr. Melo,24 de janeiro de 2023,20/11/25,,9ª Vara Trabalhista de Recife,aguardando documentos
2711,8323566-47.2021.3.26.4644,1283,cível,instrução,appeal,Dr. Barros,30/05/23,3 de maio de 2025,449644.00,7ª Vara Trabalhista de Recife,
2712,6160516-66.2024.5.17.7150,663,cível,arquivado,encerrado,Dra. Cavalcante,25 de julho de 2020,,228879,16ª Vara Criminal de Recife,aguardando documentos
2713,5545511-73.2023.1.66.9757,861,trabalhista,recurso,Encerrado,dr. melo,12/02/2023,10 de abril de 2025,450197,18ª Vara Criminal de Recife,cliente não responde
2714,8735892-74.2025.8.18.9411,739,civil,arquivado,Encerrado,dr. melo,14 de setembro de 2021,30/04/2025,,12ª Vara Trabalhista de Recife,
2715,3922248-27.2025.1.42.4047,350,Trabalhista,arquivado,suspended,Dra Fontes,12 de junho de 2025,,166642.00,19ª Vara Trabalhista de Recife,cliente não responde
2716,6003915-30.2025.6.37.7681,466,Civil,inicial,active,Dr. Melo,09/09/2025,2025-05-24,,10ª Vara Cível de Recife,urgente
2717,1778149-24.2023.1.86.3557,1202,civil,sentença,em recurso,Dra. Cavalcante,18/09/20,03/11/26,R$ 117.423,4ª Vara Cível de Recife,em negociação
2718,5284129-51.2020.3.32.5205,849,Trabalhista,inicial,Encerrado,Dr. Barros,09/10/2024,1 de dezembro de 2025,402679.00,5ª Vara Criminal de Recife,aguardando documentos
2719,3505690-87.2020.8.52.6260,623,civil,instrução,encerrado,Dra. Cavalcante,23/06/21,,86110.00,12ª Vara Trabalhista de Recife,cliente não responde
2720,4326518-76.2023.4.36.8530,950,Trabalhista,execução,ativo,Dra. Cavalcante,21/09/20,16/11/25,,14ª Vara Criminal de Recife,aguardando documentos
2721,5116418-16.2025.3.98.2234,1267,Trabalhista,audiência,ativo,dr. melo,1 de outubro de 2021,10/12/2025,198471,9ª Vara Cível de Recife,em negociação
2722,3821719-15.2025.2.86.2518,996,cível,instrução,suspenso,Dra. Cavalcante,6 de junho de 2021,21/03/25,,17ª Vara Cível de Recife,
2723,4140100-24.2024.4.63.7178,651,Civil,acordo extrajudicial,ATIVO,DRA. CAVALCANTE,10/09/2023,8 de julho de 2025,427465.00,12ª Vara Trabalhista de Recife,
2724,2480014-80.2024.2.29.9847,1433,Civil,sentença,settlement,Dra. Fontes,2020-05-13,09/07/2026,,20ª Vara Criminal de Recife,
2725,3679963-72.2020.9.29.7859,1483,Trabalhista,instrução,Ativo,Dr. Barros,08/03/2022,29/11/2025,R$ 264.877,5ª Vara Cível de Recife,aguardando documentos
2726,1095980-10.2020.7.77.8313,1260,civil,acordo extrajudicial,Encerrado,Dr. Melo,26 de março de 2025,2 de dezembro de 2025,417181,5ª Vara Criminal de Recife,
2727,7141324-67.2025.3.86.3413,1401,TRABALHISTA,execução,settlement,Dr. Barros,31/07/2024,22/12/2026,244373,19ª Vara Trabalhista de Recife,
2728,9168044-67.2022.1.26.3054,1488,cível,inicial,ativo,DRA. CAVALCANTE,07/01/24,2025-08-09,R$ 445.093,4ª Vara Cível de Recife,
2729,7848147-32.2021.6.58.3528,746,civil,inicial,appeal,Dra Fontes,5 de setembro de 2022,16/06/25,,1ª Vara Trabalhista de Recife,
2730,2236315-26.2022.5.82.8939,116,cível,inicial,active,Dra. Cavalcante,08/04/25,31 de julho de 2026,408645,4ª Vara Trabalhista de Recife,em negociação
2731,9214397-26.2023.4.18.6844,918,trabalhista,recurso,active,dr. melo,2023-03-05,5 de abril de 2025,45216.00,11ª Vara Trabalhista de Recife,cliente não responde
2732,3778380-86.2023.9.32.5849,686,Trabalhista,execução,appeal,Dra. Fontes,24/02/23,15/05/26,,7ª Vara Criminal de Recife,aguardando documentos
2733,1615190-23.2022.2.42.6238,377,Trabalhista,arquivado,Encerrado,Dra. Fontes,10 de agosto de 2022,22/11/2026,76786,9ª Vara Cível de Recife,cliente não responde
2734,7724543-49.2023.9.44.7412,725,TRABALHISTA,recurso,active,dr. melo,20/07/22,27/01/25,,4ª Vara Trabalhista de Recife,aguardando documentos
2735,6334947-38.2020.4.71.6173,789,TRABALHISTA,audiência,suspended,Dr. Barros,2024-07-22,2025-09-10,R$ 428.300,9ª Vara Cível de Recife,
2736,3667022-35.2020.9.76.3115,971,Civil,recurso,closed,DRA. CAVALCANTE,23/10/2024,05/09/2025,421063.00,11ª Vara Cível de Recife,
2737,8415891-60.2021.6.92.5554,1423,TRABALHISTA,arquivado,suspended,Dra. Fontes,30/01/20,23/05/2026,330103,4ª Vara Cível de Recife,
2738,1093623-59.2025.7.92.5441,493,cível,recurso,ativo,Dr. Barros,25 de setembro de 2023,2025-04-13,252650,15ª Vara Trabalhista de Recife,
2739,6686912-30.2025.4.68.7078,954,civil,execução,encerrado,Dr. Barros,2021-09-29,2026-02-28,195779.00,4ª Vara Cível de Recife,
2740,2842764-33.2025.7.99.7279,1268,Civil,sentença,encerrado,dr. melo,24 de fevereiro de 2022,22/03/25,R$ 34.731,9ª Vara Cível de Recife,
2741,8220628-15.2021.8.54.9077,888,trabalhista,audiência,acordo,Dr. Barros,23 de fevereiro de 2024,20 de maio de 2025,332002.00,10ª Vara Trabalhista de Recife,
2742,2632721-15.2024.7.90.9593,217,Trabalhista,sentença,settlement,Dr. Barros,17/06/2025,2025-07-13,R$ 154.787,6ª Vara Criminal de Recife,cliente não responde
2743,6528202-89.2025.3.17.9496,1286,TRABALHISTA,execução,ativo,Dr. Melo,18/02/2020,2025-01-29,289165.00,16ª Vara Cível de Recife,
2744,2753004-76.2021.8.83.9874,1422,cível,acordo extrajudicial,encerrado,dr. melo,2023-03-05,12/02/2025,137935.00,5ª Vara Cível de Recife,cliente não responde
2745,2675642-32.2022.8.65.5499,613,trabalhista,acordo extrajudicial,suspended,Dr. Barros,07/11/21,12/11/25,R$ 121.263,16ª Vara Trabalhista de Recife,cliente não responde
2746,2191287-57.2021.1.18.8228,1274,trabalhista,sentença,Ativo,Dra. Fontes,31 de julho de 2023,30 de abril de 2026,,3ª Vara Trabalhista de Recife,
2747,8381610-96.2020.6.26.2533,524,Civil,execução,appeal,Dra. Cavalcante,11/01/24,21 de novembro de 2026,R$ 174.269,12ª Vara Trabalhista de Recife,aguardando documentos
2748,1602496-64.2022.5.79.8340,693,Trabalhista,recurso,closed,Dr. Melo,2023-01-01,02/12/26,188198,20ª Vara Cível de Recife,
2749,2397582-22.2023.9.93.4223,144,civil,sentença,appeal,Dra. Fontes,1 de dezembro de 2020,18 de abril de 2025,,5ª Vara Trabalhista de Recife,
2750,3785792-10.2020.5.78.7940,1177,trabalhista,inicial,ativo,Dra. Cavalcante,2021-08-29,2026-11-10,234149,17ª Vara Cível de Recife,
2751,8655267-17.2025.3.63.4188,911,cível,instrução,settlement,Dra Fontes,09/02/2020,20/06/26,415670.00,18ª Vara Trabalhista de Recife,urgente
2752,2660213-63.2022.6.50.8366,678,Civil,recurso,encerrado,Dra. Fontes,28/03/24,2025-09-05,,9ª Vara Criminal de Recife,cliente não responde
2753,5058333-37.2021.3.98.8848,883,Trabalhista,inicial,ATIVO,Dr. Barros,25 de janeiro de 2024,25/07/26,83787,20ª Vara Cível de Recife,urgente
2754,7419280-60.2021.1.40.9417,1355,TRABALHISTA,sentença,active,Dra Fontes,27 de agosto de 2024,2026-01-09,,5ª Vara Trabalhista de Recife,
2755,4092125-65.2025.3.26.9073,69,civil,sentença,encerrado,Dra. Cavalcante,2020-06-01,,R$ 254.345,5ª Vara Trabalhista de Recife,
2756,7245951-43.2021.4.11.7623,640,cível,instrução,Ativo,Dra. Fontes,20/07/25,9 de dezembro de 2025,R$ 492.524,2ª Vara Trabalhista de Recife,
2757,7941836-76.2025.4.34.6543,811,Trabalhista,acordo extrajudicial,encerrado,Dr. Barros,9 de fevereiro de 2025,2026-11-24,R$ 335.036,19ª Vara Trabalhista de Recife,urgente
2758,6334947-38.2020.4.71.6173,1138,trabalhista,acordo extrajudicial,active,Dr. Barros,16/05/2021,12/08/26,393685.00,6ª Vara Cível de Recife,
2759,9062552-47.2024.4.22.8265,1078,trabalhista,execução,suspenso,Dra. Fontes,03/03/25,2026-07-10,R$ 84.558,8ª Vara Trabalhista de Recife,
2760,3750497-13.2024.6.65.9009,150,cível,acordo extrajudicial,acordo,Dra Fontes,7 de dezembro de 2024,28/10/25,R$ 149.488,17ª Vara Criminal de Recife,
2761,6944389-98.2023.1.72.8245,1189,cível,sentença,active,Dra. Fontes,21 de março de 2020,04/02/26,281184.00,12ª Vara Trabalhista de Recife,
2762,1966014-66.2022.7.82.2137,1454,cível,sentença,appeal,Dra. Cavalcante,9 de dezembro de 2023,25/11/2025,403014.00,7ª Vara Criminal de Recife,urgente
2763,7999133-20.2023.7.26.1121,104,TRABALHISTA,inicial,suspended,Dra Fontes,2022-03-25,2025-09-13,342659,13ª Vara Cível de Recife,
2764,8368372-34.2020.6.43.9691,1447,cível,arquivado,suspenso,DRA. CAVALCANTE,2025-03-21,18 de agosto de 2025,R$ 329.724,13ª Vara Cível de Recife,cliente não responde
2765,8381610-96.2020.6.26.2533,1405,TRABALHISTA,inicial,closed,DRA. CAVALCANTE,10 de novembro de 2024,10/02/25,248649.00,20ª Vara Criminal de Recife,cliente não responde
2766,7948577-74.2025.1.60.7583,148,civil,execução,appeal,Dra. Cavalcante,2021-10-31,2026-04-04,,18ª Vara Trabalhista de Recife,
2767,8735892-74.2025.8.18.9411,157,Trabalhista,instrução,active,Dra Fontes,2021-12-04,08/09/26,175607,8ª Vara Criminal de Recife,
2768,7999133-20.2023.7.26.1121,1470,TRABALHISTA,execução,suspenso,Dr. Melo,2021-02-16,19/10/2026,,8ª Vara Cível de Recife,
2769,4681694-71.2021.9.28.7350,1381,civil,acordo extrajudicial,appeal,Dr. Barros,5 de janeiro de 2022,2025-02-05,361493,2ª Vara Criminal de Recife,cliente não responde
2770,5266269-78.2021.7.59.1392,1358,civil,instrução,acordo,DRA. CAVALCANTE,12/03/2022,,197483.00,7ª Vara Trabalhista de Recife,aguardando documentos
2771,1621418-87.2020.9.55.9337,1311,Civil,inicial,ativo,Dra Fontes,2026-03-17,2026-11-30,86398.00,2ª Vara Trabalhista de Recife,aguardando documentos
2772,2397582-22.2023.9.93.4223,480,civil,execução,encerrado,Dr. Barros,27/08/2021,10 de outubro de 2025,,6ª Vara Cível de Recife,
2773,9666878-83.2023.6.29.9905,1403,civil,inicial,ativo,Dra. Fontes,18/01/2026,2026-09-08,R$ 199.943,3ª Vara Trabalhista de Recife,
2774,1024421-54.2022.9.20.2563,1489,Civil,inicial,closed,Dra. Fontes,15 de setembro de 2025,17/10/2025,,18ª Vara Cível de Recife,
2775,3376786-12.2020.7.64.5093,1051,trabalhista,recurso,appeal,Dr. Barros,3 de fevereiro de 2023,2025-09-20,402451.00,16ª Vara Criminal de Recife,
2776,6036037-32.2025.3.53.7515,364,Trabalhista,sentença,closed,dr. melo,2025-04-30,30 de outubro de 2026,,3ª Vara Criminal de Recife,
2777,8886588-26.2020.9.65.6361,837,Civil,sentença,em recurso,Dr. Melo,19/09/2020,26/03/2025,451822,2ª Vara Criminal de Recife,urgente
2778,4865461-96.2025.2.64.9143,659,cível,inicial,Ativo,Dr. Barros,11/04/2020,18/09/2025,137935,13ª Vara Cível de Recife,aguardando documentos
2779,5451988-41.2020.2.82.4041,835,trabalhista,inicial,Ativo,Dra Fontes,2021-09-15,8 de junho de 2026,R$ 435.969,6ª Vara Criminal de Recife,em negociação
2780,1183693-37.2024.1.85.2937,1458,TRABALHISTA,inicial,Encerrado,Dra Fontes,7 de março de 2026,2026-01-15,81847.00,2ª Vara Cível de Recife,
2781,5753123-52.2021.4.48.4042,649,Trabalhista,instrução,encerrado,Dr. Barros,9 de março de 2024,2025-12-25,307107.00,4ª Vara Cível de Recife,
2782,3785792-10.2020.5.78.7940,210,civil,execução,Encerrado,Dr. Melo,8 de outubro de 2020,05/07/2025,206857.00,4ª Vara Cível de Recife,cliente não responde
2783,9057960-29.2025.5.10.6072,1486,TRABALHISTA,arquivado,Encerrado,dr. melo,2025-04-07,2025-01-26,,20ª Vara Cível de Recife,cliente não responde
2784,1116024-57.2025.8.16.4043,1114,Civil,acordo extrajudicial,appeal,DRA. CAVALCANTE,1 de julho de 2023,09/07/26,,4ª Vara Trabalhista de Recife,
2785,7999133-20.2023.7.26.1121,598,Civil,sentença,Encerrado,Dra. Fontes,10/09/21,6 de fevereiro de 2026,429666.00,18ª Vara Criminal de Recife,aguardando documentos
2786,6663627-76.2023.9.26.5770,4,Trabalhista,arquivado,em recurso,Dr. Barros,08/04/22,2025-02-23,R$ 431.193,1ª Vara Cível de Recife,em negociação
2787,6011987-71.2020.8.10.4396,298,TRABALHISTA,instrução,encerrado,Dra. Fontes,2020-07-26,,R$ 238.145,10ª Vara Trabalhista de Recife,
2788,8539686-69.2023.4.36.2235,1352,Civil,acordo extrajudicial,suspended,Dr. Barros,16/08/2022,14/07/2025,R$ 238.608,18ª Vara Criminal de Recife,
2789,9071705-28.2021.9.78.4746,1094,civil,recurso,acordo,Dra Fontes,30 de março de 2023,09/08/2026,292819,7ª Vara Trabalhista de Recife,urgente
2790,1664676-19.2021.8.64.4616,1057,Trabalhista,audiência,ativo,Dra Fontes,2026-03-02,01/05/2026,368310,5ª Vara Criminal de Recife,cliente não responde
2791,7951127-89.2024.1.63.3502,82,Civil,acordo extrajudicial,ATIVO,Dra Fontes,3 de outubro de 2021,,R$ 382.642,18ª Vara Criminal de Recife,cliente não responde
2792,5901155-82.2023.2.89.7717,1221,cível,execução,active,Dr. Barros,22 de junho de 2022,2025-09-09,,3ª Vara Cível de Recife,em negociação
2793,3260101-88.2022.8.37.9169,551,Trabalhista,instrução,acordo,Dra. Cavalcante,2024-02-25,03/01/2025,,13ª Vara Trabalhista de Recife,
2794,7813974-60.2021.1.81.1542,839,TRABALHISTA,execução,suspenso,Dr. Barros,14 de fevereiro de 2023,13 de janeiro de 2025,196191.00,5ª Vara Cível de Recife,aguardando documentos
2795,5614769-67.2022.9.87.1001,731,TRABALHISTA,audiência,suspenso,DRA. CAVALCANTE,24/09/2023,31/03/26,218783.00,6ª Vara Cível de Recife,
2796,8607512-63.2021.6.82.1039,859,Trabalhista,audiência,Ativo,DRA. CAVALCANTE,2022-09-25,,423489,20ª Vara Cível de Recife,aguardando documentos
2797,1757615-27.2025.7.10.3762,324,civil,audiência,ativo,Dra Fontes,2022-05-29,2026-09-27,162114,8ª Vara Criminal de Recife,
2798,4961530-22.2021.4.22.6290,1208,civil,instrução,ativo,Dra Fontes,2020-05-30,14/05/2026,R$ 291.001,19ª Vara Criminal de Recife,cliente não responde
2799,2016341-89.2023.7.48.2724,704,trabalhista,audiência,acordo,dr. melo,06/08/25,2025-03-21,R$ 34.050,2ª Vara Trabalhista de Recife,aguardando documentos
2800,1614850-25.2020.8.85.3161,951,Civil,recurso,ativo,Dra. Cavalcante,11/04/21,2026-04-18,392885.00,2ª Vara Criminal de Recife,urgente
2801,5159219-49.2023.5.25.3676,388,Civil,inicial,appeal,dr. melo,2024-01-30,2026-08-04,R$ 388.689,7ª Vara Cível de Recife,urgente
2802,7245951-43.2021.4.11.7623,1068,trabalhista,audiência,encerrado,Dra. Fontes,17/11/2025,,326143,10ª Vara Criminal de Recife,aguardando documentos
2803,2895065-46.2022.7.67.1438,663,civil,audiência,Ativo,DRA. CAVALCANTE,08/08/2024,18/02/26,R$ 100.911,2ª Vara Trabalhista de Recife,
2804,9408522-77.2021.3.36.8376,601,civil,acordo extrajudicial,ativo,dr. melo,2020-09-02,24/05/2025,490963.00,20ª Vara Trabalhista de Recife,cliente não responde
2805,1878000-50.2025.7.58.1197,908,trabalhista,acordo extrajudicial,ativo,Dra. Fontes,24/06/2025,2026-08-10,,4ª Vara Cível de Recife,em negociação
2806,4460247-99.2024.9.97.4840,408,TRABALHISTA,execução,ativo,Dr. Melo,20 de março de 2021,11 de abril de 2025,417045,19ª Vara Criminal de Recife,urgente
2807,6260319-38.2024.8.96.1114,205,cível,sentença,ativo,Dr. Melo,21/06/25,22 de agosto de 2025,480293,16ª Vara Criminal de Recife,
2808,8530609-10.2021.5.41.7151,1155,trabalhista,sentença,ativo,Dr. Barros,02/07/2021,,,18ª Vara Trabalhista de Recife,urgente
2809,9573194-21.2022.1.35.8352,968,cível,instrução,ativo,dr. melo,11/08/23,2026-05-23,220496,12ª Vara Criminal de Recife,em negociação
2810,5625093-80.2022.9.16.6618,1487,cível,inicial,Encerrado,Dra. Cavalcante,2023-12-01,13/11/2025,446283,7ª Vara Cível de Recife,cliente não responde
2811,7941836-76.2025.4.34.6543,136,TRABALHISTA,execução,active,Dra. Fontes,21 de dezembro de 2023,2025-03-15,R$ 444.316,15ª Vara Trabalhista de Recife,em negociação
2812,9060164-41.2020.5.36.2381,661,Trabalhista,arquivado,appeal,Dra. Fontes,23 de junho de 2021,11/08/2026,R$ 446.709,4ª Vara Trabalhista de Recife,
2813,5159219-49.2023.5.25.3676,927,TRABALHISTA,sentença,appeal,Dr. Barros,2024-08-21,25 de junho de 2026,250269.00,18ª Vara Cível de Recife,
2814,2461262-96.2021.6.48.1315,213,cível,inicial,encerrado,Dra. Cavalcante,10/01/24,22/10/26,R$ 497.673,10ª Vara Cível de Recife,
2815,2461262-96.2021.6.48.1315,239,Trabalhista,acordo extrajudicial,em recurso,DRA. CAVALCANTE,05/06/24,26/09/25,,8ª Vara Cível de Recife,
2816,1024421-54.2022.9.20.2563,334,Trabalhista,instrução,encerrado,Dra. Cavalcante,2020-02-23,9 de novembro de 2025,217777,1ª Vara Cível de Recife,cliente não responde
2817,3879233-61.2024.5.30.1494,53,cível,audiência,ativo,Dr. Barros,2021-10-28,21/02/25,R$ 341.479,9ª Vara Trabalhista de Recife,em negociação
2818,4460247-99.2024.9.97.4840,536,cível,audiência,suspended,dr. melo,2020-07-17,25 de julho de 2025,R$ 181.268,2ª Vara Cível de Recife,aguardando documentos
2819,6404948-40.2021.7.68.7161,1412,Civil,instrução,ativo,Dr. Barros,15/07/2022,13/09/26,201608.00,5ª Vara Criminal de Recife,
2820,5996426-23.2022.8.20.3566,276,cível,arquivado,ativo,Dra Fontes,30 de outubro de 2023,08/08/25,,5ª Vara Cível de Recife,aguardando documentos
2821,8678370-92.2025.7.35.9962,1219,TRABALHISTA,recurso,suspended,Dra Fontes,24/10/2022,28/06/25,,4ª Vara Trabalhista de Recife,
2822,1098476-20.2021.1.47.3336,196,TRABALHISTA,execução,ativo,DRA. CAVALCANTE,23/01/25,2025-02-03,224255.00,15ª Vara Cível de Recife,urgente
2823,5967836-10.2021.4.35.9671,638,Trabalhista,inicial,ativo,Dr. Barros,19 de abril de 2021,2025-01-20,457685.00,2ª Vara Criminal de Recife,
2824,5514997-95.2024.1.84.8098,832,cível,execução,Ativo,DRA. CAVALCANTE,29/03/2023,27/07/26,R$ 425.808,19ª Vara Cível de Recife,
2825,5451988-41.2020.2.82.4041,189,cível,sentença,ativo,dr. melo,2024-07-28,,,18ª Vara Trabalhista de Recife,
2826,5159219-49.2023.5.25.3676,344,Civil,recurso,closed,Dr. Barros,2023-04-29,12 de setembro de 2026,334476,8ª Vara Criminal de Recife,
2827,8539686-69.2023.4.36.2235,577,Civil,sentença,encerrado,Dra. Fontes,30/12/23,04/04/26,R$ 446.587,1ª Vara Trabalhista de Recife,
2828,5661974-14.2020.6.39.3137,518,trabalhista,acordo extrajudicial,encerrado,Dr. Melo,2023-01-27,2025-09-12,303155.00,5ª Vara Cível de Recife,
2829,8717678-27.2025.5.11.4526,296,Trabalhista,inicial,appeal,Dra Fontes,29/07/2022,2026-10-29,,6ª Vara Criminal de Recife,cliente não responde
2830,5112941-62.2021.1.89.5887,63,Trabalhista,sentença,active,DRA. CAVALCANTE,7 de setembro de 2020,28/04/2025,279856.00,19ª Vara Criminal de Recife,cliente não responde
2831,4952151-27.2023.3.38.8762,971,Civil,sentença,ativo,Dra. Fontes,2022-09-19,16 de julho de 2025,388343,4ª Vara Trabalhista de Recife,aguardando documentos
2832,1966014-66.2022.7.82.2137,1460,trabalhista,inicial,encerrado,Dr. Barros,2022-12-29,17 de agosto de 2025,R$ 393.691,18ª Vara Cível de Recife,em negociação
2833,7271178-97.2023.5.84.4243,1097,cível,instrução,ativo,Dra. Cavalcante,10/11/25,,253798,11ª Vara Criminal de Recife,
2834,8215015-64.2021.5.32.1893,921,Trabalhista,acordo extrajudicial,Ativo,Dra. Fontes,9 de fevereiro de 2020,15/09/2025,R$ 390.268,6ª Vara Criminal de Recife,urgente
2835,8382607-83.2020.6.26.3936,162,TRABALHISTA,acordo extrajudicial,encerrado,Dr. Barros,15/04/25,2025-09-07,,19ª Vara Cível de Recife,em negociação
2836,1183693-37.2024.1.85.2937,885,TRABALHISTA,arquivado,Ativo,Dra. Cavalcante,01/12/2025,2026-05-17,121146.00,2ª Vara Cível de Recife,aguardando documentos
2837,7065068-16.2021.7.14.6489,723,civil,acordo extrajudicial,acordo,DRA. CAVALCANTE,28/11/2022,13/05/2026,,16ª Vara Trabalhista de Recife,urgente
2838,6160516-66.2024.5.17.7150,1231,TRABALHISTA,recurso,ativo,Dr. Barros,06/08/2021,2025-07-27,R$ 212.929,11ª Vara Trabalhista de Recife,urgente
2839,4326518-76.2023.4.36.8530,1409,Trabalhista,sentença,active,Dra Fontes,2024-04-29,2026-09-10,196626,4ª Vara Criminal de Recife,urgente
2840,6334947-38.2020.4.71.6173,757,cível,arquivado,appeal,DRA. CAVALCANTE,25/05/2022,27 de novembro de 2026,111875,19ª Vara Cível de Recife,em negociação
2841,8220628-15.2021.8.54.9077,292,cível,arquivado,Encerrado,Dr. Barros,26/06/2022,11/11/25,115255.00,12ª Vara Trabalhista de Recife,
2842,3248366-98.2020.5.11.6279,1086,civil,recurso,Encerrado,Dra. Cavalcante,31 de janeiro de 2025,23 de junho de 2025,,18ª Vara Cível de Recife,em negociação
2843,5947618-28.2023.6.53.6118,399,Civil,instrução,settlement,Dra Fontes,2020-04-05,15/04/2026,189352.00,14ª Vara Trabalhista de Recife,urgente
2844,7381740-86.2021.2.88.6570,274,civil,arquivado,em recurso,dr. melo,16 de abril de 2023,2025-02-17,,15ª Vara Trabalhista de Recife,aguardando documentos
2845,3464073-25.2022.8.73.5075,1415,Civil,execução,em recurso,Dra. Fontes,15 de janeiro de 2023,29 de março de 2026,,8ª Vara Trabalhista de Recife,aguardando documentos
2846,6075721-43.2020.9.85.8738,246,civil,audiência,suspended,dr. melo,14/07/25,24 de fevereiro de 2026,341497.00,20ª Vara Trabalhista de Recife,em negociação
2847,9573194-21.2022.1.35.8352,811,Civil,instrução,suspended,Dra. Cavalcante,21 de dezembro de 2020,18 de janeiro de 2026,R$ 425.457,18ª Vara Cível de Recife,cliente não responde
2848,3542616-60.2022.3.87.6536,830,Civil,execução,suspenso,Dr. Melo,10/11/2024,2026-09-16,310703,5ª Vara Criminal de Recife,urgente
2849,2909764-51.2025.7.78.2223,792,Trabalhista,recurso,suspended,Dr. Barros,19/03/21,2025-04-02,,3ª Vara Trabalhista de Recife,em negociação
2850,8530609-10.2021.5.41.7151,362,civil,inicial,ativo,Dra. Cavalcante,25 de abril de 2024,2026-05-14,R$ 172.393,10ª Vara Trabalhista de Recife,urgente
2851,6416661-36.2021.8.21.8496,237,Civil,acordo extrajudicial,Ativo,dr. melo,2022-02-20,07/11/2025,37573,3ª Vara Cível de Recife,
2852,5116418-16.2025.3.98.2234,1366,TRABALHISTA,acordo extrajudicial,encerrado,Dr. Barros,2025-11-11,14 de abril de 2025,R$ 156.858,17ª Vara Cível de Recife,urgente
2853,4016576-41.2022.7.10.6952,418,civil,execução,closed,Dra Fontes,2024-11-28,17/07/2025,104943,8ª Vara Criminal de Recife,urgente
2854,6836135-90.2022.9.37.5643,163,Civil,sentença,acordo,Dra. Cavalcante,2025-05-23,14 de janeiro de 2026,303217.00,15ª Vara Cível de Recife,
2855,5035093-45.2021.1.27.3097,1248,Civil,audiência,em recurso,Dr. Barros,21 de outubro de 2020,25 de setembro de 2026,,2ª Vara Cível de Recife,
2856,6368709-92.2024.7.99.9426,725,civil,sentença,ativo,Dra. Cavalcante,26/10/2025,,22050.00,13ª Vara Cível de Recife,aguardando documentos
2857,1095980-10.2020.7.77.8313,152,civil,recurso,active,Dr. Melo,07/08/2020,18/07/25,,2ª Vara Criminal de Recife,
2858,7999133-20.2023.7.26.1121,77,trabalhista,instrução,ativo,dr. melo,24 de abril de 2024,12/07/26,142135,10ª Vara Trabalhista de Recife,aguardando documentos
2859,1869144-23.2023.5.84.3325,1481,TRABALHISTA,recurso,ATIVO,Dr. Barros,2021-11-19,2025-03-06,374251,17ª Vara Criminal de Recife,
2860,3542616-60.2022.3.87.6536,671,trabalhista,instrução,Encerrado,dr. melo,21 de novembro de 2023,23 de julho de 2026,R$ 345.968,17ª Vara Trabalhista de Recife,aguardando documentos
2861,8415891-60.2021.6.92.5554,1146,TRABALHISTA,arquivado,ATIVO,Dra Fontes,3 de fevereiro de 2025,22/04/26,22084,14ª Vara Trabalhista de Recife,
2862,9666878-83.2023.6.29.9905,781,Trabalhista,acordo extrajudicial,em recurso,dr. melo,12/03/2026,23/01/26,488106.00,2ª Vara Trabalhista de Recife,
2863,7271178-97.2023.5.84.4243,191,trabalhista,execução,settlement,Dr. Barros,21/05/21,2025-06-10,R$ 196.740,19ª Vara Trabalhista de Recife,cliente não responde
2864,6368709-92.2024.7.99.9426,1133,Trabalhista,audiência,ativo,Dra. Fontes,3 de julho de 2021,27 de junho de 2025,R$ 353.273,13ª Vara Cível de Recife,urgente
2865,9398629-61.2022.5.88.8253,1423,civil,sentença,ativo,Dr. Barros,8 de fevereiro de 2024,26/09/2026,R$ 387.583,4ª Vara Cível de Recife,aguardando documentos
2866,5753123-52.2021.4.48.4042,1104,cível,arquivado,active,DRA. CAVALCANTE,3 de setembro de 2020,2026-10-26,R$ 77.607,16ª Vara Criminal de Recife,
2867,7724543-49.2023.9.44.7412,1426,Trabalhista,inicial,Ativo,dr. melo,2020-12-01,2026-05-04,52065.00,15ª Vara Cível de Recife,
2868,2129757-49.2025.4.14.5657,808,civil,execução,appeal,Dra Fontes,26/01/21,2025-08-17,132172.00,18ª Vara Trabalhista de Recife,
2869,4134515-43.2021.8.70.4879,596,cível,recurso,ativo,Dr. Barros,24 de julho de 2021,2026-03-16,,8ª Vara Criminal de Recife,
2870,2837371-36.2022.7.88.5428,568,Trabalhista,arquivado,suspenso,Dr. Barros,2022-04-14,05/10/2026,281688.00,8ª Vara Criminal de Recife,urgente
2871,8655267-17.2025.3.63.4188,1296,civil,instrução,ativo,Dra. Fontes,16/03/2023,,,6ª Vara Cível de Recife,aguardando documentos
2872,8986773-71.2022.6.45.5854,414,cível,audiência,encerrado,dr. melo,2023-02-19,21 de agosto de 2026,415149,8ª Vara Criminal de Recife,cliente não responde
2873,4092125-65.2025.3.26.9073,1149,trabalhista,inicial,ativo,DRA. CAVALCANTE,15 de abril de 2024,2025-03-19,R$ 362.525,1ª Vara Criminal de Recife,
2874,7640585-40.2023.1.57.1721,215,Civil,execução,appeal,Dr. Barros,2023-04-09,11/09/2026,R$ 359.390,19ª Vara Trabalhista de Recife,aguardando documentos
2875,2231929-89.2024.6.41.5461,388,Trabalhista,audiência,suspenso,Dr. Barros,2020-06-09,14/01/2025,269919,13ª Vara Trabalhista de Recife,
2876,7486138-99.2020.5.81.4332,128,Trabalhista,inicial,appeal,Dr. Melo,06/05/2024,13/08/2026,,13ª Vara Criminal de Recife,em negociação
2877,1869144-23.2023.5.84.3325,787,TRABALHISTA,sentença,ATIVO,Dra. Cavalcante,04/04/21,20/05/26,R$ 259.284,2ª Vara Trabalhista de Recife,aguardando documentos
2878,6524227-53.2025.1.97.6214,1469,TRABALHISTA,acordo extrajudicial,ativo,Dr. Barros,18/10/2023,2026-10-18,,15ª Vara Cível de Recife,em negociação
2879,5472823-70.2022.4.41.7624,614,civil,recurso,suspenso,Dr. Melo,21/03/21,2026-09-12,,8ª Vara Criminal de Recife,
2880,7115217-41.2025.1.67.7692,1393,Civil,arquivado,ativo,Dr. Barros,20 de agosto de 2025,,R$ 192.919,15ª Vara Trabalhista de Recife,urgente
2881,5826200-20.2025.1.91.8748,362,Civil,inicial,ativo,Dra. Fontes,07/03/22,10/01/2025,333680.00,4ª Vara Cível de Recife,
2882,7848147-32.2021.6.58.3528,1155,civil,acordo extrajudicial,Ativo,Dr. Melo,2021-11-25,2026-03-05,243850,1ª Vara Trabalhista de Recife,aguardando documentos
2883,3766710-17.2025.4.91.1472,1497,Civil,audiência,Ativo,Dra. Cavalcante,2025-07-30,29 de agosto de 2025,247931,11ª Vara Criminal de Recife,aguardando documentos
2884,7848147-32.2021.6.58.3528,1279,cível,execução,Ativo,Dra Fontes,21/10/2024,02/04/25,R$ 201.257,13ª Vara Cível de Recife,em negociação
2885,5733649-38.2020.2.35.3379,379,Trabalhista,execução,acordo,Dra Fontes,2021-03-06,2026-05-21,374902,17ª Vara Criminal de Recife,
2886,1933296-95.2024.5.69.8317,22,trabalhista,execução,suspended,Dra. Cavalcante,27/02/2022,2025-02-09,R$ 11.073,10ª Vara Cível de Recife,cliente não responde
2887,7687351-51.2022.6.73.6768,1176,cível,sentença,active,Dra Fontes,18/07/2023,22 de janeiro de 2026,237553,14ª Vara Cível de Recife,urgente
2888,7110796-41.2020.3.80.5362,511,Trabalhista,instrução,closed,Dr. Barros,24 de fevereiro de 2025,01/07/2026,,9ª Vara Cível de Recife,
2889,7640585-40.2023.1.57.1721,467,Civil,arquivado,settlement,dr. melo,07/10/2020,05/08/26,,3ª Vara Trabalhista de Recife,em negociação
2890,2461262-96.2021.6.48.1315,604,Trabalhista,instrução,acordo,dr. melo,28/01/2024,31/01/2026,R$ 42.723,8ª Vara Cível de Recife,
2891,6476769-27.2021.5.22.2570,1079,Trabalhista,acordo extrajudicial,closed,Dr. Barros,11/06/2020,21/08/2026,211136.00,16ª Vara Cível de Recife,urgente
2892,1098476-20.2021.1.47.3336,956,cível,instrução,Encerrado,DRA. CAVALCANTE,20/09/24,26/10/2025,227732.00,18ª Vara Criminal de Recife,cliente não responde
2893,5289264-48.2020.4.41.6347,603,civil,sentença,ATIVO,Dr. Barros,29/05/2025,24/05/25,473496.00,14ª Vara Trabalhista de Recife,em negociação
2894,7486029-45.2024.4.25.3159,582,trabalhista,recurso,encerrado,dr. melo,2021-09-26,08/09/26,371584.00,7ª Vara Trabalhista de Recife,
2895,6105303-92.2021.4.39.3868,1185,trabalhista,audiência,em recurso,dr. melo,11 de março de 2026,01/08/2025,314875,15ª Vara Trabalhista de Recife,urgente
2896,1628717-84.2025.8.67.8313,1256,cível,execução,suspenso,Dr. Barros,11/02/25,2 de fevereiro de 2025,,3ª Vara Cível de Recife,
2897,1784068-27.2021.3.12.2538,571,trabalhista,acordo extrajudicial,ativo,Dr. Barros,25/09/24,2025-04-17,R$ 11.444,19ª Vara Trabalhista de Recife,
2898,3576390-15.2021.2.82.8209,1286,TRABALHISTA,execução,suspended,Dr. Barros,23/12/23,14 de maio de 2026,,3ª Vara Cível de Recife,aguardando documentos
2899,8382607-83.2020.6.26.3936,1083,Trabalhista,recurso,appeal,Dra. Fontes,16 de junho de 2024,3 de agosto de 2025,498760,4ª Vara Trabalhista de Recife,cliente não responde
2900,5996426-23.2022.8.20.3566,1184,TRABALHISTA,execução,ativo,Dra. Cavalcante,24 de janeiro de 2023,8 de janeiro de 2026,,10ª Vara Cível de Recife,aguardando documentos
2901,4865461-96.2025.2.64.9143,212,TRABALHISTA,inicial,suspenso,dr. melo,2023-08-26,10/09/25,R$ 120.884,15ª Vara Trabalhista de Recife,aguardando documentos
2902,2267110-24.2021.5.78.6025,995,Trabalhista,audiência,em recurso,Dr. Melo,2025-02-06,7 de junho de 2026,R$ 467.677,14ª Vara Cível de Recife,em negociação
2903,1411065-96.2022.9.64.8271,1266,TRABALHISTA,recurso,encerrado,dr. melo,12/02/23,2025-06-16,316230.00,11ª Vara Trabalhista de Recife,em negociação
2904,5947618-28.2023.6.53.6118,105,Trabalhista,acordo extrajudicial,active,Dr. Barros,27/08/22,2025-01-05,223814.00,14ª Vara Criminal de Recife,
2905,1099617-37.2023.9.61.1793,801,civil,arquivado,acordo,Dra Fontes,23 de agosto de 2021,14 de junho de 2025,R$ 88.492,8ª Vara Cível de Recife,
2906,7222167-30.2022.8.44.7452,1164,cível,sentença,Encerrado,Dra Fontes,11 de março de 2024,03/11/2025,408645.00,17ª Vara Cível de Recife,
2907,6927716-18.2022.9.56.1445,443,cível,sentença,suspended,Dra. Cavalcante,6 de março de 2025,26 de abril de 2025,R$ 360.951,18ª Vara Criminal de Recife,cliente não responde
2908,8415891-60.2021.6.92.5554,543,TRABALHISTA,sentença,em recurso,Dra Fontes,10/01/23,24/12/2025,368630.00,18ª Vara Cível de Recife,em negociação
2909,2545435-52.2025.3.59.7623,1171,trabalhista,arquivado,ATIVO,Dra. Cavalcante,04/05/23,18/01/26,,7ª Vara Criminal de Recife,
2910,4415624-13.2024.9.14.9480,990,trabalhista,audiência,em recurso,dr. melo,20/03/2024,2026-06-08,,2ª Vara Criminal de Recife,
2911,7789809-22.2020.1.73.9031,1118,cível,inicial,closed,dr. melo,2022-05-28,6 de agosto de 2026,R$ 336.344,13ª Vara Trabalhista de Recife,em negociação
2912,6944389-98.2023.1.72.8245,475,cível,audiência,ATIVO,dr. melo,2023-01-26,20 de novembro de 2026,R$ 280.222,8ª Vara Criminal de Recife,cliente não responde
2913,5274951-77.2021.1.76.5120,1443,cível,acordo extrajudicial,closed,Dr. Barros,15/06/24,08/04/26,R$ 455.140,13ª Vara Trabalhista de Recife,
2914,9810112-12.2021.1.97.8847,1057,cível,sentença,suspended,Dr. Barros,3 de janeiro de 2025,,,15ª Vara Trabalhista de Recife,
2915,1778149-24.2023.1.86.3557,1091,trabalhista,inicial,settlement,DRA. CAVALCANTE,19/01/25,2025-02-09,287676.00,14ª Vara Cível de Recife,urgente
2916,9076234-78.2023.3.90.2702,501,Trabalhista,instrução,suspenso,Dr. Melo,2023-11-11,20/01/2026,139197.00,6ª Vara Criminal de Recife,cliente não responde
2917,4065326-72.2025.8.58.5304,850,trabalhista,execução,ativo,Dra. Cavalcante,09/05/2021,02/11/26,222741,4ª Vara Criminal de Recife,
2918,2267110-24.2021.5.78.6025,1033,trabalhista,sentença,active,Dr. Melo,20 de maio de 2022,2026-10-09,373021.00,3ª Vara Cível de Recife,
2919,8306601-19.2020.3.50.7457,317,civil,recurso,active,dr. melo,22 de agosto de 2023,1 de setembro de 2026,11301.00,11ª Vara Trabalhista de Recife,
2920,9062552-47.2024.4.22.8265,387,civil,audiência,active,Dr. Barros,13/03/26,6 de janeiro de 2026,442207,1ª Vara Criminal de Recife,
2921,8066975-72.2023.7.26.7675,885,TRABALHISTA,arquivado,ativo,DRA. CAVALCANTE,2025-09-05,25/11/25,277936,4ª Vara Trabalhista de Recife,cliente não responde
2922,2118934-75.2023.5.97.9563,373,trabalhista,sentença,ativo,Dr. Barros,18/07/2022,17 de outubro de 2025,,15ª Vara Cível de Recife,
2923,4433355-55.2023.8.48.9346,610,civil,arquivado,appeal,Dra Fontes,21 de abril de 2024,01/11/26,57182,14ª Vara Trabalhista de Recife,aguardando documentos
2924,2658962-39.2022.5.95.8856,749,Civil,inicial,em recurso,Dr. Barros,22 de dezembro de 2024,30/05/25,33022,13ª Vara Trabalhista de Recife,cliente não responde
2925,5614769-67.2022.9.87.1001,60,TRABALHISTA,sentença,ATIVO,Dr. Barros,04/05/23,08/05/2025,339114.00,8ª Vara Trabalhista de Recife,
2926,4085001-92.2022.6.76.8938,587,Trabalhista,arquivado,Ativo,Dr. Barros,02/09/20,06/02/2025,,5ª Vara Cível de Recife,em negociação
2927,6339266-27.2025.5.15.6766,934,TRABALHISTA,acordo extrajudicial,ativo,Dr. Barros,23 de dezembro de 2024,28/05/2026,109880.00,7ª Vara Criminal de Recife,cliente não responde
2928,7820540-78.2023.1.75.4823,1029,trabalhista,recurso,acordo,Dr. Barros,17/05/22,15/07/2026,,15ª Vara Cível de Recife,urgente
2929,9319285-35.2025.3.19.9131,1127,cível,execução,encerrado,Dra. Cavalcante,2021-04-13,21 de abril de 2026,417444.00,13ª Vara Trabalhista de Recife,
2930,3710559-31.2020.9.95.2540,593,civil,acordo extrajudicial,ativo,Dr. Barros,04/06/2025,21/02/26,,9ª Vara Criminal de Recife,cliente não responde
2931,7141324-67.2025.3.86.3413,1186,trabalhista,arquivado,encerrado,Dra. Fontes,30/03/2022,31/05/2025,,3ª Vara Cível de Recife,em negociação
2932,6038940-61.2024.4.64.6408,995,Trabalhista,arquivado,suspenso,Dr. Melo,30/06/25,6 de julho de 2026,,7ª Vara Trabalhista de Recife,em negociação
2933,6036037-32.2025.3.53.7515,937,trabalhista,acordo extrajudicial,ativo,Dr. Barros,20/05/23,02/09/2026,,1ª Vara Trabalhista de Recife,
2934,7381740-86.2021.2.88.6570,1128,trabalhista,inicial,em recurso,Dr. Barros,25 de fevereiro de 2021,17/05/2026,R$ 338.457,2ª Vara Cível de Recife,
2935,8678370-92.2025.7.35.9962,348,Trabalhista,recurso,settlement,Dra. Cavalcante,22 de março de 2024,,185522,13ª Vara Trabalhista de Recife,em negociação
2936,7544569-30.2022.4.91.9370,507,civil,sentença,settlement,Dra. Cavalcante,27/07/25,04/06/26,,19ª Vara Trabalhista de Recife,em negociação
2937,4433355-55.2023.8.48.9346,1237,trabalhista,inicial,suspended,Dra Fontes,6 de dezembro de 2020,04/06/25,326004,20ª Vara Criminal de Recife,urgente
2938,7539718-58.2020.2.52.9800,504,civil,recurso,encerrado,Dra. Cavalcante,31/07/23,20/04/2026,,2ª Vara Criminal de Recife,em negociação
2939,1165147-13.2020.2.47.5874,958,trabalhista,arquivado,active,Dra Fontes,06/10/20,16/06/25,309248,8ª Vara Criminal de Recife,cliente não responde
2940,4961530-22.2021.4.22.6290,531,Civil,sentença,Ativo,dr. melo,2025-03-17,6 de outubro de 2025,,2ª Vara Cível de Recife,
2941,9810112-12.2021.1.97.8847,304,trabalhista,sentença,suspended,Dra Fontes,12 de fevereiro de 2024,22 de novembro de 2026,,1ª Vara Cível de Recife,em negociação
2942,4314934-26.2021.7.14.7244,824,Civil,audiência,ATIVO,Dr. Barros,22/01/2021,2025-01-30,198970.00,14ª Vara Trabalhista de Recife,cliente não responde
2943,8368372-34.2020.6.43.9691,729,Trabalhista,acordo extrajudicial,ativo,Dra Fontes,30/01/2022,12 de julho de 2025,R$ 148.330,1ª Vara Criminal de Recife,urgente
2944,3766710-17.2025.4.91.1472,1476,TRABALHISTA,recurso,appeal,Dr. Barros,24 de setembro de 2024,27/04/2025,,6ª Vara Cível de Recife,aguardando documentos
2945,5159882-37.2022.9.71.7550,786,Trabalhista,instrução,em recurso,Dr. Melo,04/11/24,06/03/2026,437682.00,7ª Vara Trabalhista de Recife,urgente
2946,6445422-21.2020.5.39.8096,66,cível,audiência,ativo,Dra. Fontes,14/09/25,24 de março de 2025,476726.00,11ª Vara Criminal de Recife,
2947,7381740-86.2021.2.88.6570,1337,Trabalhista,inicial,closed,Dra Fontes,2020-08-21,11/07/25,186493,7ª Vara Trabalhista de Recife,aguardando documentos
2948,1024421-54.2022.9.20.2563,1406,trabalhista,sentença,em recurso,Dra. Cavalcante,2023-05-23,2025-01-08,R$ 338.563,1ª Vara Cível de Recife,urgente
2949,7323234-16.2020.9.59.5035,150,trabalhista,acordo extrajudicial,appeal,Dr. Barros,26/09/24,16/01/25,258510,16ª Vara Criminal de Recife,em negociação
2950,4893809-11.2021.7.19.9759,25,civil,acordo extrajudicial,closed,Dr. Melo,28 de março de 2026,,,17ª Vara Trabalhista de Recife,
2951,7539718-58.2020.2.52.9800,406,Trabalhista,recurso,settlement,Dra. Fontes,07/12/2023,17/04/26,25654.00,7ª Vara Cível de Recife,cliente não responde
2952,3679963-72.2020.9.29.7859,172,TRABALHISTA,acordo extrajudicial,em recurso,Dra. Fontes,29/08/2023,,383303,4ª Vara Trabalhista de Recife,
2953,2016341-89.2023.7.48.2724,1353,cível,audiência,encerrado,dr. melo,21/01/2025,29 de agosto de 2025,R$ 189.125,8ª Vara Trabalhista de Recife,cliente não responde
2954,7271178-97.2023.5.84.4243,258,civil,acordo extrajudicial,ativo,Dr. Barros,2022-08-25,12 de maio de 2025,,17ª Vara Trabalhista de Recife,
2955,7722274-26.2024.9.14.7062,378,Trabalhista,inicial,settlement,Dr. Melo,26/06/2025,13/03/2025,322392,19ª Vara Criminal de Recife,urgente
2956,5826200-20.2025.1.91.8748,857,cível,arquivado,ativo,DRA. CAVALCANTE,2023-01-29,30/12/2025,236579.00,6ª Vara Criminal de Recife,
2957,1628717-84.2025.8.67.8313,598,trabalhista,instrução,settlement,Dr. Barros,18/05/2022,2025-07-28,R$ 132.334,2ª Vara Criminal de Recife,
2958,6160516-66.2024.5.17.7150,1500,cível,arquivado,suspended,DRA. CAVALCANTE,2020-01-06,2025-05-13,,1ª Vara Cível de Recife,
2959,6779292-61.2021.4.86.2783,928,trabalhista,inicial,ATIVO,Dr. Melo,2021-12-06,2026-02-07,R$ 8.699,4ª Vara Trabalhista de Recife,
2960,9774395-92.2023.2.75.3192,983,Civil,acordo extrajudicial,settlement,Dra. Fontes,2 de outubro de 2022,,R$ 327.886,14ª Vara Cível de Recife,
2961,7916680-90.2022.1.67.1785,1202,TRABALHISTA,sentença,encerrado,Dra. Fontes,25/08/2023,2026-11-04,259689,8ª Vara Criminal de Recife,
2962,8097721-13.2023.1.47.8354,300,trabalhista,audiência,ativo,Dra Fontes,28/05/2024,14/11/2025,443309,4ª Vara Cível de Recife,aguardando documentos
2963,1445483-93.2023.1.61.7357,1149,Trabalhista,sentença,encerrado,dr. melo,16/02/24,26 de julho de 2025,R$ 312.326,1ª Vara Criminal de Recife,cliente não responde
2964,6101036-60.2022.7.49.3295,1092,TRABALHISTA,inicial,ATIVO,Dra. Fontes,19/01/2022,2025-12-10,30611,13ª Vara Trabalhista de Recife,aguardando documentos
2965,2267110-24.2021.5.78.6025,737,Civil,arquivado,encerrado,DRA. CAVALCANTE,7 de dezembro de 2022,04/05/2026,443137.00,1ª Vara Cível de Recife,aguardando documentos
2966,6416661-36.2021.8.21.8496,1491,Trabalhista,sentença,active,dr. melo,7 de agosto de 2022,07/01/26,220914.00,18ª Vara Cível de Recife,
2967,8539686-69.2023.4.36.2235,1286,trabalhista,sentença,Encerrado,Dr. Barros,08/08/2021,22 de outubro de 2025,,12ª Vara Criminal de Recife,urgente
2968,5788467-41.2023.8.93.8134,923,trabalhista,audiência,suspenso,DRA. CAVALCANTE,2020-12-10,16 de maio de 2025,,15ª Vara Cível de Recife,
2969,1633270-27.2024.2.52.7034,1227,Civil,instrução,acordo,Dr. Barros,16 de janeiro de 2025,20 de agosto de 2025,155452,1ª Vara Trabalhista de Recife,cliente não responde
2970,4090182-95.2021.1.57.7189,1003,civil,sentença,settlement,Dra. Cavalcante,28/04/2024,,243660.00,15ª Vara Cível de Recife,
2971,4721085-96.2020.6.92.9645,879,cível,sentença,settlement,Dr. Melo,07/03/2022,1 de janeiro de 2026,427794.00,18ª Vara Criminal de Recife,em negociação
2972,5159882-37.2022.9.71.7550,583,cível,arquivado,settlement,dr. melo,09/09/2023,18/12/2026,,14ª Vara Criminal de Recife,
2973,6686912-30.2025.4.68.7078,1140,Trabalhista,acordo extrajudicial,suspended,Dra. Cavalcante,11 de outubro de 2021,02/10/26,,15ª Vara Criminal de Recife,em negociação
2974,7789809-22.2020.1.73.9031,434,TRABALHISTA,arquivado,ativo,DRA. CAVALCANTE,3 de fevereiro de 2025,15/01/26,,17ª Vara Trabalhista de Recife,
2975,5271615-59.2021.2.54.6844,1483,civil,acordo extrajudicial,ativo,Dra. Cavalcante,2021-06-20,16/06/2026,,7ª Vara Trabalhista de Recife,cliente não responde
2976,1742202-63.2023.6.68.9372,934,TRABALHISTA,arquivado,acordo,Dr. Barros,18/12/24,18 de junho de 2025,62385.00,20ª Vara Cível de Recife,urgente
2977,5451988-41.2020.2.82.4041,98,Trabalhista,sentença,encerrado,Dr. Barros,7 de julho de 2020,2026-10-08,287373.00,10ª Vara Criminal de Recife,aguardando documentos
2978,3675188-38.2025.9.53.3305,1455,trabalhista,instrução,ativo,dr. melo,2022-10-04,27/05/25,R$ 389.246,3ª Vara Trabalhista de Recife,cliente não responde
2979,9425559-65.2022.6.99.1309,172,trabalhista,audiência,acordo,Dra. Cavalcante,2025-11-02,19/09/25,66445,10ª Vara Cível de Recife,aguardando documentos
2980,6865513-17.2021.7.21.3938,708,civil,sentença,active,Dr. Barros,2020-05-26,2025-03-03,193650,18ª Vara Cível de Recife,
2981,1633270-27.2024.2.52.7034,581,cível,audiência,suspenso,Dra. Fontes,08/07/21,06/03/2026,344223.00,20ª Vara Trabalhista de Recife,urgente
2982,5432782-56.2021.2.97.6240,293,TRABALHISTA,acordo extrajudicial,appeal,Dra. Cavalcante,9 de julho de 2020,15/05/25,,19ª Vara Criminal de Recife,em negociação
2983,4326518-76.2023.4.36.8530,1413,Trabalhista,acordo extrajudicial,encerrado,Dra. Cavalcante,31/08/2020,,,20ª Vara Cível de Recife,
2984,7979033-26.2021.6.18.1084,967,TRABALHISTA,inicial,closed,Dr. Barros,2026-04-25,23/10/2025,342117,3ª Vara Trabalhista de Recife,
2985,2186433-37.2022.2.12.4344,190,civil,arquivado,encerrado,Dra Fontes,19 de janeiro de 2022,31 de outubro de 2026,R$ 198.007,18ª Vara Criminal de Recife,urgente
2986,2895065-46.2022.7.67.1438,1371,Trabalhista,inicial,Encerrado,DRA. CAVALCANTE,2023-03-10,20 de janeiro de 2026,276484,13ª Vara Criminal de Recife,cliente não responde
2987,2545435-52.2025.3.59.7623,1000,cível,instrução,settlement,Dr. Barros,5 de dezembro de 2025,27/04/2026,R$ 432.463,8ª Vara Trabalhista de Recife,em negociação
2988,5289264-48.2020.4.41.6347,392,trabalhista,instrução,closed,Dra. Fontes,12/01/21,5 de dezembro de 2026,419390,10ª Vara Trabalhista de Recife,aguardando documentos
2989,5733649-38.2020.2.35.3379,1170,Civil,instrução,ativo,Dra Fontes,15/03/2020,2025-08-03,,17ª Vara Trabalhista de Recife,cliente não responde
2990,3679963-72.2020.9.29.7859,330,TRABALHISTA,inicial,ativo,Dra Fontes,21 de outubro de 2024,2025-01-07,,14ª Vara Criminal de Recife,cliente não responde
2991,7765112-69.2024.9.62.5648,596,TRABALHISTA,arquivado,ativo,Dr. Barros,31 de março de 2020,,117659,9ª Vara Cível de Recife,em negociação
2992,6414076-16.2021.7.78.8273,1032,civil,execução,Ativo,Dra Fontes,23/12/22,2025-03-18,R$ 492.909,18ª Vara Criminal de Recife,
2993,3975387-89.2023.4.55.7631,503,Civil,arquivado,ATIVO,Dr. Barros,23 de julho de 2022,09/09/2025,,20ª Vara Criminal de Recife,aguardando documentos
2994,1896520-28.2021.5.90.5374,92,trabalhista,inicial,settlement,Dra. Cavalcante,12/02/2020,21/04/2025,391641,15ª Vara Trabalhista de Recife,
2995,8220628-15.2021.8.54.9077,10,cível,acordo extrajudicial,acordo,Dr. Barros,2021-04-07,21/03/2026,R$ 131.577,4ª Vara Cível de Recife,aguardando documentos
2996,3510061-32.2020.9.13.4424,110,cível,instrução,active,Dra. Cavalcante,16/02/23,2026-06-23,205193.00,15ª Vara Criminal de Recife,
2997,5035093-45.2021.1.27.3097,1067,Trabalhista,execução,appeal,Dr. Barros,2024-05-20,6 de outubro de 2026,12327.00,8ª Vara Criminal de Recife,cliente não responde
2998,5614769-67.2022.9.87.1001,303,cível,sentença,em recurso,Dr. Barros,08/09/22,15/04/26,265467.00,20ª Vara Cível de Recife,em negociação
2999,2554938-48.2024.1.13.4544,650,Trabalhista,acordo extrajudicial,ativo,Dra. Cavalcante,13 de setembro de 2021,,,13ª Vara Trabalhista de Recife,cliente não responde
3000,6779292-61.2021.4.86.2783,953,civil,inicial,encerrado,Dra. Fontes,29 de setembro de 2025,2026-05-30,73717.00,14ª Vara Cível de Recife,
3001,1664676-19.2021.8.64.4616,686,cível,audiência,ativo,Dr. Barros,4 de dezembro de 2024,2026-08-24,453224.00,3ª Vara Criminal de Recife,cliente não responde
3002,1438459-62.2020.7.78.3410,1013,civil,recurso,ATIVO,Dr. Melo,2025-11-16,,34348,18ª Vara Criminal de Recife,
3003,2236315-26.2022.5.82.8939,725,civil,inicial,em recurso,DRA. CAVALCANTE,12/02/20,2026-12-12,365451,6ª Vara Trabalhista de Recife,
3004,8368372-34.2020.6.43.9691,141,civil,execução,acordo,Dra Fontes,14 de junho de 2022,8 de abril de 2026,102998,19ª Vara Criminal de Recife,
3005,2267110-24.2021.5.78.6025,788,Trabalhista,audiência,ATIVO,Dra. Fontes,04/09/21,2026-02-21,R$ 32.129,19ª Vara Criminal de Recife,
3006,1735592-50.2022.9.87.5612,1395,civil,audiência,ativo,Dra. Fontes,13/04/26,23/03/25,432577,16ª Vara Criminal de Recife,
3007,1099617-37.2023.9.61.1793,639,Civil,instrução,suspended,DRA. CAVALCANTE,2021-10-07,25 de julho de 2026,R$ 79.648,4ª Vara Cível de Recife,urgente
3008,1676369-34.2022.3.47.6087,1104,cível,sentença,Encerrado,DRA. CAVALCANTE,2021-02-07,10 de fevereiro de 2025,R$ 22.023,12ª Vara Trabalhista de Recife,
3009,1013314-48.2023.4.39.2083,624,civil,sentença,settlement,dr. melo,31/08/21,03/08/2025,175009,15ª Vara Cível de Recife,aguardando documentos
3010,9057219-99.2020.9.96.3254,1241,Civil,arquivado,encerrado,Dr. Barros,31/01/2020,30/12/2025,87545,9ª Vara Criminal de Recife,em negociação
3011,7640585-40.2023.1.57.1721,649,cível,audiência,em recurso,DRA. CAVALCANTE,26 de julho de 2024,5 de maio de 2025,R$ 252.067,16ª Vara Criminal de Recife,aguardando documentos
3012,1933296-95.2024.5.69.8317,1229,TRABALHISTA,arquivado,em recurso,Dra. Fontes,2022-06-20,19/02/2025,,15ª Vara Trabalhista de Recife,cliente não responde
3013,6944389-98.2023.1.72.8245,191,cível,execução,closed,dr. melo,15/02/26,17/08/2026,289522,2ª Vara Criminal de Recife,
3014,1098476-20.2021.1.47.3336,344,Civil,sentença,Ativo,Dra Fontes,2023-08-20,23/07/2025,16651.00,15ª Vara Cível de Recife,cliente não responde
3015,6011987-71.2020.8.10.4396,618,Civil,recurso,active,Dra. Fontes,01/11/22,01/01/2025,,2ª Vara Criminal de Recife,urgente
3016,1778149-24.2023.1.86.3557,1279,trabalhista,instrução,appeal,Dra Fontes,05/01/26,02/06/26,73482.00,13ª Vara Trabalhista de Recife,
3017,1742202-63.2023.6.68.9372,216,trabalhista,inicial,em recurso,Dr. Barros,22/05/2024,10/03/25,170937.00,15ª Vara Trabalhista de Recife,aguardando documentos
3018,2895065-46.2022.7.67.1438,1459,cível,inicial,ativo,DRA. CAVALCANTE,09/05/2023,19/12/2026,101179.00,15ª Vara Trabalhista de Recife,
3019,8590346-68.2020.7.63.7780,160,Trabalhista,inicial,ativo,dr. melo,29 de dezembro de 2021,2026-07-31,166585,1ª Vara Trabalhista de Recife,cliente não responde
3020,2397582-22.2023.9.93.4223,1291,TRABALHISTA,inicial,ativo,Dr. Barros,09/01/2024,25/01/26,R$ 307.845,4ª Vara Cível de Recife,cliente não responde
3021,5217157-98.2020.2.64.4094,1214,trabalhista,acordo extrajudicial,suspended,Dra. Cavalcante,4 de fevereiro de 2020,09/06/25,,3ª Vara Cível de Recife,urgente
3022,7381740-86.2021.2.88.6570,500,civil,acordo extrajudicial,acordo,dr. melo,03/11/25,05/05/25,,8ª Vara Criminal de Recife,
3023,3542799-64.2025.6.13.7299,1463,cível,arquivado,closed,Dra. Cavalcante,14/12/23,29/08/26,17477.00,5ª Vara Criminal de Recife,em negociação
3024,4952151-27.2023.3.38.8762,1257,cível,inicial,Ativo,Dr. Barros,2025-01-13,2025-03-04,354044.00,2ª Vara Trabalhista de Recife,em negociação
3025,8381610-96.2020.6.26.2533,381,civil,recurso,suspenso,DRA. CAVALCANTE,20 de setembro de 2025,15/06/2025,274734,11ª Vara Cível de Recife,em negociação
3026,2231929-89.2024.6.41.5461,297,TRABALHISTA,inicial,Encerrado,Dra. Cavalcante,09/05/2022,26/04/2025,405741,5ª Vara Trabalhista de Recife,em negociação
3027,4134515-43.2021.8.70.4879,135,civil,sentença,appeal,Dr. Barros,02/05/2023,13 de novembro de 2026,,16ª Vara Cível de Recife,
3028,5432782-56.2021.2.97.6240,692,trabalhista,audiência,Encerrado,Dra. Cavalcante,11/01/24,12/05/26,452084.00,16ª Vara Trabalhista de Recife,em negociação
3029,8936104-83.2022.1.39.7934,624,Trabalhista,execução,closed,Dr. Melo,2023-08-14,12/08/2026,,20ª Vara Cível de Recife,
3030,8655267-17.2025.3.63.4188,1343,TRABALHISTA,instrução,Encerrado,Dr. Barros,18/03/2021,31/03/2026,234801.00,14ª Vara Cível de Recife,aguardando documentos
3031,3778380-86.2023.9.32.5849,314,trabalhista,audiência,active,Dra. Cavalcante,2024-02-23,21 de abril de 2026,,12ª Vara Criminal de Recife,em negociação
3032,5545511-73.2023.1.66.9757,1282,Trabalhista,execução,acordo,dr. melo,26/12/23,30 de janeiro de 2025,174429.00,12ª Vara Criminal de Recife,
3033,8588997-88.2020.6.29.5987,1097,TRABALHISTA,instrução,ativo,DRA. CAVALCANTE,2023-06-13,28/05/2026,160069.00,1ª Vara Cível de Recife,em negociação
3034,7082985-88.2022.2.94.6058,438,civil,instrução,ativo,Dr. Melo,2023-05-21,2025-09-05,62232,2ª Vara Trabalhista de Recife,em negociação
3035,9636371-69.2025.8.67.4068,999,Trabalhista,recurso,em recurso,DRA. CAVALCANTE,24/09/2025,16 de janeiro de 2025,,20ª Vara Cível de Recife,
3036,6982910-41.2023.8.91.8758,677,Trabalhista,inicial,closed,dr. melo,03/05/22,27/08/2025,107304.00,16ª Vara Cível de Recife,cliente não responde
3037,9086174-80.2025.1.81.3292,108,trabalhista,instrução,ativo,Dra. Cavalcante,19 de janeiro de 2024,27 de fevereiro de 2026,R$ 363.429,12ª Vara Criminal de Recife,
3038,5050722-10.2024.8.29.4298,480,civil,instrução,ativo,Dr. Barros,25/08/25,,,6ª Vara Trabalhista de Recife,
3039,1887163-62.2025.9.93.1037,579,Trabalhista,execução,ativo,DRA. CAVALCANTE,2025-07-12,16/03/25,R$ 215.784,6ª Vara Criminal de Recife,em negociação
3040,1633270-27.2024.2.52.7034,148,trabalhista,instrução,encerrado,Dr. Melo,27 de abril de 2026,25 de abril de 2026,R$ 306.664,15ª Vara Criminal de Recife,em negociação
3041,2186433-37.2022.2.12.4344,936,TRABALHISTA,audiência,Ativo,Dra Fontes,16/04/26,11 de fevereiro de 2026,,9ª Vara Trabalhista de Recife,
3042,7948577-74.2025.1.60.7583,774,TRABALHISTA,recurso,ATIVO,dr. melo,25/05/2025,2025-12-10,R$ 44.152,17ª Vara Cível de Recife,em negociação
3043,1185885-59.2023.7.19.8433,371,Civil,execução,ATIVO,dr. melo,21/07/2023,13/07/25,,10ª Vara Criminal de Recife,aguardando documentos
3044,9686751-57.2022.7.62.3494,405,civil,arquivado,closed,dr. melo,02/03/24,15/11/2025,231388,9ª Vara Cível de Recife,
3045,7398699-88.2025.6.55.3587,365,trabalhista,arquivado,active,Dr. Barros,2023-07-31,24/08/26,,7ª Vara Trabalhista de Recife,
3046,3248366-98.2020.5.11.6279,69,civil,recurso,ATIVO,Dra. Cavalcante,06/12/20,2025-07-08,56820,5ª Vara Trabalhista de Recife,cliente não responde
3047,4314934-26.2021.7.14.7244,179,Trabalhista,sentença,encerrado,dr. melo,2021-10-06,28/07/26,R$ 371.215,20ª Vara Trabalhista de Recife,
3048,5947618-28.2023.6.53.6118,54,Civil,acordo extrajudicial,em recurso,Dr. Melo,25 de abril de 2021,03/07/2026,R$ 198.696,5ª Vara Criminal de Recife,em negociação
3049,9970343-38.2020.5.18.4483,1337,cível,acordo extrajudicial,acordo,Dra. Cavalcante,15/02/22,21/07/26,R$ 231.534,13ª Vara Criminal de Recife,
3050,6528202-89.2025.3.17.9496,1210,TRABALHISTA,acordo extrajudicial,suspenso,Dra. Cavalcante,13/12/2023,2026-02-13,378080.00,8ª Vara Criminal de Recife,em negociação
3051,8886588-26.2020.9.65.6361,804,civil,instrução,closed,Dr. Barros,19 de março de 2021,14 de abril de 2025,,8ª Vara Trabalhista de Recife,
3052,2112478-55.2024.2.51.9095,101,trabalhista,acordo extrajudicial,ATIVO,Dra. Cavalcante,16 de janeiro de 2020,2026-05-27,258248.00,8ª Vara Cível de Recife,urgente
3053,7722274-26.2024.9.14.7062,1186,cível,inicial,Ativo,Dra. Cavalcante,23/01/2025,19 de agosto de 2026,261982,13ª Vara Trabalhista de Recife,em negociação
3054,7813974-60.2021.1.81.1542,830,cível,execução,acordo,DRA. CAVALCANTE,02/07/23,20/05/25,,12ª Vara Cível de Recife,aguardando documentos
3055,1964519-55.2020.7.58.6781,1145,Civil,sentença,settlement,Dra. Cavalcante,03/09/2024,1 de julho de 2025,R$ 238.106,11ª Vara Trabalhista de Recife,
3056,5850223-43.2020.3.81.3185,553,Trabalhista,recurso,encerrado,Dra Fontes,17/01/2022,4 de junho de 2025,221192,13ª Vara Cível de Recife,
3057,5217157-98.2020.2.64.4094,1080,TRABALHISTA,acordo extrajudicial,Ativo,Dra Fontes,16 de setembro de 2020,,R$ 269.693,8ª Vara Trabalhista de Recife,
3058,1116024-57.2025.8.16.4043,375,Civil,acordo extrajudicial,em recurso,Dr. Barros,17 de fevereiro de 2020,2025-12-06,R$ 114.947,6ª Vara Trabalhista de Recife,aguardando documentos
3059,5518767-82.2023.4.96.9873,241,civil,execução,suspended,Dra. Cavalcante,12 de fevereiro de 2020,7 de outubro de 2025,186908,4ª Vara Cível de Recife,
3060,3418432-84.2025.3.59.5858,1494,trabalhista,audiência,Encerrado,Dra Fontes,2025-02-05,2025-09-04,17860.00,14ª Vara Criminal de Recife,aguardando documentos
3061,7948577-74.2025.1.60.7583,319,Civil,sentença,encerrado,Dr. Melo,06/03/22,2026-01-03,335294,20ª Vara Trabalhista de Recife,
3062,6414076-16.2021.7.78.8273,440,TRABALHISTA,acordo extrajudicial,settlement,Dr. Melo,27/03/23,14 de março de 2025,325240.00,11ª Vara Trabalhista de Recife,urgente
3063,7243958-65.2020.5.25.5047,397,Trabalhista,execução,ativo,Dr. Melo,19/04/25,30/04/2025,76885,13ª Vara Trabalhista de Recife,aguardando documentos
3064,8125196-18.2023.1.53.1215,1191,trabalhista,audiência,em recurso,Dra. Fontes,07/05/25,20/03/26,463365,1ª Vara Criminal de Recife,cliente não responde
3065,1878000-50.2025.7.58.1197,927,trabalhista,acordo extrajudicial,ativo,Dra Fontes,23/09/2021,2026-09-28,43562,1ª Vara Criminal de Recife,
3066,8323566-47.2021.3.26.4644,526,cível,instrução,active,Dra Fontes,2025-04-27,23/04/25,146873,4ª Vara Trabalhista de Recife,
3067,9108785-98.2021.3.78.6687,1329,Trabalhista,instrução,active,Dra. Cavalcante,19/10/25,,348237,18ª Vara Criminal de Recife,
3068,7115217-41.2025.1.67.7692,172,Trabalhista,instrução,encerrado,Dr. Barros,02/02/24,15 de novembro de 2025,,5ª Vara Trabalhista de Recife,urgente
3069,8125196-18.2023.1.53.1215,93,TRABALHISTA,inicial,closed,Dra Fontes,17/03/2024,23/02/25,480990.00,20ª Vara Criminal de Recife,
3070,9953454-93.2020.2.52.5723,466,Trabalhista,instrução,ativo,DRA. CAVALCANTE,29/11/22,10 de agosto de 2025,101387.00,10ª Vara Criminal de Recife,
3071,7381740-86.2021.2.88.6570,153,cível,arquivado,active,Dr. Barros,26/04/2025,23/11/25,R$ 429.865,15ª Vara Cível de Recife,
3072,6927716-18.2022.9.56.1445,861,civil,acordo extrajudicial,active,Dra Fontes,07/11/22,,,13ª Vara Trabalhista de Recife,
3073,4493339-70.2021.7.17.8725,1218,Civil,recurso,suspenso,DRA. CAVALCANTE,08/10/2022,31 de maio de 2026,166647.00,5ª Vara Cível de Recife,
3074,6445422-21.2020.5.39.8096,1255,TRABALHISTA,arquivado,ativo,dr. melo,27 de janeiro de 2024,27 de dezembro de 2026,471149,5ª Vara Criminal de Recife,cliente não responde
3075,7323234-16.2020.9.59.5035,970,trabalhista,recurso,acordo,Dra. Fontes,15 de maio de 2023,2025-05-06,R$ 155.755,1ª Vara Cível de Recife,urgente
3076,4092125-65.2025.3.26.9073,383,cível,audiência,Encerrado,Dr. Barros,10 de maio de 2025,04/09/2026,103986,18ª Vara Criminal de Recife,
3077,6547287-16.2023.4.15.7491,262,TRABALHISTA,instrução,encerrado,Dr. Barros,2024-03-21,30/09/26,R$ 68.146,11ª Vara Cível de Recife,
3078,5217157-98.2020.2.64.4094,985,cível,audiência,settlement,Dra. Cavalcante,05/05/2022,20/03/2026,453612.00,17ª Vara Trabalhista de Recife,
3079,4938178-62.2020.7.27.6072,353,TRABALHISTA,recurso,active,Dr. Melo,2024-06-05,,395180,11ª Vara Cível de Recife,urgente
3080,5159882-37.2022.9.71.7550,998,trabalhista,sentença,ativo,Dra. Fontes,9 de maio de 2020,16/03/2025,230679,19ª Vara Trabalhista de Recife,cliente não responde
3081,6414076-16.2021.7.78.8273,231,trabalhista,inicial,ativo,Dr. Barros,16/07/21,04/01/2025,360961.00,20ª Vara Criminal de Recife,em negociação
3082,3679963-72.2020.9.29.7859,660,trabalhista,sentença,settlement,Dra. Cavalcante,30/11/22,16/05/26,456853.00,8ª Vara Trabalhista de Recife,aguardando documentos
3083,9636371-69.2025.8.67.4068,584,civil,acordo extrajudicial,encerrado,DRA. CAVALCANTE,07/07/2022,21 de fevereiro de 2025,25970,7ª Vara Cível de Recife,
3084,7065068-16.2021.7.14.6489,948,trabalhista,recurso,suspended,DRA. CAVALCANTE,5 de fevereiro de 2022,02/08/2026,123890.00,16ª Vara Cível de Recife,urgente
3085,9057960-29.2025.5.10.6072,1225,Trabalhista,acordo extrajudicial,ativo,Dra. Cavalcante,2023-09-27,06/04/25,R$ 345.641,12ª Vara Cível de Recife,cliente não responde
3086,5159882-37.2022.9.71.7550,646,civil,recurso,Encerrado,Dr. Barros,19 de novembro de 2021,23/05/26,R$ 281.260,3ª Vara Criminal de Recife,
3087,5991409-16.2021.8.44.1303,147,TRABALHISTA,recurso,appeal,Dr. Melo,10 de dezembro de 2023,19 de agosto de 2026,319284.00,17ª Vara Criminal de Recife,
3088,9636371-69.2025.8.67.4068,938,TRABALHISTA,recurso,ativo,Dra. Fontes,18 de novembro de 2024,08/08/26,312412,6ª Vara Cível de Recife,
3089,7813974-60.2021.1.81.1542,422,trabalhista,inicial,Ativo,Dra. Cavalcante,2023-05-23,09/04/2025,140982.00,18ª Vara Criminal de Recife,cliente não responde
3090,4016576-41.2022.7.10.6952,500,trabalhista,recurso,encerrado,Dr. Barros,2023-03-29,09/08/25,75436,16ª Vara Criminal de Recife,em negociação
3091,1833330-93.2025.8.61.3405,91,civil,arquivado,acordo,Dra Fontes,2022-02-02,24/07/26,472027.00,1ª Vara Cível de Recife,urgente
3092,8097721-13.2023.1.47.8354,86,civil,acordo extrajudicial,acordo,Dra. Fontes,27/06/2024,24/04/2025,24392.00,10ª Vara Criminal de Recife,aguardando documentos
3093,6865513-17.2021.7.21.3938,144,trabalhista,arquivado,closed,Dr. Melo,23 de agosto de 2021,17/09/25,170539.00,14ª Vara Criminal de Recife,
3094,1248003-72.2024.2.80.8472,162,civil,acordo extrajudicial,Ativo,DRA. CAVALCANTE,2023-09-14,30/03/2025,45334,6ª Vara Criminal de Recife,
3095,1185885-59.2023.7.19.8433,531,cível,sentença,appeal,Dr. Barros,2 de outubro de 2021,23 de dezembro de 2026,R$ 377.818,6ª Vara Criminal de Recife,
3096,2110878-87.2023.8.83.8978,214,cível,arquivado,appeal,Dra. Cavalcante,25/07/2023,20 de junho de 2025,R$ 236.827,18ª Vara Trabalhista de Recife,cliente não responde
3097,7862554-22.2024.7.83.6459,1384,civil,arquivado,acordo,Dra. Fontes,20/03/2023,11/02/2025,191144,14ª Vara Criminal de Recife,
3098,4768255-51.2022.4.94.5695,1288,Trabalhista,arquivado,Encerrado,Dra Fontes,2024-02-07,2026-05-19,375758,6ª Vara Criminal de Recife,
3099,6416661-36.2021.8.21.8496,417,Civil,arquivado,Encerrado,DRA. CAVALCANTE,2023-04-13,2025-09-24,391131.00,18ª Vara Cível de Recife,
3100,2895065-46.2022.7.67.1438,488,cível,sentença,active,Dr. Barros,2025-09-08,2025-11-13,,1ª Vara Criminal de Recife,em negociação
3101,7271178-97.2023.5.84.4243,92,TRABALHISTA,inicial,Encerrado,DRA. CAVALCANTE,21/03/23,05/10/2025,499622,14ª Vara Trabalhista de Recife,
3102,3505690-87.2020.8.52.6260,949,TRABALHISTA,recurso,closed,Dr. Barros,2020-07-25,,497812,18ª Vara Trabalhista de Recife,em negociação
3103,2341370-92.2024.9.60.8122,680,civil,execução,Ativo,Dra Fontes,03/12/21,2026-11-26,,9ª Vara Cível de Recife,
3104,2461262-96.2021.6.48.1315,133,Civil,acordo extrajudicial,ativo,Dr. Barros,25/04/25,18 de agosto de 2025,,10ª Vara Cível de Recife,cliente não responde
3105,1676369-34.2022.3.47.6087,236,cível,sentença,Encerrado,Dr. Barros,10/08/25,14 de maio de 2026,445845,20ª Vara Trabalhista de Recife,
3106,8209168-30.2020.1.41.7632,971,trabalhista,instrução,suspenso,Dra. Fontes,17/07/2023,20 de novembro de 2026,316210,11ª Vara Trabalhista de Recife,
3107,1614850-25.2020.8.85.3161,245,civil,audiência,ativo,Dra. Cavalcante,10/06/23,04/01/2026,,17ª Vara Cível de Recife,cliente não responde
3108,5438623-45.2022.4.51.7250,301,Trabalhista,sentença,ativo,Dra. Fontes,24/10/2025,21/10/2026,,16ª Vara Criminal de Recife,cliente não responde
3109,9086174-80.2025.1.81.3292,481,Trabalhista,audiência,suspenso,Dr. Barros,2020-08-25,17/04/25,R$ 242.165,5ª Vara Cível de Recife,
3110,4507711-38.2024.2.34.4732,277,civil,acordo extrajudicial,Encerrado,Dra. Cavalcante,2024-01-10,2026-02-07,484069.00,9ª Vara Cível de Recife,
3111,5058333-37.2021.3.98.8848,1132,Trabalhista,arquivado,em recurso,Dr. Melo,18/11/20,05/10/25,,16ª Vara Cível de Recife,
3112,7115217-41.2025.1.67.7692,1449,Trabalhista,execução,em recurso,dr. melo,2025-05-20,23/03/25,127533.00,4ª Vara Cível de Recife,cliente não responde
3113,5514997-95.2024.1.84.8098,82,cível,sentença,closed,Dra. Fontes,12/06/25,18/07/2025,,8ª Vara Trabalhista de Recife,
3114,1742202-63.2023.6.68.9372,1087,Civil,arquivado,closed,Dra Fontes,2024-02-29,18/01/2026,141699,3ª Vara Criminal de Recife,
3115,2186433-37.2022.2.12.4344,748,TRABALHISTA,recurso,encerrado,Dr. Barros,26/09/2025,20/07/2026,R$ 487.242,7ª Vara Cível de Recife,
3116,4299848-20.2023.2.47.7396,758,Civil,recurso,Ativo,DRA. CAVALCANTE,13/01/25,25/12/26,,5ª Vara Cível de Recife,aguardando documentos
3117,6384831-67.2022.5.89.7429,292,cível,recurso,ATIVO,Dra Fontes,25 de agosto de 2024,18 de fevereiro de 2025,454999.00,1ª Vara Cível de Recife,cliente não responde
3118,4493339-70.2021.7.17.8725,175,Trabalhista,recurso,appeal,Dr. Melo,10 de julho de 2021,2026-11-14,R$ 164.797,9ª Vara Trabalhista de Recife,
3119,7820540-78.2023.1.75.4823,1438,TRABALHISTA,sentença,Ativo,Dr. Melo,2024-05-17,16/11/2025,R$ 449.927,9ª Vara Trabalhista de Recife,aguardando documentos
3120,6694761-39.2022.1.10.2199,383,trabalhista,sentença,suspended,Dra Fontes,14 de fevereiro de 2023,05/07/26,229210.00,2ª Vara Trabalhista de Recife,aguardando documentos
3121,3542616-60.2022.3.87.6536,1189,civil,instrução,encerrado,DRA. CAVALCANTE,17 de dezembro de 2023,16/04/2026,36331.00,12ª Vara Cível de Recife,cliente não responde
3122,4092125-65.2025.3.26.9073,1178,Trabalhista,audiência,ATIVO,Dra. Cavalcante,2022-04-03,08/06/2025,124760,9ª Vara Cível de Recife,cliente não responde
3123,8097721-13.2023.1.47.8354,1310,civil,audiência,Ativo,Dra. Cavalcante,28/11/2021,01/12/2026,,11ª Vara Trabalhista de Recife,cliente não responde
3124,5214684-96.2020.6.84.9986,1207,Trabalhista,execução,em recurso,Dr. Barros,2024-07-08,30 de outubro de 2026,,17ª Vara Criminal de Recife,cliente não responde
3125,1896520-28.2021.5.90.5374,1183,cível,instrução,ativo,Dr. Melo,26 de janeiro de 2022,2026-01-22,,9ª Vara Cível de Recife,cliente não responde
3126,5289264-48.2020.4.41.6347,1266,Civil,sentença,acordo,Dr. Barros,21 de janeiro de 2026,2026-06-11,R$ 48.187,13ª Vara Criminal de Recife,aguardando documentos
3127,1311508-84.2020.3.38.8512,992,TRABALHISTA,acordo extrajudicial,suspended,Dr. Barros,28 de janeiro de 2022,21/03/2026,R$ 15.123,8ª Vara Cível de Recife,urgente
3128,8286828-70.2022.9.31.8012,99,Trabalhista,execução,closed,Dr. Barros,1 de setembro de 2020,12/11/2026,114508.00,14ª Vara Cível de Recife,cliente não responde
3129,6370110-64.2022.3.52.8440,1264,civil,acordo extrajudicial,encerrado,Dra. Fontes,09/05/2025,2026-10-01,,9ª Vara Cível de Recife,
3130,7274275-74.2020.1.22.9780,1114,TRABALHISTA,acordo extrajudicial,ativo,dr. melo,2025-12-15,08/01/26,R$ 370.135,13ª Vara Criminal de Recife,
3131,9666878-83.2023.6.29.9905,665,Trabalhista,execução,appeal,DRA. CAVALCANTE,2022-03-22,28/04/2026,344595.00,5ª Vara Cível de Recife,em negociação
3132,7626521-25.2020.9.17.3305,285,cível,sentença,ATIVO,Dra. Fontes,2022-01-10,25/12/26,266085,17ª Vara Cível de Recife,
3133,1272937-41.2023.5.75.9958,834,trabalhista,audiência,suspenso,Dr. Barros,2021-06-28,10/10/25,18476.00,7ª Vara Cível de Recife,
3134,4687348-31.2023.1.92.6907,867,trabalhista,instrução,ativo,Dr. Barros,23/04/26,25/02/26,R$ 208.675,11ª Vara Criminal de Recife,
3135,5159219-49.2023.5.25.3676,1257,TRABALHISTA,instrução,ativo,Dra. Fontes,17/10/2025,2025-11-27,,10ª Vara Trabalhista de Recife,
3136,5850223-43.2020.3.81.3185,48,TRABALHISTA,instrução,encerrado,Dra. Fontes,20/02/26,2025-12-12,R$ 194.678,20ª Vara Criminal de Recife,cliente não responde
3137,5953905-94.2022.5.44.3245,1305,cível,recurso,active,DRA. CAVALCANTE,02/03/2022,23/10/26,108343,13ª Vara Criminal de Recife,em negociação
3138,9774395-92.2023.2.75.3192,595,trabalhista,inicial,settlement,Dra. Fontes,19/10/2021,30 de setembro de 2025,,13ª Vara Trabalhista de Recife,
3139,2397582-22.2023.9.93.4223,634,Trabalhista,acordo extrajudicial,ATIVO,Dr. Barros,18/02/2026,2026-01-21,380011,5ª Vara Trabalhista de Recife,em negociação
3140,2461262-96.2021.6.48.1315,196,cível,arquivado,closed,Dra. Fontes,17/08/20,20 de agosto de 2025,,4ª Vara Trabalhista de Recife,
3141,3754895-37.2021.6.18.8502,183,trabalhista,arquivado,acordo,Dra. Fontes,2020-11-07,19/11/2025,R$ 122.836,12ª Vara Criminal de Recife,
3142,5747786-52.2023.7.30.3750,1457,civil,instrução,active,Dr. Melo,12/05/2021,19/12/2025,R$ 166.468,14ª Vara Trabalhista de Recife,
3143,6418382-43.2020.8.63.9133,1410,Trabalhista,inicial,active,Dra. Cavalcante,2024-06-13,06/12/25,,10ª Vara Criminal de Recife,
3144,8286828-70.2022.9.31.8012,653,Civil,execução,ativo,Dr. Barros,2025-07-16,20/05/25,,5ª Vara Cível de Recife,
3145,8677980-28.2024.9.94.6552,248,TRABALHISTA,inicial,encerrado,Dr. Melo,2021-07-27,5 de novembro de 2025,465274.00,2ª Vara Cível de Recife,aguardando documentos
3146,3576390-15.2021.2.82.8209,823,TRABALHISTA,audiência,appeal,Dra Fontes,2023-11-23,11 de novembro de 2026,160801.00,13ª Vara Trabalhista de Recife,urgente
3147,9798556-59.2021.3.62.3110,188,trabalhista,recurso,Encerrado,DRA. CAVALCANTE,5 de outubro de 2023,2026-09-14,297969.00,19ª Vara Cível de Recife,cliente não responde
3148,8678370-92.2025.7.35.9962,1314,Civil,acordo extrajudicial,ativo,Dra. Fontes,2021-06-21,2025-04-12,,1ª Vara Trabalhista de Recife,
3149,7539718-58.2020.2.52.9800,1074,TRABALHISTA,audiência,acordo,Dra Fontes,11/05/23,23 de fevereiro de 2025,R$ 186.210,3ª Vara Cível de Recife,
3150,8986773-71.2022.6.45.5854,836,TRABALHISTA,audiência,settlement,Dr. Barros,19/07/20,13 de fevereiro de 2026,,15ª Vara Trabalhista de Recife,
3151,2461262-96.2021.6.48.1315,698,Trabalhista,recurso,ATIVO,Dr. Melo,2 de maio de 2025,8 de maio de 2025,27744,17ª Vara Trabalhista de Recife,cliente não responde
3152,6003915-30.2025.6.37.7681,272,TRABALHISTA,acordo extrajudicial,appeal,Dr. Barros,2022-08-29,15/02/26,221673,20ª Vara Criminal de Recife,cliente não responde
3153,5755257-93.2020.8.44.2882,126,Civil,instrução,Ativo,Dra Fontes,27 de julho de 2025,17/09/2025,153232,4ª Vara Criminal de Recife,
3154,7243958-65.2020.5.25.5047,1347,civil,inicial,ativo,Dr. Melo,09/11/2022,28/07/25,124568.00,2ª Vara Trabalhista de Recife,cliente não responde
3155,2118934-75.2023.5.97.9563,69,Trabalhista,inicial,ativo,Dr. Barros,6 de outubro de 2022,04/12/26,197061.00,7ª Vara Trabalhista de Recife,
3156,8209168-30.2020.1.41.7632,318,Civil,instrução,encerrado,Dr. Barros,02/08/2021,2025-09-09,324338.00,18ª Vara Cível de Recife,aguardando documentos
3157,1101935-78.2023.5.88.5299,1448,trabalhista,execução,ATIVO,Dra Fontes,13/03/21,28 de junho de 2025,,11ª Vara Criminal de Recife,em negociação
3158,1974389-81.2024.5.57.9354,791,cível,sentença,encerrado,dr. melo,2020-04-30,29 de outubro de 2025,470298.00,18ª Vara Cível de Recife,
3159,4417916-40.2022.7.26.4278,880,Civil,sentença,ATIVO,Dr. Barros,30/03/20,06/07/26,R$ 127.495,4ª Vara Trabalhista de Recife,urgente
3160,2842764-33.2025.7.99.7279,237,civil,execução,Encerrado,DRA. CAVALCANTE,06/08/24,14/07/2025,466847.00,2ª Vara Trabalhista de Recife,
3161,8749473-21.2020.4.12.9144,159,cível,audiência,em recurso,Dra. Fontes,30/09/20,10/09/25,197724,10ª Vara Criminal de Recife,cliente não responde
3162,1757615-27.2025.7.10.3762,838,civil,recurso,suspended,Dr. Barros,08/03/2023,4 de fevereiro de 2026,R$ 484.305,20ª Vara Trabalhista de Recife,urgente
3163,8886588-26.2020.9.65.6361,980,trabalhista,arquivado,acordo,Dr. Barros,27/05/2023,27 de março de 2025,193775,10ª Vara Trabalhista de Recife,aguardando documentos
3164,1667591-67.2025.4.69.9424,673,civil,inicial,ativo,Dr. Barros,15/01/2021,,94463.00,4ª Vara Criminal de Recife,aguardando documentos
3165,9573194-21.2022.1.35.8352,918,cível,recurso,appeal,dr. melo,4 de junho de 2023,,24091.00,16ª Vara Cível de Recife,aguardando documentos
3166,6935346-77.2024.3.52.9529,361,civil,execução,encerrado,Dra. Fontes,11/07/2023,,R$ 406.001,6ª Vara Trabalhista de Recife,
3167,7724543-49.2023.9.44.7412,1373,Trabalhista,acordo extrajudicial,settlement,Dra. Fontes,04/04/23,29 de novembro de 2025,386802.00,5ª Vara Cível de Recife,
3168,3675188-38.2025.9.53.3305,420,trabalhista,sentença,suspended,Dra. Fontes,2021-01-06,07/02/2025,,5ª Vara Trabalhista de Recife,urgente
3169,6384831-67.2022.5.89.7429,506,TRABALHISTA,instrução,Ativo,Dra. Cavalcante,2023-03-24,11/04/25,,8ª Vara Trabalhista de Recife,
3170,3734843-61.2021.3.94.2954,145,Civil,arquivado,acordo,dr. melo,22 de junho de 2020,2026-06-23,109497.00,18ª Vara Criminal de Recife,aguardando documentos
3171,5438623-45.2022.4.51.7250,218,TRABALHISTA,inicial,encerrado,Dra. Cavalcante,10/02/2026,1 de setembro de 2026,25799.00,5ª Vara Cível de Recife,
3172,5518767-82.2023.4.96.9873,1483,civil,inicial,settlement,dr. melo,14/04/25,2025-09-16,R$ 171.594,3ª Vara Cível de Recife,urgente
3173,9636371-69.2025.8.67.4068,1039,Trabalhista,acordo extrajudicial,appeal,dr. melo,3 de setembro de 2021,18/09/2026,471057.00,15ª Vara Criminal de Recife,em negociação
3174,8168054-14.2024.6.50.1232,1375,cível,sentença,Ativo,Dra. Cavalcante,07/10/2025,2026-11-24,,8ª Vara Criminal de Recife,em negociação
3175,6547287-16.2023.4.15.7491,536,cível,sentença,encerrado,Dr. Barros,4 de agosto de 2024,27 de março de 2025,346752.00,1ª Vara Trabalhista de Recife,
3176,7640585-40.2023.1.57.1721,670,Trabalhista,acordo extrajudicial,active,Dr. Melo,28 de dezembro de 2025,12/03/2025,,15ª Vara Cível de Recife,
3177,9302979-43.2025.9.68.7487,1345,civil,sentença,ativo,Dr. Melo,2024-06-07,10/05/26,R$ 153.203,12ª Vara Cível de Recife,cliente não responde
3178,2837371-36.2022.7.88.5428,534,TRABALHISTA,instrução,ativo,Dr. Barros,2026-04-27,2026-08-11,118574,1ª Vara Cível de Recife,urgente
3179,6267378-50.2021.9.19.9923,522,civil,instrução,ativo,Dra Fontes,2021-06-09,01/12/2025,45625.00,10ª Vara Cível de Recife,aguardando documentos
3180,5214684-96.2020.6.84.9986,654,TRABALHISTA,instrução,Encerrado,Dra. Fontes,11 de março de 2021,8 de maio de 2025,R$ 489.329,20ª Vara Cível de Recife,cliente não responde
3181,7749444-78.2021.1.20.8763,849,Civil,inicial,encerrado,dr. melo,2025-10-03,05/11/26,R$ 48.490,10ª Vara Criminal de Recife,
3182,5438623-45.2022.4.51.7250,121,trabalhista,audiência,appeal,dr. melo,10/05/2022,13/07/2025,R$ 383.161,14ª Vara Trabalhista de Recife,aguardando documentos
3183,1602496-64.2022.5.79.8340,198,Civil,instrução,encerrado,Dra Fontes,2022-03-23,22 de novembro de 2026,318856,15ª Vara Criminal de Recife,
3184,7941836-76.2025.4.34.6543,122,trabalhista,sentença,Encerrado,Dr. Barros,05/12/22,2026-05-20,59456.00,17ª Vara Cível de Recife,
3185,2884639-86.2023.2.31.8737,1104,trabalhista,sentença,settlement,dr. melo,2021-01-18,2025-05-01,R$ 456.698,19ª Vara Cível de Recife,
3186,6254488-31.2024.9.48.3216,637,civil,execução,ativo,DRA. CAVALCANTE,2022-10-14,2025-04-06,347956,5ª Vara Criminal de Recife,
3187,5432782-56.2021.2.97.6240,1451,Trabalhista,sentença,em recurso,Dr. Barros,01/09/20,11/06/2026,178186.00,2ª Vara Criminal de Recife,aguardando documentos
3188,1615190-23.2022.2.42.6238,170,Trabalhista,sentença,Encerrado,Dra Fontes,26 de setembro de 2022,8 de agosto de 2025,200142.00,7ª Vara Criminal de Recife,
3189,6003915-30.2025.6.37.7681,650,Civil,audiência,em recurso,Dra. Fontes,03/10/24,30/08/26,155857.00,14ª Vara Cível de Recife,urgente
3190,3588109-63.2023.1.26.4223,753,TRABALHISTA,acordo extrajudicial,Ativo,Dra. Fontes,25/03/2026,4 de maio de 2025,R$ 175.983,1ª Vara Trabalhista de Recife,
3191,2341370-92.2024.9.60.8122,73,civil,sentença,ativo,Dr. Barros,24/03/24,2026-12-02,208050.00,15ª Vara Criminal de Recife,urgente
3192,5514997-95.2024.1.84.8098,833,trabalhista,acordo extrajudicial,settlement,Dra. Fontes,13 de dezembro de 2025,20/11/2025,20418,12ª Vara Trabalhista de Recife,
3193,1931030-34.2024.8.48.5319,20,trabalhista,inicial,appeal,DRA. CAVALCANTE,2021-03-07,21/06/2025,417921.00,9ª Vara Criminal de Recife,
3194,2191287-57.2021.1.18.8228,218,Trabalhista,sentença,ATIVO,Dr. Barros,08/12/20,27/03/25,27903.00,2ª Vara Trabalhista de Recife,urgente
3195,8168054-14.2024.6.50.1232,1232,Civil,instrução,appeal,Dr. Barros,12/01/2023,25/01/2025,,13ª Vara Criminal de Recife,aguardando documentos
3196,5614769-67.2022.9.87.1001,180,Trabalhista,execução,encerrado,dr. melo,08/07/25,08/05/26,R$ 179.119,20ª Vara Criminal de Recife,
3197,7274275-74.2020.1.22.9780,1242,TRABALHISTA,instrução,ativo,Dra. Fontes,29/03/24,,,18ª Vara Trabalhista de Recife,
3198,5966644-82.2023.4.88.9951,150,trabalhista,inicial,ATIVO,DRA. CAVALCANTE,6 de setembro de 2024,11/12/25,,17ª Vara Criminal de Recife,
3199,4299848-20.2023.2.47.7396,54,Civil,arquivado,acordo,DRA. CAVALCANTE,2025-03-20,20/12/2025,R$ 439.162,10ª Vara Criminal de Recife,
3200,1346701-74.2024.1.65.8985,653,cível,instrução,ativo,DRA. CAVALCANTE,16 de abril de 2021,21/04/26,489255.00,5ª Vara Trabalhista de Recife,cliente não responde
3201,5631823-61.2020.5.47.1440,1086,trabalhista,audiência,ATIVO,Dr. Melo,2024-10-17,08/01/25,R$ 304.443,3ª Vara Criminal de Recife,urgente
3202,3418432-84.2025.3.59.5858,558,Civil,recurso,Encerrado,Dr. Barros,14/12/2025,23/02/2026,,20ª Vara Trabalhista de Recife,cliente não responde
3203,9498791-62.2022.6.73.9564,1101,trabalhista,inicial,encerrado,Dra. Cavalcante,17 de junho de 2021,12 de julho de 2026,R$ 96.858,11ª Vara Criminal de Recife,cliente não responde
3204,3724721-44.2021.9.75.5553,87,civil,audiência,appeal,Dr. Melo,13/02/2025,2026-07-24,R$ 458.879,17ª Vara Criminal de Recife,urgente
3205,8286828-70.2022.9.31.8012,259,TRABALHISTA,execução,active,Dra Fontes,12/11/2025,2025-02-19,,3ª Vara Criminal de Recife,cliente não responde
3206,7323234-16.2020.9.59.5035,795,Trabalhista,sentença,active,Dra Fontes,14 de dezembro de 2024,03/11/26,,9ª Vara Criminal de Recife,
3207,1438459-62.2020.7.78.3410,2,trabalhista,arquivado,ATIVO,Dr. Barros,19 de dezembro de 2020,2026-06-25,219214.00,11ª Vara Trabalhista de Recife,urgente
3208,1667591-67.2025.4.69.9424,327,TRABALHISTA,sentença,ativo,Dr. Barros,13/06/23,17 de dezembro de 2026,433994.00,6ª Vara Criminal de Recife,aguardando documentos
3209,9885734-21.2023.9.74.3450,1047,Civil,acordo extrajudicial,suspended,Dr. Barros,24/09/2021,05/05/25,,16ª Vara Trabalhista de Recife,
3210,5518767-82.2023.4.96.9873,1167,TRABALHISTA,sentença,Encerrado,Dr. Barros,13/01/24,23/12/25,,20ª Vara Criminal de Recife,aguardando documentos
3211,4893809-11.2021.7.19.9759,134,trabalhista,audiência,acordo,Dr. Melo,26/07/2022,2026-07-09,R$ 195.332,11ª Vara Criminal de Recife,aguardando documentos
3212,2545435-52.2025.3.59.7623,780,Civil,recurso,ATIVO,Dra. Fontes,23/08/25,12 de março de 2026,R$ 263.397,3ª Vara Criminal de Recife,em negociação
3213,8129073-22.2024.4.16.9656,873,Trabalhista,arquivado,ativo,DRA. CAVALCANTE,2024-03-28,01/05/2026,348874,10ª Vara Criminal de Recife,
3214,5035093-45.2021.1.27.3097,936,cível,instrução,ATIVO,Dr. Barros,06/10/2022,2026-08-01,353925,2ª Vara Trabalhista de Recife,
3215,7381740-86.2021.2.88.6570,1105,Trabalhista,inicial,ATIVO,Dr. Melo,2024-10-23,,348989,13ª Vara Cível de Recife,em negociação
3216,3588109-63.2023.1.26.4223,1078,civil,arquivado,Encerrado,DRA. CAVALCANTE,3 de agosto de 2023,2026-04-30,334661,20ª Vara Criminal de Recife,
3217,6944389-98.2023.1.72.8245,1455,civil,acordo extrajudicial,acordo,Dra. Fontes,08/03/2020,27/04/2026,350276.00,9ª Vara Cível de Recife,
3218,6267378-50.2021.9.19.9923,307,Trabalhista,arquivado,Encerrado,Dr. Melo,26 de junho de 2020,2026-06-25,,9ª Vara Criminal de Recife,urgente
3219,3541821-31.2021.8.96.1927,42,TRABALHISTA,sentença,Ativo,dr. melo,2020-01-01,25/10/2026,467357.00,14ª Vara Cível de Recife,cliente não responde
3220,7724543-49.2023.9.44.7412,380,civil,inicial,active,Dra. Cavalcante,19/04/2024,26 de julho de 2026,398195.00,10ª Vara Cível de Recife,
3221,1754781-28.2025.6.89.2162,838,trabalhista,audiência,ativo,dr. melo,2024-06-30,06/02/25,315298,12ª Vara Criminal de Recife,
3222,4064382-39.2022.4.13.8937,32,civil,audiência,suspended,Dra. Fontes,17/06/21,,R$ 142.360,19ª Vara Cível de Recife,
3223,5483975-50.2024.8.92.4422,861,Trabalhista,acordo extrajudicial,closed,Dra. Fontes,12 de junho de 2020,17 de dezembro de 2025,256874.00,14ª Vara Cível de Recife,
3224,8382607-83.2020.6.26.3936,1434,Trabalhista,execução,Ativo,dr. melo,19 de maio de 2025,2026-03-13,263893,18ª Vara Cível de Recife,cliente não responde
3225,4065326-72.2025.8.58.5304,819,Civil,audiência,encerrado,Dra. Cavalcante,07/09/2023,30/03/25,11309,4ª Vara Trabalhista de Recife,
3226,4494463-44.2022.5.80.7542,466,Civil,instrução,ativo,Dra. Cavalcante,28/11/21,07/03/2026,R$ 461.803,11ª Vara Trabalhista de Recife,
3227,3922248-27.2025.1.42.4047,861,civil,instrução,ativo,Dr. Barros,24/02/24,2025-11-01,R$ 175.343,8ª Vara Trabalhista de Recife,
3228,3679963-72.2020.9.29.7859,616,civil,audiência,suspenso,Dr. Barros,2023-08-20,15/10/25,310114,17ª Vara Cível de Recife,em negociação
3229,2186433-37.2022.2.12.4344,1321,Civil,recurso,Ativo,Dr. Barros,17/02/2020,15 de setembro de 2026,436039,18ª Vara Criminal de Recife,
3230,4417916-40.2022.7.26.4278,1149,trabalhista,instrução,Ativo,dr. melo,18/05/20,2026-02-02,R$ 223.918,10ª Vara Trabalhista de Recife,aguardando documentos
3231,1664676-19.2021.8.64.4616,1325,civil,audiência,encerrado,Dra Fontes,30/07/2023,2025-07-15,344427.00,15ª Vara Cível de Recife,em negociação
3232,1933296-95.2024.5.69.8317,1422,TRABALHISTA,recurso,Ativo,dr. melo,25 de novembro de 2025,2026-05-25,,17ª Vara Cível de Recife,urgente
3233,7141324-67.2025.3.86.3413,1136,civil,instrução,encerrado,DRA. CAVALCANTE,2022-08-04,2026-03-24,,9ª Vara Trabalhista de Recife,aguardando documentos
3234,4229107-99.2020.7.61.3978,348,TRABALHISTA,arquivado,appeal,Dra. Fontes,06/09/2021,26/12/26,422541.00,9ª Vara Trabalhista de Recife,urgente
3235,8209168-30.2020.1.41.7632,1082,trabalhista,inicial,ativo,Dr. Barros,2024-02-12,,69628,10ª Vara Trabalhista de Recife,em negociação
3236,6953559-38.2025.7.42.9212,1080,Trabalhista,inicial,ativo,Dra. Cavalcante,2020-06-07,,133656,16ª Vara Trabalhista de Recife,
3237,5703772-88.2020.8.34.6114,1301,cível,recurso,suspended,Dr. Barros,11 de junho de 2021,10 de novembro de 2025,R$ 269.572,2ª Vara Criminal de Recife,cliente não responde
3238,6018860-77.2022.1.94.1315,303,Trabalhista,audiência,settlement,DRA. CAVALCANTE,2026-02-07,01/06/2026,,16ª Vara Cível de Recife,
3239,9110060-16.2025.2.29.4716,1167,trabalhista,sentença,closed,Dra Fontes,09/04/21,2025-05-15,,9ª Vara Criminal de Recife,urgente
3240,5266269-78.2021.7.59.1392,590,civil,recurso,appeal,Dra Fontes,20 de março de 2022,14/05/2025,97130.00,6ª Vara Trabalhista de Recife,
3241,8986773-71.2022.6.45.5854,688,TRABALHISTA,sentença,ATIVO,Dra. Fontes,20/08/25,2025-09-29,406589.00,1ª Vara Cível de Recife,
3242,8655267-17.2025.3.63.4188,1195,Civil,recurso,ativo,Dr. Melo,13 de março de 2023,20 de julho de 2025,R$ 11.482,19ª Vara Cível de Recife,
3243,3346094-93.2020.2.94.1759,1408,TRABALHISTA,acordo extrajudicial,suspended,Dra. Cavalcante,1 de março de 2024,19/09/2025,R$ 346.239,2ª Vara Cível de Recife,
3244,7110796-41.2020.3.80.5362,446,Trabalhista,recurso,ativo,Dra. Cavalcante,28/11/21,10 de agosto de 2025,342846,4ª Vara Cível de Recife,
3245,8714773-70.2022.9.65.8541,862,TRABALHISTA,arquivado,ativo,Dr. Barros,31 de janeiro de 2020,16 de dezembro de 2026,345033.00,2ª Vara Trabalhista de Recife,urgente
3246,7243958-65.2020.5.25.5047,474,Trabalhista,recurso,ATIVO,Dr. Barros,07/10/22,15/07/26,271377.00,9ª Vara Cível de Recife,
3247,6953559-38.2025.7.42.9212,208,TRABALHISTA,audiência,suspended,Dr. Barros,17/01/25,10/06/26,,11ª Vara Cível de Recife,
3248,4433355-55.2023.8.48.9346,642,cível,recurso,encerrado,dr. melo,08/11/2022,2025-10-11,285873,3ª Vara Trabalhista de Recife,
3249,3260101-88.2022.8.37.9169,544,Trabalhista,inicial,ativo,DRA. CAVALCANTE,2023-04-28,2026-01-15,R$ 183.761,17ª Vara Criminal de Recife,
3250,9824532-76.2023.6.37.2040,468,TRABALHISTA,sentença,suspenso,Dr. Melo,19 de maio de 2025,20/12/26,,18ª Vara Trabalhista de Recife,cliente não responde
3251,1346701-74.2024.1.65.8985,425,trabalhista,instrução,ATIVO,Dr. Melo,29 de outubro de 2025,11 de abril de 2026,,7ª Vara Cível de Recife,
3252,9810112-12.2021.1.97.8847,866,Trabalhista,recurso,ativo,DRA. CAVALCANTE,2 de fevereiro de 2024,06/11/2026,438714,20ª Vara Cível de Recife,cliente não responde
3253,5514997-95.2024.1.84.8098,325,Civil,sentença,encerrado,Dr. Barros,22/08/22,01/01/26,R$ 58.360,13ª Vara Trabalhista de Recife,urgente
3254,6547287-16.2023.4.15.7491,101,Civil,instrução,ativo,Dr. Melo,07/12/2021,12 de maio de 2025,230743.00,3ª Vara Trabalhista de Recife,urgente
3255,7687351-51.2022.6.73.6768,483,Trabalhista,inicial,closed,Dra. Cavalcante,2025-09-18,15/01/26,R$ 344.090,17ª Vara Cível de Recife,
3256,8843195-99.2024.6.39.2836,40,Civil,arquivado,closed,Dra Fontes,30/04/2024,12/02/26,439281,1ª Vara Cível de Recife,
3257,4134515-43.2021.8.70.4879,345,Trabalhista,acordo extrajudicial,ativo,Dra. Cavalcante,2022-04-10,2025-10-08,56627.00,17ª Vara Trabalhista de Recife,
3258,3879233-61.2024.5.30.1494,1156,civil,arquivado,em recurso,Dr. Melo,05/03/2021,20/08/25,,16ª Vara Trabalhista de Recife,urgente
3259,5545511-73.2023.1.66.9757,233,TRABALHISTA,inicial,ativo,dr. melo,19 de novembro de 2020,02/07/25,193497,20ª Vara Trabalhista de Recife,
3260,4874996-38.2022.9.94.8154,1385,cível,acordo extrajudicial,ativo,Dra. Fontes,26 de setembro de 2021,23 de dezembro de 2025,R$ 285.484,11ª Vara Cível de Recife,
3261,5074974-98.2023.8.21.9881,1134,Trabalhista,sentença,closed,Dr. Melo,29/07/25,,,16ª Vara Trabalhista de Recife,
3262,8678370-92.2025.7.35.9962,1290,Civil,acordo extrajudicial,active,Dr. Barros,9 de dezembro de 2021,26/05/26,175148,16ª Vara Criminal de Recife,cliente não responde
3263,8655267-17.2025.3.63.4188,244,trabalhista,inicial,Ativo,Dr. Barros,30/06/25,2026-01-30,,15ª Vara Criminal de Recife,
3264,8183950-10.2021.5.84.9388,1402,TRABALHISTA,instrução,Encerrado,DRA. CAVALCANTE,06/03/2023,28/12/2025,R$ 98.754,5ª Vara Trabalhista de Recife,cliente não responde
3265,2112478-55.2024.2.51.9095,1317,Civil,acordo extrajudicial,closed,Dr. Barros,19/12/22,28/11/26,,10ª Vara Trabalhista de Recife,cliente não responde
3266,6944389-98.2023.1.72.8245,309,trabalhista,sentença,encerrado,Dra Fontes,05/04/20,2026-03-23,144876.00,1ª Vara Trabalhista de Recife,aguardando documentos
3267,8827641-36.2022.5.59.8715,121,TRABALHISTA,arquivado,ativo,Dr. Melo,09/07/2025,,71181,17ª Vara Cível de Recife,aguardando documentos
3268,6260319-38.2024.8.96.1114,442,civil,acordo extrajudicial,active,Dr. Barros,14 de junho de 2022,2025-11-26,98434,1ª Vara Cível de Recife,cliente não responde
3269,7724543-49.2023.9.44.7412,1388,trabalhista,sentença,encerrado,Dra. Cavalcante,15/12/23,19/03/25,,8ª Vara Trabalhista de Recife,
3270,4140100-24.2024.4.63.7178,911,Trabalhista,recurso,Encerrado,Dr. Melo,2024-05-27,24/06/26,R$ 219.384,19ª Vara Criminal de Recife,cliente não responde
3271,3879233-61.2024.5.30.1494,426,cível,audiência,ativo,Dra. Cavalcante,12/12/24,2026-07-16,,9ª Vara Cível de Recife,
3272,4510407-23.2020.5.18.6055,1218,cível,execução,Encerrado,Dra Fontes,2025-11-04,14 de julho de 2026,R$ 286.113,4ª Vara Criminal de Recife,em negociação
3273,3248366-98.2020.5.11.6279,500,Trabalhista,instrução,ativo,Dr. Barros,30/08/2023,2025-09-03,,13ª Vara Criminal de Recife,
3274,6334947-38.2020.4.71.6173,1031,cível,acordo extrajudicial,encerrado,dr. melo,12/08/2022,07/03/2025,35726,14ª Vara Cível de Recife,
3275,1353022-94.2023.9.79.1203,512,trabalhista,acordo extrajudicial,ativo,DRA. CAVALCANTE,11 de setembro de 2020,11 de julho de 2026,R$ 222.941,8ª Vara Criminal de Recife,
3276,9108785-98.2021.3.78.6687,1374,TRABALHISTA,recurso,ativo,Dr. Melo,21 de julho de 2021,2026-03-30,,13ª Vara Cível de Recife,aguardando documentos
3277,5116418-16.2025.3.98.2234,1183,trabalhista,execução,encerrado,Dra Fontes,02/10/20,2026-07-13,,13ª Vara Trabalhista de Recife,
3278,2294596-63.2020.6.38.9193,695,Trabalhista,sentença,active,Dr. Barros,10/02/2020,8 de outubro de 2025,365568.00,19ª Vara Cível de Recife,
3279,7141324-67.2025.3.86.3413,1378,TRABALHISTA,sentença,ativo,dr. melo,2023-02-13,2026-07-15,,1ª Vara Trabalhista de Recife,cliente não responde
3280,9425559-65.2022.6.99.1309,130,civil,acordo extrajudicial,ativo,dr. melo,03/07/2022,24 de maio de 2025,31039,20ª Vara Cível de Recife,cliente não responde
3281,5274951-77.2021.1.76.5120,739,TRABALHISTA,arquivado,encerrado,dr. melo,26/06/2021,22 de fevereiro de 2026,130124,12ª Vara Cível de Recife,
3282,8607512-63.2021.6.82.1039,1206,Trabalhista,sentença,suspended,Dr. Melo,20/06/20,,405577.00,3ª Vara Trabalhista de Recife,
3283,5947618-28.2023.6.53.6118,904,trabalhista,recurso,suspended,dr. melo,29 de outubro de 2024,05/03/26,418951,11ª Vara Criminal de Recife,
3284,8986773-71.2022.6.45.5854,493,civil,arquivado,ATIVO,dr. melo,31/08/25,18/02/2025,,2ª Vara Criminal de Recife,em negociação
3285,9822459-92.2024.8.17.6403,69,civil,audiência,appeal,Dra Fontes,2025-08-14,2026-09-15,,5ª Vara Cível de Recife,aguardando documentos
3286,5631823-61.2020.5.47.1440,252,Trabalhista,acordo extrajudicial,acordo,DRA. CAVALCANTE,22/03/2024,2025-09-19,,6ª Vara Cível de Recife,urgente
3287,9057219-99.2020.9.96.3254,77,civil,acordo extrajudicial,ativo,Dra. Fontes,27/03/2025,5 de março de 2025,269759.00,18ª Vara Trabalhista de Recife,em negociação
3288,1887163-62.2025.9.93.1037,136,TRABALHISTA,execução,ativo,Dra. Fontes,25/12/20,,R$ 205.202,5ª Vara Trabalhista de Recife,em negociação
3289,8097721-13.2023.1.47.8354,270,Trabalhista,execução,active,Dra Fontes,31 de dezembro de 2021,2 de maio de 2025,235237,10ª Vara Criminal de Recife,urgente
3290,9970343-38.2020.5.18.4483,231,trabalhista,execução,acordo,Dr. Barros,20 de dezembro de 2025,25 de agosto de 2025,246702.00,1ª Vara Cível de Recife,em negociação
3291,5614769-67.2022.9.87.1001,756,cível,instrução,closed,Dr. Barros,03/06/24,,128625,3ª Vara Cível de Recife,
3292,1024421-54.2022.9.20.2563,358,civil,sentença,active,Dra. Fontes,19 de outubro de 2020,2026-10-10,R$ 463.648,1ª Vara Criminal de Recife,aguardando documentos
3293,7222167-30.2022.8.44.7452,1280,trabalhista,recurso,encerrado,Dr. Barros,2022-09-13,2025-07-20,32302.00,7ª Vara Cível de Recife,aguardando documentos
3294,5661974-14.2020.6.39.3137,662,civil,execução,suspended,Dr. Barros,04/02/20,,,17ª Vara Trabalhista de Recife,
3295,8816646-78.2020.7.70.9224,822,cível,execução,acordo,Dr. Barros,30 de janeiro de 2025,16/09/2026,R$ 315.329,13ª Vara Criminal de Recife,cliente não responde
3296,3542799-64.2025.6.13.7299,1191,Civil,inicial,ativo,DRA. CAVALCANTE,4 de abril de 2026,2026-10-14,R$ 231.821,18ª Vara Cível de Recife,em negociação
3297,1557680-16.2021.4.16.4031,1267,trabalhista,recurso,encerrado,DRA. CAVALCANTE,2025-11-23,17/05/26,237705.00,13ª Vara Criminal de Recife,
3298,2397582-22.2023.9.93.4223,1256,cível,arquivado,active,DRA. CAVALCANTE,13/04/2023,26/10/2026,R$ 178.943,5ª Vara Trabalhista de Recife,aguardando documentos
3299,3168718-77.2025.2.92.8027,1090,TRABALHISTA,arquivado,suspended,Dr. Melo,19/07/23,08/11/25,297834,4ª Vara Cível de Recife,em negociação
3300,7862554-22.2024.7.83.6459,478,TRABALHISTA,arquivado,ativo,Dra. Cavalcante,20 de janeiro de 2022,2025-07-06,351745.00,7ª Vara Criminal de Recife,cliente não responde
3301,2519059-58.2022.7.86.4385,1443,cível,audiência,acordo,dr. melo,16/08/21,15/09/25,151925.00,6ª Vara Trabalhista de Recife,cliente não responde
3302,5947618-28.2023.6.53.6118,414,Trabalhista,arquivado,ativo,Dra Fontes,10/04/21,10 de outubro de 2026,419742,2ª Vara Cível de Recife,em negociação
3303,1024421-54.2022.9.20.2563,282,Trabalhista,arquivado,ativo,Dr. Barros,10/02/25,25 de julho de 2026,58778.00,16ª Vara Cível de Recife,cliente não responde
3304,3679963-72.2020.9.29.7859,990,Trabalhista,recurso,em recurso,Dr. Melo,28/10/2025,02/03/2025,119242.00,2ª Vara Criminal de Recife,
3305,2884639-86.2023.2.31.8737,1162,cível,instrução,suspended,Dr. Barros,16/01/2020,11 de julho de 2026,471999,15ª Vara Criminal de Recife,aguardando documentos
3306,8892606-62.2022.2.87.2168,872,Civil,instrução,ATIVO,Dr. Melo,01/06/24,2025-10-16,475156,8ª Vara Criminal de Recife,urgente
3307,2884639-86.2023.2.31.8737,1169,cível,audiência,encerrado,Dra. Cavalcante,24 de maio de 2023,29/06/2025,R$ 109.479,3ª Vara Criminal de Recife,
3308,1614850-25.2020.8.85.3161,988,Civil,arquivado,Ativo,dr. melo,28 de maio de 2022,04/06/25,35451,6ª Vara Criminal de Recife,
3309,2112478-55.2024.2.51.9095,547,trabalhista,inicial,suspenso,Dr. Melo,29/02/2020,2025-10-26,,20ª Vara Trabalhista de Recife,cliente não responde
3310,4721085-96.2020.6.92.9645,883,Trabalhista,execução,ativo,Dr. Melo,27/09/22,,R$ 487.353,2ª Vara Criminal de Recife,cliente não responde
3311,2895065-46.2022.7.67.1438,760,trabalhista,recurso,acordo,Dra. Fontes,2023-12-04,18/03/25,293338.00,9ª Vara Cível de Recife,cliente não responde
3312,6944389-98.2023.1.72.8245,1309,Civil,execução,closed,Dra. Cavalcante,13/12/24,04/09/2025,248432.00,11ª Vara Trabalhista de Recife,
3313,5700249-43.2020.5.57.9341,1467,TRABALHISTA,instrução,encerrado,dr. melo,7 de novembro de 2025,2026-03-10,R$ 208.363,5ª Vara Trabalhista de Recife,
3314,7398699-88.2025.6.55.3587,598,cível,acordo extrajudicial,closed,Dra. Cavalcante,26/03/22,11/08/26,193993,1ª Vara Trabalhista de Recife,cliente não responde
3315,4134515-43.2021.8.70.4879,549,trabalhista,instrução,Encerrado,Dr. Barros,18 de março de 2026,22/01/2025,R$ 398.819,18ª Vara Trabalhista de Recife,
3316,6018860-77.2022.1.94.1315,1144,Civil,arquivado,settlement,Dra Fontes,04/06/20,20 de maio de 2026,,7ª Vara Cível de Recife,
3317,8215015-64.2021.5.32.1893,1268,trabalhista,inicial,Ativo,DRA. CAVALCANTE,2023-06-10,2026-02-12,190880.00,4ª Vara Trabalhista de Recife,
3318,9992831-61.2022.4.35.1469,687,civil,instrução,em recurso,Dra. Fontes,18/05/22,13/05/2025,,3ª Vara Trabalhista de Recife,
3319,6547287-16.2023.4.15.7491,131,Trabalhista,sentença,suspended,Dr. Barros,17/11/20,2026-04-04,,10ª Vara Cível de Recife,
3320,7553290-31.2023.9.36.9282,1348,Trabalhista,inicial,ativo,Dr. Barros,25/04/2021,27 de setembro de 2025,58909.00,1ª Vara Trabalhista de Recife,
3321,9076234-78.2023.3.90.2702,690,Civil,arquivado,suspended,dr. melo,27/04/2021,04/12/2025,194369.00,18ª Vara Cível de Recife,em negociação
3322,4417916-40.2022.7.26.4278,31,Trabalhista,audiência,Encerrado,Dra. Cavalcante,25/04/2023,04/03/25,,7ª Vara Cível de Recife,
3323,7486029-45.2024.4.25.3159,1200,Trabalhista,acordo extrajudicial,settlement,Dr. Barros,11 de novembro de 2020,,434381.00,7ª Vara Cível de Recife,aguardando documentos
3324,4507711-38.2024.2.34.4732,968,Civil,audiência,encerrado,dr. melo,21/10/24,4 de março de 2025,458857.00,6ª Vara Trabalhista de Recife,
3325,3667022-35.2020.9.76.3115,1418,Trabalhista,inicial,Ativo,Dr. Melo,20/02/21,16/10/2026,,9ª Vara Cível de Recife,em negociação
3326,1311508-84.2020.3.38.8512,781,trabalhista,inicial,suspended,Dr. Melo,13/10/2022,,R$ 411.861,17ª Vara Cível de Recife,
3327,4568537-97.2021.4.82.7633,7,cível,instrução,Encerrado,Dra. Fontes,24/12/20,2026-02-20,218802,9ª Vara Cível de Recife,cliente não responde
3328,7633905-83.2022.9.95.2309,308,cível,acordo extrajudicial,closed,Dra. Cavalcante,28/07/2020,28/05/2025,,7ª Vara Cível de Recife,
3329,3879233-61.2024.5.30.1494,1476,Trabalhista,sentença,em recurso,Dr. Melo,09/04/2021,20/05/25,R$ 84.923,4ª Vara Cível de Recife,
3330,1778149-24.2023.1.86.3557,687,civil,sentença,encerrado,Dra. Cavalcante,5 de dezembro de 2022,2025-06-05,,8ª Vara Cível de Recife,cliente não responde
3331,1621418-87.2020.9.55.9337,1222,TRABALHISTA,sentença,closed,Dra. Cavalcante,19/10/22,23/02/25,R$ 165.552,8ª Vara Trabalhista de Recife,cliente não responde
3332,2895065-46.2022.7.67.1438,1312,cível,execução,ativo,Dra. Cavalcante,2026-03-04,,,1ª Vara Criminal de Recife,
3333,7223110-52.2024.2.44.8994,1299,trabalhista,audiência,active,Dra Fontes,2023-09-19,6 de abril de 2026,R$ 144.419,7ª Vara Trabalhista de Recife,em negociação
3334,1878000-50.2025.7.58.1197,482,Trabalhista,acordo extrajudicial,ativo,dr. melo,04/01/21,2026-05-12,R$ 186.829,10ª Vara Cível de Recife,
3335,8168450-48.2020.2.65.4570,228,civil,instrução,ativo,Dra. Cavalcante,5 de setembro de 2021,31/05/25,424197.00,6ª Vara Cível de Recife,em negociação
3336,7115217-41.2025.1.67.7692,1302,Trabalhista,sentença,Encerrado,Dr. Barros,14/02/24,17 de julho de 2025,253489.00,12ª Vara Trabalhista de Recife,aguardando documentos
3337,2461262-96.2021.6.48.1315,1051,Trabalhista,instrução,settlement,Dra. Fontes,02/03/20,30/09/25,,20ª Vara Criminal de Recife,em negociação
3338,9824532-76.2023.6.37.2040,1410,civil,arquivado,suspended,Dra Fontes,19/08/2025,,273756.00,6ª Vara Cível de Recife,urgente
3339,8588997-88.2020.6.29.5987,1158,civil,arquivado,ATIVO,Dr. Melo,2021-11-26,08/11/25,199126.00,2ª Vara Trabalhista de Recife,cliente não responde
3340,4384627-80.2021.2.13.1061,997,trabalhista,audiência,closed,Dra Fontes,29/04/2022,12/11/26,345996.00,7ª Vara Trabalhista de Recife,em negociação
3341,8655267-17.2025.3.63.4188,632,TRABALHISTA,sentença,settlement,dr. melo,6 de maio de 2021,11/12/25,R$ 391.747,4ª Vara Criminal de Recife,em negociação
3342,8827641-36.2022.5.59.8715,1140,Civil,acordo extrajudicial,ativo,DRA. CAVALCANTE,2 de junho de 2024,23 de junho de 2025,371879,1ª Vara Trabalhista de Recife,cliente não responde
3343,5614769-67.2022.9.87.1001,237,TRABALHISTA,inicial,encerrado,DRA. CAVALCANTE,11/12/23,26/09/25,,2ª Vara Trabalhista de Recife,
3344,1013314-48.2023.4.39.2083,1270,cível,acordo extrajudicial,ATIVO,Dr. Melo,2020-01-07,2 de outubro de 2026,R$ 250.083,19ª Vara Trabalhista de Recife,
3345,4824419-32.2024.5.47.3265,236,cível,recurso,ativo,Dr. Melo,11/05/2022,18 de junho de 2026,355106,9ª Vara Criminal de Recife,urgente
3346,1664676-19.2021.8.64.4616,499,TRABALHISTA,recurso,Encerrado,Dr. Barros,1 de outubro de 2020,12/08/2026,66657.00,8ª Vara Criminal de Recife,
3347,3418432-84.2025.3.59.5858,194,civil,instrução,ATIVO,dr. melo,28 de junho de 2025,12 de outubro de 2025,,11ª Vara Trabalhista de Recife,
3348,7633905-83.2022.9.95.2309,38,Trabalhista,arquivado,encerrado,DRA. CAVALCANTE,23/08/2025,16/07/2026,261916.00,3ª Vara Criminal de Recife,
3349,2909764-51.2025.7.78.2223,1423,cível,acordo extrajudicial,ATIVO,Dra Fontes,20/10/20,2025-04-03,38687.00,19ª Vara Trabalhista de Recife,urgente
3350,8323566-47.2021.3.26.4644,1208,civil,acordo extrajudicial,Encerrado,dr. melo,2025-02-11,2025-07-23,R$ 280.101,12ª Vara Cível de Recife,aguardando documentos
3351,1101935-78.2023.5.88.5299,728,Trabalhista,inicial,acordo,Dr. Melo,02/12/2023,2025-12-05,R$ 62.078,14ª Vara Criminal de Recife,urgente
3352,7065068-16.2021.7.14.6489,235,civil,arquivado,acordo,Dra. Fontes,2022-12-05,,,7ª Vara Cível de Recife,urgente
3353,5545511-73.2023.1.66.9757,251,civil,audiência,ativo,Dra. Fontes,12/09/25,2026-05-03,443950.00,6ª Vara Cível de Recife,aguardando documentos
3354,1445483-93.2023.1.61.7357,400,Trabalhista,recurso,ativo,Dr. Barros,23 de abril de 2020,11 de outubro de 2026,,3ª Vara Cível de Recife,
3355,8157599-64.2024.2.89.5276,103,Civil,audiência,settlement,Dra. Cavalcante,02/06/24,20/05/2025,361186,2ª Vara Cível de Recife,cliente não responde
3356,5422047-80.2024.8.62.4364,1266,TRABALHISTA,sentença,suspended,Dr. Barros,24/07/22,24 de dezembro de 2026,,14ª Vara Criminal de Recife,
3357,9573194-21.2022.1.35.8352,338,cível,acordo extrajudicial,suspended,DRA. CAVALCANTE,11 de abril de 2020,2026-08-28,201603.00,13ª Vara Cível de Recife,urgente
3358,2658962-39.2022.5.95.8856,1412,TRABALHISTA,recurso,encerrado,Dra Fontes,11 de setembro de 2024,17/09/2026,28206,8ª Vara Trabalhista de Recife,urgente
3359,2110878-87.2023.8.83.8978,958,civil,execução,acordo,DRA. CAVALCANTE,24/10/2024,2026-10-03,160959.00,3ª Vara Cível de Recife,aguardando documentos
3360,1869144-23.2023.5.84.3325,366,Civil,execução,encerrado,Dra. Fontes,2021-08-19,31/03/26,,2ª Vara Trabalhista de Recife,urgente
3361,4568537-97.2021.4.82.7633,280,TRABALHISTA,sentença,suspended,Dra. Cavalcante,13 de setembro de 2024,19 de janeiro de 2025,,1ª Vara Criminal de Recife,
3362,7539718-58.2020.2.52.9800,1067,TRABALHISTA,recurso,ativo,Dra Fontes,23 de março de 2022,4 de junho de 2026,328208.00,5ª Vara Cível de Recife,
3363,3510061-32.2020.9.13.4424,1144,Civil,recurso,closed,Dra. Cavalcante,2024-11-08,2026-09-13,56406.00,7ª Vara Criminal de Recife,em negociação
3364,2118934-75.2023.5.97.9563,927,Civil,instrução,ativo,Dra. Fontes,2022-04-30,13/12/26,R$ 282.858,17ª Vara Criminal de Recife,aguardando documentos
3365,5514997-95.2024.1.84.8098,1391,civil,acordo extrajudicial,closed,DRA. CAVALCANTE,10 de agosto de 2023,21/09/2026,401589.00,14ª Vara Criminal de Recife,
3366,7223110-52.2024.2.44.8994,1118,Trabalhista,sentença,closed,Dra. Cavalcante,13/09/2025,11/05/2026,294283.00,3ª Vara Trabalhista de Recife,em negociação
3367,9214397-26.2023.4.18.6844,581,Trabalhista,recurso,ativo,Dra. Fontes,25/10/23,11/03/2026,25549,7ª Vara Cível de Recife,aguardando documentos
3368,5967836-10.2021.4.35.9671,276,TRABALHISTA,arquivado,encerrado,Dra. Cavalcante,18/10/2025,23/07/2025,,20ª Vara Criminal de Recife,
3369,8286382-50.2025.4.53.4414,1276,Trabalhista,execução,suspenso,Dra Fontes,2024-02-27,07/09/26,,13ª Vara Criminal de Recife,
3370,5753123-52.2021.4.48.4042,825,cível,execução,suspenso,Dr. Melo,30/04/2021,07/10/26,R$ 386.848,8ª Vara Cível de Recife,
3371,7813974-60.2021.1.81.1542,56,TRABALHISTA,arquivado,em recurso,Dr. Barros,2020-06-09,,460059.00,18ª Vara Trabalhista de Recife,cliente não responde
3372,2019436-32.2020.6.16.9856,165,TRABALHISTA,recurso,ativo,Dra Fontes,2020-10-31,11 de setembro de 2025,R$ 452.771,3ª Vara Cível de Recife,cliente não responde
3373,8886588-26.2020.9.65.6361,1459,cível,audiência,ativo,dr. melo,2025-03-18,2025-04-17,,1ª Vara Criminal de Recife,
3374,8323566-47.2021.3.26.4644,411,cível,instrução,settlement,Dra. Cavalcante,27 de março de 2020,2025-01-21,435239,15ª Vara Cível de Recife,urgente
3375,9686751-57.2022.7.62.3494,1239,cível,recurso,Ativo,dr. melo,04/05/24,16 de junho de 2025,R$ 299.283,7ª Vara Trabalhista de Recife,aguardando documentos
3376,1676369-34.2022.3.47.6087,293,cível,acordo extrajudicial,ativo,DRA. CAVALCANTE,08/04/2024,2025-06-22,,8ª Vara Criminal de Recife,
3377,6416661-36.2021.8.21.8496,293,cível,audiência,settlement,DRA. CAVALCANTE,24 de dezembro de 2021,5 de fevereiro de 2026,424142.00,7ª Vara Trabalhista de Recife,em negociação
3378,4687348-31.2023.1.92.6907,292,civil,execução,suspenso,DRA. CAVALCANTE,17/01/21,2025-06-26,,8ª Vara Cível de Recife,cliente não responde
3379,1411065-96.2022.9.64.8271,1271,Trabalhista,inicial,Ativo,Dr. Melo,08/08/2024,18/03/2025,R$ 22.905,3ª Vara Cível de Recife,
3380,5144296-22.2022.4.87.9648,281,cível,acordo extrajudicial,ATIVO,dr. melo,17 de setembro de 2021,17/04/26,R$ 154.506,19ª Vara Criminal de Recife,
3381,4507711-38.2024.2.34.4732,264,Civil,instrução,suspended,Dr. Melo,07/06/22,24/04/2026,370246.00,3ª Vara Trabalhista de Recife,em negociação
3382,7082985-88.2022.2.94.6058,47,trabalhista,inicial,ATIVO,Dra. Cavalcante,24/12/2022,05/01/25,,4ª Vara Cível de Recife,cliente não responde
3383,6038940-61.2024.4.64.6408,595,Trabalhista,instrução,encerrado,Dr. Barros,17 de março de 2023,2025-09-30,R$ 37.667,17ª Vara Cível de Recife,em negociação
3384,9168044-67.2022.1.26.3054,627,TRABALHISTA,execução,ATIVO,DRA. CAVALCANTE,24/01/24,20/11/25,70831,1ª Vara Trabalhista de Recife,em negociação
3385,5401874-62.2025.2.46.8337,302,civil,inicial,acordo,Dra. Cavalcante,2025-10-28,31/03/25,R$ 441.108,20ª Vara Criminal de Recife,cliente não responde
3386,4417916-40.2022.7.26.4278,593,TRABALHISTA,acordo extrajudicial,ativo,Dr. Barros,15 de outubro de 2021,2025-10-29,380456,6ª Vara Trabalhista de Recife,
3387,7515318-25.2024.4.34.6280,1064,Civil,inicial,ATIVO,Dr. Melo,2021-09-25,1 de fevereiro de 2025,,18ª Vara Trabalhista de Recife,urgente
3388,1272937-41.2023.5.75.9958,1174,cível,inicial,suspenso,DRA. CAVALCANTE,06/01/23,,R$ 339.911,4ª Vara Cível de Recife,
3389,1099617-37.2023.9.61.1793,1471,civil,inicial,ativo,Dra. Fontes,27/03/21,2025-09-08,,19ª Vara Trabalhista de Recife,urgente
3390,2675642-32.2022.8.65.5499,1087,TRABALHISTA,execução,Encerrado,Dra. Fontes,2025-09-28,2025-12-31,R$ 430.858,3ª Vara Criminal de Recife,
3391,8220628-15.2021.8.54.9077,395,civil,arquivado,Encerrado,DRA. CAVALCANTE,14/08/20,1 de setembro de 2025,371410,13ª Vara Criminal de Recife,
3392,9302979-43.2025.9.68.7487,282,Trabalhista,inicial,encerrado,Dra. Cavalcante,2024-08-07,23/09/2026,114454.00,6ª Vara Trabalhista de Recife,em negociação
3393,3754895-37.2021.6.18.8502,184,civil,instrução,Ativo,Dra Fontes,2020-05-15,24/11/26,,18ª Vara Criminal de Recife,aguardando documentos
3394,1633270-27.2024.2.52.7034,311,cível,inicial,suspenso,dr. melo,25 de setembro de 2020,20 de setembro de 2025,484837,8ª Vara Trabalhista de Recife,aguardando documentos
3395,1098476-20.2021.1.47.3336,681,civil,recurso,acordo,Dr. Barros,2021-03-04,13 de junho de 2025,,4ª Vara Trabalhista de Recife,
3396,8590346-68.2020.7.63.7780,1341,Trabalhista,audiência,ativo,Dr. Melo,6 de abril de 2020,28 de dezembro de 2026,154535.00,20ª Vara Criminal de Recife,cliente não responde
3397,8936104-83.2022.1.39.7934,113,Trabalhista,inicial,em recurso,Dra. Fontes,2022-09-13,29 de agosto de 2025,341091.00,1ª Vara Criminal de Recife,
3398,7862554-22.2024.7.83.6459,184,civil,execução,ativo,dr. melo,16 de agosto de 2023,13/03/2025,64803.00,4ª Vara Trabalhista de Recife,aguardando documentos
3399,5159882-37.2022.9.71.7550,1454,trabalhista,instrução,Ativo,Dr. Barros,21/08/2020,29 de janeiro de 2025,,6ª Vara Trabalhista de Recife,cliente não responde
3400,1445483-93.2023.1.61.7357,1274,trabalhista,instrução,closed,Dra Fontes,09/04/2025,11 de junho de 2025,,2ª Vara Trabalhista de Recife,cliente não responde
3401,8157599-64.2024.2.89.5276,1030,civil,arquivado,settlement,Dr. Barros,15 de agosto de 2022,,71439,15ª Vara Trabalhista de Recife,cliente não responde
3402,4229107-99.2020.7.61.3978,1106,cível,audiência,ativo,Dr. Melo,16/05/2023,06/05/2025,397677.00,12ª Vara Cível de Recife,
3403,5116418-16.2025.3.98.2234,1308,trabalhista,sentença,Ativo,dr. melo,4 de outubro de 2024,9 de setembro de 2026,,17ª Vara Trabalhista de Recife,aguardando documentos
3404,3260101-88.2022.8.37.9169,21,TRABALHISTA,instrução,active,Dr. Barros,27/06/24,13/01/25,,2ª Vara Trabalhista de Recife,aguardando documentos
3405,7320713-89.2022.3.68.7881,88,cível,execução,em recurso,Dra. Fontes,23 de janeiro de 2021,,198786,16ª Vara Cível de Recife,
3406,1742202-63.2023.6.68.9372,456,Trabalhista,execução,ativo,Dra Fontes,2020-03-23,14/09/25,374827,5ª Vara Cível de Recife,
3407,1931030-34.2024.8.48.5319,91,trabalhista,recurso,suspenso,Dra. Fontes,24/11/23,10/09/25,108991,16ª Vara Cível de Recife,cliente não responde
3408,8714773-70.2022.9.65.8541,1131,trabalhista,arquivado,encerrado,Dra. Cavalcante,07/07/23,21 de dezembro de 2026,49673,19ª Vara Trabalhista de Recife,
3409,6370110-64.2022.3.52.8440,790,civil,arquivado,ativo,Dra Fontes,2024-08-06,2025-04-03,,9ª Vara Criminal de Recife,
3410,2341370-92.2024.9.60.8122,1215,Civil,audiência,ativo,Dra. Cavalcante,27 de junho de 2025,12/02/2025,,8ª Vara Trabalhista de Recife,
3411,5112941-62.2021.1.89.5887,475,civil,sentença,active,Dra Fontes,2021-01-05,22/09/26,R$ 295.431,18ª Vara Trabalhista de Recife,aguardando documentos
3412,2545435-52.2025.3.59.7623,1435,cível,execução,Encerrado,Dra. Fontes,27/07/23,14/03/2026,437694.00,4ª Vara Cível de Recife,aguardando documentos
3413,1754781-28.2025.6.89.2162,351,TRABALHISTA,recurso,suspended,Dr. Barros,01/04/2024,2026-06-08,,11ª Vara Cível de Recife,
3414,2545435-52.2025.3.59.7623,620,Civil,arquivado,suspenso,Dr. Barros,26 de março de 2025,2025-03-20,52756,19ª Vara Trabalhista de Recife,
3415,8306601-19.2020.3.50.7457,612,civil,instrução,ativo,Dr. Barros,27/03/2025,24 de maio de 2026,138258,14ª Vara Cível de Recife,aguardando documentos
3416,9970343-38.2020.5.18.4483,108,civil,arquivado,ativo,Dra. Fontes,9 de julho de 2023,,111019,13ª Vara Criminal de Recife,
3417,3168718-77.2025.2.92.8027,830,Trabalhista,sentença,settlement,Dra Fontes,2023-09-21,31 de dezembro de 2025,R$ 430.316,17ª Vara Criminal de Recife,aguardando documentos
3418,6404948-40.2021.7.68.7161,427,Civil,execução,Ativo,Dra. Cavalcante,29 de setembro de 2022,,R$ 307.006,15ª Vara Cível de Recife,urgente
3419,2519059-58.2022.7.86.4385,305,civil,recurso,Ativo,DRA. CAVALCANTE,08/01/21,,344234.00,11ª Vara Cível de Recife,
3420,7916680-90.2022.1.67.1785,75,Civil,execução,suspended,Dr. Melo,11/01/25,19 de dezembro de 2026,R$ 249.182,19ª Vara Trabalhista de Recife,
3421,4494463-44.2022.5.80.7542,1040,TRABALHISTA,acordo extrajudicial,acordo,Dra. Cavalcante,6 de setembro de 2021,30/04/2026,R$ 324.605,6ª Vara Trabalhista de Recife,
3422,9992831-61.2022.4.35.1469,1106,cível,recurso,encerrado,Dra. Fontes,16 de agosto de 2022,10/03/26,,3ª Vara Cível de Recife,
3423,8539686-69.2023.4.36.2235,269,civil,sentença,suspenso,Dr. Barros,2024-12-22,12 de abril de 2025,354387.00,18ª Vara Cível de Recife,aguardando documentos
3424,7948577-74.2025.1.60.7583,1487,Trabalhista,acordo extrajudicial,Ativo,Dra. Cavalcante,2022-01-14,2025-10-05,,12ª Vara Trabalhista de Recife,
3425,2753004-76.2021.8.83.9874,284,Trabalhista,execução,Ativo,Dr. Barros,2020-03-26,31/01/2026,R$ 166.093,20ª Vara Cível de Recife,
3426,2895065-46.2022.7.67.1438,1126,civil,audiência,Ativo,Dra. Cavalcante,2025-08-07,26/05/26,,5ª Vara Criminal de Recife,aguardando documentos
3427,9252661-70.2020.1.46.1185,332,civil,recurso,Ativo,DRA. CAVALCANTE,2025-09-15,15/07/2025,144326,2ª Vara Criminal de Recife,
3428,9798556-59.2021.3.62.3110,1073,Civil,arquivado,acordo,dr. melo,3 de outubro de 2021,15/02/25,,6ª Vara Trabalhista de Recife,
3429,3418432-84.2025.3.59.5858,179,Trabalhista,instrução,appeal,Dr. Barros,16 de março de 2021,2025-02-04,121399.00,9ª Vara Cível de Recife,aguardando documentos
3430,8539686-69.2023.4.36.2235,1322,trabalhista,recurso,ativo,Dr. Melo,10 de julho de 2021,6 de novembro de 2026,171395,15ª Vara Cível de Recife,cliente não responde
3431,3542616-60.2022.3.87.6536,899,civil,acordo extrajudicial,Encerrado,Dr. Melo,2021-07-18,25 de abril de 2026,,5ª Vara Trabalhista de Recife,urgente
3432,4721085-96.2020.6.92.9645,754,civil,inicial,encerrado,DRA. CAVALCANTE,10 de julho de 2021,2025-04-08,R$ 413.230,17ª Vara Cível de Recife,
3433,6779292-61.2021.4.86.2783,134,civil,execução,ativo,Dr. Barros,2023-12-17,2026-01-15,,10ª Vara Trabalhista de Recife,
3434,5124342-11.2025.5.50.6107,270,cível,acordo extrajudicial,suspended,Dra. Fontes,29/11/2021,21/07/2025,R$ 115.122,10ª Vara Trabalhista de Recife,aguardando documentos
3435,5289264-48.2020.4.41.6347,20,civil,audiência,ativo,dr. melo,2022-06-06,8 de outubro de 2025,,17ª Vara Cível de Recife,urgente
3436,1676369-34.2022.3.47.6087,992,Civil,recurso,suspended,Dra. Fontes,10/12/22,21/06/2025,420625,8ª Vara Trabalhista de Recife,urgente
3437,9319285-35.2025.3.19.9131,1307,Civil,execução,suspenso,DRA. CAVALCANTE,2 de abril de 2026,16 de junho de 2025,,19ª Vara Trabalhista de Recife,
3438,7640585-40.2023.1.57.1721,51,cível,instrução,ativo,Dra Fontes,05/08/2020,14/08/25,R$ 62.440,17ª Vara Cível de Recife,cliente não responde
3439,6836135-90.2022.9.37.5643,567,Trabalhista,audiência,Encerrado,dr. melo,23 de junho de 2024,28/01/26,222393.00,14ª Vara Criminal de Recife,
3440,2191287-57.2021.1.18.8228,641,trabalhista,arquivado,encerrado,Dr. Melo,3 de abril de 2021,25 de maio de 2025,278542,20ª Vara Criminal de Recife,
3441,5631823-61.2020.5.47.1440,612,cível,execução,encerrado,dr. melo,10/11/21,24/11/26,172603.00,16ª Vara Trabalhista de Recife,
3442,1664676-19.2021.8.64.4616,606,Civil,execução,encerrado,Dra Fontes,16/01/2023,16/12/2025,317666,18ª Vara Criminal de Recife,
3443,9060164-41.2020.5.36.2381,1152,TRABALHISTA,instrução,ativo,Dra. Cavalcante,05/04/24,27/12/2025,370265.00,20ª Vara Cível de Recife,em negociação
3444,2480014-80.2024.2.29.9847,904,cível,audiência,ativo,Dra. Cavalcante,20/03/2025,31/01/2025,269475.00,5ª Vara Trabalhista de Recife,em negociação
3445,2997279-67.2024.9.84.1441,1492,trabalhista,inicial,suspenso,dr. melo,30/08/22,27/05/26,,6ª Vara Cível de Recife,aguardando documentos
3446,6003915-30.2025.6.37.7681,760,civil,arquivado,Ativo,DRA. CAVALCANTE,2022-01-30,2025-11-02,320238,2ª Vara Trabalhista de Recife,
3447,7916680-90.2022.1.67.1785,195,civil,sentença,Encerrado,dr. melo,2024-08-23,22/05/26,,19ª Vara Criminal de Recife,
3448,8735892-74.2025.8.18.9411,1286,cível,acordo extrajudicial,ATIVO,DRA. CAVALCANTE,09/08/24,15/01/2026,,20ª Vara Criminal de Recife,urgente
3449,8209168-30.2020.1.41.7632,1457,Trabalhista,instrução,em recurso,Dr. Barros,22 de dezembro de 2025,03/10/2026,152010,12ª Vara Cível de Recife,aguardando documentos
3450,3464073-25.2022.8.73.5075,1439,Civil,audiência,em recurso,Dr. Melo,15/02/26,21 de fevereiro de 2025,290604.00,9ª Vara Cível de Recife,urgente
3451,1093623-59.2025.7.92.5441,290,Civil,instrução,acordo,Dr. Barros,2021-01-16,22/08/25,241263,14ª Vara Criminal de Recife,em negociação
3452,2545435-52.2025.3.59.7623,632,civil,inicial,ATIVO,Dra Fontes,29/09/2020,19/12/26,175034,9ª Vara Trabalhista de Recife,cliente não responde
3453,8678370-92.2025.7.35.9962,52,TRABALHISTA,inicial,ATIVO,Dra. Cavalcante,02/11/24,06/06/2026,64398.00,3ª Vara Cível de Recife,
3454,2112478-55.2024.2.51.9095,1037,Trabalhista,execução,ativo,Dr. Melo,27/05/2024,,R$ 28.267,4ª Vara Cível de Recife,aguardando documentos
3455,6944389-98.2023.1.72.8245,1029,Civil,arquivado,Ativo,Dr. Barros,2020-12-14,2026-06-13,72063.00,12ª Vara Criminal de Recife,
3456,8415891-60.2021.6.92.5554,902,TRABALHISTA,execução,encerrado,Dr. Melo,05/07/20,2025-04-23,420570.00,19ª Vara Trabalhista de Recife,
3457,8539686-69.2023.4.36.2235,535,civil,audiência,active,Dra. Fontes,04/04/21,2026-07-22,206496,15ª Vara Criminal de Recife,cliente não responde
3458,5755257-93.2020.8.44.2882,930,TRABALHISTA,instrução,suspenso,Dra. Cavalcante,17 de julho de 2024,09/12/2026,,7ª Vara Cível de Recife,urgente
3459,7820540-78.2023.1.75.4823,458,cível,acordo extrajudicial,encerrado,Dr. Barros,24/08/25,16 de abril de 2026,158492,17ª Vara Trabalhista de Recife,
3460,9822459-92.2024.8.17.6403,882,TRABALHISTA,audiência,suspended,Dra. Fontes,06/12/24,31/10/25,438410,4ª Vara Trabalhista de Recife,aguardando documentos
3461,1931030-34.2024.8.48.5319,409,Civil,instrução,closed,Dr. Barros,15 de junho de 2023,2026-11-03,R$ 458.906,2ª Vara Trabalhista de Recife,
3462,7515318-25.2024.4.34.6280,571,trabalhista,execução,ativo,Dra Fontes,2021-01-17,27/06/25,392514,1ª Vara Criminal de Recife,cliente não responde
3463,6368709-92.2024.7.99.9426,1249,Trabalhista,sentença,ativo,dr. melo,25 de abril de 2024,24 de novembro de 2026,,7ª Vara Trabalhista de Recife,cliente não responde
3464,2824928-33.2020.1.90.6467,742,cível,sentença,suspenso,DRA. CAVALCANTE,12/07/2023,2025-01-08,55043.00,8ª Vara Criminal de Recife,
3465,4768255-51.2022.4.94.5695,989,cível,audiência,Encerrado,DRA. CAVALCANTE,14/07/2024,10/06/2025,254694.00,6ª Vara Criminal de Recife,
3466,8655267-17.2025.3.63.4188,656,cível,recurso,em recurso,Dr. Melo,11/08/20,6 de maio de 2025,427130.00,19ª Vara Cível de Recife,em negociação
3467,3754895-37.2021.6.18.8502,1271,TRABALHISTA,execução,active,Dra. Fontes,05/01/2020,18 de abril de 2026,R$ 359.691,2ª Vara Criminal de Recife,aguardando documentos
3468,7599278-46.2021.4.96.3535,1196,civil,inicial,em recurso,Dr. Barros,24/09/25,2026-06-05,R$ 132.783,3ª Vara Criminal de Recife,cliente não responde
3469,9666878-83.2023.6.29.9905,1051,trabalhista,execução,encerrado,Dra Fontes,13/12/2021,2026-09-13,,7ª Vara Trabalhista de Recife,
3470,2186433-37.2022.2.12.4344,234,cível,audiência,ATIVO,Dr. Barros,17/01/24,01/09/2026,36590,16ª Vara Trabalhista de Recife,
3471,1273300-90.2024.2.80.7378,254,trabalhista,recurso,ativo,DRA. CAVALCANTE,2021-03-31,30/09/2025,R$ 115.067,2ª Vara Criminal de Recife,
3472,2753004-76.2021.8.83.9874,1462,Civil,sentença,ativo,Dra. Cavalcante,26/03/26,2026-11-08,468508.00,9ª Vara Cível de Recife,
3473,9057219-99.2020.9.96.3254,171,Trabalhista,sentença,encerrado,Dr. Melo,13 de julho de 2025,2026-05-12,,5ª Vara Criminal de Recife,em negociação
3474,1237577-83.2022.8.91.4649,1042,TRABALHISTA,inicial,suspenso,DRA. CAVALCANTE,2020-07-13,29/07/2025,200585,14ª Vara Trabalhista de Recife,
3475,4134515-43.2021.8.70.4879,466,TRABALHISTA,recurso,Encerrado,Dra. Cavalcante,25/08/21,26/08/26,184100,6ª Vara Cível de Recife,
3476,8125196-18.2023.1.53.1215,1285,civil,instrução,appeal,DRA. CAVALCANTE,2020-05-23,06/04/25,,6ª Vara Criminal de Recife,
3477,2884639-86.2023.2.31.8737,1143,cível,inicial,closed,Dra Fontes,18/10/2025,08/12/2025,30828.00,8ª Vara Cível de Recife,
3478,6053412-12.2021.6.72.8346,818,cível,inicial,ativo,Dr. Barros,22 de fevereiro de 2022,10 de outubro de 2025,93395.00,5ª Vara Criminal de Recife,aguardando documentos
3479,4085001-92.2022.6.76.8938,964,Trabalhista,execução,appeal,dr. melo,25/10/2024,14/09/2026,R$ 30.116,19ª Vara Cível de Recife,urgente
3480,6105303-92.2021.4.39.3868,1498,Civil,arquivado,active,dr. melo,2020-01-09,,466581,7ª Vara Trabalhista de Recife,aguardando documentos
3481,4452862-76.2021.3.27.3238,1471,civil,acordo extrajudicial,suspended,Dr. Barros,11/05/2022,25/02/25,,11ª Vara Trabalhista de Recife,em negociação
3482,4084503-92.2025.8.90.5515,219,Civil,inicial,settlement,Dra. Fontes,2021-02-06,10 de março de 2025,418556.00,3ª Vara Cível de Recife,urgente
3483,4568537-97.2021.4.82.7633,503,trabalhista,execução,Ativo,DRA. CAVALCANTE,17/11/21,14/03/26,256111,18ª Vara Trabalhista de Recife,aguardando documentos
3484,7848147-32.2021.6.58.3528,257,TRABALHISTA,sentença,suspended,dr. melo,4 de junho de 2023,03/10/25,270919,11ª Vara Criminal de Recife,em negociação
3485,4681694-71.2021.9.28.7350,693,Trabalhista,recurso,acordo,Dra Fontes,2026-03-08,05/09/2025,,10ª Vara Cível de Recife,urgente
3486,7722274-26.2024.9.14.7062,1056,civil,inicial,encerrado,DRA. CAVALCANTE,13 de janeiro de 2025,2026-06-29,80989.00,4ª Vara Cível de Recife,
3487,5316105-58.2020.3.22.3571,952,trabalhista,instrução,Ativo,Dr. Melo,12/07/23,28/02/25,391381.00,8ª Vara Criminal de Recife,em negociação
3488,8816646-78.2020.7.70.9224,300,Trabalhista,acordo extrajudicial,ativo,Dr. Barros,2021-05-26,11/05/25,R$ 9.207,5ª Vara Trabalhista de Recife,
3489,4721085-96.2020.6.92.9645,85,Civil,inicial,Ativo,Dra. Cavalcante,11 de setembro de 2025,2025-10-29,,13ª Vara Trabalhista de Recife,
3490,2660213-63.2022.6.50.8366,511,Trabalhista,instrução,appeal,Dra. Fontes,08/04/2022,2026-03-02,248998,10ª Vara Cível de Recife,cliente não responde
3491,2411026-52.2022.6.26.7373,756,TRABALHISTA,acordo extrajudicial,closed,Dr. Barros,2025-03-28,05/06/2025,,9ª Vara Criminal de Recife,em negociação
3492,2675642-32.2022.8.65.5499,179,Civil,execução,ativo,Dr. Barros,2026-02-20,2026-05-31,312324,2ª Vara Trabalhista de Recife,
3493,2118934-75.2023.5.97.9563,39,Trabalhista,execução,acordo,Dr. Barros,2025-12-20,18 de novembro de 2026,171744.00,16ª Vara Trabalhista de Recife,
3494,7245951-43.2021.4.11.7623,230,Civil,arquivado,encerrado,Dra. Cavalcante,20/02/25,2025-04-16,R$ 99.506,19ª Vara Trabalhista de Recife,urgente
3495,2231929-89.2024.6.41.5461,608,Civil,instrução,encerrado,Dra. Fontes,16/05/25,29/10/2025,,13ª Vara Cível de Recife,em negociação
3496,3542799-64.2025.6.13.7299,222,TRABALHISTA,execução,Ativo,DRA. CAVALCANTE,2021-03-04,22 de setembro de 2026,R$ 401.086,9ª Vara Cível de Recife,cliente não responde
3497,8381610-96.2020.6.26.2533,347,cível,arquivado,active,Dra Fontes,2021-05-27,12/09/25,R$ 150.406,4ª Vara Cível de Recife,cliente não responde
3498,5614769-67.2022.9.87.1001,1456,cível,acordo extrajudicial,ativo,Dra Fontes,14/06/22,5 de agosto de 2026,R$ 417.314,16ª Vara Trabalhista de Recife,aguardando documentos
3499,5732779-86.2025.4.28.7831,1270,Civil,recurso,appeal,dr. melo,15/09/21,14/02/2025,329207,3ª Vara Trabalhista de Recife,urgente
3500,8125196-18.2023.1.53.1215,48,TRABALHISTA,audiência,closed,Dra. Cavalcante,2023-03-05,23/08/26,33350,13ª Vara Cível de Recife,
3501,7820540-78.2023.1.75.4823,1374,TRABALHISTA,sentença,ativo,Dr. Barros,7 de novembro de 2024,18/10/2025,454980,9ª Vara Trabalhista de Recife,
3502,9057960-29.2025.5.10.6072,138,TRABALHISTA,execução,Ativo,Dr. Barros,11 de janeiro de 2026,26 de janeiro de 2026,R$ 226.347,20ª Vara Cível de Recife,
3503,7840442-26.2025.9.53.5093,904,civil,arquivado,ativo,dr. melo,04/08/2024,12/12/26,,5ª Vara Trabalhista de Recife,urgente
3504,1833330-93.2025.8.61.3405,401,Civil,inicial,ativo,Dr. Barros,05/06/2024,27/01/2025,,13ª Vara Trabalhista de Recife,aguardando documentos
3505,4893809-11.2021.7.19.9759,651,cível,inicial,settlement,Dra. Cavalcante,23/10/21,31/03/2025,19928.00,11ª Vara Criminal de Recife,
3506,1411065-96.2022.9.64.8271,1003,cível,recurso,em recurso,Dra. Fontes,09/02/25,,R$ 436.094,14ª Vara Cível de Recife,
3507,6368709-92.2024.7.99.9426,964,trabalhista,instrução,active,Dr. Barros,22 de junho de 2022,2 de junho de 2026,,12ª Vara Criminal de Recife,
3508,5050722-10.2024.8.29.4298,545,TRABALHISTA,acordo extrajudicial,appeal,Dra Fontes,12 de outubro de 2023,2025-11-08,246381.00,17ª Vara Trabalhista de Recife,cliente não responde
3509,9992831-61.2022.4.35.1469,1430,cível,arquivado,Ativo,Dr. Barros,11/06/22,14/11/25,169159.00,7ª Vara Trabalhista de Recife,
3510,5901155-82.2023.2.89.7717,1317,cível,execução,acordo,Dr. Melo,2023-10-09,09/03/25,,13ª Vara Criminal de Recife,cliente não responde
3511,8368372-34.2020.6.43.9691,720,TRABALHISTA,recurso,settlement,Dra. Cavalcante,14/07/2025,10 de maio de 2025,313715,17ª Vara Cível de Recife,em negociação
3512,2118934-75.2023.5.97.9563,1469,trabalhista,acordo extrajudicial,ativo,dr. melo,25/06/22,09/07/25,,4ª Vara Trabalhista de Recife,aguardando documentos
3513,6101036-60.2022.7.49.3295,1013,TRABALHISTA,inicial,ativo,dr. melo,22 de agosto de 2020,30 de junho de 2026,388358.00,8ª Vara Cível de Recife,aguardando documentos
3514,2824928-33.2020.1.90.6467,737,Civil,sentença,active,Dra Fontes,18/10/23,5 de dezembro de 2026,R$ 288.424,2ª Vara Criminal de Recife,
3515,9110060-16.2025.2.29.4716,1372,Trabalhista,acordo extrajudicial,ativo,Dr. Barros,02/04/2023,8 de fevereiro de 2025,,9ª Vara Trabalhista de Recife,aguardando documentos
3516,3464073-25.2022.8.73.5075,1322,Trabalhista,acordo extrajudicial,ativo,Dr. Melo,20/02/22,4 de junho de 2025,,7ª Vara Cível de Recife,cliente não responde
3517,2461262-96.2021.6.48.1315,734,civil,execução,active,Dr. Melo,10/06/22,4 de setembro de 2026,261378,12ª Vara Trabalhista de Recife,cliente não responde
3518,9425559-65.2022.6.99.1309,383,trabalhista,arquivado,suspended,Dra. Fontes,2020-02-04,18/12/26,,6ª Vara Cível de Recife,em negociação
3519,4563779-48.2023.2.87.9606,266,cível,instrução,ATIVO,Dr. Barros,2025-01-23,05/06/26,289900.00,14ª Vara Trabalhista de Recife,aguardando documentos
3520,7274275-74.2020.1.22.9780,1500,Trabalhista,instrução,ativo,dr. melo,2022-01-21,11 de novembro de 2025,227962.00,10ª Vara Trabalhista de Recife,aguardando documentos
3521,4452862-76.2021.3.27.3238,1493,civil,recurso,settlement,dr. melo,20/06/20,2025-10-31,,16ª Vara Criminal de Recife,
3522,2411026-52.2022.6.26.7373,635,civil,instrução,encerrado,Dr. Barros,10 de julho de 2022,28/11/2026,194071.00,4ª Vara Cível de Recife,
3523,7892487-80.2022.9.64.5036,1030,trabalhista,audiência,ativo,Dra Fontes,2021-10-15,17/05/25,223362,12ª Vara Criminal de Recife,
3524,3541821-31.2021.8.96.1927,165,civil,sentença,ativo,Dra. Cavalcante,8 de agosto de 2021,,R$ 237.670,3ª Vara Cível de Recife,
3525,5239450-56.2022.7.99.2371,1116,civil,instrução,active,Dr. Melo,30/09/2023,03/11/2025,137486,7ª Vara Cível de Recife,
3526,9498791-62.2022.6.73.9564,909,Civil,acordo extrajudicial,ativo,Dra Fontes,05/04/22,01/10/2025,,14ª Vara Cível de Recife,cliente não responde
3527,1101935-78.2023.5.88.5299,1280,cível,arquivado,acordo,dr. melo,23/11/20,25/07/2026,R$ 83.010,7ª Vara Trabalhista de Recife,urgente
3528,4064382-39.2022.4.13.8937,213,cível,instrução,encerrado,Dra. Fontes,22 de março de 2026,18/12/2025,169214.00,6ª Vara Criminal de Recife,
3529,1735592-50.2022.9.87.5612,1025,cível,sentença,Encerrado,Dra. Cavalcante,06/08/20,2025-03-14,R$ 390.898,2ª Vara Trabalhista de Recife,em negociação
3530,8827641-36.2022.5.59.8715,1139,trabalhista,execução,appeal,Dra. Cavalcante,2023-02-02,8 de novembro de 2026,,3ª Vara Trabalhista de Recife,urgente
3531,9110060-16.2025.2.29.4716,1000,Civil,instrução,ativo,Dra. Cavalcante,28/01/2024,24 de dezembro de 2026,R$ 109.426,18ª Vara Cível de Recife,em negociação
3532,3376786-12.2020.7.64.5093,222,Civil,execução,suspenso,Dr. Barros,11 de novembro de 2025,24/07/2026,287414.00,2ª Vara Trabalhista de Recife,urgente
3533,6547287-16.2023.4.15.7491,45,cível,sentença,appeal,Dr. Barros,2022-01-08,04/05/2025,R$ 188.680,9ª Vara Criminal de Recife,em negociação
3534,9774395-92.2023.2.75.3192,625,TRABALHISTA,recurso,closed,Dra. Cavalcante,27/05/21,16/06/25,52448.00,2ª Vara Trabalhista de Recife,
3535,4180949-86.2020.3.26.7593,1217,Trabalhista,recurso,ativo,Dra Fontes,18/06/21,,468847.00,19ª Vara Criminal de Recife,aguardando documentos
3536,1237577-83.2022.8.91.4649,78,TRABALHISTA,execução,em recurso,dr. melo,10/03/24,21 de fevereiro de 2026,232464.00,4ª Vara Criminal de Recife,
3537,1887163-62.2025.9.93.1037,206,cível,sentença,suspended,Dra. Fontes,28/12/2021,23/08/26,413539.00,2ª Vara Trabalhista de Recife,
3538,8415891-60.2021.6.92.5554,877,civil,arquivado,ativo,DRA. CAVALCANTE,14/07/2024,30/06/26,280882.00,19ª Vara Criminal de Recife,em negociação
3539,3542799-64.2025.6.13.7299,1226,trabalhista,sentença,encerrado,dr. melo,13 de julho de 2020,05/01/2026,,7ª Vara Cível de Recife,
3540,6416661-36.2021.8.21.8496,312,Trabalhista,sentença,ATIVO,Dra Fontes,15/06/21,28 de julho de 2025,88814,18ª Vara Cível de Recife,
3541,6476769-27.2021.5.22.2570,878,Civil,inicial,ativo,Dr. Barros,2021-03-20,9 de janeiro de 2025,R$ 209.839,17ª Vara Trabalhista de Recife,
3542,9898363-27.2020.4.89.2966,606,trabalhista,sentença,ATIVO,Dr. Barros,2023-05-23,15/01/2026,217048,20ª Vara Trabalhista de Recife,
3543,6011987-71.2020.8.10.4396,210,cível,arquivado,ativo,Dr. Barros,02/05/23,23/06/25,493491,8ª Vara Criminal de Recife,em negociação
3544,2191287-57.2021.1.18.8228,710,Civil,sentença,em recurso,DRA. CAVALCANTE,29/04/2022,22/06/26,158648.00,3ª Vara Cível de Recife,cliente não responde
3545,2753004-76.2021.8.83.9874,711,Trabalhista,sentença,ativo,dr. melo,2021-12-01,10/09/25,,17ª Vara Criminal de Recife,cliente não responde
3546,1742202-63.2023.6.68.9372,1235,TRABALHISTA,instrução,em recurso,DRA. CAVALCANTE,1 de dezembro de 2023,11/10/25,123490,13ª Vara Cível de Recife,aguardando documentos
3547,7951127-89.2024.1.63.3502,396,Civil,acordo extrajudicial,Encerrado,Dra. Cavalcante,06/06/2024,12/11/26,240457,6ª Vara Cível de Recife,
3548,3542616-60.2022.3.87.6536,267,cível,arquivado,ATIVO,Dr. Barros,07/03/2022,30/06/2025,,19ª Vara Cível de Recife,
3549,4601686-30.2021.5.52.7745,892,Trabalhista,instrução,ativo,Dra Fontes,25/04/2025,2025-05-20,R$ 262.296,6ª Vara Criminal de Recife,urgente
3550,8530609-10.2021.5.41.7151,1364,civil,recurso,ATIVO,Dra. Fontes,2021-08-20,10/02/2025,,16ª Vara Trabalhista de Recife,em negociação
3551,5124342-11.2025.5.50.6107,987,trabalhista,arquivado,settlement,Dr. Melo,15/07/2020,,84570,13ª Vara Criminal de Recife,
3552,1878000-50.2025.7.58.1197,1324,cível,sentença,ativo,Dr. Barros,14/11/22,2025-09-04,334550,17ª Vara Trabalhista de Recife,cliente não responde
3553,1273300-90.2024.2.80.7378,231,trabalhista,recurso,ATIVO,Dr. Melo,29 de janeiro de 2021,21/04/26,360391.00,3ª Vara Trabalhista de Recife,
3554,9885734-21.2023.9.74.3450,503,Trabalhista,arquivado,appeal,Dr. Barros,11 de março de 2023,2026-06-11,325820,10ª Vara Trabalhista de Recife,
3555,5991409-16.2021.8.44.1303,752,Trabalhista,audiência,appeal,Dr. Barros,2024-02-17,06/01/25,R$ 98.089,11ª Vara Cível de Recife,urgente
3556,7486029-45.2024.4.25.3159,1197,trabalhista,arquivado,closed,Dr. Melo,30/01/26,20/08/2025,R$ 100.629,2ª Vara Cível de Recife,
3557,4314934-26.2021.7.14.7244,395,cível,acordo extrajudicial,Ativo,Dr. Melo,4 de julho de 2020,22/04/2026,456258,6ª Vara Cível de Recife,em negociação
3558,9885734-21.2023.9.74.3450,80,cível,instrução,ativo,Dra Fontes,6 de março de 2022,19/09/2026,R$ 441.406,20ª Vara Criminal de Recife,cliente não responde
3559,1116024-57.2025.8.16.4043,126,Trabalhista,acordo extrajudicial,ATIVO,Dr. Barros,17/08/2022,11 de janeiro de 2026,R$ 292.737,18ª Vara Trabalhista de Recife,aguardando documentos
3560,2966787-79.2022.1.41.9944,550,Civil,recurso,Ativo,Dr. Melo,21/01/21,31/08/2025,R$ 441.304,20ª Vara Criminal de Recife,aguardando documentos
3561,7941836-76.2025.4.34.6543,663,Trabalhista,instrução,ativo,DRA. CAVALCANTE,2021-06-25,30/06/25,341742,18ª Vara Cível de Recife,cliente não responde
3562,5786762-52.2021.9.21.3037,186,Trabalhista,sentença,active,dr. melo,2020-03-08,05/04/2025,,8ª Vara Criminal de Recife,
3563,2824928-33.2020.1.90.6467,85,Civil,arquivado,encerrado,Dra Fontes,12/02/2023,2025-07-29,R$ 425.354,16ª Vara Trabalhista de Recife,
3564,3542616-60.2022.3.87.6536,306,civil,execução,appeal,Dr. Melo,2026-04-17,06/03/26,,3ª Vara Criminal de Recife,
3565,6339808-70.2020.2.67.1325,882,Trabalhista,sentença,closed,DRA. CAVALCANTE,22 de abril de 2026,5 de outubro de 2025,,4ª Vara Trabalhista de Recife,aguardando documentos
3566,3542799-64.2025.6.13.7299,161,Civil,execução,ativo,DRA. CAVALCANTE,02/01/2021,02/02/2025,R$ 41.288,2ª Vara Cível de Recife,
3567,4768255-51.2022.4.94.5695,682,civil,execução,closed,dr. melo,21 de junho de 2022,2026-10-18,40529,4ª Vara Cível de Recife,
3568,5451988-41.2020.2.82.4041,788,trabalhista,acordo extrajudicial,Encerrado,Dr. Melo,10/03/2022,17/04/26,359587.00,6ª Vara Criminal de Recife,
3569,5239450-56.2022.7.99.2371,1293,Civil,instrução,ativo,Dr. Melo,12/08/21,10/11/2025,,1ª Vara Cível de Recife,aguardando documentos
3570,9110060-16.2025.2.29.4716,1380,trabalhista,instrução,ativo,Dra. Fontes,25 de dezembro de 2024,08/11/25,,15ª Vara Criminal de Recife,em negociação
3571,1931030-34.2024.8.48.5319,345,Trabalhista,acordo extrajudicial,encerrado,Dr. Barros,14 de abril de 2022,2026-03-31,R$ 231.456,6ª Vara Cível de Recife,
3572,5289264-48.2020.4.41.6347,645,TRABALHISTA,audiência,encerrado,DRA. CAVALCANTE,19/09/2020,2026-04-26,425219,6ª Vara Cível de Recife,
3573,8905709-90.2020.9.55.2471,205,trabalhista,sentença,encerrado,Dra. Cavalcante,19/06/22,2026-03-30,R$ 272.828,9ª Vara Criminal de Recife,em negociação
3574,6334947-38.2020.4.71.6173,1274,TRABALHISTA,sentença,active,Dra. Cavalcante,17/08/2021,02/09/2025,182363.00,16ª Vara Cível de Recife,
3575,6865513-17.2021.7.21.3938,584,Civil,execução,acordo,dr. melo,03/09/2020,2025-04-14,,12ª Vara Trabalhista de Recife,
3576,1445483-93.2023.1.61.7357,25,Civil,sentença,active,Dra Fontes,2023-09-09,12/08/26,R$ 32.590,7ª Vara Criminal de Recife,
3577,7765112-69.2024.9.62.5648,716,Trabalhista,sentença,em recurso,Dr. Barros,2022-06-03,19/02/2025,,13ª Vara Criminal de Recife,
3578,6254488-31.2024.9.48.3216,792,cível,acordo extrajudicial,active,Dr. Melo,5 de novembro de 2025,29/10/2026,420984,2ª Vara Trabalhista de Recife,
3579,3510061-32.2020.9.13.4424,344,Civil,inicial,encerrado,Dra. Fontes,04/08/20,2026-12-06,455157,8ª Vara Trabalhista de Recife,cliente não responde
3580,8066975-72.2023.7.26.7675,164,Trabalhista,recurso,ATIVO,Dra Fontes,2025-02-10,16/08/25,72361.00,7ª Vara Cível de Recife,em negociação
3581,8323566-47.2021.3.26.4644,56,trabalhista,inicial,ativo,DRA. CAVALCANTE,17/04/2024,2025-01-15,244825,17ª Vara Cível de Recife,
3582,3675188-38.2025.9.53.3305,501,trabalhista,arquivado,Ativo,Dra. Cavalcante,28 de dezembro de 2021,14 de agosto de 2026,87642.00,10ª Vara Criminal de Recife,
3583,6368709-92.2024.7.99.9426,172,trabalhista,instrução,em recurso,dr. melo,28/10/2025,07/09/2026,,13ª Vara Cível de Recife,
3584,8630644-97.2025.3.28.1296,855,trabalhista,execução,encerrado,Dra. Cavalcante,06/10/2025,24 de janeiro de 2026,248622.00,19ª Vara Cível de Recife,
3585,9824532-76.2023.6.37.2040,332,TRABALHISTA,sentença,ativo,Dr. Barros,31/01/24,07/08/2025,R$ 230.377,19ª Vara Criminal de Recife,cliente não responde
3586,2895065-46.2022.7.67.1438,832,Civil,inicial,encerrado,Dr. Barros,11/01/2021,,421646,18ª Vara Cível de Recife,urgente
3587,4893809-11.2021.7.19.9759,451,TRABALHISTA,recurso,encerrado,Dra Fontes,15 de outubro de 2020,2026-06-18,341559,17ª Vara Trabalhista de Recife,aguardando documentos
3588,2118934-75.2023.5.97.9563,1435,Trabalhista,audiência,appeal,Dr. Barros,2025-05-04,2025-11-14,R$ 250.303,9ª Vara Cível de Recife,em negociação
3589,4131852-60.2020.1.89.9739,302,cível,instrução,em recurso,Dra. Cavalcante,21 de setembro de 2024,29 de maio de 2026,R$ 55.574,12ª Vara Criminal de Recife,urgente
3590,4865461-96.2025.2.64.9143,1026,Trabalhista,inicial,ativo,Dr. Barros,2024-03-24,2026-04-22,152563.00,13ª Vara Criminal de Recife,aguardando documentos
3591,5239450-56.2022.7.99.2371,747,cível,inicial,settlement,Dr. Melo,31/10/2020,2025-01-30,R$ 12.285,19ª Vara Cível de Recife,
3592,9214397-26.2023.4.18.6844,594,Trabalhista,recurso,Encerrado,Dra. Fontes,29 de agosto de 2020,2026-04-02,R$ 309.495,10ª Vara Cível de Recife,
3593,4016576-41.2022.7.10.6952,1243,civil,sentença,suspended,Dra. Fontes,29/11/2025,15/09/2026,451359,2ª Vara Trabalhista de Recife,
3594,4824419-32.2024.5.47.3265,789,cível,audiência,em recurso,Dra. Fontes,23/05/2021,2025-01-02,R$ 438.915,3ª Vara Cível de Recife,em negociação
3595,3418432-84.2025.3.59.5858,386,trabalhista,sentença,active,dr. melo,26/11/21,12/08/26,R$ 295.108,8ª Vara Cível de Recife,
3596,4061044-97.2023.7.99.3676,695,Trabalhista,execução,ativo,dr. melo,2024-08-03,28/10/25,315993.00,7ª Vara Trabalhista de Recife,em negociação
3597,6254488-31.2024.9.48.3216,573,trabalhista,audiência,Ativo,Dra. Cavalcante,2025-05-11,4 de novembro de 2025,R$ 224.664,16ª Vara Cível de Recife,
3598,1676369-34.2022.3.47.6087,1196,civil,recurso,Encerrado,dr. melo,8 de dezembro de 2021,,421568.00,1ª Vara Trabalhista de Recife,em negociação
3599,8630644-97.2025.3.28.1296,971,Civil,execução,ativo,Dr. Melo,30/03/22,2026-04-19,,19ª Vara Cível de Recife,aguardando documentos
3600,9970343-38.2020.5.18.4483,1127,TRABALHISTA,instrução,suspended,Dr. Barros,23/05/25,25 de abril de 2025,,8ª Vara Trabalhista de Recife,
3601,9425559-65.2022.6.99.1309,149,TRABALHISTA,execução,ativo,Dra Fontes,26 de junho de 2021,15/02/2025,,3ª Vara Cível de Recife,aguardando documentos
3602,9822459-92.2024.8.17.6403,977,Trabalhista,acordo extrajudicial,acordo,Dra Fontes,28/10/2023,22 de março de 2025,,14ª Vara Criminal de Recife,urgente
3603,8168450-48.2020.2.65.4570,1262,Civil,audiência,ATIVO,Dra. Cavalcante,16 de março de 2023,,R$ 293.877,5ª Vara Trabalhista de Recife,urgente
3604,2411026-52.2022.6.26.7373,494,TRABALHISTA,inicial,ativo,Dr. Barros,28/10/21,29/09/26,430556,9ª Vara Trabalhista de Recife,em negociação
3605,6339266-27.2025.5.15.6766,230,Civil,audiência,encerrado,DRA. CAVALCANTE,11 de outubro de 2025,2026-08-10,13356,10ª Vara Trabalhista de Recife,
3606,4601686-30.2021.5.52.7745,1243,TRABALHISTA,sentença,ATIVO,Dra Fontes,28/05/22,03/06/26,,9ª Vara Criminal de Recife,
3607,5638123-23.2024.7.30.5009,627,cível,acordo extrajudicial,encerrado,Dr. Melo,25/10/2024,28/07/25,,12ª Vara Trabalhista de Recife,cliente não responde
3608,2292432-35.2025.5.83.7063,1435,cível,inicial,suspenso,dr. melo,2024-06-18,10/08/25,,13ª Vara Trabalhista de Recife,urgente
3609,9885734-21.2023.9.74.3450,1147,cível,arquivado,active,Dra. Fontes,2025-02-08,17 de abril de 2025,36844.00,8ª Vara Criminal de Recife,em negociação
3610,1833330-93.2025.8.61.3405,1265,cível,sentença,appeal,Dr. Melo,22/07/2020,,150936,3ª Vara Trabalhista de Recife,
3611,4865461-96.2025.2.64.9143,609,civil,inicial,settlement,Dr. Melo,2022-07-22,14/05/25,431587,2ª Vara Trabalhista de Recife,urgente
3612,8827641-36.2022.5.59.8715,855,Civil,sentença,ativo,Dr. Melo,6 de abril de 2022,30 de janeiro de 2025,362398,7ª Vara Criminal de Recife,
3613,4384627-80.2021.2.13.1061,700,Civil,sentença,Encerrado,Dr. Barros,21/05/24,,,20ª Vara Trabalhista de Recife,cliente não responde
3614,6416661-36.2021.8.21.8496,240,cível,inicial,encerrado,Dr. Melo,21/02/23,07/09/26,341565.00,17ª Vara Trabalhista de Recife,aguardando documentos
3615,2824928-33.2020.1.90.6467,1039,Civil,sentença,suspenso,Dra. Cavalcante,22/08/2020,2026-11-07,90847.00,9ª Vara Cível de Recife,urgente
3616,7553290-31.2023.9.36.9282,1160,civil,audiência,Ativo,Dr. Barros,2024-12-18,2025-04-21,177438,19ª Vara Trabalhista de Recife,
3617,3754895-37.2021.6.18.8502,270,TRABALHISTA,acordo extrajudicial,Encerrado,Dra Fontes,2021-04-23,2025-02-15,,18ª Vara Criminal de Recife,urgente
3618,1614850-25.2020.8.85.3161,1500,cível,inicial,active,Dra Fontes,01/08/2025,13 de novembro de 2025,R$ 184.841,16ª Vara Trabalhista de Recife,
3619,4494463-44.2022.5.80.7542,70,trabalhista,acordo extrajudicial,Encerrado,Dr. Barros,15/02/25,28/08/26,R$ 70.063,2ª Vara Criminal de Recife,cliente não responde
3620,5068524-45.2025.9.91.6906,1112,Trabalhista,execução,Encerrado,Dr. Melo,2022-10-02,27/06/26,60288,11ª Vara Trabalhista de Recife,
3621,4064382-39.2022.4.13.8937,468,TRABALHISTA,sentença,encerrado,dr. melo,15/05/2021,2026-03-23,213674.00,18ª Vara Trabalhista de Recife,
3622,5853247-29.2020.7.62.8870,1160,civil,arquivado,Encerrado,Dra Fontes,27 de agosto de 2022,2025-03-29,R$ 256.634,18ª Vara Cível de Recife,cliente não responde
3623,8749473-21.2020.4.12.9144,1371,cível,acordo extrajudicial,acordo,Dra. Fontes,30/09/2023,23 de fevereiro de 2025,333025,7ª Vara Trabalhista de Recife,
3624,8827641-36.2022.5.59.8715,1400,TRABALHISTA,inicial,ATIVO,Dra. Fontes,04/01/20,27 de outubro de 2025,R$ 74.588,18ª Vara Cível de Recife,cliente não responde
3625,4314934-26.2021.7.14.7244,166,Civil,arquivado,settlement,Dr. Melo,22 de junho de 2023,07/08/25,316708,19ª Vara Cível de Recife,
3626,2895065-46.2022.7.67.1438,211,cível,arquivado,appeal,DRA. CAVALCANTE,2022-12-12,21/10/2025,R$ 376.266,18ª Vara Cível de Recife,
3627,7553290-31.2023.9.36.9282,985,Trabalhista,sentença,settlement,Dra. Fontes,06/07/2022,2025-06-19,343070,4ª Vara Trabalhista de Recife,cliente não responde
3628,1778149-24.2023.1.86.3557,771,civil,inicial,acordo,Dr. Melo,2024-05-18,19 de outubro de 2025,440430.00,2ª Vara Criminal de Recife,
3629,7110796-41.2020.3.80.5362,221,Trabalhista,sentença,ativo,Dr. Barros,2020-07-11,16 de janeiro de 2026,463521.00,19ª Vara Criminal de Recife,em negociação
3630,2461262-96.2021.6.48.1315,1387,civil,inicial,ativo,Dra Fontes,09/05/2023,27/06/2025,R$ 39.859,20ª Vara Criminal de Recife,cliente não responde
3631,1896520-28.2021.5.90.5374,1185,Trabalhista,sentença,encerrado,DRA. CAVALCANTE,27/01/24,12/05/2026,195914,15ª Vara Cível de Recife,cliente não responde
3632,8168054-14.2024.6.50.1232,202,Trabalhista,sentença,suspenso,Dra. Cavalcante,24 de março de 2020,21/02/26,173000.00,2ª Vara Cível de Recife,aguardando documentos
3633,9302979-43.2025.9.68.7487,434,Civil,acordo extrajudicial,ativo,dr. melo,10/12/2020,12/10/25,,5ª Vara Criminal de Recife,
3634,1778149-24.2023.1.86.3557,415,civil,sentença,ativo,Dra. Cavalcante,8 de abril de 2025,2026-06-24,,2ª Vara Cível de Recife,cliente não responde
3635,8843195-99.2024.6.39.2836,19,Trabalhista,recurso,suspenso,Dr. Barros,16/08/2023,17 de julho de 2026,R$ 201.121,2ª Vara Cível de Recife,em negociação
3636,1411065-96.2022.9.64.8271,280,TRABALHISTA,acordo extrajudicial,encerrado,Dr. Barros,19/06/2020,2025-05-26,446769,18ª Vara Cível de Recife,cliente não responde
3637,8368372-34.2020.6.43.9691,68,civil,inicial,active,Dra Fontes,22/06/2023,21/10/2025,,7ª Vara Cível de Recife,urgente
3638,3922248-27.2025.1.42.4047,384,Civil,recurso,acordo,Dra. Fontes,2025-01-15,07/08/26,,16ª Vara Cível de Recife,
3639,9062552-47.2024.4.22.8265,89,trabalhista,arquivado,ativo,dr. melo,2022-01-17,29 de setembro de 2026,,2ª Vara Trabalhista de Recife,em negociação
3640,7274275-74.2020.1.22.9780,685,TRABALHISTA,sentença,ativo,Dra Fontes,21/09/2025,02/02/2026,R$ 94.903,20ª Vara Criminal de Recife,em negociação
3641,5422047-80.2024.8.62.4364,857,Trabalhista,acordo extrajudicial,suspenso,Dra Fontes,2020-05-06,23/05/26,R$ 292.561,8ª Vara Cível de Recife,em negociação
3642,3542616-60.2022.3.87.6536,163,cível,sentença,ativo,Dra. Cavalcante,2022-09-11,,R$ 187.246,12ª Vara Cível de Recife,urgente
3643,7515318-25.2024.4.34.6280,1196,Trabalhista,arquivado,Encerrado,dr. melo,28/01/26,17 de março de 2026,321178.00,8ª Vara Criminal de Recife,cliente não responde
3644,8590346-68.2020.7.63.7780,763,Trabalhista,instrução,encerrado,Dr. Barros,2025-06-28,05/01/25,R$ 244.694,3ª Vara Cível de Recife,
3645,6982910-41.2023.8.91.8758,413,civil,recurso,Encerrado,dr. melo,01/04/2023,16/03/26,480306.00,11ª Vara Cível de Recife,aguardando documentos
3646,2895065-46.2022.7.67.1438,1467,trabalhista,recurso,encerrado,Dr. Melo,05/05/2022,8 de março de 2025,,20ª Vara Trabalhista de Recife,em negociação
3647,2100417-68.2021.7.29.9662,157,trabalhista,audiência,acordo,Dra Fontes,30 de janeiro de 2024,24 de junho de 2025,412337,1ª Vara Cível de Recife,cliente não responde
3648,4768255-51.2022.4.94.5695,509,trabalhista,execução,ativo,Dr. Barros,16/07/22,06/10/26,463619.00,19ª Vara Trabalhista de Recife,em negociação
3649,2660213-63.2022.6.50.8366,1413,Civil,audiência,encerrado,Dr. Barros,23/08/2020,23 de março de 2025,,9ª Vara Trabalhista de Recife,
3650,4314934-26.2021.7.14.7244,1115,TRABALHISTA,inicial,Ativo,Dra. Fontes,2024-09-13,21 de fevereiro de 2025,465397.00,4ª Vara Cível de Recife,
3651,8157599-64.2024.2.89.5276,1190,Civil,arquivado,ativo,Dr. Barros,24/10/25,15 de abril de 2025,R$ 400.326,14ª Vara Criminal de Recife,
3652,2328070-99.2024.8.57.5561,1178,TRABALHISTA,recurso,suspenso,Dra. Fontes,2022-02-25,,347926,5ª Vara Criminal de Recife,
3653,1101935-78.2023.5.88.5299,14,TRABALHISTA,execução,acordo,Dra. Fontes,14 de dezembro de 2025,03/03/26,345143.00,18ª Vara Criminal de Recife,aguardando documentos
3654,7398699-88.2025.6.55.3587,166,Trabalhista,sentença,acordo,Dr. Melo,15 de setembro de 2020,2025-01-28,R$ 295.744,7ª Vara Criminal de Recife,urgente
3655,1714231-74.2025.9.71.1697,1344,Civil,acordo extrajudicial,Encerrado,Dr. Barros,2024-03-11,28/01/26,315580,6ª Vara Trabalhista de Recife,cliente não responde
3656,6404948-40.2021.7.68.7161,16,Civil,audiência,settlement,Dr. Barros,09/04/24,25 de abril de 2025,448147,20ª Vara Criminal de Recife,
3657,1101935-78.2023.5.88.5299,733,cível,execução,settlement,Dra. Cavalcante,03/04/23,24 de junho de 2026,R$ 446.814,20ª Vara Criminal de Recife,cliente não responde
3658,2112478-55.2024.2.51.9095,693,trabalhista,recurso,ativo,Dr. Melo,26/08/2025,24/09/25,309474.00,20ª Vara Cível de Recife,
3659,2016341-89.2023.7.48.2724,525,trabalhista,execução,suspended,Dra. Cavalcante,19/03/22,2025-06-13,,12ª Vara Cível de Recife,
3660,9060164-41.2020.5.36.2381,1305,civil,acordo extrajudicial,ativo,Dr. Melo,02/04/23,2025-02-18,R$ 479.838,19ª Vara Trabalhista de Recife,cliente não responde
3661,8905709-90.2020.9.55.2471,1108,Civil,arquivado,active,Dr. Barros,21/12/24,2025-10-30,,6ª Vara Trabalhista de Recife,cliente não responde
3662,1869144-23.2023.5.84.3325,152,Trabalhista,recurso,ativo,Dr. Barros,10 de agosto de 2025,02/12/26,300137.00,14ª Vara Trabalhista de Recife,
3663,4134515-43.2021.8.70.4879,302,cível,recurso,acordo,DRA. CAVALCANTE,11/05/2020,14 de março de 2026,17904,1ª Vara Cível de Recife,aguardando documentos
3664,5660649-86.2020.5.86.9291,433,Civil,acordo extrajudicial,Encerrado,Dr. Barros,27/03/2022,2026-09-11,,5ª Vara Criminal de Recife,em negociação
3665,1101935-78.2023.5.88.5299,552,civil,sentença,acordo,dr. melo,15/02/2024,25 de agosto de 2025,,18ª Vara Criminal de Recife,urgente
3666,4687348-31.2023.1.92.6907,648,cível,recurso,encerrado,Dra Fontes,2024-03-10,04/10/25,96345,12ª Vara Trabalhista de Recife,
3667,8415891-60.2021.6.92.5554,873,civil,arquivado,suspenso,Dr. Barros,2023-10-29,20/08/25,174584,17ª Vara Criminal de Recife,aguardando documentos
3668,4084503-92.2025.8.90.5515,107,TRABALHISTA,arquivado,encerrado,Dr. Barros,31/05/2024,7 de outubro de 2026,R$ 173.172,15ª Vara Criminal de Recife,
3669,9489806-94.2021.2.55.9162,283,TRABALHISTA,acordo extrajudicial,Ativo,Dra Fontes,2024-04-17,29/07/2026,422457.00,15ª Vara Cível de Recife,em negociação
3670,2294596-63.2020.6.38.9193,195,TRABALHISTA,arquivado,appeal,Dr. Barros,21/09/23,18/05/25,R$ 251.019,5ª Vara Cível de Recife,
3671,7323234-16.2020.9.59.5035,98,Trabalhista,instrução,suspended,Dra. Cavalcante,04/09/20,4 de agosto de 2025,245059,15ª Vara Criminal de Recife,urgente
3672,8382607-83.2020.6.26.3936,1217,Trabalhista,audiência,suspended,Dr. Melo,07/06/2020,2026-07-28,R$ 202.862,20ª Vara Criminal de Recife,
3673,3376786-12.2020.7.64.5093,880,Trabalhista,instrução,encerrado,Dra Fontes,2020-05-01,08/02/26,134732.00,18ª Vara Cível de Recife,aguardando documentos
3674,5159219-49.2023.5.25.3676,950,Trabalhista,audiência,closed,Dra Fontes,19/12/2021,11 de junho de 2026,R$ 5.104,1ª Vara Trabalhista de Recife,
3675,7848147-32.2021.6.58.3528,351,cível,arquivado,ativo,Dra. Cavalcante,21/02/2025,2025-03-18,25177.00,1ª Vara Criminal de Recife,urgente
3676,3821719-15.2025.2.86.2518,720,trabalhista,execução,ATIVO,Dra Fontes,2024-02-13,27 de maio de 2025,R$ 6.391,10ª Vara Criminal de Recife,cliente não responde
3677,4961530-22.2021.4.22.6290,914,cível,instrução,ativo,dr. melo,22 de novembro de 2023,1 de fevereiro de 2026,362512.00,18ª Vara Trabalhista de Recife,urgente
3678,7626521-25.2020.9.17.3305,258,Trabalhista,acordo extrajudicial,Ativo,Dr. Barros,8 de novembro de 2021,2025-09-12,207511.00,17ª Vara Criminal de Recife,
3679,5947618-28.2023.6.53.6118,977,civil,inicial,encerrado,Dr. Barros,24 de abril de 2022,21/03/26,327646,9ª Vara Trabalhista de Recife,
3680,1757615-27.2025.7.10.3762,1155,cível,execução,em recurso,Dr. Barros,28 de dezembro de 2025,6 de julho de 2026,,3ª Vara Criminal de Recife,urgente
3681,4874996-38.2022.9.94.8154,720,civil,instrução,ATIVO,Dra. Fontes,31/10/2021,28 de novembro de 2026,R$ 442.418,12ª Vara Criminal de Recife,
3682,6927716-18.2022.9.56.1445,393,Trabalhista,sentença,Encerrado,Dra. Cavalcante,06/03/21,13/12/2026,475784,3ª Vara Criminal de Recife,
3683,6524227-53.2025.1.97.6214,694,trabalhista,instrução,encerrado,Dr. Melo,2025-07-30,14/04/2025,,9ª Vara Criminal de Recife,cliente não responde
3684,3734843-61.2021.3.94.2954,593,civil,acordo extrajudicial,appeal,Dr. Barros,2023-04-30,,65456.00,20ª Vara Criminal de Recife,aguardando documentos
3685,3541821-31.2021.8.96.1927,1254,cível,acordo extrajudicial,Encerrado,Dra Fontes,26 de dezembro de 2021,21 de julho de 2025,R$ 339.907,15ª Vara Trabalhista de Recife,
3686,3821719-15.2025.2.86.2518,1499,TRABALHISTA,acordo extrajudicial,ATIVO,Dra. Fontes,2021-02-15,,,7ª Vara Trabalhista de Recife,cliente não responde
3687,2675642-32.2022.8.65.5499,154,Trabalhista,audiência,em recurso,Dr. Melo,30 de julho de 2021,20/03/25,,5ª Vara Cível de Recife,aguardando documentos
3688,3576390-15.2021.2.82.8209,218,Trabalhista,execução,Encerrado,Dra. Fontes,6 de julho de 2023,24 de outubro de 2026,R$ 273.945,10ª Vara Cível de Recife,
3689,5401874-62.2025.2.46.8337,477,Trabalhista,recurso,closed,Dr. Barros,1 de dezembro de 2022,2026-09-06,R$ 300.792,2ª Vara Cível de Recife,
3690,2191287-57.2021.1.18.8228,1004,civil,inicial,closed,Dra. Cavalcante,8 de julho de 2022,2026-10-26,,9ª Vara Trabalhista de Recife,
3691,6384831-67.2022.5.89.7429,995,Trabalhista,arquivado,ativo,Dr. Barros,2022-01-21,2025-11-08,,15ª Vara Criminal de Recife,aguardando documentos
3692,5996426-23.2022.8.20.3566,511,trabalhista,arquivado,encerrado,Dr. Melo,2024-09-20,2025-05-26,295565,7ª Vara Criminal de Recife,
3693,9086174-80.2025.1.81.3292,1470,Trabalhista,audiência,ativo,dr. melo,29/06/2023,2026-07-11,194591,14ª Vara Trabalhista de Recife,
3694,6927716-18.2022.9.56.1445,1154,Trabalhista,inicial,encerrado,Dra. Cavalcante,10/10/25,16 de junho de 2025,R$ 82.714,12ª Vara Criminal de Recife,
3695,8827641-36.2022.5.59.8715,549,trabalhista,audiência,encerrado,Dra. Cavalcante,2023-11-09,25/05/25,378880,3ª Vara Cível de Recife,cliente não responde
3696,5289264-48.2020.4.41.6347,122,trabalhista,execução,suspenso,Dra. Cavalcante,2020-03-31,14/09/2025,R$ 128.132,4ª Vara Criminal de Recife,em negociação
3697,1676369-34.2022.3.47.6087,1374,TRABALHISTA,arquivado,Ativo,Dr. Melo,11/09/22,2025-09-18,478942,12ª Vara Trabalhista de Recife,
3698,3464073-25.2022.8.73.5075,1471,trabalhista,audiência,ativo,Dra Fontes,2022-05-17,11 de agosto de 2026,,14ª Vara Trabalhista de Recife,
3699,8843195-99.2024.6.39.2836,1231,cível,execução,suspenso,Dr. Barros,2020-01-19,24/03/2025,91620.00,3ª Vara Cível de Recife,urgente
3700,8936104-83.2022.1.39.7934,854,TRABALHISTA,inicial,appeal,Dr. Barros,2021-07-01,,R$ 415.374,17ª Vara Cível de Recife,
3701,9252661-70.2020.1.46.1185,1446,trabalhista,audiência,ATIVO,DRA. CAVALCANTE,10/01/22,2025-01-27,R$ 267.190,5ª Vara Criminal de Recife,cliente não responde
3702,6686912-30.2025.4.68.7078,504,cível,audiência,suspenso,DRA. CAVALCANTE,2025-06-11,7 de março de 2026,377835.00,8ª Vara Trabalhista de Recife,aguardando documentos
3703,9810112-12.2021.1.97.8847,1072,civil,inicial,Encerrado,Dr. Melo,2020-01-22,,111131,10ª Vara Cível de Recife,cliente não responde
3704,7599278-46.2021.4.96.3535,113,TRABALHISTA,sentença,ativo,DRA. CAVALCANTE,20/05/22,21 de novembro de 2025,,2ª Vara Criminal de Recife,
3705,2658962-39.2022.5.95.8856,1067,TRABALHISTA,instrução,active,DRA. CAVALCANTE,06/12/2023,03/02/2025,370158.00,5ª Vara Criminal de Recife,em negociação
3706,5284129-51.2020.3.32.5205,1312,TRABALHISTA,sentença,ativo,dr. melo,2022-12-25,21/11/25,R$ 263.455,10ª Vara Trabalhista de Recife,aguardando documentos
3707,3418432-84.2025.3.59.5858,310,civil,sentença,suspended,Dra. Fontes,19 de novembro de 2023,26 de janeiro de 2025,R$ 71.846,1ª Vara Trabalhista de Recife,cliente não responde
3708,5732779-86.2025.4.28.7831,461,TRABALHISTA,sentença,Encerrado,Dra. Cavalcante,09/12/20,2025-05-21,480052.00,17ª Vara Cível de Recife,
3709,9108785-98.2021.3.78.6687,1278,Trabalhista,acordo extrajudicial,em recurso,DRA. CAVALCANTE,2022-12-16,02/10/2025,13287,18ª Vara Trabalhista de Recife,
3710,8215015-64.2021.5.32.1893,1081,trabalhista,instrução,appeal,DRA. CAVALCANTE,2020-11-27,2026-11-02,138765,17ª Vara Trabalhista de Recife,aguardando documentos
3711,7136189-41.2024.2.60.1768,451,Civil,recurso,settlement,Dr. Barros,25/05/2022,18/03/2025,137942.00,16ª Vara Cível de Recife,cliente não responde
3712,7640585-40.2023.1.57.1721,1165,trabalhista,inicial,Encerrado,Dra. Cavalcante,08/03/21,13/12/2026,,12ª Vara Trabalhista de Recife,urgente
3713,1165147-13.2020.2.47.5874,351,Trabalhista,instrução,em recurso,Dr. Melo,19/11/2024,2025-11-11,R$ 59.472,14ª Vara Trabalhista de Recife,
3714,1024421-54.2022.9.20.2563,896,trabalhista,execução,ativo,DRA. CAVALCANTE,3 de outubro de 2025,7 de junho de 2025,R$ 146.925,14ª Vara Cível de Recife,
3715,4384627-80.2021.2.13.1061,1209,cível,sentença,ativo,Dra. Fontes,18/11/25,14/08/2025,,19ª Vara Criminal de Recife,em negociação
3716,7640585-40.2023.1.57.1721,431,Trabalhista,arquivado,Ativo,dr. melo,5 de março de 2026,21/10/26,254082,18ª Vara Cível de Recife,urgente
3717,5316105-58.2020.3.22.3571,1038,TRABALHISTA,arquivado,Encerrado,Dr. Melo,21 de março de 2026,27 de janeiro de 2025,R$ 468.216,6ª Vara Cível de Recife,
3718,4874996-38.2022.9.94.8154,1132,civil,instrução,acordo,Dr. Melo,28 de março de 2025,23/12/2025,473722,14ª Vara Cível de Recife,
3719,5850223-43.2020.3.81.3185,874,trabalhista,sentença,suspended,Dr. Melo,21 de outubro de 2023,16 de janeiro de 2026,315173,7ª Vara Cível de Recife,cliente não responde
3720,8590346-68.2020.7.63.7780,708,Civil,acordo extrajudicial,closed,Dr. Barros,21/06/2023,2025-02-26,,20ª Vara Cível de Recife,
3721,7419280-60.2021.1.40.9417,570,Trabalhista,sentença,acordo,Dr. Barros,30/05/23,3 de abril de 2025,,17ª Vara Criminal de Recife,aguardando documentos
3722,8607512-63.2021.6.82.1039,1126,cível,inicial,appeal,Dr. Barros,23/12/2022,26/07/2025,480284.00,18ª Vara Cível de Recife,
3723,3679963-72.2020.9.29.7859,764,TRABALHISTA,acordo extrajudicial,active,Dra. Cavalcante,11/10/24,06/11/26,R$ 452.242,16ª Vara Criminal de Recife,aguardando documentos
3724,7749444-78.2021.1.20.8763,1338,trabalhista,recurso,suspenso,Dra Fontes,2020-03-25,16/08/2026,R$ 96.820,19ª Vara Criminal de Recife,aguardando documentos
3725,8183950-10.2021.5.84.9388,128,Civil,sentença,ATIVO,Dra. Fontes,2025-05-17,23 de abril de 2026,200229.00,15ª Vara Cível de Recife,aguardando documentos
3726,6953559-38.2025.7.42.9212,1385,trabalhista,acordo extrajudicial,Encerrado,dr. melo,17 de outubro de 2024,20/11/2025,110046,12ª Vara Trabalhista de Recife,
3727,6160516-66.2024.5.17.7150,671,civil,audiência,encerrado,Dra. Cavalcante,2026-04-04,05/01/26,R$ 446.456,6ª Vara Cível de Recife,urgente
3728,8168450-48.2020.2.65.4570,201,Trabalhista,instrução,acordo,Dr. Melo,28/10/2025,2025-09-21,,16ª Vara Cível de Recife,
3729,7486138-99.2020.5.81.4332,967,TRABALHISTA,inicial,suspended,Dr. Barros,2021-07-01,03/01/26,,14ª Vara Cível de Recife,
3730,6334947-38.2020.4.71.6173,551,cível,execução,settlement,Dra. Fontes,12/02/2021,8 de janeiro de 2026,,5ª Vara Criminal de Recife,urgente
3731,8827641-36.2022.5.59.8715,579,TRABALHISTA,audiência,acordo,DRA. CAVALCANTE,2021-01-14,10 de agosto de 2025,R$ 75.277,7ª Vara Criminal de Recife,aguardando documentos
3732,5614769-67.2022.9.87.1001,684,Civil,arquivado,ativo,dr. melo,8 de abril de 2024,22 de julho de 2025,R$ 267.253,9ª Vara Criminal de Recife,
3733,6425355-10.2021.6.53.2041,645,trabalhista,recurso,acordo,Dra Fontes,24/02/24,30/04/2025,464981,16ª Vara Trabalhista de Recife,cliente não responde
3734,4061044-97.2023.7.99.3676,1286,TRABALHISTA,acordo extrajudicial,suspended,Dra. Fontes,2021-06-19,10 de julho de 2026,R$ 451.632,4ª Vara Trabalhista de Recife,em negociação
3735,8368255-39.2020.9.60.4414,466,TRABALHISTA,recurso,appeal,DRA. CAVALCANTE,2024-07-21,2025-09-30,395828,16ª Vara Trabalhista de Recife,aguardando documentos
3736,7941836-76.2025.4.34.6543,1403,Civil,instrução,suspenso,Dr. Melo,24 de dezembro de 2022,2025-04-30,394183,1ª Vara Cível de Recife,
3737,7323234-16.2020.9.59.5035,1129,civil,arquivado,em recurso,Dr. Barros,18/06/2023,2026-09-09,R$ 436.057,15ª Vara Trabalhista de Recife,em negociação
3738,8382607-83.2020.6.26.3936,1269,Civil,acordo extrajudicial,acordo,Dr. Barros,2 de junho de 2022,09/05/2025,62499.00,6ª Vara Criminal de Recife,em negociação
3739,9573194-21.2022.1.35.8352,123,civil,sentença,encerrado,Dr. Barros,27/03/25,2025-05-21,309197,13ª Vara Criminal de Recife,urgente
3740,7948577-74.2025.1.60.7583,45,Civil,execução,encerrado,Dr. Melo,11/07/24,2026-12-28,70762.00,3ª Vara Cível de Recife,urgente
3741,4952151-27.2023.3.38.8762,420,Trabalhista,audiência,ativo,dr. melo,28/06/2020,19/03/2026,217562.00,15ª Vara Trabalhista de Recife,urgente
3742,2016341-89.2023.7.48.2724,1170,cível,instrução,Encerrado,Dra. Fontes,5 de abril de 2021,,R$ 373.262,7ª Vara Criminal de Recife,
3743,1676369-34.2022.3.47.6087,938,Trabalhista,acordo extrajudicial,em recurso,Dr. Barros,14/05/23,16/02/25,243546,5ª Vara Trabalhista de Recife,
3744,2480014-80.2024.2.29.9847,467,trabalhista,inicial,ativo,Dr. Melo,28/06/2025,2026-11-07,171371.00,14ª Vara Cível de Recife,aguardando documentos
3745,5733649-38.2020.2.35.3379,681,Civil,execução,ATIVO,Dr. Barros,2023-02-19,26/04/2025,R$ 321.309,12ª Vara Criminal de Recife,
3746,3675188-38.2025.9.53.3305,244,TRABALHISTA,audiência,active,Dr. Barros,2022-11-09,16 de janeiro de 2026,R$ 263.631,4ª Vara Trabalhista de Recife,urgente
3747,9953454-93.2020.2.52.5723,266,cível,execução,suspended,Dr. Barros,13 de dezembro de 2021,22/07/2025,377867,4ª Vara Trabalhista de Recife,
3748,3260101-88.2022.8.37.9169,365,Civil,acordo extrajudicial,ativo,Dra. Fontes,26/09/2025,19/06/26,R$ 347.570,17ª Vara Criminal de Recife,aguardando documentos
3749,9822459-92.2024.8.17.6403,786,trabalhista,instrução,ativo,Dra Fontes,14/10/25,30/11/2025,481821.00,14ª Vara Cível de Recife,
3750,8749473-21.2020.4.12.9144,1105,cível,audiência,active,Dr. Melo,10/05/2025,2026-03-22,R$ 99.388,3ª Vara Criminal de Recife,urgente
3751,1024421-54.2022.9.20.2563,549,cível,instrução,em recurso,Dr. Melo,2021-01-15,2025-02-21,352555.00,2ª Vara Trabalhista de Recife,cliente não responde
3752,8717678-27.2025.5.11.4526,777,Trabalhista,audiência,Encerrado,DRA. CAVALCANTE,25/07/25,22/07/26,74478.00,20ª Vara Cível de Recife,
3753,5518767-82.2023.4.96.9873,829,trabalhista,sentença,ativo,Dr. Barros,12 de fevereiro de 2024,23/03/2026,,19ª Vara Criminal de Recife,aguardando documentos
3754,6836135-90.2022.9.37.5643,724,Civil,audiência,active,dr. melo,13 de novembro de 2021,15/05/25,,20ª Vara Criminal de Recife,
3755,7979033-26.2021.6.18.1084,290,Civil,sentença,ativo,DRA. CAVALCANTE,6 de julho de 2025,24/12/2025,R$ 315.512,8ª Vara Cível de Recife,em negociação
3756,6992158-64.2024.5.43.7750,968,cível,execução,suspended,Dra. Cavalcante,12/09/20,2026-11-15,270978.00,13ª Vara Criminal de Recife,cliente não responde
3757,7633905-83.2022.9.95.2309,506,Civil,arquivado,Ativo,Dr. Melo,2024-10-23,12/03/26,430628.00,15ª Vara Cível de Recife,
3758,7082985-88.2022.2.94.6058,1286,civil,sentença,closed,Dra. Fontes,2024-12-22,2026-11-24,,11ª Vara Trabalhista de Recife,aguardando documentos
3759,2869625-86.2025.7.14.5837,380,Trabalhista,execução,encerrado,Dr. Barros,2023-02-27,06/02/26,R$ 409.821,6ª Vara Cível de Recife,
3760,9885734-21.2023.9.74.3450,417,civil,inicial,ativo,dr. melo,12/12/2021,19/05/2026,,20ª Vara Cível de Recife,
3761,5159882-37.2022.9.71.7550,877,Trabalhista,inicial,acordo,Dr. Barros,5 de dezembro de 2025,2026-11-05,R$ 358.869,5ª Vara Trabalhista de Recife,
3762,7274275-74.2020.1.22.9780,944,Civil,recurso,Ativo,Dr. Barros,2022-01-02,2026-05-21,R$ 25.968,1ª Vara Criminal de Recife,
3763,7941836-76.2025.4.34.6543,696,Trabalhista,instrução,encerrado,Dra. Cavalcante,07/07/2024,,R$ 202.537,14ª Vara Trabalhista de Recife,aguardando documentos
3764,3588109-63.2023.1.26.4223,361,trabalhista,instrução,ativo,Dra Fontes,2025-09-21,11/07/25,470424,4ª Vara Trabalhista de Recife,
3765,6075721-43.2020.9.85.8738,1133,civil,audiência,suspenso,DRA. CAVALCANTE,2024-08-02,02/11/2026,74831.00,9ª Vara Criminal de Recife,em negociação
3766,5451988-41.2020.2.82.4041,627,TRABALHISTA,audiência,closed,Dra. Cavalcante,20/03/2023,12 de julho de 2025,R$ 19.229,11ª Vara Cível de Recife,
3767,4131852-60.2020.1.89.9739,1156,Trabalhista,sentença,em recurso,Dra Fontes,2024-08-15,13/01/2026,307629.00,6ª Vara Cível de Recife,
3768,2824928-33.2020.1.90.6467,664,TRABALHISTA,audiência,em recurso,dr. melo,11/10/25,,,5ª Vara Cível de Recife,cliente não responde
3769,3679963-72.2020.9.29.7859,836,cível,instrução,em recurso,Dr. Melo,9 de maio de 2023,03/07/2025,76727,8ª Vara Trabalhista de Recife,cliente não responde
3770,4874996-38.2022.9.94.8154,348,civil,arquivado,closed,DRA. CAVALCANTE,24 de fevereiro de 2025,2026-12-12,,11ª Vara Cível de Recife,
3771,2660213-63.2022.6.50.8366,965,Civil,recurso,ativo,DRA. CAVALCANTE,21 de abril de 2023,07/09/25,,3ª Vara Trabalhista de Recife,
3772,1438459-62.2020.7.78.3410,564,Civil,execução,Ativo,Dra Fontes,29 de janeiro de 2020,2025-09-18,R$ 28.432,19ª Vara Cível de Recife,aguardando documentos
3773,4433355-55.2023.8.48.9346,1178,Civil,arquivado,active,Dra. Cavalcante,01/02/2024,25/07/25,446856.00,4ª Vara Criminal de Recife,
3774,5217157-98.2020.2.64.4094,1493,cível,audiência,appeal,Dr. Melo,11 de junho de 2022,23/04/25,R$ 424.426,1ª Vara Trabalhista de Recife,
3775,4452862-76.2021.3.27.3238,1462,Civil,instrução,suspenso,DRA. CAVALCANTE,28/05/2025,30/08/26,R$ 171.724,11ª Vara Cível de Recife,
3776,1933296-95.2024.5.69.8317,1218,civil,inicial,ativo,Dra. Cavalcante,15 de março de 2024,2025-05-09,149648,12ª Vara Trabalhista de Recife,urgente
3777,3750497-13.2024.6.65.9009,1465,Trabalhista,arquivado,settlement,Dra. Fontes,2 de maio de 2022,04/07/25,367115,15ª Vara Trabalhista de Recife,aguardando documentos
3778,8183950-10.2021.5.84.9388,255,Trabalhista,sentença,encerrado,Dra. Fontes,2021-05-30,12 de janeiro de 2026,,10ª Vara Criminal de Recife,em negociação
3779,1615190-23.2022.2.42.6238,1014,TRABALHISTA,sentença,ativo,dr. melo,6 de abril de 2024,18/04/26,411180.00,4ª Vara Criminal de Recife,
3780,6953559-38.2025.7.42.9212,526,trabalhista,instrução,suspended,Dr. Melo,30/03/2026,26 de outubro de 2026,,8ª Vara Criminal de Recife,
3781,7724543-49.2023.9.44.7412,403,TRABALHISTA,sentença,closed,Dr. Melo,11 de outubro de 2022,2026-05-18,R$ 485.397,19ª Vara Criminal de Recife,urgente
3782,4140100-24.2024.4.63.7178,251,cível,inicial,ativo,Dra Fontes,2020-03-11,14/04/26,R$ 379.810,5ª Vara Cível de Recife,aguardando documentos
3783,2461262-96.2021.6.48.1315,633,trabalhista,recurso,ativo,Dr. Barros,10/11/2020,2025-10-02,369089.00,17ª Vara Cível de Recife,
3784,7979033-26.2021.6.18.1084,255,Civil,sentença,active,Dr. Melo,05/08/23,23/07/2026,447481,14ª Vara Criminal de Recife,aguardando documentos
3785,2019436-32.2020.6.16.9856,1234,Trabalhista,recurso,ATIVO,DRA. CAVALCANTE,15/06/2024,10/02/26,R$ 174.243,17ª Vara Criminal de Recife,em negociação
3786,4460247-99.2024.9.97.4840,1121,cível,execução,Ativo,DRA. CAVALCANTE,23/12/22,30/08/25,R$ 273.752,2ª Vara Trabalhista de Recife,cliente não responde
3787,4721085-96.2020.6.92.9645,1091,civil,audiência,closed,dr. melo,2021-12-21,14 de dezembro de 2026,321810.00,9ª Vara Cível de Recife,urgente
3788,5747786-52.2023.7.30.3750,438,civil,sentença,acordo,dr. melo,01/01/23,29/11/2025,466283,8ª Vara Criminal de Recife,cliente não responde
3789,2292432-35.2025.5.83.7063,1044,civil,sentença,em recurso,DRA. CAVALCANTE,19/02/23,04/09/25,R$ 480.172,15ª Vara Trabalhista de Recife,
3790,3724721-44.2021.9.75.5553,896,cível,audiência,appeal,DRA. CAVALCANTE,2024-04-11,,,10ª Vara Cível de Recife,cliente não responde
3791,8539686-69.2023.4.36.2235,1123,cível,acordo extrajudicial,encerrado,Dra Fontes,2021-10-27,18 de dezembro de 2025,,9ª Vara Criminal de Recife,aguardando documentos
3792,3922248-27.2025.1.42.4047,1127,Civil,audiência,suspenso,DRA. CAVALCANTE,19 de julho de 2022,2026-03-31,R$ 25.357,20ª Vara Trabalhista de Recife,
3793,1742202-63.2023.6.68.9372,13,civil,acordo extrajudicial,encerrado,Dra Fontes,2020-10-09,05/04/25,R$ 376.435,15ª Vara Criminal de Recife,cliente não responde
3794,7539718-58.2020.2.52.9800,741,trabalhista,audiência,Encerrado,DRA. CAVALCANTE,17/01/2021,2025-11-13,,20ª Vara Criminal de Recife,urgente
3795,8368372-34.2020.6.43.9691,1038,Trabalhista,instrução,em recurso,Dra. Cavalcante,2021-09-08,05/04/2025,418288.00,17ª Vara Criminal de Recife,cliente não responde
3796,3778380-86.2023.9.32.5849,742,civil,recurso,suspenso,Dr. Barros,2023-10-24,07/11/26,145964.00,3ª Vara Trabalhista de Recife,em negociação
3797,2110878-87.2023.8.83.8978,361,TRABALHISTA,execução,active,dr. melo,30/05/2025,2026-11-03,348586.00,16ª Vara Cível de Recife,
3798,1628717-84.2025.8.67.8313,475,Civil,sentença,ativo,Dra. Cavalcante,20 de setembro de 2025,09/01/25,R$ 187.000,18ª Vara Trabalhista de Recife,
3799,8323566-47.2021.3.26.4644,216,cível,instrução,ativo,Dra Fontes,24/06/2024,2 de abril de 2026,143917.00,17ª Vara Trabalhista de Recife,cliente não responde
3800,3541821-31.2021.8.96.1927,812,cível,execução,suspended,Dra Fontes,28/10/2022,18/09/2026,66339.00,6ª Vara Criminal de Recife,urgente
3801,7820540-78.2023.1.75.4823,1323,civil,instrução,appeal,Dr. Melo,2024-01-09,11/01/25,103443.00,9ª Vara Criminal de Recife,
3802,2016341-89.2023.7.48.2724,998,TRABALHISTA,arquivado,Ativo,dr. melo,30 de junho de 2025,24/01/26,,13ª Vara Trabalhista de Recife,
3803,4085001-92.2022.6.76.8938,900,TRABALHISTA,instrução,active,Dra. Fontes,04/10/2025,10/11/25,R$ 42.545,19ª Vara Criminal de Recife,
3804,7323234-16.2020.9.59.5035,185,TRABALHISTA,execução,Encerrado,dr. melo,08/05/22,2025-04-02,R$ 174.030,1ª Vara Trabalhista de Recife,aguardando documentos
3805,4092125-65.2025.3.26.9073,1137,Trabalhista,recurso,em recurso,Dra. Cavalcante,2023-09-30,24/05/25,366873.00,3ª Vara Criminal de Recife,urgente
3806,2837371-36.2022.7.88.5428,119,Civil,recurso,suspenso,Dra. Fontes,2024-10-14,18 de agosto de 2026,315642.00,5ª Vara Cível de Recife,aguardando documentos
3807,9168044-67.2022.1.26.3054,808,cível,audiência,ATIVO,Dr. Barros,14/09/20,16/10/2025,R$ 304.189,7ª Vara Criminal de Recife,
3808,2675642-32.2022.8.65.5499,20,cível,instrução,Ativo,Dra. Cavalcante,11/07/23,26/02/2026,R$ 235.149,6ª Vara Trabalhista de Recife,
3809,5035093-45.2021.1.27.3097,170,Civil,arquivado,suspenso,Dra. Fontes,26/12/25,10/03/26,108927.00,12ª Vara Criminal de Recife,
3810,8368255-39.2020.9.60.4414,1422,Trabalhista,acordo extrajudicial,suspenso,Dr. Melo,12/05/2025,,445709,14ª Vara Cível de Recife,
3811,7848147-32.2021.6.58.3528,769,cível,instrução,ativo,dr. melo,28 de outubro de 2022,09/12/26,R$ 32.445,2ª Vara Criminal de Recife,urgente
3812,5217157-98.2020.2.64.4094,1439,civil,instrução,ATIVO,Dr. Barros,22 de junho de 2021,,,16ª Vara Cível de Recife,cliente não responde
3813,8168450-48.2020.2.65.4570,65,cível,acordo extrajudicial,settlement,Dr. Melo,19/02/2026,01/07/25,,14ª Vara Criminal de Recife,
3814,1098476-20.2021.1.47.3336,358,cível,arquivado,ATIVO,Dra. Fontes,2024-04-15,03/06/25,R$ 405.936,10ª Vara Criminal de Recife,urgente
3815,5284129-51.2020.3.32.5205,136,TRABALHISTA,audiência,closed,dr. melo,20 de julho de 2022,29 de março de 2026,,10ª Vara Trabalhista de Recife,
3816,3724721-44.2021.9.75.5553,181,Civil,acordo extrajudicial,suspended,dr. melo,2024-03-15,19/07/2026,,6ª Vara Trabalhista de Recife,
3817,5451988-41.2020.2.82.4041,1281,cível,inicial,encerrado,Dra. Cavalcante,26/08/21,21/05/26,R$ 378.742,1ª Vara Cível de Recife,em negociação
3818,2895065-46.2022.7.67.1438,885,Trabalhista,recurso,encerrado,Dr. Barros,21 de fevereiro de 2026,10/04/2026,,16ª Vara Cível de Recife,
3819,8936104-83.2022.1.39.7934,1079,cível,execução,appeal,Dr. Barros,2026-03-07,30 de abril de 2026,411586.00,19ª Vara Trabalhista de Recife,urgente
3820,2753004-76.2021.8.83.9874,1005,Trabalhista,sentença,ativo,Dr. Melo,24/01/2023,11/05/25,,14ª Vara Trabalhista de Recife,
3821,4460247-99.2024.9.97.4840,166,Civil,inicial,encerrado,Dr. Melo,2021-04-17,2025-01-25,R$ 366.648,6ª Vara Criminal de Recife,
3822,6075721-43.2020.9.85.8738,1329,Trabalhista,execução,ativo,Dra. Cavalcante,2024-10-13,8 de dezembro de 2026,37285.00,17ª Vara Trabalhista de Recife,em negociação
3823,7786207-82.2024.2.92.5696,174,Trabalhista,instrução,appeal,Dr. Barros,2023-02-20,2025-12-17,273547,18ª Vara Trabalhista de Recife,
3824,7419280-60.2021.1.40.9417,293,civil,inicial,suspended,Dra Fontes,01/12/23,19 de fevereiro de 2025,246567.00,16ª Vara Criminal de Recife,cliente não responde
3825,5755257-93.2020.8.44.2882,556,trabalhista,execução,encerrado,Dr. Barros,2021-06-07,19 de junho de 2026,R$ 197.598,14ª Vara Criminal de Recife,em negociação
3826,3306375-34.2024.9.48.9154,849,cível,instrução,ativo,Dr. Melo,24 de agosto de 2024,15 de dezembro de 2026,375140,13ª Vara Cível de Recife,
3827,1621418-87.2020.9.55.9337,178,TRABALHISTA,instrução,acordo,Dra. Cavalcante,6 de janeiro de 2024,11/02/26,,8ª Vara Criminal de Recife,em negociação
3828,7222167-30.2022.8.44.7452,662,Civil,audiência,settlement,Dra Fontes,25 de dezembro de 2023,2026-06-13,R$ 488.734,16ª Vara Cível de Recife,aguardando documentos
3829,9086174-80.2025.1.81.3292,685,civil,acordo extrajudicial,Ativo,Dr. Barros,16/06/25,,290978,14ª Vara Trabalhista de Recife,cliente não responde
3830,5422047-80.2024.8.62.4364,1420,trabalhista,arquivado,active,DRA. CAVALCANTE,28 de novembro de 2024,29/04/2025,34179,7ª Vara Trabalhista de Recife,
3831,8905709-90.2020.9.55.2471,1422,Civil,arquivado,suspended,Dra. Fontes,2021-04-15,27/06/2026,68805,2ª Vara Criminal de Recife,em negociação
3832,7633905-83.2022.9.95.2309,72,civil,instrução,suspended,Dr. Barros,17/03/2026,10/09/2026,,8ª Vara Trabalhista de Recife,
3833,1628717-84.2025.8.67.8313,1113,Trabalhista,execução,encerrado,Dr. Barros,06/07/20,2025-02-02,131762.00,2ª Vara Criminal de Recife,em negociação
3834,5747786-52.2023.7.30.3750,1179,civil,inicial,encerrado,Dra. Fontes,30/01/26,20/10/2026,R$ 304.797,3ª Vara Trabalhista de Recife,
3835,3510061-32.2020.9.13.4424,266,Civil,audiência,ativo,dr. melo,2021-04-08,20/04/2025,38234.00,7ª Vara Trabalhista de Recife,
3836,9835331-11.2022.6.15.8602,1036,Civil,arquivado,encerrado,Dr. Barros,14/06/24,19/05/26,,12ª Vara Criminal de Recife,
3837,5217157-98.2020.2.64.4094,1360,cível,acordo extrajudicial,Ativo,Dra Fontes,19/11/24,29 de agosto de 2025,,5ª Vara Cível de Recife,
3838,5058333-37.2021.3.98.8848,184,Civil,arquivado,ativo,Dra. Fontes,2025-05-30,13 de agosto de 2025,77601.00,16ª Vara Cível de Recife,cliente não responde
3839,1966014-66.2022.7.82.2137,1129,civil,inicial,encerrado,Dra Fontes,4 de setembro de 2021,14 de janeiro de 2026,449413.00,16ª Vara Cível de Recife,
3840,5901155-82.2023.2.89.7717,140,TRABALHISTA,audiência,acordo,dr. melo,17/07/23,24/03/25,R$ 414.245,15ª Vara Criminal de Recife,aguardando documentos
3841,2231929-89.2024.6.41.5461,252,Civil,audiência,acordo,Dra Fontes,3 de março de 2023,04/04/2026,R$ 419.833,16ª Vara Trabalhista de Recife,
3842,1557680-16.2021.4.16.4031,803,cível,sentença,ativo,Dra Fontes,17/10/2025,31/12/2026,R$ 413.912,1ª Vara Trabalhista de Recife,
3843,4299848-20.2023.2.47.7396,130,Trabalhista,inicial,Encerrado,Dra Fontes,08/01/23,,R$ 92.146,2ª Vara Criminal de Recife,em negociação
3844,5492622-29.2021.9.92.7737,891,civil,execução,ativo,Dr. Barros,2 de julho de 2020,28 de setembro de 2025,,7ª Vara Criminal de Recife,
3845,1101935-78.2023.5.88.5299,418,civil,acordo extrajudicial,em recurso,Dra. Fontes,2024-02-13,14/04/2026,235911,4ª Vara Cível de Recife,cliente não responde
3846,9425559-65.2022.6.99.1309,1302,trabalhista,audiência,encerrado,Dra Fontes,07/10/2023,14/03/26,,4ª Vara Cível de Recife,aguardando documentos
3847,8607512-63.2021.6.82.1039,661,trabalhista,inicial,acordo,dr. melo,23/08/2023,06/11/2026,175068,17ª Vara Cível de Recife,em negociação
3848,4952151-27.2023.3.38.8762,1433,cível,acordo extrajudicial,Encerrado,Dra Fontes,03/09/2021,1 de julho de 2026,231484.00,1ª Vara Criminal de Recife,
3849,3724721-44.2021.9.75.5553,434,cível,audiência,ATIVO,Dra. Fontes,30/06/2021,04/03/2025,231993.00,19ª Vara Criminal de Recife,cliente não responde
3850,4065326-72.2025.8.58.5304,828,trabalhista,arquivado,appeal,Dra. Cavalcante,16/05/2024,2025-12-22,472361,3ª Vara Cível de Recife,
3851,3724721-44.2021.9.75.5553,86,TRABALHISTA,audiência,ativo,Dra. Cavalcante,13/08/2025,2026-05-01,161989,18ª Vara Criminal de Recife,
3852,3168718-77.2025.2.92.8027,572,trabalhista,execução,suspended,Dr. Barros,05/03/25,02/11/26,R$ 53.998,10ª Vara Criminal de Recife,em negociação
3853,1633270-27.2024.2.52.7034,727,Trabalhista,instrução,ativo,Dra. Cavalcante,04/08/2024,16/09/2026,,4ª Vara Criminal de Recife,cliente não responde
3854,4961530-22.2021.4.22.6290,480,Trabalhista,audiência,settlement,Dra Fontes,2021-08-18,24/11/2026,9128,10ª Vara Cível de Recife,aguardando documentos
3855,7136189-41.2024.2.60.1768,1020,TRABALHISTA,instrução,settlement,Dra. Cavalcante,02/10/2024,2025-11-01,253378.00,19ª Vara Cível de Recife,urgente
3856,7136189-41.2024.2.60.1768,1268,Trabalhista,inicial,encerrado,Dra. Fontes,2022-11-28,23/10/26,R$ 32.667,4ª Vara Trabalhista de Recife,urgente
3857,9822459-92.2024.8.17.6403,1018,civil,instrução,em recurso,Dr. Melo,20/07/24,27/01/2026,44145,7ª Vara Cível de Recife,aguardando documentos
3858,8588997-88.2020.6.29.5987,858,Civil,recurso,ativo,Dr. Barros,13 de novembro de 2020,13/08/26,R$ 433.669,5ª Vara Cível de Recife,aguardando documentos
3859,4460247-99.2024.9.97.4840,391,civil,audiência,ativo,Dr. Barros,2023-01-05,31/10/25,R$ 72.647,14ª Vara Cível de Recife,
3860,5638123-23.2024.7.30.5009,1283,trabalhista,audiência,ativo,dr. melo,26/04/26,17 de junho de 2025,R$ 451.470,5ª Vara Criminal de Recife,em negociação
3861,6445422-21.2020.5.39.8096,344,Trabalhista,execução,ativo,Dra Fontes,26 de novembro de 2025,12 de maio de 2026,480346.00,11ª Vara Trabalhista de Recife,
3862,9398629-61.2022.5.88.8253,1499,Trabalhista,execução,suspended,DRA. CAVALCANTE,2023-03-09,12 de março de 2025,497758,6ª Vara Trabalhista de Recife,
3863,4510407-23.2020.5.18.6055,527,TRABALHISTA,inicial,encerrado,Dra. Cavalcante,19/08/2020,20/11/25,,14ª Vara Criminal de Recife,
3864,4510407-23.2020.5.18.6055,940,trabalhista,acordo extrajudicial,closed,Dra. Cavalcante,2021-10-01,07/06/26,33617.00,2ª Vara Criminal de Recife,cliente não responde
3865,9076234-78.2023.3.90.2702,825,TRABALHISTA,sentença,settlement,Dr. Melo,29/11/2025,2026-11-28,,3ª Vara Trabalhista de Recife,em negociação
3866,8749473-21.2020.4.12.9144,1072,Civil,recurso,ativo,Dra. Fontes,23 de dezembro de 2025,28/11/2026,,11ª Vara Cível de Recife,
3867,7515318-25.2024.4.34.6280,864,Trabalhista,inicial,acordo,Dra. Fontes,2025-07-15,18 de fevereiro de 2025,R$ 484.886,15ª Vara Criminal de Recife,
3868,8936104-83.2022.1.39.7934,1091,cível,recurso,active,DRA. CAVALCANTE,17/05/2025,3 de abril de 2026,471735,2ª Vara Criminal de Recife,
3869,6096719-87.2023.1.41.6180,1462,TRABALHISTA,arquivado,em recurso,dr. melo,15/06/2020,,78195,17ª Vara Criminal de Recife,urgente
3870,7271178-97.2023.5.84.4243,1063,Trabalhista,audiência,active,DRA. CAVALCANTE,12/03/2020,07/06/26,305020.00,18ª Vara Cível de Recife,
3871,8306601-19.2020.3.50.7457,1499,Civil,sentença,em recurso,Dr. Melo,2024-10-04,8 de junho de 2025,,1ª Vara Criminal de Recife,cliente não responde
3872,4090182-95.2021.1.57.7189,917,TRABALHISTA,inicial,ativo,Dra. Cavalcante,19/12/2025,2025-04-20,463967,1ª Vara Cível de Recife,
3873,5159882-37.2022.9.71.7550,846,trabalhista,recurso,Encerrado,Dra. Cavalcante,2021-12-21,3 de maio de 2025,335989,5ª Vara Criminal de Recife,
3874,7979033-26.2021.6.18.1084,1306,cível,inicial,suspenso,dr. melo,09/10/24,2025-07-30,,4ª Vara Criminal de Recife,urgente
3875,3821719-15.2025.2.86.2518,683,civil,audiência,ativo,Dr. Barros,22/04/2022,2025-05-23,58738,6ª Vara Cível de Recife,cliente não responde
3876,4563779-48.2023.2.87.9606,552,cível,inicial,ativo,Dra Fontes,18 de novembro de 2025,30 de janeiro de 2026,36085.00,4ª Vara Trabalhista de Recife,
3877,6404948-40.2021.7.68.7161,778,civil,sentença,appeal,Dr. Melo,23/08/22,14/03/2025,R$ 13.047,17ª Vara Trabalhista de Recife,cliente não responde
3878,2236315-26.2022.5.82.8939,1302,Civil,arquivado,closed,Dra. Cavalcante,10/06/22,19 de dezembro de 2025,50597,15ª Vara Trabalhista de Recife,urgente
3879,5462435-11.2024.9.85.2977,705,cível,audiência,ATIVO,Dra Fontes,04/08/25,21 de março de 2025,123192,16ª Vara Trabalhista de Recife,aguardando documentos
3880,4510407-23.2020.5.18.6055,916,trabalhista,instrução,appeal,Dra. Cavalcante,2024-12-07,05/04/26,158770,15ª Vara Cível de Recife,em negociação
3881,3541821-31.2021.8.96.1927,555,civil,instrução,encerrado,Dra. Fontes,2022-11-04,11 de agosto de 2025,R$ 220.116,15ª Vara Criminal de Recife,aguardando documentos
3882,8678370-92.2025.7.35.9962,476,TRABALHISTA,inicial,active,DRA. CAVALCANTE,06/12/22,23/04/2026,340093.00,4ª Vara Trabalhista de Recife,
3883,5217157-98.2020.2.64.4094,64,Trabalhista,audiência,closed,Dra. Cavalcante,2 de janeiro de 2024,11/09/2025,199802.00,11ª Vara Cível de Recife,urgente
3884,5747786-52.2023.7.30.3750,517,cível,execução,ativo,DRA. CAVALCANTE,06/11/2022,20 de setembro de 2026,203613.00,17ª Vara Criminal de Recife,em negociação
3885,4090182-95.2021.1.57.7189,1000,cível,execução,acordo,DRA. CAVALCANTE,2021-11-16,,445507.00,19ª Vara Criminal de Recife,cliente não responde
3886,8749473-21.2020.4.12.9144,684,cível,execução,closed,Dr. Melo,2 de julho de 2025,8 de junho de 2026,278531,6ª Vara Trabalhista de Recife,
3887,8066975-72.2023.7.26.7675,1262,Civil,audiência,suspended,Dra. Cavalcante,28/12/2020,18/10/2025,,7ª Vara Criminal de Recife,cliente não responde
3888,6339808-70.2020.2.67.1325,531,trabalhista,execução,encerrado,DRA. CAVALCANTE,28/04/21,16/12/2025,,18ª Vara Trabalhista de Recife,cliente não responde
3889,3667022-35.2020.9.76.3115,414,Trabalhista,audiência,encerrado,Dr. Barros,2021-02-21,02/08/25,77856,15ª Vara Trabalhista de Recife,cliente não responde
3890,4433355-55.2023.8.48.9346,22,TRABALHISTA,acordo extrajudicial,acordo,DRA. CAVALCANTE,06/01/21,19 de agosto de 2025,337690.00,15ª Vara Criminal de Recife,cliente não responde
3891,5514997-95.2024.1.84.8098,366,civil,inicial,appeal,Dr. Barros,2026-01-16,08/08/2026,R$ 318.150,19ª Vara Trabalhista de Recife,
3892,5732779-86.2025.4.28.7831,641,trabalhista,acordo extrajudicial,appeal,DRA. CAVALCANTE,21/02/26,24/05/2026,R$ 75.009,9ª Vara Trabalhista de Recife,em negociação
3893,2842764-33.2025.7.99.7279,638,Trabalhista,instrução,closed,Dr. Barros,6 de abril de 2024,03/11/26,168592.00,9ª Vara Cível de Recife,
3894,6034606-21.2023.6.18.6684,1203,Trabalhista,audiência,closed,dr. melo,29/11/22,2025-05-13,R$ 252.236,16ª Vara Trabalhista de Recife,
3895,5755257-93.2020.8.44.2882,871,civil,instrução,closed,Dra Fontes,30 de agosto de 2022,2025-02-14,,5ª Vara Criminal de Recife,em negociação
3896,7223110-52.2024.2.44.8994,265,civil,audiência,acordo,Dr. Barros,19/07/2024,22 de julho de 2025,11270.00,13ª Vara Cível de Recife,
3897,5210656-44.2021.1.39.2474,1404,TRABALHISTA,arquivado,Ativo,Dr. Barros,26 de agosto de 2021,2026-07-27,82621,16ª Vara Trabalhista de Recife,em negociação
3898,3541821-31.2021.8.96.1927,1019,TRABALHISTA,inicial,em recurso,Dr. Melo,24/08/25,2026-10-24,150927.00,20ª Vara Trabalhista de Recife,aguardando documentos
3899,5700249-43.2020.5.57.9341,211,trabalhista,instrução,em recurso,Dr. Barros,2021-11-21,05/01/26,357568.00,5ª Vara Trabalhista de Recife,
3900,6663627-76.2023.9.26.5770,221,Civil,inicial,settlement,Dra. Fontes,11 de novembro de 2023,,R$ 315.702,16ª Vara Criminal de Recife,em negociação
3901,9057219-99.2020.9.96.3254,599,Civil,arquivado,active,Dr. Barros,2023-12-11,,R$ 348.896,17ª Vara Cível de Recife,
3902,1621418-87.2020.9.55.9337,846,cível,arquivado,ativo,Dr. Melo,22 de maio de 2024,26/03/25,,14ª Vara Trabalhista de Recife,
3903,6339808-70.2020.2.67.1325,799,Trabalhista,recurso,suspended,Dr. Melo,09/10/23,24/01/2026,,12ª Vara Cível de Recife,
3904,8220628-15.2021.8.54.9077,975,trabalhista,sentença,ativo,Dr. Barros,4 de fevereiro de 2024,24 de setembro de 2026,R$ 202.089,18ª Vara Criminal de Recife,em negociação
3905,7274275-74.2020.1.22.9780,1142,cível,instrução,encerrado,Dr. Barros,14/01/20,20 de abril de 2025,349983.00,13ª Vara Trabalhista de Recife,aguardando documentos
3906,8381610-96.2020.6.26.2533,776,trabalhista,arquivado,ativo,Dr. Barros,24 de julho de 2022,19/04/25,R$ 47.523,8ª Vara Cível de Recife,cliente não responde
3907,7951127-89.2024.1.63.3502,911,trabalhista,inicial,ativo,Dr. Barros,28 de janeiro de 2021,24/08/25,429006.00,1ª Vara Criminal de Recife,em negociação
3908,1742202-63.2023.6.68.9372,987,civil,audiência,active,dr. melo,04/02/20,04/01/2026,,12ª Vara Trabalhista de Recife,
3909,3724721-44.2021.9.75.5553,1425,TRABALHISTA,execução,ativo,Dr. Barros,6 de outubro de 2020,3 de janeiro de 2026,330650.00,20ª Vara Criminal de Recife,em negociação
3910,2191287-57.2021.1.18.8228,711,TRABALHISTA,recurso,encerrado,dr. melo,10 de novembro de 2025,19/03/2025,11555,7ª Vara Criminal de Recife,em negociação
3911,6101036-60.2022.7.49.3295,1154,Civil,recurso,settlement,DRA. CAVALCANTE,07/09/21,30 de março de 2025,279351.00,3ª Vara Criminal de Recife,urgente
3912,2660213-63.2022.6.50.8366,194,Civil,recurso,encerrado,Dr. Barros,2020-12-14,24/02/26,,4ª Vara Criminal de Recife,aguardando documentos
3913,7951127-89.2024.1.63.3502,778,civil,recurso,acordo,Dra. Fontes,2021-08-22,9 de maio de 2025,39691,4ª Vara Trabalhista de Recife,
3914,8382607-83.2020.6.26.3936,902,TRABALHISTA,audiência,encerrado,Dr. Barros,2023-12-03,5 de julho de 2026,232295,3ª Vara Trabalhista de Recife,
3915,2461262-96.2021.6.48.1315,1374,civil,acordo extrajudicial,active,dr. melo,16/11/2023,29 de julho de 2026,270338.00,14ª Vara Cível de Recife,em negociação
3916,9822459-92.2024.8.17.6403,77,civil,sentença,suspended,Dr. Barros,26 de fevereiro de 2026,18 de novembro de 2026,139461.00,12ª Vara Trabalhista de Recife,em negociação
3917,1098476-20.2021.1.47.3336,888,cível,instrução,closed,DRA. CAVALCANTE,30/03/2024,4 de outubro de 2026,,11ª Vara Criminal de Recife,
3918,2341370-92.2024.9.60.8122,133,cível,arquivado,ativo,Dr. Barros,8 de agosto de 2023,6 de janeiro de 2026,481220.00,18ª Vara Criminal de Recife,
3919,1346701-74.2024.1.65.8985,1168,Civil,execução,acordo,Dr. Melo,13 de dezembro de 2025,07/10/2025,462254.00,20ª Vara Criminal de Recife,aguardando documentos
3920,4092125-65.2025.3.26.9073,932,Trabalhista,execução,Ativo,Dra. Fontes,06/07/24,20/07/2025,R$ 436.754,17ª Vara Cível de Recife,cliente não responde
3921,7749444-78.2021.1.20.8763,1209,Civil,arquivado,suspenso,Dra. Cavalcante,18 de novembro de 2021,8 de fevereiro de 2026,,13ª Vara Trabalhista de Recife,
3922,1101935-78.2023.5.88.5299,102,trabalhista,execução,encerrado,Dra. Fontes,17/01/2023,19/06/2025,334699.00,17ª Vara Cível de Recife,cliente não responde
3923,4229107-99.2020.7.61.3978,42,Civil,acordo extrajudicial,ativo,Dra. Fontes,2025-07-13,14/08/26,212154,18ª Vara Trabalhista de Recife,
3924,3505690-87.2020.8.52.6260,591,TRABALHISTA,acordo extrajudicial,active,dr. melo,2025-04-02,16 de setembro de 2026,458214.00,5ª Vara Criminal de Recife,
3925,4507711-38.2024.2.34.4732,1077,cível,audiência,settlement,Dra. Cavalcante,2020-03-01,,,12ª Vara Trabalhista de Recife,
3926,8827641-36.2022.5.59.8715,1038,trabalhista,recurso,em recurso,Dr. Melo,12 de outubro de 2024,29/08/26,R$ 202.046,9ª Vara Cível de Recife,urgente
3927,2267110-24.2021.5.78.6025,928,Civil,recurso,encerrado,Dra Fontes,27 de julho de 2025,19 de julho de 2025,209930.00,17ª Vara Criminal de Recife,
3928,9992831-61.2022.4.35.1469,424,Civil,acordo extrajudicial,encerrado,dr. melo,30 de junho de 2023,2026-02-04,R$ 392.486,2ª Vara Trabalhista de Recife,
3929,5901155-82.2023.2.89.7717,1250,cível,audiência,ativo,Dr. Barros,2021-09-04,10/05/2025,393873.00,11ª Vara Criminal de Recife,
3930,2753004-76.2021.8.83.9874,295,Civil,acordo extrajudicial,appeal,dr. melo,7 de fevereiro de 2021,6 de novembro de 2025,R$ 334.220,17ª Vara Trabalhista de Recife,urgente
3931,5850223-43.2020.3.81.3185,748,Civil,execução,ativo,Dr. Barros,28 de agosto de 2022,03/11/25,83683,9ª Vara Trabalhista de Recife,
3932,5545511-73.2023.1.66.9757,81,cível,inicial,appeal,dr. melo,17/12/23,2025-09-12,285667,8ª Vara Trabalhista de Recife,aguardando documentos
3933,7419280-60.2021.1.40.9417,1308,Trabalhista,audiência,ativo,Dr. Barros,2026-05-01,2025-12-17,343482,3ª Vara Trabalhista de Recife,aguardando documentos
3934,6254488-31.2024.9.48.3216,936,TRABALHISTA,acordo extrajudicial,Ativo,Dr. Barros,22/06/2024,,153552,3ª Vara Cível de Recife,em negociação
3935,5289264-48.2020.4.41.6347,398,civil,execução,suspended,DRA. CAVALCANTE,24/11/25,18 de agosto de 2025,,10ª Vara Cível de Recife,cliente não responde
3936,6254488-31.2024.9.48.3216,1477,Civil,sentença,active,Dr. Barros,2026-03-30,05/02/2026,284973,19ª Vara Criminal de Recife,urgente
3937,5210656-44.2021.1.39.2474,752,Civil,sentença,Ativo,Dr. Barros,27/01/2026,2026-08-04,397602.00,15ª Vara Cível de Recife,urgente
3938,5483975-50.2024.8.92.4422,1368,trabalhista,recurso,ATIVO,DRA. CAVALCANTE,25/06/2023,8 de agosto de 2026,125219.00,4ª Vara Cível de Recife,
3939,3401866-56.2021.1.87.5297,1161,civil,arquivado,Ativo,Dra. Cavalcante,25/04/2025,25 de setembro de 2025,R$ 450.197,6ª Vara Cível de Recife,
3940,7224257-29.2020.8.88.9110,626,trabalhista,execução,suspenso,Dra. Fontes,24/12/2024,2025-10-05,,13ª Vara Criminal de Recife,
3941,4768255-51.2022.4.94.5695,1489,cível,sentença,ativo,Dr. Barros,2024-12-09,06/01/26,R$ 468.144,2ª Vara Trabalhista de Recife,
3942,1887163-62.2025.9.93.1037,1343,Trabalhista,sentença,closed,dr. melo,12/05/23,2026-03-23,,3ª Vara Cível de Recife,
3943,8827641-36.2022.5.59.8715,748,cível,instrução,Encerrado,Dra. Cavalcante,18 de maio de 2021,24/05/2025,R$ 429.816,20ª Vara Trabalhista de Recife,
3944,8530609-10.2021.5.41.7151,182,Trabalhista,recurso,ativo,Dr. Barros,2022-11-05,05/02/2026,8173.00,4ª Vara Trabalhista de Recife,
3945,2824928-33.2020.1.90.6467,980,cível,recurso,encerrado,Dr. Melo,30/08/2024,2025-03-18,240517.00,8ª Vara Criminal de Recife,
3946,1438459-62.2020.7.78.3410,1059,Trabalhista,acordo extrajudicial,encerrado,Dra. Cavalcante,24/11/2020,03/02/2026,65323,12ª Vara Criminal de Recife,
3947,7419280-60.2021.1.40.9417,66,civil,recurso,closed,Dra Fontes,25 de janeiro de 2024,2026-06-11,45402.00,5ª Vara Cível de Recife,
3948,1974389-81.2024.5.57.9354,1028,TRABALHISTA,inicial,closed,dr. melo,2022-10-28,2026-01-20,179463.00,20ª Vara Cível de Recife,
3949,5159882-37.2022.9.71.7550,237,civil,instrução,ativo,Dr. Melo,13 de julho de 2024,31 de janeiro de 2026,34013,5ª Vara Trabalhista de Recife,
3950,4384627-80.2021.2.13.1061,690,cível,inicial,em recurso,Dra. Cavalcante,28 de maio de 2020,06/08/26,R$ 193.875,20ª Vara Trabalhista de Recife,em negociação
3951,8892606-62.2022.2.87.2168,1003,Civil,instrução,Ativo,DRA. CAVALCANTE,03/03/23,2025-05-30,459539,20ª Vara Criminal de Recife,aguardando documentos
3952,5614769-67.2022.9.87.1001,994,TRABALHISTA,sentença,acordo,Dr. Barros,2 de março de 2021,14 de dezembro de 2026,,1ª Vara Trabalhista de Recife,aguardando documentos
3953,3667022-35.2020.9.76.3115,1133,TRABALHISTA,recurso,closed,Dr. Barros,04/02/20,04/02/26,54626,18ª Vara Criminal de Recife,
3954,5518767-82.2023.4.96.9873,553,cível,recurso,Ativo,Dr. Barros,2021-01-15,22 de junho de 2026,,7ª Vara Trabalhista de Recife,
3955,5271615-59.2021.2.54.6844,895,cível,arquivado,ativo,DRA. CAVALCANTE,5 de setembro de 2020,22/11/2026,54739,19ª Vara Criminal de Recife,cliente não responde
3956,5274951-77.2021.1.76.5120,319,Civil,audiência,suspended,Dra. Cavalcante,08/05/2025,09/06/2026,287916,5ª Vara Criminal de Recife,aguardando documentos
3957,1185885-59.2023.7.19.8433,125,civil,inicial,acordo,Dra. Cavalcante,19/03/25,2026-11-14,R$ 211.214,18ª Vara Trabalhista de Recife,em negociação
3958,1778149-24.2023.1.86.3557,1466,civil,recurso,settlement,Dra. Fontes,6 de dezembro de 2024,28 de junho de 2025,R$ 384.479,6ª Vara Cível de Recife,aguardando documentos
3959,9110060-16.2025.2.29.4716,756,Trabalhista,arquivado,Encerrado,DRA. CAVALCANTE,2024-09-14,23 de novembro de 2026,,13ª Vara Criminal de Recife,
3960,9810112-12.2021.1.97.8847,81,civil,instrução,ativo,dr. melo,23/07/2024,31/12/25,222952.00,14ª Vara Criminal de Recife,
3961,8588997-88.2020.6.29.5987,1272,civil,recurso,em recurso,Dra Fontes,16 de julho de 2022,,R$ 270.679,16ª Vara Trabalhista de Recife,cliente não responde
3962,7813974-60.2021.1.81.1542,615,Civil,audiência,suspended,Dra. Cavalcante,15/12/21,01/09/2025,,12ª Vara Criminal de Recife,urgente
3963,5074974-98.2023.8.21.9881,1314,Civil,instrução,closed,DRA. CAVALCANTE,08/12/25,09/02/26,273973,8ª Vara Trabalhista de Recife,
3964,6034606-21.2023.6.18.6684,364,trabalhista,recurso,ativo,Dra. Cavalcante,2023-04-15,05/06/2025,R$ 119.358,17ª Vara Cível de Recife,
3965,5700249-43.2020.5.57.9341,1290,Trabalhista,audiência,ativo,Dra. Fontes,8 de agosto de 2022,20/09/2025,128384.00,18ª Vara Trabalhista de Recife,
3966,7687292-20.2021.4.85.7539,1004,cível,sentença,Ativo,Dr. Barros,27 de março de 2026,2025-10-05,222502,18ª Vara Criminal de Recife,urgente
3967,7110796-41.2020.3.80.5362,117,trabalhista,inicial,Ativo,Dr. Barros,25/06/2025,2025-07-14,311247.00,15ª Vara Trabalhista de Recife,
3968,7515318-25.2024.4.34.6280,487,civil,acordo extrajudicial,appeal,DRA. CAVALCANTE,2020-01-25,11/05/2025,,2ª Vara Cível de Recife,cliente não responde
3969,4180949-86.2020.3.26.7593,1481,Trabalhista,arquivado,ativo,Dr. Melo,19 de fevereiro de 2023,01/02/2026,,8ª Vara Cível de Recife,
3970,8936104-83.2022.1.39.7934,902,Trabalhista,recurso,suspended,Dra. Cavalcante,18 de dezembro de 2020,8 de fevereiro de 2025,429134.00,18ª Vara Trabalhista de Recife,
3971,9810112-12.2021.1.97.8847,694,TRABALHISTA,sentença,settlement,Dra Fontes,05/07/24,20/12/2025,493487.00,7ª Vara Cível de Recife,
3972,4134515-43.2021.8.70.4879,684,Civil,execução,encerrado,Dra Fontes,15/02/26,12 de julho de 2026,320044.00,6ª Vara Cível de Recife,em negociação
3973,3778380-86.2023.9.32.5849,329,Civil,inicial,settlement,DRA. CAVALCANTE,2021-12-02,18/05/2026,73239.00,9ª Vara Criminal de Recife,
3974,1667591-67.2025.4.69.9424,990,cível,sentença,encerrado,DRA. CAVALCANTE,17/11/25,4 de dezembro de 2026,232827.00,19ª Vara Cível de Recife,urgente
3975,5266269-78.2021.7.59.1392,808,civil,audiência,ativo,DRA. CAVALCANTE,2021-02-15,,398307,12ª Vara Criminal de Recife,
3976,5284129-51.2020.3.32.5205,570,Civil,acordo extrajudicial,ativo,Dra. Cavalcante,2023-09-24,19/05/2025,197125,4ª Vara Trabalhista de Recife,urgente
3977,4326518-76.2023.4.36.8530,106,Civil,acordo extrajudicial,encerrado,Dra. Cavalcante,05/05/2025,07/03/26,R$ 32.239,7ª Vara Cível de Recife,cliente não responde
3978,3785792-10.2020.5.78.7940,313,cível,acordo extrajudicial,Ativo,DRA. CAVALCANTE,23/09/21,10/06/25,259720.00,16ª Vara Criminal de Recife,
3979,8168054-14.2024.6.50.1232,105,cível,inicial,settlement,Dr. Barros,2023-04-05,13 de julho de 2026,17616,4ª Vara Trabalhista de Recife,cliente não responde
3980,1633270-27.2024.2.52.7034,355,TRABALHISTA,arquivado,encerrado,Dra Fontes,26/01/2025,27 de março de 2026,R$ 177.453,1ª Vara Trabalhista de Recife,
3981,4065326-72.2025.8.58.5304,934,cível,execução,encerrado,dr. melo,11 de novembro de 2022,31 de março de 2025,R$ 120.131,17ª Vara Trabalhista de Recife,
3982,3766710-17.2025.4.91.1472,1222,civil,execução,encerrado,DRA. CAVALCANTE,12/04/22,14/02/2025,,6ª Vara Cível de Recife,urgente
3983,3679963-72.2020.9.29.7859,1196,Civil,execução,em recurso,Dr. Barros,24 de abril de 2021,27/08/26,164910.00,10ª Vara Trabalhista de Recife,aguardando documentos
3984,1602496-64.2022.5.79.8340,113,cível,acordo extrajudicial,closed,Dr. Barros,27/09/24,26 de dezembro de 2026,R$ 401.719,1ª Vara Criminal de Recife,aguardando documentos
3985,6101036-60.2022.7.49.3295,1257,trabalhista,instrução,settlement,dr. melo,06/06/2023,21/08/2026,36698,14ª Vara Cível de Recife,em negociação
3986,2824928-33.2020.1.90.6467,1472,Trabalhista,acordo extrajudicial,ativo,dr. melo,06/08/2023,31 de março de 2025,62579,7ª Vara Trabalhista de Recife,
3987,7271178-97.2023.5.84.4243,539,TRABALHISTA,inicial,ativo,Dr. Melo,11/10/23,08/07/25,,18ª Vara Trabalhista de Recife,aguardando documentos
3988,7951127-89.2024.1.63.3502,141,civil,arquivado,suspended,Dr. Melo,06/12/25,13 de janeiro de 2026,R$ 461.013,3ª Vara Cível de Recife,em negociação
3989,9214397-26.2023.4.18.6844,911,cível,execução,active,Dra. Fontes,2023-12-20,06/08/2025,87253,20ª Vara Trabalhista de Recife,
3990,9835331-11.2022.6.15.8602,1374,cível,recurso,appeal,Dra Fontes,11/03/22,16 de março de 2025,363539.00,2ª Vara Trabalhista de Recife,cliente não responde
3991,9953454-93.2020.2.52.5723,747,cível,arquivado,ativo,dr. melo,26/05/24,2026-01-23,R$ 112.269,2ª Vara Cível de Recife,
3992,5472823-70.2022.4.41.7624,375,Civil,acordo extrajudicial,Encerrado,Dra. Fontes,23/08/22,20 de agosto de 2025,,6ª Vara Cível de Recife,
3993,7065068-16.2021.7.14.6489,761,cível,inicial,acordo,Dr. Barros,03/10/25,27/12/26,107606,7ª Vara Criminal de Recife,urgente
3994,5660649-86.2020.5.86.9291,1414,Civil,sentença,closed,Dra. Fontes,28/07/25,28/07/25,275564.00,5ª Vara Cível de Recife,urgente
3995,8574876-96.2020.7.97.4673,110,Trabalhista,audiência,acordo,DRA. CAVALCANTE,17 de fevereiro de 2021,16/08/25,,3ª Vara Cível de Recife,
3996,8209168-30.2020.1.41.7632,1416,Civil,acordo extrajudicial,acordo,Dra Fontes,04/08/2023,,438106,2ª Vara Cível de Recife,
3997,6339266-27.2025.5.15.6766,1099,cível,inicial,closed,DRA. CAVALCANTE,22/01/2024,2025-12-10,27904.00,15ª Vara Criminal de Recife,
3998,6476769-27.2021.5.22.2570,83,TRABALHISTA,acordo extrajudicial,encerrado,Dr. Melo,2023-05-02,07/09/25,,18ª Vara Cível de Recife,
3999,4415624-13.2024.9.14.9480,1174,civil,recurso,em recurso,Dr. Barros,31/07/22,06/10/2026,,5ª Vara Criminal de Recife,em negociação
4000,2236315-26.2022.5.82.8939,969,Trabalhista,acordo extrajudicial,suspended,Dra Fontes,2020-10-25,31/12/2025,R$ 374.219,12ª Vara Criminal de Recife,
4001,3922248-27.2025.1.42.4047,312,trabalhista,inicial,encerrado,Dra. Fontes,10 de setembro de 2025,2026-09-29,R$ 231.486,9ª Vara Cível de Recife,
4002,2461262-96.2021.6.48.1315,70,TRABALHISTA,sentença,closed,dr. melo,2024-01-23,16/10/25,R$ 292.909,13ª Vara Trabalhista de Recife,
4003,3263740-44.2022.3.81.5402,874,Trabalhista,audiência,suspended,Dr. Melo,27/07/2024,,337485,18ª Vara Criminal de Recife,
4004,2997279-67.2024.9.84.1441,908,civil,sentença,closed,Dr. Melo,26/12/2024,23 de maio de 2026,257482.00,14ª Vara Trabalhista de Recife,aguardando documentos
4005,2884639-86.2023.2.31.8737,258,cível,arquivado,settlement,Dra. Fontes,2024-04-02,22 de outubro de 2026,,2ª Vara Trabalhista de Recife,
4006,8215015-64.2021.5.32.1893,1111,trabalhista,audiência,ativo,Dra Fontes,06/02/2025,2025-04-20,R$ 61.162,8ª Vara Cível de Recife,aguardando documentos
4007,9953454-93.2020.2.52.5723,123,cível,acordo extrajudicial,ativo,Dr. Barros,06/03/23,2025-05-22,176600,13ª Vara Criminal de Recife,em negociação
4008,3401866-56.2021.1.87.5297,1268,Trabalhista,sentença,Encerrado,Dra. Fontes,02/04/2024,16 de abril de 2025,R$ 211.111,6ª Vara Trabalhista de Recife,
4009,4568537-97.2021.4.82.7633,1427,Civil,acordo extrajudicial,acordo,Dr. Barros,21/11/22,15 de novembro de 2025,,13ª Vara Criminal de Recife,cliente não responde
4010,8382607-83.2020.6.26.3936,1046,Trabalhista,execução,ATIVO,Dr. Barros,16/04/26,20/01/2025,,2ª Vara Cível de Recife,
4011,7274275-74.2020.1.22.9780,1478,Trabalhista,sentença,ATIVO,Dr. Barros,17/10/24,16/10/2025,303521,3ª Vara Trabalhista de Recife,em negociação
4012,8749473-21.2020.4.12.9144,1230,TRABALHISTA,sentença,ATIVO,Dr. Barros,18 de abril de 2026,05/02/25,R$ 28.995,15ª Vara Cível de Recife,urgente
4013,5755257-93.2020.8.44.2882,944,cível,acordo extrajudicial,ativo,Dra. Cavalcante,16 de maio de 2024,2026-11-29,86741,19ª Vara Trabalhista de Recife,em negociação
4014,6075721-43.2020.9.85.8738,83,Trabalhista,sentença,Ativo,Dr. Melo,2020-07-08,11/12/2025,475225.00,9ª Vara Criminal de Recife,cliente não responde
4015,1833330-93.2025.8.61.3405,1275,Civil,arquivado,ativo,Dra. Fontes,09/09/21,31 de agosto de 2026,175691.00,7ª Vara Trabalhista de Recife,
4016,7948577-74.2025.1.60.7583,847,Civil,instrução,Encerrado,dr. melo,10/08/2020,23/10/2026,R$ 253.168,4ª Vara Trabalhista de Recife,urgente
4017,6416661-36.2021.8.21.8496,493,civil,acordo extrajudicial,ativo,Dr. Barros,02/01/24,21/04/26,R$ 328.463,18ª Vara Criminal de Recife,aguardando documentos
4018,2895065-46.2022.7.67.1438,220,trabalhista,acordo extrajudicial,appeal,Dr. Barros,19/12/23,04/06/2025,R$ 163.792,7ª Vara Cível de Recife,
4019,2100417-68.2021.7.29.9662,571,cível,instrução,acordo,Dra. Fontes,13 de abril de 2025,15/02/2025,,19ª Vara Trabalhista de Recife,em negociação
4020,9898363-27.2020.4.89.2966,573,Civil,execução,closed,Dra Fontes,27 de junho de 2021,2025-09-29,,18ª Vara Cível de Recife,aguardando documentos
4021,3510061-32.2020.9.13.4424,991,civil,recurso,em recurso,Dra Fontes,8 de setembro de 2022,2 de fevereiro de 2025,,11ª Vara Criminal de Recife,
4022,7271178-97.2023.5.84.4243,1161,Trabalhista,acordo extrajudicial,ativo,Dr. Melo,17/11/2022,13 de agosto de 2025,,17ª Vara Trabalhista de Recife,
4023,3542616-60.2022.3.87.6536,156,TRABALHISTA,inicial,Encerrado,DRA. CAVALCANTE,07/04/2023,02/11/25,215080.00,15ª Vara Trabalhista de Recife,
4024,7626521-25.2020.9.17.3305,311,civil,execução,appeal,Dr. Barros,22 de setembro de 2025,10/08/2026,R$ 100.853,5ª Vara Criminal de Recife,em negociação
4025,2545435-52.2025.3.59.7623,732,Civil,sentença,encerrado,Dr. Barros,2024-07-30,17/11/25,R$ 67.020,19ª Vara Cível de Recife,
4026,1165147-13.2020.2.47.5874,197,cível,audiência,encerrado,Dr. Barros,2021-01-30,24/12/2025,291941.00,10ª Vara Criminal de Recife,aguardando documentos
4027,7820540-78.2023.1.75.4823,887,Trabalhista,instrução,active,Dr. Melo,22/10/23,31/08/2025,247083.00,7ª Vara Criminal de Recife,aguardando documentos
4028,7979033-26.2021.6.18.1084,1483,Trabalhista,execução,ativo,dr. melo,10/07/2024,03/07/26,416389.00,16ª Vara Criminal de Recife,cliente não responde
4029,8827641-36.2022.5.59.8715,345,TRABALHISTA,inicial,active,Dra Fontes,2023-12-09,2026-05-05,R$ 201.116,11ª Vara Trabalhista de Recife,
4030,4433355-55.2023.8.48.9346,400,cível,arquivado,suspenso,dr. melo,2020-04-27,03/06/25,R$ 314.476,17ª Vara Criminal de Recife,
4031,3541821-31.2021.8.96.1927,1496,TRABALHISTA,inicial,suspended,Dra Fontes,2025-04-24,2026-12-30,,7ª Vara Criminal de Recife,cliente não responde
4032,1353022-94.2023.9.79.1203,1095,Trabalhista,acordo extrajudicial,encerrado,Dr. Barros,03/01/24,,,12ª Vara Criminal de Recife,aguardando documentos
4033,8588997-88.2020.6.29.5987,235,Civil,arquivado,em recurso,dr. melo,2024-07-10,2025-06-01,R$ 495.526,20ª Vara Criminal de Recife,em negociação
4034,5518767-82.2023.4.96.9873,1150,civil,inicial,ativo,Dra. Cavalcante,1 de novembro de 2021,14 de dezembro de 2025,R$ 316.146,14ª Vara Criminal de Recife,aguardando documentos
4035,4140100-24.2024.4.63.7178,909,Civil,arquivado,encerrado,Dr. Barros,16/03/22,23 de abril de 2026,13531,12ª Vara Cível de Recife,em negociação
4036,4961530-22.2021.4.22.6290,1298,Civil,inicial,em recurso,dr. melo,2022-05-01,11/05/25,,18ª Vara Criminal de Recife,aguardando documentos
4037,7320713-89.2022.3.68.7881,14,Trabalhista,instrução,suspended,Dr. Barros,2021-08-08,13/04/25,R$ 179.720,20ª Vara Trabalhista de Recife,urgente
4038,5853247-29.2020.7.62.8870,1109,Trabalhista,inicial,Encerrado,DRA. CAVALCANTE,14/11/2023,15/05/25,474541.00,2ª Vara Cível de Recife,
4039,3724721-44.2021.9.75.5553,1121,civil,execução,closed,Dra Fontes,2021-03-26,30/10/2026,51932.00,17ª Vara Cível de Recife,urgente
4040,9076234-78.2023.3.90.2702,1284,cível,execução,suspenso,dr. melo,23/01/2025,2025-06-15,207755,16ª Vara Trabalhista de Recife,
4041,6524227-53.2025.1.97.6214,798,Trabalhista,arquivado,appeal,Dra. Cavalcante,20/07/2022,08/01/26,,16ª Vara Criminal de Recife,
4042,5483975-50.2024.8.92.4422,637,TRABALHISTA,sentença,ativo,Dra. Cavalcante,11/11/2025,14/05/2026,R$ 378.277,11ª Vara Criminal de Recife,aguardando documentos
4043,7082985-88.2022.2.94.6058,478,Civil,inicial,encerrado,DRA. CAVALCANTE,2022-08-06,22/04/25,361766,6ª Vara Cível de Recife,
4044,4510407-23.2020.5.18.6055,1291,trabalhista,execução,encerrado,Dra Fontes,14/09/2022,08/09/2026,391773.00,5ª Vara Criminal de Recife,
4045,2397582-22.2023.9.93.4223,111,Trabalhista,sentença,closed,Dra Fontes,2022-06-29,22/12/26,335835,13ª Vara Criminal de Recife,em negociação
4046,4493339-70.2021.7.17.8725,1205,cível,arquivado,active,Dr. Barros,26 de setembro de 2025,22/11/25,289541.00,20ª Vara Criminal de Recife,aguardando documentos
4047,6018860-77.2022.1.94.1315,1432,cível,instrução,acordo,Dra. Cavalcante,4 de junho de 2025,04/01/2025,492634.00,15ª Vara Cível de Recife,em negociação
4048,9835331-11.2022.6.15.8602,611,trabalhista,acordo extrajudicial,acordo,dr. melo,07/09/2025,26/05/2025,R$ 249.593,10ª Vara Trabalhista de Recife,
4049,4460247-99.2024.9.97.4840,724,Trabalhista,sentença,ativo,dr. melo,08/03/20,2 de outubro de 2025,279188,5ª Vara Criminal de Recife,
4050,9108785-98.2021.3.78.6687,1390,Civil,inicial,suspended,Dr. Barros,2020-02-16,11/11/26,R$ 440.382,20ª Vara Criminal de Recife,
4051,1353022-94.2023.9.79.1203,1478,cível,acordo extrajudicial,encerrado,Dr. Melo,2025-07-17,09/10/25,R$ 403.523,6ª Vara Trabalhista de Recife,aguardando documentos
4052,4510407-23.2020.5.18.6055,1443,Civil,inicial,settlement,Dra. Fontes,01/09/23,,260602,5ª Vara Trabalhista de Recife,urgente
4053,2316290-44.2022.7.34.5190,559,Civil,arquivado,suspenso,Dra Fontes,20/12/2022,14 de fevereiro de 2025,139358.00,14ª Vara Trabalhista de Recife,
4054,6445422-21.2020.5.39.8096,281,Trabalhista,inicial,appeal,Dra Fontes,21/11/2020,26/10/26,460460.00,12ª Vara Cível de Recife,urgente
4055,4584224-94.2025.2.57.2511,673,cível,instrução,encerrado,Dr. Barros,17/09/2021,17 de janeiro de 2026,88418.00,3ª Vara Criminal de Recife,urgente
4056,5462435-11.2024.9.85.2977,337,TRABALHISTA,audiência,appeal,Dr. Barros,10/02/2022,2026-03-21,R$ 36.884,13ª Vara Criminal de Recife,aguardando documentos
4057,4510407-23.2020.5.18.6055,1243,cível,recurso,ativo,Dr. Melo,15 de outubro de 2022,2025-05-18,492707,9ª Vara Criminal de Recife,
4058,7951127-89.2024.1.63.3502,76,cível,recurso,Ativo,Dr. Melo,14/08/20,07/04/25,224139.00,17ª Vara Trabalhista de Recife,
4059,5747786-52.2023.7.30.3750,608,civil,recurso,encerrado,Dra. Cavalcante,30/05/2025,2025-01-12,37687,19ª Vara Trabalhista de Recife,em negociação
4060,4874996-38.2022.9.94.8154,172,Trabalhista,instrução,settlement,Dr. Barros,2020-02-08,28/01/26,,4ª Vara Trabalhista de Recife,
4061,5786762-52.2021.9.21.3037,451,Trabalhista,execução,suspenso,Dr. Barros,05/02/2023,11/08/26,291453,2ª Vara Cível de Recife,
4062,9573194-21.2022.1.35.8352,1232,Civil,arquivado,encerrado,Dr. Barros,16/04/2020,25/02/26,392247.00,8ª Vara Criminal de Recife,cliente não responde
4063,6779292-61.2021.4.86.2783,5,trabalhista,acordo extrajudicial,ativo,Dra Fontes,21/04/23,,454303.00,6ª Vara Cível de Recife,aguardando documentos
4064,8607512-63.2021.6.82.1039,268,civil,recurso,suspended,dr. melo,14/08/2022,15/10/2026,36331,9ª Vara Trabalhista de Recife,aguardando documentos
4065,5159219-49.2023.5.25.3676,962,trabalhista,audiência,encerrado,dr. melo,12 de março de 2025,25/07/25,,10ª Vara Criminal de Recife,aguardando documentos
4066,5700249-43.2020.5.57.9341,1059,Civil,instrução,appeal,Dra. Cavalcante,17/01/25,10 de setembro de 2025,R$ 12.310,20ª Vara Cível de Recife,em negociação
4067,1757615-27.2025.7.10.3762,1007,Civil,acordo extrajudicial,suspended,DRA. CAVALCANTE,26 de fevereiro de 2023,01/05/25,201904.00,2ª Vara Trabalhista de Recife,aguardando documentos
4068,7786207-82.2024.2.92.5696,1179,civil,audiência,acordo,Dra. Cavalcante,26/12/20,28 de outubro de 2025,211313,13ª Vara Cível de Recife,aguardando documentos
4069,3542799-64.2025.6.13.7299,1370,Trabalhista,execução,encerrado,Dra. Fontes,20/03/2022,27 de janeiro de 2026,R$ 20.896,1ª Vara Criminal de Recife,
4070,1614850-25.2020.8.85.3161,1116,cível,arquivado,suspended,DRA. CAVALCANTE,23/02/2022,2026-04-30,214227.00,19ª Vara Trabalhista de Recife,
4071,6384831-67.2022.5.89.7429,417,Civil,instrução,closed,Dr. Barros,11/02/21,01/07/25,10419,9ª Vara Criminal de Recife,
4072,3679963-72.2020.9.29.7859,938,civil,instrução,suspenso,Dra. Cavalcante,19 de dezembro de 2021,23 de janeiro de 2026,456082,4ª Vara Cível de Recife,
4073,8590346-68.2020.7.63.7780,392,trabalhista,instrução,ATIVO,Dr. Melo,6 de junho de 2022,2025-08-10,497238,16ª Vara Criminal de Recife,aguardando documentos
4074,2294596-63.2020.6.38.9193,991,Trabalhista,instrução,encerrado,Dr. Barros,20/11/21,06/03/26,R$ 139.580,4ª Vara Cível de Recife,
4075,7141324-67.2025.3.86.3413,840,civil,instrução,active,dr. melo,27 de setembro de 2025,2026-10-10,,14ª Vara Cível de Recife,
4076,1621418-87.2020.9.55.9337,81,civil,execução,encerrado,Dra Fontes,08/02/2024,2026-06-02,245359.00,3ª Vara Criminal de Recife,
4077,5050722-10.2024.8.29.4298,105,trabalhista,audiência,ativo,Dr. Melo,23/04/25,14 de fevereiro de 2025,176762,4ª Vara Criminal de Recife,
4078,6003915-30.2025.6.37.7681,456,trabalhista,arquivado,suspenso,Dr. Barros,06/11/2024,08/12/2025,,12ª Vara Trabalhista de Recife,aguardando documentos
4079,5966644-82.2023.4.88.9951,605,Civil,acordo extrajudicial,active,DRA. CAVALCANTE,2026-02-17,9 de outubro de 2025,335488.00,1ª Vara Cível de Recife,
4080,8215015-64.2021.5.32.1893,706,Civil,execução,closed,Dr. Barros,25 de junho de 2022,4 de dezembro de 2025,,9ª Vara Trabalhista de Recife,em negociação
4081,4893809-11.2021.7.19.9759,61,TRABALHISTA,instrução,suspenso,Dra. Cavalcante,24/02/2025,12/11/25,276719,6ª Vara Cível de Recife,
4082,1273300-90.2024.2.80.7378,77,cível,execução,acordo,Dra. Fontes,04/12/23,20 de abril de 2026,74122,3ª Vara Cível de Recife,em negociação
4083,5753123-52.2021.4.48.4042,347,Civil,inicial,encerrado,Dr. Barros,10 de maio de 2025,19/03/25,123541,18ª Vara Trabalhista de Recife,urgente
4084,7999133-20.2023.7.26.1121,715,Civil,acordo extrajudicial,ativo,dr. melo,19 de março de 2024,01/10/25,,17ª Vara Cível de Recife,
4085,6075721-43.2020.9.85.8738,365,Trabalhista,sentença,encerrado,dr. melo,10 de abril de 2022,09/11/26,335368.00,12ª Vara Trabalhista de Recife,cliente não responde
4086,1099617-37.2023.9.61.1793,321,cível,arquivado,suspenso,Dra. Fontes,26 de março de 2021,23/04/25,R$ 413.982,8ª Vara Criminal de Recife,
4087,2545435-52.2025.3.59.7623,11,TRABALHISTA,acordo extrajudicial,em recurso,Dr. Barros,2023-10-05,16/08/26,395453,20ª Vara Cível de Recife,
4088,5967836-10.2021.4.35.9671,941,Trabalhista,sentença,acordo,DRA. CAVALCANTE,28 de julho de 2020,10/03/2026,316512.00,7ª Vara Cível de Recife,em negociação
4089,5159882-37.2022.9.71.7550,895,civil,execução,ativo,Dr. Barros,28/02/2020,14/03/2026,,12ª Vara Criminal de Recife,urgente
4090,8215015-64.2021.5.32.1893,734,cível,audiência,acordo,Dra Fontes,24/12/2023,2026-10-10,R$ 424.643,20ª Vara Criminal de Recife,cliente não responde
4091,8066975-72.2023.7.26.7675,1050,trabalhista,audiência,Encerrado,DRA. CAVALCANTE,2022-02-01,2025-08-22,,13ª Vara Criminal de Recife,em negociação
4092,6011987-71.2020.8.10.4396,39,cível,inicial,appeal,DRA. CAVALCANTE,2023-02-25,23 de julho de 2026,,5ª Vara Criminal de Recife,
4093,3679963-72.2020.9.29.7859,99,Trabalhista,instrução,settlement,Dr. Barros,5 de janeiro de 2026,2026-08-06,208016.00,7ª Vara Cível de Recife,
4094,3510061-32.2020.9.13.4424,754,Trabalhista,instrução,ativo,Dr. Barros,19/12/22,14 de fevereiro de 2025,R$ 408.060,19ª Vara Criminal de Recife,cliente não responde
4095,9810112-12.2021.1.97.8847,1117,Trabalhista,sentença,appeal,dr. melo,09/03/21,27/04/2025,R$ 108.418,3ª Vara Trabalhista de Recife,cliente não responde
4096,3510061-32.2020.9.13.4424,942,TRABALHISTA,audiência,encerrado,DRA. CAVALCANTE,12/01/22,2026-01-04,91156,15ª Vara Trabalhista de Recife,aguardando documentos
4097,1784068-27.2021.3.12.2538,967,trabalhista,sentença,Encerrado,dr. melo,04/02/2026,06/11/2026,R$ 176.920,15ª Vara Cível de Recife,
4098,6075721-43.2020.9.85.8738,271,Civil,sentença,acordo,DRA. CAVALCANTE,2021-09-04,2026-11-17,462995.00,18ª Vara Criminal de Recife,aguardando documentos
4099,7515318-25.2024.4.34.6280,1412,civil,arquivado,ativo,Dr. Melo,1 de dezembro de 2021,21/02/26,,20ª Vara Trabalhista de Recife,
4100,4824419-32.2024.5.47.3265,65,Civil,sentença,ATIVO,Dr. Barros,2025-01-10,2026-01-16,,4ª Vara Criminal de Recife,aguardando documentos
4101,6011987-71.2020.8.10.4396,1406,Civil,recurso,closed,DRA. CAVALCANTE,23/03/26,23 de outubro de 2025,R$ 187.997,15ª Vara Cível de Recife,urgente
4102,4092125-65.2025.3.26.9073,1167,TRABALHISTA,arquivado,suspended,Dr. Barros,17/09/20,2026-12-09,255914.00,17ª Vara Criminal de Recife,urgente
4103,5483975-50.2024.8.92.4422,1428,Civil,inicial,ativo,Dra Fontes,29 de março de 2026,16/06/25,,9ª Vara Criminal de Recife,cliente não responde
4104,6254488-31.2024.9.48.3216,1351,civil,arquivado,acordo,DRA. CAVALCANTE,2020-06-30,18/06/2025,,5ª Vara Criminal de Recife,em negociação
4105,2411026-52.2022.6.26.7373,815,cível,inicial,Ativo,Dr. Melo,5 de dezembro de 2023,2026-10-06,121467,11ª Vara Cível de Recife,em negociação
4106,3821719-15.2025.2.86.2518,311,Trabalhista,recurso,settlement,Dr. Melo,15/04/20,2025-01-11,363886,6ª Vara Cível de Recife,em negociação
4107,4065326-72.2025.8.58.5304,635,TRABALHISTA,recurso,em recurso,Dr. Barros,2025-08-16,10 de outubro de 2026,,13ª Vara Trabalhista de Recife,
4108,9885734-21.2023.9.74.3450,904,TRABALHISTA,instrução,acordo,Dr. Melo,11/12/2020,27/07/26,332656.00,14ª Vara Criminal de Recife,cliente não responde
4109,6686912-30.2025.4.68.7078,727,Civil,execução,encerrado,Dra. Cavalcante,04/06/2024,,78445.00,20ª Vara Trabalhista de Recife,em negociação
4110,5753123-52.2021.4.48.4042,1301,civil,execução,settlement,Dra. Fontes,08/06/2023,15/08/2026,424829,4ª Vara Trabalhista de Recife,urgente
4111,8843990-84.2020.6.68.3017,1257,civil,audiência,ATIVO,Dra. Fontes,24/01/23,2026-12-10,450839.00,17ª Vara Criminal de Recife,em negociação
4112,8368372-34.2020.6.43.9691,192,Civil,instrução,em recurso,DRA. CAVALCANTE,06/01/22,01/03/26,,11ª Vara Criminal de Recife,em negociação
4113,8381610-96.2020.6.26.2533,1287,cível,arquivado,Encerrado,Dr. Melo,20/07/24,2025-10-10,,2ª Vara Cível de Recife,urgente
4114,6524227-53.2025.1.97.6214,900,TRABALHISTA,instrução,em recurso,Dr. Barros,01/03/26,14 de março de 2025,179494,18ª Vara Criminal de Recife,em negociação
4115,5271615-59.2021.2.54.6844,244,TRABALHISTA,instrução,encerrado,Dr. Barros,03/06/25,10 de outubro de 2025,102289.00,7ª Vara Cível de Recife,
4116,3679963-72.2020.9.29.7859,1381,civil,instrução,ativo,Dra Fontes,02/07/20,2025-02-10,R$ 154.179,2ª Vara Criminal de Recife,cliente não responde
4117,5518767-82.2023.4.96.9873,170,civil,arquivado,appeal,Dra. Fontes,2021-12-12,28/07/2026,R$ 327.148,18ª Vara Trabalhista de Recife,em negociação
4118,6018860-77.2022.1.94.1315,113,cível,arquivado,ativo,Dr. Barros,02/05/2022,2026-11-27,448420.00,2ª Vara Criminal de Recife,
4119,1557680-16.2021.4.16.4031,364,Civil,arquivado,suspenso,Dra. Cavalcante,08/07/2022,18/12/26,397200.00,12ª Vara Trabalhista de Recife,aguardando documentos
4120,4090182-95.2021.1.57.7189,1230,civil,instrução,closed,Dra. Fontes,27/06/2020,21/08/2025,,7ª Vara Trabalhista de Recife,
4121,5472823-70.2022.4.41.7624,144,Civil,execução,acordo,Dr. Melo,11/05/2022,8 de janeiro de 2025,193260,11ª Vara Criminal de Recife,em negociação
4122,3785792-10.2020.5.78.7940,1311,Trabalhista,arquivado,ATIVO,DRA. CAVALCANTE,2023-05-31,28 de maio de 2025,R$ 17.729,3ª Vara Criminal de Recife,
4123,4938178-62.2020.7.27.6072,221,Trabalhista,sentença,closed,Dr. Barros,21/04/2026,2025-10-08,R$ 401.229,10ª Vara Criminal de Recife,em negociação
4124,1101935-78.2023.5.88.5299,1077,civil,arquivado,closed,Dr. Barros,2021-06-14,2026-10-18,329224.00,1ª Vara Cível de Recife,
4125,8368372-34.2020.6.43.9691,913,TRABALHISTA,acordo extrajudicial,ativo,dr. melo,28 de abril de 2022,23/11/2025,396169.00,9ª Vara Trabalhista de Recife,
4126,8286382-50.2025.4.53.4414,186,civil,sentença,ativo,Dra Fontes,14 de setembro de 2022,09/07/26,234055.00,17ª Vara Criminal de Recife,
4127,6011987-71.2020.8.10.4396,1045,trabalhista,instrução,acordo,dr. melo,2025-04-07,18/12/2025,13218.00,1ª Vara Trabalhista de Recife,cliente não responde
4128,8886588-26.2020.9.65.6361,317,civil,inicial,ativo,Dra. Cavalcante,11/10/25,26/09/25,R$ 171.341,17ª Vara Criminal de Recife,
4129,6075721-43.2020.9.85.8738,726,trabalhista,recurso,suspenso,dr. melo,25 de agosto de 2020,2026-01-30,80919,19ª Vara Cível de Recife,
4130,1931030-34.2024.8.48.5319,756,Civil,audiência,suspended,Dra. Cavalcante,06/03/2023,28/09/26,289574,4ª Vara Cível de Recife,
4131,2480014-80.2024.2.29.9847,422,civil,arquivado,suspended,Dra. Cavalcante,10/03/22,16/01/2025,431705,4ª Vara Criminal de Recife,
4132,6370110-64.2022.3.52.8440,1301,trabalhista,arquivado,acordo,Dra. Fontes,22/05/2022,1 de maio de 2026,R$ 302.809,4ª Vara Trabalhista de Recife,cliente não responde
4133,8572382-61.2025.1.41.7172,193,civil,inicial,closed,dr. melo,14 de setembro de 2023,10/09/26,220495.00,20ª Vara Trabalhista de Recife,
4134,1742202-63.2023.6.68.9372,633,Civil,instrução,active,Dr. Barros,2021-01-12,2025-08-03,,7ª Vara Cível de Recife,
4135,2658962-39.2022.5.95.8856,428,TRABALHISTA,arquivado,appeal,Dra. Fontes,07/11/20,13/08/26,R$ 309.616,18ª Vara Trabalhista de Recife,
4136,7271178-97.2023.5.84.4243,551,trabalhista,sentença,Ativo,Dra. Cavalcante,02/01/23,25/05/26,,18ª Vara Criminal de Recife,cliente não responde
4137,8590346-68.2020.7.63.7780,949,Civil,execução,ativo,Dr. Barros,2020-03-16,25/02/2025,149516.00,8ª Vara Trabalhista de Recife,
4138,8936104-83.2022.1.39.7934,1303,TRABALHISTA,arquivado,acordo,Dr. Barros,24/07/2021,2026-02-01,,12ª Vara Trabalhista de Recife,
4139,4299848-20.2023.2.47.7396,717,Trabalhista,recurso,Ativo,Dra. Cavalcante,12/04/24,2026-09-06,206412,5ª Vara Criminal de Recife,cliente não responde
4140,6101036-60.2022.7.49.3295,881,Trabalhista,execução,ativo,Dr. Barros,28/08/2022,18/05/2026,325877.00,6ª Vara Criminal de Recife,urgente
4141,3242098-97.2025.4.44.9916,1023,Trabalhista,inicial,settlement,Dr. Barros,17/05/24,05/08/2026,,7ª Vara Cível de Recife,
4142,4938178-62.2020.7.27.6072,1494,cível,acordo extrajudicial,ativo,Dr. Barros,13/02/2025,07/04/25,28848.00,3ª Vara Cível de Recife,cliente não responde
4143,9804642-71.2024.4.76.5486,43,trabalhista,recurso,ativo,dr. melo,10/10/20,24/07/2026,R$ 326.243,7ª Vara Cível de Recife,
4144,9057219-99.2020.9.96.3254,820,cível,acordo extrajudicial,Ativo,dr. melo,20 de fevereiro de 2020,7 de maio de 2025,178861,15ª Vara Criminal de Recife,aguardando documentos
4145,9489806-94.2021.2.55.9162,980,Civil,audiência,encerrado,Dr. Barros,14/01/25,14/08/26,R$ 290.330,2ª Vara Criminal de Recife,em negociação
4146,4299848-20.2023.2.47.7396,417,TRABALHISTA,sentença,Encerrado,Dr. Melo,2021-11-08,16/07/25,,20ª Vara Criminal de Recife,em negociação
4147,3242098-97.2025.4.44.9916,1031,trabalhista,arquivado,ativo,DRA. CAVALCANTE,13/02/22,21 de dezembro de 2026,R$ 351.462,2ª Vara Trabalhista de Recife,
4148,3734843-61.2021.3.94.2954,997,cível,recurso,suspended,DRA. CAVALCANTE,07/09/2022,08/08/25,,16ª Vara Criminal de Recife,
4149,9071705-28.2021.9.78.4746,997,civil,inicial,ativo,DRA. CAVALCANTE,12/05/2024,,205933,2ª Vara Cível de Recife,aguardando documentos
4150,2480014-80.2024.2.29.9847,1288,TRABALHISTA,recurso,ativo,Dra. Fontes,25/01/2026,27/12/2026,323262,14ª Vara Cível de Recife,
4151,4016576-41.2022.7.10.6952,835,trabalhista,recurso,ATIVO,Dra. Fontes,22/07/22,15/11/26,482537,12ª Vara Criminal de Recife,
4152,5826200-20.2025.1.91.8748,1336,Civil,recurso,ativo,Dr. Barros,23/07/25,06/07/2025,119159,7ª Vara Cível de Recife,
4153,5035093-45.2021.1.27.3097,1298,civil,arquivado,ATIVO,dr. melo,2026-01-09,20/04/2026,328156.00,17ª Vara Trabalhista de Recife,
4154,2869625-86.2025.7.14.5837,402,TRABALHISTA,instrução,ativo,DRA. CAVALCANTE,5 de outubro de 2022,2 de janeiro de 2025,471358.00,6ª Vara Trabalhista de Recife,cliente não responde
4155,3679963-72.2020.9.29.7859,1131,TRABALHISTA,recurso,Ativo,dr. melo,08/05/2023,28/07/26,271757.00,11ª Vara Criminal de Recife,urgente
4156,4326518-76.2023.4.36.8530,851,trabalhista,arquivado,Ativo,dr. melo,22/11/20,10/02/26,306277.00,3ª Vara Cível de Recife,urgente
4157,5401874-62.2025.2.46.8337,854,Trabalhista,recurso,Encerrado,Dra Fontes,2025-11-07,2026-10-11,R$ 191.788,4ª Vara Cível de Recife,aguardando documentos
4158,5239450-56.2022.7.99.2371,1277,civil,sentença,appeal,DRA. CAVALCANTE,29/09/22,10/01/2025,,5ª Vara Cível de Recife,
4159,1099617-37.2023.9.61.1793,139,TRABALHISTA,acordo extrajudicial,acordo,DRA. CAVALCANTE,11 de abril de 2023,22/09/2026,271407,6ª Vara Trabalhista de Recife,cliente não responde
4160,9057219-99.2020.9.96.3254,1439,Civil,audiência,closed,Dra. Fontes,2024-11-16,,,12ª Vara Criminal de Recife,em negociação
4161,2411026-52.2022.6.26.7373,571,trabalhista,execução,closed,Dr. Melo,16/03/2022,,172539.00,19ª Vara Trabalhista de Recife,urgente
4162,1237577-83.2022.8.91.4649,585,Civil,instrução,ativo,Dra. Cavalcante,25 de maio de 2023,2026-01-13,38953,9ª Vara Trabalhista de Recife,
4163,7687351-51.2022.6.73.6768,951,cível,instrução,ativo,Dra. Fontes,2022-01-28,02/11/26,R$ 260.168,19ª Vara Criminal de Recife,
4164,1966014-66.2022.7.82.2137,300,Civil,sentença,encerrado,Dra Fontes,12/08/22,26 de julho de 2026,,4ª Vara Cível de Recife,aguardando documentos
4165,8936104-83.2022.1.39.7934,1470,cível,audiência,suspenso,Dra Fontes,26 de abril de 2024,24/12/2026,483612,20ª Vara Cível de Recife,
4166,1676369-34.2022.3.47.6087,1091,Civil,acordo extrajudicial,em recurso,Dr. Barros,24/03/24,08/05/26,231770.00,18ª Vara Criminal de Recife,
4167,6528202-89.2025.3.17.9496,955,Civil,arquivado,closed,Dra Fontes,2026-04-01,05/09/2026,67859,1ª Vara Cível de Recife,
4168,1778149-24.2023.1.86.3557,1040,TRABALHISTA,inicial,appeal,Dr. Barros,13/11/2024,24/06/26,398874.00,8ª Vara Trabalhista de Recife,cliente não responde
4169,8717678-27.2025.5.11.4526,1088,Trabalhista,inicial,suspended,Dra Fontes,30/03/20,2026-09-03,R$ 323.298,11ª Vara Cível de Recife,urgente
4170,6694761-39.2022.1.10.2199,369,cível,execução,settlement,Dr. Barros,13/12/2022,30/11/2026,487062,15ª Vara Trabalhista de Recife,
4171,3766710-17.2025.4.91.1472,585,trabalhista,acordo extrajudicial,active,Dra. Cavalcante,2020-09-11,19 de janeiro de 2025,R$ 145.329,8ª Vara Trabalhista de Recife,em negociação
4172,1974389-81.2024.5.57.9354,868,Civil,audiência,em recurso,Dra. Cavalcante,28/10/2021,26 de julho de 2026,,9ª Vara Trabalhista de Recife,aguardando documentos
4173,5826200-20.2025.1.91.8748,1267,TRABALHISTA,recurso,ativo,Dra. Cavalcante,15/04/26,07/02/26,R$ 51.492,17ª Vara Trabalhista de Recife,em negociação
4174,9057219-99.2020.9.96.3254,1129,Trabalhista,inicial,em recurso,Dra. Fontes,25/10/2022,14/07/2026,326105,5ª Vara Cível de Recife,cliente não responde
4175,2554938-48.2024.1.13.4544,1046,TRABALHISTA,acordo extrajudicial,Encerrado,Dra. Fontes,28/04/2024,,,10ª Vara Criminal de Recife,aguardando documentos
4176,4415624-13.2024.9.14.9480,448,trabalhista,recurso,em recurso,Dr. Barros,24 de fevereiro de 2021,16/11/26,,14ª Vara Criminal de Recife,aguardando documentos
4177,5625093-80.2022.9.16.6618,1373,TRABALHISTA,recurso,ativo,Dra. Cavalcante,2020-03-18,23/07/26,175859,9ª Vara Cível de Recife,
4178,6865513-17.2021.7.21.3938,1035,TRABALHISTA,instrução,suspended,Dra. Fontes,15/02/24,2025-03-31,,15ª Vara Cível de Recife,
4179,6370110-64.2022.3.52.8440,533,Trabalhista,sentença,acordo,DRA. CAVALCANTE,18/08/20,25/06/2026,469627,18ª Vara Cível de Recife,cliente não responde
4180,5483975-50.2024.8.92.4422,1405,civil,instrução,ativo,DRA. CAVALCANTE,02/11/24,16/01/25,133163,4ª Vara Cível de Recife,urgente
4181,2231929-89.2024.6.41.5461,915,civil,sentença,suspenso,Dr. Barros,28 de dezembro de 2023,03/02/26,150500.00,7ª Vara Criminal de Recife,em negociação
4182,1273300-90.2024.2.80.7378,606,cível,sentença,Encerrado,Dr. Melo,2022-09-02,16/05/2026,,14ª Vara Cível de Recife,
4183,8368372-34.2020.6.43.9691,1095,trabalhista,execução,ativo,Dra. Cavalcante,16/07/23,10 de setembro de 2026,80769.00,19ª Vara Trabalhista de Recife,
4184,1185885-59.2023.7.19.8433,150,TRABALHISTA,arquivado,closed,dr. melo,21/10/2022,30/08/26,,20ª Vara Trabalhista de Recife,cliente não responde
4185,8368372-34.2020.6.43.9691,1180,Civil,audiência,Encerrado,dr. melo,08/08/2020,,132002,3ª Vara Trabalhista de Recife,cliente não responde
4186,8986773-71.2022.6.45.5854,567,trabalhista,execução,settlement,Dra. Cavalcante,19 de abril de 2026,2026-06-22,18456.00,4ª Vara Trabalhista de Recife,
4187,4064382-39.2022.4.13.8937,1232,trabalhista,instrução,ativo,Dr. Melo,05/07/22,17 de maio de 2025,324041.00,17ª Vara Criminal de Recife,
4188,5703772-88.2020.8.34.6114,1001,Civil,acordo extrajudicial,em recurso,Dr. Barros,16/10/2020,29/10/25,218378.00,14ª Vara Criminal de Recife,
4189,6096719-87.2023.1.41.6180,1110,civil,acordo extrajudicial,settlement,Dra. Fontes,31 de julho de 2023,7 de janeiro de 2026,170431,15ª Vara Criminal de Recife,
4190,9057219-99.2020.9.96.3254,1107,TRABALHISTA,sentença,em recurso,Dra Fontes,25/09/2023,07/02/25,,5ª Vara Criminal de Recife,aguardando documentos
4191,5732779-86.2025.4.28.7831,753,cível,inicial,suspenso,Dr. Melo,04/06/2021,19 de setembro de 2025,72033,9ª Vara Criminal de Recife,aguardando documentos
4192,1273300-90.2024.2.80.7378,1161,Trabalhista,instrução,ATIVO,Dra. Cavalcante,13/01/20,20 de agosto de 2026,,3ª Vara Criminal de Recife,
4193,8735892-74.2025.8.18.9411,947,Trabalhista,sentença,Encerrado,Dra. Fontes,14/03/21,2025-08-07,R$ 455.891,9ª Vara Trabalhista de Recife,cliente não responde
4194,3542616-60.2022.3.87.6536,1042,TRABALHISTA,execução,active,Dra Fontes,04/12/22,29/10/25,,15ª Vara Criminal de Recife,em negociação
4195,7999133-20.2023.7.26.1121,577,Trabalhista,audiência,settlement,Dra. Cavalcante,8 de agosto de 2020,12/05/26,R$ 174.894,13ª Vara Cível de Recife,
4196,8574876-96.2020.7.97.4673,354,Trabalhista,arquivado,encerrado,Dra. Cavalcante,31 de março de 2023,2025-09-20,,8ª Vara Trabalhista de Recife,urgente
4197,5422047-80.2024.8.62.4364,586,civil,recurso,Encerrado,Dra. Cavalcante,10/12/2025,2025-04-01,R$ 7.826,8ª Vara Cível de Recife,
4198,7892487-80.2022.9.64.5036,1429,trabalhista,audiência,encerrado,Dr. Melo,24/08/2024,22/12/2025,R$ 492.962,9ª Vara Criminal de Recife,urgente
4199,1735592-50.2022.9.87.5612,280,civil,arquivado,encerrado,Dr. Barros,17 de fevereiro de 2023,2026-03-16,,1ª Vara Trabalhista de Recife,cliente não responde
4200,5035093-45.2021.1.27.3097,600,civil,sentença,suspenso,Dr. Barros,21/01/2022,20/12/25,296476,13ª Vara Criminal de Recife,
4201,1896520-28.2021.5.90.5374,919,TRABALHISTA,inicial,settlement,dr. melo,13/04/2021,11 de maio de 2026,64957.00,1ª Vara Cível de Recife,
4202,8735892-74.2025.8.18.9411,1390,Civil,sentença,encerrado,dr. melo,17/02/22,01/05/2025,,15ª Vara Trabalhista de Recife,
4203,8530609-10.2021.5.41.7151,456,Civil,instrução,em recurso,Dra. Cavalcante,26/05/25,2025-02-16,R$ 301.446,12ª Vara Criminal de Recife,urgente
4204,1183693-37.2024.1.85.2937,317,cível,instrução,Encerrado,Dra Fontes,19/04/2025,17/11/2025,R$ 145.506,5ª Vara Cível de Recife,em negociação
4205,7724543-49.2023.9.44.7412,1374,Trabalhista,audiência,encerrado,DRA. CAVALCANTE,2025-10-17,2025-07-11,456265,5ª Vara Cível de Recife,em negociação
4206,7065068-16.2021.7.14.6489,774,Civil,audiência,ATIVO,Dra. Cavalcante,18 de maio de 2021,23/05/26,152293.00,16ª Vara Trabalhista de Recife,aguardando documentos
4207,5991409-16.2021.8.44.1303,1061,Civil,sentença,appeal,Dr. Barros,04/09/2023,22/02/25,406801.00,13ª Vara Criminal de Recife,aguardando documentos
4208,3679963-72.2020.9.29.7859,374,trabalhista,audiência,closed,DRA. CAVALCANTE,2023-01-01,21/02/25,,1ª Vara Trabalhista de Recife,urgente
4209,3922248-27.2025.1.42.4047,1474,cível,inicial,settlement,Dr. Melo,16/11/2022,7 de novembro de 2025,R$ 160.796,13ª Vara Trabalhista de Recife,urgente
4210,5050722-10.2024.8.29.4298,83,Civil,recurso,acordo,Dr. Barros,13/09/2024,2026-08-13,R$ 89.677,12ª Vara Cível de Recife,
4211,5826200-20.2025.1.91.8748,1098,trabalhista,arquivado,active,dr. melo,27/02/2026,01/02/25,330055,19ª Vara Criminal de Recife,em negociação
4212,1964519-55.2020.7.58.6781,865,cível,execução,closed,Dr. Barros,10/11/25,14/03/26,R$ 168.891,6ª Vara Cível de Recife,aguardando documentos
4213,5401874-62.2025.2.46.8337,988,trabalhista,sentença,closed,Dra. Cavalcante,18/10/21,06/01/2025,R$ 77.497,15ª Vara Cível de Recife,urgente
4214,5788467-41.2023.8.93.8134,1465,cível,sentença,em recurso,Dra. Fontes,28/02/2024,09/02/2025,,19ª Vara Trabalhista de Recife,cliente não responde
4215,2118934-75.2023.5.97.9563,1324,trabalhista,inicial,ativo,Dra. Cavalcante,30/08/2023,22/05/2026,R$ 315.327,11ª Vara Cível de Recife,cliente não responde
4216,4417916-40.2022.7.26.4278,937,Civil,instrução,encerrado,Dra. Fontes,28/09/2021,03/04/26,R$ 196.422,13ª Vara Trabalhista de Recife,
4217,5853247-29.2020.7.62.8870,520,Civil,acordo extrajudicial,settlement,Dr. Melo,19/11/2022,19 de março de 2025,276990.00,12ª Vara Trabalhista de Recife,
4218,1024421-54.2022.9.20.2563,687,Civil,arquivado,encerrado,Dra. Fontes,08/03/2023,18 de maio de 2025,464693.00,14ª Vara Criminal de Recife,
4219,4460247-99.2024.9.97.4840,36,Trabalhista,instrução,encerrado,Dr. Barros,2026-04-08,09/02/26,R$ 180.975,4ª Vara Criminal de Recife,
4220,1869144-23.2023.5.84.3325,1114,Civil,execução,ativo,Dr. Barros,12/08/22,28 de setembro de 2025,176570,4ª Vara Cível de Recife,aguardando documentos
4221,4952151-27.2023.3.38.8762,761,Trabalhista,arquivado,encerrado,Dra Fontes,2025-11-24,11 de agosto de 2026,298683.00,12ª Vara Trabalhista de Recife,cliente não responde
4222,8892606-62.2022.2.87.2168,927,trabalhista,instrução,ativo,Dra. Fontes,17/03/2025,11 de outubro de 2026,R$ 73.178,20ª Vara Criminal de Recife,em negociação
4223,5967836-10.2021.4.35.9671,882,civil,sentença,settlement,Dr. Barros,2020-05-31,29/12/2025,60257,1ª Vara Trabalhista de Recife,aguardando documentos
4224,5867457-18.2023.9.16.7298,235,civil,inicial,Encerrado,DRA. CAVALCANTE,20 de janeiro de 2024,10/09/25,R$ 438.133,2ª Vara Trabalhista de Recife,cliente não responde
4225,7486029-45.2024.4.25.3159,37,cível,sentença,ativo,Dra. Cavalcante,04/11/2021,2026-07-14,485969.00,13ª Vara Trabalhista de Recife,
4226,3306375-34.2024.9.48.9154,616,Civil,instrução,suspended,DRA. CAVALCANTE,2025-01-29,30 de agosto de 2025,R$ 157.394,14ª Vara Cível de Recife,urgente
4227,2019436-32.2020.6.16.9856,486,TRABALHISTA,inicial,appeal,Dr. Barros,13/02/24,23/08/26,92174.00,10ª Vara Criminal de Recife,em negociação
4228,7110796-41.2020.3.80.5362,450,trabalhista,instrução,suspended,Dra Fontes,31/12/23,21/04/26,388145,20ª Vara Cível de Recife,aguardando documentos
4229,3754895-37.2021.6.18.8502,223,Trabalhista,audiência,Ativo,Dra. Cavalcante,2023-06-27,4 de setembro de 2025,R$ 51.314,13ª Vara Trabalhista de Recife,
4230,7789809-22.2020.1.73.9031,1372,trabalhista,execução,ativo,DRA. CAVALCANTE,2024-07-20,12/06/2026,165166.00,5ª Vara Cível de Recife,
4231,6101036-60.2022.7.49.3295,686,Trabalhista,inicial,ativo,Dr. Melo,21 de fevereiro de 2021,,R$ 165.631,9ª Vara Cível de Recife,urgente
4232,5786762-52.2021.9.21.3037,1042,Trabalhista,sentença,suspenso,Dr. Barros,5 de junho de 2022,6 de agosto de 2026,55988.00,7ª Vara Trabalhista de Recife,em negociação
4233,7486138-99.2020.5.81.4332,151,Civil,inicial,suspenso,Dra Fontes,10/02/23,2025-04-10,21873.00,2ª Vara Criminal de Recife,aguardando documentos
4234,6416661-36.2021.8.21.8496,1472,cível,instrução,settlement,Dr. Barros,17/12/22,25/03/2026,418815,2ª Vara Cível de Recife,
4235,8717678-27.2025.5.11.4526,557,TRABALHISTA,sentença,active,dr. melo,2020-02-14,6 de dezembro de 2026,355148.00,14ª Vara Criminal de Recife,
4236,3879233-61.2024.5.30.1494,947,civil,recurso,active,Dra Fontes,06/01/2023,16/07/2025,,3ª Vara Criminal de Recife,
4237,3778380-86.2023.9.32.5849,825,TRABALHISTA,arquivado,settlement,DRA. CAVALCANTE,8 de junho de 2024,18 de setembro de 2026,212407,8ª Vara Trabalhista de Recife,
4238,6101036-60.2022.7.49.3295,492,civil,inicial,ativo,dr. melo,01/07/2024,30/12/26,147394.00,17ª Vara Cível de Recife,
4239,6418382-43.2020.8.63.9133,593,Civil,recurso,Encerrado,Dr. Melo,15/06/21,25 de janeiro de 2025,98984.00,14ª Vara Criminal de Recife,
4240,5035093-45.2021.1.27.3097,469,civil,acordo extrajudicial,appeal,dr. melo,14/07/24,14 de outubro de 2025,R$ 289.692,18ª Vara Trabalhista de Recife,cliente não responde
4241,5625093-80.2022.9.16.6618,1402,civil,execução,ativo,dr. melo,2023-09-24,29/11/2026,85850,4ª Vara Cível de Recife,em negociação
4242,6992158-64.2024.5.43.7750,761,trabalhista,recurso,acordo,Dra. Cavalcante,2020-06-04,2026-01-18,,7ª Vara Criminal de Recife,
4243,2461262-96.2021.6.48.1315,769,trabalhista,audiência,ativo,Dr. Barros,23/11/2021,2025-09-21,113134.00,7ª Vara Cível de Recife,urgente
4244,9062552-47.2024.4.22.8265,431,trabalhista,acordo extrajudicial,acordo,Dra. Cavalcante,15/11/24,16 de agosto de 2026,31812,6ª Vara Cível de Recife,
4245,4563779-48.2023.2.87.9606,1174,cível,audiência,encerrado,dr. melo,4 de julho de 2023,21 de dezembro de 2026,7003.00,8ª Vara Criminal de Recife,cliente não responde
4246,4460247-99.2024.9.97.4840,1037,Trabalhista,sentença,encerrado,Dra. Fontes,13 de novembro de 2025,10/08/26,,19ª Vara Criminal de Recife,em negociação
4247,5703772-88.2020.8.34.6114,825,Civil,sentença,active,Dra. Cavalcante,2025-01-23,2026-05-22,,12ª Vara Criminal de Recife,cliente não responde
4248,7948577-74.2025.1.60.7583,1439,trabalhista,inicial,em recurso,Dra. Cavalcante,28/03/2026,26 de dezembro de 2025,256986.00,16ª Vara Criminal de Recife,
4249,2658962-39.2022.5.95.8856,1311,TRABALHISTA,instrução,suspended,DRA. CAVALCANTE,21 de dezembro de 2023,14 de abril de 2025,234957.00,20ª Vara Cível de Recife,em negociação
4250,8714773-70.2022.9.65.8541,309,civil,inicial,em recurso,dr. melo,20/12/2022,10/09/25,,6ª Vara Trabalhista de Recife,em negociação
4251,3418432-84.2025.3.59.5858,1053,civil,audiência,suspended,Dr. Melo,02/03/2026,2026-09-19,465907,17ª Vara Cível de Recife,
4252,9498791-62.2022.6.73.9564,1213,Trabalhista,acordo extrajudicial,Ativo,Dr. Melo,21 de setembro de 2020,14/03/25,380769,12ª Vara Trabalhista de Recife,
4253,2328070-99.2024.8.57.5561,200,trabalhista,recurso,ativo,dr. melo,20 de setembro de 2023,27/09/2026,205302.00,20ª Vara Criminal de Recife,aguardando documentos
4254,1964519-55.2020.7.58.6781,8,TRABALHISTA,inicial,encerrado,dr. melo,2022-07-17,01/02/25,R$ 180.232,12ª Vara Criminal de Recife,
4255,6267378-50.2021.9.19.9923,1380,cível,execução,ATIVO,Dr. Melo,27/07/21,2026-04-08,R$ 208.362,19ª Vara Trabalhista de Recife,em negociação
4256,5214684-96.2020.6.84.9986,552,cível,audiência,Encerrado,Dr. Barros,27/11/2024,12/05/25,484507,7ª Vara Trabalhista de Recife,
4257,7999133-20.2023.7.26.1121,288,trabalhista,execução,encerrado,Dr. Melo,19/02/2020,10/11/25,R$ 29.649,11ª Vara Cível de Recife,aguardando documentos
4258,3922248-27.2025.1.42.4047,310,Civil,inicial,active,Dr. Melo,15/07/24,5 de abril de 2026,181579.00,12ª Vara Cível de Recife,
4259,8892606-62.2022.2.87.2168,1278,civil,recurso,em recurso,Dra. Cavalcante,2025-02-05,2026-12-01,,16ª Vara Cível de Recife,
4260,1676369-34.2022.3.47.6087,882,Trabalhista,inicial,encerrado,Dra Fontes,2024-12-09,06/03/25,99197,3ª Vara Trabalhista de Recife,
4261,1557680-16.2021.4.16.4031,875,Trabalhista,execução,suspended,Dr. Melo,20/03/2020,13/07/2026,326241.00,14ª Vara Trabalhista de Recife,aguardando documentos
4262,5732779-86.2025.4.28.7831,460,TRABALHISTA,acordo extrajudicial,acordo,DRA. CAVALCANTE,2024-04-29,2025-03-15,31810.00,5ª Vara Cível de Recife,
4263,4229107-99.2020.7.61.3978,1290,Trabalhista,sentença,ativo,Dra. Fontes,2 de março de 2023,11/04/2026,494794,8ª Vara Criminal de Recife,em negociação
4264,4460247-99.2024.9.97.4840,1081,civil,arquivado,acordo,dr. melo,14 de julho de 2022,30/05/25,,7ª Vara Trabalhista de Recife,
4265,6476769-27.2021.5.22.2570,853,Trabalhista,arquivado,ativo,Dr. Barros,28/08/24,,,19ª Vara Cível de Recife,
4266,5116418-16.2025.3.98.2234,925,Civil,audiência,suspended,Dra. Fontes,11 de março de 2021,2 de março de 2026,,11ª Vara Trabalhista de Recife,
4267,1614850-25.2020.8.85.3161,883,cível,arquivado,Ativo,dr. melo,18 de maio de 2025,03/08/25,,13ª Vara Trabalhista de Recife,em negociação
4268,8209168-30.2020.1.41.7632,1142,TRABALHISTA,inicial,active,Dra. Cavalcante,30/07/24,19/04/2026,R$ 150.736,13ª Vara Trabalhista de Recife,aguardando documentos
4269,1093623-59.2025.7.92.5441,737,civil,acordo extrajudicial,encerrado,dr. melo,05/09/2021,31/08/26,,6ª Vara Trabalhista de Recife,cliente não responde
4270,1974389-81.2024.5.57.9354,700,civil,inicial,appeal,dr. melo,13 de janeiro de 2020,,,7ª Vara Trabalhista de Recife,
4271,2753004-76.2021.8.83.9874,175,civil,arquivado,ativo,Dra. Fontes,07/03/23,2026-09-16,,3ª Vara Cível de Recife,
4272,5518767-82.2023.4.96.9873,141,Trabalhista,audiência,suspended,DRA. CAVALCANTE,20/07/2023,2026-09-03,R$ 40.360,9ª Vara Cível de Recife,em negociação
4273,5732779-86.2025.4.28.7831,785,trabalhista,instrução,active,DRA. CAVALCANTE,20/04/2026,2025-07-28,,14ª Vara Cível de Recife,cliente não responde
4274,4563779-48.2023.2.87.9606,1318,Civil,execução,ativo,DRA. CAVALCANTE,02/10/2025,02/08/2025,20897.00,9ª Vara Cível de Recife,cliente não responde
4275,8125196-18.2023.1.53.1215,855,TRABALHISTA,execução,acordo,Dr. Barros,2022-01-11,18/10/2025,174401,2ª Vara Trabalhista de Recife,cliente não responde
4276,1165147-13.2020.2.47.5874,617,TRABALHISTA,acordo extrajudicial,encerrado,dr. melo,10/03/21,18/04/26,,15ª Vara Cível de Recife,
4277,5112941-62.2021.1.89.5887,803,Trabalhista,acordo extrajudicial,encerrado,Dra. Cavalcante,03/07/24,,,2ª Vara Trabalhista de Recife,aguardando documentos
4278,2480014-80.2024.2.29.9847,1360,civil,instrução,Encerrado,Dra. Cavalcante,6 de janeiro de 2025,06/04/2026,130718,3ª Vara Criminal de Recife,em negociação
4279,4494463-44.2022.5.80.7542,353,civil,instrução,acordo,Dr. Melo,26/07/21,,188770,17ª Vara Cível de Recife,em negociação
4280,5210656-44.2021.1.39.2474,360,TRABALHISTA,instrução,Encerrado,Dra. Fontes,10 de agosto de 2021,31/07/25,243592.00,9ª Vara Trabalhista de Recife,cliente não responde
4281,3724721-44.2021.9.75.5553,870,trabalhista,acordo extrajudicial,active,Dr. Barros,30 de setembro de 2020,2026-02-15,206910.00,18ª Vara Trabalhista de Recife,
4282,5700249-43.2020.5.57.9341,1232,civil,recurso,ativo,dr. melo,18 de novembro de 2024,07/10/2026,,18ª Vara Cível de Recife,cliente não responde
4283,5116418-16.2025.3.98.2234,61,trabalhista,inicial,encerrado,Dra. Fontes,22/02/2022,21/09/2026,257011.00,19ª Vara Criminal de Recife,
4284,4140100-24.2024.4.63.7178,106,Trabalhista,execução,closed,DRA. CAVALCANTE,04/04/2020,2026-02-12,314726,19ª Vara Trabalhista de Recife,
4285,7539718-58.2020.2.52.9800,1236,Civil,arquivado,ATIVO,Dra Fontes,07/02/2020,05/04/25,307645,8ª Vara Trabalhista de Recife,urgente
4286,6779292-61.2021.4.86.2783,1410,TRABALHISTA,sentença,active,Dr. Barros,30/12/22,2025-03-21,R$ 469.527,6ª Vara Criminal de Recife,aguardando documentos
4287,7320713-89.2022.3.68.7881,262,TRABALHISTA,instrução,encerrado,DRA. CAVALCANTE,2021-04-30,2025-02-05,,4ª Vara Criminal de Recife,
4288,6694761-39.2022.1.10.2199,1370,trabalhista,acordo extrajudicial,ATIVO,Dr. Barros,25/06/2025,2026-03-15,420266.00,10ª Vara Criminal de Recife,
4289,4131852-60.2020.1.89.9739,1458,civil,sentença,encerrado,Dr. Barros,30 de agosto de 2025,15 de setembro de 2025,,3ª Vara Criminal de Recife,cliente não responde
4290,5159882-37.2022.9.71.7550,543,Trabalhista,execução,ativo,Dr. Barros,19 de novembro de 2022,1 de dezembro de 2025,R$ 159.907,20ª Vara Trabalhista de Recife,
4291,2658962-39.2022.5.95.8856,223,civil,arquivado,ATIVO,Dra. Cavalcante,18/12/20,25 de outubro de 2025,304723,4ª Vara Trabalhista de Recife,urgente
4292,2966787-79.2022.1.41.9944,506,Trabalhista,recurso,ativo,Dra. Cavalcante,2025-07-12,2025-04-27,228027,14ª Vara Criminal de Recife,
4293,3401866-56.2021.1.87.5297,29,Civil,inicial,ativo,dr. melo,25 de janeiro de 2021,2026-12-28,429819,19ª Vara Cível de Recife,
4294,8097721-13.2023.1.47.8354,1291,TRABALHISTA,execução,ativo,Dr. Barros,2023-12-25,,R$ 44.646,4ª Vara Criminal de Recife,
4295,2019436-32.2020.6.16.9856,1338,trabalhista,sentença,suspenso,DRA. CAVALCANTE,2022-11-18,17 de fevereiro de 2025,,3ª Vara Trabalhista de Recife,
4296,8936104-83.2022.1.39.7934,130,civil,arquivado,Ativo,Dr. Barros,26/09/21,03/06/25,32684.00,20ª Vara Criminal de Recife,urgente
4297,1013314-48.2023.4.39.2083,385,Civil,instrução,suspenso,Dra. Fontes,09/12/20,2025-09-23,317066,16ª Vara Cível de Recife,aguardando documentos
4298,8062805-72.2022.1.22.8771,1050,trabalhista,inicial,ativo,Dr. Barros,2025-06-25,20/05/2026,454732,18ª Vara Trabalhista de Recife,
4299,4452862-76.2021.3.27.3238,403,cível,acordo extrajudicial,suspenso,Dr. Melo,10/04/21,2026-10-17,R$ 321.671,8ª Vara Trabalhista de Recife,aguardando documentos
4300,2341370-92.2024.9.60.8122,1241,Trabalhista,acordo extrajudicial,encerrado,Dr. Barros,2025-03-22,06/08/25,R$ 308.018,13ª Vara Cível de Recife,urgente
4301,5638123-23.2024.7.30.5009,777,Civil,acordo extrajudicial,acordo,Dr. Barros,2023-06-05,12/02/26,,9ª Vara Cível de Recife,
4302,4681694-71.2021.9.28.7350,295,cível,inicial,active,Dra Fontes,20/05/23,2026-06-17,361971,16ª Vara Cível de Recife,
4303,9060164-41.2020.5.36.2381,734,trabalhista,inicial,Ativo,dr. melo,25/03/21,,,15ª Vara Criminal de Recife,aguardando documentos
4304,2632721-15.2024.7.90.9593,1358,TRABALHISTA,acordo extrajudicial,ativo,Dra. Fontes,17/03/2020,31/03/26,237209,1ª Vara Criminal de Recife,
4305,6992158-64.2024.5.43.7750,1049,cível,audiência,active,Dr. Barros,17/10/2023,2025-10-21,438671,14ª Vara Cível de Recife,
4306,5947618-28.2023.6.53.6118,1018,civil,instrução,suspenso,Dra Fontes,2025-09-07,24/02/2026,R$ 356.683,3ª Vara Trabalhista de Recife,
4307,7438163-48.2021.3.47.1186,1226,cível,execução,Ativo,Dr. Barros,07/07/2021,28/03/2026,R$ 22.895,2ª Vara Cível de Recife,urgente
4308,8209168-30.2020.1.41.7632,494,civil,sentença,encerrado,dr. melo,29/10/21,01/09/2026,210030,8ª Vara Cível de Recife,em negociação
4309,7722274-26.2024.9.14.7062,934,Civil,execução,Ativo,Dra Fontes,2021-06-11,28 de maio de 2025,389917.00,7ª Vara Trabalhista de Recife,
4310,3168718-77.2025.2.92.8027,211,Civil,acordo extrajudicial,ativo,Dr. Melo,02/03/2024,20 de março de 2025,R$ 321.968,11ª Vara Cível de Recife,cliente não responde
4311,4229107-99.2020.7.61.3978,1342,civil,execução,ativo,Dra Fontes,13/11/2022,2025-07-01,39986,16ª Vara Cível de Recife,
4312,8588997-88.2020.6.29.5987,205,Civil,recurso,ativo,Dr. Barros,19 de dezembro de 2021,07/05/2026,,14ª Vara Cível de Recife,em negociação
4313,8368372-34.2020.6.43.9691,1060,Civil,acordo extrajudicial,Encerrado,dr. melo,23 de junho de 2021,2025-02-24,R$ 496.620,2ª Vara Trabalhista de Recife,urgente
4314,4229107-99.2020.7.61.3978,883,trabalhista,recurso,active,Dr. Melo,2022-11-21,2026-11-22,R$ 133.027,15ª Vara Criminal de Recife,
4315,1974389-81.2024.5.57.9354,168,cível,inicial,ativo,Dra Fontes,2022-03-29,15/11/2025,R$ 478.892,10ª Vara Trabalhista de Recife,
4316,9408522-77.2021.3.36.8376,665,Civil,audiência,appeal,Dr. Barros,19/06/24,2026-11-26,306210.00,6ª Vara Trabalhista de Recife,em negociação
4317,3724721-44.2021.9.75.5553,844,TRABALHISTA,audiência,ativo,Dr. Barros,06/08/24,13/02/2026,,2ª Vara Criminal de Recife,
4318,7323234-16.2020.9.59.5035,1498,Trabalhista,sentença,ativo,Dra. Fontes,2023-01-03,18/07/26,R$ 125.280,16ª Vara Criminal de Recife,em negociação
4319,8714773-70.2022.9.65.8541,557,cível,sentença,suspended,dr. melo,3 de dezembro de 2025,31 de março de 2025,229659,11ª Vara Criminal de Recife,aguardando documentos
4320,2267110-24.2021.5.78.6025,518,cível,instrução,ativo,Dra. Cavalcante,2024-05-09,24 de setembro de 2025,36641,9ª Vara Trabalhista de Recife,urgente
4321,7486029-45.2024.4.25.3159,1247,civil,inicial,Ativo,Dra Fontes,18 de março de 2024,14/08/26,346170.00,12ª Vara Trabalhista de Recife,
4322,5159219-49.2023.5.25.3676,372,TRABALHISTA,sentença,Encerrado,dr. melo,2024-10-09,06/12/2025,,4ª Vara Criminal de Recife,cliente não responde
4323,7722274-26.2024.9.14.7062,806,trabalhista,inicial,ativo,DRA. CAVALCANTE,1 de agosto de 2023,05/05/2026,,14ª Vara Trabalhista de Recife,cliente não responde
4324,8630644-97.2025.3.28.1296,613,cível,recurso,suspended,Dra. Fontes,26 de julho de 2021,2026-11-27,R$ 260.248,4ª Vara Cível de Recife,aguardando documentos
4325,9686751-57.2022.7.62.3494,1042,civil,inicial,suspenso,Dr. Barros,30/04/2023,31 de janeiro de 2025,R$ 271.717,3ª Vara Cível de Recife,
4326,2575202-50.2023.1.54.9627,1114,TRABALHISTA,audiência,suspended,DRA. CAVALCANTE,11/12/2020,22 de outubro de 2026,461350,19ª Vara Trabalhista de Recife,urgente
4327,9636371-69.2025.8.67.4068,639,trabalhista,inicial,Encerrado,Dra Fontes,23/02/2020,22/11/26,,20ª Vara Trabalhista de Recife,
4328,1869144-23.2023.5.84.3325,172,TRABALHISTA,acordo extrajudicial,ativo,Dr. Barros,06/09/2022,2026-12-26,,4ª Vara Cível de Recife,
4329,2480014-80.2024.2.29.9847,1104,trabalhista,audiência,appeal,Dr. Barros,18 de março de 2026,2025-10-11,271991.00,10ª Vara Trabalhista de Recife,
4330,7082985-88.2022.2.94.6058,818,civil,instrução,ativo,dr. melo,4 de abril de 2026,26/02/2025,101852,3ª Vara Cível de Recife,urgente
4331,2997279-67.2024.9.84.1441,195,Trabalhista,sentença,settlement,Dr. Barros,8 de janeiro de 2025,09/04/2025,241799,17ª Vara Trabalhista de Recife,cliente não responde
4332,6038940-61.2024.4.64.6408,300,TRABALHISTA,acordo extrajudicial,ativo,Dr. Barros,19/03/21,22/09/26,421945,5ª Vara Cível de Recife,cliente não responde
4333,6779292-61.2021.4.86.2783,1158,civil,execução,ativo,Dra Fontes,12/09/2025,2026-08-01,366895.00,5ª Vara Criminal de Recife,
4334,6101036-60.2022.7.49.3295,854,cível,sentença,suspended,Dra. Fontes,04/09/2025,3 de abril de 2026,R$ 435.025,8ª Vara Trabalhista de Recife,
4335,6053412-12.2021.6.72.8346,713,Civil,recurso,encerrado,Dra. Fontes,2023-11-03,2025-01-28,,1ª Vara Trabalhista de Recife,
4336,6935346-77.2024.3.52.9529,595,cível,arquivado,closed,Dr. Barros,2022-09-04,2026-06-25,R$ 220.040,2ª Vara Cível de Recife,
4337,8125196-18.2023.1.53.1215,555,TRABALHISTA,sentença,Encerrado,Dr. Melo,2025-06-23,10 de janeiro de 2025,R$ 298.225,10ª Vara Criminal de Recife,
4338,6779292-61.2021.4.86.2783,28,cível,recurso,ativo,Dr. Melo,21/07/2023,30 de dezembro de 2025,R$ 207.416,20ª Vara Cível de Recife,urgente
4339,1896520-28.2021.5.90.5374,244,trabalhista,inicial,suspenso,Dra. Cavalcante,22/05/2022,2026-03-23,R$ 450.055,18ª Vara Criminal de Recife,urgente
4340,8892606-62.2022.2.87.2168,1234,Trabalhista,sentença,Encerrado,Dr. Barros,01/09/21,08/08/2026,,12ª Vara Trabalhista de Recife,
4341,6944389-98.2023.1.72.8245,400,Trabalhista,audiência,encerrado,Dra. Fontes,2025-05-06,25 de dezembro de 2026,,20ª Vara Cível de Recife,aguardando documentos
4342,7633905-83.2022.9.95.2309,700,civil,acordo extrajudicial,suspenso,dr. melo,2023-07-10,22 de julho de 2025,295652.00,18ª Vara Trabalhista de Recife,cliente não responde
4343,5786762-52.2021.9.21.3037,932,cível,execução,suspenso,DRA. CAVALCANTE,20 de julho de 2021,04/10/25,274511.00,17ª Vara Cível de Recife,em negociação
4344,8843990-84.2020.6.68.3017,1145,cível,sentença,closed,Dr. Melo,09/06/20,24/03/2025,R$ 23.735,18ª Vara Criminal de Recife,
4345,1311508-84.2020.3.38.8512,1074,civil,acordo extrajudicial,encerrado,Dr. Melo,13 de abril de 2020,4 de janeiro de 2026,R$ 135.798,4ª Vara Trabalhista de Recife,em negociação
4346,3778380-86.2023.9.32.5849,1215,civil,recurso,Encerrado,dr. melo,06/01/2022,2025-01-30,160650,18ª Vara Cível de Recife,
4347,7951127-89.2024.1.63.3502,340,Trabalhista,arquivado,encerrado,Dra Fontes,6 de outubro de 2022,09/04/25,,12ª Vara Cível de Recife,em negociação
4348,3376786-12.2020.7.64.5093,485,TRABALHISTA,instrução,ativo,Dra Fontes,04/05/22,2025-09-21,386082.00,15ª Vara Trabalhista de Recife,
4349,9108785-98.2021.3.78.6687,635,TRABALHISTA,recurso,active,Dr. Barros,2 de janeiro de 2025,24/08/26,445351,16ª Vara Trabalhista de Recife,aguardando documentos
4350,3401866-56.2021.1.87.5297,349,cível,execução,active,Dr. Barros,3 de março de 2021,26/07/26,291953,4ª Vara Cível de Recife,em negociação
4351,5518767-82.2023.4.96.9873,1340,Civil,arquivado,ativo,Dra. Fontes,14/04/2026,13/06/2026,258336.00,11ª Vara Cível de Recife,cliente não responde
4352,1438459-62.2020.7.78.3410,164,TRABALHISTA,acordo extrajudicial,Ativo,Dr. Barros,3 de abril de 2026,2025-03-14,R$ 81.798,9ª Vara Trabalhista de Recife,urgente
4353,7271178-97.2023.5.84.4243,1244,Civil,recurso,ativo,Dr. Melo,2020-02-21,,,1ª Vara Criminal de Recife,
4354,4092125-65.2025.3.26.9073,1368,TRABALHISTA,execução,encerrado,Dra. Cavalcante,22/05/22,23 de outubro de 2026,55224.00,20ª Vara Criminal de Recife,
4355,7722274-26.2024.9.14.7062,117,TRABALHISTA,execução,settlement,dr. melo,20/04/23,27/04/26,,14ª Vara Trabalhista de Recife,aguardando documentos
4356,8936104-83.2022.1.39.7934,473,Trabalhista,execução,settlement,Dr. Barros,28/08/20,6 de dezembro de 2026,R$ 242.858,18ª Vara Criminal de Recife,urgente
4357,1714231-74.2025.9.71.1697,219,trabalhista,recurso,encerrado,dr. melo,26/06/2022,29/07/2026,,16ª Vara Trabalhista de Recife,
4358,2895065-46.2022.7.67.1438,696,TRABALHISTA,inicial,ativo,dr. melo,2022-05-28,08/07/26,R$ 314.243,12ª Vara Criminal de Recife,urgente
4359,7236875-79.2024.7.97.5566,503,trabalhista,inicial,encerrado,Dra. Cavalcante,19 de janeiro de 2025,23/01/26,261785.00,2ª Vara Criminal de Recife,aguardando documentos
4360,6663627-76.2023.9.26.5770,536,TRABALHISTA,arquivado,ativo,Dra. Cavalcante,03/09/2023,2025-10-11,322338,11ª Vara Trabalhista de Recife,
4361,7553290-31.2023.9.36.9282,178,cível,acordo extrajudicial,encerrado,Dra. Cavalcante,2025-02-21,12 de setembro de 2026,R$ 325.852,15ª Vara Cível de Recife,
4362,7539718-58.2020.2.52.9800,716,Civil,recurso,closed,Dr. Barros,2023-08-07,03/11/25,,5ª Vara Criminal de Recife,
4363,5159882-37.2022.9.71.7550,890,Trabalhista,sentença,suspenso,Dr. Barros,2025-04-23,10 de junho de 2026,433388.00,3ª Vara Criminal de Recife,cliente não responde
4364,9057219-99.2020.9.96.3254,865,cível,arquivado,active,Dr. Melo,4 de julho de 2020,17/08/2025,R$ 147.107,9ª Vara Trabalhista de Recife,aguardando documentos
4365,8125196-18.2023.1.53.1215,1218,TRABALHISTA,execução,closed,Dra. Fontes,13/08/25,2025-10-27,100380.00,3ª Vara Cível de Recife,aguardando documentos
4366,1784068-27.2021.3.12.2538,743,Civil,arquivado,Encerrado,Dra Fontes,18/02/2021,2026-07-21,,20ª Vara Cível de Recife,urgente
4367,9992831-61.2022.4.35.1469,707,Civil,arquivado,Ativo,DRA. CAVALCANTE,2022-03-29,2025-11-24,44495,13ª Vara Criminal de Recife,
4368,3376786-12.2020.7.64.5093,108,Trabalhista,sentença,Ativo,Dr. Barros,27/10/2023,,,6ª Vara Trabalhista de Recife,
4369,6528202-89.2025.3.17.9496,783,Civil,acordo extrajudicial,appeal,Dra. Fontes,26/02/2022,2025-05-16,100319.00,1ª Vara Criminal de Recife,
4370,7951127-89.2024.1.63.3502,860,cível,audiência,Encerrado,dr. melo,03/10/2021,31/05/2026,R$ 248.524,19ª Vara Cível de Recife,aguardando documentos
4371,6101036-60.2022.7.49.3295,669,trabalhista,arquivado,suspended,Dra. Fontes,14/02/22,18/09/25,221398.00,6ª Vara Cível de Recife,cliente não responde
4372,6011987-71.2020.8.10.4396,766,civil,acordo extrajudicial,Ativo,Dr. Barros,12/07/23,16/03/2026,384455.00,6ª Vara Criminal de Recife,em negociação
4373,2186433-37.2022.2.12.4344,22,Trabalhista,arquivado,ativo,Dr. Melo,28 de maio de 2021,2026-07-16,R$ 281.319,8ª Vara Criminal de Recife,aguardando documentos
4374,2110878-87.2023.8.83.8978,1132,civil,inicial,em recurso,dr. melo,22 de maio de 2023,2025-12-14,149964,2ª Vara Criminal de Recife,em negociação
4375,4326518-76.2023.4.36.8530,1423,Trabalhista,execução,ativo,Dra. Cavalcante,2025-09-18,21/09/2025,R$ 84.714,10ª Vara Trabalhista de Recife,
4376,8215015-64.2021.5.32.1893,1419,TRABALHISTA,audiência,ATIVO,Dra. Fontes,2022-06-08,25/10/26,R$ 432.714,13ª Vara Cível de Recife,
4377,7687292-20.2021.4.85.7539,1051,Trabalhista,inicial,suspenso,Dr. Barros,2025-03-16,22 de novembro de 2025,219353,11ª Vara Trabalhista de Recife,aguardando documentos
4378,8607512-63.2021.6.82.1039,1413,trabalhista,acordo extrajudicial,closed,dr. melo,2023-08-09,24/08/25,,15ª Vara Cível de Recife,cliente não responde
4379,5401874-62.2025.2.46.8337,376,trabalhista,inicial,encerrado,Dra. Fontes,29 de julho de 2020,2026-03-15,R$ 499.281,3ª Vara Cível de Recife,cliente não responde
4380,3766710-17.2025.4.91.1472,667,cível,acordo extrajudicial,Encerrado,dr. melo,2020-10-02,2026-05-12,R$ 251.575,4ª Vara Criminal de Recife,
4381,1869144-23.2023.5.84.3325,974,cível,inicial,acordo,Dr. Melo,2024-10-11,2026-11-18,27871.00,8ª Vara Cível de Recife,aguardando documentos
4382,2895065-46.2022.7.67.1438,1084,civil,inicial,ativo,Dr. Barros,2025-08-25,2026-07-29,,8ª Vara Criminal de Recife,em negociação
4383,5483975-50.2024.8.92.4422,412,cível,recurso,Encerrado,DRA. CAVALCANTE,21 de junho de 2020,20/05/25,231548,5ª Vara Cível de Recife,urgente
4384,8843990-84.2020.6.68.3017,7,civil,acordo extrajudicial,em recurso,Dr. Barros,08/08/23,,,11ª Vara Trabalhista de Recife,cliente não responde
4385,3750497-13.2024.6.65.9009,1420,Civil,arquivado,ativo,Dra Fontes,2024-11-04,14/02/25,309362,13ª Vara Cível de Recife,
4386,3710559-31.2020.9.95.2540,106,trabalhista,sentença,acordo,dr. melo,2020-04-28,1 de abril de 2026,209115.00,1ª Vara Trabalhista de Recife,cliente não responde
4387,1101935-78.2023.5.88.5299,218,TRABALHISTA,acordo extrajudicial,Ativo,Dra Fontes,03/03/2022,30/06/26,R$ 144.596,13ª Vara Criminal de Recife,cliente não responde
4388,9319285-35.2025.3.19.9131,1262,Trabalhista,audiência,ativo,DRA. CAVALCANTE,18/04/23,14/06/2026,R$ 192.344,7ª Vara Criminal de Recife,
4389,7381740-86.2021.2.88.6570,377,civil,arquivado,settlement,Dr. Barros,15/05/20,2025-11-12,434835,17ª Vara Cível de Recife,em negociação
4390,8530609-10.2021.5.41.7151,387,TRABALHISTA,execução,suspenso,dr. melo,10 de junho de 2025,23/08/26,251490,12ª Vara Cível de Recife,
4391,7136189-41.2024.2.60.1768,1423,Civil,acordo extrajudicial,ATIVO,Dr. Barros,26/03/2022,05/07/25,344478.00,2ª Vara Cível de Recife,cliente não responde
4392,4314934-26.2021.7.14.7244,936,Trabalhista,inicial,acordo,Dra Fontes,2023-03-10,24 de junho de 2026,,1ª Vara Trabalhista de Recife,aguardando documentos
4393,1311508-84.2020.3.38.8512,1073,TRABALHISTA,acordo extrajudicial,ativo,DRA. CAVALCANTE,2022-07-31,27/06/2026,,7ª Vara Trabalhista de Recife,cliente não responde
4394,3464073-25.2022.8.73.5075,165,Civil,execução,Ativo,Dr. Barros,2020-12-27,9 de maio de 2026,289228,1ª Vara Criminal de Recife,em negociação
4395,6334947-38.2020.4.71.6173,334,TRABALHISTA,sentença,ativo,DRA. CAVALCANTE,2022-08-23,31/05/2026,R$ 154.484,18ª Vara Criminal de Recife,em negociação
4396,6011987-71.2020.8.10.4396,695,cível,inicial,ativo,Dra. Cavalcante,13/09/2023,29 de julho de 2025,403283,6ª Vara Cível de Recife,
4397,5472823-70.2022.4.41.7624,1172,Trabalhista,audiência,ATIVO,Dra. Fontes,31/10/2024,04/03/2025,64409,2ª Vara Trabalhista de Recife,em negociação
4398,2909764-51.2025.7.78.2223,1033,cível,audiência,Encerrado,Dr. Barros,2024-11-28,,,17ª Vara Criminal de Recife,urgente
4399,2231929-89.2024.6.41.5461,3,trabalhista,arquivado,closed,Dra. Cavalcante,2025-01-18,6 de setembro de 2025,,16ª Vara Criminal de Recife,urgente
4400,7419280-60.2021.1.40.9417,984,civil,execução,em recurso,Dra. Cavalcante,7 de maio de 2020,30 de janeiro de 2025,,15ª Vara Trabalhista de Recife,cliente não responde
4401,1272937-41.2023.5.75.9958,1345,civil,sentença,Encerrado,Dr. Melo,2025-06-07,28/03/26,332680.00,17ª Vara Cível de Recife,em negociação
4402,8677980-28.2024.9.94.6552,985,cível,arquivado,suspenso,Dra. Fontes,03/02/25,19/12/2026,,19ª Vara Trabalhista de Recife,
4403,5631823-61.2020.5.47.1440,397,civil,instrução,suspended,dr. melo,02/03/2026,23/11/26,402742.00,16ª Vara Criminal de Recife,
4404,8816646-78.2020.7.70.9224,501,trabalhista,recurso,ativo,Dr. Barros,12/02/2023,02/11/2026,172410.00,15ª Vara Cível de Recife,em negociação
4405,1248003-72.2024.2.80.8472,1166,trabalhista,audiência,suspenso,Dr. Barros,2024-12-25,23/06/2026,232046,5ª Vara Trabalhista de Recife,em negociação
4406,1098476-20.2021.1.47.3336,516,civil,sentença,suspended,Dra Fontes,20/01/2024,07/02/2025,,5ª Vara Trabalhista de Recife,
4407,6547287-16.2023.4.15.7491,1469,Civil,arquivado,ativo,Dra. Fontes,2021-06-13,25 de março de 2026,498213,17ª Vara Criminal de Recife,aguardando documentos
4408,3542799-64.2025.6.13.7299,116,Trabalhista,execução,Encerrado,DRA. CAVALCANTE,19 de maio de 2024,2025-06-04,9164.00,8ª Vara Trabalhista de Recife,em negociação
4409,5991409-16.2021.8.44.1303,805,civil,execução,encerrado,Dra Fontes,26/07/20,10/12/26,362651.00,12ª Vara Cível de Recife,aguardando documentos
4410,1869144-23.2023.5.84.3325,255,cível,recurso,ATIVO,Dra Fontes,26/06/2024,22/08/25,19626.00,20ª Vara Cível de Recife,em negociação
4411,3724721-44.2021.9.75.5553,768,Trabalhista,inicial,ativo,DRA. CAVALCANTE,26/10/25,04/02/2026,,2ª Vara Trabalhista de Recife,cliente não responde
4412,2554938-48.2024.1.13.4544,1271,cível,audiência,em recurso,Dr. Melo,27/01/2020,2025-11-11,R$ 172.843,8ª Vara Criminal de Recife,urgente
4413,9319285-35.2025.3.19.9131,872,trabalhista,arquivado,Ativo,Dra. Fontes,23/09/23,6 de setembro de 2025,,10ª Vara Cível de Recife,em negociação
4414,3675188-38.2025.9.53.3305,711,trabalhista,recurso,suspended,dr. melo,27 de junho de 2021,15/10/2025,210219.00,5ª Vara Criminal de Recife,
4415,6339808-70.2020.2.67.1325,16,TRABALHISTA,audiência,ativo,Dra. Fontes,11/03/20,02/05/2025,423050.00,4ª Vara Criminal de Recife,em negociação
4416,3975387-89.2023.4.55.7631,164,civil,audiência,em recurso,dr. melo,01/03/20,05/04/25,R$ 77.105,17ª Vara Trabalhista de Recife,urgente
4417,4601686-30.2021.5.52.7745,918,trabalhista,acordo extrajudicial,ativo,Dr. Melo,23 de abril de 2021,18/10/26,74316,5ª Vara Trabalhista de Recife,
4418,4494463-44.2022.5.80.7542,1061,Trabalhista,arquivado,encerrado,Dra. Fontes,2024-04-03,28/03/2025,,9ª Vara Trabalhista de Recife,em negociação
4419,9992831-61.2022.4.35.1469,763,trabalhista,sentença,Ativo,Dra. Cavalcante,08/07/21,03/12/25,357056,1ª Vara Trabalhista de Recife,
4420,9425559-65.2022.6.99.1309,894,TRABALHISTA,audiência,acordo,Dra Fontes,25 de novembro de 2024,29/09/2026,R$ 89.913,4ª Vara Cível de Recife,urgente
4421,8125196-18.2023.1.53.1215,988,TRABALHISTA,audiência,Encerrado,DRA. CAVALCANTE,23/10/25,09/04/2025,R$ 60.006,18ª Vara Criminal de Recife,
4422,7236875-79.2024.7.97.5566,440,Civil,instrução,Encerrado,DRA. CAVALCANTE,23/04/2021,19/03/26,,18ª Vara Criminal de Recife,cliente não responde
4423,3879233-61.2024.5.30.1494,971,TRABALHISTA,instrução,settlement,Dr. Barros,2022-07-13,,R$ 186.967,3ª Vara Cível de Recife,
4424,2895065-46.2022.7.67.1438,819,TRABALHISTA,inicial,acordo,Dr. Barros,12/03/2024,18/02/2026,R$ 338.242,8ª Vara Criminal de Recife,
4425,2884639-86.2023.2.31.8737,695,Trabalhista,audiência,ativo,Dra. Cavalcante,2021-03-12,2026-01-06,475088.00,8ª Vara Criminal de Recife,urgente
4426,4493339-70.2021.7.17.8725,439,Civil,arquivado,ativo,dr. melo,2026-02-16,16/07/25,,8ª Vara Trabalhista de Recife,
4427,4568537-97.2021.4.82.7633,394,cível,sentença,appeal,Dr. Melo,20 de setembro de 2024,4 de junho de 2025,R$ 16.245,7ª Vara Cível de Recife,
4428,5159882-37.2022.9.71.7550,846,cível,acordo extrajudicial,em recurso,Dra. Cavalcante,2025-06-25,05/06/2025,R$ 10.538,17ª Vara Cível de Recife,
4429,9686751-57.2022.7.62.3494,136,trabalhista,execução,ativo,Dra Fontes,27/04/25,30/12/26,,16ª Vara Criminal de Recife,
4430,3401866-56.2021.1.87.5297,1430,TRABALHISTA,inicial,active,Dr. Barros,20/09/2024,2025-07-05,,13ª Vara Criminal de Recife,
4431,2267110-24.2021.5.78.6025,1134,civil,recurso,em recurso,Dr. Barros,08/05/2020,2025-03-18,,3ª Vara Criminal de Recife,
4432,7722274-26.2024.9.14.7062,704,TRABALHISTA,arquivado,suspended,Dr. Melo,07/02/21,04/02/2026,R$ 54.813,11ª Vara Criminal de Recife,urgente
4433,4938178-62.2020.7.27.6072,168,Civil,recurso,settlement,Dr. Barros,2020-09-13,15/12/26,R$ 249.409,7ª Vara Cível de Recife,urgente
4434,3263740-44.2022.3.81.5402,417,Civil,execução,ativo,Dra. Fontes,07/08/25,12 de outubro de 2025,12834,10ª Vara Criminal de Recife,
4435,8157599-64.2024.2.89.5276,235,Civil,recurso,suspended,Dr. Barros,26/09/2023,04/09/26,,4ª Vara Trabalhista de Recife,
4436,5462435-11.2024.9.85.2977,474,TRABALHISTA,instrução,Encerrado,Dr. Barros,2021-07-12,23 de novembro de 2026,R$ 20.012,4ª Vara Trabalhista de Recife,urgente
4437,8183950-10.2021.5.84.9388,761,TRABALHISTA,inicial,ativo,Dr. Barros,04/07/25,9 de janeiro de 2025,362299.00,7ª Vara Criminal de Recife,
4438,1411065-96.2022.9.64.8271,765,Civil,acordo extrajudicial,ATIVO,Dra Fontes,07/12/2023,09/10/2025,,16ª Vara Cível de Recife,cliente não responde
4439,1272937-41.2023.5.75.9958,727,TRABALHISTA,arquivado,ativo,Dra. Fontes,3 de janeiro de 2022,05/01/26,109467.00,10ª Vara Criminal de Recife,em negociação
4440,2837371-36.2022.7.88.5428,157,trabalhista,inicial,ativo,Dra Fontes,07/01/2023,13 de novembro de 2026,358033.00,16ª Vara Trabalhista de Recife,cliente não responde
4441,1735592-50.2022.9.87.5612,595,civil,recurso,acordo,Dra. Cavalcante,07/04/2024,11 de fevereiro de 2025,329391.00,1ª Vara Cível de Recife,em negociação
4442,7789809-22.2020.1.73.9031,1104,Trabalhista,inicial,em recurso,Dra Fontes,06/09/21,2026-02-22,R$ 371.431,13ª Vara Cível de Recife,cliente não responde
4443,9898363-27.2020.4.89.2966,611,Trabalhista,inicial,appeal,DRA. CAVALCANTE,21/08/2020,2025-03-12,,5ª Vara Cível de Recife,
4444,3679963-72.2020.9.29.7859,225,trabalhista,sentença,suspenso,Dra. Fontes,1 de junho de 2025,2025-08-21,,4ª Vara Cível de Recife,aguardando documentos
4445,1411065-96.2022.9.64.8271,498,civil,arquivado,encerrado,DRA. CAVALCANTE,28/04/2025,28/04/2026,R$ 223.997,9ª Vara Trabalhista de Recife,cliente não responde
4446,3306375-34.2024.9.48.9154,956,Trabalhista,audiência,settlement,Dra Fontes,25 de maio de 2020,20/02/2026,192835.00,3ª Vara Criminal de Recife,em negociação
4447,3168718-77.2025.2.92.8027,626,civil,arquivado,ativo,Dra Fontes,17/01/21,9 de abril de 2026,159574,20ª Vara Trabalhista de Recife,
4448,5514997-95.2024.1.84.8098,1139,Trabalhista,arquivado,ativo,Dr. Barros,12/12/2023,04/05/2025,330598.00,16ª Vara Criminal de Recife,
4449,4494463-44.2022.5.80.7542,447,Civil,sentença,appeal,Dr. Melo,2024-03-04,17 de junho de 2025,,15ª Vara Cível de Recife,
4450,2129757-49.2025.4.14.5657,30,trabalhista,acordo extrajudicial,ativo,Dra Fontes,05/05/23,20/10/26,,17ª Vara Cível de Recife,urgente
4451,1933296-95.2024.5.69.8317,1171,civil,sentença,acordo,Dr. Barros,28/11/24,15/02/25,,8ª Vara Criminal de Recife,aguardando documentos
4452,2837371-36.2022.7.88.5428,393,Civil,sentença,em recurso,Dr. Barros,2021-11-01,16/02/26,R$ 243.509,8ª Vara Cível de Recife,cliente não responde
4453,6101036-60.2022.7.49.3295,386,Civil,inicial,ativo,Dr. Melo,02/10/2023,16/06/25,104287,10ª Vara Criminal de Recife,
4454,2895065-46.2022.7.67.1438,892,civil,audiência,settlement,Dra. Fontes,14 de outubro de 2021,2025-08-07,R$ 393.279,5ª Vara Trabalhista de Recife,
4455,3724721-44.2021.9.75.5553,1109,cível,sentença,appeal,dr. melo,2023-04-21,03/06/2025,188693.00,12ª Vara Cível de Recife,urgente
4456,4064382-39.2022.4.13.8937,332,civil,inicial,encerrado,DRA. CAVALCANTE,22 de maio de 2020,,,11ª Vara Trabalhista de Recife,aguardando documentos
4457,2341370-92.2024.9.60.8122,241,Civil,recurso,active,Dr. Melo,2021-02-18,26/03/2025,,5ª Vara Cível de Recife,aguardando documentos
4458,2411026-52.2022.6.26.7373,684,TRABALHISTA,execução,settlement,Dr. Barros,2025-03-15,08/05/26,,9ª Vara Trabalhista de Recife,urgente
4459,4460247-99.2024.9.97.4840,1197,Civil,sentença,acordo,dr. melo,18 de julho de 2025,6 de maio de 2026,161066.00,4ª Vara Criminal de Recife,
4460,4084503-92.2025.8.90.5515,1051,civil,sentença,settlement,Dr. Barros,28 de agosto de 2021,,,7ª Vara Criminal de Recife,aguardando documentos
4461,5472823-70.2022.4.41.7624,620,cível,execução,suspenso,Dra. Cavalcante,07/04/24,2025-05-26,R$ 497.574,12ª Vara Criminal de Recife,cliente não responde
4462,7848147-32.2021.6.58.3528,585,Trabalhista,audiência,active,Dr. Barros,18/08/2022,2025-06-19,R$ 265.136,14ª Vara Trabalhista de Recife,aguardando documentos
4463,2554938-48.2024.1.13.4544,710,Civil,acordo extrajudicial,ativo,Dra. Fontes,2022-12-18,12 de março de 2025,,17ª Vara Cível de Recife,
4464,6982910-41.2023.8.91.8758,1146,civil,sentença,encerrado,DRA. CAVALCANTE,26 de setembro de 2025,28/08/2025,407125.00,20ª Vara Cível de Recife,cliente não responde
4465,6370110-64.2022.3.52.8440,538,Trabalhista,sentença,closed,Dra. Fontes,05/10/25,18/03/2025,26490,4ª Vara Trabalhista de Recife,aguardando documentos
4466,2231929-89.2024.6.41.5461,1081,civil,instrução,Ativo,Dra. Cavalcante,22 de fevereiro de 2023,14 de dezembro de 2026,R$ 195.493,4ª Vara Criminal de Recife,
4467,5271615-59.2021.2.54.6844,963,trabalhista,recurso,acordo,Dra. Fontes,06/05/2023,07/10/2025,98273,9ª Vara Criminal de Recife,urgente
4468,5996426-23.2022.8.20.3566,1412,civil,sentença,acordo,Dr. Barros,09/12/2022,03/09/2025,R$ 498.064,10ª Vara Criminal de Recife,urgente
4469,1621418-87.2020.9.55.9337,1078,Civil,execução,ativo,Dra. Fontes,16/02/22,26 de julho de 2026,75729.00,3ª Vara Criminal de Recife,aguardando documentos
4470,3778380-86.2023.9.32.5849,1485,civil,inicial,encerrado,Dra Fontes,2026-04-29,07/02/26,,6ª Vara Cível de Recife,
4471,5239450-56.2022.7.99.2371,324,civil,arquivado,Ativo,Dra. Fontes,2021-04-25,21/10/26,112043,13ª Vara Cível de Recife,cliente não responde
4472,2461262-96.2021.6.48.1315,1321,civil,recurso,ativo,dr. melo,14/12/2022,2026-01-19,,18ª Vara Trabalhista de Recife,
4473,7892487-80.2022.9.64.5036,150,Civil,acordo extrajudicial,suspenso,dr. melo,08/11/2025,2025-10-23,399346,15ª Vara Criminal de Recife,em negociação
4474,2519059-58.2022.7.86.4385,668,Civil,sentença,em recurso,Dra. Fontes,13 de novembro de 2022,2025-09-15,,18ª Vara Trabalhista de Recife,cliente não responde
4475,2129757-49.2025.4.14.5657,274,civil,recurso,Encerrado,Dr. Melo,9 de novembro de 2022,2025-06-21,,16ª Vara Trabalhista de Recife,
4476,5867457-18.2023.9.16.7298,805,trabalhista,recurso,ativo,Dr. Melo,08/11/20,03/06/2025,365504,6ª Vara Cível de Recife,urgente
4477,7840442-26.2025.9.53.5093,1381,civil,arquivado,Encerrado,Dra Fontes,2020-06-13,,R$ 161.788,14ª Vara Criminal de Recife,urgente
4478,7245951-43.2021.4.11.7623,834,TRABALHISTA,arquivado,Encerrado,Dr. Barros,8 de maio de 2020,21/09/26,R$ 270.179,4ª Vara Cível de Recife,
4479,3505690-87.2020.8.52.6260,1289,cível,audiência,Ativo,dr. melo,03/05/2022,24 de maio de 2026,249183,9ª Vara Trabalhista de Recife,
4480,6254488-31.2024.9.48.3216,1219,cível,sentença,suspenso,Dra. Cavalcante,07/05/21,21/12/26,268955.00,7ª Vara Cível de Recife,em negociação
4481,4415624-13.2024.9.14.9480,1110,Trabalhista,arquivado,ativo,dr. melo,20/10/25,06/08/2026,,14ª Vara Trabalhista de Recife,em negociação
4482,1931030-34.2024.8.48.5319,402,Trabalhista,execução,acordo,DRA. CAVALCANTE,23/06/20,10/05/2026,R$ 176.902,15ª Vara Criminal de Recife,em negociação
4483,6075721-43.2020.9.85.8738,1224,cível,inicial,appeal,DRA. CAVALCANTE,10 de setembro de 2021,,314671,9ª Vara Cível de Recife,urgente
4484,3496733-55.2020.2.43.8503,329,Trabalhista,arquivado,settlement,DRA. CAVALCANTE,24/04/2021,15 de abril de 2026,169751.00,6ª Vara Criminal de Recife,em negociação
4485,1974389-81.2024.5.57.9354,6,Civil,execução,encerrado,Dra. Fontes,13 de maio de 2021,27/06/25,455801.00,15ª Vara Trabalhista de Recife,em negociação
4486,1676369-34.2022.3.47.6087,324,trabalhista,inicial,settlement,Dra. Fontes,2024-06-09,2025-11-09,54323.00,11ª Vara Cível de Recife,
4487,9804642-71.2024.4.76.5486,450,TRABALHISTA,acordo extrajudicial,appeal,Dr. Melo,30 de agosto de 2020,,R$ 150.777,19ª Vara Criminal de Recife,
4488,7848147-32.2021.6.58.3528,809,trabalhista,execução,Encerrado,Dr. Barros,14/12/20,20/01/2025,,3ª Vara Trabalhista de Recife,
4489,6547287-16.2023.4.15.7491,734,Trabalhista,recurso,suspenso,Dr. Melo,27 de outubro de 2020,2025-09-21,,20ª Vara Cível de Recife,
4490,8382607-83.2020.6.26.3936,64,TRABALHISTA,instrução,suspenso,dr. melo,23/08/21,7 de agosto de 2025,239082,20ª Vara Cível de Recife,
4491,6011987-71.2020.8.10.4396,34,trabalhista,sentença,ativo,dr. melo,2020-05-25,18 de maio de 2026,9178.00,1ª Vara Trabalhista de Recife,
4492,1101935-78.2023.5.88.5299,543,trabalhista,acordo extrajudicial,acordo,Dra Fontes,2 de março de 2026,31/03/2026,,9ª Vara Trabalhista de Recife,em negociação
4493,8886588-26.2020.9.65.6361,820,cível,inicial,encerrado,DRA. CAVALCANTE,22/02/2024,29/04/2025,326593.00,8ª Vara Criminal de Recife,
4494,8168054-14.2024.6.50.1232,60,TRABALHISTA,acordo extrajudicial,active,Dr. Barros,2021-11-28,01/05/26,R$ 408.627,6ª Vara Cível de Recife,
4495,2966787-79.2022.1.41.9944,471,trabalhista,inicial,suspended,Dra. Fontes,01/03/2025,27/02/2025,R$ 292.877,8ª Vara Cível de Recife,
4496,8157599-64.2024.2.89.5276,396,Civil,arquivado,ativo,Dra. Fontes,30/08/2021,2025-05-20,,1ª Vara Trabalhista de Recife,urgente
4497,7789809-22.2020.1.73.9031,1260,trabalhista,sentença,acordo,Dra Fontes,23 de dezembro de 2022,2026-03-26,387036.00,11ª Vara Cível de Recife,
4498,9970343-38.2020.5.18.4483,983,cível,instrução,Ativo,Dra Fontes,4 de março de 2023,12/02/26,,2ª Vara Cível de Recife,
4499,2824928-33.2020.1.90.6467,1105,Trabalhista,execução,settlement,Dr. Melo,31 de março de 2023,4 de janeiro de 2026,R$ 168.643,16ª Vara Criminal de Recife,
4500,1098476-20.2021.1.47.3336,1116,Civil,instrução,settlement,Dr. Barros,2021-09-14,23 de janeiro de 2025,256245.00,14ª Vara Trabalhista de Recife,cliente não responde
4501,4460247-99.2024.9.97.4840,973,civil,arquivado,active,Dra. Fontes,2022-08-19,18/08/2025,231470,6ª Vara Criminal de Recife,urgente
4502,5422047-80.2024.8.62.4364,353,TRABALHISTA,recurso,ativo,DRA. CAVALCANTE,2023-12-24,17/11/26,,3ª Vara Cível de Recife,
4503,8381610-96.2020.6.26.2533,727,TRABALHISTA,recurso,closed,Dr. Barros,30/03/2021,2026-08-15,,18ª Vara Cível de Recife,em negociação
4504,4952151-27.2023.3.38.8762,970,Trabalhista,execução,Ativo,Dra. Fontes,06/05/22,18 de outubro de 2025,348920,12ª Vara Cível de Recife,
4505,6034606-21.2023.6.18.6684,758,Trabalhista,arquivado,suspenso,Dra Fontes,22/02/21,19/07/2026,R$ 200.759,15ª Vara Trabalhista de Recife,cliente não responde
4506,4090182-95.2021.1.57.7189,487,cível,audiência,suspenso,Dr. Barros,18/04/2025,08/11/25,496275,11ª Vara Criminal de Recife,em negociação
4507,4229107-99.2020.7.61.3978,1323,Civil,arquivado,ativo,Dr. Melo,2020-06-11,2026-04-25,R$ 141.858,7ª Vara Cível de Recife,aguardando documentos
4508,7115217-41.2025.1.67.7692,15,cível,execução,Ativo,Dr. Melo,19/06/2024,31/10/2025,487052,20ª Vara Trabalhista de Recife,
4509,6836135-90.2022.9.37.5643,1012,TRABALHISTA,acordo extrajudicial,acordo,Dra Fontes,13/10/2025,7 de junho de 2026,R$ 487.475,10ª Vara Cível de Recife,aguardando documentos
4510,2186433-37.2022.2.12.4344,1405,civil,acordo extrajudicial,ativo,dr. melo,17/12/21,2025-08-30,R$ 333.977,7ª Vara Cível de Recife,urgente
4511,5159219-49.2023.5.25.3676,306,TRABALHISTA,audiência,ativo,Dra Fontes,09/08/20,2026-05-06,487992,9ª Vara Criminal de Recife,
4512,5953905-94.2022.5.44.3245,225,Civil,sentença,settlement,Dr. Barros,29/03/22,21 de julho de 2025,166079.00,13ª Vara Trabalhista de Recife,
4513,2997279-67.2024.9.84.1441,1342,civil,execução,ativo,Dr. Barros,16/08/2023,2026-05-10,336485.00,8ª Vara Cível de Recife,
4514,9398629-61.2022.5.88.8253,465,cível,arquivado,Encerrado,dr. melo,28 de março de 2023,20/10/25,7500.00,15ª Vara Criminal de Recife,urgente
4515,1757615-27.2025.7.10.3762,766,civil,recurso,suspenso,Dr. Melo,13 de junho de 2023,29/09/2025,R$ 71.990,10ª Vara Trabalhista de Recife,
4516,4460247-99.2024.9.97.4840,1296,civil,arquivado,acordo,Dr. Melo,19 de abril de 2025,2025-01-30,,10ª Vara Criminal de Recife,em negociação
4517,7222167-30.2022.8.44.7452,905,cível,instrução,ativo,DRA. CAVALCANTE,2022-09-14,31 de maio de 2025,245342.00,20ª Vara Criminal de Recife,
4518,9071705-28.2021.9.78.4746,1175,cível,execução,appeal,Dr. Melo,26/03/2021,2026-10-02,,17ª Vara Trabalhista de Recife,
4519,9108785-98.2021.3.78.6687,1182,TRABALHISTA,audiência,ATIVO,Dra Fontes,25 de março de 2026,13/08/2025,R$ 374.623,5ª Vara Trabalhista de Recife,em negociação
4520,8368372-34.2020.6.43.9691,527,Trabalhista,sentença,closed,Dra Fontes,22/08/21,2026-07-16,R$ 456.434,7ª Vara Trabalhista de Recife,cliente não responde
4521,4510407-23.2020.5.18.6055,508,Civil,sentença,closed,Dr. Barros,05/09/22,15/10/2026,,14ª Vara Trabalhista de Recife,cliente não responde
4522,9835331-11.2022.6.15.8602,208,Civil,arquivado,appeal,Dr. Barros,2021-05-31,2025-05-16,R$ 439.881,6ª Vara Criminal de Recife,em negociação
4523,6935346-77.2024.3.52.9529,223,Civil,recurso,encerrado,Dr. Barros,2023-11-22,16/06/2026,468748.00,2ª Vara Trabalhista de Recife,cliente não responde
4524,4865461-96.2025.2.64.9143,26,cível,acordo extrajudicial,Ativo,Dr. Barros,29/09/20,25/09/2025,365344.00,13ª Vara Cível de Recife,aguardando documentos
4525,8368372-34.2020.6.43.9691,608,civil,audiência,ativo,dr. melo,4 de fevereiro de 2024,2026-01-19,150862.00,16ª Vara Criminal de Recife,
4526,7999133-20.2023.7.26.1121,1031,trabalhista,audiência,appeal,dr. melo,26 de novembro de 2025,10 de agosto de 2026,5051,16ª Vara Trabalhista de Recife,
4527,7813974-60.2021.1.81.1542,1344,TRABALHISTA,execução,em recurso,Dr. Barros,08/06/25,2025-04-27,,14ª Vara Cível de Recife,aguardando documentos
4528,5518767-82.2023.4.96.9873,1170,civil,audiência,closed,Dr. Melo,18 de janeiro de 2020,2026-10-22,,13ª Vara Cível de Recife,
4529,5492622-29.2021.9.92.7737,152,Civil,audiência,ativo,Dr. Melo,15 de outubro de 2022,29/03/2026,48374.00,3ª Vara Cível de Recife,em negociação
4530,8717678-27.2025.5.11.4526,1338,trabalhista,arquivado,Ativo,Dr. Melo,09/09/2020,2026-09-03,R$ 70.320,10ª Vara Criminal de Recife,cliente não responde
4531,7941836-76.2025.4.34.6543,653,Civil,acordo extrajudicial,encerrado,DRA. CAVALCANTE,24/08/2023,20 de dezembro de 2025,,4ª Vara Criminal de Recife,aguardando documentos
4532,2966787-79.2022.1.41.9944,1324,trabalhista,audiência,acordo,Dr. Melo,16/05/21,2026-12-26,9578.00,4ª Vara Trabalhista de Recife,em negociação
4533,6053412-12.2021.6.72.8346,976,Civil,sentença,closed,dr. melo,2021-04-10,2025-01-24,93983.00,17ª Vara Cível de Recife,cliente não responde
4534,5786762-52.2021.9.21.3037,1051,trabalhista,audiência,ativo,DRA. CAVALCANTE,2024-12-13,26 de outubro de 2026,,20ª Vara Criminal de Recife,
4535,6160516-66.2024.5.17.7150,132,Civil,instrução,suspended,Dr. Barros,25 de novembro de 2020,2 de maio de 2025,,12ª Vara Trabalhista de Recife,
4536,4768255-51.2022.4.94.5695,1315,civil,recurso,active,dr. melo,27/09/2025,2025-12-05,,11ª Vara Cível de Recife,aguardando documentos
4537,3778380-86.2023.9.32.5849,93,Civil,instrução,ativo,dr. melo,27 de setembro de 2022,22/10/26,222084,13ª Vara Trabalhista de Recife,
4538,1346701-74.2024.1.65.8985,93,trabalhista,execução,ativo,DRA. CAVALCANTE,29/05/2022,15 de abril de 2025,247141,10ª Vara Criminal de Recife,urgente
4539,1273300-90.2024.2.80.7378,811,Trabalhista,sentença,ativo,Dr. Barros,15/07/2023,14/03/2025,495860.00,15ª Vara Criminal de Recife,
4540,7065068-16.2021.7.14.6489,624,cível,arquivado,ativo,Dr. Barros,2021-12-31,4 de julho de 2026,R$ 7.852,3ª Vara Criminal de Recife,aguardando documentos
4541,3395583-64.2024.4.41.2181,1162,Trabalhista,arquivado,ATIVO,Dr. Barros,23 de outubro de 2021,02/05/26,113046.00,9ª Vara Criminal de Recife,urgente
4542,5239450-56.2022.7.99.2371,284,cível,arquivado,closed,Dra Fontes,25/11/23,1 de junho de 2026,R$ 292.271,4ª Vara Criminal de Recife,cliente não responde
4543,9686751-57.2022.7.62.3494,448,cível,acordo extrajudicial,appeal,Dra Fontes,09/12/2021,21/02/25,,12ª Vara Trabalhista de Recife,cliente não responde
4544,3542616-60.2022.3.87.6536,869,Civil,instrução,appeal,Dr. Barros,18/06/2020,2026-10-19,211609,4ª Vara Trabalhista de Recife,aguardando documentos
4545,8717678-27.2025.5.11.4526,23,civil,instrução,appeal,dr. melo,2022-08-24,23/04/26,312418.00,14ª Vara Trabalhista de Recife,
4546,6836135-90.2022.9.37.5643,85,cível,inicial,ativo,Dr. Barros,2024-10-04,10/09/2025,,14ª Vara Trabalhista de Recife,
4547,2461262-96.2021.6.48.1315,1395,civil,instrução,ativo,Dr. Barros,08/02/2021,4 de outubro de 2026,,17ª Vara Cível de Recife,aguardando documentos
4548,1757615-27.2025.7.10.3762,1475,Trabalhista,recurso,closed,DRA. CAVALCANTE,2023-05-17,08/04/2026,166556.00,19ª Vara Trabalhista de Recife,
4549,3248366-98.2020.5.11.6279,936,trabalhista,audiência,encerrado,dr. melo,20/11/2023,16 de janeiro de 2026,387347,2ª Vara Criminal de Recife,urgente
4550,6927716-18.2022.9.56.1445,570,Civil,sentença,closed,Dr. Barros,19/07/22,18/04/2026,310391.00,15ª Vara Trabalhista de Recife,
4551,7633905-83.2022.9.95.2309,914,Trabalhista,instrução,em recurso,Dr. Barros,2023-11-18,05/11/2025,255739.00,14ª Vara Cível de Recife,aguardando documentos
4552,4140100-24.2024.4.63.7178,1043,Civil,arquivado,ativo,Dr. Barros,20 de abril de 2026,21 de outubro de 2025,313205,6ª Vara Trabalhista de Recife,em negociação
4553,7633905-83.2022.9.95.2309,158,TRABALHISTA,sentença,settlement,DRA. CAVALCANTE,30/05/2024,28 de setembro de 2026,234623.00,8ª Vara Cível de Recife,cliente não responde
4554,8323566-47.2021.3.26.4644,253,civil,arquivado,suspended,Dr. Barros,2 de setembro de 2025,2025-09-16,,2ª Vara Cível de Recife,
4555,1101935-78.2023.5.88.5299,1044,Trabalhista,execução,encerrado,dr. melo,2023-12-29,11/04/2025,477582.00,13ª Vara Trabalhista de Recife,aguardando documentos
4556,3588109-63.2023.1.26.4223,13,Civil,recurso,encerrado,Dra. Cavalcante,21 de setembro de 2025,28 de março de 2026,,18ª Vara Cível de Recife,
4557,5274951-77.2021.1.76.5120,443,TRABALHISTA,sentença,suspended,DRA. CAVALCANTE,1 de novembro de 2020,,R$ 47.844,5ª Vara Trabalhista de Recife,
4558,1602496-64.2022.5.79.8340,1375,Trabalhista,inicial,suspended,Dr. Barros,2021-08-30,22 de novembro de 2026,,10ª Vara Criminal de Recife,
4559,1933296-95.2024.5.69.8317,114,cível,recurso,ativo,DRA. CAVALCANTE,2020-02-15,2026-10-18,359666.00,19ª Vara Cível de Recife,aguardando documentos
4560,5991409-16.2021.8.44.1303,64,TRABALHISTA,inicial,em recurso,Dra Fontes,19/02/2022,22/08/2026,265246,9ª Vara Criminal de Recife,
4561,4938178-62.2020.7.27.6072,521,Civil,acordo extrajudicial,settlement,Dra. Fontes,5 de junho de 2024,,,8ª Vara Cível de Recife,
4562,6036037-32.2025.3.53.7515,825,Civil,sentença,ATIVO,Dr. Barros,2021-01-14,2025-04-09,R$ 163.574,9ª Vara Criminal de Recife,urgente
4563,3754895-37.2021.6.18.8502,1415,Civil,inicial,em recurso,Dra Fontes,17 de junho de 2020,7 de fevereiro de 2025,464494.00,9ª Vara Cível de Recife,aguardando documentos
4564,2019436-32.2020.6.16.9856,1044,civil,acordo extrajudicial,ativo,dr. melo,12/04/22,6 de novembro de 2026,,16ª Vara Trabalhista de Recife,
4565,6953559-38.2025.7.42.9212,640,civil,acordo extrajudicial,appeal,Dra. Cavalcante,18 de setembro de 2020,06/02/26,R$ 188.906,15ª Vara Criminal de Recife,
4566,6524227-53.2025.1.97.6214,377,Civil,audiência,encerrado,DRA. CAVALCANTE,25/01/2021,17/06/25,,19ª Vara Cível de Recife,
4567,5518767-82.2023.4.96.9873,927,Trabalhista,execução,settlement,dr. melo,20 de novembro de 2024,2026-09-02,,6ª Vara Cível de Recife,
4568,9835331-11.2022.6.15.8602,1417,Civil,acordo extrajudicial,ativo,Dr. Barros,14 de fevereiro de 2026,31/03/2026,103062.00,4ª Vara Cível de Recife,
4569,3306375-34.2024.9.48.9154,1029,trabalhista,instrução,closed,Dr. Melo,20 de dezembro de 2024,29 de novembro de 2025,243852.00,3ª Vara Criminal de Recife,em negociação
4570,7979033-26.2021.6.18.1084,95,trabalhista,sentença,encerrado,Dra. Fontes,2023-03-06,04/06/25,R$ 7.429,10ª Vara Criminal de Recife,em negociação
4571,5483975-50.2024.8.92.4422,1384,TRABALHISTA,inicial,em recurso,Dra. Cavalcante,06/01/26,14 de abril de 2026,302504.00,16ª Vara Cível de Recife,
4572,5483975-50.2024.8.92.4422,86,TRABALHISTA,inicial,appeal,Dr. Melo,11/03/21,22/02/26,255700,14ª Vara Cível de Recife,aguardando documentos
4573,9302979-43.2025.9.68.7487,81,civil,recurso,Encerrado,Dr. Barros,23 de janeiro de 2022,2026-05-31,238223,6ª Vara Criminal de Recife,aguardando documentos
4574,8607512-63.2021.6.82.1039,521,TRABALHISTA,execução,ativo,Dra. Cavalcante,2020-11-21,25/11/2026,R$ 195.863,17ª Vara Criminal de Recife,
4575,8066975-72.2023.7.26.7675,1370,Civil,inicial,closed,Dra. Cavalcante,26/03/2023,9 de julho de 2026,,5ª Vara Cível de Recife,
4576,5284129-51.2020.3.32.5205,880,civil,audiência,ativo,DRA. CAVALCANTE,02/03/24,15/01/25,206215,2ª Vara Trabalhista de Recife,em negociação
4577,5492622-29.2021.9.92.7737,108,Trabalhista,sentença,Ativo,Dra Fontes,09/06/2022,18 de outubro de 2025,R$ 5.766,16ª Vara Trabalhista de Recife,urgente
4578,3464073-25.2022.8.73.5075,1434,Trabalhista,sentença,settlement,Dr. Barros,28/03/22,2025-04-28,146579,18ª Vara Cível de Recife,aguardando documentos
4579,3418432-84.2025.3.59.5858,654,TRABALHISTA,instrução,suspended,Dra Fontes,2020-11-06,19/03/25,R$ 232.573,12ª Vara Trabalhista de Recife,
4580,9057219-99.2020.9.96.3254,729,trabalhista,audiência,em recurso,Dra Fontes,24 de julho de 2021,23/03/25,,17ª Vara Trabalhista de Recife,
4581,5788467-41.2023.8.93.8134,614,trabalhista,sentença,ATIVO,DRA. CAVALCANTE,2025-10-06,25 de janeiro de 2026,,14ª Vara Trabalhista de Recife,aguardando documentos
4582,8220628-15.2021.8.54.9077,447,cível,audiência,em recurso,DRA. CAVALCANTE,09/04/2024,2025-05-25,158240.00,15ª Vara Cível de Recife,
4583,4202942-75.2025.6.91.7611,1057,trabalhista,sentença,active,Dra Fontes,14/05/25,17 de setembro de 2026,,19ª Vara Trabalhista de Recife,urgente
4584,7486138-99.2020.5.81.4332,1487,TRABALHISTA,acordo extrajudicial,encerrado,DRA. CAVALCANTE,28/08/2025,06/02/2025,R$ 229.416,14ª Vara Criminal de Recife,cliente não responde
4585,2869625-86.2025.7.14.5837,409,civil,arquivado,Encerrado,Dr. Barros,31/05/20,01/05/26,443755,5ª Vara Trabalhista de Recife,
4586,7222167-30.2022.8.44.7452,505,cível,audiência,encerrado,Dr. Melo,6 de outubro de 2022,,336412.00,20ª Vara Trabalhista de Recife,urgente
4587,9214397-26.2023.4.18.6844,1122,trabalhista,inicial,ativo,Dra. Fontes,20/02/25,15/11/25,323317.00,4ª Vara Criminal de Recife,
4588,2966787-79.2022.1.41.9944,60,trabalhista,inicial,Encerrado,Dra Fontes,26 de janeiro de 2025,31/03/25,102974.00,20ª Vara Trabalhista de Recife,em negociação
4589,7320713-89.2022.3.68.7881,684,Trabalhista,acordo extrajudicial,suspenso,DRA. CAVALCANTE,26 de fevereiro de 2023,29/09/2025,249861.00,13ª Vara Cível de Recife,
4590,7820540-78.2023.1.75.4823,1470,cível,recurso,settlement,DRA. CAVALCANTE,26/10/2023,05/05/2025,,13ª Vara Trabalhista de Recife,
4591,6011987-71.2020.8.10.4396,819,trabalhista,inicial,ativo,Dr. Melo,10 de setembro de 2023,30 de abril de 2025,,12ª Vara Criminal de Recife,aguardando documentos
4592,1311508-84.2020.3.38.8512,596,TRABALHISTA,instrução,ativo,DRA. CAVALCANTE,2026-04-30,,R$ 306.248,15ª Vara Criminal de Recife,urgente
4593,1933296-95.2024.5.69.8317,706,Trabalhista,execução,encerrado,Dr. Melo,23/05/2025,,238537.00,10ª Vara Cível de Recife,em negociação
4594,5826200-20.2025.1.91.8748,1376,TRABALHISTA,audiência,suspenso,Dr. Barros,17/08/2023,26/10/2025,R$ 152.776,7ª Vara Criminal de Recife,
4595,5116418-16.2025.3.98.2234,1129,Trabalhista,inicial,closed,dr. melo,13/12/20,23 de abril de 2025,R$ 102.972,19ª Vara Trabalhista de Recife,
4596,7948577-74.2025.1.60.7583,423,Trabalhista,execução,ativo,Dr. Barros,28 de setembro de 2025,27/11/25,328510,4ª Vara Cível de Recife,urgente
4597,2842764-33.2025.7.99.7279,494,trabalhista,acordo extrajudicial,settlement,Dr. Barros,29 de agosto de 2021,04/05/2026,,8ª Vara Criminal de Recife,
4598,5700249-43.2020.5.57.9341,1214,cível,instrução,suspended,Dr. Melo,2023-08-17,31/10/2025,58875,11ª Vara Criminal de Recife,
4599,8630644-97.2025.3.28.1296,88,Trabalhista,execução,active,Dr. Barros,12/05/24,16/12/2026,R$ 420.841,18ª Vara Cível de Recife,aguardando documentos
4600,8590346-68.2020.7.63.7780,588,Trabalhista,acordo extrajudicial,Ativo,Dr. Barros,02/11/2021,25/01/2026,18527,9ª Vara Trabalhista de Recife,cliente não responde
4601,2328070-99.2024.8.57.5561,925,cível,arquivado,settlement,Dr. Melo,10/12/2022,2026-03-22,390014.00,10ª Vara Criminal de Recife,cliente não responde
4602,2461262-96.2021.6.48.1315,196,cível,audiência,active,dr. melo,27 de maio de 2022,07/09/2025,170382,3ª Vara Criminal de Recife,urgente
4603,3496733-55.2020.2.43.8503,1224,trabalhista,audiência,settlement,Dr. Barros,31/08/2023,2025-09-08,125058.00,6ª Vara Trabalhista de Recife,em negociação
4604,8677980-28.2024.9.94.6552,1289,Trabalhista,arquivado,suspenso,Dr. Barros,2024-06-08,2026-07-07,154717.00,4ª Vara Cível de Recife,em negociação
4605,6865513-17.2021.7.21.3938,524,civil,arquivado,em recurso,dr. melo,2025-09-06,25/11/26,R$ 377.322,6ª Vara Criminal de Recife,
4606,9062552-47.2024.4.22.8265,146,cível,sentença,active,dr. melo,14/12/23,2026-07-28,152981.00,20ª Vara Cível de Recife,em negociação
4607,5492622-29.2021.9.92.7737,1474,cível,sentença,encerrado,Dr. Barros,8 de dezembro de 2021,,276902,14ª Vara Trabalhista de Recife,
4608,3576390-15.2021.2.82.8209,483,Civil,inicial,encerrado,Dra. Cavalcante,08/09/25,26 de outubro de 2026,494332.00,12ª Vara Cível de Recife,
4609,1183693-37.2024.1.85.2937,592,trabalhista,recurso,Ativo,dr. melo,29 de junho de 2024,24 de março de 2025,,1ª Vara Cível de Recife,em negociação
4610,4938178-62.2020.7.27.6072,1410,cível,recurso,ativo,DRA. CAVALCANTE,07/01/22,03/05/26,,9ª Vara Trabalhista de Recife,
4611,4952151-27.2023.3.38.8762,827,trabalhista,execução,suspenso,Dra. Cavalcante,10/02/24,01/05/2025,49425,13ª Vara Trabalhista de Recife,aguardando documentos
4612,6038940-61.2024.4.64.6408,178,Trabalhista,arquivado,appeal,Dr. Barros,27/01/25,2026-05-11,,6ª Vara Trabalhista de Recife,em negociação
4613,7110796-41.2020.3.80.5362,1329,TRABALHISTA,instrução,Ativo,Dr. Melo,03/04/2024,12/09/26,480868,3ª Vara Cível de Recife,cliente não responde
4614,4064382-39.2022.4.13.8937,966,TRABALHISTA,instrução,settlement,Dra. Fontes,2025-12-01,25 de janeiro de 2025,,18ª Vara Cível de Recife,aguardando documentos
4615,4202942-75.2025.6.91.7611,689,cível,execução,Encerrado,DRA. CAVALCANTE,2024-02-28,12 de abril de 2025,453556,6ª Vara Cível de Recife,urgente
4616,2658962-39.2022.5.95.8856,1029,TRABALHISTA,inicial,suspended,Dra. Fontes,04/03/2025,31/05/2025,R$ 109.884,5ª Vara Trabalhista de Recife,em negociação
4617,4016576-41.2022.7.10.6952,578,civil,inicial,Encerrado,Dra Fontes,24/10/2025,03/12/2025,R$ 339.931,2ª Vara Cível de Recife,
4618,5850223-43.2020.3.81.3185,659,cível,instrução,em recurso,Dra. Fontes,2024-03-25,04/09/2025,R$ 485.692,15ª Vara Criminal de Recife,urgente
4619,9992831-61.2022.4.35.1469,839,Civil,instrução,settlement,Dra. Fontes,14 de dezembro de 2021,,R$ 451.542,4ª Vara Trabalhista de Recife,em negociação
4620,2490107-19.2023.9.10.7930,449,Civil,acordo extrajudicial,ATIVO,Dr. Melo,18 de outubro de 2020,2026-10-02,213258.00,13ª Vara Cível de Recife,
4621,4134515-43.2021.8.70.4879,1390,civil,recurso,active,dr. melo,16 de novembro de 2025,5 de julho de 2025,R$ 63.323,1ª Vara Trabalhista de Recife,
4622,9086174-80.2025.1.81.3292,1226,TRABALHISTA,inicial,closed,Dra. Fontes,10/02/2022,16/04/2025,,6ª Vara Criminal de Recife,aguardando documentos
4623,4202942-75.2025.6.91.7611,798,Trabalhista,recurso,Ativo,Dr. Barros,4 de fevereiro de 2024,2025-06-05,R$ 101.033,17ª Vara Criminal de Recife,em negociação
4624,3510061-32.2020.9.13.4424,1275,Trabalhista,arquivado,encerrado,DRA. CAVALCANTE,18 de outubro de 2025,19 de outubro de 2025,343888,9ª Vara Trabalhista de Recife,aguardando documentos
4625,4768255-51.2022.4.94.5695,338,TRABALHISTA,inicial,appeal,Dr. Barros,9 de janeiro de 2021,2025-11-10,R$ 123.039,18ª Vara Criminal de Recife,
4626,7224257-29.2020.8.88.9110,1096,TRABALHISTA,recurso,ativo,Dr. Barros,17/03/2021,6 de junho de 2025,R$ 52.243,9ª Vara Criminal de Recife,em negociação
4627,7245951-43.2021.4.11.7623,326,TRABALHISTA,execução,ATIVO,Dra. Fontes,21/05/2023,2025-03-07,444995.00,15ª Vara Criminal de Recife,
4628,6105303-92.2021.4.39.3868,1367,cível,arquivado,Encerrado,Dr. Melo,8 de fevereiro de 2026,7 de junho de 2025,,6ª Vara Trabalhista de Recife,aguardando documentos
4629,8590346-68.2020.7.63.7780,835,civil,sentença,suspended,dr. melo,28 de abril de 2024,11/12/26,,11ª Vara Trabalhista de Recife,cliente não responde
4630,7245951-43.2021.4.11.7623,1106,TRABALHISTA,recurso,em recurso,Dra. Fontes,19 de outubro de 2022,2026-09-02,96558,13ª Vara Cível de Recife,aguardando documentos
4631,2545435-52.2025.3.59.7623,394,trabalhista,sentença,encerrado,Dr. Barros,31/08/20,28/04/25,,6ª Vara Cível de Recife,em negociação
4632,8886588-26.2020.9.65.6361,1472,civil,sentença,ativo,Dra. Fontes,10/04/2021,16/02/26,,13ª Vara Trabalhista de Recife,
4633,2316290-44.2022.7.34.5190,969,civil,recurso,suspended,dr. melo,21/11/25,20/03/25,488610,14ª Vara Trabalhista de Recife,
4634,3588109-63.2023.1.26.4223,1485,TRABALHISTA,sentença,ATIVO,Dra Fontes,18/07/20,,445671.00,12ª Vara Criminal de Recife,aguardando documentos
4635,8607512-63.2021.6.82.1039,568,cível,sentença,suspenso,DRA. CAVALCANTE,23/05/22,2026-07-06,R$ 162.452,19ª Vara Trabalhista de Recife,
4636,6096719-87.2023.1.41.6180,800,TRABALHISTA,arquivado,ativo,Dra. Cavalcante,05/05/2020,,359870,20ª Vara Criminal de Recife,aguardando documentos
4637,5826200-20.2025.1.91.8748,531,Civil,audiência,encerrado,Dra Fontes,18/07/24,07/03/25,,1ª Vara Cível de Recife,cliente não responde
4638,8323566-47.2021.3.26.4644,1418,Trabalhista,arquivado,Encerrado,Dra Fontes,2023-07-05,21/06/26,R$ 25.132,9ª Vara Cível de Recife,
4639,8323566-47.2021.3.26.4644,692,TRABALHISTA,instrução,suspended,Dr. Barros,2023-12-08,,267746.00,20ª Vara Criminal de Recife,aguardando documentos
4640,9898363-27.2020.4.89.2966,994,TRABALHISTA,sentença,ativo,DRA. CAVALCANTE,25 de dezembro de 2025,,131581,15ª Vara Trabalhista de Recife,
4641,5422047-80.2024.8.62.4364,73,cível,instrução,Ativo,Dr. Barros,2023-09-23,,6976.00,16ª Vara Cível de Recife,cliente não responde
4642,2316290-44.2022.7.34.5190,1094,TRABALHISTA,inicial,appeal,Dr. Melo,22/03/20,13 de julho de 2025,R$ 246.650,18ª Vara Criminal de Recife,
4643,8843195-99.2024.6.39.2836,1391,Civil,acordo extrajudicial,encerrado,Dra. Fontes,2021-09-23,03/06/26,R$ 369.143,17ª Vara Criminal de Recife,
4644,8415891-60.2021.6.92.5554,1118,Trabalhista,sentença,Ativo,Dr. Melo,20 de maio de 2025,08/12/26,,17ª Vara Cível de Recife,urgente
4645,8677980-28.2024.9.94.6552,465,cível,acordo extrajudicial,em recurso,Dr. Barros,2024-08-29,15/04/2026,R$ 244.691,2ª Vara Cível de Recife,cliente não responde
4646,8655267-17.2025.3.63.4188,956,civil,acordo extrajudicial,ATIVO,DRA. CAVALCANTE,2020-08-19,10 de março de 2026,468694.00,20ª Vara Criminal de Recife,
4647,5210656-44.2021.1.39.2474,1135,trabalhista,arquivado,encerrado,Dra. Cavalcante,13 de abril de 2020,11/11/2025,R$ 344.989,11ª Vara Cível de Recife,
4648,4893809-11.2021.7.19.9759,1280,Civil,recurso,encerrado,Dr. Barros,2023-06-19,07/04/2026,67031.00,19ª Vara Trabalhista de Recife,em negociação
4649,3924425-56.2021.9.58.2912,1243,TRABALHISTA,arquivado,suspenso,dr. melo,22 de fevereiro de 2026,05/06/2025,R$ 269.005,3ª Vara Trabalhista de Recife,urgente
4650,9798556-59.2021.3.62.3110,549,TRABALHISTA,execução,ativo,Dr. Barros,22 de julho de 2025,2025-05-27,182529,5ª Vara Trabalhista de Recife,em negociação
4651,5289264-48.2020.4.41.6347,1235,TRABALHISTA,recurso,em recurso,Dr. Barros,29/09/20,21/03/2025,339715.00,19ª Vara Criminal de Recife,
4652,7951127-89.2024.1.63.3502,811,Civil,instrução,ATIVO,dr. melo,14/01/25,2026-01-14,,15ª Vara Cível de Recife,em negociação
4653,5124342-11.2025.5.50.6107,878,civil,inicial,ativo,Dr. Barros,28/10/2022,2025-09-30,,12ª Vara Trabalhista de Recife,em negociação
4654,5239450-56.2022.7.99.2371,1380,trabalhista,execução,Encerrado,DRA. CAVALCANTE,16 de dezembro de 2020,16/02/25,,6ª Vara Trabalhista de Recife,
4655,7892487-80.2022.9.64.5036,1218,Trabalhista,execução,suspended,Dra. Cavalcante,2024-11-16,12/03/26,,19ª Vara Cível de Recife,cliente não responde
4656,9774395-92.2023.2.75.3192,1290,cível,recurso,ativo,dr. melo,2025-12-02,14/05/26,365748,18ª Vara Trabalhista de Recife,cliente não responde
4657,1778149-24.2023.1.86.3557,1359,trabalhista,recurso,active,DRA. CAVALCANTE,2021-08-03,19/10/25,R$ 284.467,11ª Vara Cível de Recife,urgente
4658,2292432-35.2025.5.83.7063,79,TRABALHISTA,arquivado,encerrado,Dra. Fontes,27 de maio de 2024,2026-04-11,,15ª Vara Cível de Recife,aguardando documentos
4659,6982910-41.2023.8.91.8758,935,Trabalhista,sentença,closed,Dra. Fontes,18 de fevereiro de 2020,2025-05-29,,16ª Vara Cível de Recife,
4660,4687348-31.2023.1.92.6907,1390,TRABALHISTA,recurso,Encerrado,Dr. Barros,16/10/2021,21/06/2025,358281.00,19ª Vara Trabalhista de Recife,
4661,2118934-75.2023.5.97.9563,913,Civil,arquivado,settlement,Dra Fontes,19/08/2024,01/10/2026,323872.00,20ª Vara Criminal de Recife,aguardando documentos
4662,3724721-44.2021.9.75.5553,1483,cível,execução,active,Dr. Barros,2024-01-01,,215858.00,14ª Vara Criminal de Recife,
4663,9822459-92.2024.8.17.6403,257,trabalhista,inicial,suspended,Dra Fontes,2020-07-04,18/02/2026,117633,6ª Vara Criminal de Recife,
4664,1098476-20.2021.1.47.3336,1469,Trabalhista,arquivado,Encerrado,dr. melo,7 de abril de 2020,,198800.00,14ª Vara Cível de Recife,urgente
4665,5124342-11.2025.5.50.6107,1104,Civil,inicial,Encerrado,Dra. Fontes,9 de outubro de 2025,23 de março de 2026,467947.00,12ª Vara Cível de Recife,em negociação
4666,3667022-35.2020.9.76.3115,1471,Civil,acordo extrajudicial,Encerrado,Dr. Barros,05/09/22,26 de dezembro de 2025,51847,6ª Vara Cível de Recife,
4667,8572382-61.2025.1.41.7172,551,Trabalhista,inicial,closed,Dr. Melo,17/08/23,11/08/2026,145725,4ª Vara Criminal de Recife,
4668,6935346-77.2024.3.52.9529,867,Civil,recurso,appeal,Dr. Melo,2025-04-11,02/02/2025,R$ 273.842,8ª Vara Trabalhista de Recife,aguardando documentos
4669,6334947-38.2020.4.71.6173,35,trabalhista,acordo extrajudicial,Encerrado,Dr. Melo,31/05/24,2 de outubro de 2026,,8ª Vara Criminal de Recife,cliente não responde
4670,2842764-33.2025.7.99.7279,1147,trabalhista,recurso,settlement,Dr. Barros,11/10/2024,8 de maio de 2025,,11ª Vara Cível de Recife,urgente
4671,2292432-35.2025.5.83.7063,1030,TRABALHISTA,audiência,em recurso,Dra. Fontes,2022-12-20,26 de outubro de 2026,54599,11ª Vara Trabalhista de Recife,
4672,6334947-38.2020.4.71.6173,665,Civil,audiência,Ativo,Dr. Barros,2022-08-28,23 de novembro de 2026,256178,9ª Vara Cível de Recife,aguardando documentos
4673,4016576-41.2022.7.10.6952,541,Civil,recurso,closed,DRA. CAVALCANTE,2022-02-20,20/02/25,,19ª Vara Cível de Recife,
4674,8168450-48.2020.2.65.4570,731,TRABALHISTA,arquivado,ativo,Dra. Cavalcante,28 de maio de 2021,17/01/26,27314,17ª Vara Criminal de Recife,
4675,7271178-97.2023.5.84.4243,1058,trabalhista,sentença,acordo,DRA. CAVALCANTE,2023-03-09,2026-04-14,205940.00,7ª Vara Criminal de Recife,
4676,2411026-52.2022.6.26.7373,94,trabalhista,inicial,appeal,DRA. CAVALCANTE,2023-07-02,21/06/26,,11ª Vara Cível de Recife,
4677,1664676-19.2021.8.64.4616,119,Trabalhista,recurso,em recurso,DRA. CAVALCANTE,01/01/25,22/12/26,,8ª Vara Criminal de Recife,
4678,8678370-92.2025.7.35.9962,1237,Civil,arquivado,appeal,DRA. CAVALCANTE,2023-05-21,2025-06-23,,7ª Vara Trabalhista de Recife,aguardando documentos
4679,8572382-61.2025.1.41.7172,490,Civil,execução,encerrado,Dra. Fontes,21 de junho de 2021,,R$ 328.286,14ª Vara Criminal de Recife,
4680,2632721-15.2024.7.90.9593,1353,cível,inicial,acordo,Dr. Melo,2020-02-26,2025-02-13,,4ª Vara Criminal de Recife,em negociação
4681,3418432-84.2025.3.59.5858,632,TRABALHISTA,sentença,Ativo,Dr. Barros,11/08/23,2026-06-28,,13ª Vara Criminal de Recife,em negociação
4682,3505690-87.2020.8.52.6260,460,civil,execução,ativo,Dra. Fontes,17/11/22,,,3ª Vara Trabalhista de Recife,
4683,8215015-64.2021.5.32.1893,641,TRABALHISTA,audiência,ativo,Dr. Barros,18/09/2021,13/08/2025,R$ 218.791,10ª Vara Trabalhista de Recife,urgente
4684,4433355-55.2023.8.48.9346,970,cível,instrução,appeal,Dr. Melo,23/08/2025,25/06/26,35233.00,2ª Vara Cível de Recife,cliente não responde
4685,2341370-92.2024.9.60.8122,1259,trabalhista,audiência,active,Dr. Barros,2023-09-28,20/02/2026,,5ª Vara Cível de Recife,cliente não responde
4686,9214397-26.2023.4.18.6844,728,Trabalhista,recurso,appeal,Dr. Melo,23 de junho de 2022,2026-08-17,357522.00,14ª Vara Cível de Recife,
4687,4061044-97.2023.7.99.3676,1328,civil,execução,closed,Dr. Barros,27/02/22,2026-07-18,346668,10ª Vara Trabalhista de Recife,cliente não responde
4688,1095980-10.2020.7.77.8313,1189,Civil,audiência,appeal,Dra. Fontes,23 de outubro de 2022,,,20ª Vara Trabalhista de Recife,em negociação
4689,3924425-56.2021.9.58.2912,862,civil,inicial,closed,Dra. Fontes,07/02/2021,18/10/25,,14ª Vara Cível de Recife,urgente
4690,2292432-35.2025.5.83.7063,811,Trabalhista,execução,encerrado,dr. melo,13/12/2025,04/02/26,R$ 484.479,3ª Vara Cível de Recife,em negociação
4691,6476769-27.2021.5.22.2570,1391,civil,acordo extrajudicial,closed,DRA. CAVALCANTE,20 de março de 2021,05/08/26,376773,18ª Vara Trabalhista de Recife,em negociação
4692,2118934-75.2023.5.97.9563,613,TRABALHISTA,arquivado,settlement,DRA. CAVALCANTE,18/08/21,6 de abril de 2025,,16ª Vara Cível de Recife,cliente não responde
4693,2461262-96.2021.6.48.1315,316,Civil,sentença,settlement,DRA. CAVALCANTE,7 de fevereiro de 2025,2025-05-07,,4ª Vara Criminal de Recife,cliente não responde
4694,1438459-62.2020.7.78.3410,77,Civil,instrução,closed,DRA. CAVALCANTE,07/05/2022,2025-04-11,38335,7ª Vara Cível de Recife,urgente
4695,4494463-44.2022.5.80.7542,994,Trabalhista,acordo extrajudicial,encerrado,dr. melo,02/05/2023,22 de março de 2026,,1ª Vara Cível de Recife,
4696,5901155-82.2023.2.89.7717,258,TRABALHISTA,recurso,active,Dr. Barros,2020-11-06,7 de outubro de 2026,R$ 484.662,18ª Vara Cível de Recife,
4697,9398629-61.2022.5.88.8253,583,Civil,arquivado,suspenso,Dra. Cavalcante,23/09/24,14 de fevereiro de 2025,330573,7ª Vara Trabalhista de Recife,
4698,9885734-21.2023.9.74.3450,712,cível,execução,Encerrado,Dra. Fontes,01/12/25,27 de maio de 2025,110063,8ª Vara Cível de Recife,
4699,4417916-40.2022.7.26.4278,825,Civil,inicial,suspenso,Dr. Melo,22/03/2020,02/09/2026,,10ª Vara Trabalhista de Recife,
4700,5625093-80.2022.9.16.6618,374,civil,recurso,suspenso,Dr. Barros,07/07/22,17/09/26,R$ 60.106,12ª Vara Trabalhista de Recife,cliente não responde
4701,2545435-52.2025.3.59.7623,707,civil,audiência,active,dr. melo,17/04/2022,,R$ 398.559,1ª Vara Cível de Recife,
4702,8125196-18.2023.1.53.1215,8,Trabalhista,acordo extrajudicial,active,Dra Fontes,20/09/22,7 de novembro de 2026,403242,13ª Vara Cível de Recife,
4703,2895065-46.2022.7.67.1438,1390,TRABALHISTA,acordo extrajudicial,em recurso,DRA. CAVALCANTE,2023-11-21,13/06/2026,98807.00,1ª Vara Cível de Recife,aguardando documentos
4704,7813974-60.2021.1.81.1542,330,trabalhista,arquivado,encerrado,Dr. Barros,27 de janeiro de 2023,23/03/2025,R$ 78.173,19ª Vara Criminal de Recife,cliente não responde
4705,5462435-11.2024.9.85.2977,1454,cível,audiência,active,Dra. Cavalcante,05/09/23,25 de abril de 2026,380963.00,17ª Vara Criminal de Recife,cliente não responde
4706,8678370-92.2025.7.35.9962,740,Trabalhista,instrução,ativo,Dr. Melo,4 de janeiro de 2025,2026-08-13,369334.00,6ª Vara Trabalhista de Recife,aguardando documentos
4707,3679963-72.2020.9.29.7859,1280,Trabalhista,sentença,ativo,DRA. CAVALCANTE,31/10/23,02/08/26,,14ª Vara Criminal de Recife,urgente
4708,7419280-60.2021.1.40.9417,592,Civil,recurso,em recurso,Dra. Cavalcante,19/12/22,2026-07-31,312203,6ª Vara Criminal de Recife,em negociação
4709,3242098-97.2025.4.44.9916,320,TRABALHISTA,sentença,encerrado,Dra Fontes,17/06/21,09/09/25,,15ª Vara Cível de Recife,urgente
4710,3168718-77.2025.2.92.8027,1310,Civil,recurso,ativo,DRA. CAVALCANTE,01/07/2021,27 de janeiro de 2026,,7ª Vara Trabalhista de Recife,
4711,1757615-27.2025.7.10.3762,465,cível,audiência,ativo,Dr. Barros,10/11/22,,,5ª Vara Criminal de Recife,
4712,5159219-49.2023.5.25.3676,1192,civil,recurso,em recurso,dr. melo,19/12/20,2026-12-08,53457.00,12ª Vara Cível de Recife,
4713,2186433-37.2022.2.12.4344,970,trabalhista,arquivado,suspended,DRA. CAVALCANTE,22/08/24,05/10/2025,R$ 418.211,18ª Vara Criminal de Recife,em negociação
4714,1778149-24.2023.1.86.3557,778,Trabalhista,arquivado,acordo,Dr. Melo,2025-10-27,14/07/2026,434522,10ª Vara Criminal de Recife,aguardando documentos
4715,4202942-75.2025.6.91.7611,1234,cível,sentença,encerrado,DRA. CAVALCANTE,2022-09-12,2 de novembro de 2025,,15ª Vara Trabalhista de Recife,
4716,2895065-46.2022.7.67.1438,1119,TRABALHISTA,recurso,active,dr. melo,01/08/2023,17/07/2025,R$ 212.673,13ª Vara Trabalhista de Recife,
4717,4299848-20.2023.2.47.7396,377,cível,recurso,ativo,Dr. Barros,2023-08-03,6 de dezembro de 2026,306303.00,20ª Vara Trabalhista de Recife,aguardando documentos
4718,7765112-69.2024.9.62.5648,871,trabalhista,audiência,ativo,Dr. Melo,09/11/2021,17/05/25,454247,20ª Vara Cível de Recife,
4719,6779292-61.2021.4.86.2783,1187,Civil,execução,encerrado,Dra. Fontes,11 de novembro de 2024,31 de março de 2025,R$ 477.642,7ª Vara Trabalhista de Recife,cliente não responde
4720,2660213-63.2022.6.50.8366,367,trabalhista,instrução,em recurso,Dr. Barros,11/05/20,,68666,6ª Vara Trabalhista de Recife,em negociação
4721,4601686-30.2021.5.52.7745,226,Trabalhista,instrução,active,Dra. Cavalcante,30/06/2020,10/01/2025,,19ª Vara Criminal de Recife,cliente não responde
4722,6694761-39.2022.1.10.2199,1384,TRABALHISTA,sentença,closed,Dr. Barros,09/02/26,2025-05-22,,14ª Vara Cível de Recife,
4723,1621418-87.2020.9.55.9337,50,civil,recurso,ativo,Dra Fontes,2020-10-25,16/05/2026,R$ 249.424,15ª Vara Criminal de Recife,em negociação
4724,5316105-58.2020.3.22.3571,1014,TRABALHISTA,recurso,ATIVO,Dr. Barros,04/02/25,2026-04-07,451290,15ª Vara Cível de Recife,em negociação
4725,7840442-26.2025.9.53.5093,571,civil,audiência,ativo,Dra. Cavalcante,11/02/2021,,,11ª Vara Trabalhista de Recife,
4726,2519059-58.2022.7.86.4385,648,Trabalhista,audiência,encerrado,Dra. Fontes,02/11/21,3 de março de 2025,,5ª Vara Trabalhista de Recife,
4727,5966644-82.2023.4.88.9951,1144,Trabalhista,arquivado,settlement,Dr. Barros,6 de junho de 2021,30 de setembro de 2025,,3ª Vara Criminal de Recife,cliente não responde
4728,7320713-89.2022.3.68.7881,15,TRABALHISTA,instrução,ATIVO,Dr. Melo,6 de setembro de 2020,01/08/25,,10ª Vara Cível de Recife,
4729,1676369-34.2022.3.47.6087,240,civil,instrução,Ativo,Dr. Barros,12 de julho de 2024,31/05/2025,,20ª Vara Trabalhista de Recife,
4730,1742202-63.2023.6.68.9372,9,TRABALHISTA,inicial,ATIVO,Dra. Cavalcante,11 de fevereiro de 2021,01/09/25,281028,14ª Vara Criminal de Recife,urgente
4731,9398629-61.2022.5.88.8253,389,civil,execução,encerrado,Dr. Barros,2025-06-10,23/09/2026,R$ 79.399,12ª Vara Cível de Recife,
4732,8168450-48.2020.2.65.4570,246,Trabalhista,inicial,em recurso,Dra. Fontes,3 de fevereiro de 2022,2025-08-11,,8ª Vara Cível de Recife,
4733,6018860-77.2022.1.94.1315,825,civil,sentença,ativo,Dr. Barros,29/12/2020,01/11/26,,20ª Vara Trabalhista de Recife,urgente
4734,5462435-11.2024.9.85.2977,1174,Trabalhista,audiência,em recurso,Dr. Barros,14 de março de 2021,20 de setembro de 2025,64423.00,11ª Vara Criminal de Recife,aguardando documentos
4735,5124342-11.2025.5.50.6107,1109,civil,recurso,suspended,Dra. Cavalcante,15 de dezembro de 2023,6 de maio de 2025,408468,1ª Vara Trabalhista de Recife,em negociação
4736,6034606-21.2023.6.18.6684,594,Trabalhista,execução,suspended,Dr. Barros,2025-01-31,17/12/2025,R$ 312.253,14ª Vara Cível de Recife,
4737,6992158-64.2024.5.43.7750,95,trabalhista,arquivado,ativo,Dr. Barros,14 de maio de 2025,,R$ 170.063,14ª Vara Criminal de Recife,
4738,4687348-31.2023.1.92.6907,1095,TRABALHISTA,acordo extrajudicial,closed,DRA. CAVALCANTE,28/02/2023,19/01/2026,440141,5ª Vara Criminal de Recife,cliente não responde
4739,9636371-69.2025.8.67.4068,66,cível,recurso,encerrado,Dr. Barros,21/03/2025,,210126.00,12ª Vara Trabalhista de Recife,
4740,8735892-74.2025.8.18.9411,697,Trabalhista,recurso,suspended,Dra. Cavalcante,2024-11-18,2026-12-15,471869,11ª Vara Trabalhista de Recife,cliente não responde
4741,6944389-98.2023.1.72.8245,1341,Trabalhista,inicial,acordo,Dr. Melo,06/07/24,19 de dezembro de 2025,R$ 270.663,18ª Vara Criminal de Recife,cliente não responde
4742,9666878-83.2023.6.29.9905,630,Trabalhista,execução,encerrado,Dr. Barros,21 de abril de 2022,23 de dezembro de 2026,357997.00,14ª Vara Cível de Recife,
4743,4584224-94.2025.2.57.2511,1016,Trabalhista,instrução,encerrado,Dr. Barros,13/02/2020,19 de fevereiro de 2025,374081.00,11ª Vara Trabalhista de Recife,aguardando documentos
4744,3924425-56.2021.9.58.2912,65,TRABALHISTA,arquivado,closed,Dra. Cavalcante,28 de dezembro de 2022,25/10/2025,98727.00,7ª Vara Criminal de Recife,em negociação
4745,5422047-80.2024.8.62.4364,1322,civil,audiência,acordo,Dra Fontes,1 de maio de 2020,27 de maio de 2025,122363.00,19ª Vara Trabalhista de Recife,
4746,6686912-30.2025.4.68.7078,748,cível,sentença,em recurso,Dr. Barros,2020-08-13,2025-08-19,,4ª Vara Cível de Recife,
4747,9810112-12.2021.1.97.8847,925,Civil,acordo extrajudicial,Ativo,Dr. Barros,2020-01-05,27/08/26,,20ª Vara Criminal de Recife,em negociação
4748,5116418-16.2025.3.98.2234,597,Trabalhista,instrução,appeal,Dra. Fontes,09/10/24,29 de janeiro de 2025,,8ª Vara Cível de Recife,cliente não responde
4749,2100417-68.2021.7.29.9662,803,trabalhista,instrução,closed,dr. melo,03/11/2021,2025-04-21,141060,6ª Vara Cível de Recife,
4750,8209168-30.2020.1.41.7632,485,civil,acordo extrajudicial,closed,DRA. CAVALCANTE,02/05/2023,23 de julho de 2026,R$ 222.664,7ª Vara Cível de Recife,em negociação
4751,1411065-96.2022.9.64.8271,145,Civil,inicial,settlement,DRA. CAVALCANTE,04/12/21,2025-01-04,187776.00,18ª Vara Criminal de Recife,urgente
4752,4084503-92.2025.8.90.5515,1243,trabalhista,recurso,Ativo,Dr. Barros,2024-03-28,8 de julho de 2025,299791,19ª Vara Trabalhista de Recife,
4753,4092125-65.2025.3.26.9073,53,cível,audiência,suspenso,Dra. Fontes,2023-09-12,3 de janeiro de 2025,221028,17ª Vara Trabalhista de Recife,aguardando documentos
4754,3734843-61.2021.3.94.2954,1402,trabalhista,execução,acordo,Dr. Barros,2025-05-14,09/03/2026,R$ 123.736,8ª Vara Trabalhista de Recife,
4755,7626521-25.2020.9.17.3305,1075,Trabalhista,execução,encerrado,dr. melo,01/11/22,28 de julho de 2026,8997,6ª Vara Criminal de Recife,em negociação
4756,4961530-22.2021.4.22.6290,13,civil,arquivado,ativo,Dra Fontes,23 de janeiro de 2024,7 de março de 2025,,18ª Vara Trabalhista de Recife,cliente não responde
4757,2632721-15.2024.7.90.9593,592,Civil,audiência,Encerrado,Dr. Barros,08/11/25,21/09/26,,18ª Vara Trabalhista de Recife,urgente
4758,4085001-92.2022.6.76.8938,1490,civil,arquivado,acordo,Dr. Barros,02/02/23,12/02/2026,422549,6ª Vara Trabalhista de Recife,
4759,2660213-63.2022.6.50.8366,241,cível,execução,suspenso,DRA. CAVALCANTE,25/04/20,14/09/26,R$ 278.267,7ª Vara Trabalhista de Recife,
4760,1024421-54.2022.9.20.2563,589,civil,sentença,encerrado,DRA. CAVALCANTE,6 de setembro de 2025,9 de janeiro de 2026,R$ 36.062,9ª Vara Cível de Recife,urgente
4761,7136189-41.2024.2.60.1768,981,Civil,acordo extrajudicial,encerrado,Dra Fontes,03/03/2026,,102578.00,12ª Vara Criminal de Recife,
4762,5901155-82.2023.2.89.7717,381,civil,acordo extrajudicial,encerrado,dr. melo,2022-02-21,13/12/2026,,13ª Vara Cível de Recife,
4763,2292432-35.2025.5.83.7063,147,TRABALHISTA,inicial,acordo,Dr. Barros,10/04/2024,2026-11-06,R$ 382.831,18ª Vara Cível de Recife,em negociação
4764,6404948-40.2021.7.68.7161,1490,cível,instrução,em recurso,dr. melo,13/12/2021,05/05/2025,54201,17ª Vara Cível de Recife,cliente não responde
4765,1101935-78.2023.5.88.5299,570,trabalhista,acordo extrajudicial,ativo,Dra Fontes,18/06/2020,25/05/2026,66657.00,11ª Vara Criminal de Recife,
4766,6034606-21.2023.6.18.6684,1245,TRABALHISTA,arquivado,suspended,Dr. Barros,25/07/2024,02/03/2026,290617,7ª Vara Criminal de Recife,aguardando documentos
4767,8286382-50.2025.4.53.4414,756,TRABALHISTA,instrução,appeal,Dra Fontes,10/02/2025,04/08/25,R$ 132.569,10ª Vara Criminal de Recife,
4768,9774395-92.2023.2.75.3192,1313,Trabalhista,acordo extrajudicial,active,dr. melo,11/03/2021,23/08/2025,126994.00,4ª Vara Cível de Recife,em negociação
4769,3418432-84.2025.3.59.5858,344,Civil,inicial,ativo,Dra Fontes,2023-07-11,18/11/26,,3ª Vara Trabalhista de Recife,
4770,8843195-99.2024.6.39.2836,804,TRABALHISTA,arquivado,settlement,Dra Fontes,09/03/21,06/05/26,R$ 233.503,2ª Vara Cível de Recife,em negociação
4771,8717678-27.2025.5.11.4526,1027,Civil,instrução,acordo,Dra. Cavalcante,27/08/2025,03/09/2025,R$ 133.038,4ª Vara Trabalhista de Recife,
4772,6416661-36.2021.8.21.8496,87,TRABALHISTA,execução,ATIVO,Dr. Barros,30/12/20,20 de dezembro de 2026,369269.00,17ª Vara Cível de Recife,urgente
4773,5661974-14.2020.6.39.3137,281,Civil,inicial,encerrado,DRA. CAVALCANTE,16 de fevereiro de 2022,20/03/2026,219552.00,9ª Vara Cível de Recife,em negociação
4774,8735892-74.2025.8.18.9411,528,Trabalhista,inicial,suspenso,Dr. Barros,22/01/25,18/01/26,R$ 24.798,19ª Vara Trabalhista de Recife,em negociação
4775,5660649-86.2020.5.86.9291,197,Trabalhista,execução,em recurso,Dra. Cavalcante,23/11/2025,08/05/2026,R$ 375.031,6ª Vara Cível de Recife,
4776,5518767-82.2023.4.96.9873,1477,civil,execução,ativo,Dra. Fontes,19/04/25,17/09/26,215130.00,6ª Vara Cível de Recife,urgente
4777,6096719-87.2023.1.41.6180,247,Trabalhista,arquivado,ativo,Dr. Barros,27/02/21,2026-03-29,R$ 347.055,16ª Vara Cível de Recife,cliente não responde
4778,9798556-59.2021.3.62.3110,43,Trabalhista,execução,suspenso,Dra. Fontes,2024-11-29,21/02/25,76118.00,7ª Vara Criminal de Recife,aguardando documentos
4779,7848147-32.2021.6.58.3528,1329,cível,acordo extrajudicial,em recurso,Dra. Fontes,01/07/2021,07/09/2026,R$ 135.833,2ª Vara Criminal de Recife,cliente não responde
4780,7765112-69.2024.9.62.5648,1499,Civil,recurso,acordo,Dr. Melo,31/03/2020,06/08/26,R$ 258.051,9ª Vara Criminal de Recife,
4781,6036037-32.2025.3.53.7515,493,TRABALHISTA,acordo extrajudicial,settlement,Dr. Barros,2025-05-01,10/06/25,R$ 207.623,2ª Vara Trabalhista de Recife,
4782,2118934-75.2023.5.97.9563,1341,civil,audiência,em recurso,Dr. Barros,10 de novembro de 2024,4 de fevereiro de 2026,473242,4ª Vara Trabalhista de Recife,
4783,7245951-43.2021.4.11.7623,804,Trabalhista,audiência,ativo,Dr. Melo,28/07/2022,2026-08-05,113895.00,20ª Vara Criminal de Recife,aguardando documentos
4784,8574876-96.2020.7.97.4673,1099,cível,instrução,em recurso,Dr. Barros,17/09/2023,2025-10-24,71508.00,17ª Vara Trabalhista de Recife,urgente
4785,4452862-76.2021.3.27.3238,1399,cível,inicial,suspended,Dr. Barros,31/03/2021,,,3ª Vara Trabalhista de Recife,
4786,1614850-25.2020.8.85.3161,1057,cível,recurso,encerrado,Dra. Fontes,18 de junho de 2025,06/07/2025,R$ 115.165,11ª Vara Criminal de Recife,
4787,3879233-61.2024.5.30.1494,356,cível,audiência,ativo,Dr. Barros,01/09/2024,,224213.00,8ª Vara Trabalhista de Recife,urgente
4788,1896520-28.2021.5.90.5374,1061,civil,audiência,acordo,DRA. CAVALCANTE,14/03/2022,23/08/2025,261247,1ª Vara Criminal de Recife,aguardando documentos
4789,1966014-66.2022.7.82.2137,837,Civil,instrução,encerrado,Dr. Melo,18/05/2022,27/07/25,,8ª Vara Trabalhista de Recife,
4790,5462435-11.2024.9.85.2977,1157,Civil,arquivado,closed,Dra. Fontes,2025-08-05,29/12/25,255641,14ª Vara Criminal de Recife,
4791,2842764-33.2025.7.99.7279,247,trabalhista,arquivado,em recurso,Dra Fontes,30/01/2020,12/11/2025,341711.00,20ª Vara Cível de Recife,cliente não responde
4792,9498791-62.2022.6.73.9564,608,trabalhista,sentença,ativo,Dra. Cavalcante,19/09/2020,2026-07-01,121828.00,20ª Vara Cível de Recife,cliente não responde
4793,5867457-18.2023.9.16.7298,1205,cível,instrução,suspenso,DRA. CAVALCANTE,28/07/2021,04/10/2025,336966.00,1ª Vara Criminal de Recife,
4794,3766710-17.2025.4.91.1472,266,trabalhista,instrução,ATIVO,Dra. Cavalcante,03/09/2021,20/02/25,,1ª Vara Cível de Recife,cliente não responde
4795,9824532-76.2023.6.37.2040,212,civil,sentença,ATIVO,Dra. Fontes,29/01/24,27/01/25,,17ª Vara Trabalhista de Recife,
4796,4202942-75.2025.6.91.7611,49,Civil,arquivado,suspended,Dra. Fontes,16 de maio de 2020,15/04/2025,437079.00,2ª Vara Cível de Recife,
4797,4065326-72.2025.8.58.5304,668,trabalhista,arquivado,closed,Dr. Barros,01/01/2023,07/05/26,,2ª Vara Criminal de Recife,em negociação
4798,1754781-28.2025.6.89.2162,745,Civil,sentença,acordo,DRA. CAVALCANTE,22/12/25,25/08/2026,R$ 42.892,4ª Vara Trabalhista de Recife,urgente
4799,7544569-30.2022.4.91.9370,1215,cível,instrução,closed,Dr. Barros,18/12/2021,2 de outubro de 2025,208107.00,2ª Vara Cível de Recife,urgente
4800,5035093-45.2021.1.27.3097,1150,civil,instrução,ATIVO,Dr. Barros,2026-01-09,,,16ª Vara Cível de Recife,urgente
4801,5492622-29.2021.9.92.7737,1185,Civil,instrução,em recurso,Dra. Fontes,13 de maio de 2025,19/08/2025,R$ 199.509,1ª Vara Cível de Recife,em negociação
4802,8097721-13.2023.1.47.8354,1032,cível,arquivado,ativo,Dr. Barros,2022-09-03,2026-05-24,R$ 389.210,6ª Vara Criminal de Recife,cliente não responde
4803,7765112-69.2024.9.62.5648,812,Civil,acordo extrajudicial,suspended,Dra. Cavalcante,2023-09-10,21/05/25,385733,8ª Vara Trabalhista de Recife,em negociação
4804,9573194-21.2022.1.35.8352,431,trabalhista,audiência,appeal,Dr. Barros,27 de julho de 2024,08/07/2026,R$ 113.562,2ª Vara Trabalhista de Recife,aguardando documentos
4805,4065326-72.2025.8.58.5304,1386,cível,inicial,Encerrado,Dra. Cavalcante,12/02/2020,2026-04-21,R$ 139.874,13ª Vara Cível de Recife,cliente não responde
4806,3260101-88.2022.8.37.9169,860,TRABALHISTA,sentença,encerrado,Dra. Fontes,2022-07-02,07/07/25,R$ 222.528,3ª Vara Trabalhista de Recife,em negociação
4807,2267110-24.2021.5.78.6025,578,civil,acordo extrajudicial,appeal,Dra. Cavalcante,25/10/20,06/08/2026,,11ª Vara Criminal de Recife,
4808,5035093-45.2021.1.27.3097,1247,Civil,arquivado,encerrado,Dra. Cavalcante,07/03/2023,29 de junho de 2025,R$ 495.986,20ª Vara Trabalhista de Recife,
4809,2660213-63.2022.6.50.8366,116,civil,sentença,suspenso,Dra. Cavalcante,31 de janeiro de 2024,11/06/26,485381.00,15ª Vara Criminal de Recife,
4810,9970343-38.2020.5.18.4483,420,TRABALHISTA,recurso,Ativo,Dr. Barros,25/01/2026,20 de junho de 2025,289280,4ª Vara Trabalhista de Recife,em negociação
4811,8678370-92.2025.7.35.9962,1146,trabalhista,execução,encerrado,Dra Fontes,2026-01-11,2025-03-24,,10ª Vara Trabalhista de Recife,aguardando documentos
4812,3576390-15.2021.2.82.8209,804,civil,instrução,suspenso,Dr. Barros,06/12/2020,04/06/2025,269736.00,5ª Vara Trabalhista de Recife,cliente não responde
4813,2461262-96.2021.6.48.1315,301,trabalhista,execução,Ativo,Dr. Barros,11 de março de 2026,25/12/2025,R$ 19.468,12ª Vara Cível de Recife,urgente
4814,3588109-63.2023.1.26.4223,1109,trabalhista,arquivado,suspenso,Dra Fontes,2021-01-22,2026-12-09,276107.00,6ª Vara Criminal de Recife,
4815,3464073-25.2022.8.73.5075,153,Trabalhista,arquivado,encerrado,Dr. Barros,17/04/2024,19/09/2026,451448,14ª Vara Criminal de Recife,cliente não responde
4816,7813974-60.2021.1.81.1542,613,Civil,sentença,ativo,Dr. Melo,17/10/21,2026-04-08,448762,8ª Vara Cível de Recife,
4817,8097721-13.2023.1.47.8354,1010,trabalhista,execução,active,Dra. Cavalcante,11/03/21,06/10/25,439253,6ª Vara Trabalhista de Recife,urgente
4818,9970343-38.2020.5.18.4483,119,Trabalhista,inicial,acordo,DRA. CAVALCANTE,30/01/2023,22 de julho de 2025,71237.00,1ª Vara Criminal de Recife,
4819,7082985-88.2022.2.94.6058,1312,cível,recurso,settlement,DRA. CAVALCANTE,12/03/2021,12/05/25,,4ª Vara Trabalhista de Recife,aguardando documentos
4820,1628717-84.2025.8.67.8313,204,Civil,recurso,appeal,dr. melo,10/07/21,,,4ª Vara Trabalhista de Recife,
4821,5214684-96.2020.6.84.9986,1255,TRABALHISTA,audiência,Ativo,Dra Fontes,14/03/25,2025-03-13,R$ 461.341,6ª Vara Cível de Recife,aguardando documentos
4822,1667591-67.2025.4.69.9424,294,Trabalhista,instrução,Encerrado,Dr. Barros,2023-08-12,2026-10-04,,17ª Vara Cível de Recife,
4823,7820540-78.2023.1.75.4823,262,TRABALHISTA,acordo extrajudicial,suspenso,Dr. Barros,2021-11-29,12/08/2026,181967.00,7ª Vara Cível de Recife,urgente
4824,8827641-36.2022.5.59.8715,579,trabalhista,recurso,ativo,Dra. Fontes,29/07/24,24/02/2026,40057,4ª Vara Cível de Recife,
4825,5432782-56.2021.2.97.6240,900,TRABALHISTA,audiência,settlement,Dra. Fontes,10/01/2022,18 de fevereiro de 2026,,7ª Vara Criminal de Recife,
4826,9810112-12.2021.1.97.8847,2,trabalhista,audiência,ativo,Dr. Barros,10/02/21,2025-08-04,,2ª Vara Cível de Recife,
4827,2480014-80.2024.2.29.9847,382,Trabalhista,acordo extrajudicial,encerrado,Dr. Melo,23/05/20,10/03/25,R$ 489.214,15ª Vara Trabalhista de Recife,
4828,6416661-36.2021.8.21.8496,1303,trabalhista,arquivado,closed,Dr. Barros,14/07/2022,16/11/2026,R$ 410.556,20ª Vara Cível de Recife,aguardando documentos
4829,1974389-81.2024.5.57.9354,1415,civil,audiência,suspenso,Dr. Melo,06/09/23,,,20ª Vara Criminal de Recife,em negociação
4830,6836135-90.2022.9.37.5643,775,TRABALHISTA,recurso,suspended,Dra. Cavalcante,2021-11-13,2026-03-22,,4ª Vara Trabalhista de Recife,
4831,3975387-89.2023.4.55.7631,35,trabalhista,instrução,ativo,Dra Fontes,2022-08-22,2026-03-24,149755,14ª Vara Trabalhista de Recife,
4832,6865513-17.2021.7.21.3938,117,civil,sentença,acordo,Dr. Melo,30 de junho de 2024,2025-01-19,,20ª Vara Trabalhista de Recife,
4833,3724721-44.2021.9.75.5553,1148,trabalhista,recurso,ativo,Dra. Fontes,2024-03-07,03/07/2026,141823.00,5ª Vara Cível de Recife,em negociação
4834,6096719-87.2023.1.41.6180,1028,cível,arquivado,closed,Dr. Barros,2023-03-11,2025-12-25,,20ª Vara Criminal de Recife,aguardando documentos
4835,9398629-61.2022.5.88.8253,1461,TRABALHISTA,audiência,ativo,Dra. Cavalcante,22/03/24,05/03/2025,R$ 279.407,14ª Vara Trabalhista de Recife,cliente não responde
4836,7223110-52.2024.2.44.8994,306,Civil,execução,encerrado,Dr. Barros,2 de abril de 2020,2025-08-20,454316,3ª Vara Trabalhista de Recife,
4837,8129073-22.2024.4.16.9656,414,Trabalhista,acordo extrajudicial,ativo,Dr. Barros,23 de junho de 2021,02/04/2026,100950,5ª Vara Trabalhista de Recife,em negociação
4838,2112478-55.2024.2.51.9095,924,cível,audiência,encerrado,Dra. Fontes,2025-04-27,29 de dezembro de 2025,262258.00,11ª Vara Cível de Recife,
4839,4417916-40.2022.7.26.4278,1090,Trabalhista,sentença,encerrado,Dr. Barros,09/10/24,2026-11-01,R$ 382.432,16ª Vara Trabalhista de Recife,urgente
4840,6547287-16.2023.4.15.7491,495,trabalhista,execução,Encerrado,Dra. Fontes,30 de dezembro de 2021,2026-11-04,229315.00,9ª Vara Trabalhista de Recife,cliente não responde
4841,4384627-80.2021.2.13.1061,448,Civil,acordo extrajudicial,suspenso,DRA. CAVALCANTE,18/04/22,22/10/2025,,6ª Vara Criminal de Recife,aguardando documentos
4842,1633270-27.2024.2.52.7034,1035,Trabalhista,inicial,ATIVO,DRA. CAVALCANTE,13/01/2024,15/06/2025,,13ª Vara Criminal de Recife,em negociação
4843,5214684-96.2020.6.84.9986,1265,civil,sentença,closed,dr. melo,11/04/2026,19 de novembro de 2025,R$ 256.483,13ª Vara Cível de Recife,em negociação
4844,1628717-84.2025.8.67.8313,365,civil,recurso,em recurso,Dr. Melo,2024-02-09,22 de julho de 2026,412074.00,8ª Vara Criminal de Recife,em negociação
4845,2294596-63.2020.6.38.9193,873,TRABALHISTA,arquivado,acordo,Dr. Barros,2020-08-25,13/01/26,290955,12ª Vara Trabalhista de Recife,em negociação
4846,2461262-96.2021.6.48.1315,1436,TRABALHISTA,audiência,acordo,Dra. Cavalcante,2023-02-14,15 de setembro de 2026,458018.00,10ª Vara Trabalhista de Recife,
4847,2100417-68.2021.7.29.9662,611,Trabalhista,recurso,ATIVO,Dra. Fontes,12 de julho de 2023,23 de março de 2026,R$ 244.574,6ª Vara Trabalhista de Recife,em negociação
4848,9498791-62.2022.6.73.9564,350,Civil,arquivado,Encerrado,DRA. CAVALCANTE,27 de agosto de 2021,4 de dezembro de 2025,7181,18ª Vara Criminal de Recife,
4849,4460247-99.2024.9.97.4840,626,cível,execução,ATIVO,Dra. Fontes,2020-11-24,09/02/2026,488241,5ª Vara Criminal de Recife,
4850,7082985-88.2022.2.94.6058,835,cível,execução,Ativo,Dr. Barros,18/03/23,30 de agosto de 2026,146070,18ª Vara Trabalhista de Recife,
4851,7724543-49.2023.9.44.7412,951,Civil,arquivado,encerrado,dr. melo,28/12/22,21/08/26,R$ 314.392,18ª Vara Criminal de Recife,
4852,3710559-31.2020.9.95.2540,1462,civil,instrução,closed,Dr. Barros,2023-11-09,2025-10-15,216532.00,18ª Vara Criminal de Recife,cliente não responde
4853,1614850-25.2020.8.85.3161,162,Trabalhista,instrução,active,Dra Fontes,19/03/2020,19/06/26,75807,16ª Vara Criminal de Recife,
4854,8323566-47.2021.3.26.4644,1397,trabalhista,audiência,ATIVO,Dr. Barros,19/04/24,17/09/26,359498.00,8ª Vara Cível de Recife,
4855,4314934-26.2021.7.14.7244,480,TRABALHISTA,acordo extrajudicial,suspended,Dr. Melo,23/01/2022,02/12/26,R$ 86.454,18ª Vara Criminal de Recife,urgente
4856,2186433-37.2022.2.12.4344,686,Civil,acordo extrajudicial,suspended,Dr. Melo,08/01/21,25/07/25,R$ 171.646,15ª Vara Criminal de Recife,urgente
4857,2753004-76.2021.8.83.9874,1191,civil,instrução,em recurso,dr. melo,02/03/2025,,386489,20ª Vara Cível de Recife,urgente
4858,9398629-61.2022.5.88.8253,8,Civil,inicial,suspended,Dr. Barros,1 de novembro de 2020,25/03/2026,R$ 209.494,10ª Vara Cível de Recife,urgente
4859,3585301-47.2021.7.73.3469,424,trabalhista,inicial,ativo,Dr. Barros,2024-03-07,01/05/2026,235835.00,3ª Vara Cível de Recife,
4860,4507711-38.2024.2.34.4732,674,civil,sentença,closed,Dra. Cavalcante,2025-06-30,22/03/2026,R$ 411.158,18ª Vara Criminal de Recife,cliente não responde
4861,1714231-74.2025.9.71.1697,1393,cível,audiência,ATIVO,Dr. Barros,16/01/24,2025-03-09,485866,2ª Vara Trabalhista de Recife,urgente
4862,6686912-30.2025.4.68.7078,764,civil,acordo extrajudicial,appeal,Dr. Barros,2025-11-12,28/07/26,,10ª Vara Cível de Recife,aguardando documentos
4863,8097721-13.2023.1.47.8354,775,civil,acordo extrajudicial,settlement,Dra. Cavalcante,2021-04-12,2026-08-05,34277,12ª Vara Criminal de Recife,
4864,8062805-72.2022.1.22.8771,1069,cível,sentença,suspenso,Dra. Cavalcante,2021-07-30,16/03/2026,R$ 481.429,6ª Vara Criminal de Recife,
4865,5788467-41.2023.8.93.8134,234,TRABALHISTA,inicial,acordo,Dr. Melo,13 de maio de 2025,05/12/2025,60465,16ª Vara Trabalhista de Recife,
4866,1878000-50.2025.7.58.1197,177,cível,audiência,closed,Dr. Melo,28 de janeiro de 2020,12/08/2025,R$ 93.497,14ª Vara Criminal de Recife,urgente
4867,2632721-15.2024.7.90.9593,268,TRABALHISTA,instrução,em recurso,Dra. Fontes,2025-05-20,14/07/2026,R$ 372.919,20ª Vara Cível de Recife,cliente não responde
4868,2490107-19.2023.9.10.7930,725,trabalhista,sentença,suspenso,Dra. Fontes,2023-04-20,,,15ª Vara Trabalhista de Recife,urgente
4869,5050722-10.2024.8.29.4298,289,TRABALHISTA,execução,ativo,Dra. Cavalcante,30 de junho de 2020,26/05/2026,R$ 387.070,3ª Vara Cível de Recife,urgente
4870,6339266-27.2025.5.15.6766,1004,civil,audiência,acordo,Dra. Fontes,26/09/21,19 de janeiro de 2025,R$ 469.722,1ª Vara Criminal de Recife,em negociação
4871,6105303-92.2021.4.39.3868,991,TRABALHISTA,recurso,closed,Dr. Barros,27/01/2023,23/05/26,R$ 7.700,9ª Vara Trabalhista de Recife,urgente
4872,9108785-98.2021.3.78.6687,836,cível,inicial,ativo,Dr. Barros,12/11/2020,26 de janeiro de 2025,,18ª Vara Criminal de Recife,cliente não responde
4873,7599278-46.2021.4.96.3535,294,Trabalhista,instrução,active,Dra. Cavalcante,16/06/2023,21/02/2025,,2ª Vara Criminal de Recife,
4874,3510061-32.2020.9.13.4424,1297,Trabalhista,arquivado,ativo,Dra Fontes,25/10/2020,12/07/2026,R$ 279.450,1ª Vara Criminal de Recife,
4875,5159882-37.2022.9.71.7550,1174,cível,inicial,em recurso,Dra. Cavalcante,18 de setembro de 2022,09/05/26,,1ª Vara Trabalhista de Recife,
4876,1099617-37.2023.9.61.1793,7,Trabalhista,acordo extrajudicial,encerrado,Dr. Barros,2021-07-22,11/09/2025,,1ª Vara Criminal de Recife,aguardando documentos
4877,4961530-22.2021.4.22.6290,581,cível,recurso,active,Dr. Barros,15 de junho de 2020,2026-12-19,170273,19ª Vara Cível de Recife,
4878,5786762-52.2021.9.21.3037,77,cível,arquivado,ativo,DRA. CAVALCANTE,18/03/2021,2026-07-01,R$ 86.632,19ª Vara Criminal de Recife,aguardando documentos
4879,7749444-78.2021.1.20.8763,876,civil,audiência,em recurso,Dra. Fontes,29 de novembro de 2022,05/12/2026,,2ª Vara Cível de Recife,
4880,6686912-30.2025.4.68.7078,1157,Trabalhista,audiência,ativo,Dr. Melo,30/11/2025,05/04/25,R$ 429.870,5ª Vara Cível de Recife,
4881,2328070-99.2024.8.57.5561,678,TRABALHISTA,inicial,encerrado,DRA. CAVALCANTE,04/04/2021,06/12/26,R$ 300.874,15ª Vara Trabalhista de Recife,cliente não responde
4882,1272937-41.2023.5.75.9958,338,trabalhista,sentença,em recurso,Dra. Cavalcante,2024-12-04,2025-02-09,,16ª Vara Cível de Recife,
4883,1757615-27.2025.7.10.3762,970,Trabalhista,audiência,active,Dra. Cavalcante,2024-01-28,24/02/25,262580.00,2ª Vara Criminal de Recife,cliente não responde
4884,6414076-16.2021.7.78.8273,213,TRABALHISTA,sentença,ativo,Dra Fontes,11/04/2020,5 de janeiro de 2025,,13ª Vara Trabalhista de Recife,
4885,3924425-56.2021.9.58.2912,1242,cível,recurso,ativo,Dra. Cavalcante,2024-05-01,,114606,7ª Vara Cível de Recife,urgente
4886,2118934-75.2023.5.97.9563,1230,TRABALHISTA,recurso,settlement,Dra Fontes,30 de março de 2022,,307809,14ª Vara Cível de Recife,em negociação
4887,6053412-12.2021.6.72.8346,495,TRABALHISTA,instrução,suspenso,Dr. Barros,26/10/25,05/05/26,75000,12ª Vara Criminal de Recife,
4888,4507711-38.2024.2.34.4732,730,Civil,arquivado,suspenso,Dra. Cavalcante,08/11/2020,2026-02-01,128231,16ª Vara Criminal de Recife,
4889,4134515-43.2021.8.70.4879,1283,cível,instrução,encerrado,dr. melo,21/08/22,21 de novembro de 2026,114629,4ª Vara Trabalhista de Recife,aguardando documentos
4890,5625093-80.2022.9.16.6618,909,TRABALHISTA,execução,suspenso,DRA. CAVALCANTE,2024-01-28,12 de junho de 2025,R$ 64.123,1ª Vara Criminal de Recife,
4891,7110796-41.2020.3.80.5362,459,civil,recurso,appeal,Dr. Melo,2022-05-13,26 de agosto de 2025,118728,4ª Vara Trabalhista de Recife,aguardando documentos
4892,2186433-37.2022.2.12.4344,1472,trabalhista,recurso,encerrado,Dra. Fontes,2021-11-12,24/02/2025,442565,18ª Vara Trabalhista de Recife,em negociação
4893,4584224-94.2025.2.57.2511,799,cível,audiência,appeal,Dr. Barros,06/04/2022,5 de fevereiro de 2025,,4ª Vara Cível de Recife,
4894,7687351-51.2022.6.73.6768,1485,trabalhista,instrução,acordo,Dra. Cavalcante,2023-01-30,15 de janeiro de 2025,R$ 203.695,7ª Vara Trabalhista de Recife,urgente
4895,5116418-16.2025.3.98.2234,759,TRABALHISTA,inicial,appeal,Dra. Cavalcante,7 de outubro de 2023,10/10/26,482712.00,5ª Vara Criminal de Recife,
4896,5826200-20.2025.1.91.8748,682,Civil,inicial,encerrado,Dr. Barros,24/07/2024,2025-12-09,,7ª Vara Cível de Recife,
4897,5214684-96.2020.6.84.9986,369,trabalhista,acordo extrajudicial,Ativo,Dra. Fontes,2021-04-15,2025-03-05,R$ 476.752,7ª Vara Trabalhista de Recife,aguardando documentos
4898,1273300-90.2024.2.80.7378,1319,civil,arquivado,ativo,Dr. Melo,2020-06-10,02/01/2025,223705,16ª Vara Criminal de Recife,
4899,6836135-90.2022.9.37.5643,270,cível,arquivado,closed,DRA. CAVALCANTE,03/08/20,18/04/25,R$ 212.549,13ª Vara Trabalhista de Recife,
4900,9168044-67.2022.1.26.3054,213,civil,arquivado,em recurso,DRA. CAVALCANTE,1 de junho de 2025,19/04/25,,18ª Vara Criminal de Recife,aguardando documentos
4901,8655267-17.2025.3.63.4188,569,trabalhista,inicial,acordo,Dr. Barros,2024-11-30,30/07/26,54522.00,7ª Vara Cível de Recife,urgente
4902,4090182-95.2021.1.57.7189,223,trabalhista,instrução,active,DRA. CAVALCANTE,25/10/2024,07/01/26,R$ 418.508,13ª Vara Cível de Recife,
4903,5703772-88.2020.8.34.6114,1328,Trabalhista,inicial,em recurso,Dra. Cavalcante,2021-12-24,04/11/2026,112876,16ª Vara Trabalhista de Recife,urgente
4904,4601686-30.2021.5.52.7745,167,Civil,inicial,suspended,Dr. Barros,10/10/2025,15/12/25,194584.00,2ª Vara Criminal de Recife,cliente não responde
4905,5947618-28.2023.6.53.6118,768,trabalhista,inicial,acordo,Dra Fontes,30/08/2025,2026-05-23,307329.00,20ª Vara Cível de Recife,urgente
4906,2231929-89.2024.6.41.5461,1041,trabalhista,recurso,active,Dra. Fontes,2025-05-01,2025-07-24,R$ 489.791,6ª Vara Trabalhista de Recife,cliente não responde
4907,2869625-86.2025.7.14.5837,1292,Civil,inicial,active,Dra. Cavalcante,2020-03-29,09/09/2026,R$ 409.884,1ª Vara Criminal de Recife,cliente não responde
4908,9804642-71.2024.4.76.5486,792,TRABALHISTA,sentença,ativo,dr. melo,2024-12-29,18/01/26,44764.00,16ª Vara Cível de Recife,
4909,3754895-37.2021.6.18.8502,290,Trabalhista,sentença,ATIVO,Dra Fontes,8 de fevereiro de 2026,09/12/2025,,4ª Vara Criminal de Recife,cliente não responde
4910,8574876-96.2020.7.97.4673,837,cível,execução,Ativo,Dr. Melo,08/11/25,2026-04-27,452116,3ª Vara Criminal de Recife,aguardando documentos
4911,6003915-30.2025.6.37.7681,584,Trabalhista,recurso,em recurso,Dra. Cavalcante,7 de setembro de 2022,2026-07-16,369875.00,3ª Vara Cível de Recife,urgente
4912,4417916-40.2022.7.26.4278,116,Civil,execução,Ativo,DRA. CAVALCANTE,2021-03-18,09/09/2025,228130,3ª Vara Criminal de Recife,
4913,4140100-24.2024.4.63.7178,935,trabalhista,audiência,settlement,dr. melo,5 de setembro de 2025,2026-11-26,236330.00,8ª Vara Trabalhista de Recife,
4914,8066975-72.2023.7.26.7675,361,Trabalhista,sentença,encerrado,Dr. Barros,31 de maio de 2021,,,15ª Vara Cível de Recife,
4915,4865461-96.2025.2.64.9143,1383,cível,acordo extrajudicial,settlement,Dra. Cavalcante,2021-11-07,2025-03-03,,10ª Vara Trabalhista de Recife,em negociação
4916,5217157-98.2020.2.64.4094,942,civil,instrução,acordo,Dr. Barros,2024-09-04,11 de julho de 2025,228213,9ª Vara Trabalhista de Recife,aguardando documentos
4917,8157599-64.2024.2.89.5276,63,Trabalhista,audiência,ativo,Dr. Barros,23/12/20,,,12ª Vara Trabalhista de Recife,em negociação
4918,9086174-80.2025.1.81.3292,1141,civil,execução,Encerrado,Dr. Melo,06/07/2021,27 de setembro de 2026,,17ª Vara Criminal de Recife,cliente não responde
4919,9573194-21.2022.1.35.8352,534,Civil,inicial,active,DRA. CAVALCANTE,2024-07-18,23 de agosto de 2025,384104,1ª Vara Cível de Recife,urgente
4920,4061044-97.2023.7.99.3676,916,Civil,inicial,closed,Dr. Barros,7 de outubro de 2020,14/03/26,268170,16ª Vara Trabalhista de Recife,cliente não responde
4921,1346701-74.2024.1.65.8985,1137,Trabalhista,execução,encerrado,Dra. Fontes,03/05/2021,7 de julho de 2025,,20ª Vara Cível de Recife,cliente não responde
4922,8892606-62.2022.2.87.2168,1096,Civil,sentença,acordo,Dra. Fontes,2025-01-21,19 de novembro de 2026,252101,16ª Vara Trabalhista de Recife,cliente não responde
4923,4510407-23.2020.5.18.6055,248,civil,sentença,active,dr. melo,21 de janeiro de 2020,16/12/2025,368735,12ª Vara Cível de Recife,em negociação
4924,4681694-71.2021.9.28.7350,763,TRABALHISTA,recurso,encerrado,Dr. Barros,31/10/2022,05/01/26,469477,16ª Vara Cível de Recife,em negociação
4925,7599278-46.2021.4.96.3535,370,trabalhista,instrução,encerrado,Dr. Melo,2023-01-10,2026-07-20,R$ 339.263,1ª Vara Criminal de Recife,
4926,7110796-41.2020.3.80.5362,1440,trabalhista,sentença,ativo,Dr. Melo,07/06/2021,24 de maio de 2026,R$ 321.826,2ª Vara Cível de Recife,cliente não responde
4927,8678370-92.2025.7.35.9962,196,civil,arquivado,encerrado,Dr. Barros,02/02/2024,09/03/25,,13ª Vara Criminal de Recife,
4928,4687348-31.2023.1.92.6907,304,trabalhista,execução,Ativo,Dra. Fontes,10 de dezembro de 2021,20/10/2025,278323.00,10ª Vara Cível de Recife,
4929,7082985-88.2022.2.94.6058,749,Civil,recurso,suspended,Dr. Barros,5 de junho de 2024,27/06/2026,106259.00,6ª Vara Cível de Recife,
4930,4090182-95.2021.1.57.7189,1417,cível,arquivado,active,Dr. Barros,02/11/2021,29/08/2026,,4ª Vara Criminal de Recife,cliente não responde
4931,7486029-45.2024.4.25.3159,489,trabalhista,sentença,Encerrado,DRA. CAVALCANTE,20/07/2025,3 de maio de 2026,R$ 233.219,15ª Vara Cível de Recife,
4932,7722274-26.2024.9.14.7062,1234,Civil,recurso,encerrado,Dra. Fontes,22/10/23,26 de novembro de 2026,29806.00,9ª Vara Cível de Recife,urgente
4933,7687292-20.2021.4.85.7539,631,trabalhista,instrução,settlement,DRA. CAVALCANTE,04/06/2020,2026-12-05,418429,6ª Vara Criminal de Recife,aguardando documentos
4934,8306601-19.2020.3.50.7457,46,Civil,inicial,ativo,Dr. Melo,30 de dezembro de 2020,15/10/26,,2ª Vara Criminal de Recife,
4935,8323566-47.2021.3.26.4644,354,cível,execução,ATIVO,Dra. Fontes,03/02/24,2026-02-28,152604.00,17ª Vara Cível de Recife,cliente não responde
4936,2519059-58.2022.7.86.4385,916,TRABALHISTA,inicial,ativo,DRA. CAVALCANTE,01/06/25,26/11/26,R$ 296.866,17ª Vara Cível de Recife,
4937,2231929-89.2024.6.41.5461,907,trabalhista,execução,closed,DRA. CAVALCANTE,27 de dezembro de 2023,2025-10-29,R$ 488.781,9ª Vara Cível de Recife,em negociação
4938,4085001-92.2022.6.76.8938,260,cível,inicial,suspenso,Dra. Cavalcante,01/10/2025,12/10/26,R$ 287.268,7ª Vara Cível de Recife,
4939,3766710-17.2025.4.91.1472,1335,cível,inicial,encerrado,Dra. Cavalcante,29 de março de 2025,12 de dezembro de 2026,82452,17ª Vara Criminal de Recife,
4940,3346094-93.2020.2.94.1759,694,cível,execução,Encerrado,DRA. CAVALCANTE,30/09/2021,2026-05-12,R$ 23.888,7ª Vara Criminal de Recife,
4941,4140100-24.2024.4.63.7178,170,cível,recurso,suspended,Dr. Barros,11 de maio de 2021,16/04/26,336938,4ª Vara Trabalhista de Recife,cliente não responde
4942,2236315-26.2022.5.82.8939,1104,trabalhista,acordo extrajudicial,suspended,Dr. Barros,06/05/2022,14 de maio de 2025,252102,8ª Vara Criminal de Recife,cliente não responde
4943,9060164-41.2020.5.36.2381,900,civil,acordo extrajudicial,appeal,Dra Fontes,31/01/20,30 de novembro de 2025,24096,18ª Vara Trabalhista de Recife,
4944,2895065-46.2022.7.67.1438,274,civil,execução,closed,Dr. Barros,06/02/23,21/12/25,,18ª Vara Criminal de Recife,
4945,3710559-31.2020.9.95.2540,44,civil,arquivado,Encerrado,Dra Fontes,20/08/20,29/10/26,R$ 63.790,16ª Vara Cível de Recife,
4946,8306601-19.2020.3.50.7457,1287,cível,acordo extrajudicial,ativo,dr. melo,7 de março de 2020,05/10/25,R$ 422.380,18ª Vara Cível de Recife,aguardando documentos
4947,4202942-75.2025.6.91.7611,344,trabalhista,recurso,Encerrado,DRA. CAVALCANTE,20/10/2021,2025-12-17,R$ 66.779,19ª Vara Cível de Recife,
4948,5753123-52.2021.4.48.4042,1279,trabalhista,arquivado,encerrado,dr. melo,01/02/26,12/01/2025,53006,9ª Vara Cível de Recife,em negociação
4949,5967836-10.2021.4.35.9671,116,TRABALHISTA,arquivado,suspended,Dra Fontes,04/10/20,29/07/2026,134109.00,8ª Vara Trabalhista de Recife,urgente
4950,3588109-63.2023.1.26.4223,799,cível,recurso,Ativo,Dra. Cavalcante,15/01/2021,18/07/2025,,9ª Vara Criminal de Recife,aguardando documentos
4951,3679963-72.2020.9.29.7859,1197,Civil,execução,suspenso,DRA. CAVALCANTE,2023-12-21,11/11/25,396122.00,12ª Vara Trabalhista de Recife,
4952,1878000-50.2025.7.58.1197,39,cível,acordo extrajudicial,ativo,Dra. Cavalcante,2 de dezembro de 2024,24/12/25,,20ª Vara Trabalhista de Recife,
4953,9573194-21.2022.1.35.8352,549,cível,audiência,ativo,Dr. Melo,5 de abril de 2023,15/09/25,37629,12ª Vara Trabalhista de Recife,cliente não responde
4954,7065068-16.2021.7.14.6489,143,civil,instrução,encerrado,Dra Fontes,13/01/2026,2025-05-21,69769.00,16ª Vara Criminal de Recife,em negociação
4955,6528202-89.2025.3.17.9496,748,TRABALHISTA,acordo extrajudicial,suspenso,Dra Fontes,2020-07-11,24/01/26,,8ª Vara Trabalhista de Recife,aguardando documentos
4956,4090182-95.2021.1.57.7189,1254,Trabalhista,arquivado,active,Dr. Barros,28 de setembro de 2021,2025-03-17,,18ª Vara Trabalhista de Recife,
4957,6370110-64.2022.3.52.8440,434,Trabalhista,arquivado,Encerrado,Dra. Fontes,19 de junho de 2023,13/11/26,,4ª Vara Trabalhista de Recife,
4958,1614850-25.2020.8.85.3161,1278,TRABALHISTA,acordo extrajudicial,ativo,dr. melo,31/08/2021,2026-11-08,R$ 47.386,11ª Vara Trabalhista de Recife,
4959,3376786-12.2020.7.64.5093,1160,trabalhista,inicial,active,Dra. Fontes,23/01/25,29/12/2025,,5ª Vara Trabalhista de Recife,
4960,8843195-99.2024.6.39.2836,2,Civil,recurso,ativo,Dra. Fontes,08/08/2024,23 de julho de 2026,91192,3ª Vara Trabalhista de Recife,em negociação
4961,1633270-27.2024.2.52.7034,430,trabalhista,execução,Encerrado,DRA. CAVALCANTE,2025-03-19,,R$ 218.624,8ª Vara Criminal de Recife,
4962,5518767-82.2023.4.96.9873,887,TRABALHISTA,instrução,acordo,Dr. Barros,23/01/22,22/08/26,,20ª Vara Cível de Recife,
4963,3585301-47.2021.7.73.3469,1272,Civil,acordo extrajudicial,Encerrado,Dra. Cavalcante,2024-09-17,11/05/2025,R$ 7.727,2ª Vara Trabalhista de Recife,cliente não responde
4964,3306375-34.2024.9.48.9154,1300,Trabalhista,recurso,ativo,Dr. Barros,2025-09-09,16 de maio de 2025,286434.00,9ª Vara Cível de Recife,
4965,4493339-70.2021.7.17.8725,213,TRABALHISTA,inicial,appeal,Dra Fontes,21/11/2022,10 de novembro de 2025,R$ 264.460,13ª Vara Trabalhista de Recife,
4966,7951127-89.2024.1.63.3502,1282,trabalhista,arquivado,settlement,Dra Fontes,25/01/26,03/12/2025,R$ 377.815,10ª Vara Trabalhista de Recife,
4967,1933296-95.2024.5.69.8317,15,cível,instrução,ativo,Dr. Barros,21/05/24,2025-04-23,,5ª Vara Trabalhista de Recife,aguardando documentos
4968,7243958-65.2020.5.25.5047,683,trabalhista,acordo extrajudicial,settlement,Dra. Fontes,01/12/2022,21/12/2026,,2ª Vara Trabalhista de Recife,aguardando documentos
4969,6339266-27.2025.5.15.6766,1374,trabalhista,audiência,acordo,dr. melo,25/12/2020,2026-11-14,R$ 259.265,18ª Vara Criminal de Recife,aguardando documentos
4970,8843990-84.2020.6.68.3017,531,TRABALHISTA,arquivado,em recurso,Dr. Barros,2021-09-06,29 de maio de 2025,R$ 384.115,6ª Vara Cível de Recife,
4971,1664676-19.2021.8.64.4616,290,cível,recurso,ativo,Dra. Cavalcante,2021-08-14,02/04/2025,R$ 350.904,10ª Vara Trabalhista de Recife,
4972,4065326-72.2025.8.58.5304,797,TRABALHISTA,execução,Ativo,Dr. Barros,9 de maio de 2020,12 de abril de 2026,322847,11ª Vara Criminal de Recife,em negociação
4973,5991409-16.2021.8.44.1303,1170,civil,arquivado,em recurso,Dr. Melo,16/11/2025,11 de dezembro de 2025,453892.00,4ª Vara Criminal de Recife,
4974,6927716-18.2022.9.56.1445,1231,trabalhista,arquivado,suspended,Dra. Fontes,2023-08-28,06/02/2025,199148.00,2ª Vara Criminal de Recife,
4975,9822459-92.2024.8.17.6403,907,Civil,acordo extrajudicial,suspended,Dr. Melo,11/07/2022,21/07/2025,233208,12ª Vara Criminal de Recife,urgente
4976,9319285-35.2025.3.19.9131,426,civil,inicial,encerrado,Dra Fontes,27 de maio de 2022,2026-08-05,144336,5ª Vara Criminal de Recife,em negociação
4977,9076234-78.2023.3.90.2702,784,civil,audiência,ATIVO,Dra. Cavalcante,23 de junho de 2020,11/09/25,R$ 194.786,6ª Vara Criminal de Recife,cliente não responde
4978,2316290-44.2022.7.34.5190,1151,cível,acordo extrajudicial,ativo,Dra. Fontes,2024-02-03,23/09/2025,,12ª Vara Trabalhista de Recife,
4979,6034606-21.2023.6.18.6684,86,Civil,recurso,ativo,Dra. Fontes,2025-10-18,2026-09-02,R$ 343.894,4ª Vara Criminal de Recife,
4980,6034606-21.2023.6.18.6684,1264,Trabalhista,instrução,suspenso,Dr. Melo,16 de setembro de 2023,24/02/25,365618.00,18ª Vara Trabalhista de Recife,cliente não responde
4981,7141324-67.2025.3.86.3413,1149,Trabalhista,execução,suspended,Dra. Cavalcante,2024-03-05,11/07/25,R$ 378.585,14ª Vara Trabalhista de Recife,em negociação
4982,7141324-67.2025.3.86.3413,1404,cível,sentença,closed,Dr. Barros,2024-08-21,2025-12-06,219731.00,9ª Vara Criminal de Recife,em negociação
4983,2480014-80.2024.2.29.9847,296,civil,arquivado,encerrado,dr. melo,18 de julho de 2025,,R$ 81.021,10ª Vara Criminal de Recife,
4984,8655267-17.2025.3.63.4188,154,Trabalhista,arquivado,suspended,Dra. Cavalcante,15/09/20,,184495,1ª Vara Criminal de Recife,em negociação
4985,4061044-97.2023.7.99.3676,1174,trabalhista,instrução,acordo,Dr. Barros,26/12/2025,19/08/25,,17ª Vara Criminal de Recife,
4986,2461262-96.2021.6.48.1315,448,trabalhista,audiência,ativo,dr. melo,2021-06-15,21/03/2026,,17ª Vara Cível de Recife,em negociação
4987,6416661-36.2021.8.21.8496,1150,cível,execução,em recurso,Dra. Fontes,18 de abril de 2023,2025-07-10,R$ 412.158,9ª Vara Cível de Recife,aguardando documentos
4988,9498791-62.2022.6.73.9564,179,Trabalhista,sentença,active,Dra. Fontes,9 de janeiro de 2022,2025-10-30,150284.00,10ª Vara Cível de Recife,urgente
4989,3248366-98.2020.5.11.6279,152,cível,audiência,suspenso,dr. melo,14/04/21,,,16ª Vara Trabalhista de Recife,
4990,7892487-80.2022.9.64.5036,721,Civil,audiência,closed,Dr. Barros,12/10/2024,,92938.00,16ª Vara Cível de Recife,
4991,5967836-10.2021.4.35.9671,1019,Trabalhista,recurso,em recurso,Dra. Fontes,07/11/2020,26/06/25,87216.00,1ª Vara Cível de Recife,em negociação
4992,6425355-10.2021.6.53.2041,966,Trabalhista,instrução,closed,Dra Fontes,23 de fevereiro de 2025,,R$ 398.013,18ª Vara Trabalhista de Recife,em negociação
4993,8816646-78.2020.7.70.9224,272,TRABALHISTA,acordo extrajudicial,encerrado,Dra Fontes,09/07/24,20/02/25,R$ 264.504,5ª Vara Trabalhista de Recife,
4994,7599278-46.2021.4.96.3535,7,TRABALHISTA,audiência,em recurso,Dra. Fontes,13 de março de 2022,2025-10-31,172897.00,7ª Vara Trabalhista de Recife,cliente não responde
4995,8655267-17.2025.3.63.4188,1327,cível,execução,appeal,DRA. CAVALCANTE,15 de agosto de 2025,01/07/25,,19ª Vara Cível de Recife,aguardando documentos
4996,8892606-62.2022.2.87.2168,206,trabalhista,sentença,encerrado,Dra Fontes,2022-04-17,02/05/25,82569.00,18ª Vara Cível de Recife,cliente não responde
4997,1116024-57.2025.8.16.4043,405,TRABALHISTA,recurso,ativo,Dr. Barros,14/09/2025,21 de maio de 2026,R$ 476.587,9ª Vara Trabalhista de Recife,em negociação
4998,2328070-99.2024.8.57.5561,1028,TRABALHISTA,acordo extrajudicial,encerrado,Dr. Barros,2024-04-04,2025-08-23,,20ª Vara Cível de Recife,cliente não responde
4999,9774395-92.2023.2.75.3192,1202,trabalhista,instrução,suspenso,Dra Fontes,10/06/2020,13/08/25,R$ 421.635,17ª Vara Cível de Recife,urgente
5000,1099617-37.2023.9.61.1793,274,cível,acordo extrajudicial,active,Dr. Melo,26/11/2020,28/06/26,,6ª Vara Trabalhista de Recife,cliente não responde