processo_id,numero_processo,cliente_id,tipo,fase,status,advogado_responsavel,data_abertura,prazo_proximo,valor_causa,vara,observacoes
1,8986773-71.2022.6.45.5854,674,Civil,Inicial,Ativo,Dra. Cavalcante,2021-03-05,2025-04-21,410461.0,8ª Vara Criminal de Recife,Sem observações
2,4938178-62.2020.7.27.6072,1498,Civil,Recurso,Ativo,Dra. Fontes,2022-06-08,2025-06-10,Sem valor,9ª Vara Criminal de Recife,Sem observações
3,9636371-69.2025.8.67.4068,577,Civil,Instrução,Ativo,Dr. Melo,2020-11-09,2026-03-21,24764.0,13ª Vara Cível de Recife,Sem observações
4,1633270-27.2024.2.52.7034,1341,Civil,Execução,Encerrado,Dr. Melo,2021-10-23,2025-09-02,Sem valor,13ª Vara Criminal de Recife,Sem observações
5,1438459-62.2020.7.78.3410,149,Trabalhista,Sentença,Ativo,Dr. Melo,2021-05-14,2025-07-25,177557.0,5ª Vara Cível de Recife,Sem observações
6,4134515-43.2021.8.70.4879,405,Trabalhista,Acordo Extrajudicial,Encerrado,Dr. Melo,2021-01-28,2026-08-29,289974.0,16ª Vara Cível de Recife,Sem observações
7,4507711-38.2024.2.34.4732,177,Civil,Sentença,Encerrado,Dra. Fontes,2021-04-02,2025-11-13,164097.0,17ª Vara Criminal de Recife,Sem observações
8,3248366-98.2020.5.11.6279,181,Civil,Sentença,Acordo,Dra. Cavalcante,2025-12-25,2026-10-10,481388.0,14ª Vara Trabalhista de Recife,Sem observações
9,2112478-55.2024.2.51.9095,755,Trabalhista,Arquivado,Encerrado,Dr. Melo,2022-02-07,2025-02-09,339051.0,4ª Vara Criminal de Recife,Sem observações
10,1621418-87.2020.9.55.9337,511,Civil,Execução,Suspenso,Dra. Cavalcante,2020-07-15,Sem prazo delimitado,119187.0,14ª Vara Criminal de Recife,Aguardando documentos
11,6339808-70.2020.2.67.1325,1356,Trabalhista,Arquivado,Suspenso,Dra. Cavalcante,2026-02-22,2025-12-19,Sem valor,3ª Vara Cível de Recife,Sem observações
12,7398699-88.2025.6.55.3587,745,Trabalhista,Acordo Extrajudicial,Acordo,Dra. Cavalcante,2026-02-01,2026-09-21,Sem valor,20ª Vara Trabalhista de Recife,Sem observações
13,8168450-48.2020.2.65.4570,1225,Civil,Audiência,Ativo,Dr. Melo,2021-10-03,2026-06-10,Sem valor,12ª Vara Trabalhista de Recife,Sem observações
14,6418382-43.2020.8.63.9133,607,Trabalhista,Instrução,Suspenso,Dra. Fontes,2025-09-02,2026-02-18,194595.0,13ª Vara Cível de Recife,Sem observações
15,8816646-78.2020.7.70.9224,1359,Civil,Execução,Ativo,Dr. Melo,2021-03-31,2025-01-06,99388.0,17ª Vara Trabalhista de Recife,Sem observações
16,7243958-65.2020.5.25.5047,11,Trabalhista,Arquivado,Ativo,Dr. Barros,2026-01-26,2026-11-20,Sem valor,18ª Vara Cível de Recife,Sem observações
17,2118934-75.2023.5.97.9563,835,Trabalhista,Instrução,Suspenso,Dra. Cavalcante,2023-09-12,2026-07-11,294519.0,18ª Vara Cível de Recife,Sem observações
18,2895065-46.2022.7.67.1438,1098,Trabalhista,Sentença,Acordo,Dra. Cavalcante,2025-11-24,2026-09-13,25454.0,20ª Vara Cível de Recife,Sem observações
19,8168054-14.2024.6.50.1232,209,Trabalhista,Inicial,Encerrado,Dra. Cavalcante,2023-11-07,2026-03-30,283193.0,14ª Vara Trabalhista de Recife,Sem observações
20,6425355-10.2021.6.53.2041,1435,Trabalhista,Acordo Extrajudicial,Ativo,Dr. Melo,2025-11-17,2025-11-05,17441.0,11ª Vara Cível de Recife,Sem observações
21,2328070-99.2024.8.57.5561,1256,Trabalhista,Execução,Ativo,Dra. Cavalcante,2023-03-25,2026-02-24,468358.0,3ª Vara Criminal de Recife,Sem observações
22,1887163-62.2025.9.93.1037,1138,Civil,Recurso,Ativo,Dr. Barros,2023-11-11,2026-07-27,124193.0,4ª Vara Cível de Recife,Sem observações
23,7274275-74.2020.1.22.9780,1271,Civil,Arquivado,Ativo,Dra. Fontes,2020-02-26,2025-06-12,416171.0,1ª Vara Criminal de Recife,Sem observações
24,6416661-36.2021.8.21.8496,383,Trabalhista,Inicial,Ativo,Dr. Barros,2023-05-05,2025-06-06,208689.0,15ª Vara Cível de Recife,Sem observações
25,4433355-55.2023.8.48.9346,560,Trabalhista,Instrução,Ativo,Dr. Melo,2024-06-22,2026-03-31,121743.0,19ª Vara Criminal de Recife,Sem observações
26,5159219-49.2023.5.25.3676,733,Trabalhista,Execução,Ativo,Dr. Melo,2022-07-03,2026-02-13,160063.0,15ª Vara Trabalhista de Recife,Sem observações
27,2966787-79.2022.1.41.9944,662,Civil,Sentença,Ativo,Dr. Melo,2022-11-09,2025-09-14,273584.0,3ª Vara Trabalhista de Recife,Aguardando documentos
28,4064382-39.2022.4.13.8937,631,Trabalhista,Audiência,Encerrado,Dra. Cavalcante,2022-07-10,2026-12-02,245404.0,13ª Vara Cível de Recife,Sem observações
29,3541821-31.2021.8.96.1927,1154,Civil,Execução,Encerrado,Dr. Barros,2021-04-11,2025-04-03,121194.0,20ª Vara Trabalhista de Recife,Sem observações
30,1101935-78.2023.5.88.5299,456,Civil,Arquivado,Encerrado,Dr. Barros,2022-07-16,Sem prazo delimitado,233108.0,15ª Vara Cível de Recife,Sem observações
31,4229107-99.2020.7.61.3978,606,Civil,Sentença,Suspenso,Dr. Barros,2020-04-18,2026-02-22,408229.0,8ª Vara Criminal de Recife,Sem observações
32,5050722-10.2024.8.29.4298,784,Trabalhista,Arquivado,Em recurso,Dr. Melo,2022-06-25,2025-12-30,444878.0,10ª Vara Criminal de Recife,Sem observações
33,8607512-63.2021.6.82.1039,16,Trabalhista,Arquivado,Suspenso,Dr. Melo,2021-01-25,2025-02-19,115963.0,16ª Vara Criminal de Recife,Sem observações
34,4314934-26.2021.7.14.7244,1237,Civil,Inicial,Ativo,Dr. Melo,2022-01-22,2026-10-26,101576.0,9ª Vara Criminal de Recife,Sem observações
35,6003915-30.2025.6.37.7681,1053,Civil,Inicial,Ativo,Dr. Melo,2025-01-15,2026-09-29,413753.0,5ª Vara Criminal de Recife,Sem observações
36,9686751-57.2022.7.62.3494,789,Trabalhista,Execução,Ativo,Dra. Cavalcante,2023-09-19,2026-03-28,237751.0,12ª Vara Cível de Recife,Aguardando documentos
37,5035093-45.2021.1.27.3097,1433,Civil,Acordo Extrajudicial,Encerrado,Dra. Fontes,2024-10-18,2026-12-30,Sem valor,3ª Vara Cível de Recife,Sem observações
38,7141324-67.2025.3.86.3413,328,Trabalhista,Acordo Extrajudicial,Encerrado,Dra. Cavalcante,2026-02-20,Sem prazo delimitado,422938.0,5ª Vara Cível de Recife,Sem observações
39,1887163-62.2025.9.93.1037,234,Trabalhista,Inicial,Encerrado,Dra. Fontes,2024-05-01,2026-05-05,76032.0,4ª Vara Criminal de Recife,Sem observações
40,5266269-78.2021.7.59.1392,319,Trabalhista,Execução,Encerrado,Dr. Barros,2025-09-30,2025-08-14,84808.0,1ª Vara Cível de Recife,Sem observações
41,1438459-62.2020.7.78.3410,502,Civil,Sentença,Ativo,Dra. Fontes,2022-09-23,2025-03-16,Sem valor,20ª Vara Cível de Recife,Sem observações
42,4687348-31.2023.1.92.6907,1097,Civil,Recurso,Acordo,Dra. Fontes,2025-07-28,2026-07-08,474508.0,4ª Vara Cível de Recife,Sem observações
43,8097721-13.2023.1.47.8354,1367,Trabalhista,Sentença,Ativo,Dra. Cavalcante,2024-10-18,2025-07-08,120515.0,5ª Vara Trabalhista de Recife,Sem observações
44,2191287-57.2021.1.18.8228,648,Trabalhista,Acordo Extrajudicial,Ativo,Dra. Fontes,2024-05-02,2025-11-18,Sem valor,19ª Vara Trabalhista de Recife,Sem observações
45,9108785-98.2021.3.78.6687,571,Trabalhista,Instrução,Acordo,Dra. Cavalcante,2020-03-29,2026-03-10,Sem valor,13ª Vara Criminal de Recife,Sem observações
46,1165147-13.2020.2.47.5874,293,Trabalhista,Acordo Extrajudicial,Ativo,Dr. Barros,2024-07-09,2025-03-07,Sem valor,9ª Vara Criminal de Recife,Sem observações
47,9057960-29.2025.5.10.6072,150,Civil,Execução,Suspenso,Dra. Cavalcante,2024-11-25,2026-04-11,82250.0,16ª Vara Trabalhista de Recife,Sem observações
48,3376786-12.2020.7.64.5093,1433,Civil,Acordo Extrajudicial,Ativo,Dra. Cavalcante,2025-03-14,2025-05-21,277499.0,1ª Vara Cível de Recife,Sem observações
49,7271178-97.2023.5.84.4243,1252,Civil,Acordo Extrajudicial,Suspenso,Dr. Melo,2026-03-25,2025-05-28,388326.0,19ª Vara Criminal de Recife,Aguardando documentos
50,1878000-50.2025.7.58.1197,649,Trabalhista,Acordo Extrajudicial,Encerrado,Dr. Barros,2024-06-27,2026-01-04,335374.0,7ª Vara Cível de Recife,Sem observações
51,7110796-41.2020.3.80.5362,284,Civil,Execução,Suspenso,Dr. Melo,2025-08-23,2025-05-10,460961.0,7ª Vara Trabalhista de Recife,Sem observações
52,4433355-55.2023.8.48.9346,1384,Civil,Arquivado,Encerrado,Dr. Barros,2025-04-08,2026-10-16,451599.0,20ª Vara Trabalhista de Recife,Sem observações
53,2658962-39.2022.5.95.8856,273,Civil,Arquivado,Ativo,Dra. Cavalcante,2023-02-20,2025-02-23,330914.0,19ª Vara Cível de Recife,Sem observações
54,2884639-86.2023.2.31.8737,1338,Civil,Audiência,Ativo,Dra. Cavalcante,2023-10-04,2026-02-05,283185.0,7ª Vara Criminal de Recife,Aguardando documentos
55,1667591-67.2025.4.69.9424,1182,Civil,Instrução,Ativo,Dr. Melo,2020-07-09,2025-06-10,473516.0,7ª Vara Trabalhista de Recife,Sem observações
56,2824928-33.2020.1.90.6467,1300,Civil,Acordo Extrajudicial,Encerrado,Dra. Fontes,2023-06-24,2025-12-27,332399.0,17ª Vara Trabalhista de Recife,Sem observações
57,4865461-96.2025.2.64.9143,917,Trabalhista,Execução,Encerrado,Dra. Fontes,2020-05-27,2026-09-15,247530.0,20ª Vara Criminal de Recife,Aguardando documentos
58,2909764-51.2025.7.78.2223,1323,Trabalhista,Arquivado,Em recurso,Dra. Cavalcante,2021-01-17,2026-06-13,423818.0,19ª Vara Criminal de Recife,Sem observações
59,3306375-34.2024.9.48.9154,899,Civil,Recurso,Ativo,Dra. Fontes,2021-10-16,2026-03-05,19724.0,7ª Vara Trabalhista de Recife,Sem observações
60,9071705-28.2021.9.78.4746,1105,Civil,Arquivado,Encerrado,Dra. Cavalcante,2023-02-09,2025-03-06,134742.0,6ª Vara Trabalhista de Recife,Sem observações
61,8129073-22.2024.4.16.9656,291,Trabalhista,Audiência,Encerrado,Dra. Fontes,2026-04-10,Sem prazo delimitado,Sem valor,18ª Vara Trabalhista de Recife,Sem observações
62,5625093-80.2022.9.16.6618,9,Civil,Audiência,Em recurso,Dr. Barros,2022-04-17,2026-04-19,230442.0,11ª Vara Cível de Recife,Aguardando documentos
63,5660649-86.2020.5.86.9291,1455,Trabalhista,Sentença,Ativo,Dra. Cavalcante,2025-10-22,2025-11-04,Sem valor,1ª Vara Criminal de Recife,Sem observações
64,2118934-75.2023.5.97.9563,257,Trabalhista,Recurso,Ativo,Dra. Fontes,2026-03-25,2025-06-20,250965.0,17ª Vara Trabalhista de Recife,Sem observações
65,4134515-43.2021.8.70.4879,263,Trabalhista,Recurso,Encerrado,Dr. Barros,2020-05-01,2025-04-03,48486.0,9ª Vara Cível de Recife,Sem observações
66,2341370-92.2024.9.60.8122,1383,Trabalhista,Inicial,Acordo,Dra. Fontes,2023-11-29,2026-05-11,Sem valor,19ª Vara Criminal de Recife,Aguardando documentos
67,6368709-92.2024.7.99.9426,222,Civil,Audiência,Encerrado,Dr. Barros,2024-06-21,2026-04-12,Sem valor,7ª Vara Trabalhista de Recife,Sem observações
68,5747786-52.2023.7.30.3750,33,Civil,Sentença,Ativo,Dra. Cavalcante,2021-10-23,2025-10-16,378631.0,15ª Vara Criminal de Recife,Sem observações
69,5661974-14.2020.6.39.3137,374,Civil,Execução,Suspenso,Dra. Cavalcante,2022-09-25,2026-12-22,Sem valor,14ª Vara Cível de Recife,Sem observações
70,2129757-49.2025.4.14.5657,686,Trabalhista,Instrução,Encerrado,Dra. Cavalcante,2023-09-08,Sem prazo delimitado,41303.0,1ª Vara Cível de Recife,Sem observações
71,1778149-24.2023.1.86.3557,276,Civil,Execução,Encerrado,Dra. Fontes,2025-03-04,2026-09-05,452684.0,10ª Vara Criminal de Recife,Sem observações
72,8215015-64.2021.5.32.1893,424,Trabalhista,Sentença,Ativo,Dra. Cavalcante,2021-03-17,2026-02-17,137198.0,13ª Vara Trabalhista de Recife,Aguardando documentos
73,3168718-77.2025.2.92.8027,320,Trabalhista,Acordo Extrajudicial,Ativo,Dra. Cavalcante,2021-07-22,2026-02-22,79442.0,18ª Vara Trabalhista de Recife,Sem observações
74,8125196-18.2023.1.53.1215,341,Trabalhista,Execução,Encerrado,Dr. Barros,2020-11-01,Sem prazo delimitado,390161.0,18ª Vara Trabalhista de Recife,Aguardando documentos
75,2884639-86.2023.2.31.8737,177,Trabalhista,Inicial,Acordo,Dr. Barros,2023-08-02,2025-01-25,436961.0,7ª Vara Criminal de Recife,Sem observações
76,1013314-48.2023.4.39.2083,1426,Trabalhista,Arquivado,Em recurso,Dra. Cavalcante,2022-08-06,2026-12-31,51876.0,19ª Vara Cível de Recife,Sem observações
77,3710559-31.2020.9.95.2540,1206,Civil,Instrução,Ativo,Dra. Fontes,2020-01-15,2025-11-14,181120.0,11ª Vara Criminal de Recife,Sem observações
78,4493339-70.2021.7.17.8725,369,Civil,Inicial,Ativo,Dra. Fontes,2022-12-11,2026-10-11,Sem valor,6ª Vara Criminal de Recife,Aguardando documentos
79,1093623-59.2025.7.92.5441,1049,Trabalhista,Arquivado,Encerrado,Dr. Barros,2025-10-30,Sem prazo delimitado,304933.0,9ª Vara Trabalhista de Recife,Sem observações
80,3724721-44.2021.9.75.5553,712,Civil,Inicial,Ativo,Dra. Cavalcante,2023-11-29,2025-06-08,265673.0,20ª Vara Criminal de Recife,Sem observações
81,5159219-49.2023.5.25.3676,194,Trabalhista,Sentença,Encerrado,Dr. Melo,2024-09-25,2026-05-01,191635.0,16ª Vara Trabalhista de Recife,Sem observações
82,3376786-12.2020.7.64.5093,202,Trabalhista,Sentença,Encerrado,Dr. Barros,2025-12-14,2025-08-10,280756.0,3ª Vara Criminal de Recife,Aguardando documentos
83,2292432-35.2025.5.83.7063,1311,Trabalhista,Sentença,Suspenso,Dr. Barros,2021-12-10,2026-03-19,440579.0,15ª Vara Criminal de Recife,Sem observações
84,4314934-26.2021.7.14.7244,810,Trabalhista,Inicial,Ativo,Dr. Barros,2025-03-14,2026-08-21,285735.0,11ª Vara Criminal de Recife,Sem observações
85,4687348-31.2023.1.92.6907,953,Trabalhista,Acordo Extrajudicial,Suspenso,Dra. Cavalcante,2024-06-04,2026-07-17,198649.0,1ª Vara Cível de Recife,Aguardando documentos
86,6160516-66.2024.5.17.7150,256,Civil,Audiência,Ativo,Dr. Barros,2025-05-31,2025-12-07,457445.0,12ª Vara Cível de Recife,Sem observações
87,4681694-71.2021.9.28.7350,904,Trabalhista,Execução,Encerrado,Dra. Cavalcante,2025-11-22,2025-02-27,381648.0,9ª Vara Criminal de Recife,Aguardando documentos
88,2554938-48.2024.1.13.4544,371,Civil,Audiência,Ativo,Dra. Fontes,2025-11-03,2026-04-10,79079.0,4ª Vara Cível de Recife,Aguardando documentos
89,1754781-28.2025.6.89.2162,697,Civil,Inicial,Ativo,Dr. Barros,2025-07-13,2026-09-08,319953.0,6ª Vara Cível de Recife,Sem observações
90,1353022-94.2023.9.79.1203,836,Civil,Arquivado,Em recurso,Dr. Melo,2021-11-19,2025-01-14,76356.0,13ª Vara Criminal de Recife,Aguardando documentos
91,1964519-55.2020.7.58.6781,285,Trabalhista,Audiência,Acordo,Dra. Fontes,2022-06-09,2026-10-13,Sem valor,9ª Vara Trabalhista de Recife,Sem observações
92,9060164-41.2020.5.36.2381,1224,Trabalhista,Execução,Ativo,Dra. Fontes,2020-07-22,2026-07-10,164346.0,8ª Vara Trabalhista de Recife,Sem observações
93,7223110-52.2024.2.44.8994,135,Trabalhista,Arquivado,Acordo,Dr. Barros,2023-12-20,2026-11-06,145335.0,18ª Vara Criminal de Recife,Sem observações
94,4893809-11.2021.7.19.9759,1355,Trabalhista,Sentença,Ativo,Dr. Barros,2024-01-09,2025-08-10,276363.0,5ª Vara Cível de Recife,Sem observações
95,9060164-41.2020.5.36.2381,944,Civil,Inicial,Encerrado,Dra. Fontes,2025-11-09,2025-10-25,346020.0,10ª Vara Cível de Recife,Sem observações
96,5472823-70.2022.4.41.7624,882,Civil,Audiência,Ativo,Dr. Melo,2020-07-04,2025-09-11,382870.0,13ª Vara Trabalhista de Recife,Sem observações
97,8286382-50.2025.4.53.4414,17,Trabalhista,Execução,Ativo,Dra. Fontes,2021-12-06,2026-10-09,250073.0,5ª Vara Criminal de Recife,Sem observações
98,1878000-50.2025.7.58.1197,1301,Trabalhista,Recurso,Ativo,Dr. Melo,2026-04-21,2025-03-06,62639.0,5ª Vara Criminal de Recife,Aguardando documentos
99,4065326-72.2025.8.58.5304,10,Civil,Sentença,Acordo,Dr. Melo,2026-04-22,2025-03-08,Sem valor,8ª Vara Cível de Recife,Sem observações
100,5947618-28.2023.6.53.6118,1271,Trabalhista,Instrução,Ativo,Dra. Cavalcante,2021-02-04,2026-04-11,Sem valor,6ª Vara Trabalhista de Recife,Sem observações
101,6836135-90.2022.9.37.5643,306,Trabalhista,Sentença,Ativo,Dr. Barros,2023-09-11,2025-02-22,295459.0,10ª Vara Trabalhista de Recife,Sem observações
102,1735592-50.2022.9.87.5612,1295,Civil,Recurso,Ativo,Dra. Cavalcante,2023-08-20,2026-04-05,168926.0,2ª Vara Trabalhista de Recife,Sem observações
103,3667022-35.2020.9.76.3115,382,Trabalhista,Recurso,Encerrado,Dra. Fontes,2022-10-10,2026-01-30,50544.0,12ª Vara Trabalhista de Recife,Aguardando documentos
104,2545435-52.2025.3.59.7623,342,Civil,Sentença,Ativo,Dra. Cavalcante,2024-10-03,Sem prazo delimitado,Sem valor,6ª Vara Cível de Recife,Sem observações
105,8588997-88.2020.6.29.5987,122,Civil,Instrução,Ativo,Dra. Fontes,2024-02-11,2025-08-29,233498.0,11ª Vara Cível de Recife,Aguardando documentos
106,4563779-48.2023.2.87.9606,1477,Trabalhista,Acordo Extrajudicial,Suspenso,Dr. Barros,2022-07-21,2025-04-13,152008.0,10ª Vara Criminal de Recife,Sem observações
107,3922248-27.2025.1.42.4047,1347,Trabalhista,Inicial,Acordo,Dr. Barros,2021-08-17,2025-09-06,455374.0,8ª Vara Cível de Recife,Sem observações
108,8220628-15.2021.8.54.9077,272,Civil,Acordo Extrajudicial,Encerrado,Dra. Cavalcante,2024-03-30,2026-09-13,178662.0,9ª Vara Cível de Recife,Sem observações
109,7687292-20.2021.4.85.7539,1449,Trabalhista,Recurso,Em recurso,Dr. Melo,2024-11-20,2026-01-17,469833.0,16ª Vara Cível de Recife,Aguardando documentos
110,4494463-44.2022.5.80.7542,220,Civil,Sentença,Ativo,Dr. Barros,2021-04-14,2026-04-24,415129.0,7ª Vara Cível de Recife,Sem observações
111,1833330-93.2025.8.61.3405,876,Trabalhista,Inicial,Suspenso,Dra. Cavalcante,2025-08-24,2026-09-26,Sem valor,11ª Vara Trabalhista de Recife,Sem observações
112,7245951-43.2021.4.11.7623,944,Trabalhista,Inicial,Ativo,Dra. Cavalcante,2024-10-01,2026-06-11,158101.0,12ª Vara Cível de Recife,Sem observações
113,8220628-15.2021.8.54.9077,562,Civil,Sentença,Ativo,Dr. Melo,2020-01-25,2026-10-24,Sem valor,7ª Vara Criminal de Recife,Sem observações
114,2554938-48.2024.1.13.4544,710,Trabalhista,Arquivado,Ativo,Dra. Cavalcante,2025-01-27,2025-02-18,147711.0,14ª Vara Criminal de Recife,Aguardando documentos
115,5210656-44.2021.1.39.2474,1392,Civil,Sentença,Ativo,Dra. Cavalcante,2022-09-10,2026-09-07,132709.0,6ª Vara Cível de Recife,Sem observações
116,2294596-63.2020.6.38.9193,643,Trabalhista,Execução,Encerrado,Dra. Fontes,2024-03-17,Sem prazo delimitado,88719.0,18ª Vara Criminal de Recife,Sem observações
117,1621418-87.2020.9.55.9337,741,Trabalhista,Recurso,Ativo,Dr. Melo,2020-10-11,2026-11-20,Sem valor,14ª Vara Cível de Recife,Sem observações
118,1742202-63.2023.6.68.9372,1158,Trabalhista,Recurso,Encerrado,Dra. Fontes,2024-07-04,2026-04-23,229610.0,1ª Vara Trabalhista de Recife,Sem observações
119,3464073-25.2022.8.73.5075,527,Civil,Inicial,Encerrado,Dra. Fontes,2025-02-13,2025-05-09,19462.0,6ª Vara Cível de Recife,Sem observações
120,3879233-61.2024.5.30.1494,1084,Civil,Instrução,Ativo,Dra. Cavalcante,2022-12-20,2025-08-11,Sem valor,20ª Vara Trabalhista de Recife,Sem observações
121,7599278-46.2021.4.96.3535,798,Civil,Acordo Extrajudicial,Encerrado,Dr. Barros,2024-10-18,2025-08-30,Sem valor,14ª Vara Cível de Recife,Sem observações
122,5991409-16.2021.8.44.1303,821,Trabalhista,Arquivado,Encerrado,Dr. Barros,2024-12-09,2025-01-26,245525.0,10ª Vara Cível de Recife,Sem observações
123,5472823-70.2022.4.41.7624,287,Trabalhista,Arquivado,Em recurso,Dr. Melo,2020-08-10,2026-02-05,112370.0,10ª Vara Criminal de Recife,Sem observações
124,8530609-10.2021.5.41.7151,937,Civil,Sentença,Ativo,Dr. Melo,2021-02-22,2025-10-30,Sem valor,14ª Vara Trabalhista de Recife,Sem observações
125,4721085-96.2020.6.92.9645,513,Civil,Arquivado,Encerrado,Dr. Barros,2025-09-22,2025-01-23,297936.0,9ª Vara Criminal de Recife,Sem observações
126,4584224-94.2025.2.57.2511,1399,Trabalhista,Instrução,Ativo,Dra. Fontes,2023-11-12,2025-05-07,316353.0,2ª Vara Trabalhista de Recife,Sem observações
127,2658962-39.2022.5.95.8856,457,Civil,Execução,Acordo,Dr. Melo,2020-07-23,2026-04-12,289801.0,17ª Vara Cível de Recife,Sem observações
128,4687348-31.2023.1.92.6907,255,Civil,Instrução,Em recurso,Dra. Cavalcante,2025-02-01,2026-02-15,Sem valor,19ª Vara Trabalhista de Recife,Sem observações
129,6105303-92.2021.4.39.3868,1259,Civil,Audiência,Ativo,Dr. Melo,2021-10-22,2025-05-19,Sem valor,14ª Vara Trabalhista de Recife,Sem observações
130,3585301-47.2021.7.73.3469,195,Civil,Instrução,Encerrado,Dr. Barros,2025-10-07,2026-03-12,54656.0,6ª Vara Criminal de Recife,Sem observações
131,5483975-50.2024.8.92.4422,722,Trabalhista,Instrução,Ativo,Dr. Barros,2024-10-09,2026-09-16,484123.0,19ª Vara Cível de Recife,Sem observações
132,3376786-12.2020.7.64.5093,1456,Trabalhista,Inicial,Ativo,Dr. Barros,2021-11-04,2026-10-21,263868.0,4ª Vara Trabalhista de Recife,Sem observações
133,3376786-12.2020.7.64.5093,399,Civil,Instrução,Ativo,Dra. Fontes,2025-09-04,2026-06-24,24205.0,20ª Vara Cível de Recife,Sem observações
134,6368709-92.2024.7.99.9426,1378,Civil,Execução,Suspenso,Dra. Cavalcante,2024-01-03,2025-07-12,478854.0,5ª Vara Trabalhista de Recife,Sem observações
135,6927716-18.2022.9.56.1445,447,Trabalhista,Audiência,Suspenso,Dra. Cavalcante,2021-09-03,2025-06-10,101603.0,9ª Vara Trabalhista de Recife,Sem observações
136,6663627-76.2023.9.26.5770,368,Trabalhista,Recurso,Encerrado,Dr. Barros,2024-07-20,2025-05-05,192699.0,7ª Vara Criminal de Recife,Sem observações
137,7381740-86.2021.2.88.6570,516,Trabalhista,Audiência,Ativo,Dra. Cavalcante,2024-05-14,2025-02-23,278319.0,19ª Vara Trabalhista de Recife,Aguardando documentos
138,7274275-74.2020.1.22.9780,627,Civil,Sentença,Ativo,Dra. Fontes,2023-10-02,2025-02-02,258469.0,3ª Vara Trabalhista de Recife,Sem observações
139,1667591-67.2025.4.69.9424,132,Trabalhista,Acordo Extrajudicial,Encerrado,Dra. Fontes,2022-02-25,2026-09-04,68451.0,1ª Vara Criminal de Recife,Sem observações
140,5074974-98.2023.8.21.9881,272,Trabalhista,Execução,Suspenso,Dr. Barros,2021-01-20,2026-06-22,220899.0,8ª Vara Trabalhista de Recife,Sem observações
141,5451988-41.2020.2.82.4041,30,Civil,Execução,Encerrado,Dra. Cavalcante,2023-03-04,2025-10-31,87492.0,12ª Vara Cível de Recife,Aguardando documentos
142,7486138-99.2020.5.81.4332,631,Trabalhista,Instrução,Ativo,Dra. Cavalcante,2021-04-28,2026-06-12,181351.0,4ª Vara Trabalhista de Recife,Sem observações
143,6254488-31.2024.9.48.3216,395,Trabalhista,Inicial,Encerrado,Dra. Fontes,2023-03-08,2026-10-14,175282.0,13ª Vara Cível de Recife,Aguardando documentos
144,8574876-96.2020.7.97.4673,145,Trabalhista,Audiência,Ativo,Dra. Fontes,2024-04-19,2025-01-10,96975.0,16ª Vara Trabalhista de Recife,Aguardando documentos
145,6694761-39.2022.1.10.2199,887,Civil,Sentença,Ativo,Dr. Barros,2023-11-22,2026-07-05,136097.0,20ª Vara Criminal de Recife,Sem observações
146,8588997-88.2020.6.29.5987,473,Trabalhista,Sentença,Acordo,Dr. Melo,2023-04-19,Sem prazo delimitado,273638.0,14ª Vara Cível de Recife,Sem observações
147,7515318-25.2024.4.34.6280,1382,Trabalhista,Recurso,Ativo,Dr. Melo,2025-04-19,2026-06-24,326018.0,12ª Vara Trabalhista de Recife,Sem observações
148,2575202-50.2023.1.54.9627,511,Trabalhista,Audiência,Suspenso,Dr. Barros,2023-08-11,Sem prazo delimitado,183271.0,6ª Vara Criminal de Recife,Aguardando documentos
149,2824928-33.2020.1.90.6467,1273,Civil,Acordo Extrajudicial,Ativo,Dr. Melo,2020-02-03,2026-03-14,114853.0,13ª Vara Trabalhista de Recife,Sem observações
150,1735592-50.2022.9.87.5612,938,Civil,Inicial,Encerrado,Dra. Fontes,2020-03-06,2026-08-26,271683.0,10ª Vara Criminal de Recife,Aguardando documentos
151,8590346-68.2020.7.63.7780,1322,Trabalhista,Arquivado,Encerrado,Dr. Barros,2024-10-26,2026-06-07,Sem valor,14ª Vara Criminal de Recife,Sem observações
152,4314934-26.2021.7.14.7244,535,Civil,Inicial,Ativo,Dra. Cavalcante,2022-05-30,2025-09-24,439775.0,14ª Vara Criminal de Recife,Sem observações
153,3679963-72.2020.9.29.7859,1337,Civil,Inicial,Ativo,Dr. Barros,2021-01-27,2026-10-11,384167.0,10ª Vara Criminal de Recife,Sem observações
154,2753004-76.2021.8.83.9874,1251,Civil,Inicial,Ativo,Dra. Cavalcante,2023-02-13,2025-01-18,454247.0,11ª Vara Trabalhista de Recife,Sem observações
155,7862554-22.2024.7.83.6459,1459,Trabalhista,Instrução,Acordo,Dr. Barros,2025-04-15,2026-04-07,70206.0,5ª Vara Trabalhista de Recife,Sem observações
156,9425559-65.2022.6.99.1309,493,Trabalhista,Arquivado,Ativo,Dra. Fontes,2021-07-12,2025-05-11,135740.0,14ª Vara Criminal de Recife,Sem observações
157,7813974-60.2021.1.81.1542,1375,Trabalhista,Audiência,Encerrado,Dra. Cavalcante,2022-06-23,Sem prazo delimitado,408586.0,18ª Vara Criminal de Recife,Sem observações
158,7486138-99.2020.5.81.4332,683,Civil,Inicial,Encerrado,Dra. Fontes,2023-04-19,2026-05-31,Sem valor,12ª Vara Criminal de Recife,Sem observações
159,3785792-10.2020.5.78.7940,973,Trabalhista,Audiência,Ativo,Dr. Barros,2024-08-26,2025-07-18,361517.0,13ª Vara Criminal de Recife,Sem observações
160,2658962-39.2022.5.95.8856,774,Trabalhista,Instrução,Ativo,Dra. Cavalcante,2021-09-08,2026-01-15,51544.0,8ª Vara Cível de Recife,Sem observações
161,9302979-43.2025.9.68.7487,574,Trabalhista,Arquivado,Ativo,Dra. Fontes,2021-09-12,2025-05-20,287162.0,17ª Vara Criminal de Recife,Sem observações
162,9992831-61.2022.4.35.1469,1001,Civil,Audiência,Encerrado,Dra. Fontes,2023-01-21,2026-10-28,378745.0,19ª Vara Trabalhista de Recife,Sem observações
163,3542616-60.2022.3.87.6536,914,Civil,Recurso,Ativo,Dr. Melo,2025-05-04,2026-03-06,144008.0,14ª Vara Trabalhista de Recife,Sem observações
164,3464073-25.2022.8.73.5075,632,Civil,Execução,Ativo,Dra. Fontes,2020-12-27,Sem prazo delimitado,113893.0,20ª Vara Criminal de Recife,Sem observações
165,1778149-24.2023.1.86.3557,1318,Civil,Inicial,Ativo,Dr. Melo,2024-02-08,2026-01-01,143093.0,17ª Vara Trabalhista de Recife,Aguardando documentos
166,5788467-41.2023.8.93.8134,866,Trabalhista,Sentença,Ativo,Dra. Cavalcante,2022-03-31,2025-05-14,21720.0,9ª Vara Trabalhista de Recife,Sem observações
167,3260101-88.2022.8.37.9169,162,Civil,Execução,Encerrado,Dra. Fontes,2024-01-21,2025-03-21,Sem valor,3ª Vara Cível de Recife,Sem observações
168,7243958-65.2020.5.25.5047,1399,Civil,Acordo Extrajudicial,Ativo,Dra. Fontes,2023-02-07,2025-03-20,251616.0,17ª Vara Trabalhista de Recife,Aguardando documentos
169,3679963-72.2020.9.29.7859,575,Trabalhista,Arquivado,Ativo,Dr. Barros,2024-04-19,2025-05-31,Sem valor,20ª Vara Criminal de Recife,Sem observações
170,8368372-34.2020.6.43.9691,1079,Civil,Recurso,Encerrado,Dr. Barros,2022-06-08,Sem prazo delimitado,Sem valor,1ª Vara Trabalhista de Recife,Sem observações
171,7320713-89.2022.3.68.7881,1394,Civil,Sentença,Ativo,Dr. Barros,2021-09-29,Sem prazo delimitado,40249.0,13ª Vara Cível de Recife,Sem observações
172,4229107-99.2020.7.61.3978,630,Trabalhista,Instrução,Ativo,Dra. Fontes,2022-03-11,2026-05-28,458374.0,1ª Vara Cível de Recife,Sem observações
173,3542799-64.2025.6.13.7299,538,Civil,Sentença,Acordo,Dr. Melo,2022-07-14,2026-08-05,Sem valor,10ª Vara Trabalhista de Recife,Sem observações
174,9302979-43.2025.9.68.7487,196,Civil,Audiência,Em recurso,Dra. Fontes,2020-11-08,2025-12-07,107548.0,11ª Vara Criminal de Recife,Sem observações
175,1272937-41.2023.5.75.9958,716,Civil,Sentença,Em recurso,Dra. Cavalcante,2021-02-05,2026-09-09,331431.0,3ª Vara Cível de Recife,Sem observações
176,8323566-47.2021.3.26.4644,677,Civil,Arquivado,Ativo,Dra. Cavalcante,2025-02-03,2026-09-28,112759.0,10ª Vara Criminal de Recife,Sem observações
177,3260101-88.2022.8.37.9169,188,Trabalhista,Recurso,Ativo,Dr. Melo,2025-12-22,Sem prazo delimitado,104131.0,10ª Vara Cível de Recife,Sem observações
178,1615190-23.2022.2.42.6238,1246,Civil,Recurso,Ativo,Dra. Fontes,2020-01-08,2025-04-15,86127.0,3ª Vara Cível de Recife,Sem observações
179,7223110-52.2024.2.44.8994,823,Trabalhista,Instrução,Encerrado,Dra. Fontes,2023-09-23,2025-12-31,37910.0,7ª Vara Cível de Recife,Sem observações
180,5451988-41.2020.2.82.4041,608,Trabalhista,Instrução,Ativo,Dra. Fontes,2021-12-02,2026-09-24,352940.0,15ª Vara Trabalhista de Recife,Aguardando documentos
181,5753123-52.2021.4.48.4042,886,Trabalhista,Audiência,Ativo,Dr. Melo,2023-05-28,2026-07-26,218180.0,5ª Vara Cível de Recife,Sem observações
182,5451988-41.2020.2.82.4041,1402,Civil,Inicial,Encerrado,Dra. Cavalcante,2024-09-13,2026-12-13,204510.0,2ª Vara Criminal de Recife,Aguardando documentos
183,9774395-92.2023.2.75.3192,1304,Trabalhista,Sentença,Suspenso,Dr. Melo,2021-05-20,2025-05-25,489995.0,12ª Vara Criminal de Recife,Sem observações
184,1024421-54.2022.9.20.2563,1332,Civil,Sentença,Encerrado,Dr. Barros,2020-04-05,2026-09-10,424236.0,1ª Vara Trabalhista de Recife,Sem observações
185,4893809-11.2021.7.19.9759,285,Trabalhista,Sentença,Ativo,Dr. Barros,2026-07-03,2025-02-20,Sem valor,18ª Vara Trabalhista de Recife,Sem observações
186,7951127-89.2024.1.63.3502,264,Trabalhista,Instrução,Acordo,Dra. Fontes,2021-08-15,2025-01-04,477366.0,17ª Vara Criminal de Recife,Sem observações
187,4601686-30.2021.5.52.7745,302,Civil,Inicial,Encerrado,Dr. Barros,2023-03-25,2025-06-27,193016.0,9ª Vara Trabalhista de Recife,Sem observações
188,7724543-49.2023.9.44.7412,1419,Civil,Execução,Ativo,Dr. Melo,2020-07-12,2026-08-22,365610.0,13ª Vara Trabalhista de Recife,Aguardando documentos
189,5991409-16.2021.8.44.1303,884,Trabalhista,Acordo Extrajudicial,Suspenso,Dra. Fontes,2024-09-04,2026-12-15,Sem valor,5ª Vara Criminal de Recife,Sem observações
190,2236315-26.2022.5.82.8939,201,Civil,Inicial,Em recurso,Dr. Barros,2023-02-18,2026-08-27,239470.0,7ª Vara Criminal de Recife,Sem observações
191,5625093-80.2022.9.16.6618,675,Trabalhista,Audiência,Encerrado,Dr. Melo,2022-04-10,2026-07-08,313869.0,15ª Vara Criminal de Recife,Aguardando documentos
192,2490107-19.2023.9.10.7930,741,Civil,Sentença,Ativo,Dra. Fontes,2026-04-16,2026-03-01,219349.0,8ª Vara Cível de Recife,Aguardando documentos
193,5472823-70.2022.4.41.7624,807,Civil,Arquivado,Encerrado,Dr. Melo,2025-05-12,2026-02-28,83249.0,18ª Vara Criminal de Recife,Sem observações
194,7979033-26.2021.6.18.1084,1077,Trabalhista,Instrução,Suspenso,Dr. Melo,2025-11-28,2025-09-09,272362.0,18ª Vara Criminal de Recife,Sem observações
195,1557680-16.2021.4.16.4031,866,Trabalhista,Inicial,Encerrado,Dra. Fontes,2024-06-23,2026-07-19,152181.0,11ª Vara Cível de Recife,Sem observações
196,6053412-12.2021.6.72.8346,732,Civil,Audiência,Em recurso,Dra. Fontes,2023-12-11,2026-12-28,Sem valor,18ª Vara Criminal de Recife,Sem observações
197,3588109-63.2023.1.26.4223,179,Trabalhista,Arquivado,Encerrado,Dr. Melo,2021-10-02,2025-11-27,Sem valor,9ª Vara Trabalhista de Recife,Sem observações
198,7224257-29.2020.8.88.9110,1256,Civil,Instrução,Ativo,Dra. Cavalcante,2024-07-01,2026-03-23,Sem valor,1ª Vara Cível de Recife,Sem observações
199,7539718-58.2020.2.52.9800,719,Civil,Arquivado,Suspenso,Dra. Cavalcante,2022-02-24,2025-03-29,340178.0,5ª Vara Cível de Recife,Sem observações
200,2191287-57.2021.1.18.8228,1109,Civil,Acordo Extrajudicial,Em recurso,Dr. Barros,2024-11-04,2025-02-19,368938.0,1ª Vara Cível de Recife,Sem observações
201,7515318-25.2024.4.34.6280,1134,Civil,Recurso,Ativo,Dra. Cavalcante,2024-01-12,2026-01-19,59697.0,9ª Vara Trabalhista de Recife,Sem observações
202,8368372-34.2020.6.43.9691,707,Civil,Arquivado,Ativo,Dr. Barros,2020-06-16,2026-03-24,Sem valor,16ª Vara Cível de Recife,Sem observações
203,7323234-16.2020.9.59.5035,682,Trabalhista,Instrução,Em recurso,Dr. Melo,2021-03-14,2025-06-06,333486.0,2ª Vara Cível de Recife,Sem observações
204,8286828-70.2022.9.31.8012,658,Civil,Inicial,Em recurso,Dra. Fontes,2025-07-29,2025-11-24,Sem valor,7ª Vara Criminal de Recife,Sem observações
205,2292432-35.2025.5.83.7063,979,Civil,Inicial,Acordo,Dr. Barros,2024-12-31,2025-01-23,48089.0,15ª Vara Trabalhista de Recife,Sem observações
206,5660649-86.2020.5.86.9291,141,Civil,Execução,Suspenso,Dr. Melo,2021-01-28,2026-11-09,230152.0,17ª Vara Criminal de Recife,Sem observações
207,3766710-17.2025.4.91.1472,1060,Trabalhista,Execução,Ativo,Dra. Fontes,2024-07-12,2025-12-25,Sem valor,12ª Vara Trabalhista de Recife,Sem observações
208,7544569-30.2022.4.91.9370,1255,Trabalhista,Execução,Acordo,Dra. Fontes,2022-06-30,2026-03-19,Sem valor,5ª Vara Criminal de Recife,Sem observações
209,6034606-21.2023.6.18.6684,545,Trabalhista,Recurso,Ativo,Dr. Barros,2023-07-05,2025-12-21,248171.0,4ª Vara Cível de Recife,Sem observações
210,9071705-28.2021.9.78.4746,517,Trabalhista,Execução,Ativo,Dra. Fontes,2022-12-12,2025-03-15,95674.0,15ª Vara Criminal de Recife,Sem observações
211,1411065-96.2022.9.64.8271,522,Trabalhista,Execução,Encerrado,Dra. Cavalcante,2025-06-21,2026-07-02,117195.0,8ª Vara Cível de Recife,Sem observações
212,5483975-50.2024.8.92.4422,764,Civil,Audiência,Ativo,Dr. Melo,2025-06-13,2025-11-05,Sem valor,2ª Vara Cível de Recife,Sem observações
213,1614850-25.2020.8.85.3161,538,Trabalhista,Sentença,Encerrado,Dr. Barros,2022-03-09,2026-02-11,162592.0,13ª Vara Criminal de Recife,Sem observações
214,7398699-88.2025.6.55.3587,1468,Civil,Acordo Extrajudicial,Encerrado,Dra. Fontes,2022-10-02,2025-08-05,183281.0,10ª Vara Trabalhista de Recife,Aguardando documentos
215,7381740-86.2021.2.88.6570,825,Civil,Inicial,Ativo,Dra. Fontes,2022-02-21,2026-02-02,187417.0,4ª Vara Trabalhista de Recife,Aguardando documentos
216,4415624-13.2024.9.14.9480,785,Civil,Inicial,Ativo,Dr. Melo,2025-06-25,2026-12-19,168892.0,5ª Vara Cível de Recife,Aguardando documentos
217,5401874-62.2025.2.46.8337,1185,Trabalhista,Acordo Extrajudicial,Ativo,Dr. Barros,2024-07-03,2025-12-28,197945.0,2ª Vara Trabalhista de Recife,Sem observações
218,1237577-83.2022.8.91.4649,263,Civil,Execução,Suspenso,Dra. Fontes,2020-12-15,2025-08-25,399936.0,9ª Vara Cível de Recife,Sem observações
219,9992831-61.2022.4.35.1469,959,Trabalhista,Execução,Acordo,Dra. Fontes,2022-07-17,2026-11-20,Sem valor,3ª Vara Criminal de Recife,Sem observações
220,7687292-20.2021.4.85.7539,46,Trabalhista,Inicial,Em recurso,Dr. Melo,2025-02-11,2025-08-22,447226.0,1ª Vara Criminal de Recife,Sem observações
221,8539686-69.2023.4.36.2235,372,Trabalhista,Execução,Ativo,Dra. Fontes,2020-06-10,2026-06-03,59361.0,7ª Vara Cível de Recife,Sem observações
222,6836135-90.2022.9.37.5643,1284,Civil,Arquivado,Suspenso,Dr. Barros,2020-04-12,2026-08-23,302590.0,20ª Vara Trabalhista de Recife,Sem observações
223,3785792-10.2020.5.78.7940,653,Civil,Arquivado,Ativo,Dr. Melo,2024-04-03,2025-05-07,171212.0,17ª Vara Cível de Recife,Sem observações
224,8717678-27.2025.5.11.4526,1409,Civil,Arquivado,Ativo,Dra. Fontes,2025-01-17,2025-01-19,113043.0,15ª Vara Criminal de Recife,Sem observações
225,1974389-81.2024.5.57.9354,617,Civil,Acordo Extrajudicial,Encerrado,Dr. Melo,2020-11-24,2026-11-18,141857.0,8ª Vara Trabalhista de Recife,Sem observações
226,4085001-92.2022.6.76.8938,200,Trabalhista,Sentença,Encerrado,Dra. Fontes,2026-01-27,2026-03-02,Sem valor,15ª Vara Trabalhista de Recife,Sem observações
227,7222167-30.2022.8.44.7452,1174,Trabalhista,Arquivado,Ativo,Dra. Fontes,2021-03-20,2025-08-31,393215.0,14ª Vara Criminal de Recife,Sem observações
228,1615190-23.2022.2.42.6238,135,Trabalhista,Acordo Extrajudicial,Ativo,Dra. Cavalcante,2021-08-26,Sem prazo delimitado,448314.0,4ª Vara Criminal de Recife,Sem observações
229,7141324-67.2025.3.86.3413,456,Trabalhista,Arquivado,Ativo,Dr. Barros,2023-05-03,2026-02-15,249983.0,2ª Vara Trabalhista de Recife,Aguardando documentos
230,6476769-27.2021.5.22.2570,473,Trabalhista,Inicial,Ativo,Dr. Melo,2026-05-01,2026-05-14,73518.0,2ª Vara Cível de Recife,Sem observações
231,8572382-61.2025.1.41.7172,766,Trabalhista,Sentença,Encerrado,Dr. Barros,2024-05-21,2025-01-12,179123.0,20ª Vara Cível de Recife,Aguardando documentos
232,2292432-35.2025.5.83.7063,1493,Civil,Arquivado,Suspenso,Dr. Barros,2020-01-15,2025-04-26,Sem valor,9ª Vara Criminal de Recife,Sem observações
233,2461262-96.2021.6.48.1315,1236,Trabalhista,Recurso,Ativo,Dra. Cavalcante,2025-08-24,2025-07-16,469199.0,16ª Vara Trabalhista de Recife,Sem observações
234,4131852-60.2020.1.89.9739,773,Trabalhista,Instrução,Em recurso,Dra. Cavalcante,2020-04-16,2025-03-25,406162.0,7ª Vara Cível de Recife,Sem observações
235,3505690-87.2020.8.52.6260,753,Civil,Recurso,Encerrado,Dr. Melo,2023-10-20,2026-09-10,Sem valor,7ª Vara Cível de Recife,Sem observações
236,6416661-36.2021.8.21.8496,1025,Civil,Instrução,Ativo,Dr. Melo,2021-06-14,2026-12-17,137838.0,7ª Vara Cível de Recife,Sem observações
237,3306375-34.2024.9.48.9154,1145,Civil,Arquivado,Acordo,Dra. Fontes,2025-02-16,2026-11-15,208305.0,11ª Vara Criminal de Recife,Sem observações
238,8215015-64.2021.5.32.1893,1203,Trabalhista,Instrução,Ativo,Dra. Fontes,2025-04-19,2025-02-15,Sem valor,11ª Vara Trabalhista de Recife,Sem observações
239,4092125-65.2025.3.26.9073,239,Civil,Inicial,Ativo,Dr. Melo,2023-05-28,2026-03-26,Sem valor,11ª Vara Trabalhista de Recife,Sem observações
240,9062552-47.2024.4.22.8265,106,Civil,Execução,Ativo,Dra. Cavalcante,2025-09-05,2025-01-05,Sem valor,15ª Vara Trabalhista de Recife,Sem observações
241,6370110-64.2022.3.52.8440,720,Civil,Sentença,Ativo,Dra. Fontes,2025-09-27,2026-12-04,115146.0,9ª Vara Criminal de Recife,Sem observações
242,3785792-10.2020.5.78.7940,417,Civil,Arquivado,Ativo,Dr. Melo,2025-12-04,2026-03-03,384356.0,3ª Vara Cível de Recife,Sem observações
243,7749444-78.2021.1.20.8763,840,Civil,Acordo Extrajudicial,Encerrado,Dra. Fontes,2025-11-02,2026-01-19,Sem valor,13ª Vara Cível de Recife,Sem observações
244,8714773-70.2022.9.65.8541,1207,Trabalhista,Instrução,Suspenso,Dra. Fontes,2020-12-15,Sem prazo delimitado,192480.0,6ª Vara Cível de Recife,Aguardando documentos
245,1778149-24.2023.1.86.3557,834,Civil,Sentença,Suspenso,Dra. Fontes,2022-07-08,2025-05-09,328371.0,9ª Vara Trabalhista de Recife,Sem observações
246,1411065-96.2022.9.64.8271,1451,Trabalhista,Recurso,Ativo,Dr. Melo,2020-10-01,2025-12-19,Sem valor,5ª Vara Criminal de Recife,Sem observações
247,3922248-27.2025.1.42.4047,280,Trabalhista,Inicial,Ativo,Dra. Fontes,2020-05-15,2025-09-29,181334.0,11ª Vara Cível de Recife,Sem observações
248,2186433-37.2022.2.12.4344,1186,Civil,Audiência,Ativo,Dr. Barros,2023-04-12,2025-05-27,403528.0,12ª Vara Trabalhista de Recife,Sem observações
249,9573194-21.2022.1.35.8352,983,Civil,Arquivado,Ativo,Dra. Fontes,2020-04-22,2025-02-13,93491.0,16ª Vara Cível de Recife,Sem observações
250,8588997-88.2020.6.29.5987,1469,Civil,Arquivado,Ativo,Dr. Barros,2022-05-05,2026-08-14,Sem valor,17ª Vara Trabalhista de Recife,Sem observações
251,2267110-24.2021.5.78.6025,157,Trabalhista,Audiência,Acordo,Dr. Melo,2024-01-08,2025-04-26,167376.0,14ª Vara Cível de Recife,Sem observações
252,4417916-40.2022.7.26.4278,375,Trabalhista,Inicial,Ativo,Dr. Melo,2023-08-20,Sem prazo delimitado,168692.0,5ª Vara Cível de Recife,Sem observações
253,1557680-16.2021.4.16.4031,327,Civil,Audiência,Ativo,Dra. Fontes,2023-03-05,2025-06-10,266247.0,2ª Vara Trabalhista de Recife,Sem observações
254,7687351-51.2022.6.73.6768,270,Civil,Instrução,Ativo,Dr. Melo,2023-12-27,2026-11-29,437661.0,2ª Vara Trabalhista de Recife,Sem observações
255,8415891-60.2021.6.92.5554,700,Trabalhista,Recurso,Acordo,Dra. Fontes,2020-02-24,2026-01-17,366126.0,18ª Vara Criminal de Recife,Aguardando documentos
256,2461262-96.2021.6.48.1315,873,Civil,Audiência,Ativo,Dr. Melo,2024-12-29,2025-07-06,145452.0,20ª Vara Criminal de Recife,Sem observações
257,1101935-78.2023.5.88.5299,196,Civil,Arquivado,Ativo,Dra. Cavalcante,2025-07-26,2026-10-05,43594.0,4ª Vara Criminal de Recife,Sem observações
258,9804642-71.2024.4.76.5486,1483,Trabalhista,Recurso,Ativo,Dra. Fontes,2021-09-03,2026-06-04,344447.0,19ª Vara Trabalhista de Recife,Sem observações
259,8892606-62.2022.2.87.2168,1216,Civil,Audiência,Encerrado,Dra. Cavalcante,2021-05-26,Sem prazo delimitado,Sem valor,10ª Vara Criminal de Recife,Sem observações
260,3724721-44.2021.9.75.5553,956,Trabalhista,Instrução,Ativo,Dr. Melo,2023-06-22,2025-11-03,Sem valor,12ª Vara Criminal de Recife,Sem observações
261,5422047-80.2024.8.62.4364,1118,Trabalhista,Sentença,Ativo,Dra. Cavalcante,2023-05-15,2026-04-27,Sem valor,6ª Vara Trabalhista de Recife,Sem observações
262,3542616-60.2022.3.87.6536,1302,Trabalhista,Execução,Acordo,Dra. Cavalcante,2025-09-03,2025-06-18,Sem valor,8ª Vara Criminal de Recife,Sem observações
263,3395583-64.2024.4.41.2181,1327,Trabalhista,Recurso,Ativo,Dr. Melo,2023-11-01,2026-10-25,Sem valor,1ª Vara Criminal de Recife,Sem observações
264,8936104-83.2022.1.39.7934,588,Civil,Arquivado,Ativo,Dra. Cavalcante,2023-12-22,2026-05-05,Sem valor,5ª Vara Trabalhista de Recife,Sem observações
265,3710559-31.2020.9.95.2540,315,Trabalhista,Recurso,Ativo,Dr. Barros,2020-05-08,2025-03-28,335054.0,5ª Vara Trabalhista de Recife,Sem observações
266,4180949-86.2020.3.26.7593,1456,Trabalhista,Sentença,Encerrado,Dr. Barros,2024-10-06,2025-09-03,459182.0,3ª Vara Criminal de Recife,Sem observações
267,4064382-39.2022.4.13.8937,1251,Trabalhista,Execução,Ativo,Dra. Cavalcante,2025-01-10,2025-06-17,442289.0,14ª Vara Criminal de Recife,Sem observações
268,5638123-23.2024.7.30.5009,169,Trabalhista,Sentença,Ativo,Dr. Melo,2021-11-11,2025-06-17,216122.0,2ª Vara Criminal de Recife,Sem observações
269,7789809-22.2020.1.73.9031,1240,Civil,Inicial,Ativo,Dr. Melo,2024-05-11,2026-04-10,168454.0,15ª Vara Criminal de Recife,Sem observações
270,6686912-30.2025.4.68.7078,1446,Civil,Inicial,Ativo,Dr. Melo,2023-03-09,2025-12-09,263321.0,15ª Vara Trabalhista de Recife,Sem observações
271,7224257-29.2020.8.88.9110,1170,Civil,Execução,Ativo,Dra. Fontes,2022-04-08,2026-02-14,116155.0,6ª Vara Criminal de Recife,Sem observações
272,6414076-16.2021.7.78.8273,1422,Civil,Recurso,Ativo,Dra. Fontes,2022-10-13,2026-08-06,Sem valor,9ª Vara Trabalhista de Recife,Sem observações
273,7323234-16.2020.9.59.5035,1392,Civil,Recurso,Em recurso,Dr. Barros,2024-09-29,2025-03-07,254379.0,7ª Vara Criminal de Recife,Sem observações
274,1757615-27.2025.7.10.3762,323,Trabalhista,Audiência,Ativo,Dra. Fontes,2020-02-07,2025-03-16,74242.0,1ª Vara Trabalhista de Recife,Aguardando documentos
275,2236315-26.2022.5.82.8939,749,Civil,Inicial,Ativo,Dra. Fontes,2022-12-28,2026-12-17,344544.0,13ª Vara Trabalhista de Recife,Sem observações
276,1272937-41.2023.5.75.9958,1216,Civil,Instrução,Suspenso,Dra. Cavalcante,2021-06-23,2026-07-06,409066.0,12ª Vara Cível de Recife,Sem observações
277,6982910-41.2023.8.91.8758,458,Civil,Instrução,Acordo,Dr. Melo,2025-04-10,2026-12-10,169657.0,14ª Vara Cível de Recife,Sem observações
278,7553290-31.2023.9.36.9282,1294,Civil,Recurso,Suspenso,Dr. Barros,2020-12-03,2026-03-17,75321.0,14ª Vara Cível de Recife,Sem observações
279,7749444-78.2021.1.20.8763,19,Trabalhista,Instrução,Ativo,Dr. Barros,2023-04-07,Sem prazo delimitado,Sem valor,14ª Vara Criminal de Recife,Sem observações
280,5210656-44.2021.1.39.2474,159,Trabalhista,Arquivado,Acordo,Dra. Fontes,2020-08-04,2026-02-06,315829.0,10ª Vara Trabalhista de Recife,Aguardando documentos
281,7848147-32.2021.6.58.3528,103,Civil,Acordo Extrajudicial,Em recurso,Dr. Barros,2025-04-10,2026-07-25,Sem valor,13ª Vara Cível de Recife,Sem observações
282,2824928-33.2020.1.90.6467,234,Civil,Audiência,Ativo,Dra. Fontes,2020-12-28,2026-03-12,28984.0,19ª Vara Trabalhista de Recife,Sem observações
283,7724543-49.2023.9.44.7412,1141,Trabalhista,Sentença,Suspenso,Dra. Fontes,2025-11-16,Sem prazo delimitado,379622.0,18ª Vara Cível de Recife,Aguardando documentos
284,1248003-72.2024.2.80.8472,595,Trabalhista,Acordo Extrajudicial,Ativo,Dra. Fontes,2022-05-13,2025-10-17,122060.0,2ª Vara Trabalhista de Recife,Sem observações
285,2110878-87.2023.8.83.8978,1066,Civil,Audiência,Ativo,Dr. Melo,2023-09-03,2025-07-29,Sem valor,19ª Vara Cível de Recife,Sem observações
286,9953454-93.2020.2.52.5723,1079,Trabalhista,Instrução,Ativo,Dra. Cavalcante,2026-04-17,2026-05-19,164552.0,20ª Vara Trabalhista de Recife,Sem observações
287,1411065-96.2022.9.64.8271,425,Trabalhista,Inicial,Acordo,Dra. Cavalcante,2024-12-02,2025-05-31,282482.0,11ª Vara Cível de Recife,Sem observações
288,6779292-61.2021.4.86.2783,962,Trabalhista,Inicial,Encerrado,Dra. Fontes,2022-03-30,2026-05-23,Sem valor,12ª Vara Trabalhista de Recife,Sem observações
289,7320713-89.2022.3.68.7881,1379,Civil,Sentença,Suspenso,Dra. Cavalcante,2022-11-12,2025-05-22,157081.0,11ª Vara Trabalhista de Recife,Sem observações
290,1778149-24.2023.1.86.3557,1039,Trabalhista,Acordo Extrajudicial,Ativo,Dra. Fontes,2024-02-07,2025-08-31,56063.0,7ª Vara Trabalhista de Recife,Sem observações
291,9774395-92.2023.2.75.3192,451,Civil,Instrução,Ativo,Dr. Melo,2023-07-04,2025-11-06,262802.0,15ª Vara Criminal de Recife,Sem observações
292,9071705-28.2021.9.78.4746,846,Civil,Arquivado,Ativo,Dr. Barros,2021-09-17,2026-05-24,Sem valor,5ª Vara Trabalhista de Recife,Sem observações
293,4433355-55.2023.8.48.9346,671,Civil,Sentença,Encerrado,Dr. Melo,2021-06-05,2025-05-13,Sem valor,15ª Vara Cível de Recife,Sem observações
294,8209168-30.2020.1.41.7632,162,Civil,Execução,Ativo,Dr. Melo,2021-02-22,2026-07-10,270730.0,3ª Vara Trabalhista de Recife,Sem observações
295,7820540-78.2023.1.75.4823,89,Trabalhista,Sentença,Encerrado,Dra. Fontes,2025-06-21,2025-10-28,Sem valor,14ª Vara Cível de Recife,Sem observações
296,5159219-49.2023.5.25.3676,971,Civil,Execução,Encerrado,Dra. Cavalcante,2023-05-25,2025-01-16,368897.0,18ª Vara Criminal de Recife,Sem observações
297,9822459-92.2024.8.17.6403,392,Trabalhista,Recurso,Encerrado,Dra. Fontes,2025-07-03,Sem prazo delimitado,123679.0,5ª Vara Trabalhista de Recife,Aguardando documentos
298,9953454-93.2020.2.52.5723,1293,Civil,Recurso,Encerrado,Dra. Cavalcante,2024-01-08,Sem prazo delimitado,143251.0,4ª Vara Criminal de Recife,Sem observações
299,3242098-97.2025.4.44.9916,257,Trabalhista,Execução,Ativo,Dr. Barros,2025-06-14,2026-07-20,28732.0,3ª Vara Cível de Recife,Sem observações
300,8572382-61.2025.1.41.7172,1057,Civil,Execução,Encerrado,Dra. Cavalcante,2020-02-09,2025-12-17,126349.0,19ª Vara Criminal de Recife,Sem observações
301,3750497-13.2024.6.65.9009,639,Civil,Arquivado,Ativo,Dra. Cavalcante,2020-06-01,2025-09-10,478293.0,17ª Vara Trabalhista de Recife,Sem observações
302,2869625-86.2025.7.14.5837,142,Trabalhista,Execução,Ativo,Dra. Cavalcante,2023-12-19,2026-04-02,Sem valor,16ª Vara Criminal de Recife,Sem observações
303,3879233-61.2024.5.30.1494,932,Civil,Recurso,Acordo,Dra. Fontes,2025-01-16,2026-09-26,324007.0,20ª Vara Trabalhista de Recife,Sem observações
304,7236875-79.2024.7.97.5566,1291,Civil,Inicial,Encerrado,Dra. Cavalcante,2024-04-27,Sem prazo delimitado,241412.0,3ª Vara Criminal de Recife,Aguardando documentos
305,8368372-34.2020.6.43.9691,94,Trabalhista,Recurso,Ativo,Dr. Barros,2020-12-24,2025-07-02,342645.0,14ª Vara Cível de Recife,Sem observações
306,3675188-38.2025.9.53.3305,463,Civil,Execução,Encerrado,Dr. Barros,2020-03-28,Sem prazo delimitado,248206.0,19ª Vara Criminal de Recife,Sem observações
307,4938178-62.2020.7.27.6072,1042,Civil,Acordo Extrajudicial,Acordo,Dra. Cavalcante,2020-02-19,2025-09-10,Sem valor,1ª Vara Cível de Recife,Sem observações
308,4229107-99.2020.7.61.3978,455,Civil,Recurso,Encerrado,Dr. Melo,2022-04-07,2025-02-07,63011.0,4ª Vara Criminal de Recife,Aguardando documentos
309,3785792-10.2020.5.78.7940,867,Civil,Inicial,Ativo,Dr. Melo,2021-11-28,2025-02-10,Sem valor,9ª Vara Cível de Recife,Sem observações
310,1099617-37.2023.9.61.1793,1364,Trabalhista,Audiência,Acordo,Dr. Barros,2024-12-03,2025-08-23,18900.0,12ª Vara Cível de Recife,Sem observações
311,4493339-70.2021.7.17.8725,114,Civil,Arquivado,Acordo,Dr. Barros,2024-07-13,2025-08-08,Sem valor,4ª Vara Trabalhista de Recife,Sem observações
312,8936104-83.2022.1.39.7934,622,Trabalhista,Execução,Ativo,Dr. Barros,2025-09-05,2025-05-06,436322.0,11ª Vara Criminal de Recife,Sem observações
313,8588997-88.2020.6.29.5987,315,Trabalhista,Acordo Extrajudicial,Encerrado,Dr. Barros,2021-01-13,2025-03-22,Sem valor,15ª Vara Cível de Recife,Sem observações
314,3879233-61.2024.5.30.1494,749,Civil,Acordo Extrajudicial,Ativo,Dra. Cavalcante,2022-07-26,2026-04-19,68666.0,1ª Vara Trabalhista de Recife,Aguardando documentos
315,4460247-99.2024.9.97.4840,1142,Civil,Arquivado,Em recurso,Dr. Melo,2023-05-23,2026-08-30,343631.0,16ª Vara Cível de Recife,Sem observações
316,6053412-12.2021.6.72.8346,1228,Civil,Acordo Extrajudicial,Ativo,Dr. Barros,2021-09-02,2026-02-09,194853.0,20ª Vara Criminal de Recife,Sem observações
317,4563779-48.2023.2.87.9606,49,Trabalhista,Inicial,Suspenso,Dr. Melo,2020-07-15,2025-04-24,Sem valor,19ª Vara Trabalhista de Recife,Sem observações
318,1628717-84.2025.8.67.8313,529,Trabalhista,Sentença,Acordo,Dra. Cavalcante,2020-12-25,2025-02-01,273432.0,13ª Vara Criminal de Recife,Sem observações
319,7813974-60.2021.1.81.1542,1394,Trabalhista,Recurso,Encerrado,Dr. Barros,2022-06-12,Sem prazo delimitado,Sem valor,8ª Vara Criminal de Recife,Sem observações
320,4202942-75.2025.6.91.7611,650,Civil,Sentença,Ativo,Dr. Barros,2020-10-21,2026-06-28,16005.0,10ª Vara Cível de Recife,Sem observações
321,4061044-97.2023.7.99.3676,130,Civil,Recurso,Ativo,Dr. Barros,2024-08-20,2025-04-30,104234.0,14ª Vara Trabalhista de Recife,Sem observações
322,8097721-13.2023.1.47.8354,31,Trabalhista,Instrução,Ativo,Dra. Fontes,2022-07-23,2025-12-18,Sem valor,4ª Vara Cível de Recife,Sem observações
323,9168044-67.2022.1.26.3054,493,Civil,Audiência,Ativo,Dr. Melo,2021-08-11,2025-11-17,139879.0,17ª Vara Trabalhista de Recife,Sem observações
324,6686912-30.2025.4.68.7078,1290,Trabalhista,Instrução,Ativo,Dr. Barros,2021-04-20,Sem prazo delimitado,Sem valor,1ª Vara Criminal de Recife,Aguardando documentos
325,7687292-20.2021.4.85.7539,51,Civil,Acordo Extrajudicial,Ativo,Dra. Fontes,2020-12-14,2025-11-21,350991.0,6ª Vara Trabalhista de Recife,Sem observações
326,4687348-31.2023.1.92.6907,1249,Trabalhista,Instrução,Ativo,Dra. Cavalcante,2021-09-14,Sem prazo delimitado,128407.0,14ª Vara Cível de Recife,Aguardando documentos
327,2292432-35.2025.5.83.7063,810,Trabalhista,Recurso,Ativo,Dr. Barros,2023-08-20,2025-03-16,Sem valor,8ª Vara Criminal de Recife,Sem observações
328,3260101-88.2022.8.37.9169,401,Trabalhista,Audiência,Ativo,Dra. Cavalcante,2020-03-10,2026-10-21,241684.0,3ª Vara Trabalhista de Recife,Aguardando documentos
329,6260319-38.2024.8.96.1114,802,Civil,Arquivado,Ativo,Dra. Fontes,2021-08-30,2026-02-07,89050.0,6ª Vara Cível de Recife,Sem observações
330,9573194-21.2022.1.35.8352,30,Civil,Recurso,Ativo,Dr. Barros,2020-05-11,2026-05-06,334398.0,8ª Vara Cível de Recife,Sem observações
331,1165147-13.2020.2.47.5874,81,Trabalhista,Instrução,Encerrado,Dra. Fontes,2021-04-12,2025-08-24,157362.0,6ª Vara Cível de Recife,Sem observações
332,7115217-41.2025.1.67.7692,14,Civil,Inicial,Encerrado,Dra. Fontes,2026-03-04,2026-07-12,41361.0,20ª Vara Criminal de Recife,Sem observações
333,2461262-96.2021.6.48.1315,429,Civil,Sentença,Encerrado,Dra. Cavalcante,2023-02-09,2025-04-04,468995.0,18ª Vara Trabalhista de Recife,Aguardando documentos
334,8157599-64.2024.2.89.5276,264,Trabalhista,Inicial,Ativo,Dra. Fontes,2020-02-22,2025-01-11,173945.0,1ª Vara Criminal de Recife,Sem observações
335,1248003-72.2024.2.80.8472,557,Trabalhista,Recurso,Suspenso,Dr. Melo,2025-02-14,2025-07-29,407401.0,14ª Vara Criminal de Recife,Sem observações
336,4299848-20.2023.2.47.7396,254,Trabalhista,Acordo Extrajudicial,Ativo,Dr. Barros,2023-05-06,Sem prazo delimitado,200987.0,3ª Vara Cível de Recife,Sem observações
337,5159882-37.2022.9.71.7550,893,Civil,Inicial,Encerrado,Dra. Fontes,2020-05-05,2025-10-22,178690.0,4ª Vara Trabalhista de Recife,Sem observações
338,3679963-72.2020.9.29.7859,293,Trabalhista,Inicial,Ativo,Dr. Barros,2021-06-14,2025-02-05,Sem valor,4ª Vara Criminal de Recife,Aguardando documentos
339,8717678-27.2025.5.11.4526,400,Civil,Audiência,Encerrado,Dr. Barros,2024-05-03,2025-08-09,420856.0,17ª Vara Criminal de Recife,Sem observações
340,5214684-96.2020.6.84.9986,1327,Trabalhista,Recurso,Ativo,Dr. Melo,2023-03-12,2025-02-28,497002.0,20ª Vara Trabalhista de Recife,Sem observações
341,8717678-27.2025.5.11.4526,219,Civil,Sentença,Encerrado,Dra. Cavalcante,2023-08-22,2026-12-04,238476.0,2ª Vara Cível de Recife,Sem observações
342,2110878-87.2023.8.83.8978,566,Trabalhista,Execução,Ativo,Dr. Melo,2024-09-01,2026-01-07,Sem valor,10ª Vara Cível de Recife,Sem observações
343,4140100-24.2024.4.63.7178,451,Trabalhista,Execução,Ativo,Dra. Cavalcante,2024-02-01,2025-05-07,Sem valor,11ª Vara Trabalhista de Recife,Sem observações
344,2658962-39.2022.5.95.8856,1244,Civil,Acordo Extrajudicial,Encerrado,Dra. Fontes,2026-02-23,2026-12-27,Sem valor,11ª Vara Criminal de Recife,Sem observações
345,7765112-69.2024.9.62.5648,797,Civil,Acordo Extrajudicial,Ativo,Dra. Cavalcante,2020-08-06,2025-04-22,100176.0,13ª Vara Criminal de Recife,Sem observações
346,3710559-31.2020.9.95.2540,770,Civil,Execução,Ativo,Dra. Fontes,2025-02-21,2025-03-14,307916.0,16ª Vara Trabalhista de Recife,Sem observações
347,5144296-22.2022.4.87.9648,240,Trabalhista,Sentença,Ativo,Dra. Fontes,2025-03-25,2025-12-03,415593.0,17ª Vara Criminal de Recife,Sem observações
348,5966644-82.2023.4.88.9951,1108,Trabalhista,Arquivado,Ativo,Dra. Cavalcante,2025-09-30,2026-07-14,250058.0,19ª Vara Cível de Recife,Aguardando documentos
349,1101935-78.2023.5.88.5299,964,Trabalhista,Execução,Ativo,Dr. Melo,2023-02-07,2026-02-12,167375.0,13ª Vara Criminal de Recife,Sem observações
350,1024421-54.2022.9.20.2563,873,Trabalhista,Execução,Suspenso,Dra. Cavalcante,2022-09-08,2026-08-04,62213.0,8ª Vara Trabalhista de Recife,Sem observações
351,3496733-55.2020.2.43.8503,1056,Civil,Inicial,Em recurso,Dra. Cavalcante,2025-03-07,2026-12-22,169744.0,11ª Vara Trabalhista de Recife,Aguardando documentos
352,5700249-43.2020.5.57.9341,148,Trabalhista,Recurso,Encerrado,Dr. Melo,2023-06-09,2026-05-16,237184.0,15ª Vara Trabalhista de Recife,Sem observações
353,5853247-29.2020.7.62.8870,1305,Civil,Inicial,Em recurso,Dr. Melo,2025-07-07,2025-08-12,108479.0,1ª Vara Cível de Recife,Sem observações
354,7999133-20.2023.7.26.1121,1192,Trabalhista,Inicial,Ativo,Dra. Cavalcante,2022-06-02,2025-05-22,129724.0,4ª Vara Trabalhista de Recife,Sem observações
355,9835331-11.2022.6.15.8602,320,Civil,Recurso,Acordo,Dr. Melo,2021-07-26,2025-09-09,227235.0,19ª Vara Cível de Recife,Aguardando documentos
356,8286828-70.2022.9.31.8012,643,Civil,Inicial,Ativo,Dra. Fontes,2021-09-01,Sem prazo delimitado,136846.0,10ª Vara Trabalhista de Recife,Sem observações
357,8209168-30.2020.1.41.7632,1155,Trabalhista,Instrução,Acordo,Dr. Barros,2021-10-17,2026-01-08,53886.0,1ª Vara Trabalhista de Recife,Sem observações
358,9573194-21.2022.1.35.8352,897,Civil,Sentença,Encerrado,Dr. Barros,2021-04-09,2026-09-07,Sem valor,10ª Vara Trabalhista de Recife,Sem observações
359,5661974-14.2020.6.39.3137,723,Trabalhista,Execução,Ativo,Dr. Melo,2024-02-28,2025-12-15,374986.0,1ª Vara Trabalhista de Recife,Sem observações
360,4584224-94.2025.2.57.2511,1104,Trabalhista,Sentença,Acordo,Dra. Fontes,2025-06-22,2025-07-16,436740.0,8ª Vara Trabalhista de Recife,Sem observações
361,5316105-58.2020.3.22.3571,1477,Trabalhista,Sentença,Suspenso,Dr. Melo,2022-01-22,2026-08-01,Sem valor,15ª Vara Criminal de Recife,Sem observações
362,6339808-70.2020.2.67.1325,1318,Civil,Audiência,Ativo,Dra. Cavalcante,2021-03-17,2025-02-27,114463.0,14ª Vara Criminal de Recife,Sem observações
363,8905709-90.2020.9.55.2471,235,Trabalhista,Recurso,Encerrado,Dra. Cavalcante,2022-08-31,2025-08-25,Sem valor,4ª Vara Cível de Recife,Sem observações
364,4384627-80.2021.2.13.1061,460,Trabalhista,Sentença,Ativo,Dra. Cavalcante,2021-12-10,2025-02-13,468712.0,15ª Vara Criminal de Recife,Sem observações
365,3510061-32.2020.9.13.4424,930,Civil,Audiência,Ativo,Dr. Melo,2025-04-07,2026-07-03,292048.0,13ª Vara Cível de Recife,Sem observações
366,7979033-26.2021.6.18.1084,1420,Civil,Arquivado,Ativo,Dr. Barros,2026-03-16,Sem prazo delimitado,224721.0,5ª Vara Criminal de Recife,Sem observações
367,5947618-28.2023.6.53.6118,837,Civil,Inicial,Ativo,Dr. Barros,2024-10-13,2025-09-29,485675.0,12ª Vara Trabalhista de Recife,Sem observações
368,3679963-72.2020.9.29.7859,1127,Trabalhista,Acordo Extrajudicial,Ativo,Dr. Melo,2025-07-19,2026-04-07,371516.0,11ª Vara Trabalhista de Recife,Sem observações
369,1757615-27.2025.7.10.3762,109,Civil,Acordo Extrajudicial,Ativo,Dr. Barros,2021-09-19,2025-06-08,318911.0,3ª Vara Criminal de Recife,Aguardando documentos
370,4493339-70.2021.7.17.8725,774,Civil,Inicial,Acordo,Dra. Fontes,2020-01-06,2026-05-20,22445.0,13ª Vara Criminal de Recife,Sem observações
371,2461262-96.2021.6.48.1315,413,Trabalhista,Arquivado,Encerrado,Dr. Barros,2023-05-06,2026-08-15,249429.0,6ª Vara Trabalhista de Recife,Sem observações
372,6414076-16.2021.7.78.8273,1403,Trabalhista,Execução,Ativo,Dra. Cavalcante,2020-06-12,2025-01-19,296696.0,17ª Vara Trabalhista de Recife,Sem observações
373,4507711-38.2024.2.34.4732,243,Civil,Acordo Extrajudicial,Encerrado,Dr. Barros,2021-02-24,2025-02-10,Sem valor,2ª Vara Trabalhista de Recife,Sem observações
374,8066975-72.2023.7.26.7675,870,Trabalhista,Arquivado,Ativo,Dra. Fontes,2025-01-29,2026-10-26,356110.0,2ª Vara Criminal de Recife,Sem observações
375,3679963-72.2020.9.29.7859,1386,Civil,Acordo Extrajudicial,Encerrado,Dra. Cavalcante,2026-03-24,2025-01-29,353716.0,6ª Vara Criminal de Recife,Sem observações
376,3754895-37.2021.6.18.8502,471,Civil,Inicial,Suspenso,Dra. Cavalcante,2021-12-06,2026-04-27,253182.0,11ª Vara Criminal de Recife,Sem observações
377,2658962-39.2022.5.95.8856,865,Civil,Execução,Ativo,Dra. Fontes,2022-08-11,2025-06-21,361755.0,2ª Vara Trabalhista de Recife,Sem observações
378,5050722-10.2024.8.29.4298,583,Civil,Acordo Extrajudicial,Encerrado,Dra. Fontes,2023-09-04,Sem prazo delimitado,361481.0,8ª Vara Trabalhista de Recife,Sem observações
379,8306601-19.2020.3.50.7457,471,Trabalhista,Acordo Extrajudicial,Ativo,Dr. Barros,2024-02-04,2026-11-24,282974.0,16ª Vara Cível de Recife,Sem observações
380,1757615-27.2025.7.10.3762,617,Civil,Arquivado,Ativo,Dr. Melo,2025-10-15,2025-09-10,275274.0,17ª Vara Trabalhista de Recife,Sem observações
381,2575202-50.2023.1.54.9627,93,Trabalhista,Execução,Ativo,Dr. Melo,2023-09-16,Sem prazo delimitado,233972.0,12ª Vara Cível de Recife,Sem observações
382,9319285-35.2025.3.19.9131,904,Civil,Instrução,Encerrado,Dra. Cavalcante,2020-08-20,2026-06-15,285091.0,14ª Vara Criminal de Recife,Sem observações
383,4510407-23.2020.5.18.6055,1369,Civil,Sentença,Ativo,Dra. Fontes,2020-08-11,2026-08-14,Sem valor,9ª Vara Criminal de Recife,Sem observações
384,4681694-71.2021.9.28.7350,18,Trabalhista,Arquivado,Ativo,Dr. Barros,2022-12-20,2026-09-23,180608.0,18ª Vara Cível de Recife,Sem observações
385,7141324-67.2025.3.86.3413,1059,Civil,Sentença,Encerrado,Dra. Cavalcante,2020-09-20,2025-10-16,387124.0,10ª Vara Trabalhista de Recife,Sem observações
386,8843990-84.2020.6.68.3017,358,Trabalhista,Acordo Extrajudicial,Ativo,Dra. Cavalcante,2026-02-21,2026-11-30,47259.0,3ª Vara Trabalhista de Recife,Sem observações
387,3541821-31.2021.8.96.1927,689,Civil,Sentença,Ativo,Dra. Cavalcante,2022-11-01,2026-03-15,Sem valor,10ª Vara Trabalhista de Recife,Sem observações
388,1974389-81.2024.5.57.9354,529,Civil,Recurso,Ativo,Dra. Cavalcante,2023-02-11,Sem prazo delimitado,76404.0,1ª Vara Criminal de Recife,Sem observações
389,9168044-67.2022.1.26.3054,891,Trabalhista,Audiência,Suspenso,Dra. Fontes,2020-09-19,2026-08-19,474663.0,5ª Vara Trabalhista de Recife,Sem observações
390,1445483-93.2023.1.61.7357,587,Trabalhista,Arquivado,Acordo,Dra. Fontes,2023-02-12,2025-03-13,215796.0,2ª Vara Trabalhista de Recife,Sem observações
391,5788467-41.2023.8.93.8134,858,Civil,Inicial,Ativo,Dr. Melo,2023-07-18,2025-04-15,240673.0,8ª Vara Cível de Recife,Sem observações
392,9970343-38.2020.5.18.4483,1383,Trabalhista,Instrução,Suspenso,Dra. Fontes,2026-01-08,2026-10-27,463404.0,7ª Vara Cível de Recife,Sem observações
393,5274951-77.2021.1.76.5120,267,Trabalhista,Acordo Extrajudicial,Encerrado,Dr. Melo,2026-02-08,2026-07-25,Sem valor,3ª Vara Trabalhista de Recife,Aguardando documentos
394,6038940-61.2024.4.64.6408,711,Civil,Arquivado,Ativo,Dr. Barros,2022-06-08,2025-11-30,20058.0,5ª Vara Cível de Recife,Sem observações
395,9060164-41.2020.5.36.2381,1072,Trabalhista,Audiência,Encerrado,Dr. Melo,2023-01-21,2026-09-13,86956.0,2ª Vara Trabalhista de Recife,Sem observações
396,8677980-28.2024.9.94.6552,497,Trabalhista,Sentença,Encerrado,Dra. Fontes,2026-01-22,2026-04-17,458442.0,1ª Vara Cível de Recife,Sem observações
397,6339808-70.2020.2.67.1325,782,Civil,Acordo Extrajudicial,Ativo,Dr. Barros,2025-05-22,2025-05-20,412789.0,16ª Vara Cível de Recife,Sem observações
398,6935346-77.2024.3.52.9529,776,Trabalhista,Sentença,Ativo,Dra. Fontes,2020-01-26,2026-05-10,440768.0,14ª Vara Cível de Recife,Aguardando documentos
399,6096719-87.2023.1.41.6180,467,Civil,Audiência,Ativo,Dra. Cavalcante,2025-05-21,2026-12-03,Sem valor,2ª Vara Cível de Recife,Sem observações
400,3505690-87.2020.8.52.6260,437,Civil,Acordo Extrajudicial,Ativo,Dra. Cavalcante,2022-06-13,Sem prazo delimitado,120671.0,18ª Vara Trabalhista de Recife,Sem observações
401,2837371-36.2022.7.88.5428,47,Trabalhista,Execução,Acordo,Dr. Barros,2020-06-20,2025-06-06,481180.0,15ª Vara Criminal de Recife,Sem observações
402,8843990-84.2020.6.68.3017,214,Trabalhista,Instrução,Encerrado,Dra. Fontes,2024-01-13,2026-08-03,Sem valor,13ª Vara Criminal de Recife,Sem observações
403,6038940-61.2024.4.64.6408,571,Trabalhista,Acordo Extrajudicial,Acordo,Dr. Barros,2022-07-23,2026-12-30,90477.0,12ª Vara Criminal de Recife,Sem observações
404,3376786-12.2020.7.64.5093,897,Civil,Sentença,Ativo,Dr. Barros,2022-06-09,2025-09-26,446381.0,14ª Vara Trabalhista de Recife,Sem observações
405,4584224-94.2025.2.57.2511,845,Trabalhista,Recurso,Ativo,Dra. Cavalcante,2020-08-30,2025-02-18,133418.0,8ª Vara Criminal de Recife,Sem observações
406,3541821-31.2021.8.96.1927,187,Trabalhista,Recurso,Encerrado,Dra. Fontes,2023-12-28,2026-02-10,470366.0,18ª Vara Criminal de Recife,Sem observações
407,2186433-37.2022.2.12.4344,750,Trabalhista,Execução,Em recurso,Dra. Fontes,2022-03-20,2026-04-15,240851.0,3ª Vara Trabalhista de Recife,Sem observações
408,5483975-50.2024.8.92.4422,1246,Trabalhista,Acordo Extrajudicial,Ativo,Dra. Cavalcante,2023-04-26,2026-05-22,199434.0,11ª Vara Trabalhista de Recife,Aguardando documentos
409,3168718-77.2025.2.92.8027,1410,Trabalhista,Acordo Extrajudicial,Encerrado,Dra. Cavalcante,2021-04-14,2026-09-01,332294.0,11ª Vara Cível de Recife,Aguardando documentos
410,9060164-41.2020.5.36.2381,752,Civil,Sentença,Suspenso,Dra. Fontes,2020-10-31,2025-11-17,334857.0,10ª Vara Trabalhista de Recife,Sem observações
411,2341370-92.2024.9.60.8122,1456,Civil,Inicial,Acordo,Dr. Barros,2022-04-17,Sem prazo delimitado,Sem valor,15ª Vara Cível de Recife,Sem observações
412,1974389-81.2024.5.57.9354,1497,Civil,Recurso,Suspenso,Dr. Melo,2024-01-24,2025-05-09,93358.0,1ª Vara Criminal de Recife,Aguardando documentos
413,6384831-67.2022.5.89.7429,1194,Trabalhista,Execução,Em recurso,Dra. Fontes,2020-03-31,2025-03-04,51424.0,6ª Vara Trabalhista de Recife,Sem observações
414,3260101-88.2022.8.37.9169,650,Trabalhista,Execução,Ativo,Dr. Melo,2025-05-13,2025-09-16,348622.0,10ª Vara Trabalhista de Recife,Sem observações
415,7765112-69.2024.9.62.5648,1134,Civil,Execução,Encerrado,Dra. Fontes,2022-08-13,2026-05-30,Sem valor,15ª Vara Trabalhista de Recife,Sem observações
416,1101935-78.2023.5.88.5299,179,Trabalhista,Execução,Suspenso,Dra. Fontes,2021-10-06,2025-04-30,50252.0,8ª Vara Cível de Recife,Sem observações
417,6160516-66.2024.5.17.7150,1213,Civil,Sentença,Acordo,Dr. Melo,2025-11-23,2025-02-21,163344.0,7ª Vara Cível de Recife,Sem observações
418,9489806-94.2021.2.55.9162,221,Civil,Instrução,Ativo,Dr. Barros,2022-06-07,2026-06-02,Sem valor,16ª Vara Cível de Recife,Sem observações
419,8183950-10.2021.5.84.9388,1425,Trabalhista,Inicial,Encerrado,Dra. Cavalcante,2022-10-06,2026-07-31,Sem valor,2ª Vara Trabalhista de Recife,Sem observações
420,9573194-21.2022.1.35.8352,230,Trabalhista,Sentença,Ativo,Dra. Fontes,2020-03-04,2025-12-09,Sem valor,16ª Vara Cível de Recife,Sem observações
421,9810112-12.2021.1.97.8847,973,Civil,Acordo Extrajudicial,Encerrado,Dr. Melo,2025-01-02,2026-12-22,347369.0,3ª Vara Trabalhista de Recife,Sem observações
422,1438459-62.2020.7.78.3410,428,Trabalhista,Recurso,Encerrado,Dr. Melo,2025-07-30,2026-05-31,452100.0,15ª Vara Cível de Recife,Sem observações
423,3785792-10.2020.5.78.7940,1175,Trabalhista,Arquivado,Encerrado,Dr. Melo,2024-06-22,2025-01-24,Sem valor,20ª Vara Cível de Recife,Sem observações
424,6982910-41.2023.8.91.8758,281,Trabalhista,Inicial,Ativo,Dra. Fontes,2020-04-29,2026-11-29,Sem valor,9ª Vara Criminal de Recife,Sem observações
425,2909764-51.2025.7.78.2223,862,Trabalhista,Recurso,Em recurso,Dr. Barros,2023-06-05,2025-02-01,262383.0,18ª Vara Criminal de Recife,Sem observações
426,5700249-43.2020.5.57.9341,395,Trabalhista,Audiência,Suspenso,Dra. Fontes,2020-01-22,2026-05-20,471271.0,18ª Vara Trabalhista de Recife,Aguardando documentos
427,8097721-13.2023.1.47.8354,730,Civil,Instrução,Ativo,Dra. Fontes,2024-09-19,2025-08-08,413045.0,16ª Vara Criminal de Recife,Sem observações
428,7539718-58.2020.2.52.9800,1122,Trabalhista,Recurso,Encerrado,Dr. Barros,2021-08-18,2026-06-29,220584.0,12ª Vara Criminal de Recife,Sem observações
429,9498791-62.2022.6.73.9564,863,Civil,Acordo Extrajudicial,Acordo,Dr. Barros,2022-12-24,2025-08-25,25232.0,15ª Vara Trabalhista de Recife,Sem observações
430,6416661-36.2021.8.21.8496,1178,Trabalhista,Inicial,Ativo,Dr. Barros,2021-05-14,2026-10-06,411980.0,3ª Vara Trabalhista de Recife,Sem observações
431,5124342-11.2025.5.50.6107,1115,Trabalhista,Recurso,Encerrado,Dr. Melo,2024-02-04,2025-03-16,Sem valor,7ª Vara Trabalhista de Recife,Sem observações
432,2236315-26.2022.5.82.8939,1058,Trabalhista,Audiência,Suspenso,Dr. Melo,2023-10-31,2026-08-10,481979.0,17ª Vara Cível de Recife,Sem observações
433,6267378-50.2021.9.19.9923,524,Trabalhista,Instrução,Ativo,Dra. Fontes,2022-12-29,2025-07-23,336288.0,11ª Vara Criminal de Recife,Sem observações
434,1887163-62.2025.9.93.1037,841,Civil,Recurso,Ativo,Dr. Melo,2020-01-29,2025-04-05,84790.0,17ª Vara Trabalhista de Recife,Sem observações
435,8827641-36.2022.5.59.8715,966,Trabalhista,Instrução,Acordo,Dr. Barros,2024-12-27,2025-08-01,126505.0,15ª Vara Cível de Recife,Sem observações
436,5266269-78.2021.7.59.1392,397,Civil,Arquivado,Acordo,Dra. Cavalcante,2024-01-17,Sem prazo delimitado,426280.0,8ª Vara Trabalhista de Recife,Sem observações
437,1445483-93.2023.1.61.7357,1287,Civil,Recurso,Acordo,Dr. Melo,2025-04-24,2025-04-02,260335.0,4ª Vara Trabalhista de Recife,Sem observações
438,2966787-79.2022.1.41.9944,1217,Civil,Arquivado,Ativo,Dr. Melo,2024-10-18,2025-10-28,Sem valor,14ª Vara Cível de Recife,Sem observações
439,8539686-69.2023.4.36.2235,346,Civil,Arquivado,Ativo,Dra. Cavalcante,2020-09-30,2026-03-04,352217.0,19ª Vara Cível de Recife,Sem observações
440,4568537-97.2021.4.82.7633,1381,Trabalhista,Recurso,Encerrado,Dra. Fontes,2021-10-26,2026-06-11,365108.0,3ª Vara Trabalhista de Recife,Sem observações
441,3576390-15.2021.2.82.8209,1140,Trabalhista,Audiência,Encerrado,Dr. Melo,2025-10-01,2025-03-18,412993.0,3ª Vara Criminal de Recife,Sem observações
442,5289264-48.2020.4.41.6347,356,Civil,Sentença,Ativo,Dra. Cavalcante,2026-01-28,2025-08-07,252396.0,16ª Vara Criminal de Recife,Sem observações
443,6528202-89.2025.3.17.9496,1351,Civil,Arquivado,Em recurso,Dr. Barros,2023-08-27,2026-10-15,252649.0,17ª Vara Criminal de Recife,Sem observações
444,5472823-70.2022.4.41.7624,1493,Civil,Inicial,Encerrado,Dra. Fontes,2025-07-11,2025-12-10,495738.0,14ª Vara Cível de Recife,Sem observações
445,7515318-25.2024.4.34.6280,822,Civil,Instrução,Acordo,Dr. Barros,2021-02-26,2026-01-06,195442.0,10ª Vara Trabalhista de Recife,Sem observações
446,7222167-30.2022.8.44.7452,1374,Trabalhista,Recurso,Ativo,Dr. Barros,2025-07-28,2026-11-17,Sem valor,1ª Vara Cível de Recife,Sem observações
447,2909764-51.2025.7.78.2223,1148,Trabalhista,Audiência,Encerrado,Dr. Barros,2022-09-19,2025-08-04,345683.0,6ª Vara Trabalhista de Recife,Sem observações
448,3260101-88.2022.8.37.9169,1200,Civil,Arquivado,Ativo,Dr. Barros,2024-08-14,2025-06-01,447282.0,15ª Vara Cível de Recife,Sem observações
449,5451988-41.2020.2.82.4041,825,Civil,Inicial,Suspenso,Dr. Melo,2022-02-12,2026-04-29,397829.0,2ª Vara Cível de Recife,Sem observações
450,7687292-20.2021.4.85.7539,125,Trabalhista,Recurso,Ativo,Dr. Barros,2021-03-11,Sem prazo delimitado,421533.0,9ª Vara Criminal de Recife,Sem observações
451,3710559-31.2020.9.95.2540,317,Trabalhista,Acordo Extrajudicial,Ativo,Dr. Melo,2024-03-08,2025-06-30,423614.0,11ª Vara Trabalhista de Recife,Sem observações
452,5514997-95.2024.1.84.8098,273,Trabalhista,Audiência,Ativo,Dr. Barros,2023-02-05,2026-05-09,Sem valor,19ª Vara Trabalhista de Recife,Sem observações
453,3778380-86.2023.9.32.5849,397,Civil,Sentença,Acordo,Dr. Barros,2020-09-06,2025-07-03,35590.0,9ª Vara Trabalhista de Recife,Sem observações
454,8168054-14.2024.6.50.1232,908,Trabalhista,Inicial,Ativo,Dr. Melo,2025-05-03,2025-09-22,Sem valor,5ª Vara Criminal de Recife,Sem observações
455,4938178-62.2020.7.27.6072,953,Trabalhista,Audiência,Encerrado,Dra. Fontes,2021-05-15,2026-12-27,336809.0,12ª Vara Cível de Recife,Sem observações
456,7223110-52.2024.2.44.8994,836,Trabalhista,Acordo Extrajudicial,Em recurso,Dr. Barros,2024-11-14,2025-09-22,Sem valor,17ª Vara Cível de Recife,Sem observações
457,5159219-49.2023.5.25.3676,449,Trabalhista,Sentença,Encerrado,Dr. Barros,2023-12-10,2025-01-08,Sem valor,1ª Vara Criminal de Recife,Aguardando documentos
458,5266269-78.2021.7.59.1392,640,Trabalhista,Execução,Suspenso,Dra. Fontes,2020-05-19,2026-02-04,127275.0,18ª Vara Criminal de Recife,Sem observações
459,4874996-38.2022.9.94.8154,576,Trabalhista,Sentença,Ativo,Dra. Cavalcante,2024-01-14,2026-07-15,57967.0,16ª Vara Trabalhista de Recife,Sem observações
460,8129073-22.2024.4.16.9656,790,Trabalhista,Execução,Ativo,Dr. Barros,2024-02-22,2026-01-01,441206.0,16ª Vara Criminal de Recife,Aguardando documentos
461,7941836-76.2025.4.34.6543,456,Civil,Arquivado,Ativo,Dr. Barros,2023-03-31,Sem prazo delimitado,Sem valor,20ª Vara Trabalhista de Recife,Sem observações
462,1614850-25.2020.8.85.3161,743,Civil,Recurso,Em recurso,Dr. Barros,2020-04-06,2026-04-13,357389.0,3ª Vara Criminal de Recife,Sem observações
463,8816646-78.2020.7.70.9224,488,Civil,Arquivado,Suspenso,Dra. Cavalcante,2023-11-15,2025-03-24,Sem valor,2ª Vara Trabalhista de Recife,Aguardando documentos
464,1757615-27.2025.7.10.3762,458,Trabalhista,Acordo Extrajudicial,Acordo,Dr. Barros,2021-01-18,2026-08-05,298346.0,8ª Vara Criminal de Recife,Sem observações
465,7419280-60.2021.1.40.9417,636,Trabalhista,Sentença,Suspenso,Dr. Barros,2021-09-17,2025-12-27,236612.0,8ª Vara Criminal de Recife,Sem observações
466,5953905-94.2022.5.44.3245,1260,Civil,Inicial,Ativo,Dr. Melo,2022-03-04,2025-12-23,Sem valor,7ª Vara Cível de Recife,Sem observações
467,5438623-45.2022.4.51.7250,1052,Trabalhista,Inicial,Encerrado,Dr. Melo,2021-09-04,2025-04-04,427924.0,13ª Vara Cível de Recife,Aguardando documentos
468,4768255-51.2022.4.94.5695,344,Trabalhista,Acordo Extrajudicial,Ativo,Dr. Barros,2022-04-19,2025-10-07,Sem valor,19ª Vara Cível de Recife,Sem observações
469,1311508-84.2020.3.38.8512,873,Civil,Instrução,Encerrado,Dra. Cavalcante,2020-05-16,2025-11-06,Sem valor,5ª Vara Trabalhista de Recife,Sem observações
470,1116024-57.2025.8.16.4043,917,Trabalhista,Audiência,Em recurso,Dra. Fontes,2024-01-27,2025-10-14,230834.0,16ª Vara Cível de Recife,Sem observações
471,5432782-56.2021.2.97.6240,1449,Trabalhista,Inicial,Ativo,Dra. Cavalcante,2023-03-15,2026-05-18,306281.0,16ª Vara Cível de Recife,Aguardando documentos
472,1099617-37.2023.9.61.1793,1106,Civil,Audiência,Ativo,Dr. Melo,2021-06-19,2026-10-08,208943.0,15ª Vara Criminal de Recife,Sem observações
473,1116024-57.2025.8.16.4043,921,Civil,Acordo Extrajudicial,Ativo,Dra. Fontes,2023-01-25,2025-09-28,271396.0,17ª Vara Cível de Recife,Sem observações
474,5545511-73.2023.1.66.9757,663,Trabalhista,Inicial,Ativo,Dra. Fontes,2025-09-26,2026-10-23,323903.0,8ª Vara Trabalhista de Recife,Sem observações
475,6053412-12.2021.6.72.8346,734,Civil,Audiência,Acordo,Dr. Barros,2021-12-25,2025-11-07,21878.0,3ª Vara Cível de Recife,Sem observações
476,6524227-53.2025.1.97.6214,93,Civil,Arquivado,Em recurso,Dr. Melo,2023-05-04,2025-01-01,Sem valor,15ª Vara Trabalhista de Recife,Sem observações
477,7820540-78.2023.1.75.4823,1194,Trabalhista,Arquivado,Encerrado,Dra. Cavalcante,2020-11-28,2025-04-29,Sem valor,12ª Vara Criminal de Recife,Sem observações
478,7999133-20.2023.7.26.1121,1455,Trabalhista,Inicial,Encerrado,Dr. Melo,2023-05-24,2026-06-18,Sem valor,1ª Vara Cível de Recife,Sem observações
479,2231929-89.2024.6.41.5461,1056,Civil,Inicial,Ativo,Dr. Melo,2021-11-16,2026-09-05,11061.0,6ª Vara Trabalhista de Recife,Sem observações
480,5991409-16.2021.8.44.1303,954,Civil,Audiência,Encerrado,Dra. Cavalcante,2026-08-04,Sem prazo delimitado,52509.0,7ª Vara Trabalhista de Recife,Aguardando documentos
481,7223110-52.2024.2.44.8994,766,Civil,Instrução,Ativo,Dra. Cavalcante,2021-01-23,2026-08-31,Sem valor,17ª Vara Trabalhista de Recife,Sem observações
482,7274275-74.2020.1.22.9780,1009,Trabalhista,Inicial,Encerrado,Dr. Melo,2023-06-28,2025-01-06,450440.0,16ª Vara Criminal de Recife,Sem observações
483,7486138-99.2020.5.81.4332,866,Trabalhista,Recurso,Encerrado,Dra. Fontes,2021-07-29,Sem prazo delimitado,190081.0,19ª Vara Trabalhista de Recife,Sem observações
484,6445422-21.2020.5.39.8096,107,Trabalhista,Acordo Extrajudicial,Em recurso,Dra. Cavalcante,2025-07-24,2026-07-24,380572.0,13ª Vara Cível de Recife,Sem observações
485,3376786-12.2020.7.64.5093,372,Trabalhista,Inicial,Ativo,Dr. Barros,2022-07-29,2026-02-02,230090.0,4ª Vara Cível de Recife,Sem observações
486,7820540-78.2023.1.75.4823,99,Civil,Instrução,Encerrado,Dra. Cavalcante,2021-06-23,2026-12-29,447371.0,2ª Vara Cível de Recife,Sem observações
487,8286828-70.2022.9.31.8012,1196,Civil,Inicial,Encerrado,Dr. Barros,2024-10-23,2025-08-15,Sem valor,1ª Vara Criminal de Recife,Aguardando documentos
488,6036037-32.2025.3.53.7515,1297,Civil,Inicial,Encerrado,Dr. Barros,2023-03-26,2025-12-19,400593.0,1ª Vara Criminal de Recife,Sem observações
489,5050722-10.2024.8.29.4298,562,Trabalhista,Execução,Encerrado,Dr. Melo,2022-10-11,2026-02-21,Sem valor,9ª Vara Cível de Recife,Sem observações
490,7633905-83.2022.9.95.2309,1131,Civil,Audiência,Ativo,Dr. Barros,2022-12-15,2025-12-27,361570.0,14ª Vara Cível de Recife,Aguardando documentos
491,5214684-96.2020.6.84.9986,538,Trabalhista,Recurso,Ativo,Dr. Barros,2026-02-15,2025-12-23,79270.0,5ª Vara Criminal de Recife,Sem observações
492,5788467-41.2023.8.93.8134,33,Civil,Acordo Extrajudicial,Acordo,Dra. Cavalcante,2024-12-19,2025-03-07,333781.0,13ª Vara Trabalhista de Recife,Sem observações
493,4314934-26.2021.7.14.7244,1230,Trabalhista,Instrução,Ativo,Dr. Melo,2024-05-19,2025-10-20,Sem valor,13ª Vara Criminal de Recife,Sem observações
494,6034606-21.2023.6.18.6684,30,Trabalhista,Sentença,Suspenso,Dr. Barros,2024-12-31,2025-03-28,Sem valor,1ª Vara Cível de Recife,Sem observações
495,7786207-82.2024.2.92.5696,1070,Civil,Arquivado,Suspenso,Dr. Barros,2025-01-06,2025-05-08,Sem valor,2ª Vara Cível de Recife,Sem observações
496,5401874-62.2025.2.46.8337,1019,Trabalhista,Sentença,Suspenso,Dra. Cavalcante,2023-08-13,2025-03-07,Sem valor,1ª Vara Criminal de Recife,Sem observações
497,7892487-80.2022.9.64.5036,1071,Civil,Instrução,Acordo,Dr. Barros,2025-01-27,2026-06-01,333171.0,11ª Vara Cível de Recife,Sem observações
498,7765112-69.2024.9.62.5648,386,Civil,Audiência,Encerrado,Dr. Melo,2024-08-21,Sem prazo delimitado,125552.0,8ª Vara Cível de Recife,Sem observações
499,7544569-30.2022.4.91.9370,1471,Civil,Sentença,Encerrado,Dra. Cavalcante,2023-01-14,2025-08-20,150313.0,1ª Vara Criminal de Recife,Sem observações
500,4229107-99.2020.7.61.3978,1049,Civil,Acordo Extrajudicial,Ativo,Dra. Fontes,2025-05-27,2026-12-07,28662.0,4ª Vara Trabalhista de Recife,Sem observações
501,6865513-17.2021.7.21.3938,468,Trabalhista,Instrução,Encerrado,Dra. Fontes,2025-08-19,2025-01-16,83959.0,14ª Vara Trabalhista de Recife,Sem observações
502,9810112-12.2021.1.97.8847,1263,Trabalhista,Audiência,Ativo,Dra. Cavalcante,2025-08-26,2025-10-17,407257.0,7ª Vara Criminal de Recife,Sem observações
503,7951127-89.2024.1.63.3502,1284,Civil,Execução,Suspenso,Dr. Melo,2022-01-30,2025-11-26,476353.0,11ª Vara Cível de Recife,Sem observações
504,8843195-99.2024.6.39.2836,689,Trabalhista,Acordo Extrajudicial,Ativo,Dr. Barros,2021-10-12,Sem prazo delimitado,Sem valor,2ª Vara Criminal de Recife,Sem observações
505,7941836-76.2025.4.34.6543,1119,Civil,Acordo Extrajudicial,Encerrado,Dra. Cavalcante,2020-11-19,2025-05-13,113845.0,18ª Vara Trabalhista de Recife,Sem observações
506,3542616-60.2022.3.87.6536,211,Trabalhista,Arquivado,Ativo,Dr. Barros,2021-09-06,2026-02-11,159945.0,9ª Vara Cível de Recife,Sem observações
507,4065326-72.2025.8.58.5304,250,Trabalhista,Execução,Ativo,Dra. Cavalcante,2023-03-18,2026-08-29,246885.0,7ª Vara Cível de Recife,Sem observações
508,3710559-31.2020.9.95.2540,1255,Civil,Audiência,Encerrado,Dra. Cavalcante,2022-07-17,2025-06-09,Sem valor,1ª Vara Cível de Recife,Sem observações
509,2294596-63.2020.6.38.9193,94,Trabalhista,Recurso,Em recurso,Dr. Melo,2023-04-21,2026-09-07,372534.0,3ª Vara Criminal de Recife,Sem observações
510,2480014-80.2024.2.29.9847,1038,Trabalhista,Inicial,Encerrado,Dr. Barros,2021-06-19,2026-10-08,Sem valor,17ª Vara Cível de Recife,Sem observações
511,5289264-48.2020.4.41.6347,1195,Trabalhista,Instrução,Ativo,Dra. Fontes,2021-10-18,2025-08-23,Sem valor,10ª Vara Trabalhista de Recife,Sem observações
512,5853247-29.2020.7.62.8870,241,Trabalhista,Arquivado,Acordo,Dra. Fontes,2026-03-25,2026-04-16,Sem valor,8ª Vara Trabalhista de Recife,Sem observações
513,2660213-63.2022.6.50.8366,724,Civil,Acordo Extrajudicial,Encerrado,Dr. Melo,2024-03-26,2025-05-23,293161.0,18ª Vara Cível de Recife,Sem observações
514,6105303-92.2021.4.39.3868,436,Civil,Acordo Extrajudicial,Ativo,Dr. Barros,2026-03-25,2026-03-27,419420.0,1ª Vara Trabalhista de Recife,Aguardando documentos
515,5901155-82.2023.2.89.7717,738,Civil,Inicial,Ativo,Dr. Barros,2024-05-07,2026-11-02,289730.0,7ª Vara Trabalhista de Recife,Aguardando documentos
516,6836135-90.2022.9.37.5643,422,Civil,Instrução,Ativo,Dr. Melo,2021-05-04,2026-05-11,423558.0,9ª Vara Cível de Recife,Sem observações
517,1869144-23.2023.5.84.3325,797,Trabalhista,Acordo Extrajudicial,Ativo,Dra. Cavalcante,2020-03-18,2026-12-29,137340.0,14ª Vara Criminal de Recife,Sem observações
518,1633270-27.2024.2.52.7034,717,Trabalhista,Execução,Ativo,Dra. Cavalcante,2021-11-14,Sem prazo delimitado,305840.0,14ª Vara Cível de Recife,Aguardando documentos
519,9822459-92.2024.8.17.6403,690,Trabalhista,Arquivado,Encerrado,Dra. Fontes,2025-04-03,2026-05-20,Sem valor,7ª Vara Trabalhista de Recife,Sem observações
520,4229107-99.2020.7.61.3978,527,Civil,Recurso,Encerrado,Dra. Cavalcante,2026-03-24,Sem prazo delimitado,424140.0,16ª Vara Cível de Recife,Sem observações
521,1714231-74.2025.9.71.1697,1245,Trabalhista,Arquivado,Ativo,Dra. Fontes,2021-04-15,2025-01-29,47990.0,10ª Vara Criminal de Recife,Sem observações
522,5451988-41.2020.2.82.4041,580,Trabalhista,Arquivado,Suspenso,Dra. Fontes,2022-10-25,2025-10-06,311722.0,17ª Vara Trabalhista de Recife,Sem observações
523,4061044-97.2023.7.99.3676,513,Trabalhista,Execução,Ativo,Dr. Melo,2021-01-01,2026-08-05,Sem valor,15ª Vara Criminal de Recife,Sem observações
524,6036037-32.2025.3.53.7515,926,Civil,Instrução,Suspenso,Dr. Barros,2020-03-07,2025-07-18,122294.0,12ª Vara Criminal de Recife,Sem observações
525,6036037-32.2025.3.53.7515,1163,Trabalhista,Audiência,Ativo,Dr. Melo,2025-04-04,2026-10-24,237747.0,16ª Vara Trabalhista de Recife,Sem observações
526,3724721-44.2021.9.75.5553,237,Civil,Acordo Extrajudicial,Ativo,Dra. Cavalcante,2025-08-06,2025-07-07,Sem valor,3ª Vara Cível de Recife,Sem observações
527,2480014-80.2024.2.29.9847,703,Trabalhista,Arquivado,Encerrado,Dra. Cavalcante,2025-05-15,2026-08-29,Sem valor,9ª Vara Trabalhista de Recife,Sem observações
528,1621418-87.2020.9.55.9337,784,Trabalhista,Arquivado,Em recurso,Dra. Fontes,2025-07-11,2025-12-26,390536.0,13ª Vara Trabalhista de Recife,Sem observações
529,1735592-50.2022.9.87.5612,1195,Trabalhista,Audiência,Acordo,Dra. Cavalcante,2023-12-19,2025-02-09,457740.0,5ª Vara Trabalhista de Recife,Sem observações
530,7633905-83.2022.9.95.2309,747,Trabalhista,Sentença,Ativo,Dra. Fontes,2020-01-23,2025-10-07,332021.0,1ª Vara Cível de Recife,Sem observações
531,7065068-16.2021.7.14.6489,573,Trabalhista,Audiência,Ativo,Dr. Melo,2022-07-29,2025-07-23,309268.0,14ª Vara Criminal de Recife,Sem observações
532,1116024-57.2025.8.16.4043,1075,Trabalhista,Inicial,Ativo,Dr. Melo,2025-04-28,2025-03-08,50802.0,13ª Vara Cível de Recife,Sem observações
533,4601686-30.2021.5.52.7745,528,Civil,Inicial,Ativo,Dra. Cavalcante,2021-01-08,2026-06-13,Sem valor,7ª Vara Trabalhista de Recife,Sem observações
534,8714773-70.2022.9.65.8541,576,Civil,Arquivado,Ativo,Dr. Barros,2020-01-06,2025-05-20,Sem valor,4ª Vara Trabalhista de Recife,Sem observações
535,6865513-17.2021.7.21.3938,110,Civil,Instrução,Acordo,Dr. Melo,2020-03-27,2026-05-16,62763.0,13ª Vara Trabalhista de Recife,Sem observações
536,1273300-90.2024.2.80.7378,1213,Trabalhista,Recurso,Ativo,Dra. Fontes,2025-10-24,2025-08-30,117702.0,12ª Vara Trabalhista de Recife,Aguardando documentos
537,2895065-46.2022.7.67.1438,1082,Civil,Audiência,Em recurso,Dr. Melo,2022-01-21,2025-07-10,251609.0,16ª Vara Cível de Recife,Sem observações
538,4314934-26.2021.7.14.7244,1304,Trabalhista,Recurso,Encerrado,Dr. Barros,2024-06-22,2025-12-08,137935.0,4ª Vara Criminal de Recife,Aguardando documentos
539,5625093-80.2022.9.16.6618,509,Trabalhista,Inicial,Encerrado,Dra. Fontes,2023-01-10,2026-02-06,Sem valor,4ª Vara Cível de Recife,Sem observações
540,6075721-43.2020.9.85.8738,548,Trabalhista,Acordo Extrajudicial,Ativo,Dr. Melo,2025-01-12,2026-05-07,145983.0,8ª Vara Trabalhista de Recife,Sem observações
541,3418432-84.2025.3.59.5858,720,Trabalhista,Audiência,Ativo,Dr. Barros,2023-12-03,2025-08-01,72788.0,20ª Vara Cível de Recife,Sem observações
542,9666878-83.2023.6.29.9905,926,Trabalhista,Execução,Ativo,Dr. Barros,2022-03-10,2025-03-26,396177.0,9ª Vara Cível de Recife,Sem observações
543,1628717-84.2025.8.67.8313,1350,Trabalhista,Inicial,Ativo,Dra. Fontes,2022-03-29,2026-03-10,470287.0,5ª Vara Trabalhista de Recife,Sem observações
544,5631823-61.2020.5.47.1440,111,Trabalhista,Sentença,Encerrado,Dra. Cavalcante,2022-04-26,2026-10-27,Sem valor,7ª Vara Cível de Recife,Sem observações
545,7486138-99.2020.5.81.4332,339,Civil,Audiência,Ativo,Dr. Barros,2022-12-20,2025-08-09,66519.0,2ª Vara Cível de Recife,Aguardando documentos
546,4460247-99.2024.9.97.4840,427,Civil,Sentença,Suspenso,Dra. Cavalcante,2024-03-01,2026-07-26,110108.0,13ª Vara Criminal de Recife,Sem observações
547,8655267-17.2025.3.63.4188,617,Trabalhista,Recurso,Encerrado,Dr. Melo,2020-08-17,2025-12-21,119040.0,16ª Vara Criminal de Recife,Sem observações
548,5733649-38.2020.2.35.3379,1202,Civil,Audiência,Suspenso,Dra. Cavalcante,2022-08-27,2025-04-18,87215.0,17ª Vara Cível de Recife,Sem observações
549,8097721-13.2023.1.47.8354,270,Civil,Sentença,Ativo,Dra. Cavalcante,2024-01-24,2026-04-24,415749.0,11ª Vara Criminal de Recife,Sem observações
550,1183693-37.2024.1.85.2937,110,Civil,Audiência,Encerrado,Dr. Barros,2023-05-27,2026-05-29,359002.0,17ª Vara Criminal de Recife,Sem observações
551,5266269-78.2021.7.59.1392,236,Trabalhista,Sentença,Ativo,Dr. Melo,2022-11-11,2026-12-30,Sem valor,20ª Vara Trabalhista de Recife,Sem observações
552,5826200-20.2025.1.91.8748,1232,Civil,Instrução,Em recurso,Dra. Cavalcante,2020-10-09,2026-12-30,411828.0,15ª Vara Trabalhista de Recife,Aguardando documentos
553,2997279-67.2024.9.84.1441,1010,Civil,Audiência,Acordo,Dr. Barros,2023-08-03,2025-01-05,451444.0,16ª Vara Criminal de Recife,Sem observações
554,3242098-97.2025.4.44.9916,79,Trabalhista,Execução,Ativo,Dr. Melo,2023-09-17,2026-07-09,Sem valor,9ª Vara Criminal de Recife,Sem observações
555,5144296-22.2022.4.87.9648,894,Trabalhista,Audiência,Ativo,Dra. Fontes,2024-09-23,2026-05-16,120866.0,6ª Vara Trabalhista de Recife,Sem observações
556,3263740-44.2022.3.81.5402,540,Trabalhista,Instrução,Ativo,Dr. Melo,2021-09-26,2025-06-06,213300.0,10ª Vara Trabalhista de Recife,Sem observações
557,5661974-14.2020.6.39.3137,1286,Civil,Acordo Extrajudicial,Em recurso,Dra. Cavalcante,2020-07-21,Sem prazo delimitado,181365.0,12ª Vara Trabalhista de Recife,Sem observações
558,4384627-80.2021.2.13.1061,745,Trabalhista,Arquivado,Ativo,Dra. Cavalcante,2026-04-05,2026-11-11,Sem valor,14ª Vara Criminal de Recife,Sem observações
559,2909764-51.2025.7.78.2223,1255,Civil,Instrução,Ativo,Dr. Melo,2020-05-02,2025-02-22,199278.0,18ª Vara Trabalhista de Recife,Sem observações
560,7979033-26.2021.6.18.1084,192,Civil,Recurso,Ativo,Dra. Fontes,2024-05-20,2025-02-17,355344.0,1ª Vara Cível de Recife,Sem observações
561,2753004-76.2021.8.83.9874,762,Civil,Instrução,Em recurso,Dra. Cavalcante,2021-03-18,2025-07-29,217807.0,8ª Vara Criminal de Recife,Sem observações
562,3260101-88.2022.8.37.9169,888,Trabalhista,Sentença,Ativo,Dr. Melo,2020-10-01,2025-08-30,348347.0,10ª Vara Trabalhista de Recife,Sem observações
563,5159882-37.2022.9.71.7550,845,Trabalhista,Recurso,Ativo,Dr. Barros,2023-01-23,2025-05-19,161750.0,10ª Vara Cível de Recife,Aguardando documentos
564,8415891-60.2021.6.92.5554,829,Civil,Execução,Ativo,Dra. Fontes,2021-01-09,2026-02-27,140086.0,16ª Vara Criminal de Recife,Sem observações
565,5112941-62.2021.1.89.5887,833,Trabalhista,Instrução,Ativo,Dra. Cavalcante,2026-01-03,2025-06-11,Sem valor,10ª Vara Trabalhista de Recife,Sem observações
566,8590346-68.2020.7.63.7780,445,Trabalhista,Audiência,Ativo,Dra. Cavalcante,2023-09-14,2026-02-18,107752.0,13ª Vara Criminal de Recife,Sem observações
567,2461262-96.2021.6.48.1315,1138,Civil,Arquivado,Encerrado,Dr. Barros,2024-09-09,2026-06-16,351705.0,19ª Vara Cível de Recife,Sem observações
568,6445422-21.2020.5.39.8096,1332,Civil,Acordo Extrajudicial,Suspenso,Dr. Barros,2021-07-16,2025-02-23,375672.0,13ª Vara Criminal de Recife,Aguardando documentos
569,6003915-30.2025.6.37.7681,418,Trabalhista,Audiência,Ativo,Dr. Melo,2025-07-23,2025-02-22,206872.0,13ª Vara Criminal de Recife,Sem observações
570,9076234-78.2023.3.90.2702,762,Civil,Inicial,Ativo,Dr. Barros,2020-08-09,2025-12-12,Sem valor,9ª Vara Criminal de Recife,Sem observações
571,9168044-67.2022.1.26.3054,541,Trabalhista,Sentença,Em recurso,Dra. Fontes,2025-03-27,Sem prazo delimitado,232747.0,9ª Vara Cível de Recife,Sem observações
572,1098476-20.2021.1.47.3336,598,Civil,Acordo Extrajudicial,Suspenso,Dr. Barros,2022-10-21,2025-04-13,135841.0,1ª Vara Trabalhista de Recife,Sem observações
573,5732779-86.2025.4.28.7831,1285,Trabalhista,Audiência,Encerrado,Dra. Fontes,2026-02-19,2026-11-07,483381.0,14ª Vara Trabalhista de Recife,Aguardando documentos
574,3679963-72.2020.9.29.7859,382,Trabalhista,Execução,Encerrado,Dr. Melo,2021-06-11,2026-07-16,487393.0,2ª Vara Cível de Recife,Sem observações
575,4326518-76.2023.4.36.8530,260,Civil,Audiência,Encerrado,Dr. Melo,2025-02-23,2026-02-11,406930.0,5ª Vara Trabalhista de Recife,Sem observações
576,3924425-56.2021.9.58.2912,370,Civil,Instrução,Ativo,Dr. Barros,2021-08-04,2025-09-08,269136.0,1ª Vara Criminal de Recife,Sem observações
577,4687348-31.2023.1.92.6907,1499,Civil,Inicial,Ativo,Dra. Fontes,2024-10-19,Sem prazo delimitado,475350.0,13ª Vara Criminal de Recife,Sem observações
578,5214684-96.2020.6.84.9986,589,Trabalhista,Instrução,Ativo,Dra. Fontes,2023-03-03,2025-02-09,48350.0,10ª Vara Cível de Recife,Sem observações
579,7765112-69.2024.9.62.5648,368,Trabalhista,Audiência,Ativo,Dr. Barros,2024-06-18,2025-06-29,221961.0,17ª Vara Cível de Recife,Sem observações
580,7486029-45.2024.4.25.3159,299,Trabalhista,Audiência,Acordo,Dra. Cavalcante,2023-10-17,2026-04-13,Sem valor,5ª Vara Trabalhista de Recife,Aguardando documentos
581,4568537-97.2021.4.82.7633,231,Civil,Arquivado,Ativo,Dra. Cavalcante,2026-02-03,2026-03-13,410065.0,17ª Vara Cível de Recife,Sem observações
582,2461262-96.2021.6.48.1315,930,Trabalhista,Audiência,Em recurso,Dra. Fontes,2022-07-02,2025-08-24,152784.0,14ª Vara Trabalhista de Recife,Sem observações
583,8655267-17.2025.3.63.4188,906,Trabalhista,Instrução,Acordo,Dr. Barros,2025-02-12,2025-01-06,221145.0,4ª Vara Criminal de Recife,Sem observações
584,7789809-22.2020.1.73.9031,1477,Civil,Instrução,Ativo,Dra. Cavalcante,2023-08-15,2026-12-07,31163.0,10ª Vara Trabalhista de Recife,Sem observações
585,5401874-62.2025.2.46.8337,1482,Trabalhista,Recurso,Ativo,Dr. Barros,2022-02-09,Sem prazo delimitado,371950.0,15ª Vara Criminal de Recife,Sem observações
586,9898363-27.2020.4.89.2966,6,Civil,Execução,Acordo,Dr. Barros,2022-08-13,2026-05-04,Sem valor,9ª Vara Trabalhista de Recife,Sem observações
587,1165147-13.2020.2.47.5874,377,Trabalhista,Recurso,Ativo,Dr. Barros,2022-05-19,2026-10-05,448993.0,17ª Vara Cível de Recife,Sem observações
588,5316105-58.2020.3.22.3571,1240,Civil,Audiência,Ativo,Dr. Melo,2021-01-21,2025-08-31,34992.0,19ª Vara Cível de Recife,Sem observações
589,5316105-58.2020.3.22.3571,1243,Trabalhista,Acordo Extrajudicial,Em recurso,Dra. Cavalcante,2022-05-17,2026-01-20,320704.0,2ª Vara Trabalhista de Recife,Sem observações
590,7381740-86.2021.2.88.6570,1470,Civil,Audiência,Acordo,Dr. Barros,2022-09-04,2026-01-13,205381.0,19ª Vara Trabalhista de Recife,Sem observações
591,2966787-79.2022.1.41.9944,26,Civil,Arquivado,Encerrado,Dra. Cavalcante,2021-08-25,2025-07-06,Sem valor,5ª Vara Criminal de Recife,Aguardando documentos
592,4061044-97.2023.7.99.3676,133,Civil,Inicial,Encerrado,Dr. Barros,2021-04-26,Sem prazo delimitado,Sem valor,19ª Vara Criminal de Recife,Sem observações
593,5271615-59.2021.2.54.6844,571,Civil,Acordo Extrajudicial,Ativo,Dra. Cavalcante,2020-07-19,Sem prazo delimitado,Sem valor,17ª Vara Cível de Recife,Sem observações
594,1248003-72.2024.2.80.8472,1366,Trabalhista,Acordo Extrajudicial,Ativo,Dra. Fontes,2020-07-22,2026-11-19,207216.0,19ª Vara Trabalhista de Recife,Sem observações
595,5239450-56.2022.7.99.2371,1344,Civil,Inicial,Encerrado,Dr. Barros,2025-03-07,2026-10-13,194801.0,5ª Vara Cível de Recife,Sem observações
596,8886588-26.2020.9.65.6361,420,Trabalhista,Acordo Extrajudicial,Ativo,Dra. Fontes,2023-03-02,2026-11-18,30536.0,15ª Vara Criminal de Recife,Sem observações
597,2545435-52.2025.3.59.7623,1076,Trabalhista,Recurso,Ativo,Dra. Fontes,2024-01-27,2026-07-19,265381.0,10ª Vara Trabalhista de Recife,Sem observações
598,3542799-64.2025.6.13.7299,489,Civil,Execução,Ativo,Dra. Cavalcante,2022-04-06,2026-01-17,314463.0,12ª Vara Cível de Recife,Sem observações
599,4415624-13.2024.9.14.9480,165,Civil,Execução,Em recurso,Dr. Barros,2024-10-10,2025-07-05,262374.0,19ª Vara Criminal de Recife,Sem observações
600,3734843-61.2021.3.94.2954,757,Trabalhista,Recurso,Ativo,Dr. Melo,2020-08-11,2026-07-23,Sem valor,17ª Vara Criminal de Recife,Aguardando documentos
601,5638123-23.2024.7.30.5009,766,Trabalhista,Audiência,Ativo,Dra. Cavalcante,2021-12-29,2025-06-25,Sem valor,16ª Vara Criminal de Recife,Sem observações
602,2129757-49.2025.4.14.5657,382,Trabalhista,Execução,Suspenso,Dra. Fontes,2024-02-17,2025-08-25,77060.0,15ª Vara Criminal de Recife,Sem observações
603,1966014-66.2022.7.82.2137,17,Civil,Acordo Extrajudicial,Ativo,Dr. Melo,2024-03-09,2026-10-22,Sem valor,19ª Vara Cível de Recife,Sem observações
604,7515318-25.2024.4.34.6280,418,Trabalhista,Recurso,Encerrado,Dr. Melo,2023-05-21,2025-07-31,489962.0,16ª Vara Trabalhista de Recife,Sem observações
605,8827641-36.2022.5.59.8715,289,Trabalhista,Execução,Ativo,Dr. Melo,2025-10-12,Sem prazo delimitado,372960.0,12ª Vara Trabalhista de Recife,Sem observações
606,8306601-19.2020.3.50.7457,526,Trabalhista,Arquivado,Em recurso,Dra. Cavalcante,2026-01-03,2026-04-17,286598.0,19ª Vara Trabalhista de Recife,Sem observações
607,7633905-83.2022.9.95.2309,1187,Civil,Inicial,Acordo,Dra. Cavalcante,2020-03-10,Sem prazo delimitado,Sem valor,20ª Vara Cível de Recife,Sem observações
608,6927716-18.2022.9.56.1445,1198,Civil,Instrução,Suspenso,Dr. Melo,2025-11-18,2026-06-02,496816.0,5ª Vara Criminal de Recife,Sem observações
609,3766710-17.2025.4.91.1472,758,Civil,Execução,Ativo,Dra. Fontes,2025-08-21,2025-03-21,266873.0,15ª Vara Trabalhista de Recife,Sem observações
610,9898363-27.2020.4.89.2966,1317,Trabalhista,Sentença,Encerrado,Dr. Melo,2024-04-23,2025-09-12,6702.0,8ª Vara Trabalhista de Recife,Aguardando documentos
611,8843195-99.2024.6.39.2836,798,Trabalhista,Execução,Suspenso,Dra. Fontes,2020-01-17,2025-03-27,Sem valor,2ª Vara Criminal de Recife,Sem observações
612,1735592-50.2022.9.87.5612,968,Trabalhista,Arquivado,Ativo,Dr. Melo,2020-07-26,2025-09-13,308085.0,7ª Vara Trabalhista de Recife,Sem observações
613,6953559-38.2025.7.42.9212,532,Trabalhista,Inicial,Encerrado,Dr. Barros,2021-11-29,2026-11-10,214379.0,14ª Vara Trabalhista de Recife,Aguardando documentos
614,4314934-26.2021.7.14.7244,1083,Civil,Recurso,Ativo,Dra. Cavalcante,2022-06-13,2026-03-22,78651.0,11ª Vara Trabalhista de Recife,Aguardando documentos
615,3785792-10.2020.5.78.7940,655,Trabalhista,Audiência,Encerrado,Dra. Cavalcante,2025-04-23,2026-03-08,426000.0,6ª Vara Cível de Recife,Sem observações
616,5266269-78.2021.7.59.1392,238,Trabalhista,Sentença,Encerrado,Dr. Melo,2023-01-12,2025-10-25,118455.0,19ª Vara Criminal de Recife,Sem observações
617,6105303-92.2021.4.39.3868,248,Trabalhista,Audiência,Acordo,Dr. Barros,2021-09-22,Sem prazo delimitado,90086.0,15ª Vara Trabalhista de Recife,Sem observações
618,4326518-76.2023.4.36.8530,106,Trabalhista,Arquivado,Acordo,Dr. Melo,2025-08-23,2026-06-18,332282.0,15ª Vara Cível de Recife,Sem observações
619,7486138-99.2020.5.81.4332,256,Trabalhista,Acordo Extrajudicial,Ativo,Dr. Barros,2023-01-09,2025-04-15,148188.0,7ª Vara Cível de Recife,Aguardando documentos
620,2129757-49.2025.4.14.5657,1147,Civil,Recurso,Ativo,Dra. Cavalcante,2020-09-09,2025-05-21,439541.0,10ª Vara Cível de Recife,Sem observações
621,8843195-99.2024.6.39.2836,1465,Trabalhista,Sentença,Ativo,Dr. Barros,2022-10-28,2026-02-07,132242.0,5ª Vara Trabalhista de Recife,Sem observações
622,1101935-78.2023.5.88.5299,519,Trabalhista,Acordo Extrajudicial,Suspenso,Dr. Barros,2020-06-10,2026-05-01,486671.0,14ª Vara Criminal de Recife,Sem observações
623,7082985-88.2022.2.94.6058,620,Civil,Acordo Extrajudicial,Ativo,Dra. Fontes,2021-03-07,Sem prazo delimitado,421018.0,1ª Vara Cível de Recife,Sem observações
624,8986773-71.2022.6.45.5854,1432,Civil,Inicial,Ativo,Dra. Cavalcante,2025-12-07,2025-05-29,185703.0,14ª Vara Trabalhista de Recife,Sem observações
625,1311508-84.2020.3.38.8512,895,Civil,Acordo Extrajudicial,Em recurso,Dr. Barros,2024-11-14,2026-12-28,371643.0,18ª Vara Cível de Recife,Sem observações
626,2112478-55.2024.2.51.9095,1181,Trabalhista,Sentença,Em recurso,Dra. Fontes,2025-02-24,2026-03-13,25830.0,8ª Vara Trabalhista de Recife,Sem observações
627,8717678-27.2025.5.11.4526,1333,Civil,Recurso,Ativo,Dra. Cavalcante,2020-10-16,2026-03-13,105227.0,15ª Vara Criminal de Recife,Sem observações
628,6011987-71.2020.8.10.4396,15,Trabalhista,Acordo Extrajudicial,Encerrado,Dr. Melo,2025-05-17,2026-07-26,Sem valor,12ª Vara Trabalhista de Recife,Sem observações
629,6418382-43.2020.8.63.9133,853,Trabalhista,Recurso,Ativo,Dra. Cavalcante,2026-02-17,2025-11-30,139849.0,9ª Vara Criminal de Recife,Sem observações
630,8905709-90.2020.9.55.2471,760,Civil,Recurso,Ativo,Dra. Cavalcante,2022-12-02,2025-02-12,310049.0,4ª Vara Criminal de Recife,Aguardando documentos
631,5159882-37.2022.9.71.7550,54,Trabalhista,Audiência,Ativo,Dr. Melo,2021-03-15,2026-03-16,191374.0,1ª Vara Trabalhista de Recife,Sem observações
632,5947618-28.2023.6.53.6118,487,Trabalhista,Recurso,Encerrado,Dr. Barros,2022-04-12,2026-12-20,417533.0,6ª Vara Cível de Recife,Aguardando documentos
633,6524227-53.2025.1.97.6214,230,Civil,Acordo Extrajudicial,Suspenso,Dra. Cavalcante,2020-09-15,2026-06-23,Sem valor,5ª Vara Cível de Recife,Sem observações
634,8892606-62.2022.2.87.2168,904,Civil,Recurso,Ativo,Dr. Barros,2025-01-08,2025-11-08,446063.0,1ª Vara Criminal de Recife,Sem observações
635,5518767-82.2023.4.96.9873,332,Civil,Audiência,Ativo,Dr. Barros,2022-11-28,2025-01-27,491423.0,14ª Vara Trabalhista de Recife,Sem observações
636,8168054-14.2024.6.50.1232,1465,Trabalhista,Inicial,Encerrado,Dr. Melo,2021-12-06,Sem prazo delimitado,44742.0,15ª Vara Cível de Recife,Sem observações
637,9810112-12.2021.1.97.8847,537,Civil,Acordo Extrajudicial,Ativo,Dr. Barros,2025-12-22,2026-10-10,Sem valor,7ª Vara Criminal de Recife,Sem observações
638,5116418-16.2025.3.98.2234,574,Trabalhista,Acordo Extrajudicial,Em recurso,Dr. Melo,2022-11-13,2025-07-29,220670.0,2ª Vara Cível de Recife,Sem observações
639,5867457-18.2023.9.16.7298,4,Civil,Instrução,Encerrado,Dr. Melo,2022-03-27,2025-11-12,304486.0,2ª Vara Criminal de Recife,Sem observações
640,9086174-80.2025.1.81.3292,301,Trabalhista,Audiência,Suspenso,Dra. Fontes,2024-09-29,2026-12-11,49609.0,18ª Vara Trabalhista de Recife,Sem observações
641,1964519-55.2020.7.58.6781,976,Civil,Recurso,Ativo,Dra. Cavalcante,2025-10-08,2026-04-11,116716.0,20ª Vara Trabalhista de Recife,Aguardando documentos
642,4065326-72.2025.8.58.5304,330,Civil,Recurso,Ativo,Dra. Fontes,2020-06-08,2025-04-30,392587.0,8ª Vara Trabalhista de Recife,Sem observações
643,1742202-63.2023.6.68.9372,1138,Trabalhista,Execução,Ativo,Dr. Barros,2020-06-13,2026-11-10,172246.0,19ª Vara Cível de Recife,Sem observações
644,7941836-76.2025.4.34.6543,1306,Trabalhista,Sentença,Ativo,Dr. Barros,2020-05-15,2025-10-13,128489.0,3ª Vara Criminal de Recife,Sem observações
645,5850223-43.2020.3.81.3185,516,Trabalhista,Audiência,Ativo,Dra. Fontes,2024-09-18,2025-09-01,392386.0,7ª Vara Trabalhista de Recife,Sem observações
646,5788467-41.2023.8.93.8134,572,Civil,Audiência,Suspenso,Dra. Cavalcante,2023-11-27,2025-08-13,496242.0,17ª Vara Criminal de Recife,Sem observações
647,3395583-64.2024.4.41.2181,847,Trabalhista,Sentença,Ativo,Dr. Barros,2021-09-03,2025-02-02,78315.0,1ª Vara Criminal de Recife,Sem observações
648,4952151-27.2023.3.38.8762,140,Trabalhista,Arquivado,Encerrado,Dr. Melo,2021-08-03,2026-01-11,499710.0,1ª Vara Criminal de Recife,Sem observações
649,5700249-43.2020.5.57.9341,876,Trabalhista,Arquivado,Ativo,Dra. Cavalcante,2022-11-19,2025-06-02,Sem valor,9ª Vara Criminal de Recife,Sem observações
650,7687351-51.2022.6.73.6768,963,Civil,Instrução,Encerrado,Dr. Melo,2025-08-18,2025-01-15,176074.0,10ª Vara Cível de Recife,Sem observações
651,8749473-21.2020.4.12.9144,60,Trabalhista,Execução,Ativo,Dr. Barros,2024-03-20,2026-06-27,139410.0,2ª Vara Trabalhista de Recife,Sem observações
652,4016576-41.2022.7.10.6952,1052,Trabalhista,Sentença,Encerrado,Dra. Fontes,2022-05-12,2026-11-08,16708.0,7ª Vara Cível de Recife,Sem observações
653,2112478-55.2024.2.51.9095,873,Trabalhista,Recurso,Acordo,Dr. Barros,2020-08-12,2026-01-01,55802.0,15ª Vara Trabalhista de Recife,Sem observações
654,3464073-25.2022.8.73.5075,973,Civil,Execução,Ativo,Dra. Fontes,2022-09-18,2026-04-17,Sem valor,10ª Vara Cível de Recife,Sem observações
655,1615190-23.2022.2.42.6238,678,Trabalhista,Audiência,Em recurso,Dr. Barros,2021-09-01,2026-11-19,181452.0,3ª Vara Cível de Recife,Sem observações
656,4721085-96.2020.6.92.9645,1311,Civil,Inicial,Suspenso,Dr. Barros,2025-06-25,2026-02-16,193995.0,3ª Vara Criminal de Recife,Sem observações
657,6836135-90.2022.9.37.5643,336,Trabalhista,Audiência,Ativo,Dra. Fontes,2022-03-30,2026-11-17,Sem valor,11ª Vara Criminal de Recife,Sem observações
658,8588997-88.2020.6.29.5987,1170,Civil,Arquivado,Acordo,Dr. Barros,2020-12-15,2025-04-12,465269.0,13ª Vara Criminal de Recife,Sem observações
659,3975387-89.2023.4.55.7631,1314,Civil,Execução,Ativo,Dra. Cavalcante,2023-06-27,2025-07-07,296063.0,17ª Vara Cível de Recife,Aguardando documentos
660,7539718-58.2020.2.52.9800,1372,Trabalhista,Inicial,Ativo,Dr. Barros,2023-08-10,Sem prazo delimitado,Sem valor,19ª Vara Criminal de Recife,Aguardando documentos
661,9835331-11.2022.6.15.8602,434,Civil,Sentença,Ativo,Dr. Melo,2024-01-06,2026-12-22,154565.0,9ª Vara Criminal de Recife,Sem observações
662,7916680-90.2022.1.67.1785,627,Civil,Inicial,Ativo,Dr. Melo,2024-11-15,Sem prazo delimitado,272929.0,10ª Vara Criminal de Recife,Sem observações
663,4064382-39.2022.4.13.8937,1376,Civil,Recurso,Ativo,Dra. Cavalcante,2025-07-28,2025-08-22,Sem valor,19ª Vara Cível de Recife,Sem observações
664,7438163-48.2021.3.47.1186,46,Civil,Sentença,Acordo,Dra. Fontes,2024-01-16,2025-12-29,Sem valor,19ª Vara Criminal de Recife,Sem observações
665,4299848-20.2023.2.47.7396,290,Trabalhista,Acordo Extrajudicial,Acordo,Dr. Melo,2026-04-27,2025-05-20,Sem valor,7ª Vara Cível de Recife,Aguardando documentos
666,9822459-92.2024.8.17.6403,117,Trabalhista,Inicial,Em recurso,Dra. Cavalcante,2022-04-08,2026-11-12,271608.0,5ª Vara Trabalhista de Recife,Sem observações
667,9489806-94.2021.2.55.9162,733,Trabalhista,Arquivado,Suspenso,Dra. Fontes,2021-06-01,2026-05-27,181225.0,20ª Vara Trabalhista de Recife,Sem observações
668,5214684-96.2020.6.84.9986,1039,Trabalhista,Recurso,Encerrado,Dra. Fontes,2021-03-23,2025-10-22,282392.0,9ª Vara Cível de Recife,Sem observações
669,8630644-97.2025.3.28.1296,1229,Trabalhista,Acordo Extrajudicial,Em recurso,Dr. Barros,2024-06-05,2026-02-23,406838.0,13ª Vara Trabalhista de Recife,Aguardando documentos
670,5483975-50.2024.8.92.4422,204,Trabalhista,Recurso,Encerrado,Dr. Barros,2025-08-29,Sem prazo delimitado,188613.0,18ª Vara Criminal de Recife,Sem observações
671,8892606-62.2022.2.87.2168,78,Trabalhista,Audiência,Encerrado,Dr. Melo,2023-12-31,2026-06-23,Sem valor,9ª Vara Cível de Recife,Sem observações
672,5631823-61.2020.5.47.1440,431,Trabalhista,Recurso,Ativo,Dr. Melo,2022-07-27,2026-04-13,380102.0,19ª Vara Cível de Recife,Sem observações
673,7948577-74.2025.1.60.7583,246,Civil,Arquivado,Ativo,Dr. Barros,2020-01-06,2025-06-19,333540.0,19ª Vara Criminal de Recife,Sem observações
674,6694761-39.2022.1.10.2199,704,Trabalhista,Audiência,Em recurso,Dra. Cavalcante,2023-12-31,2025-04-25,298766.0,18ª Vara Trabalhista de Recife,Sem observações
675,9573194-21.2022.1.35.8352,1363,Civil,Recurso,Ativo,Dra. Fontes,2022-12-08,2025-08-22,106067.0,10ª Vara Criminal de Recife,Sem observações
676,3679963-72.2020.9.29.7859,328,Trabalhista,Inicial,Ativo,Dra. Cavalcante,2025-11-22,2026-12-07,252500.0,3ª Vara Cível de Recife,Sem observações
677,7438163-48.2021.3.47.1186,1070,Civil,Recurso,Acordo,Dr. Barros,2023-08-17,2025-08-02,Sem valor,4ª Vara Trabalhista de Recife,Sem observações
678,3263740-44.2022.3.81.5402,1272,Trabalhista,Recurso,Ativo,Dr. Barros,2020-02-26,2026-07-19,469513.0,15ª Vara Trabalhista de Recife,Sem observações
679,1621418-87.2020.9.55.9337,573,Trabalhista,Inicial,Encerrado,Dr. Melo,2024-12-22,2026-07-14,Sem valor,11ª Vara Criminal de Recife,Sem observações
680,7599278-46.2021.4.96.3535,11,Civil,Execução,Ativo,Dra. Cavalcante,2023-10-05,Sem prazo delimitado,234500.0,14ª Vara Criminal de Recife,Sem observações
681,3395583-64.2024.4.41.2181,806,Trabalhista,Arquivado,Suspenso,Dr. Barros,2023-10-21,2025-08-05,25636.0,11ª Vara Cível de Recife,Aguardando documentos
682,1615190-23.2022.2.42.6238,531,Trabalhista,Acordo Extrajudicial,Encerrado,Dra. Cavalcante,2024-04-30,2025-07-18,305938.0,14ª Vara Criminal de Recife,Sem observações
683,5316105-58.2020.3.22.3571,920,Civil,Arquivado,Acordo,Dra. Fontes,2026-04-27,2026-12-15,239104.0,2ª Vara Trabalhista de Recife,Aguardando documentos
684,5492622-29.2021.9.92.7737,938,Trabalhista,Instrução,Suspenso,Dr. Melo,2025-08-26,2025-08-30,Sem valor,2ª Vara Cível de Recife,Sem observações
685,6927716-18.2022.9.56.1445,1178,Civil,Execução,Em recurso,Dr. Barros,2023-12-30,2026-04-09,Sem valor,9ª Vara Trabalhista de Recife,Sem observações
686,5432782-56.2021.2.97.6240,81,Trabalhista,Arquivado,Encerrado,Dra. Fontes,2023-11-12,Sem prazo delimitado,200700.0,19ª Vara Cível de Recife,Sem observações
687,2884639-86.2023.2.31.8737,452,Trabalhista,Audiência,Suspenso,Dra. Fontes,2025-07-25,2026-01-08,42940.0,1ª Vara Criminal de Recife,Sem observações
688,4092125-65.2025.3.26.9073,938,Civil,Audiência,Ativo,Dra. Cavalcante,2022-08-16,2025-09-11,208612.0,11ª Vara Trabalhista de Recife,Sem observações
689,1742202-63.2023.6.68.9372,436,Trabalhista,Recurso,Ativo,Dr. Melo,2020-06-05,2025-03-10,Sem valor,7ª Vara Cível de Recife,Sem observações
690,7553290-31.2023.9.36.9282,662,Trabalhista,Acordo Extrajudicial,Ativo,Dr. Melo,2024-12-12,2025-01-29,Sem valor,13ª Vara Cível de Recife,Sem observações
691,6927716-18.2022.9.56.1445,491,Trabalhista,Inicial,Ativo,Dr. Melo,2023-02-11,2025-03-23,Sem valor,3ª Vara Criminal de Recife,Aguardando documentos
692,2554938-48.2024.1.13.4544,782,Civil,Arquivado,Ativo,Dra. Fontes,2022-02-02,2026-01-02,424425.0,9ª Vara Trabalhista de Recife,Sem observações
693,1602496-64.2022.5.79.8340,896,Civil,Execução,Ativo,Dr. Barros,2026-01-17,2025-11-11,270239.0,9ª Vara Cível de Recife,Aguardando documentos
694,8286382-50.2025.4.53.4414,1238,Trabalhista,Recurso,Encerrado,Dr. Barros,2022-11-23,2025-06-26,112455.0,4ª Vara Trabalhista de Recife,Sem observações
695,1093623-59.2025.7.92.5441,30,Trabalhista,Recurso,Ativo,Dra. Cavalcante,2021-07-21,2025-07-01,488915.0,15ª Vara Trabalhista de Recife,Sem observações
696,5401874-62.2025.2.46.8337,1366,Civil,Arquivado,Acordo,Dra. Fontes,2024-05-18,Sem prazo delimitado,313856.0,4ª Vara Trabalhista de Recife,Aguardando documentos
697,5996426-23.2022.8.20.3566,636,Trabalhista,Acordo Extrajudicial,Ativo,Dr. Barros,2025-01-17,2026-02-14,Sem valor,16ª Vara Trabalhista de Recife,Sem observações
698,1628717-84.2025.8.67.8313,723,Civil,Sentença,Suspenso,Dra. Cavalcante,2024-11-19,2025-11-25,Sem valor,19ª Vara Criminal de Recife,Sem observações
699,4584224-94.2025.2.57.2511,295,Civil,Execução,Ativo,Dr. Melo,2021-08-03,2026-03-18,295461.0,20ª Vara Cível de Recife,Sem observações
700,6096719-87.2023.1.41.6180,958,Trabalhista,Execução,Ativo,Dr. Barros,2020-05-22,Sem prazo delimitado,Sem valor,19ª Vara Cível de Recife,Sem observações
701,8905709-90.2020.9.55.2471,180,Trabalhista,Recurso,Acordo,Dr. Melo,2020-12-30,2025-07-14,15390.0,17ª Vara Trabalhista de Recife,Aguardando documentos
702,5116418-16.2025.3.98.2234,821,Civil,Audiência,Ativo,Dra. Cavalcante,2025-12-11,2026-01-16,Sem valor,11ª Vara Cível de Recife,Sem observações
703,2519059-58.2022.7.86.4385,844,Civil,Acordo Extrajudicial,Ativo,Dra. Cavalcante,2025-11-13,2025-03-16,Sem valor,8ª Vara Trabalhista de Recife,Sem observações
704,2292432-35.2025.5.83.7063,869,Trabalhista,Audiência,Ativo,Dra. Fontes,2026-01-09,2025-09-14,78854.0,2ª Vara Criminal de Recife,Sem observações
705,7486138-99.2020.5.81.4332,1259,Trabalhista,Sentença,Encerrado,Dr. Barros,2022-12-16,2026-10-09,373931.0,18ª Vara Trabalhista de Recife,Sem observações
706,7820540-78.2023.1.75.4823,1076,Civil,Acordo Extrajudicial,Ativo,Dra. Fontes,2022-02-22,2026-02-08,Sem valor,20ª Vara Cível de Recife,Aguardando documentos
707,8062805-72.2022.1.22.8771,641,Civil,Acordo Extrajudicial,Suspenso,Dra. Fontes,2021-12-10,2025-12-05,425296.0,9ª Vara Trabalhista de Recife,Aguardando documentos
708,6694761-39.2022.1.10.2199,352,Trabalhista,Arquivado,Acordo,Dr. Melo,2022-01-19,2025-04-07,118805.0,12ª Vara Cível de Recife,Sem observações
709,5614769-67.2022.9.87.1001,590,Trabalhista,Arquivado,Em recurso,Dr. Barros,2021-09-06,2026-11-21,Sem valor,11ª Vara Criminal de Recife,Sem observações
710,9774395-92.2023.2.75.3192,582,Trabalhista,Sentença,Encerrado,Dr. Melo,2020-08-09,2025-10-17,260778.0,1ª Vara Criminal de Recife,Sem observações
711,2869625-86.2025.7.14.5837,506,Civil,Acordo Extrajudicial,Suspenso,Dr. Melo,2020-10-04,2025-04-10,417999.0,15ª Vara Trabalhista de Recife,Sem observações
712,1248003-72.2024.2.80.8472,1142,Trabalhista,Recurso,Suspenso,Dra. Cavalcante,2021-06-13,2026-05-16,233676.0,9ª Vara Trabalhista de Recife,Sem observações
713,1311508-84.2020.3.38.8512,897,Trabalhista,Acordo Extrajudicial,Suspenso,Dra. Cavalcante,2022-07-11,2025-11-14,Sem valor,14ª Vara Cível de Recife,Sem observações
714,9425559-65.2022.6.99.1309,506,Civil,Execução,Em recurso,Dr. Barros,2022-04-01,2025-02-22,186270.0,9ª Vara Cível de Recife,Aguardando documentos
715,6686912-30.2025.4.68.7078,1167,Trabalhista,Acordo Extrajudicial,Ativo,Dr. Barros,2026-01-19,2026-10-22,Sem valor,7ª Vara Cível de Recife,Aguardando documentos
716,6992158-64.2024.5.43.7750,144,Civil,Recurso,Suspenso,Dr. Melo,2025-01-16,2026-07-12,186737.0,11ª Vara Trabalhista de Recife,Aguardando documentos
717,7765112-69.2024.9.62.5648,590,Civil,Arquivado,Suspenso,Dra. Cavalcante,2022-04-02,2025-02-04,383349.0,1ª Vara Criminal de Recife,Sem observações
718,8843195-99.2024.6.39.2836,389,Civil,Arquivado,Encerrado,Dra. Fontes,2022-12-29,2025-04-08,Sem valor,9ª Vara Cível de Recife,Sem observações
719,3376786-12.2020.7.64.5093,1450,Trabalhista,Acordo Extrajudicial,Ativo,Dr. Melo,2021-07-09,2026-03-29,Sem valor,17ª Vara Trabalhista de Recife,Sem observações
720,4134515-43.2021.8.70.4879,1370,Civil,Recurso,Encerrado,Dr. Melo,2022-02-10,2026-01-17,27857.0,7ª Vara Criminal de Recife,Sem observações
721,8539686-69.2023.4.36.2235,1054,Trabalhista,Acordo Extrajudicial,Ativo,Dra. Fontes,2023-09-16,2026-01-14,350018.0,1ª Vara Cível de Recife,Sem observações
722,8097721-13.2023.1.47.8354,863,Trabalhista,Execução,Em recurso,Dr. Barros,2024-03-30,2026-11-18,282013.0,10ª Vara Criminal de Recife,Sem observações
723,7840442-26.2025.9.53.5093,412,Civil,Audiência,Ativo,Dra. Fontes,2025-07-20,2025-11-03,Sem valor,12ª Vara Criminal de Recife,Sem observações
724,6992158-64.2024.5.43.7750,740,Civil,Inicial,Ativo,Dr. Barros,2020-06-20,2026-10-18,395046.0,19ª Vara Trabalhista de Recife,Aguardando documentos
725,4938178-62.2020.7.27.6072,1057,Trabalhista,Instrução,Acordo,Dr. Barros,2020-02-05,2025-08-07,182477.0,19ª Vara Criminal de Recife,Sem observações
726,3975387-89.2023.4.55.7631,406,Trabalhista,Recurso,Ativo,Dr. Barros,2025-08-06,2025-02-16,230257.0,2ª Vara Cível de Recife,Sem observações
727,3879233-61.2024.5.30.1494,95,Trabalhista,Sentença,Encerrado,Dra. Fontes,2022-02-01,2025-05-27,339691.0,7ª Vara Criminal de Recife,Sem observações
728,2895065-46.2022.7.67.1438,1244,Civil,Execução,Ativo,Dra. Cavalcante,2024-02-06,2026-07-25,355022.0,20ª Vara Cível de Recife,Sem observações
729,8714773-70.2022.9.65.8541,1103,Trabalhista,Acordo Extrajudicial,Em recurso,Dr. Melo,2024-08-07,2026-01-10,86699.0,13ª Vara Trabalhista de Recife,Sem observações
730,5316105-58.2020.3.22.3571,1245,Trabalhista,Arquivado,Acordo,Dra. Fontes,2020-01-20,2026-02-08,88240.0,17ª Vara Trabalhista de Recife,Sem observações
731,1633270-27.2024.2.52.7034,371,Trabalhista,Sentença,Ativo,Dr. Barros,2025-06-05,2026-01-22,81725.0,15ª Vara Criminal de Recife,Sem observações
732,7979033-26.2021.6.18.1084,1000,Trabalhista,Arquivado,Ativo,Dr. Melo,2026-01-22,2026-09-13,362576.0,6ª Vara Cível de Recife,Sem observações
733,6370110-64.2022.3.52.8440,1393,Civil,Arquivado,Ativo,Dr. Melo,2024-08-31,2025-02-17,Sem valor,18ª Vara Cível de Recife,Sem observações
734,1974389-81.2024.5.57.9354,811,Civil,Acordo Extrajudicial,Suspenso,Dr. Barros,2021-11-24,2025-09-14,361610.0,17ª Vara Trabalhista de Recife,Sem observações
735,5753123-52.2021.4.48.4042,664,Civil,Execução,Ativo,Dra. Fontes,2023-01-23,Sem prazo delimitado,124463.0,18ª Vara Cível de Recife,Sem observações
736,1869144-23.2023.5.84.3325,249,Civil,Execução,Encerrado,Dra. Fontes,2025-04-04,2025-11-03,Sem valor,20ª Vara Cível de Recife,Aguardando documentos
737,8590346-68.2020.7.63.7780,1129,Civil,Sentença,Ativo,Dr. Barros,2020-04-23,Sem prazo delimitado,405756.0,1ª Vara Criminal de Recife,Sem observações
738,5462435-11.2024.9.85.2977,1188,Civil,Recurso,Encerrado,Dr. Barros,2020-10-26,2025-09-06,364521.0,1ª Vara Criminal de Recife,Sem observações
739,9252661-70.2020.1.46.1185,163,Trabalhista,Sentença,Suspenso,Dr. Melo,2022-09-28,2026-09-02,442121.0,20ª Vara Cível de Recife,Sem observações
740,6416661-36.2021.8.21.8496,201,Trabalhista,Arquivado,Ativo,Dra. Cavalcante,2020-02-26,Sem prazo delimitado,349015.0,13ª Vara Trabalhista de Recife,Sem observações
741,2869625-86.2025.7.14.5837,357,Civil,Execução,Acordo,Dra. Fontes,2022-06-14,2026-06-07,168900.0,10ª Vara Trabalhista de Recife,Sem observações
742,2186433-37.2022.2.12.4344,233,Trabalhista,Acordo Extrajudicial,Ativo,Dr. Melo,2020-02-14,2025-05-25,447376.0,17ª Vara Cível de Recife,Sem observações
743,3724721-44.2021.9.75.5553,1490,Civil,Sentença,Em recurso,Dra. Cavalcante,2022-04-19,2026-01-25,377343.0,3ª Vara Criminal de Recife,Sem observações
744,5159219-49.2023.5.25.3676,1400,Trabalhista,Arquivado,Ativo,Dra. Fontes,2021-10-18,2026-03-11,51272.0,15ª Vara Criminal de Recife,Sem observações
745,7544569-30.2022.4.91.9370,595,Civil,Sentença,Suspenso,Dra. Fontes,2024-01-05,2025-01-28,48747.0,14ª Vara Trabalhista de Recife,Sem observações
746,8678370-92.2025.7.35.9962,1100,Trabalhista,Inicial,Ativo,Dr. Barros,2022-01-05,2025-08-12,139526.0,15ª Vara Cível de Recife,Sem observações
747,8368372-34.2020.6.43.9691,350,Civil,Instrução,Suspenso,Dr. Melo,2025-02-06,2025-12-13,17140.0,7ª Vara Cível de Recife,Sem observações
748,2824928-33.2020.1.90.6467,576,Civil,Inicial,Encerrado,Dra. Cavalcante,2025-01-06,2025-11-24,90887.0,16ª Vara Trabalhista de Recife,Sem observações
749,1099617-37.2023.9.61.1793,1017,Trabalhista,Acordo Extrajudicial,Acordo,Dra. Fontes,2020-07-21,2026-07-27,210889.0,2ª Vara Trabalhista de Recife,Sem observações
750,6053412-12.2021.6.72.8346,660,Trabalhista,Instrução,Ativo,Dr. Melo,2025-07-30,2026-03-29,237097.0,19ª Vara Cível de Recife,Sem observações
751,3376786-12.2020.7.64.5093,1121,Trabalhista,Audiência,Ativo,Dr. Melo,2021-03-18,2025-11-06,19516.0,18ª Vara Cível de Recife,Sem observações
752,1664676-19.2021.8.64.4616,1222,Civil,Sentença,Ativo,Dr. Melo,2023-05-25,Sem prazo delimitado,250924.0,3ª Vara Criminal de Recife,Sem observações
753,5210656-44.2021.1.39.2474,101,Civil,Acordo Extrajudicial,Encerrado,Dra. Cavalcante,2024-11-19,2026-07-24,349647.0,2ª Vara Trabalhista de Recife,Aguardando documentos
754,7274275-74.2020.1.22.9780,1238,Civil,Instrução,Ativo,Dr. Melo,2022-06-10,2026-05-11,57323.0,14ª Vara Trabalhista de Recife,Sem observações
755,5661974-14.2020.6.39.3137,824,Trabalhista,Instrução,Ativo,Dr. Barros,2023-10-17,2026-08-02,258723.0,15ª Vara Trabalhista de Recife,Sem observações
756,3505690-87.2020.8.52.6260,154,Trabalhista,Sentença,Encerrado,Dr. Melo,2021-09-16,2026-07-23,Sem valor,15ª Vara Trabalhista de Recife,Aguardando documentos
757,7862554-22.2024.7.83.6459,661,Trabalhista,Inicial,Em recurso,Dr. Barros,2023-12-18,2026-10-22,Sem valor,12ª Vara Criminal de Recife,Sem observações
758,3541821-31.2021.8.96.1927,358,Trabalhista,Recurso,Ativo,Dra. Fontes,2023-10-22,2026-02-12,138659.0,14ª Vara Cível de Recife,Aguardando documentos
759,3542799-64.2025.6.13.7299,1083,Trabalhista,Execução,Acordo,Dr. Melo,2022-12-27,2026-11-04,Sem valor,5ª Vara Criminal de Recife,Sem observações
760,9168044-67.2022.1.26.3054,159,Trabalhista,Arquivado,Ativo,Dra. Fontes,2021-11-11,2025-06-09,123356.0,1ª Vara Trabalhista de Recife,Aguardando documentos
761,5545511-73.2023.1.66.9757,116,Trabalhista,Recurso,Encerrado,Dr. Barros,2022-10-03,2025-02-03,53164.0,7ª Vara Trabalhista de Recife,Aguardando documentos
762,8539686-69.2023.4.36.2235,363,Trabalhista,Sentença,Ativo,Dr. Barros,2025-03-12,2025-06-07,153537.0,12ª Vara Trabalhista de Recife,Sem observações
763,6982910-41.2023.8.91.8758,241,Trabalhista,Execução,Acordo,Dr. Melo,2021-08-26,2025-04-18,143924.0,16ª Vara Criminal de Recife,Sem observações
764,2316290-44.2022.7.34.5190,166,Trabalhista,Arquivado,Acordo,Dr. Melo,2022-08-31,2026-11-01,Sem valor,16ª Vara Criminal de Recife,Sem observações
765,6384831-67.2022.5.89.7429,516,Civil,Acordo Extrajudicial,Encerrado,Dr. Barros,2021-11-12,2025-07-29,Sem valor,19ª Vara Cível de Recife,Sem observações
766,3168718-77.2025.2.92.8027,5,Trabalhista,Instrução,Ativo,Dra. Cavalcante,2022-05-12,2026-10-29,Sem valor,8ª Vara Cível de Recife,Sem observações
767,3576390-15.2021.2.82.8209,1143,Civil,Recurso,Suspenso,Dra. Cavalcante,2020-08-11,Sem prazo delimitado,217075.0,16ª Vara Criminal de Recife,Aguardando documentos
768,2895065-46.2022.7.67.1438,787,Civil,Inicial,Suspenso,Dra. Fontes,2020-10-17,2026-10-10,Sem valor,1ª Vara Trabalhista de Recife,Sem observações
769,3710559-31.2020.9.95.2540,1284,Trabalhista,Execução,Ativo,Dra. Fontes,2021-02-23,2025-05-31,262469.0,11ª Vara Cível de Recife,Sem observações
770,3879233-61.2024.5.30.1494,546,Civil,Inicial,Ativo,Dra. Cavalcante,2021-02-23,2025-06-18,47675.0,2ª Vara Cível de Recife,Sem observações
771,9108785-98.2021.3.78.6687,1143,Civil,Sentença,Ativo,Dra. Fontes,2021-07-04,2025-03-03,373058.0,12ª Vara Cível de Recife,Sem observações
772,6935346-77.2024.3.52.9529,1267,Trabalhista,Execução,Encerrado,Dra. Fontes,2021-02-11,Sem prazo delimitado,49447.0,5ª Vara Trabalhista de Recife,Sem observações
773,7381740-86.2021.2.88.6570,1315,Trabalhista,Sentença,Encerrado,Dra. Fontes,2022-07-10,2026-07-01,308465.0,20ª Vara Criminal de Recife,Sem observações
774,7486138-99.2020.5.81.4332,560,Civil,Arquivado,Ativo,Dra. Fontes,2022-05-23,2026-05-17,Sem valor,19ª Vara Trabalhista de Recife,Aguardando documentos
775,7486138-99.2020.5.81.4332,1314,Trabalhista,Arquivado,Em recurso,Dra. Fontes,2020-05-03,2026-03-10,322322.0,11ª Vara Cível de Recife,Sem observações
776,2191287-57.2021.1.18.8228,471,Trabalhista,Arquivado,Ativo,Dra. Cavalcante,2020-04-14,2026-06-28,Sem valor,1ª Vara Criminal de Recife,Sem observações
777,2869625-86.2025.7.14.5837,732,Trabalhista,Arquivado,Acordo,Dra. Fontes,2020-11-03,2025-01-12,51453.0,13ª Vara Cível de Recife,Aguardando documentos
778,9057960-29.2025.5.10.6072,778,Trabalhista,Instrução,Acordo,Dr. Melo,2025-11-26,Sem prazo delimitado,186001.0,17ª Vara Trabalhista de Recife,Sem observações
779,3542799-64.2025.6.13.7299,1297,Civil,Audiência,Ativo,Dr. Barros,2022-11-09,2025-11-10,387675.0,15ª Vara Criminal de Recife,Sem observações
780,9425559-65.2022.6.99.1309,743,Trabalhista,Acordo Extrajudicial,Ativo,Dra. Fontes,2022-10-29,2025-12-28,499491.0,14ª Vara Trabalhista de Recife,Sem observações
781,8125196-18.2023.1.53.1215,1312,Civil,Audiência,Ativo,Dra. Fontes,2021-11-26,2026-07-05,Sem valor,6ª Vara Cível de Recife,Sem observações
782,5631823-61.2020.5.47.1440,814,Civil,Sentença,Encerrado,Dr. Melo,2020-03-09,2026-12-11,35854.0,11ª Vara Criminal de Recife,Aguardando documentos
783,9686751-57.2022.7.62.3494,264,Trabalhista,Audiência,Acordo,Dr. Barros,2025-04-08,2025-08-15,Sem valor,8ª Vara Trabalhista de Recife,Sem observações
784,5035093-45.2021.1.27.3097,583,Civil,Sentença,Ativo,Dr. Melo,2024-11-14,2025-01-23,Sem valor,7ª Vara Trabalhista de Recife,Sem observações
785,2328070-99.2024.8.57.5561,142,Civil,Recurso,Encerrado,Dra. Fontes,2025-12-01,2025-07-03,473242.0,17ª Vara Cível de Recife,Sem observações
786,7243958-65.2020.5.25.5047,1458,Trabalhista,Arquivado,Encerrado,Dra. Cavalcante,2020-07-16,2025-07-27,158026.0,17ª Vara Criminal de Recife,Sem observações
787,6686912-30.2025.4.68.7078,860,Civil,Inicial,Ativo,Dr. Barros,2022-03-26,2026-04-28,363693.0,14ª Vara Trabalhista de Recife,Aguardando documentos
788,7223110-52.2024.2.44.8994,847,Trabalhista,Acordo Extrajudicial,Encerrado,Dra. Fontes,2022-10-09,2025-12-17,161654.0,7ª Vara Trabalhista de Recife,Sem observações
789,1165147-13.2020.2.47.5874,1257,Trabalhista,Recurso,Ativo,Dr. Melo,2024-07-01,2025-04-24,205182.0,12ª Vara Cível de Recife,Sem observações
790,2884639-86.2023.2.31.8737,1101,Trabalhista,Recurso,Suspenso,Dra. Fontes,2020-02-12,2026-11-27,170098.0,15ª Vara Cível de Recife,Sem observações
791,8323566-47.2021.3.26.4644,513,Trabalhista,Arquivado,Ativo,Dr. Barros,2020-02-28,2025-10-16,437484.0,17ª Vara Trabalhista de Recife,Sem observações
792,5545511-73.2023.1.66.9757,220,Civil,Execução,Ativo,Dra. Fontes,2021-07-10,2026-08-16,96364.0,19ª Vara Trabalhista de Recife,Sem observações
793,5638123-23.2024.7.30.5009,346,Trabalhista,Sentença,Ativo,Dr. Melo,2022-07-26,2026-05-01,89309.0,18ª Vara Trabalhista de Recife,Sem observações
794,8415891-60.2021.6.92.5554,1146,Civil,Audiência,Encerrado,Dr. Melo,2020-12-04,2025-08-12,149859.0,10ª Vara Trabalhista de Recife,Sem observações
795,8843195-99.2024.6.39.2836,659,Trabalhista,Inicial,Suspenso,Dr. Melo,2022-11-22,Sem prazo delimitado,Sem valor,18ª Vara Trabalhista de Recife,Sem observações
796,8220628-15.2021.8.54.9077,1012,Civil,Acordo Extrajudicial,Ativo,Dra. Fontes,2023-11-20,2025-08-05,27800.0,16ª Vara Cível de Recife,Sem observações
797,4494463-44.2022.5.80.7542,704,Trabalhista,Inicial,Ativo,Dr. Barros,2020-08-22,2025-11-14,Sem valor,9ª Vara Criminal de Recife,Sem observações
798,1964519-55.2020.7.58.6781,88,Civil,Instrução,Ativo,Dr. Barros,2022-06-26,2025-01-13,71848.0,9ª Vara Trabalhista de Recife,Sem observações
799,1784068-27.2021.3.12.2538,364,Civil,Sentença,Encerrado,Dr. Melo,2025-08-21,2026-11-14,Sem valor,17ª Vara Trabalhista de Recife,Sem observações
800,5991409-16.2021.8.44.1303,1393,Trabalhista,Instrução,Ativo,Dr. Barros,2023-11-24,2026-04-25,Sem valor,14ª Vara Trabalhista de Recife,Sem observações
801,6034606-21.2023.6.18.6684,618,Civil,Arquivado,Ativo,Dra. Fontes,2022-09-05,2026-02-22,467740.0,4ª Vara Cível de Recife,Sem observações
802,5625093-80.2022.9.16.6618,1203,Trabalhista,Sentença,Ativo,Dra. Fontes,2021-06-23,2026-01-16,Sem valor,19ª Vara Cível de Recife,Sem observações
803,9319285-35.2025.3.19.9131,1314,Civil,Execução,Ativo,Dra. Fontes,2026-04-04,2026-12-18,Sem valor,7ª Vara Cível de Recife,Sem observações
804,5284129-51.2020.3.32.5205,460,Civil,Acordo Extrajudicial,Ativo,Dr. Barros,2020-07-27,2025-07-29,99597.0,14ª Vara Trabalhista de Recife,Sem observações
805,6547287-16.2023.4.15.7491,9,Trabalhista,Execução,Encerrado,Dra. Fontes,2024-07-18,2025-11-01,111849.0,8ª Vara Trabalhista de Recife,Aguardando documentos
806,3496733-55.2020.2.43.8503,35,Trabalhista,Recurso,Ativo,Dra. Cavalcante,2024-09-05,Sem prazo delimitado,Sem valor,12ª Vara Trabalhista de Recife,Sem observações
807,7539718-58.2020.2.52.9800,1314,Trabalhista,Audiência,Ativo,Dra. Fontes,2024-05-22,2025-10-24,278068.0,10ª Vara Cível de Recife,Sem observações
808,9398629-61.2022.5.88.8253,73,Trabalhista,Acordo Extrajudicial,Em recurso,Dr. Barros,2022-04-12,Sem prazo delimitado,407123.0,10ª Vara Criminal de Recife,Sem observações
809,3879233-61.2024.5.30.1494,666,Trabalhista,Audiência,Suspenso,Dra. Fontes,2024-08-19,2026-07-25,Sem valor,17ª Vara Criminal de Recife,Sem observações
810,5159219-49.2023.5.25.3676,1355,Civil,Recurso,Encerrado,Dra. Cavalcante,2020-09-19,2025-07-04,46210.0,13ª Vara Trabalhista de Recife,Sem observações
811,9822459-92.2024.8.17.6403,469,Trabalhista,Acordo Extrajudicial,Encerrado,Dr. Melo,2021-12-18,2026-10-28,309880.0,1ª Vara Cível de Recife,Sem observações
812,6476769-27.2021.5.22.2570,1007,Trabalhista,Execução,Ativo,Dr. Barros,2020-06-05,2026-05-18,336843.0,5ª Vara Criminal de Recife,Sem observações
813,5996426-23.2022.8.20.3566,703,Trabalhista,Audiência,Suspenso,Dra. Fontes,2024-08-25,2025-11-04,439285.0,12ª Vara Trabalhista de Recife,Sem observações
814,1237577-83.2022.8.91.4649,1138,Trabalhista,Sentença,Ativo,Dra. Cavalcante,2024-06-18,2025-10-18,267404.0,20ª Vara Criminal de Recife,Sem observações
815,6267378-50.2021.9.19.9923,1030,Civil,Audiência,Suspenso,Dra. Cavalcante,2021-05-09,2026-04-24,306121.0,3ª Vara Trabalhista de Recife,Sem observações
816,5826200-20.2025.1.91.8748,903,Civil,Sentença,Ativo,Dr. Barros,2021-02-07,2026-01-02,349220.0,5ª Vara Criminal de Recife,Sem observações
817,1628717-84.2025.8.67.8313,540,Trabalhista,Audiência,Acordo,Dr. Melo,2025-02-19,2026-02-24,Sem valor,11ª Vara Cível de Recife,Sem observações
818,3585301-47.2021.7.73.3469,70,Trabalhista,Audiência,Encerrado,Dra. Cavalcante,2024-06-27,2026-12-06,370410.0,13ª Vara Cível de Recife,Sem observações
819,1633270-27.2024.2.52.7034,584,Trabalhista,Inicial,Encerrado,Dra. Fontes,2024-08-27,2026-07-30,Sem valor,15ª Vara Cível de Recife,Sem observações
820,1248003-72.2024.2.80.8472,287,Trabalhista,Instrução,Ativo,Dra. Fontes,2020-09-30,2026-08-15,Sem valor,1ª Vara Cível de Recife,Aguardando documentos
821,2110878-87.2023.8.83.8978,458,Civil,Arquivado,Acordo,Dra. Fontes,2024-01-21,2025-01-01,308722.0,13ª Vara Criminal de Recife,Sem observações
822,5217157-98.2020.2.64.4094,1005,Trabalhista,Acordo Extrajudicial,Acordo,Dr. Barros,2025-05-13,Sem prazo delimitado,241239.0,13ª Vara Trabalhista de Recife,Aguardando documentos
823,7786207-82.2024.2.92.5696,12,Civil,Acordo Extrajudicial,Ativo,Dr. Barros,2022-09-14,2025-02-21,268514.0,6ª Vara Trabalhista de Recife,Sem observações
824,1185885-59.2023.7.19.8433,280,Trabalhista,Sentença,Suspenso,Dr. Barros,2023-07-19,2026-05-23,300462.0,1ª Vara Cível de Recife,Sem observações
825,8843990-84.2020.6.68.3017,791,Civil,Inicial,Encerrado,Dra. Fontes,2020-06-16,Sem prazo delimitado,357071.0,7ª Vara Criminal de Recife,Sem observações
826,4134515-43.2021.8.70.4879,528,Trabalhista,Execução,Encerrado,Dra. Fontes,2025-07-25,2026-02-16,295703.0,7ª Vara Cível de Recife,Sem observações
827,1614850-25.2020.8.85.3161,652,Trabalhista,Recurso,Encerrado,Dra. Cavalcante,2021-10-08,2025-01-14,288935.0,12ª Vara Criminal de Recife,Sem observações
828,5274951-77.2021.1.76.5120,178,Trabalhista,Execução,Ativo,Dra. Cavalcante,2020-02-28,2025-06-20,Sem valor,8ª Vara Cível de Recife,Sem observações
829,6414076-16.2021.7.78.8273,1111,Trabalhista,Acordo Extrajudicial,Ativo,Dr. Barros,2024-05-13,2025-02-07,279511.0,7ª Vara Trabalhista de Recife,Sem observações
830,6416661-36.2021.8.21.8496,436,Civil,Acordo Extrajudicial,Encerrado,Dra. Fontes,2023-03-20,2026-12-18,108050.0,19ª Vara Criminal de Recife,Sem observações
831,7398699-88.2025.6.55.3587,1277,Trabalhista,Sentença,Ativo,Dr. Melo,2024-04-25,2025-06-09,187583.0,18ª Vara Trabalhista de Recife,Sem observações
832,4299848-20.2023.2.47.7396,458,Civil,Arquivado,Encerrado,Dra. Fontes,2020-08-19,2026-04-05,42473.0,2ª Vara Cível de Recife,Sem observações
833,5614769-67.2022.9.87.1001,1087,Civil,Execução,Ativo,Dra. Fontes,2020-05-17,2026-02-10,Sem valor,13ª Vara Trabalhista de Recife,Sem observações
834,1614850-25.2020.8.85.3161,988,Civil,Execução,Encerrado,Dr. Barros,2025-04-17,2025-06-29,398556.0,13ª Vara Trabalhista de Recife,Sem observações
835,7687351-51.2022.6.73.6768,977,Trabalhista,Instrução,Acordo,Dra. Cavalcante,2023-06-20,2026-09-04,382055.0,17ª Vara Criminal de Recife,Sem observações
836,1784068-27.2021.3.12.2538,286,Trabalhista,Instrução,Ativo,Dr. Melo,2025-02-11,2025-04-17,Sem valor,8ª Vara Criminal de Recife,Sem observações
837,7948577-74.2025.1.60.7583,153,Trabalhista,Execução,Ativo,Dr. Barros,2024-09-18,2025-07-02,221902.0,17ª Vara Criminal de Recife,Sem observações
838,7110796-41.2020.3.80.5362,1194,Civil,Audiência,Ativo,Dr. Barros,2020-04-09,2026-12-05,135350.0,13ª Vara Cível de Recife,Aguardando documentos
839,5462435-11.2024.9.85.2977,424,Trabalhista,Audiência,Suspenso,Dr. Melo,2021-07-20,2025-11-25,457762.0,17ª Vara Criminal de Recife,Sem observações
840,5518767-82.2023.4.96.9873,394,Trabalhista,Sentença,Ativo,Dra. Fontes,2023-08-01,2025-05-29,Sem valor,17ª Vara Criminal de Recife,Sem observações
841,1633270-27.2024.2.52.7034,948,Trabalhista,Sentença,Acordo,Dr. Barros,2022-06-02,2025-01-26,Sem valor,6ª Vara Trabalhista de Recife,Sem observações
842,7848147-32.2021.6.58.3528,1169,Civil,Sentença,Em recurso,Dr. Barros,2023-02-23,2026-12-31,372891.0,6ª Vara Trabalhista de Recife,Sem observações
843,6476769-27.2021.5.22.2570,1188,Trabalhista,Audiência,Acordo,Dra. Cavalcante,2023-01-29,2025-12-10,91081.0,9ª Vara Cível de Recife,Sem observações
844,6053412-12.2021.6.72.8346,711,Trabalhista,Recurso,Encerrado,Dr. Melo,2021-11-10,2026-03-18,355086.0,15ª Vara Criminal de Recife,Sem observações
845,8749473-21.2020.4.12.9144,1120,Civil,Instrução,Encerrado,Dra. Fontes,2024-10-13,2026-05-31,82468.0,17ª Vara Trabalhista de Recife,Sem observações
846,7941836-76.2025.4.34.6543,836,Trabalhista,Recurso,Ativo,Dr. Melo,2023-05-05,2025-02-21,451189.0,6ª Vara Criminal de Recife,Sem observações
847,3496733-55.2020.2.43.8503,1311,Trabalhista,Recurso,Acordo,Dra. Fontes,2024-05-28,2026-11-02,Sem valor,4ª Vara Trabalhista de Recife,Sem observações
848,7892487-80.2022.9.64.5036,808,Civil,Recurso,Suspenso,Dr. Melo,2022-04-29,2026-02-19,429642.0,10ª Vara Criminal de Recife,Sem observações
849,9214397-26.2023.4.18.6844,185,Trabalhista,Recurso,Ativo,Dr. Melo,2020-05-21,2025-08-04,Sem valor,13ª Vara Trabalhista de Recife,Sem observações
850,2294596-63.2020.6.38.9193,295,Civil,Execução,Acordo,Dra. Cavalcante,2020-10-23,2025-03-01,Sem valor,6ª Vara Criminal de Recife,Sem observações
851,6953559-38.2025.7.42.9212,214,Civil,Arquivado,Ativo,Dr. Melo,2020-11-22,Sem prazo delimitado,410870.0,6ª Vara Trabalhista de Recife,Sem observações
852,2341370-92.2024.9.60.8122,858,Trabalhista,Acordo Extrajudicial,Ativo,Dra. Cavalcante,2022-08-12,2025-10-12,Sem valor,10ª Vara Trabalhista de Recife,Sem observações
853,1093623-59.2025.7.92.5441,853,Trabalhista,Execução,Encerrado,Dra. Fontes,2023-01-08,2025-08-15,188052.0,5ª Vara Cível de Recife,Sem observações
854,2480014-80.2024.2.29.9847,1172,Civil,Execução,Em recurso,Dr. Melo,2020-02-27,2025-11-03,328247.0,6ª Vara Cível de Recife,Aguardando documentos
855,8129073-22.2024.4.16.9656,53,Trabalhista,Arquivado,Ativo,Dr. Melo,2024-11-11,2025-09-16,121588.0,3ª Vara Trabalhista de Recife,Sem observações
856,7141324-67.2025.3.86.3413,649,Civil,Sentença,Ativo,Dra. Cavalcante,2026-04-24,2026-07-20,308557.0,6ª Vara Criminal de Recife,Aguardando documentos
857,9804642-71.2024.4.76.5486,148,Trabalhista,Inicial,Ativo,Dr. Barros,2025-09-15,2026-11-28,Sem valor,4ª Vara Cível de Recife,Sem observações
858,3542799-64.2025.6.13.7299,881,Civil,Audiência,Suspenso,Dr. Melo,2020-08-21,2025-08-22,319647.0,8ª Vara Cível de Recife,Sem observações
859,1615190-23.2022.2.42.6238,346,Civil,Acordo Extrajudicial,Ativo,Dr. Barros,2022-10-23,2025-05-06,270199.0,16ª Vara Criminal de Recife,Sem observações
860,5991409-16.2021.8.44.1303,527,Civil,Sentença,Em recurso,Dr. Melo,2026-04-21,2026-06-22,220423.0,10ª Vara Criminal de Recife,Sem observações
861,3248366-98.2020.5.11.6279,504,Civil,Audiência,Suspenso,Dr. Melo,2020-03-24,2025-02-28,272993.0,19ª Vara Cível de Recife,Sem observações
862,5850223-43.2020.3.81.3185,242,Trabalhista,Acordo Extrajudicial,Suspenso,Dra. Fontes,2021-11-28,2026-09-22,139823.0,3ª Vara Trabalhista de Recife,Sem observações
863,4229107-99.2020.7.61.3978,515,Civil,Execução,Ativo,Dra. Fontes,2023-12-31,2026-11-27,Sem valor,16ª Vara Trabalhista de Recife,Sem observações
864,6927716-18.2022.9.56.1445,1227,Trabalhista,Inicial,Encerrado,Dr. Barros,2024-12-17,2026-02-08,Sem valor,4ª Vara Cível de Recife,Sem observações
865,6414076-16.2021.7.78.8273,217,Trabalhista,Recurso,Ativo,Dr. Barros,2025-08-14,2025-12-31,312038.0,10ª Vara Cível de Recife,Sem observações
866,3401866-56.2021.1.87.5297,748,Trabalhista,Sentença,Encerrado,Dr. Melo,2024-06-09,2026-12-27,Sem valor,18ª Vara Trabalhista de Recife,Sem observações
867,7813974-60.2021.1.81.1542,445,Trabalhista,Arquivado,Encerrado,Dra. Fontes,2025-08-04,2026-04-16,442375.0,11ª Vara Cível de Recife,Sem observações
868,3306375-34.2024.9.48.9154,549,Civil,Recurso,Suspenso,Dra. Fontes,2020-02-16,2026-02-10,Sem valor,17ª Vara Criminal de Recife,Sem observações
869,6011987-71.2020.8.10.4396,386,Civil,Recurso,Suspenso,Dra. Fontes,2023-03-04,2025-01-31,Sem valor,15ª Vara Trabalhista de Recife,Sem observações
870,2016341-89.2023.7.48.2724,1003,Trabalhista,Acordo Extrajudicial,Em recurso,Dra. Fontes,2020-05-31,2026-08-26,223633.0,12ª Vara Trabalhista de Recife,Sem observações
871,4384627-80.2021.2.13.1061,1178,Trabalhista,Arquivado,Encerrado,Dra. Fontes,2021-01-20,2025-02-02,Sem valor,13ª Vara Criminal de Recife,Sem observações
872,5472823-70.2022.4.41.7624,1189,Civil,Execução,Encerrado,Dr. Melo,2021-03-24,2026-05-24,150706.0,16ª Vara Criminal de Recife,Sem observações
873,5274951-77.2021.1.76.5120,1403,Trabalhista,Instrução,Ativo,Dra. Fontes,2024-10-04,2026-08-14,247532.0,8ª Vara Trabalhista de Recife,Sem observações
874,8572382-61.2025.1.41.7172,244,Civil,Acordo Extrajudicial,Ativo,Dra. Cavalcante,2026-03-27,2026-03-06,Sem valor,16ª Vara Criminal de Recife,Sem observações
875,9804642-71.2024.4.76.5486,137,Civil,Sentença,Suspenso,Dra. Cavalcante,2025-07-02,2026-01-10,91300.0,1ª Vara Criminal de Recife,Sem observações
876,5432782-56.2021.2.97.6240,205,Trabalhista,Audiência,Ativo,Dra. Cavalcante,2022-02-03,2025-08-21,Sem valor,4ª Vara Criminal de Recife,Sem observações
877,2753004-76.2021.8.83.9874,1159,Trabalhista,Acordo Extrajudicial,Encerrado,Dr. Melo,2021-05-19,2026-09-30,377237.0,10ª Vara Cível de Recife,Sem observações
878,4085001-92.2022.6.76.8938,557,Trabalhista,Arquivado,Ativo,Dra. Cavalcante,2020-07-03,2025-06-05,Sem valor,6ª Vara Criminal de Recife,Sem observações
879,2480014-80.2024.2.29.9847,331,Trabalhista,Execução,Suspenso,Dra. Cavalcante,2021-09-22,2025-07-31,377864.0,4ª Vara Criminal de Recife,Sem observações
880,4687348-31.2023.1.92.6907,1413,Trabalhista,Audiência,Em recurso,Dr. Barros,2023-02-03,2026-01-11,497841.0,3ª Vara Cível de Recife,Sem observações
881,2267110-24.2021.5.78.6025,661,Civil,Audiência,Em recurso,Dr. Barros,2020-08-13,2026-12-11,Sem valor,4ª Vara Trabalhista de Recife,Sem observações
882,2231929-89.2024.6.41.5461,1435,Civil,Sentença,Ativo,Dr. Melo,2023-12-05,2025-02-03,Sem valor,16ª Vara Trabalhista de Recife,Sem observações
883,6865513-17.2021.7.21.3938,984,Trabalhista,Sentença,Ativo,Dra. Cavalcante,2025-08-01,2026-12-25,393649.0,14ª Vara Trabalhista de Recife,Sem observações
884,4090182-95.2021.1.57.7189,940,Civil,Execução,Suspenso,Dr. Melo,2022-12-05,2026-07-10,Sem valor,6ª Vara Trabalhista de Recife,Sem observações
885,7789809-22.2020.1.73.9031,713,Trabalhista,Arquivado,Acordo,Dra. Cavalcante,2022-08-08,2025-11-23,469409.0,14ª Vara Cível de Recife,Sem observações
886,4865461-96.2025.2.64.9143,787,Civil,Inicial,Ativo,Dr. Barros,2022-04-16,2025-01-22,377259.0,6ª Vara Trabalhista de Recife,Sem observações
887,7640585-40.2023.1.57.1721,528,Trabalhista,Recurso,Ativo,Dra. Fontes,2021-01-18,2025-08-06,Sem valor,13ª Vara Trabalhista de Recife,Sem observações
888,3248366-98.2020.5.11.6279,9,Trabalhista,Execução,Ativo,Dr. Barros,2021-04-10,2026-10-30,301325.0,8ª Vara Criminal de Recife,Sem observações
889,1602496-64.2022.5.79.8340,890,Trabalhista,Audiência,Encerrado,Dr. Melo,2026-03-19,2025-03-09,242546.0,13ª Vara Trabalhista de Recife,Sem observações
890,6414076-16.2021.7.78.8273,1339,Civil,Audiência,Encerrado,Dra. Cavalcante,2024-04-03,2025-04-23,390390.0,16ª Vara Cível de Recife,Sem observações
891,5545511-73.2023.1.66.9757,1276,Civil,Acordo Extrajudicial,Ativo,Dr. Barros,2022-12-29,2025-10-05,Sem valor,11ª Vara Criminal de Recife,Sem observações
892,7786207-82.2024.2.92.5696,309,Trabalhista,Arquivado,Encerrado,Dra. Cavalcante,2020-12-04,Sem prazo delimitado,180492.0,3ª Vara Trabalhista de Recife,Sem observações
893,9086174-80.2025.1.81.3292,1203,Trabalhista,Instrução,Ativo,Dra. Cavalcante,2022-04-02,2026-06-18,40083.0,7ª Vara Trabalhista de Recife,Sem observações
894,8843195-99.2024.6.39.2836,685,Trabalhista,Acordo Extrajudicial,Ativo,Dra. Cavalcante,2024-09-29,2025-04-25,Sem valor,13ª Vara Cível de Recife,Sem observações
895,1754781-28.2025.6.89.2162,1434,Civil,Sentença,Ativo,Dra. Fontes,2021-01-08,2026-11-23,410683.0,4ª Vara Trabalhista de Recife,Sem observações
896,3376786-12.2020.7.64.5093,222,Civil,Instrução,Suspenso,Dra. Fontes,2026-06-04,2025-02-14,407681.0,13ª Vara Criminal de Recife,Sem observações
897,4584224-94.2025.2.57.2511,1232,Civil,Inicial,Ativo,Dr. Melo,2023-08-18,2026-08-30,348085.0,9ª Vara Cível de Recife,Sem observações
898,6260319-38.2024.8.96.1114,579,Civil,Instrução,Ativo,Dr. Melo,2020-07-16,2026-12-29,Sem valor,6ª Vara Cível de Recife,Sem observações
899,6547287-16.2023.4.15.7491,141,Trabalhista,Execução,Encerrado,Dr. Barros,2024-09-08,Sem prazo delimitado,89286.0,15ª Vara Trabalhista de Recife,Sem observações
900,1735592-50.2022.9.87.5612,296,Trabalhista,Recurso,Encerrado,Dra. Cavalcante,2024-12-06,2025-02-22,271992.0,20ª Vara Cível de Recife,Sem observações
901,6384831-67.2022.5.89.7429,797,Civil,Inicial,Ativo,Dr. Barros,2022-09-29,2025-09-23,365106.0,13ª Vara Trabalhista de Recife,Sem observações
902,1974389-81.2024.5.57.9354,1294,Trabalhista,Execução,Encerrado,Dr. Melo,2023-11-15,2025-07-11,Sem valor,4ª Vara Trabalhista de Recife,Sem observações
903,5826200-20.2025.1.91.8748,81,Trabalhista,Recurso,Encerrado,Dra. Cavalcante,2021-06-17,2025-08-20,Sem valor,9ª Vara Cível de Recife,Sem observações
904,9498791-62.2022.6.73.9564,203,Trabalhista,Audiência,Em recurso,Dra. Cavalcante,2025-06-30,2026-07-12,365620.0,19ª Vara Cível de Recife,Sem observações
905,4415624-13.2024.9.14.9480,1062,Civil,Execução,Ativo,Dr. Melo,2021-07-30,2026-01-05,272358.0,14ª Vara Criminal de Recife,Sem observações
906,8168054-14.2024.6.50.1232,781,Trabalhista,Arquivado,Em recurso,Dra. Cavalcante,2021-04-08,2026-03-23,222221.0,16ª Vara Trabalhista de Recife,Sem observações
907,8220628-15.2021.8.54.9077,252,Civil,Audiência,Em recurso,Dra. Cavalcante,2025-10-04,2025-03-02,491703.0,3ª Vara Trabalhista de Recife,Sem observações
908,3464073-25.2022.8.73.5075,1389,Trabalhista,Execução,Ativo,Dr. Barros,2024-01-26,2025-01-19,304573.0,15ª Vara Cível de Recife,Sem observações
909,5401874-62.2025.2.46.8337,1366,Civil,Execução,Em recurso,Dra. Cavalcante,2022-10-07,2025-01-02,129955.0,14ª Vara Trabalhista de Recife,Sem observações
910,9489806-94.2021.2.55.9162,1305,Trabalhista,Acordo Extrajudicial,Ativo,Dr. Barros,2022-11-18,2026-10-24,378518.0,10ª Vara Cível de Recife,Sem observações
911,4893809-11.2021.7.19.9759,1044,Trabalhista,Sentença,Acordo,Dra. Fontes,2024-02-06,Sem prazo delimitado,Sem valor,8ª Vara Cível de Recife,Sem observações
912,1438459-62.2020.7.78.3410,579,Trabalhista,Recurso,Suspenso,Dra. Cavalcante,2022-07-14,2025-05-13,Sem valor,15ª Vara Cível de Recife,Sem observações
913,5214684-96.2020.6.84.9986,517,Trabalhista,Inicial,Ativo,Dra. Cavalcante,2021-06-11,2026-06-11,490265.0,14ª Vara Cível de Recife,Sem observações
914,8183950-10.2021.5.84.9388,776,Civil,Arquivado,Em recurso,Dra. Fontes,2025-12-28,2026-02-06,402473.0,11ª Vara Criminal de Recife,Aguardando documentos
915,4452862-76.2021.3.27.3238,1204,Civil,Acordo Extrajudicial,Ativo,Dr. Melo,2025-04-28,Sem prazo delimitado,383675.0,17ª Vara Trabalhista de Recife,Sem observações
916,7722274-26.2024.9.14.7062,1322,Trabalhista,Execução,Ativo,Dra. Cavalcante,2024-07-26,2026-03-06,Sem valor,17ª Vara Criminal de Recife,Sem observações
917,7110796-41.2020.3.80.5362,1065,Trabalhista,Instrução,Ativo,Dr. Barros,2022-09-07,2025-11-30,416662.0,4ª Vara Criminal de Recife,Sem observações
918,1966014-66.2022.7.82.2137,898,Trabalhista,Inicial,Suspenso,Dra. Cavalcante,2020-12-23,2026-04-17,Sem valor,17ª Vara Criminal de Recife,Sem observações
919,5826200-20.2025.1.91.8748,599,Trabalhista,Instrução,Encerrado,Dra. Fontes,2025-05-14,2026-09-10,421440.0,1ª Vara Cível de Recife,Sem observações
920,4768255-51.2022.4.94.5695,524,Civil,Arquivado,Suspenso,Dr. Barros,2020-08-24,2025-11-24,174535.0,19ª Vara Cível de Recife,Sem observações
921,2267110-24.2021.5.78.6025,815,Civil,Inicial,Ativo,Dr. Melo,2020-07-01,2026-09-10,101150.0,6ª Vara Trabalhista de Recife,Sem observações
922,6370110-64.2022.3.52.8440,1313,Trabalhista,Arquivado,Acordo,Dr. Barros,2023-02-12,2025-12-05,28526.0,15ª Vara Cível de Recife,Sem observações
923,5703772-88.2020.8.34.6114,319,Civil,Recurso,Ativo,Dr. Barros,2022-11-14,2025-08-29,Sem valor,16ª Vara Trabalhista de Recife,Sem observações
924,8843195-99.2024.6.39.2836,1480,Trabalhista,Acordo Extrajudicial,Suspenso,Dra. Cavalcante,2023-08-14,Sem prazo delimitado,Sem valor,9ª Vara Cível de Recife,Sem observações
925,5638123-23.2024.7.30.5009,154,Civil,Arquivado,Suspenso,Dr. Melo,2020-12-15,2026-08-14,Sem valor,9ª Vara Trabalhista de Recife,Sem observações
926,5966644-82.2023.4.88.9951,185,Civil,Execução,Ativo,Dr. Barros,2022-01-08,2026-10-03,31433.0,7ª Vara Trabalhista de Recife,Sem observações
927,9489806-94.2021.2.55.9162,762,Civil,Acordo Extrajudicial,Suspenso,Dra. Cavalcante,2024-04-04,2025-11-24,298725.0,6ª Vara Criminal de Recife,Aguardando documentos
928,2231929-89.2024.6.41.5461,1337,Trabalhista,Execução,Acordo,Dr. Barros,2024-08-27,2025-03-15,141476.0,8ª Vara Cível de Recife,Sem observações
929,9489806-94.2021.2.55.9162,809,Trabalhista,Arquivado,Suspenso,Dra. Cavalcante,2023-05-06,2026-08-18,322275.0,13ª Vara Cível de Recife,Sem observações
930,1098476-20.2021.1.47.3336,1336,Trabalhista,Sentença,Encerrado,Dr. Barros,2021-04-28,2025-02-25,Sem valor,2ª Vara Trabalhista de Recife,Sem observações
931,1602496-64.2022.5.79.8340,222,Trabalhista,Recurso,Encerrado,Dra. Cavalcante,2025-05-05,2026-11-18,Sem valor,20ª Vara Trabalhista de Recife,Sem observações
932,5966644-82.2023.4.88.9951,1115,Trabalhista,Acordo Extrajudicial,Encerrado,Dra. Fontes,2020-07-09,2025-02-11,Sem valor,11ª Vara Trabalhista de Recife,Aguardando documentos
933,9804642-71.2024.4.76.5486,375,Civil,Sentença,Encerrado,Dr. Melo,2022-10-09,2026-12-14,210046.0,9ª Vara Trabalhista de Recife,Sem observações
934,5545511-73.2023.1.66.9757,132,Trabalhista,Instrução,Ativo,Dr. Melo,2024-01-13,2025-03-27,280933.0,3ª Vara Criminal de Recife,Sem observações
935,5826200-20.2025.1.91.8748,848,Trabalhista,Audiência,Encerrado,Dr. Barros,2023-08-10,2025-10-06,194546.0,18ª Vara Trabalhista de Recife,Aguardando documentos
936,4721085-96.2020.6.92.9645,896,Civil,Sentença,Em recurso,Dr. Barros,2026-02-18,2025-01-07,Sem valor,4ª Vara Trabalhista de Recife,Aguardando documentos
937,4417916-40.2022.7.26.4278,719,Civil,Sentença,Ativo,Dra. Fontes,2024-08-08,2025-11-14,193710.0,15ª Vara Criminal de Recife,Sem observações
938,7687292-20.2021.4.85.7539,503,Civil,Audiência,Encerrado,Dra. Cavalcante,2020-07-20,2025-02-20,434300.0,11ª Vara Criminal de Recife,Sem observações
939,3496733-55.2020.2.43.8503,25,Civil,Instrução,Ativo,Dr. Melo,2020-01-07,2026-10-20,141312.0,14ª Vara Cível de Recife,Sem observações
940,2869625-86.2025.7.14.5837,915,Trabalhista,Arquivado,Ativo,Dra. Fontes,2023-04-26,2025-05-12,Sem valor,9ª Vara Criminal de Recife,Sem observações
941,7999133-20.2023.7.26.1121,469,Trabalhista,Sentença,Em recurso,Dr. Barros,2024-10-28,2025-06-24,185841.0,16ª Vara Trabalhista de Recife,Sem observações
942,9804642-71.2024.4.76.5486,1309,Trabalhista,Audiência,Encerrado,Dr. Melo,2020-07-24,2025-06-18,9547.0,16ª Vara Cível de Recife,Sem observações
943,2675642-32.2022.8.65.5499,55,Trabalhista,Sentença,Encerrado,Dr. Barros,2020-07-11,2026-08-25,13427.0,20ª Vara Criminal de Recife,Sem observações
944,2019436-32.2020.6.16.9856,611,Trabalhista,Arquivado,Encerrado,Dra. Fontes,2024-11-20,2026-09-21,Sem valor,17ª Vara Criminal de Recife,Sem observações
945,9425559-65.2022.6.99.1309,1393,Trabalhista,Acordo Extrajudicial,Ativo,Dra. Cavalcante,2021-04-22,2026-09-10,Sem valor,14ª Vara Cível de Recife,Sem observações
946,6992158-64.2024.5.43.7750,656,Civil,Execução,Suspenso,Dra. Fontes,2025-09-05,2025-12-10,46606.0,17ª Vara Trabalhista de Recife,Sem observações
947,5660649-86.2020.5.86.9291,786,Civil,Acordo Extrajudicial,Encerrado,Dra. Cavalcante,2023-09-22,2026-08-30,103251.0,2ª Vara Trabalhista de Recife,Sem observações
948,2895065-46.2022.7.67.1438,655,Civil,Acordo Extrajudicial,Acordo,Dra. Cavalcante,2022-07-31,2026-07-18,174093.0,9ª Vara Trabalhista de Recife,Sem observações
949,6160516-66.2024.5.17.7150,838,Trabalhista,Instrução,Suspenso,Dra. Fontes,2021-05-07,2025-08-28,Sem valor,8ª Vara Cível de Recife,Sem observações
950,4417916-40.2022.7.26.4278,1462,Civil,Audiência,Ativo,Dra. Fontes,2026-01-27,Sem prazo delimitado,87014.0,20ª Vara Trabalhista de Recife,Sem observações
951,2480014-80.2024.2.29.9847,1004,Trabalhista,Acordo Extrajudicial,Encerrado,Dra. Cavalcante,2025-08-27,2026-07-20,Sem valor,8ª Vara Cível de Recife,Sem observações
952,7082985-88.2022.2.94.6058,934,Civil,Arquivado,Ativo,Dra. Fontes,2024-04-25,2026-08-06,429890.0,1ª Vara Cível de Recife,Aguardando documentos
953,9071705-28.2021.9.78.4746,599,Civil,Acordo Extrajudicial,Acordo,Dr. Melo,2021-07-29,2025-10-06,492105.0,5ª Vara Trabalhista de Recife,Sem observações
954,6865513-17.2021.7.21.3938,919,Civil,Arquivado,Suspenso,Dr. Melo,2022-08-31,Sem prazo delimitado,391838.0,16ª Vara Cível de Recife,Sem observações
955,1757615-27.2025.7.10.3762,906,Trabalhista,Sentença,Ativo,Dra. Fontes,2023-12-02,2025-11-20,Sem valor,17ª Vara Criminal de Recife,Sem observações
956,1116024-57.2025.8.16.4043,15,Civil,Recurso,Encerrado,Dra. Cavalcante,2026-05-03,2026-09-01,Sem valor,14ª Vara Criminal de Recife,Sem observações
957,8062805-72.2022.1.22.8771,760,Trabalhista,Audiência,Ativo,Dr. Melo,2020-02-12,2025-02-16,100248.0,11ª Vara Trabalhista de Recife,Sem observações
958,1183693-37.2024.1.85.2937,1133,Civil,Acordo Extrajudicial,Ativo,Dr. Barros,2025-02-11,2025-08-18,296895.0,10ª Vara Criminal de Recife,Sem observações
959,1024421-54.2022.9.20.2563,636,Trabalhista,Instrução,Encerrado,Dra. Fontes,2025-05-17,2026-03-13,282443.0,14ª Vara Criminal de Recife,Sem observações
960,9425559-65.2022.6.99.1309,1028,Trabalhista,Arquivado,Em recurso,Dra. Cavalcante,2024-12-19,2026-07-03,Sem valor,16ª Vara Trabalhista de Recife,Sem observações
961,1896520-28.2021.5.90.5374,729,Trabalhista,Execução,Ativo,Dra. Cavalcante,2021-02-15,2025-11-23,350474.0,2ª Vara Cível de Recife,Sem observações
962,1615190-23.2022.2.42.6238,1092,Civil,Audiência,Encerrado,Dra. Cavalcante,2025-05-12,2025-05-08,Sem valor,2ª Vara Criminal de Recife,Sem observações
963,1676369-34.2022.3.47.6087,591,Civil,Instrução,Encerrado,Dr. Melo,2024-02-23,Sem prazo delimitado,404887.0,13ª Vara Trabalhista de Recife,Sem observações
964,2824928-33.2020.1.90.6467,1375,Trabalhista,Instrução,Encerrado,Dra. Cavalcante,2023-07-11,2026-10-07,344688.0,9ª Vara Trabalhista de Recife,Aguardando documentos
965,3248366-98.2020.5.11.6279,730,Civil,Execução,Ativo,Dr. Melo,2023-10-07,2025-04-02,255377.0,10ª Vara Criminal de Recife,Sem observações
966,5451988-41.2020.2.82.4041,1278,Civil,Audiência,Ativo,Dr. Barros,2025-09-04,2026-11-26,115711.0,10ª Vara Trabalhista de Recife,Sem observações
967,9108785-98.2021.3.78.6687,624,Civil,Acordo Extrajudicial,Ativo,Dra. Cavalcante,2020-06-06,2025-08-15,410165.0,9ª Vara Trabalhista de Recife,Aguardando documentos
968,4065326-72.2025.8.58.5304,1255,Trabalhista,Inicial,Ativo,Dra. Fontes,2020-06-15,2025-09-24,480624.0,18ª Vara Criminal de Recife,Sem observações
969,3585301-47.2021.7.73.3469,855,Trabalhista,Audiência,Encerrado,Dr. Barros,2021-03-03,2026-12-05,Sem valor,3ª Vara Trabalhista de Recife,Sem observações
970,7381740-86.2021.2.88.6570,1209,Trabalhista,Instrução,Encerrado,Dr. Barros,2022-01-07,2025-08-24,61928.0,2ª Vara Cível de Recife,Sem observações
971,4131852-60.2020.1.89.9739,667,Trabalhista,Sentença,Acordo,Dr. Barros,2024-02-23,2025-04-25,226094.0,13ª Vara Criminal de Recife,Sem observações
972,4433355-55.2023.8.48.9346,809,Trabalhista,Acordo Extrajudicial,Suspenso,Dra. Cavalcante,2023-06-19,2026-08-01,Sem valor,15ª Vara Cível de Recife,Aguardando documentos
973,9057219-99.2020.9.96.3254,184,Trabalhista,Arquivado,Ativo,Dra. Cavalcante,2020-05-30,2025-06-26,143965.0,3ª Vara Trabalhista de Recife,Sem observações
974,4415624-13.2024.9.14.9480,543,Civil,Sentença,Acordo,Dra. Cavalcante,2024-10-27,2025-12-20,392207.0,9ª Vara Cível de Recife,Aguardando documentos
975,6370110-64.2022.3.52.8440,1175,Trabalhista,Inicial,Encerrado,Dra. Fontes,2022-11-07,2026-05-12,104274.0,8ª Vara Criminal de Recife,Sem observações
976,5217157-98.2020.2.64.4094,338,Trabalhista,Arquivado,Acordo,Dra. Fontes,2020-10-01,2026-05-13,233882.0,1ª Vara Cível de Recife,Sem observações
977,5661974-14.2020.6.39.3137,254,Civil,Execução,Em recurso,Dra. Fontes,2021-09-26,2025-12-16,Sem valor,3ª Vara Cível de Recife,Sem observações
978,8220628-15.2021.8.54.9077,252,Civil,Inicial,Ativo,Dra. Cavalcante,2023-11-12,2025-05-16,459175.0,13ª Vara Criminal de Recife,Sem observações
979,2554938-48.2024.1.13.4544,127,Trabalhista,Inicial,Acordo,Dr. Barros,2024-01-12,2025-03-15,165879.0,16ª Vara Criminal de Recife,Sem observações
980,8286382-50.2025.4.53.4414,509,Trabalhista,Sentença,Suspenso,Dra. Fontes,2025-01-22,2025-06-08,Sem valor,10ª Vara Trabalhista de Recife,Sem observações
981,1966014-66.2022.7.82.2137,1038,Civil,Arquivado,Encerrado,Dr. Melo,2026-10-01,2026-10-18,84192.0,20ª Vara Criminal de Recife,Sem observações
982,6339266-27.2025.5.15.6766,413,Trabalhista,Acordo Extrajudicial,Ativo,Dra. Cavalcante,2021-05-10,2026-02-17,376886.0,8ª Vara Trabalhista de Recife,Aguardando documentos
983,1964519-55.2020.7.58.6781,900,Trabalhista,Recurso,Em recurso,Dr. Melo,2020-05-11,2026-12-30,258578.0,8ª Vara Trabalhista de Recife,Sem observações
984,5625093-80.2022.9.16.6618,1136,Trabalhista,Instrução,Ativo,Dra. Fontes,2023-07-30,2026-12-11,216190.0,6ª Vara Cível de Recife,Sem observações
985,7862554-22.2024.7.83.6459,1102,Civil,Audiência,Ativo,Dra. Fontes,2022-03-05,Sem prazo delimitado,469149.0,18ª Vara Cível de Recife,Sem observações
986,4229107-99.2020.7.61.3978,504,Civil,Instrução,Acordo,Dra. Cavalcante,2020-03-29,2026-03-13,Sem valor,2ª Vara Trabalhista de Recife,Sem observações
987,2100417-68.2021.7.29.9662,290,Trabalhista,Sentença,Ativo,Dr. Barros,2023-06-27,2026-05-22,181627.0,4ª Vara Cível de Recife,Sem observações
988,8677980-28.2024.9.94.6552,852,Civil,Execução,Suspenso,Dr. Melo,2020-05-15,Sem prazo delimitado,Sem valor,13ª Vara Cível de Recife,Aguardando documentos
989,5035093-45.2021.1.27.3097,1073,Civil,Audiência,Encerrado,Dra. Fontes,2022-01-23,2026-03-09,31013.0,18ª Vara Cível de Recife,Sem observações
990,9408522-77.2021.3.36.8376,1142,Civil,Inicial,Suspenso,Dr. Melo,2024-12-17,2026-04-28,48388.0,19ª Vara Cível de Recife,Sem observações
991,1101935-78.2023.5.88.5299,21,Civil,Audiência,Suspenso,Dr. Melo,2024-05-21,2025-02-10,Sem valor,17ª Vara Trabalhista de Recife,Aguardando documentos
992,2837371-36.2022.7.88.5428,1278,Civil,Sentença,Suspenso,Dra. Fontes,2025-06-03,2025-01-05,317504.0,5ª Vara Criminal de Recife,Sem observações
993,2632721-15.2024.7.90.9593,1391,Civil,Inicial,Suspenso,Dr. Melo,2021-04-04,2026-11-18,Sem valor,10ª Vara Cível de Recife,Aguardando documentos
994,4314934-26.2021.7.14.7244,1037,Civil,Execução,Encerrado,Dra. Cavalcante,2025-04-02,2025-02-28,440246.0,14ª Vara Cível de Recife,Sem observações
995,2660213-63.2022.6.50.8366,1227,Trabalhista,Audiência,Ativo,Dra. Cavalcante,2024-06-02,2025-10-14,287938.0,16ª Vara Criminal de Recife,Sem observações
996,1778149-24.2023.1.86.3557,1264,Trabalhista,Instrução,Ativo,Dra. Fontes,2024-12-22,2025-08-04,406544.0,7ª Vara Cível de Recife,Sem observações
997,1165147-13.2020.2.47.5874,768,Civil,Execução,Ativo,Dr. Barros,2020-03-16,2025-03-27,469862.0,11ª Vara Cível de Recife,Sem observações
998,5112941-62.2021.1.89.5887,341,Trabalhista,Recurso,Suspenso,Dr. Melo,2020-12-11,2025-10-10,444290.0,4ª Vara Trabalhista de Recife,Sem observações
999,5432782-56.2021.2.97.6240,108,Trabalhista,Inicial,Suspenso,Dra. Cavalcante,2020-09-18,2026-12-09,159719.0,9ª Vara Cível de Recife,Sem observações
1000,7486029-45.2024.4.25.3159,226,Civil,Inicial,Ativo,Dra. Cavalcante,2020-01-24,2025-12-07,127028.0,14ª Vara Cível de Recife,Sem observações
1001,2658962-39.2022.5.95.8856,756,Trabalhista,Recurso,Encerrado,Dr. Barros,2024-01-20,2025-04-23,83681.0,16ª Vara Cível de Recife,Sem observações
1002,2292432-35.2025.5.83.7063,849,Trabalhista,Inicial,Ativo,Dr. Barros,2021-11-21,2025-06-21,237676.0,10ª Vara Criminal de Recife,Sem observações
1003,2753004-76.2021.8.83.9874,965,Trabalhista,Recurso,Encerrado,Dra. Cavalcante,2021-09-11,2026-05-23,407880.0,4ª Vara Trabalhista de Recife,Sem observações
1004,5703772-88.2020.8.34.6114,1071,Trabalhista,Instrução,Encerrado,Dra. Fontes,2025-09-05,2025-11-21,384227.0,6ª Vara Trabalhista de Recife,Aguardando documentos
1005,1602496-64.2022.5.79.8340,639,Civil,Acordo Extrajudicial,Ativo,Dr. Barros,2022-07-06,Sem prazo delimitado,Sem valor,3ª Vara Criminal de Recife,Sem observações
1006,9425559-65.2022.6.99.1309,840,Civil,Execução,Encerrado,Dra. Cavalcante,2023-07-24,2026-10-07,105692.0,4ª Vara Criminal de Recife,Sem observações
1007,3922248-27.2025.1.42.4047,1010,Civil,Inicial,Encerrado,Dra. Fontes,2024-03-05,2026-10-28,70914.0,3ª Vara Criminal de Recife,Sem observações
1008,9214397-26.2023.4.18.6844,1332,Trabalhista,Inicial,Encerrado,Dr. Barros,2022-09-28,2026-04-27,444658.0,3ª Vara Criminal de Recife,Sem observações
1009,6445422-21.2020.5.39.8096,1332,Civil,Arquivado,Ativo,Dr. Barros,2020-08-22,2026-03-25,225801.0,9ª Vara Criminal de Recife,Sem observações
1010,1116024-57.2025.8.16.4043,1354,Civil,Acordo Extrajudicial,Encerrado,Dr. Melo,2023-07-22,2026-11-06,149048.0,8ª Vara Cível de Recife,Aguardando documentos
1011,5284129-51.2020.3.32.5205,602,Trabalhista,Instrução,Suspenso,Dra. Cavalcante,2024-09-27,2025-09-25,498568.0,11ª Vara Criminal de Recife,Sem observações
1012,7640585-40.2023.1.57.1721,572,Trabalhista,Sentença,Ativo,Dra. Cavalcante,2020-09-21,2026-05-23,103736.0,14ª Vara Trabalhista de Recife,Sem observações
1013,5850223-43.2020.3.81.3185,20,Civil,Execução,Ativo,Dra. Cavalcante,2021-02-27,2025-08-07,347498.0,14ª Vara Criminal de Recife,Sem observações
1014,5462435-11.2024.9.85.2977,1296,Trabalhista,Acordo Extrajudicial,Encerrado,Dr. Melo,2026-02-03,2026-02-12,307305.0,13ª Vara Cível de Recife,Sem observações
1015,6414076-16.2021.7.78.8273,1080,Civil,Instrução,Ativo,Dr. Melo,2023-08-14,2025-12-10,266257.0,8ª Vara Trabalhista de Recife,Aguardando documentos
1016,9824532-76.2023.6.37.2040,1247,Trabalhista,Acordo Extrajudicial,Encerrado,Dr. Barros,2020-05-21,2026-03-13,195218.0,11ª Vara Cível de Recife,Sem observações
1017,1101935-78.2023.5.88.5299,1155,Trabalhista,Instrução,Em recurso,Dr. Melo,2021-04-18,2026-09-29,370183.0,6ª Vara Criminal de Recife,Sem observações
1018,4824419-32.2024.5.47.3265,1484,Civil,Acordo Extrajudicial,Ativo,Dra. Cavalcante,2021-09-19,2026-06-28,85383.0,7ª Vara Criminal de Recife,Sem observações
1019,3542799-64.2025.6.13.7299,1301,Civil,Arquivado,Suspenso,Dra. Cavalcante,2021-01-23,2025-12-21,Sem valor,16ª Vara Criminal de Recife,Aguardando documentos
1020,8306601-19.2020.3.50.7457,54,Trabalhista,Instrução,Ativo,Dra. Fontes,2021-05-17,2026-11-15,179187.0,6ª Vara Cível de Recife,Sem observações
1021,3464073-25.2022.8.73.5075,380,Trabalhista,Acordo Extrajudicial,Ativo,Dra. Fontes,2021-07-15,2026-08-12,Sem valor,14ª Vara Cível de Recife,Aguardando documentos
1022,5210656-44.2021.1.39.2474,1433,Civil,Recurso,Encerrado,Dra. Cavalcante,2023-02-17,2026-05-24,Sem valor,16ª Vara Trabalhista de Recife,Sem observações
1023,9636371-69.2025.8.67.4068,1385,Trabalhista,Inicial,Acordo,Dr. Barros,2022-10-31,2026-03-26,Sem valor,20ª Vara Criminal de Recife,Sem observações
1024,5289264-48.2020.4.41.6347,294,Civil,Sentença,Ativo,Dra. Cavalcante,2023-09-13,2026-10-19,Sem valor,20ª Vara Criminal de Recife,Sem observações
1025,2231929-89.2024.6.41.5461,810,Trabalhista,Acordo Extrajudicial,Acordo,Dr. Barros,2022-05-13,2025-12-23,277929.0,3ª Vara Cível de Recife,Sem observações
1026,1754781-28.2025.6.89.2162,175,Civil,Instrução,Ativo,Dra. Cavalcante,2020-10-28,2025-01-08,103421.0,6ª Vara Trabalhista de Recife,Sem observações
1027,8368255-39.2020.9.60.4414,572,Trabalhista,Sentença,Acordo,Dra. Cavalcante,2022-05-14,2025-10-05,Sem valor,17ª Vara Trabalhista de Recife,Aguardando documentos
1028,3667022-35.2020.9.76.3115,122,Trabalhista,Recurso,Acordo,Dra. Cavalcante,2025-05-20,Sem prazo delimitado,Sem valor,16ª Vara Criminal de Recife,Sem observações
1029,6528202-89.2025.3.17.9496,462,Trabalhista,Sentença,Encerrado,Dr. Barros,2024-03-19,2026-06-13,Sem valor,12ª Vara Cível de Recife,Sem observações
1030,6053412-12.2021.6.72.8346,153,Civil,Execução,Ativo,Dr. Melo,2026-08-02,2025-10-09,Sem valor,18ª Vara Cível de Recife,Sem observações
1031,2231929-89.2024.6.41.5461,428,Civil,Execução,Ativo,Dr. Melo,2024-08-06,2026-11-01,235488.0,11ª Vara Cível de Recife,Sem observações
1032,3675188-38.2025.9.53.3305,1332,Trabalhista,Instrução,Suspenso,Dr. Melo,2021-05-24,2025-01-29,276305.0,5ª Vara Criminal de Recife,Sem observações
1033,2191287-57.2021.1.18.8228,1008,Civil,Audiência,Encerrado,Dr. Barros,2025-12-10,2025-12-29,408777.0,11ª Vara Cível de Recife,Sem observações
1034,4768255-51.2022.4.94.5695,69,Civil,Arquivado,Ativo,Dr. Barros,2024-08-31,2026-05-21,371007.0,3ª Vara Cível de Recife,Sem observações
1035,8572382-61.2025.1.41.7172,1472,Trabalhista,Instrução,Ativo,Dra. Cavalcante,2023-09-23,2025-08-14,261940.0,9ª Vara Criminal de Recife,Sem observações
1036,4893809-11.2021.7.19.9759,999,Civil,Acordo Extrajudicial,Encerrado,Dra. Cavalcante,2020-04-02,2025-08-09,Sem valor,18ª Vara Criminal de Recife,Sem observações
1037,7813974-60.2021.1.81.1542,30,Civil,Inicial,Acordo,Dr. Barros,2025-07-05,2025-04-09,368212.0,10ª Vara Trabalhista de Recife,Sem observações
1038,1878000-50.2025.7.58.1197,980,Trabalhista,Audiência,Ativo,Dra. Cavalcante,2020-09-05,2025-03-12,17623.0,15ª Vara Criminal de Recife,Aguardando documentos
1039,8886588-26.2020.9.65.6361,265,Trabalhista,Inicial,Ativo,Dr. Barros,2023-11-16,2026-09-11,372901.0,18ª Vara Cível de Recife,Sem observações
1040,9992831-61.2022.4.35.1469,849,Civil,Arquivado,Acordo,Dra. Cavalcante,2023-08-30,2026-03-04,143170.0,11ª Vara Trabalhista de Recife,Sem observações
1041,4065326-72.2025.8.58.5304,741,Civil,Arquivado,Encerrado,Dra. Cavalcante,2025-06-06,2025-10-15,Sem valor,11ª Vara Criminal de Recife,Aguardando documentos
1042,7786207-82.2024.2.92.5696,1392,Civil,Instrução,Ativo,Dr. Melo,2022-07-06,2026-05-10,22442.0,16ª Vara Cível de Recife,Sem observações
1043,8530609-10.2021.5.41.7151,522,Trabalhista,Execução,Acordo,Dra. Cavalcante,2025-10-27,2025-02-20,16795.0,9ª Vara Trabalhista de Recife,Sem observações
1044,5631823-61.2020.5.47.1440,947,Civil,Execução,Encerrado,Dra. Fontes,2026-02-01,2025-12-26,152877.0,13ª Vara Trabalhista de Recife,Sem observações
1045,5850223-43.2020.3.81.3185,909,Civil,Recurso,Ativo,Dra. Cavalcante,2025-12-12,Sem prazo delimitado,178749.0,6ª Vara Criminal de Recife,Sem observações
1046,4061044-97.2023.7.99.3676,723,Trabalhista,Inicial,Suspenso,Dra. Cavalcante,2026-03-30,2026-12-01,62068.0,15ª Vara Cível de Recife,Sem observações
1047,2997279-67.2024.9.84.1441,526,Trabalhista,Execução,Encerrado,Dr. Barros,2025-05-24,2026-05-11,434160.0,8ª Vara Cível de Recife,Aguardando documentos
1048,3401866-56.2021.1.87.5297,250,Trabalhista,Inicial,Ativo,Dra. Fontes,2021-10-26,2026-01-20,158366.0,19ª Vara Trabalhista de Recife,Sem observações
1049,5483975-50.2024.8.92.4422,1319,Civil,Instrução,Suspenso,Dr. Melo,2026-01-30,2026-05-06,423922.0,5ª Vara Trabalhista de Recife,Aguardando documentos
1050,9425559-65.2022.6.99.1309,1395,Trabalhista,Acordo Extrajudicial,Acordo,Dr. Barros,2023-08-22,2025-05-04,481834.0,1ª Vara Criminal de Recife,Aguardando documentos
1051,3750497-13.2024.6.65.9009,788,Civil,Arquivado,Ativo,Dr. Melo,2022-08-19,2026-08-17,Sem valor,16ª Vara Cível de Recife,Sem observações
1052,2292432-35.2025.5.83.7063,1365,Trabalhista,Acordo Extrajudicial,Encerrado,Dr. Melo,2022-04-22,2025-02-16,454036.0,18ª Vara Trabalhista de Recife,Sem observações
1053,1964519-55.2020.7.58.6781,260,Civil,Arquivado,Ativo,Dra. Fontes,2025-02-17,2026-12-12,367845.0,12ª Vara Cível de Recife,Sem observações
1054,4131852-60.2020.1.89.9739,259,Civil,Instrução,Ativo,Dra. Fontes,2025-01-10,2026-08-17,283369.0,15ª Vara Trabalhista de Recife,Sem observações
1055,2186433-37.2022.2.12.4344,54,Trabalhista,Recurso,Ativo,Dr. Barros,2024-08-29,2026-09-11,Sem valor,9ª Vara Cível de Recife,Sem observações
1056,9835331-11.2022.6.15.8602,959,Trabalhista,Inicial,Ativo,Dra. Cavalcante,2020-12-16,2025-10-16,440538.0,11ª Vara Cível de Recife,Sem observações
1057,8735892-74.2025.8.18.9411,1291,Trabalhista,Execução,Em recurso,Dr. Melo,2026-01-03,2025-11-12,Sem valor,8ª Vara Trabalhista de Recife,Aguardando documentos
1058,4938178-62.2020.7.27.6072,377,Trabalhista,Inicial,Ativo,Dra. Cavalcante,2023-10-30,2025-01-11,389686.0,16ª Vara Trabalhista de Recife,Sem observações
1059,4824419-32.2024.5.47.3265,1377,Civil,Sentença,Encerrado,Dr. Melo,2024-12-10,2025-01-24,227124.0,15ª Vara Trabalhista de Recife,Aguardando documentos
1060,5074974-98.2023.8.21.9881,542,Trabalhista,Recurso,Suspenso,Dr. Melo,2024-01-16,Sem prazo delimitado,321228.0,12ª Vara Cível de Recife,Sem observações
1061,4952151-27.2023.3.38.8762,957,Trabalhista,Acordo Extrajudicial,Acordo,Dr. Melo,2021-10-03,2025-10-22,Sem valor,1ª Vara Criminal de Recife,Sem observações
1062,6384831-67.2022.5.89.7429,703,Civil,Instrução,Suspenso,Dr. Melo,2024-09-05,2025-12-24,37494.0,2ª Vara Trabalhista de Recife,Aguardando documentos
1063,4084503-92.2025.8.90.5515,44,Trabalhista,Execução,Encerrado,Dra. Fontes,2020-03-16,2026-07-05,231595.0,20ª Vara Trabalhista de Recife,Sem observações
1064,5700249-43.2020.5.57.9341,8,Trabalhista,Audiência,Encerrado,Dr. Barros,2021-04-27,2026-12-12,477442.0,8ª Vara Cível de Recife,Sem observações
1065,6944389-98.2023.1.72.8245,319,Civil,Execução,Ativo,Dra. Cavalcante,2024-11-15,2026-08-28,48048.0,8ª Vara Criminal de Recife,Sem observações
1066,5966644-82.2023.4.88.9951,122,Civil,Arquivado,Ativo,Dr. Barros,2024-07-11,2025-09-17,157086.0,16ª Vara Trabalhista de Recife,Sem observações
1067,3395583-64.2024.4.41.2181,588,Civil,Arquivado,Suspenso,Dr. Melo,2022-09-19,2026-06-05,412887.0,8ª Vara Cível de Recife,Sem observações
1068,7222167-30.2022.8.44.7452,368,Trabalhista,Instrução,Ativo,Dr. Barros,2025-02-02,2025-03-18,178018.0,6ª Vara Trabalhista de Recife,Sem observações
1069,1664676-19.2021.8.64.4616,1242,Civil,Recurso,Suspenso,Dr. Melo,2025-03-23,2026-07-26,313901.0,20ª Vara Cível de Recife,Sem observações
1070,1024421-54.2022.9.20.2563,1079,Trabalhista,Acordo Extrajudicial,Ativo,Dr. Barros,2025-05-20,2026-07-06,48759.0,13ª Vara Criminal de Recife,Sem observações
1071,9108785-98.2021.3.78.6687,1223,Civil,Audiência,Encerrado,Dr. Barros,2022-01-18,2025-10-16,259844.0,1ª Vara Trabalhista de Recife,Sem observações
1072,6836135-90.2022.9.37.5643,159,Trabalhista,Instrução,Ativo,Dra. Cavalcante,2021-07-05,2025-10-14,244280.0,12ª Vara Trabalhista de Recife,Sem observações
1073,9636371-69.2025.8.67.4068,597,Trabalhista,Audiência,Encerrado,Dra. Cavalcante,2020-02-05,Sem prazo delimitado,114589.0,4ª Vara Criminal de Recife,Sem observações
1074,2112478-55.2024.2.51.9095,619,Trabalhista,Recurso,Ativo,Dra. Fontes,2021-01-10,2026-04-05,384531.0,9ª Vara Criminal de Recife,Sem observações
1075,9798556-59.2021.3.62.3110,924,Trabalhista,Acordo Extrajudicial,Ativo,Dr. Melo,2022-08-13,Sem prazo delimitado,Sem valor,15ª Vara Cível de Recife,Sem observações
1076,3710559-31.2020.9.95.2540,986,Civil,Instrução,Ativo,Dr. Melo,2023-03-31,2026-02-28,294199.0,9ª Vara Cível de Recife,Sem observações
1077,7687351-51.2022.6.73.6768,159,Civil,Audiência,Em recurso,Dr. Barros,2023-10-01,2026-08-31,485011.0,9ª Vara Cível de Recife,Sem observações
1078,6944389-98.2023.1.72.8245,1479,Civil,Instrução,Ativo,Dra. Fontes,2020-09-19,2026-12-30,22062.0,11ª Vara Criminal de Recife,Sem observações
1079,8572382-61.2025.1.41.7172,1450,Civil,Arquivado,Encerrado,Dra. Cavalcante,2020-08-26,2025-06-04,423820.0,16ª Vara Criminal de Recife,Sem observações
1080,2675642-32.2022.8.65.5499,102,Civil,Arquivado,Ativo,Dra. Cavalcante,2021-05-09,2025-12-25,Sem valor,2ª Vara Trabalhista de Recife,Sem observações
1081,1273300-90.2024.2.80.7378,1358,Civil,Audiência,Ativo,Dra. Fontes,2022-11-22,2026-06-15,266619.0,18ª Vara Criminal de Recife,Sem observações
1082,7848147-32.2021.6.58.3528,784,Civil,Instrução,Ativo,Dr. Melo,2025-08-06,2025-05-12,Sem valor,18ª Vara Trabalhista de Recife,Sem observações
1083,5217157-98.2020.2.64.4094,96,Civil,Instrução,Acordo,Dr. Melo,2023-05-09,2025-10-13,141617.0,16ª Vara Criminal de Recife,Sem observações
1084,1614850-25.2020.8.85.3161,1104,Trabalhista,Inicial,Ativo,Dra. Cavalcante,2020-09-22,2025-07-05,349942.0,17ª Vara Trabalhista de Recife,Sem observações
1085,2110878-87.2023.8.83.8978,89,Trabalhista,Instrução,Acordo,Dr. Melo,2024-08-10,2026-11-13,463278.0,13ª Vara Criminal de Recife,Sem observações
1086,1272937-41.2023.5.75.9958,900,Civil,Instrução,Ativo,Dr. Barros,2022-12-20,2026-01-04,Sem valor,14ª Vara Criminal de Recife,Sem observações
1087,9425559-65.2022.6.99.1309,98,Civil,Acordo Extrajudicial,Ativo,Dra. Cavalcante,2020-08-12,2025-01-30,Sem valor,4ª Vara Criminal de Recife,Aguardando documentos
1088,6096719-87.2023.1.41.6180,13,Trabalhista,Execução,Ativo,Dra. Fontes,2022-01-03,2026-12-01,Sem valor,16ª Vara Cível de Recife,Sem observações
1089,5967836-10.2021.4.35.9671,1000,Trabalhista,Sentença,Suspenso,Dra. Cavalcante,2021-12-25,2025-08-27,66509.0,4ª Vara Trabalhista de Recife,Sem observações
1090,4433355-55.2023.8.48.9346,362,Civil,Recurso,Ativo,Dra. Fontes,2022-03-14,2026-04-20,33513.0,2ª Vara Trabalhista de Recife,Sem observações
1091,5266269-78.2021.7.59.1392,549,Trabalhista,Arquivado,Acordo,Dra. Fontes,2025-12-24,2026-07-07,91597.0,5ª Vara Cível de Recife,Sem observações
1092,6260319-38.2024.8.96.1114,850,Trabalhista,Inicial,Encerrado,Dr. Melo,2021-01-09,2026-05-11,216514.0,13ª Vara Criminal de Recife,Sem observações
1093,1757615-27.2025.7.10.3762,128,Civil,Audiência,Ativo,Dra. Cavalcante,2021-08-03,2026-02-05,Sem valor,19ª Vara Trabalhista de Recife,Sem observações
1094,6011987-71.2020.8.10.4396,1110,Trabalhista,Arquivado,Encerrado,Dra. Fontes,2020-10-08,2026-04-01,274186.0,2ª Vara Criminal de Recife,Sem observações
1095,5124342-11.2025.5.50.6107,669,Civil,Inicial,Acordo,Dr. Melo,2024-05-05,2025-01-19,247790.0,4ª Vara Criminal de Recife,Sem observações
1096,4065326-72.2025.8.58.5304,589,Civil,Inicial,Encerrado,Dr. Melo,2024-11-25,2026-07-07,451509.0,1ª Vara Trabalhista de Recife,Sem observações
1097,1098476-20.2021.1.47.3336,462,Trabalhista,Inicial,Ativo,Dr. Barros,2025-12-25,2026-10-06,149661.0,12ª Vara Criminal de Recife,Sem observações
1098,1101935-78.2023.5.88.5299,583,Trabalhista,Audiência,Acordo,Dr. Melo,2026-03-21,2025-01-03,71316.0,15ª Vara Trabalhista de Recife,Sem observações
1099,2753004-76.2021.8.83.9874,233,Civil,Audiência,Em recurso,Dr. Melo,2020-07-23,2025-02-05,161647.0,18ª Vara Trabalhista de Recife,Sem observações
1100,4229107-99.2020.7.61.3978,630,Trabalhista,Sentença,Ativo,Dr. Barros,2025-08-15,2025-01-03,170011.0,5ª Vara Criminal de Recife,Sem observações
1101,6339266-27.2025.5.15.6766,655,Civil,Recurso,Ativo,Dra. Cavalcante,2023-11-09,2026-04-25,Sem valor,1ª Vara Criminal de Recife,Sem observações
1102,7438163-48.2021.3.47.1186,427,Civil,Instrução,Encerrado,Dr. Melo,2025-01-10,Sem prazo delimitado,156777.0,1ª Vara Trabalhista de Recife,Sem observações
1103,9214397-26.2023.4.18.6844,86,Trabalhista,Instrução,Acordo,Dra. Cavalcante,2023-09-18,2026-11-09,Sem valor,13ª Vara Criminal de Recife,Sem observações
1104,6034606-21.2023.6.18.6684,544,Trabalhista,Recurso,Ativo,Dra. Fontes,2020-06-21,2025-04-06,Sem valor,12ª Vara Trabalhista de Recife,Sem observações
1105,2660213-63.2022.6.50.8366,93,Civil,Execução,Ativo,Dr. Barros,2021-05-19,2025-07-30,76776.0,14ª Vara Trabalhista de Recife,Sem observações
1106,5289264-48.2020.4.41.6347,389,Civil,Arquivado,Ativo,Dra. Fontes,2023-04-12,2025-07-19,170212.0,14ª Vara Criminal de Recife,Sem observações
1107,9666878-83.2023.6.29.9905,754,Civil,Instrução,Ativo,Dra. Cavalcante,2023-04-17,2025-08-27,Sem valor,8ª Vara Cível de Recife,Aguardando documentos
1108,3785792-10.2020.5.78.7940,95,Trabalhista,Execução,Suspenso,Dr. Melo,2021-09-29,2025-04-08,276657.0,19ª Vara Trabalhista de Recife,Sem observações
1109,3418432-84.2025.3.59.5858,298,Civil,Acordo Extrajudicial,Ativo,Dr. Barros,2020-03-07,2025-01-25,Sem valor,14ª Vara Criminal de Recife,Sem observações
1110,8714773-70.2022.9.65.8541,83,Trabalhista,Arquivado,Encerrado,Dr. Barros,2020-06-24,2026-04-21,Sem valor,14ª Vara Criminal de Recife,Sem observações
1111,3724721-44.2021.9.75.5553,421,Trabalhista,Sentença,Encerrado,Dr. Melo,2022-04-04,2025-02-14,309500.0,15ª Vara Trabalhista de Recife,Sem observações
1112,9214397-26.2023.4.18.6844,1408,Civil,Arquivado,Ativo,Dra. Cavalcante,2021-07-21,2026-07-31,246379.0,14ª Vara Criminal de Recife,Sem observações
1113,6036037-32.2025.3.53.7515,24,Trabalhista,Instrução,Ativo,Dr. Barros,2021-10-15,2025-02-18,95103.0,11ª Vara Criminal de Recife,Sem observações
1114,1964519-55.2020.7.58.6781,1119,Trabalhista,Sentença,Encerrado,Dra. Fontes,2021-04-10,2025-04-14,237189.0,18ª Vara Cível de Recife,Sem observações
1115,2869625-86.2025.7.14.5837,542,Civil,Execução,Ativo,Dra. Cavalcante,2022-11-20,2026-12-04,147462.0,9ª Vara Trabalhista de Recife,Sem observações
1116,6404948-40.2021.7.68.7161,1105,Trabalhista,Sentença,Encerrado,Dra. Fontes,2024-05-03,Sem prazo delimitado,41828.0,14ª Vara Criminal de Recife,Aguardando documentos
1117,7687351-51.2022.6.73.6768,610,Civil,Execução,Ativo,Dra. Fontes,2022-06-30,2026-06-28,446379.0,17ª Vara Cível de Recife,Aguardando documentos
1118,6416661-36.2021.8.21.8496,685,Trabalhista,Sentença,Ativo,Dra. Cavalcante,2024-09-09,2026-06-23,Sem valor,8ª Vara Criminal de Recife,Aguardando documentos
1119,9970343-38.2020.5.18.4483,411,Civil,Instrução,Encerrado,Dr. Barros,2025-11-05,2026-02-02,149464.0,7ª Vara Cível de Recife,Sem observações
1120,4961530-22.2021.4.22.6290,326,Trabalhista,Audiência,Ativo,Dr. Melo,2025-10-05,2025-05-19,Sem valor,13ª Vara Trabalhista de Recife,Sem observações
1121,3054975-46.2023.4.85.5879,236,Trabalhista,Execução,Ativo,Dra. Fontes,2024-07-22,2025-05-23,272910.0,11ª Vara Criminal de Recife,Sem observações
1122,5850223-43.2020.3.81.3185,704,Trabalhista,Audiência,Acordo,Dr. Melo,2026-04-21,2026-02-16,98666.0,6ª Vara Cível de Recife,Aguardando documentos
1123,6663627-76.2023.9.26.5770,968,Civil,Inicial,Acordo,Dr. Barros,2021-02-09,2025-09-24,234791.0,18ª Vara Criminal de Recife,Sem observações
1124,7640585-40.2023.1.57.1721,1262,Trabalhista,Sentença,Suspenso,Dr. Barros,2021-09-27,2025-09-16,Sem valor,3ª Vara Cível de Recife,Sem observações
1125,8209168-30.2020.1.41.7632,823,Trabalhista,Inicial,Ativo,Dr. Melo,2026-04-10,2025-07-25,375164.0,5ª Vara Trabalhista de Recife,Sem observações
1126,3754895-37.2021.6.18.8502,749,Trabalhista,Inicial,Ativo,Dr. Barros,2020-08-02,2025-06-02,154615.0,3ª Vara Trabalhista de Recife,Sem observações
1127,4415624-13.2024.9.14.9480,1161,Civil,Instrução,Encerrado,Dr. Melo,2024-10-26,2026-11-13,168044.0,2ª Vara Cível de Recife,Sem observações
1128,9810112-12.2021.1.97.8847,551,Trabalhista,Execução,Encerrado,Dra. Fontes,2021-02-10,2025-05-01,Sem valor,2ª Vara Trabalhista de Recife,Sem observações
1129,1346701-74.2024.1.65.8985,324,Trabalhista,Audiência,Encerrado,Dr. Barros,2024-06-25,2025-04-19,Sem valor,4ª Vara Trabalhista de Recife,Sem observações
1130,8630644-97.2025.3.28.1296,1371,Civil,Audiência,Acordo,Dr. Barros,2020-05-17,2026-02-21,481135.0,10ª Vara Criminal de Recife,Aguardando documentos
1131,5074974-98.2023.8.21.9881,1376,Civil,Arquivado,Ativo,Dr. Barros,2023-12-29,Sem prazo delimitado,Sem valor,3ª Vara Cível de Recife,Sem observações
1132,7381740-86.2021.2.88.6570,322,Trabalhista,Recurso,Ativo,Dra. Cavalcante,2026-02-28,2026-05-26,Sem valor,19ª Vara Criminal de Recife,Sem observações
1133,4085001-92.2022.6.76.8938,534,Trabalhista,Audiência,Encerrado,Dra. Cavalcante,2021-11-01,2026-06-27,31074.0,9ª Vara Criminal de Recife,Sem observações
1134,5116418-16.2025.3.98.2234,1350,Trabalhista,Acordo Extrajudicial,Ativo,Dr. Barros,2025-02-18,2025-10-29,81273.0,15ª Vara Criminal de Recife,Sem observações
1135,3541821-31.2021.8.96.1927,1420,Trabalhista,Execução,Acordo,Dr. Melo,2025-04-19,2025-05-13,382157.0,5ª Vara Criminal de Recife,Sem observações
1136,3724721-44.2021.9.75.5553,433,Civil,Arquivado,Acordo,Dr. Melo,2025-01-19,2026-06-11,298096.0,6ª Vara Criminal de Recife,Sem observações
1137,9108785-98.2021.3.78.6687,1186,Civil,Execução,Ativo,Dr. Barros,2021-06-21,2026-05-30,Sem valor,6ª Vara Trabalhista de Recife,Sem observações
1138,8125196-18.2023.1.53.1215,147,Civil,Acordo Extrajudicial,Ativo,Dra. Cavalcante,2026-04-28,2025-01-04,394744.0,9ª Vara Criminal de Recife,Sem observações
1139,5316105-58.2020.3.22.3571,718,Trabalhista,Recurso,Encerrado,Dr. Barros,2023-03-20,2025-09-29,460693.0,14ª Vara Criminal de Recife,Sem observações
1140,8530609-10.2021.5.41.7151,491,Civil,Recurso,Ativo,Dr. Melo,2023-08-14,2026-07-07,Sem valor,4ª Vara Cível de Recife,Sem observações
1141,8905709-90.2020.9.55.2471,151,Civil,Arquivado,Encerrado,Dr. Barros,2023-06-17,2025-07-04,407740.0,15ª Vara Cível de Recife,Sem observações
1142,5438623-45.2022.4.51.7250,758,Trabalhista,Audiência,Ativo,Dr. Melo,2020-03-22,2025-05-14,237671.0,7ª Vara Cível de Recife,Sem observações
1143,1966014-66.2022.7.82.2137,928,Civil,Inicial,Suspenso,Dra. Fontes,2022-11-11,2025-02-11,394283.0,20ª Vara Criminal de Recife,Sem observações
1144,4952151-27.2023.3.38.8762,1359,Trabalhista,Arquivado,Ativo,Dra. Fontes,2022-10-03,2025-04-22,61428.0,15ª Vara Criminal de Recife,Sem observações
1145,1676369-34.2022.3.47.6087,1080,Trabalhista,Inicial,Suspenso,Dr. Barros,2021-02-16,2025-12-27,307665.0,10ª Vara Trabalhista de Recife,Sem observações
1146,4961530-22.2021.4.22.6290,1012,Civil,Recurso,Encerrado,Dra. Cavalcante,2022-01-03,2025-03-14,124390.0,16ª Vara Trabalhista de Recife,Sem observações
1147,6003915-30.2025.6.37.7681,1263,Trabalhista,Acordo Extrajudicial,Ativo,Dra. Cavalcante,2024-03-04,2025-02-21,15692.0,16ª Vara Criminal de Recife,Sem observações
1148,5451988-41.2020.2.82.4041,1358,Civil,Inicial,Ativo,Dra. Fontes,2020-01-21,2026-10-14,124173.0,7ª Vara Cível de Recife,Sem observações
1149,2267110-24.2021.5.78.6025,6,Trabalhista,Arquivado,Ativo,Dra. Fontes,2022-05-02,2026-07-24,439138.0,10ª Vara Criminal de Recife,Sem observações
1150,3306375-34.2024.9.48.9154,384,Trabalhista,Audiência,Suspenso,Dra. Fontes,2022-07-03,2025-12-23,Sem valor,1ª Vara Trabalhista de Recife,Sem observações
1151,3263740-44.2022.3.81.5402,1235,Trabalhista,Execução,Em recurso,Dra. Cavalcante,2023-12-05,2026-09-16,Sem valor,11ª Vara Criminal de Recife,Sem observações
1152,3785792-10.2020.5.78.7940,1335,Trabalhista,Recurso,Encerrado,Dr. Melo,2026-03-14,2026-12-08,239228.0,15ª Vara Cível de Recife,Aguardando documentos
1153,4065326-72.2025.8.58.5304,848,Civil,Inicial,Ativo,Dra. Fontes,2023-05-08,2026-09-07,343854.0,3ª Vara Criminal de Recife,Sem observações
1154,5112941-62.2021.1.89.5887,928,Civil,Audiência,Suspenso,Dra. Fontes,2021-03-07,2026-01-18,Sem valor,15ª Vara Criminal de Recife,Sem observações
1155,4460247-99.2024.9.97.4840,189,Civil,Recurso,Ativo,Dr. Melo,2023-01-19,2025-03-25,200055.0,13ª Vara Criminal de Recife,Sem observações
1156,6935346-77.2024.3.52.9529,759,Trabalhista,Audiência,Ativo,Dr. Barros,2025-02-18,2025-05-23,162737.0,1ª Vara Trabalhista de Recife,Sem observações
1157,5217157-98.2020.2.64.4094,1259,Trabalhista,Recurso,Ativo,Dr. Barros,2022-09-25,Sem prazo delimitado,462415.0,10ª Vara Criminal de Recife,Sem observações
1158,4065326-72.2025.8.58.5304,48,Civil,Audiência,Ativo,Dr. Barros,2022-06-21,2026-04-19,11654.0,6ª Vara Criminal de Recife,Sem observações
1159,3679963-72.2020.9.29.7859,1006,Trabalhista,Sentença,Encerrado,Dr. Barros,2022-09-04,Sem prazo delimitado,63422.0,16ª Vara Cível de Recife,Sem observações
1160,2884639-86.2023.2.31.8737,885,Civil,Inicial,Encerrado,Dr. Barros,2022-06-21,2026-04-16,35725.0,19ª Vara Criminal de Recife,Sem observações
1161,1557680-16.2021.4.16.4031,962,Civil,Recurso,Ativo,Dr. Barros,2021-01-03,2025-10-19,Sem valor,18ª Vara Trabalhista de Recife,Sem observações
1162,3242098-97.2025.4.44.9916,861,Trabalhista,Recurso,Encerrado,Dr. Barros,2020-03-16,2026-05-17,450389.0,7ª Vara Trabalhista de Recife,Sem observações
1163,8588997-88.2020.6.29.5987,826,Civil,Sentença,Encerrado,Dr. Barros,2025-01-04,2026-05-30,127857.0,3ª Vara Trabalhista de Recife,Sem observações
1164,4584224-94.2025.2.57.2511,682,Civil,Recurso,Ativo,Dra. Cavalcante,2022-04-06,2025-05-06,176719.0,1ª Vara Criminal de Recife,Sem observações
1165,4874996-38.2022.9.94.8154,374,Trabalhista,Instrução,Acordo,Dr. Melo,2022-09-09,2026-07-03,356329.0,4ª Vara Trabalhista de Recife,Sem observações
1166,7999133-20.2023.7.26.1121,1309,Trabalhista,Recurso,Ativo,Dra. Cavalcante,2021-04-28,2026-09-18,386223.0,19ª Vara Cível de Recife,Sem observações
1167,3588109-63.2023.1.26.4223,902,Civil,Execução,Ativo,Dr. Barros,2023-02-26,2025-03-03,291434.0,20ª Vara Trabalhista de Recife,Sem observações
1168,8368372-34.2020.6.43.9691,1147,Trabalhista,Sentença,Encerrado,Dra. Cavalcante,2024-11-12,2026-02-07,447441.0,17ª Vara Cível de Recife,Sem observações
1169,5432782-56.2021.2.97.6240,632,Trabalhista,Arquivado,Encerrado,Dr. Barros,2021-01-28,2026-04-23,Sem valor,2ª Vara Criminal de Recife,Sem observações
1170,8539686-69.2023.4.36.2235,1063,Civil,Execução,Ativo,Dr. Barros,2020-02-17,2026-10-26,373171.0,6ª Vara Trabalhista de Recife,Sem observações
1171,7916680-90.2022.1.67.1785,473,Trabalhista,Audiência,Ativo,Dra. Cavalcante,2020-09-21,2026-06-17,Sem valor,5ª Vara Criminal de Recife,Sem observações
1172,8590346-68.2020.7.63.7780,623,Trabalhista,Instrução,Ativo,Dr. Melo,2023-12-01,2025-12-21,195262.0,1ª Vara Cível de Recife,Sem observações
1173,5518767-82.2023.4.96.9873,476,Civil,Sentença,Em recurso,Dr. Barros,2024-12-19,2026-05-13,307647.0,17ª Vara Cível de Recife,Sem observações
1174,3242098-97.2025.4.44.9916,1350,Trabalhista,Execução,Ativo,Dra. Cavalcante,2022-03-24,2025-09-20,278986.0,11ª Vara Criminal de Recife,Sem observações
1175,7599278-46.2021.4.96.3535,978,Civil,Instrução,Encerrado,Dr. Melo,2024-02-27,2025-04-16,195055.0,6ª Vara Cível de Recife,Sem observações
1176,4202942-75.2025.6.91.7611,29,Civil,Recurso,Em recurso,Dra. Fontes,2021-04-25,2025-06-20,82179.0,9ª Vara Criminal de Recife,Sem observações
1177,7848147-32.2021.6.58.3528,419,Trabalhista,Arquivado,Ativo,Dra. Fontes,2023-08-27,2025-06-19,469770.0,14ª Vara Criminal de Recife,Sem observações
1178,3376786-12.2020.7.64.5093,668,Trabalhista,Execução,Ativo,Dr. Melo,2025-10-24,2025-10-27,Sem valor,12ª Vara Criminal de Recife,Sem observações
1179,2824928-33.2020.1.90.6467,903,Civil,Acordo Extrajudicial,Suspenso,Dra. Fontes,2020-05-04,2025-11-06,Sem valor,17ª Vara Cível de Recife,Sem observações
1180,5826200-20.2025.1.91.8748,1103,Trabalhista,Arquivado,Suspenso,Dr. Barros,2021-11-08,2026-12-25,246269.0,3ª Vara Trabalhista de Recife,Sem observações
1181,7862554-22.2024.7.83.6459,1303,Trabalhista,Recurso,Ativo,Dr. Melo,2023-05-16,2025-10-20,Sem valor,16ª Vara Cível de Recife,Sem observações
1182,9970343-38.2020.5.18.4483,1209,Civil,Audiência,Encerrado,Dr. Melo,2022-10-13,2026-07-07,83661.0,11ª Vara Trabalhista de Recife,Aguardando documentos
1183,1438459-62.2020.7.78.3410,745,Trabalhista,Arquivado,Em recurso,Dra. Fontes,2023-10-01,2025-07-12,490889.0,5ª Vara Cível de Recife,Sem observações
1184,5788467-41.2023.8.93.8134,421,Trabalhista,Execução,Acordo,Dr. Melo,2021-06-22,2026-12-05,276479.0,2ª Vara Criminal de Recife,Sem observações
1185,8168450-48.2020.2.65.4570,1214,Civil,Audiência,Em recurso,Dr. Melo,2020-10-31,Sem prazo delimitado,282495.0,3ª Vara Trabalhista de Recife,Sem observações
1186,6034606-21.2023.6.18.6684,1058,Civil,Sentença,Encerrado,Dr. Melo,2025-06-08,2026-12-19,398320.0,7ª Vara Criminal de Recife,Sem observações
1187,8209168-30.2020.1.41.7632,772,Trabalhista,Sentença,Ativo,Dr. Barros,2023-07-18,2026-12-05,117332.0,18ª Vara Criminal de Recife,Sem observações
1188,5035093-45.2021.1.27.3097,1193,Trabalhista,Inicial,Ativo,Dr. Barros,2025-11-21,Sem prazo delimitado,57146.0,7ª Vara Criminal de Recife,Sem observações
1189,4721085-96.2020.6.92.9645,501,Civil,Audiência,Ativo,Dr. Melo,2026-06-04,2025-10-21,Sem valor,4ª Vara Cível de Recife,Sem observações
1190,7820540-78.2023.1.75.4823,1463,Trabalhista,Recurso,Encerrado,Dr. Barros,2026-08-04,2025-08-18,44805.0,8ª Vara Criminal de Recife,Sem observações
1191,3346094-93.2020.2.94.1759,493,Civil,Acordo Extrajudicial,Ativo,Dra. Fontes,2023-11-09,2026-01-20,296149.0,17ª Vara Criminal de Recife,Sem observações
1192,6927716-18.2022.9.56.1445,948,Civil,Recurso,Suspenso,Dra. Cavalcante,2021-05-03,2026-01-31,236087.0,2ª Vara Cível de Recife,Aguardando documentos
1193,2869625-86.2025.7.14.5837,219,Civil,Instrução,Suspenso,Dra. Fontes,2025-08-01,2025-01-18,Sem valor,17ª Vara Criminal de Recife,Sem observações
1194,9798556-59.2021.3.62.3110,163,Civil,Inicial,Ativo,Dr. Barros,2024-08-24,2025-09-25,458767.0,3ª Vara Criminal de Recife,Sem observações
1195,7243958-65.2020.5.25.5047,20,Trabalhista,Inicial,Ativo,Dra. Cavalcante,2020-03-17,2025-03-13,402272.0,8ª Vara Trabalhista de Recife,Sem observações
1196,3724721-44.2021.9.75.5553,348,Trabalhista,Instrução,Suspenso,Dr. Melo,2022-05-31,2025-02-02,347189.0,1ª Vara Cível de Recife,Sem observações
1197,8749473-21.2020.4.12.9144,568,Civil,Instrução,Encerrado,Dr. Barros,2022-08-25,2025-02-06,473966.0,12ª Vara Cível de Recife,Aguardando documentos
1198,2895065-46.2022.7.67.1438,1171,Trabalhista,Audiência,Ativo,Dra. Fontes,2022-07-25,2025-07-31,103300.0,3ª Vara Cível de Recife,Sem observações
1199,8368255-39.2020.9.60.4414,558,Civil,Recurso,Encerrado,Dra. Fontes,2020-05-25,2026-07-01,57688.0,1ª Vara Criminal de Recife,Sem observações
1200,5514997-95.2024.1.84.8098,416,Civil,Execução,Ativo,Dr. Barros,2020-01-01,2025-06-04,Sem valor,8ª Vara Cível de Recife,Sem observações
1201,2884639-86.2023.2.31.8737,456,Trabalhista,Acordo Extrajudicial,Encerrado,Dra. Cavalcante,2023-12-02,2026-12-09,463014.0,18ª Vara Trabalhista de Recife,Sem observações
1202,9408522-77.2021.3.36.8376,291,Trabalhista,Inicial,Encerrado,Dra. Cavalcante,2021-01-13,2026-03-17,145503.0,8ª Vara Criminal de Recife,Sem observações
1203,3418432-84.2025.3.59.5858,1297,Civil,Arquivado,Ativo,Dr. Melo,2023-03-23,2025-02-03,404914.0,7ª Vara Cível de Recife,Sem observações
1204,1185885-59.2023.7.19.8433,769,Civil,Arquivado,Ativo,Dr. Melo,2020-05-03,2025-04-25,21957.0,13ª Vara Trabalhista de Recife,Sem observações
1205,7398699-88.2025.6.55.3587,726,Civil,Instrução,Ativo,Dr. Barros,2024-05-22,2026-09-11,333883.0,20ª Vara Criminal de Recife,Sem observações
1206,6011987-71.2020.8.10.4396,871,Trabalhista,Sentença,Encerrado,Dr. Melo,2020-01-15,2026-07-24,Sem valor,8ª Vara Trabalhista de Recife,Sem observações
1207,8323566-47.2021.3.26.4644,605,Civil,Sentença,Encerrado,Dr. Melo,2025-05-04,2026-08-20,38778.0,19ª Vara Trabalhista de Recife,Sem observações
1208,7381740-86.2021.2.88.6570,1147,Civil,Inicial,Ativo,Dr. Barros,2024-10-13,2025-12-25,482768.0,15ª Vara Criminal de Recife,Sem observações
1209,8125196-18.2023.1.53.1215,521,Trabalhista,Inicial,Em recurso,Dra. Cavalcante,2020-04-11,2025-06-13,66041.0,10ª Vara Trabalhista de Recife,Sem observações
1210,4326518-76.2023.4.36.8530,406,Civil,Execução,Ativo,Dra. Fontes,2021-05-04,2026-03-15,180964.0,3ª Vara Cível de Recife,Sem observações
1211,4768255-51.2022.4.94.5695,192,Trabalhista,Sentença,Ativo,Dr. Barros,2026-02-14,Sem prazo delimitado,Sem valor,9ª Vara Criminal de Recife,Sem observações
1212,7848147-32.2021.6.58.3528,796,Trabalhista,Audiência,Ativo,Dr. Melo,2026-02-28,2025-06-18,Sem valor,1ª Vara Criminal de Recife,Sem observações
1213,5266269-78.2021.7.59.1392,867,Trabalhista,Sentença,Ativo,Dra. Cavalcante,2020-09-06,2026-01-27,Sem valor,9ª Vara Trabalhista de Recife,Sem observações
1214,8286828-70.2022.9.31.8012,784,Civil,Execução,Suspenso,Dr. Melo,2023-12-16,Sem prazo delimitado,469361.0,19ª Vara Criminal de Recife,Sem observações
1215,5614769-67.2022.9.87.1001,730,Civil,Arquivado,Ativo,Dr. Barros,2021-05-05,Sem prazo delimitado,334589.0,8ª Vara Criminal de Recife,Aguardando documentos
1216,1676369-34.2022.3.47.6087,661,Trabalhista,Recurso,Ativo,Dr. Melo,2022-01-30,2026-11-20,300918.0,12ª Vara Cível de Recife,Sem observações
1217,7539718-58.2020.2.52.9800,1239,Civil,Inicial,Ativo,Dra. Fontes,2024-08-11,2025-01-16,477518.0,4ª Vara Criminal de Recife,Sem observações
1218,2554938-48.2024.1.13.4544,973,Trabalhista,Instrução,Ativo,Dr. Barros,2021-05-18,2025-03-12,Sem valor,20ª Vara Trabalhista de Recife,Sem observações
1219,8843990-84.2020.6.68.3017,628,Trabalhista,Inicial,Ativo,Dr. Melo,2024-11-22,2025-04-30,Sem valor,18ª Vara Criminal de Recife,Sem observações
1220,3766710-17.2025.4.91.1472,239,Trabalhista,Arquivado,Ativo,Dra. Cavalcante,2025-07-21,2025-11-19,Sem valor,6ª Vara Criminal de Recife,Sem observações
1221,8986773-71.2022.6.45.5854,343,Trabalhista,Inicial,Acordo,Dra. Fontes,2022-02-19,2026-12-10,Sem valor,4ª Vara Trabalhista de Recife,Sem observações
1222,6476769-27.2021.5.22.2570,479,Trabalhista,Acordo Extrajudicial,Acordo,Dr. Melo,2024-06-14,2025-08-25,Sem valor,14ª Vara Cível de Recife,Sem observações
1223,2545435-52.2025.3.59.7623,1285,Civil,Acordo Extrajudicial,Encerrado,Dra. Cavalcante,2020-01-31,2025-02-10,Sem valor,7ª Vara Trabalhista de Recife,Sem observações
1224,4874996-38.2022.9.94.8154,93,Trabalhista,Execução,Encerrado,Dra. Cavalcante,2022-02-28,2025-12-07,Sem valor,14ª Vara Cível de Recife,Sem observações
1225,4180949-86.2020.3.26.7593,588,Trabalhista,Inicial,Ativo,Dr. Barros,2024-12-28,2026-04-18,389295.0,4ª Vara Trabalhista de Recife,Sem observações
1226,1784068-27.2021.3.12.2538,715,Civil,Recurso,Ativo,Dra. Fontes,2020-09-20,2026-10-02,Sem valor,1ª Vara Criminal de Recife,Sem observações
1227,5239450-56.2022.7.99.2371,1071,Trabalhista,Inicial,Acordo,Dra. Fontes,2021-05-25,2026-11-15,Sem valor,14ª Vara Cível de Recife,Sem observações
1228,1614850-25.2020.8.85.3161,97,Civil,Sentença,Acordo,Dr. Melo,2023-02-26,2026-02-16,414861.0,7ª Vara Trabalhista de Recife,Aguardando documentos
1229,5316105-58.2020.3.22.3571,70,Trabalhista,Recurso,Ativo,Dr. Barros,2020-11-16,2025-07-19,241675.0,19ª Vara Criminal de Recife,Sem observações
1230,7687292-20.2021.4.85.7539,15,Civil,Recurso,Acordo,Dr. Melo,2020-01-14,2026-10-20,Sem valor,16ª Vara Trabalhista de Recife,Sem observações
1231,6105303-92.2021.4.39.3868,379,Trabalhista,Instrução,Encerrado,Dr. Barros,2022-04-13,2026-02-05,89601.0,12ª Vara Trabalhista de Recife,Sem observações
1232,8129073-22.2024.4.16.9656,1188,Civil,Inicial,Suspenso,Dra. Fontes,2021-12-17,2026-02-12,346659.0,3ª Vara Criminal de Recife,Sem observações
1233,3785792-10.2020.5.78.7940,1068,Trabalhista,Sentença,Ativo,Dr. Melo,2025-09-23,2026-05-09,367242.0,1ª Vara Trabalhista de Recife,Aguardando documentos
1234,9573194-21.2022.1.35.8352,509,Trabalhista,Instrução,Encerrado,Dra. Fontes,2021-12-12,2026-11-17,320483.0,2ª Vara Criminal de Recife,Sem observações
1235,7419280-60.2021.1.40.9417,918,Civil,Audiência,Encerrado,Dr. Barros,2022-10-20,2025-09-08,82932.0,15ª Vara Cível de Recife,Aguardando documentos
1236,7515318-25.2024.4.34.6280,1048,Civil,Audiência,Ativo,Dra. Cavalcante,2024-11-03,2026-11-20,Sem valor,18ª Vara Cível de Recife,Sem observações
1237,7245951-43.2021.4.11.7623,1180,Trabalhista,Inicial,Acordo,Dra. Fontes,2020-12-12,2025-03-21,Sem valor,6ª Vara Cível de Recife,Sem observações
1238,3821719-15.2025.2.86.2518,860,Civil,Execução,Suspenso,Dra. Fontes,2025-08-25,2025-10-07,Sem valor,16ª Vara Cível de Recife,Sem observações
1239,7722274-26.2024.9.14.7062,926,Trabalhista,Arquivado,Ativo,Dr. Melo,2022-02-10,2026-10-28,375093.0,12ª Vara Trabalhista de Recife,Sem observações
1240,6953559-38.2025.7.42.9212,1430,Civil,Recurso,Ativo,Dr. Melo,2024-08-27,2026-12-27,442414.0,3ª Vara Criminal de Recife,Sem observações
1241,5991409-16.2021.8.44.1303,454,Trabalhista,Acordo Extrajudicial,Ativo,Dra. Fontes,2025-07-24,2026-06-01,182837.0,3ª Vara Criminal de Recife,Aguardando documentos
1242,1974389-81.2024.5.57.9354,1430,Trabalhista,Execução,Em recurso,Dr. Melo,2026-01-26,2025-06-20,24677.0,9ª Vara Trabalhista de Recife,Sem observações
1243,1101935-78.2023.5.88.5299,374,Trabalhista,Inicial,Ativo,Dra. Fontes,2021-09-28,2026-06-05,418916.0,4ª Vara Criminal de Recife,Sem observações
1244,1099617-37.2023.9.61.1793,898,Trabalhista,Execução,Ativo,Dr. Barros,2020-01-11,2026-05-06,138935.0,20ª Vara Criminal de Recife,Sem observações
1245,1974389-81.2024.5.57.9354,1498,Civil,Instrução,Encerrado,Dra. Cavalcante,2020-03-03,2025-04-15,459361.0,3ª Vara Cível de Recife,Sem observações
1246,8588997-88.2020.6.29.5987,623,Trabalhista,Audiência,Ativo,Dra. Fontes,2023-06-04,2025-02-13,240043.0,11ª Vara Trabalhista de Recife,Sem observações
1247,7687292-20.2021.4.85.7539,775,Trabalhista,Instrução,Em recurso,Dr. Barros,2020-02-14,2026-11-14,416155.0,2ª Vara Trabalhista de Recife,Sem observações
1248,4687348-31.2023.1.92.6907,431,Civil,Arquivado,Acordo,Dr. Melo,2020-01-28,2026-03-18,218920.0,7ª Vara Cível de Recife,Sem observações
1249,5316105-58.2020.3.22.3571,832,Trabalhista,Execução,Ativo,Dr. Barros,2023-10-04,2026-01-21,49366.0,8ª Vara Criminal de Recife,Sem observações
1250,6036037-32.2025.3.53.7515,1270,Civil,Audiência,Ativo,Dra. Fontes,2024-01-22,2025-01-18,Sem valor,12ª Vara Cível de Recife,Sem observações
1251,2480014-80.2024.2.29.9847,1120,Trabalhista,Arquivado,Suspenso,Dr. Melo,2024-06-27,2025-02-21,402304.0,4ª Vara Trabalhista de Recife,Aguardando documentos
1252,5116418-16.2025.3.98.2234,396,Trabalhista,Acordo Extrajudicial,Ativo,Dr. Melo,2022-01-12,2025-05-22,Sem valor,6ª Vara Cível de Recife,Aguardando documentos
1253,4768255-51.2022.4.94.5695,1244,Civil,Execução,Em recurso,Dr. Melo,2022-01-06,2025-03-13,450572.0,15ª Vara Criminal de Recife,Sem observações
1254,7786207-82.2024.2.92.5696,63,Trabalhista,Audiência,Ativo,Dr. Barros,2024-06-30,2026-07-25,35094.0,12ª Vara Trabalhista de Recife,Sem observações
1255,9774395-92.2023.2.75.3192,406,Trabalhista,Audiência,Ativo,Dra. Cavalcante,2021-03-23,2025-02-23,Sem valor,16ª Vara Criminal de Recife,Sem observações
1256,1633270-27.2024.2.52.7034,1345,Trabalhista,Sentença,Em recurso,Dr. Barros,2023-01-16,2026-01-28,Sem valor,11ª Vara Trabalhista de Recife,Sem observações
1257,9666878-83.2023.6.29.9905,271,Civil,Audiência,Ativo,Dr. Melo,2022-12-17,2025-06-17,298505.0,19ª Vara Trabalhista de Recife,Sem observações
1258,3260101-88.2022.8.37.9169,572,Trabalhista,Arquivado,Encerrado,Dr. Barros,2025-06-17,2026-07-14,321845.0,17ª Vara Trabalhista de Recife,Sem observações
1259,6992158-64.2024.5.43.7750,162,Civil,Audiência,Acordo,Dra. Fontes,2020-05-06,2026-01-10,419163.0,15ª Vara Trabalhista de Recife,Sem observações
1260,1757615-27.2025.7.10.3762,110,Trabalhista,Execução,Ativo,Dra. Cavalcante,2023-01-21,2025-06-04,320395.0,15ª Vara Criminal de Recife,Sem observações
1261,9804642-71.2024.4.76.5486,974,Civil,Audiência,Acordo,Dra. Fontes,2021-01-05,2025-09-09,423301.0,18ª Vara Cível de Recife,Sem observações
1262,9573194-21.2022.1.35.8352,468,Trabalhista,Inicial,Ativo,Dra. Cavalcante,2026-12-04,2026-01-17,Sem valor,1ª Vara Cível de Recife,Sem observações
1263,7141324-67.2025.3.86.3413,1340,Civil,Audiência,Em recurso,Dr. Barros,2024-05-31,2026-04-08,Sem valor,3ª Vara Trabalhista de Recife,Sem observações
1264,7320713-89.2022.3.68.7881,138,Trabalhista,Arquivado,Encerrado,Dr. Barros,2024-12-05,2026-06-25,126861.0,7ª Vara Criminal de Recife,Sem observações
1265,5462435-11.2024.9.85.2977,22,Trabalhista,Sentença,Em recurso,Dr. Barros,2023-05-26,2026-09-22,Sem valor,9ª Vara Criminal de Recife,Sem observações
1266,4433355-55.2023.8.48.9346,63,Trabalhista,Execução,Ativo,Dr. Barros,2023-06-01,2025-12-09,345703.0,4ª Vara Criminal de Recife,Sem observações
1267,9953454-93.2020.2.52.5723,349,Civil,Instrução,Ativo,Dr. Melo,2021-12-24,2026-09-23,486237.0,19ª Vara Cível de Recife,Sem observações
1268,3724721-44.2021.9.75.5553,728,Trabalhista,Inicial,Ativo,Dra. Cavalcante,2023-03-29,2026-02-13,318874.0,7ª Vara Cível de Recife,Sem observações
1269,5850223-43.2020.3.81.3185,273,Civil,Instrução,Acordo,Dr. Melo,2023-07-07,2025-01-12,Sem valor,6ª Vara Trabalhista de Recife,Sem observações
1270,2016341-89.2023.7.48.2724,1169,Trabalhista,Recurso,Em recurso,Dra. Fontes,2023-08-09,2026-09-23,294098.0,11ª Vara Trabalhista de Recife,Sem observações
1271,6416661-36.2021.8.21.8496,172,Trabalhista,Audiência,Ativo,Dr. Barros,2020-05-08,2025-10-16,Sem valor,6ª Vara Criminal de Recife,Sem observações
1272,2753004-76.2021.8.83.9874,288,Civil,Audiência,Em recurso,Dr. Barros,2024-01-22,2025-07-03,120543.0,15ª Vara Criminal de Recife,Sem observações
1273,5492622-29.2021.9.92.7737,534,Trabalhista,Instrução,Acordo,Dr. Melo,2025-02-10,2026-12-24,438772.0,11ª Vara Criminal de Recife,Sem observações
1274,2966787-79.2022.1.41.9944,703,Trabalhista,Inicial,Ativo,Dr. Barros,2025-07-26,2026-08-06,270700.0,11ª Vara Cível de Recife,Sem observações
1275,5996426-23.2022.8.20.3566,527,Trabalhista,Instrução,Ativo,Dr. Melo,2025-08-22,2025-11-21,285848.0,2ª Vara Trabalhista de Recife,Aguardando documentos
1276,5850223-43.2020.3.81.3185,552,Trabalhista,Instrução,Ativo,Dra. Cavalcante,2021-06-21,Sem prazo delimitado,Sem valor,4ª Vara Criminal de Recife,Sem observações
1277,2545435-52.2025.3.59.7623,715,Trabalhista,Sentença,Ativo,Dra. Fontes,2023-06-09,2025-02-01,203487.0,20ª Vara Trabalhista de Recife,Sem observações
1278,3785792-10.2020.5.78.7940,262,Trabalhista,Execução,Ativo,Dra. Cavalcante,2020-10-03,Sem prazo delimitado,482633.0,19ª Vara Trabalhista de Recife,Sem observações
1279,2118934-75.2023.5.97.9563,1148,Trabalhista,Audiência,Encerrado,Dr. Melo,2022-12-02,2025-08-02,388325.0,20ª Vara Cível de Recife,Sem observações
1280,6334947-38.2020.4.71.6173,52,Trabalhista,Audiência,Ativo,Dra. Cavalcante,2023-11-19,2026-01-27,266004.0,12ª Vara Criminal de Recife,Sem observações
1281,6524227-53.2025.1.97.6214,1417,Trabalhista,Execução,Ativo,Dra. Fontes,2022-04-30,Sem prazo delimitado,287851.0,18ª Vara Trabalhista de Recife,Sem observações
1282,7236875-79.2024.7.97.5566,1085,Trabalhista,Acordo Extrajudicial,Ativo,Dra. Cavalcante,2022-01-07,2026-06-06,276807.0,12ª Vara Criminal de Recife,Aguardando documentos
1283,5271615-59.2021.2.54.6844,1394,Trabalhista,Acordo Extrajudicial,Acordo,Dr. Melo,2023-12-04,2026-06-03,Sem valor,7ª Vara Cível de Recife,Sem observações
1284,5159882-37.2022.9.71.7550,1095,Civil,Audiência,Ativo,Dra. Fontes,2020-06-08,2026-07-20,259613.0,9ª Vara Trabalhista de Recife,Sem observações
1285,5266269-78.2021.7.59.1392,97,Civil,Inicial,Ativo,Dra. Fontes,2024-06-21,2026-06-30,104689.0,5ª Vara Trabalhista de Recife,Aguardando documentos
1286,8220628-15.2021.8.54.9077,551,Trabalhista,Recurso,Ativo,Dra. Fontes,2021-02-18,2025-03-24,35369.0,16ª Vara Cível de Recife,Sem observações
1287,1557680-16.2021.4.16.4031,1330,Trabalhista,Execução,Encerrado,Dr. Barros,2021-05-28,2025-03-26,225356.0,16ª Vara Criminal de Recife,Sem observações
1288,9057219-99.2020.9.96.3254,710,Trabalhista,Arquivado,Suspenso,Dra. Cavalcante,2024-10-02,2026-12-19,363975.0,1ª Vara Cível de Recife,Aguardando documentos
1289,3306375-34.2024.9.48.9154,164,Trabalhista,Audiência,Ativo,Dra. Cavalcante,2021-10-10,2025-02-17,Sem valor,9ª Vara Cível de Recife,Sem observações
1290,9804642-71.2024.4.76.5486,774,Civil,Recurso,Ativo,Dr. Barros,2021-01-29,2025-05-24,443711.0,16ª Vara Cível de Recife,Sem observações
1291,9953454-93.2020.2.52.5723,99,Civil,Acordo Extrajudicial,Encerrado,Dr. Barros,2022-08-28,2026-10-04,69093.0,15ª Vara Cível de Recife,Sem observações
1292,4140100-24.2024.4.63.7178,53,Trabalhista,Instrução,Acordo,Dr. Melo,2021-01-24,2025-12-20,Sem valor,18ª Vara Criminal de Recife,Sem observações
1293,1237577-83.2022.8.91.4649,747,Civil,Recurso,Ativo,Dr. Melo,2022-07-10,2026-04-18,488051.0,20ª Vara Cível de Recife,Sem observações
1294,5116418-16.2025.3.98.2234,1195,Trabalhista,Execução,Em recurso,Dra. Fontes,2026-01-20,2026-02-16,409180.0,11ª Vara Cível de Recife,Sem observações
1295,6836135-90.2022.9.37.5643,435,Civil,Inicial,Ativo,Dr. Barros,2025-11-03,2025-03-01,188245.0,15ª Vara Trabalhista de Recife,Sem observações
1296,5753123-52.2021.4.48.4042,1262,Civil,Arquivado,Ativo,Dra. Cavalcante,2022-05-13,2025-12-16,434180.0,7ª Vara Trabalhista de Recife,Sem observações
1297,8905709-90.2020.9.55.2471,184,Trabalhista,Recurso,Encerrado,Dr. Barros,2022-10-13,2026-12-07,397524.0,3ª Vara Cível de Recife,Sem observações
1298,8717678-27.2025.5.11.4526,753,Civil,Recurso,Ativo,Dr. Melo,2020-09-03,2025-11-23,53630.0,4ª Vara Criminal de Recife,Sem observações
1299,5422047-80.2024.8.62.4364,217,Civil,Acordo Extrajudicial,Ativo,Dra. Cavalcante,2024-08-29,2025-08-27,Sem valor,7ª Vara Criminal de Recife,Sem observações
1300,2129757-49.2025.4.14.5657,149,Trabalhista,Arquivado,Ativo,Dr. Melo,2025-12-27,2026-10-23,392016.0,16ª Vara Cível de Recife,Sem observações
1301,3542799-64.2025.6.13.7299,637,Civil,Recurso,Ativo,Dra. Cavalcante,2025-03-26,2025-10-07,Sem valor,16ª Vara Cível de Recife,Aguardando documentos
1302,9489806-94.2021.2.55.9162,766,Trabalhista,Inicial,Encerrado,Dr. Barros,2022-08-07,2026-11-16,392762.0,1ª Vara Criminal de Recife,Sem observações
1303,8183950-10.2021.5.84.9388,1324,Trabalhista,Instrução,Ativo,Dra. Fontes,2023-09-12,2025-04-10,391622.0,2ª Vara Criminal de Recife,Sem observações
1304,4584224-94.2025.2.57.2511,1007,Civil,Instrução,Suspenso,Dr. Barros,2021-09-01,2026-10-20,455095.0,3ª Vara Trabalhista de Recife,Sem observações
1305,4493339-70.2021.7.17.8725,1400,Trabalhista,Instrução,Ativo,Dr. Barros,2023-07-08,2026-02-23,420010.0,19ª Vara Criminal de Recife,Sem observações
1306,6254488-31.2024.9.48.3216,172,Civil,Execução,Em recurso,Dra. Fontes,2022-04-18,2025-11-26,Sem valor,20ª Vara Criminal de Recife,Sem observações
1307,6686912-30.2025.4.68.7078,583,Trabalhista,Execução,Encerrado,Dr. Melo,2021-01-20,2026-04-20,262306.0,1ª Vara Criminal de Recife,Sem observações
1308,1101935-78.2023.5.88.5299,1024,Trabalhista,Sentença,Acordo,Dra. Fontes,2024-05-19,2025-11-06,311027.0,6ª Vara Criminal de Recife,Aguardando documentos
1309,5271615-59.2021.2.54.6844,83,Civil,Sentença,Acordo,Dr. Melo,2024-03-26,2026-04-05,103170.0,5ª Vara Criminal de Recife,Sem observações
1310,2909764-51.2025.7.78.2223,953,Trabalhista,Execução,Encerrado,Dra. Fontes,2020-01-29,2025-04-17,Sem valor,11ª Vara Criminal de Recife,Sem observações
1311,3418432-84.2025.3.59.5858,265,Trabalhista,Audiência,Acordo,Dr. Barros,2021-04-15,2025-02-07,246893.0,5ª Vara Criminal de Recife,Sem observações
1312,7381740-86.2021.2.88.6570,672,Trabalhista,Inicial,Acordo,Dra. Fontes,2023-09-01,Sem prazo delimitado,141218.0,14ª Vara Trabalhista de Recife,Sem observações
1313,4874996-38.2022.9.94.8154,942,Civil,Recurso,Acordo,Dra. Fontes,2021-02-05,2026-03-23,108026.0,18ª Vara Cível de Recife,Aguardando documentos
1314,8157599-64.2024.2.89.5276,525,Trabalhista,Instrução,Ativo,Dr. Melo,2024-05-03,2026-11-11,428061.0,14ª Vara Criminal de Recife,Sem observações
1315,5826200-20.2025.1.91.8748,638,Civil,Instrução,Ativo,Dr. Melo,2021-02-26,2026-08-16,Sem valor,19ª Vara Criminal de Recife,Aguardando documentos
1316,1557680-16.2021.4.16.4031,163,Civil,Audiência,Suspenso,Dra. Fontes,2025-10-30,2026-07-28,75605.0,15ª Vara Trabalhista de Recife,Aguardando documentos
1317,5274951-77.2021.1.76.5120,659,Trabalhista,Recurso,Encerrado,Dra. Cavalcante,2020-01-19,2025-04-09,482130.0,17ª Vara Cível de Recife,Aguardando documentos
1318,2519059-58.2022.7.86.4385,59,Trabalhista,Arquivado,Suspenso,Dr. Melo,2022-06-12,2026-09-12,159883.0,15ª Vara Trabalhista de Recife,Sem observações
1319,3675188-38.2025.9.53.3305,260,Trabalhista,Acordo Extrajudicial,Ativo,Dra. Cavalcante,2021-06-14,2025-06-22,172901.0,2ª Vara Cível de Recife,Sem observações
1320,4460247-99.2024.9.97.4840,748,Trabalhista,Inicial,Ativo,Dra. Cavalcante,2020-01-29,2025-01-01,244109.0,17ª Vara Criminal de Recife,Sem observações
1321,7323234-16.2020.9.59.5035,329,Civil,Inicial,Suspenso,Dra. Fontes,2025-03-02,Sem prazo delimitado,Sem valor,6ª Vara Cível de Recife,Sem observações
1322,5753123-52.2021.4.48.4042,1209,Trabalhista,Sentença,Ativo,Dr. Barros,2021-04-07,2025-12-03,370334.0,1ª Vara Criminal de Recife,Sem observações
1323,1237577-83.2022.8.91.4649,275,Trabalhista,Sentença,Suspenso,Dr. Melo,2026-07-04,2025-07-12,Sem valor,18ª Vara Criminal de Recife,Sem observações
1324,2554938-48.2024.1.13.4544,1108,Trabalhista,Audiência,Encerrado,Dr. Melo,2023-09-12,2025-02-24,125429.0,12ª Vara Criminal de Recife,Sem observações
1325,7065068-16.2021.7.14.6489,933,Civil,Execução,Suspenso,Dra. Fontes,2024-06-26,2026-10-26,47805.0,11ª Vara Criminal de Recife,Sem observações
1326,5483975-50.2024.8.92.4422,426,Trabalhista,Arquivado,Ativo,Dr. Barros,2020-12-19,2026-08-23,454986.0,14ª Vara Trabalhista de Recife,Sem observações
1327,4824419-32.2024.5.47.3265,1285,Trabalhista,Sentença,Suspenso,Dr. Melo,2025-03-16,2026-05-06,451069.0,18ª Vara Criminal de Recife,Sem observações
1328,3667022-35.2020.9.76.3115,1283,Civil,Audiência,Suspenso,Dr. Melo,2025-10-14,2026-11-05,446276.0,6ª Vara Criminal de Recife,Sem observações
1329,5422047-80.2024.8.62.4364,815,Trabalhista,Acordo Extrajudicial,Ativo,Dr. Melo,2022-01-29,2025-02-27,Sem valor,7ª Vara Criminal de Recife,Aguardando documentos
1330,3675188-38.2025.9.53.3305,915,Trabalhista,Sentença,Ativo,Dr. Barros,2023-09-14,2026-12-16,17840.0,20ª Vara Criminal de Recife,Sem observações
1331,3679963-72.2020.9.29.7859,213,Trabalhista,Sentença,Ativo,Dra. Cavalcante,2022-05-14,2025-06-06,343439.0,2ª Vara Cível de Recife,Sem observações
1332,7948577-74.2025.1.60.7583,238,Trabalhista,Sentença,Ativo,Dra. Fontes,2023-06-16,2026-12-03,Sem valor,10ª Vara Criminal de Recife,Sem observações
1333,4229107-99.2020.7.61.3978,592,Trabalhista,Inicial,Ativo,Dra. Fontes,2025-12-16,2026-03-27,321260.0,2ª Vara Criminal de Recife,Aguardando documentos
1334,2675642-32.2022.8.65.5499,512,Trabalhista,Execução,Acordo,Dra. Fontes,2020-11-25,2025-09-28,85730.0,19ª Vara Trabalhista de Recife,Sem observações
1335,5214684-96.2020.6.84.9986,511,Trabalhista,Acordo Extrajudicial,Em recurso,Dr. Barros,2024-03-28,2026-06-04,Sem valor,13ª Vara Criminal de Recife,Sem observações
1336,1093623-59.2025.7.92.5441,1485,Trabalhista,Acordo Extrajudicial,Ativo,Dr. Melo,2025-11-20,2026-02-15,252975.0,2ª Vara Cível de Recife,Sem observações
1337,8539686-69.2023.4.36.2235,722,Trabalhista,Audiência,Acordo,Dr. Melo,2022-10-18,2026-01-04,333559.0,15ª Vara Cível de Recife,Sem observações
1338,9666878-83.2023.6.29.9905,1412,Civil,Audiência,Acordo,Dr. Melo,2024-04-28,2025-07-20,321333.0,17ª Vara Cível de Recife,Sem observações
1339,9822459-92.2024.8.17.6403,1328,Trabalhista,Audiência,Encerrado,Dra. Fontes,2023-11-27,2025-10-14,497415.0,5ª Vara Trabalhista de Recife,Sem observações
1340,3242098-97.2025.4.44.9916,1368,Trabalhista,Instrução,Ativo,Dra. Cavalcante,2025-10-30,Sem prazo delimitado,Sem valor,7ª Vara Trabalhista de Recife,Sem observações
1341,6836135-90.2022.9.37.5643,1118,Civil,Sentença,Ativo,Dra. Cavalcante,2024-01-12,2025-09-22,Sem valor,20ª Vara Cível de Recife,Aguardando documentos
1342,5074974-98.2023.8.21.9881,983,Trabalhista,Arquivado,Encerrado,Dra. Fontes,2020-11-29,2025-04-03,386248.0,18ª Vara Trabalhista de Recife,Sem observações
1343,3464073-25.2022.8.73.5075,1267,Trabalhista,Sentença,Ativo,Dra. Cavalcante,2020-02-10,2026-03-04,455646.0,5ª Vara Trabalhista de Recife,Sem observações
1344,5660649-86.2020.5.86.9291,653,Civil,Sentença,Encerrado,Dr. Melo,2025-12-17,2025-06-11,Sem valor,19ª Vara Trabalhista de Recife,Sem observações
1345,6992158-64.2024.5.43.7750,193,Trabalhista,Recurso,Suspenso,Dra. Cavalcante,2020-05-22,2025-09-05,414622.0,19ª Vara Trabalhista de Recife,Sem observações
1346,1024421-54.2022.9.20.2563,484,Civil,Recurso,Acordo,Dr. Barros,2021-12-23,2026-11-12,187205.0,3ª Vara Cível de Recife,Sem observações
1347,4061044-97.2023.7.99.3676,367,Civil,Audiência,Ativo,Dra. Fontes,2021-02-24,2025-10-17,Sem valor,5ª Vara Cível de Recife,Sem observações
1348,5703772-88.2020.8.34.6114,526,Trabalhista,Inicial,Ativo,Dra. Cavalcante,2024-06-04,Sem prazo delimitado,126852.0,7ª Vara Cível de Recife,Sem observações
1349,1557680-16.2021.4.16.4031,851,Trabalhista,Recurso,Ativo,Dr. Barros,2022-03-10,2026-12-02,Sem valor,6ª Vara Trabalhista de Recife,Sem observações
1350,1185885-59.2023.7.19.8433,738,Civil,Audiência,Encerrado,Dra. Fontes,2021-01-25,2026-10-28,488911.0,10ª Vara Criminal de Recife,Sem observações
1351,1621418-87.2020.9.55.9337,796,Trabalhista,Recurso,Ativo,Dr. Barros,2023-09-29,2026-04-27,472445.0,8ª Vara Cível de Recife,Sem observações
1352,5050722-10.2024.8.29.4298,158,Trabalhista,Inicial,Encerrado,Dr. Melo,2022-12-26,2026-06-28,337691.0,2ª Vara Criminal de Recife,Sem observações
1353,4415624-13.2024.9.14.9480,767,Civil,Recurso,Ativo,Dra. Fontes,2023-01-10,2026-01-02,199319.0,18ª Vara Trabalhista de Recife,Sem observações
1354,8306601-19.2020.3.50.7457,1155,Civil,Inicial,Ativo,Dr. Barros,2020-06-28,2026-01-04,437860.0,15ª Vara Criminal de Recife,Aguardando documentos
1355,4064382-39.2022.4.13.8937,832,Civil,Inicial,Encerrado,Dr. Melo,2023-05-30,2026-01-15,13136.0,13ª Vara Trabalhista de Recife,Sem observações
1356,1784068-27.2021.3.12.2538,1057,Trabalhista,Audiência,Ativo,Dr. Barros,2025-12-30,2026-08-28,378162.0,7ª Vara Cível de Recife,Sem observações
1357,3510061-32.2020.9.13.4424,87,Trabalhista,Inicial,Acordo,Dr. Melo,2024-06-23,2025-07-03,Sem valor,8ª Vara Trabalhista de Recife,Sem observações
1358,5462435-11.2024.9.85.2977,697,Trabalhista,Execução,Encerrado,Dra. Cavalcante,2021-08-25,2025-06-07,80714.0,4ª Vara Trabalhista de Recife,Sem observações
1359,6982910-41.2023.8.91.8758,270,Civil,Sentença,Acordo,Dr. Melo,2021-08-19,2026-01-09,16722.0,2ª Vara Cível de Recife,Sem observações
1360,7848147-32.2021.6.58.3528,391,Trabalhista,Sentença,Suspenso,Dr. Barros,2022-12-20,2025-07-12,443396.0,11ª Vara Cível de Recife,Sem observações
1361,8892606-62.2022.2.87.2168,1238,Trabalhista,Acordo Extrajudicial,Ativo,Dra. Cavalcante,2024-09-08,2025-10-15,202054.0,18ª Vara Criminal de Recife,Sem observações
1362,1237577-83.2022.8.91.4649,939,Trabalhista,Instrução,Ativo,Dr. Barros,2023-01-31,Sem prazo delimitado,341560.0,8ª Vara Cível de Recife,Sem observações
1363,8655267-17.2025.3.63.4188,264,Trabalhista,Audiência,Encerrado,Dra. Cavalcante,2024-09-28,2025-06-17,493909.0,6ª Vara Criminal de Recife,Sem observações
1364,5432782-56.2021.2.97.6240,658,Trabalhista,Acordo Extrajudicial,Encerrado,Dra. Fontes,2022-03-11,2025-06-07,38569.0,6ª Vara Criminal de Recife,Sem observações
1365,9108785-98.2021.3.78.6687,382,Civil,Recurso,Suspenso,Dra. Fontes,2025-08-11,2025-03-26,175619.0,11ª Vara Criminal de Recife,Sem observações
1366,3306375-34.2024.9.48.9154,297,Trabalhista,Execução,Encerrado,Dr. Melo,2020-06-22,2026-05-12,95056.0,6ª Vara Cível de Recife,Sem observações
1367,5614769-67.2022.9.87.1001,516,Trabalhista,Inicial,Ativo,Dra. Fontes,2025-09-11,2026-10-23,463480.0,9ª Vara Trabalhista de Recife,Sem observações
1368,5661974-14.2020.6.39.3137,1257,Trabalhista,Execução,Em recurso,Dra. Fontes,2021-07-04,2025-07-21,386371.0,17ª Vara Trabalhista de Recife,Sem observações
1369,9071705-28.2021.9.78.4746,1193,Civil,Inicial,Ativo,Dra. Cavalcante,2023-10-26,2025-03-02,304044.0,17ª Vara Criminal de Recife,Sem observações
1370,2895065-46.2022.7.67.1438,977,Trabalhista,Recurso,Suspenso,Dr. Barros,2020-02-27,Sem prazo delimitado,Sem valor,17ª Vara Trabalhista de Recife,Sem observações
1371,1557680-16.2021.4.16.4031,935,Trabalhista,Sentença,Acordo,Dra. Cavalcante,2021-02-05,2025-09-13,204661.0,19ª Vara Cível de Recife,Aguardando documentos
1372,5159219-49.2023.5.25.3676,939,Trabalhista,Audiência,Ativo,Dr. Barros,2021-06-17,2026-01-13,59160.0,12ª Vara Criminal de Recife,Sem observações
1373,5124342-11.2025.5.50.6107,1339,Civil,Arquivado,Acordo,Dr. Barros,2024-07-29,2026-10-23,438798.0,11ª Vara Criminal de Recife,Sem observações
1374,9302979-43.2025.9.68.7487,991,Trabalhista,Arquivado,Ativo,Dra. Fontes,2022-12-28,2025-10-23,Sem valor,9ª Vara Criminal de Recife,Aguardando documentos
1375,8066975-72.2023.7.26.7675,288,Trabalhista,Execução,Ativo,Dra. Cavalcante,2022-06-22,2025-02-03,471422.0,4ª Vara Cível de Recife,Sem observações
1376,1311508-84.2020.3.38.8512,687,Civil,Inicial,Ativo,Dra. Fontes,2024-04-02,2025-03-21,Sem valor,19ª Vara Trabalhista de Recife,Sem observações
1377,2019436-32.2020.6.16.9856,1125,Civil,Acordo Extrajudicial,Ativo,Dr. Barros,2024-10-04,2025-06-17,Sem valor,15ª Vara Criminal de Recife,Sem observações
1378,7840442-26.2025.9.53.5093,82,Trabalhista,Instrução,Encerrado,Dr. Melo,2021-07-07,2025-10-24,340633.0,4ª Vara Criminal de Recife,Sem observações
1379,7320713-89.2022.3.68.7881,630,Civil,Execução,Ativo,Dr. Melo,2020-11-10,2026-05-11,371284.0,19ª Vara Cível de Recife,Sem observações
1380,2575202-50.2023.1.54.9627,1165,Civil,Execução,Em recurso,Dr. Barros,2020-08-19,2025-03-29,356925.0,3ª Vara Cível de Recife,Sem observações
1381,7065068-16.2021.7.14.6489,759,Trabalhista,Audiência,Ativo,Dra. Cavalcante,2025-11-08,2026-07-17,Sem valor,12ª Vara Criminal de Recife,Sem observações
1382,5747786-52.2023.7.30.3750,238,Civil,Audiência,Acordo,Dra. Fontes,2020-10-21,2025-01-22,Sem valor,2ª Vara Criminal de Recife,Sem observações
1383,1311508-84.2020.3.38.8512,702,Civil,Instrução,Ativo,Dr. Barros,2021-04-03,2025-06-05,Sem valor,9ª Vara Cível de Recife,Sem observações
1384,4460247-99.2024.9.97.4840,1263,Civil,Inicial,Em recurso,Dra. Cavalcante,2024-05-28,2026-08-03,462842.0,12ª Vara Cível de Recife,Sem observações
1385,3346094-93.2020.2.94.1759,74,Trabalhista,Instrução,Encerrado,Dra. Fontes,2022-04-02,2026-03-26,344712.0,6ª Vara Trabalhista de Recife,Sem observações
1386,8381610-96.2020.6.26.2533,1060,Trabalhista,Arquivado,Ativo,Dr. Melo,2021-09-06,2025-08-24,357401.0,19ª Vara Cível de Recife,Sem observações
1387,4601686-30.2021.5.52.7745,551,Civil,Sentença,Ativo,Dra. Cavalcante,2025-01-24,2025-04-24,420474.0,10ª Vara Criminal de Recife,Sem observações
1388,1966014-66.2022.7.82.2137,1455,Civil,Audiência,Acordo,Dr. Barros,2022-12-20,2025-02-11,228542.0,16ª Vara Cível de Recife,Sem observações
1389,9398629-61.2022.5.88.8253,888,Trabalhista,Instrução,Encerrado,Dr. Melo,2020-12-06,Sem prazo delimitado,94684.0,5ª Vara Trabalhista de Recife,Sem observações
1390,3679963-72.2020.9.29.7859,873,Trabalhista,Recurso,Encerrado,Dra. Fontes,2024-04-27,2026-04-06,367369.0,2ª Vara Criminal de Recife,Sem observações
1391,2231929-89.2024.6.41.5461,1297,Civil,Recurso,Ativo,Dra. Fontes,2021-02-01,2026-11-04,Sem valor,3ª Vara Criminal de Recife,Sem observações
1392,9071705-28.2021.9.78.4746,336,Civil,Sentença,Ativo,Dra. Fontes,2023-08-25,2026-11-27,446794.0,19ª Vara Trabalhista de Recife,Sem observações
1393,1165147-13.2020.2.47.5874,180,Civil,Inicial,Ativo,Dr. Melo,2022-07-09,2026-05-08,Sem valor,14ª Vara Cível de Recife,Sem observações
1394,1445483-93.2023.1.61.7357,855,Trabalhista,Audiência,Ativo,Dra. Fontes,2020-06-29,2026-12-21,9502.0,1ª Vara Criminal de Recife,Aguardando documentos
1395,4721085-96.2020.6.92.9645,1329,Civil,Inicial,Ativo,Dr. Melo,2026-02-24,2026-03-03,367724.0,12ª Vara Trabalhista de Recife,Sem observações
1396,5058333-37.2021.3.98.8848,160,Civil,Execução,Acordo,Dr. Barros,2022-05-15,2026-06-02,371564.0,13ª Vara Cível de Recife,Sem observações
1397,9666878-83.2023.6.29.9905,1291,Trabalhista,Recurso,Encerrado,Dr. Melo,2024-08-18,2025-09-27,Sem valor,19ª Vara Criminal de Recife,Sem observações
1398,9666878-83.2023.6.29.9905,980,Trabalhista,Audiência,Ativo,Dra. Cavalcante,2020-05-04,2026-11-15,263844.0,11ª Vara Trabalhista de Recife,Sem observações
1399,1013314-48.2023.4.39.2083,1362,Trabalhista,Inicial,Suspenso,Dra. Cavalcante,2026-01-14,2026-07-27,310784.0,16ª Vara Trabalhista de Recife,Sem observações
1400,5967836-10.2021.4.35.9671,906,Trabalhista,Audiência,Ativo,Dra. Fontes,2022-04-13,2025-11-29,Sem valor,7ª Vara Criminal de Recife,Sem observações
1401,2997279-67.2024.9.84.1441,3,Trabalhista,Acordo Extrajudicial,Encerrado,Dr. Melo,2026-02-13,Sem prazo delimitado,18510.0,4ª Vara Cível de Recife,Sem observações
1402,7398699-88.2025.6.55.3587,294,Civil,Recurso,Ativo,Dr. Barros,2022-11-19,2026-02-19,Sem valor,16ª Vara Criminal de Recife,Sem observações
1403,4874996-38.2022.9.94.8154,725,Trabalhista,Instrução,Encerrado,Dr. Barros,2026-04-23,Sem prazo delimitado,141698.0,8ª Vara Criminal de Recife,Sem observações
1404,7892487-80.2022.9.64.5036,1376,Trabalhista,Arquivado,Encerrado,Dra. Cavalcante,2021-01-08,2025-06-22,Sem valor,1ª Vara Trabalhista de Recife,Sem observações
1405,8574876-96.2020.7.97.4673,1328,Trabalhista,Inicial,Ativo,Dr. Barros,2022-07-01,2025-11-06,178587.0,13ª Vara Criminal de Recife,Sem observações
1406,1411065-96.2022.9.64.8271,513,Trabalhista,Execução,Em recurso,Dra. Fontes,2023-12-13,2026-09-14,288689.0,14ª Vara Cível de Recife,Sem observações
1407,6425355-10.2021.6.53.2041,623,Civil,Recurso,Acordo,Dra. Fontes,2024-12-12,2026-01-22,273482.0,11ª Vara Cível de Recife,Sem observações
1408,3585301-47.2021.7.73.3469,959,Trabalhista,Recurso,Acordo,Dr. Barros,2021-04-03,2025-12-08,13408.0,19ª Vara Cível de Recife,Aguardando documentos
1409,4584224-94.2025.2.57.2511,1101,Trabalhista,Execução,Ativo,Dra. Fontes,2024-06-24,2026-06-11,418921.0,16ª Vara Trabalhista de Recife,Aguardando documentos
1410,1101935-78.2023.5.88.5299,1072,Civil,Inicial,Ativo,Dra. Cavalcante,2024-03-28,2026-03-14,238716.0,5ª Vara Criminal de Recife,Sem observações
1411,6663627-76.2023.9.26.5770,739,Civil,Audiência,Suspenso,Dra. Fontes,2022-10-23,2025-12-02,181553.0,7ª Vara Criminal de Recife,Sem observações
1412,1438459-62.2020.7.78.3410,520,Trabalhista,Instrução,Encerrado,Dr. Melo,2022-11-20,2026-06-28,Sem valor,8ª Vara Cível de Recife,Aguardando documentos
1413,9110060-16.2025.2.29.4716,1454,Civil,Recurso,Ativo,Dra. Cavalcante,2020-03-31,2026-04-23,Sem valor,1ª Vara Cível de Recife,Sem observações
1414,1098476-20.2021.1.47.3336,1056,Trabalhista,Audiência,Ativo,Dr. Melo,2020-10-15,2026-06-25,136842.0,3ª Vara Criminal de Recife,Sem observações
1415,1714231-74.2025.9.71.1697,1017,Civil,Execução,Encerrado,Dra. Fontes,2021-08-15,2025-01-25,121587.0,7ª Vara Criminal de Recife,Sem observações
1416,6370110-64.2022.3.52.8440,122,Trabalhista,Acordo Extrajudicial,Ativo,Dr. Barros,2025-01-02,2025-09-12,398165.0,13ª Vara Criminal de Recife,Sem observações
1417,3496733-55.2020.2.43.8503,451,Trabalhista,Recurso,Encerrado,Dra. Fontes,2024-12-05,Sem prazo delimitado,137751.0,3ª Vara Trabalhista de Recife,Aguardando documentos
1418,2231929-89.2024.6.41.5461,307,Trabalhista,Instrução,Ativo,Dr. Barros,2023-01-02,2026-09-12,Sem valor,18ª Vara Trabalhista de Recife,Sem observações
1419,2110878-87.2023.8.83.8978,1081,Trabalhista,Audiência,Suspenso,Dra. Fontes,2025-07-22,2025-03-03,461342.0,16ª Vara Criminal de Recife,Sem observações
1420,8415891-60.2021.6.92.5554,177,Civil,Inicial,Encerrado,Dr. Melo,2020-08-09,2026-08-26,272781.0,20ª Vara Criminal de Recife,Sem observações
1421,4064382-39.2022.4.13.8937,914,Trabalhista,Acordo Extrajudicial,Ativo,Dra. Fontes,2025-05-14,2025-09-24,161060.0,12ª Vara Cível de Recife,Sem observações
1422,4433355-55.2023.8.48.9346,559,Trabalhista,Arquivado,Ativo,Dr. Barros,2023-12-29,2026-10-23,Sem valor,12ª Vara Trabalhista de Recife,Sem observações
1423,1237577-83.2022.8.91.4649,758,Civil,Inicial,Acordo,Dr. Melo,2022-08-17,2026-08-22,192711.0,13ª Vara Criminal de Recife,Sem observações
1424,6101036-60.2022.7.49.3295,348,Trabalhista,Execução,Suspenso,Dr. Melo,2024-11-29,Sem prazo delimitado,Sem valor,17ª Vara Criminal de Recife,Aguardando documentos
1425,1714231-74.2025.9.71.1697,1250,Civil,Arquivado,Ativo,Dra. Fontes,2021-11-04,2025-05-03,288206.0,3ª Vara Trabalhista de Recife,Sem observações
1426,3376786-12.2020.7.64.5093,1061,Civil,Recurso,Ativo,Dr. Melo,2020-10-04,2026-08-20,171681.0,6ª Vara Trabalhista de Recife,Sem observações
1427,5614769-67.2022.9.87.1001,1261,Civil,Execução,Acordo,Dr. Melo,2024-03-10,2026-01-30,109523.0,16ª Vara Cível de Recife,Sem observações
1428,2019436-32.2020.6.16.9856,954,Civil,Acordo Extrajudicial,Encerrado,Dra. Cavalcante,2026-02-03,2026-07-05,Sem valor,3ª Vara Criminal de Recife,Sem observações
1429,3879233-61.2024.5.30.1494,775,Civil,Acordo Extrajudicial,Encerrado,Dra. Fontes,2022-03-19,Sem prazo delimitado,479902.0,14ª Vara Trabalhista de Recife,Sem observações
1430,7633905-83.2022.9.95.2309,1472,Trabalhista,Execução,Encerrado,Dr. Barros,2024-06-14,2026-07-13,488673.0,6ª Vara Trabalhista de Recife,Sem observações
1431,8168450-48.2020.2.65.4570,1289,Trabalhista,Acordo Extrajudicial,Suspenso,Dr. Melo,2024-07-16,2026-07-20,Sem valor,3ª Vara Criminal de Recife,Sem observações
1432,9810112-12.2021.1.97.8847,1364,Trabalhista,Audiência,Ativo,Dr. Barros,2025-11-02,2026-10-12,170385.0,20ª Vara Cível de Recife,Sem observações
1433,3785792-10.2020.5.78.7940,144,Trabalhista,Execução,Ativo,Dra. Fontes,2023-10-29,2025-10-20,434018.0,11ª Vara Criminal de Recife,Sem observações
1434,2966787-79.2022.1.41.9944,136,Civil,Instrução,Encerrado,Dra. Cavalcante,2024-12-26,2026-11-09,Sem valor,20ª Vara Cível de Recife,Sem observações
1435,2186433-37.2022.2.12.4344,430,Trabalhista,Audiência,Encerrado,Dr. Melo,2022-09-25,2025-07-17,89595.0,12ª Vara Cível de Recife,Sem observações
1436,5661974-14.2020.6.39.3137,1484,Trabalhista,Inicial,Suspenso,Dra. Cavalcante,2021-02-14,2025-11-04,408317.0,19ª Vara Criminal de Recife,Aguardando documentos
1437,9992831-61.2022.4.35.1469,734,Trabalhista,Recurso,Ativo,Dr. Melo,2021-01-25,2026-07-05,349953.0,18ª Vara Cível de Recife,Sem observações
1438,6018860-77.2022.1.94.1315,138,Trabalhista,Execução,Acordo,Dra. Cavalcante,2024-02-28,2025-07-17,272540.0,17ª Vara Trabalhista de Recife,Sem observações
1439,1095980-10.2020.7.77.8313,1296,Trabalhista,Execução,Acordo,Dr. Melo,2025-09-10,2025-02-01,Sem valor,7ª Vara Criminal de Recife,Sem observações
1440,7398699-88.2025.6.55.3587,56,Trabalhista,Execução,Encerrado,Dr. Melo,2021-07-29,2026-08-18,324724.0,20ª Vara Cível de Recife,Sem observações
1441,3263740-44.2022.3.81.5402,538,Trabalhista,Inicial,Em recurso,Dra. Cavalcante,2024-10-30,2026-10-05,Sem valor,4ª Vara Cível de Recife,Sem observações
1442,3724721-44.2021.9.75.5553,442,Trabalhista,Inicial,Suspenso,Dra. Fontes,2021-05-03,2025-03-01,Sem valor,14ª Vara Criminal de Recife,Sem observações
1443,1098476-20.2021.1.47.3336,1481,Civil,Recurso,Encerrado,Dr. Melo,2020-06-05,2025-01-02,370420.0,17ª Vara Cível de Recife,Sem observações
1444,2267110-24.2021.5.78.6025,411,Civil,Recurso,Encerrado,Dra. Fontes,2024-01-09,Sem prazo delimitado,142358.0,4ª Vara Trabalhista de Recife,Sem observações
1445,7141324-67.2025.3.86.3413,681,Civil,Acordo Extrajudicial,Suspenso,Dra. Cavalcante,2021-03-17,2026-09-29,203849.0,16ª Vara Criminal de Recife,Sem observações
1446,6404948-40.2021.7.68.7161,1433,Civil,Execução,Suspenso,Dra. Cavalcante,2026-01-29,2026-12-02,19310.0,17ª Vara Cível de Recife,Sem observações
1447,4493339-70.2021.7.17.8725,169,Trabalhista,Arquivado,Ativo,Dra. Fontes,2020-03-14,2025-10-26,336175.0,20ª Vara Trabalhista de Recife,Sem observações
1448,4064382-39.2022.4.13.8937,121,Civil,Inicial,Ativo,Dr. Barros,2021-04-22,2025-09-12,20191.0,12ª Vara Trabalhista de Recife,Aguardando documentos
1449,6384831-67.2022.5.89.7429,632,Civil,Inicial,Ativo,Dra. Fontes,2022-12-20,2026-07-19,363169.0,10ª Vara Cível de Recife,Sem observações
1450,2411026-52.2022.6.26.7373,1308,Trabalhista,Instrução,Ativo,Dr. Melo,2020-11-25,2026-03-08,302169.0,17ª Vara Criminal de Recife,Sem observações
1451,1633270-27.2024.2.52.7034,151,Trabalhista,Acordo Extrajudicial,Encerrado,Dra. Fontes,2020-04-18,2026-11-26,441444.0,17ª Vara Criminal de Recife,Sem observações
1452,5786762-52.2021.9.21.3037,1424,Civil,Sentença,Em recurso,Dr. Melo,2020-02-27,Sem prazo delimitado,351195.0,18ª Vara Criminal de Recife,Sem observações
1453,9062552-47.2024.4.22.8265,1053,Civil,Recurso,Em recurso,Dr. Melo,2025-12-05,Sem prazo delimitado,399014.0,12ª Vara Criminal de Recife,Sem observações
1454,9110060-16.2025.2.29.4716,839,Civil,Recurso,Acordo,Dra. Cavalcante,2020-09-09,2026-06-17,104020.0,19ª Vara Trabalhista de Recife,Aguardando documentos
1455,9824532-76.2023.6.37.2040,241,Civil,Inicial,Acordo,Dra. Cavalcante,2020-10-21,2025-09-06,465660.0,17ª Vara Trabalhista de Recife,Sem observações
1456,2016341-89.2023.7.48.2724,1346,Trabalhista,Recurso,Encerrado,Dr. Barros,2022-10-24,2025-04-17,360668.0,11ª Vara Trabalhista de Recife,Sem observações
1457,2267110-24.2021.5.78.6025,1172,Trabalhista,Audiência,Encerrado,Dra. Cavalcante,2024-01-11,Sem prazo delimitado,Sem valor,3ª Vara Cível de Recife,Sem observações
1458,3542616-60.2022.3.87.6536,1355,Civil,Sentença,Suspenso,Dra. Cavalcante,2022-11-13,2026-03-18,451171.0,9ª Vara Criminal de Recife,Sem observações
1459,2658962-39.2022.5.95.8856,832,Trabalhista,Instrução,Ativo,Dr. Barros,2021-06-23,2026-02-27,485703.0,3ª Vara Cível de Recife,Sem observações
1460,9398629-61.2022.5.88.8253,425,Trabalhista,Instrução,Ativo,Dr. Melo,2024-09-15,2026-01-26,Sem valor,6ª Vara Cível de Recife,Sem observações
1461,2016341-89.2023.7.48.2724,1326,Trabalhista,Instrução,Em recurso,Dr. Melo,2023-04-16,2025-10-16,96863.0,9ª Vara Criminal de Recife,Sem observações
1462,9071705-28.2021.9.78.4746,115,Trabalhista,Audiência,Ativo,Dr. Melo,2024-02-13,Sem prazo delimitado,387419.0,14ª Vara Criminal de Recife,Sem observações
1463,2292432-35.2025.5.83.7063,313,Trabalhista,Sentença,Ativo,Dra. Fontes,2020-12-17,Sem prazo delimitado,102006.0,12ª Vara Criminal de Recife,Sem observações
1464,6254488-31.2024.9.48.3216,944,Civil,Audiência,Encerrado,Dra. Cavalcante,2021-08-01,2026-08-31,Sem valor,8ª Vara Criminal de Recife,Sem observações
1465,5159219-49.2023.5.25.3676,283,Trabalhista,Sentença,Encerrado,Dra. Fontes,2026-09-03,2025-09-28,356271.0,1ª Vara Cível de Recife,Sem observações
1466,6953559-38.2025.7.42.9212,1318,Trabalhista,Audiência,Ativo,Dr. Barros,2021-11-03,2025-07-09,Sem valor,8ª Vara Cível de Recife,Sem observações
1467,4202942-75.2025.6.91.7611,778,Trabalhista,Recurso,Suspenso,Dra. Cavalcante,2020-05-09,2025-05-22,120136.0,7ª Vara Cível de Recife,Sem observações
1468,5284129-51.2020.3.32.5205,620,Trabalhista,Execução,Acordo,Dra. Cavalcante,2022-10-14,2026-05-05,181064.0,16ª Vara Trabalhista de Recife,Sem observações
1469,7274275-74.2020.1.22.9780,260,Civil,Acordo Extrajudicial,Ativo,Dr. Melo,2024-06-24,2026-10-29,Sem valor,12ª Vara Trabalhista de Recife,Aguardando documentos
1470,5755257-93.2020.8.44.2882,894,Civil,Recurso,Acordo,Dra. Cavalcante,2023-11-25,Sem prazo delimitado,Sem valor,6ª Vara Criminal de Recife,Sem observações
1471,4601686-30.2021.5.52.7745,826,Trabalhista,Inicial,Em recurso,Dr. Barros,2020-06-13,2025-04-19,414431.0,5ª Vara Cível de Recife,Sem observações
1472,1311508-84.2020.3.38.8512,295,Civil,Sentença,Encerrado,Dr. Melo,2021-10-06,2026-01-14,481989.0,10ª Vara Cível de Recife,Sem observações
1473,1833330-93.2025.8.61.3405,833,Trabalhista,Acordo Extrajudicial,Encerrado,Dr. Barros,2023-06-13,2026-02-28,321475.0,4ª Vara Cível de Recife,Sem observações
1474,7951127-89.2024.1.63.3502,1117,Trabalhista,Inicial,Ativo,Dra. Fontes,2022-03-18,2025-11-26,215056.0,10ª Vara Cível de Recife,Sem observações
1475,5518767-82.2023.4.96.9873,365,Civil,Arquivado,Acordo,Dr. Melo,2022-04-25,2025-10-15,265500.0,12ª Vara Criminal de Recife,Aguardando documentos
1476,5210656-44.2021.1.39.2474,1285,Civil,Execução,Encerrado,Dra. Fontes,2023-10-06,2025-03-03,410728.0,9ª Vara Trabalhista de Recife,Sem observações
1477,5514997-95.2024.1.84.8098,1245,Trabalhista,Arquivado,Em recurso,Dr. Barros,2020-01-08,2026-07-06,390153.0,14ª Vara Cível de Recife,Sem observações
1478,1621418-87.2020.9.55.9337,1004,Trabalhista,Execução,Ativo,Dra. Fontes,2024-12-29,2026-08-26,157926.0,15ª Vara Cível de Recife,Aguardando documentos
1479,1183693-37.2024.1.85.2937,1316,Trabalhista,Audiência,Encerrado,Dra. Cavalcante,2024-08-28,2025-10-19,150377.0,15ª Vara Criminal de Recife,Sem observações
1480,2554938-48.2024.1.13.4544,62,Civil,Acordo Extrajudicial,Ativo,Dr. Melo,2024-12-15,2025-11-13,115348.0,7ª Vara Cível de Recife,Sem observações
1481,1273300-90.2024.2.80.7378,214,Trabalhista,Audiência,Suspenso,Dr. Barros,2021-12-19,2025-07-07,367100.0,12ª Vara Trabalhista de Recife,Sem observações
1482,1013314-48.2023.4.39.2083,1284,Civil,Acordo Extrajudicial,Suspenso,Dra. Cavalcante,2025-05-04,2026-06-29,Sem valor,5ª Vara Criminal de Recife,Sem observações
1483,6260319-38.2024.8.96.1114,897,Trabalhista,Sentença,Acordo,Dr. Barros,2020-06-04,2025-02-22,Sem valor,15ª Vara Cível de Recife,Sem observações
1484,4092125-65.2025.3.26.9073,321,Trabalhista,Execução,Ativo,Dra. Cavalcante,2025-04-10,2025-02-18,94255.0,2ª Vara Criminal de Recife,Sem observações
1485,8892606-62.2022.2.87.2168,241,Trabalhista,Sentença,Ativo,Dra. Fontes,2020-08-30,2025-01-02,Sem valor,11ª Vara Criminal de Recife,Sem observações
1486,4131852-60.2020.1.89.9739,559,Trabalhista,Arquivado,Ativo,Dra. Fontes,2022-10-21,2025-09-28,394388.0,2ª Vara Criminal de Recife,Sem observações
1487,8323566-47.2021.3.26.4644,1007,Trabalhista,Execução,Encerrado,Dr. Melo,2020-08-27,2026-02-26,443570.0,15ª Vara Trabalhista de Recife,Sem observações
1488,9168044-67.2022.1.26.3054,771,Civil,Arquivado,Encerrado,Dr. Barros,2020-04-22,2026-03-17,360857.0,6ª Vara Cível de Recife,Sem observações
1489,4952151-27.2023.3.38.8762,96,Trabalhista,Inicial,Acordo,Dra. Cavalcante,2025-08-02,2025-06-19,493204.0,13ª Vara Trabalhista de Recife,Sem observações
1490,9108785-98.2021.3.78.6687,1108,Civil,Acordo Extrajudicial,Encerrado,Dra. Cavalcante,2024-05-24,2026-12-09,282762.0,4ª Vara Cível de Recife,Sem observações
1491,7539718-58.2020.2.52.9800,68,Trabalhista,Recurso,Ativo,Dr. Barros,2025-09-12,2025-06-18,28192.0,17ª Vara Cível de Recife,Sem observações
1492,9824532-76.2023.6.37.2040,496,Civil,Arquivado,Suspenso,Dr. Melo,2026-02-26,2025-05-02,495197.0,4ª Vara Trabalhista de Recife,Aguardando documentos
1493,4768255-51.2022.4.94.5695,751,Trabalhista,Sentença,Ativo,Dr. Melo,2025-03-28,2025-07-21,468392.0,3ª Vara Criminal de Recife,Sem observações
1494,8306601-19.2020.3.50.7457,72,Trabalhista,Instrução,Acordo,Dr. Barros,2020-07-25,2026-09-18,197279.0,3ª Vara Criminal de Recife,Aguardando documentos
1495,8677980-28.2024.9.94.6552,544,Trabalhista,Inicial,Em recurso,Dra. Fontes,2021-11-14,2026-03-01,178093.0,14ª Vara Cível de Recife,Sem observações
1496,9835331-11.2022.6.15.8602,383,Trabalhista,Audiência,Acordo,Dr. Melo,2024-06-15,Sem prazo delimitado,475395.0,19ª Vara Criminal de Recife,Sem observações
1497,5050722-10.2024.8.29.4298,656,Trabalhista,Sentença,Encerrado,Dra. Fontes,2022-01-02,2026-12-05,262627.0,6ª Vara Trabalhista de Recife,Sem observações
1498,8183950-10.2021.5.84.9388,351,Trabalhista,Arquivado,Ativo,Dra. Cavalcante,2023-07-04,2025-05-30,489469.0,18ª Vara Trabalhista de Recife,Sem observações
1499,5700249-43.2020.5.57.9341,908,Trabalhista,Instrução,Ativo,Dr. Barros,2025-06-29,2026-11-27,457371.0,14ª Vara Trabalhista de Recife,Sem observações
1500,3541821-31.2021.8.96.1927,1199,Trabalhista,Inicial,Em recurso,Dr. Melo,2025-05-10,2025-07-19,210712.0,19ª Vara Cível de Recife,Sem observações
1501,8735892-74.2025.8.18.9411,850,Trabalhista,Inicial,Encerrado,Dr. Melo,2025-05-25,2026-04-03,30932.0,12ª Vara Cível de Recife,Sem observações
1502,3821719-15.2025.2.86.2518,1418,Trabalhista,Execução,Ativo,Dr. Melo,2025-10-04,2026-09-26,Sem valor,9ª Vara Cível de Recife,Aguardando documentos
1503,1833330-93.2025.8.61.3405,443,Civil,Sentença,Encerrado,Dra. Fontes,2025-05-08,2025-08-22,384475.0,9ª Vara Cível de Recife,Sem observações
1504,2675642-32.2022.8.65.5499,258,Trabalhista,Arquivado,Ativo,Dra. Fontes,2025-09-23,2025-11-13,96153.0,20ª Vara Criminal de Recife,Sem observações
1505,3879233-61.2024.5.30.1494,1367,Civil,Inicial,Ativo,Dr. Melo,2025-12-28,2025-05-03,211588.0,5ª Vara Trabalhista de Recife,Sem observações
1506,9302979-43.2025.9.68.7487,675,Trabalhista,Audiência,Suspenso,Dra. Fontes,2022-11-26,2026-05-16,Sem valor,6ª Vara Cível de Recife,Sem observações
1507,5850223-43.2020.3.81.3185,714,Trabalhista,Inicial,Ativo,Dra. Cavalcante,2021-01-29,2026-08-16,Sem valor,12ª Vara Cível de Recife,Sem observações
1508,3924425-56.2021.9.58.2912,1363,Civil,Arquivado,Encerrado,Dra. Cavalcante,2020-01-18,2025-06-27,415657.0,7ª Vara Criminal de Recife,Sem observações
1509,6075721-43.2020.9.85.8738,1478,Trabalhista,Acordo Extrajudicial,Ativo,Dra. Cavalcante,2023-08-18,2026-10-19,164816.0,17ª Vara Cível de Recife,Sem observações
1510,7115217-41.2025.1.67.7692,1349,Trabalhista,Recurso,Ativo,Dr. Barros,2021-05-01,2025-03-31,177813.0,7ª Vara Trabalhista de Recife,Sem observações
1511,5661974-14.2020.6.39.3137,1361,Civil,Acordo Extrajudicial,Ativo,Dr. Barros,2024-09-18,2026-05-01,497320.0,14ª Vara Criminal de Recife,Sem observações
1512,5050722-10.2024.8.29.4298,126,Trabalhista,Arquivado,Suspenso,Dra. Fontes,2023-01-30,2026-09-08,Sem valor,9ª Vara Cível de Recife,Aguardando documentos
1513,8843195-99.2024.6.39.2836,318,Civil,Arquivado,Acordo,Dra. Cavalcante,2021-09-28,2025-05-03,376302.0,6ª Vara Cível de Recife,Sem observações
1514,7236875-79.2024.7.97.5566,1393,Trabalhista,Acordo Extrajudicial,Acordo,Dra. Cavalcante,2022-02-24,2025-05-04,139937.0,11ª Vara Cível de Recife,Sem observações
1515,7274275-74.2020.1.22.9780,362,Civil,Audiência,Ativo,Dra. Fontes,2020-01-03,2025-07-30,161458.0,11ª Vara Cível de Recife,Sem observações
1516,6404948-40.2021.7.68.7161,1332,Trabalhista,Execução,Ativo,Dra. Fontes,2022-07-11,Sem prazo delimitado,45815.0,8ª Vara Cível de Recife,Sem observações
1517,7065068-16.2021.7.14.6489,535,Trabalhista,Audiência,Ativo,Dra. Cavalcante,2022-02-12,2025-05-08,270242.0,10ª Vara Cível de Recife,Sem observações
1518,2660213-63.2022.6.50.8366,1116,Trabalhista,Inicial,Suspenso,Dr. Barros,2024-06-18,2025-05-17,365578.0,12ª Vara Trabalhista de Recife,Sem observações
1519,1887163-62.2025.9.93.1037,1141,Civil,Instrução,Ativo,Dra. Cavalcante,2024-10-15,2026-01-14,487492.0,8ª Vara Criminal de Recife,Sem observações
1520,7599278-46.2021.4.96.3535,205,Trabalhista,Instrução,Em recurso,Dr. Barros,2022-02-07,2026-10-12,Sem valor,11ª Vara Trabalhista de Recife,Sem observações
1521,8066975-72.2023.7.26.7675,928,Trabalhista,Arquivado,Ativo,Dra. Fontes,2025-07-04,Sem prazo delimitado,Sem valor,8ª Vara Cível de Recife,Sem observações
1522,4180949-86.2020.3.26.7593,929,Civil,Acordo Extrajudicial,Acordo,Dr. Barros,2021-07-29,2026-03-13,452766.0,6ª Vara Criminal de Recife,Sem observações
1523,1311508-84.2020.3.38.8512,1262,Trabalhista,Acordo Extrajudicial,Encerrado,Dr. Barros,2026-10-03,2026-10-10,Sem valor,16ª Vara Trabalhista de Recife,Sem observações
1524,5901155-82.2023.2.89.7717,240,Trabalhista,Audiência,Suspenso,Dra. Cavalcante,2022-10-07,2026-09-04,5634.0,4ª Vara Trabalhista de Recife,Aguardando documentos
1525,1099617-37.2023.9.61.1793,1109,Civil,Acordo Extrajudicial,Acordo,Dra. Fontes,2021-05-29,2026-04-05,235690.0,3ª Vara Trabalhista de Recife,Sem observações
1526,8286828-70.2022.9.31.8012,1352,Civil,Arquivado,Ativo,Dra. Cavalcante,2022-03-16,2025-02-27,173887.0,4ª Vara Cível de Recife,Sem observações
1527,1664676-19.2021.8.64.4616,1270,Trabalhista,Execução,Ativo,Dra. Fontes,2022-04-10,2026-03-07,Sem valor,14ª Vara Cível de Recife,Sem observações
1528,4202942-75.2025.6.91.7611,1049,Trabalhista,Sentença,Encerrado,Dr. Barros,2023-09-30,2026-12-16,Sem valor,6ª Vara Criminal de Recife,Sem observações
1529,7848147-32.2021.6.58.3528,158,Civil,Audiência,Ativo,Dr. Barros,2022-05-19,2025-12-17,146214.0,14ª Vara Criminal de Recife,Sem observações
1530,7687292-20.2021.4.85.7539,1261,Civil,Execução,Ativo,Dr. Barros,2026-01-13,2025-03-04,175535.0,15ª Vara Criminal de Recife,Sem observações
1531,2267110-24.2021.5.78.6025,1263,Trabalhista,Execução,Acordo,Dra. Cavalcante,2021-05-01,2025-03-14,383646.0,15ª Vara Trabalhista de Recife,Sem observações
1532,5058333-37.2021.3.98.8848,293,Trabalhista,Inicial,Ativo,Dr. Melo,2023-06-20,Sem prazo delimitado,Sem valor,1ª Vara Cível de Recife,Sem observações
1533,8843195-99.2024.6.39.2836,946,Trabalhista,Inicial,Ativo,Dra. Fontes,2025-01-28,2026-11-06,323588.0,19ª Vara Cível de Recife,Sem observações
1534,3924425-56.2021.9.58.2912,1343,Civil,Inicial,Ativo,Dr. Melo,2025-06-20,2025-08-22,218982.0,4ª Vara Criminal de Recife,Aguardando documentos
1535,6003915-30.2025.6.37.7681,1023,Civil,Sentença,Ativo,Dr. Barros,2021-07-23,Sem prazo delimitado,51158.0,1ª Vara Cível de Recife,Sem observações
1536,1615190-23.2022.2.42.6238,729,Civil,Execução,Ativo,Dra. Cavalcante,2024-12-12,2026-11-22,376349.0,11ª Vara Cível de Recife,Sem observações
1537,7320713-89.2022.3.68.7881,1033,Trabalhista,Execução,Em recurso,Dr. Melo,2025-07-18,2026-12-21,153477.0,13ª Vara Cível de Recife,Sem observações
1538,3734843-61.2021.3.94.2954,504,Trabalhista,Audiência,Acordo,Dr. Barros,2020-09-28,2025-02-13,299363.0,10ª Vara Cível de Recife,Sem observações
1539,6018860-77.2022.1.94.1315,241,Civil,Execução,Ativo,Dr. Barros,2022-12-13,2025-12-02,132447.0,16ª Vara Criminal de Recife,Sem observações
1540,5996426-23.2022.8.20.3566,1281,Trabalhista,Recurso,Em recurso,Dr. Melo,2020-06-22,2026-12-22,382336.0,3ª Vara Trabalhista de Recife,Aguardando documentos
1541,8368372-34.2020.6.43.9691,889,Civil,Recurso,Em recurso,Dr. Barros,2020-01-10,2026-01-21,354073.0,18ª Vara Cível de Recife,Sem observações
1542,6547287-16.2023.4.15.7491,1110,Trabalhista,Inicial,Ativo,Dra. Fontes,2021-07-29,2026-11-18,130709.0,10ª Vara Trabalhista de Recife,Aguardando documentos
1543,6003915-30.2025.6.37.7681,143,Civil,Acordo Extrajudicial,Em recurso,Dr. Melo,2022-01-27,2025-09-12,13734.0,17ª Vara Criminal de Recife,Sem observações
1544,3679963-72.2020.9.29.7859,295,Trabalhista,Acordo Extrajudicial,Ativo,Dra. Cavalcante,2023-11-14,2025-09-25,341960.0,16ª Vara Cível de Recife,Sem observações
1545,8323566-47.2021.3.26.4644,1261,Civil,Recurso,Ativo,Dra. Cavalcante,2021-02-01,Sem prazo delimitado,123740.0,15ª Vara Trabalhista de Recife,Sem observações
1546,6260319-38.2024.8.96.1114,606,Trabalhista,Arquivado,Ativo,Dr. Melo,2024-05-21,2026-12-08,292226.0,6ª Vara Cível de Recife,Sem observações
1547,3679963-72.2020.9.29.7859,1393,Trabalhista,Execução,Encerrado,Dra. Cavalcante,2023-05-25,2026-07-18,239138.0,12ª Vara Cível de Recife,Sem observações
1548,2016341-89.2023.7.48.2724,1416,Civil,Sentença,Ativo,Dra. Fontes,2021-11-27,2026-10-30,326019.0,9ª Vara Criminal de Recife,Aguardando documentos
1549,7786207-82.2024.2.92.5696,1085,Civil,Inicial,Ativo,Dra. Cavalcante,2022-05-05,2026-09-12,Sem valor,17ª Vara Cível de Recife,Sem observações
1550,1754781-28.2025.6.89.2162,1224,Trabalhista,Acordo Extrajudicial,Ativo,Dra. Cavalcante,2023-08-31,2025-04-28,247906.0,20ª Vara Trabalhista de Recife,Sem observações
1551,3248366-98.2020.5.11.6279,434,Trabalhista,Sentença,Em recurso,Dr. Melo,2021-10-10,2026-04-24,284202.0,6ª Vara Trabalhista de Recife,Sem observações
1552,2675642-32.2022.8.65.5499,329,Trabalhista,Execução,Encerrado,Dra. Fontes,2024-02-01,2025-12-22,496119.0,6ª Vara Cível de Recife,Sem observações
1553,1024421-54.2022.9.20.2563,1225,Civil,Execução,Ativo,Dr. Melo,2023-05-01,Sem prazo delimitado,Sem valor,7ª Vara Trabalhista de Recife,Sem observações
1554,9110060-16.2025.2.29.4716,1455,Civil,Execução,Suspenso,Dr. Barros,2025-11-09,2026-03-15,310951.0,16ª Vara Trabalhista de Recife,Aguardando documentos
1555,1101935-78.2023.5.88.5299,659,Civil,Audiência,Encerrado,Dr. Barros,2020-02-08,2026-09-06,458145.0,19ª Vara Criminal de Recife,Sem observações
1556,4568537-97.2021.4.82.7633,1263,Civil,Acordo Extrajudicial,Suspenso,Dr. Barros,2020-12-01,2025-06-19,328658.0,18ª Vara Cível de Recife,Sem observações
1557,2842764-33.2025.7.99.7279,614,Trabalhista,Arquivado,Encerrado,Dr. Melo,2022-06-21,2025-07-07,58587.0,11ª Vara Cível de Recife,Sem observações
1558,7323234-16.2020.9.59.5035,1310,Civil,Sentença,Suspenso,Dr. Barros,2023-02-10,2025-08-07,433351.0,13ª Vara Cível de Recife,Sem observações
1559,5316105-58.2020.3.22.3571,499,Trabalhista,Execução,Ativo,Dra. Cavalcante,2025-09-26,2026-08-28,356467.0,9ª Vara Trabalhista de Recife,Sem observações
1560,2909764-51.2025.7.78.2223,1226,Trabalhista,Recurso,Ativo,Dra. Cavalcante,2022-07-18,2026-08-11,333893.0,19ª Vara Trabalhista de Recife,Sem observações
1561,7065068-16.2021.7.14.6489,1322,Trabalhista,Acordo Extrajudicial,Ativo,Dr. Barros,2023-10-08,Sem prazo delimitado,304547.0,16ª Vara Criminal de Recife,Sem observações
1562,8749473-21.2020.4.12.9144,1178,Trabalhista,Instrução,Ativo,Dra. Cavalcante,2020-11-21,2026-09-14,227104.0,11ª Vara Criminal de Recife,Sem observações
1563,2461262-96.2021.6.48.1315,1378,Civil,Instrução,Ativo,Dr. Barros,2025-01-26,2025-03-10,262295.0,10ª Vara Trabalhista de Recife,Sem observações
1564,7840442-26.2025.9.53.5093,559,Civil,Execução,Suspenso,Dr. Melo,2021-10-29,Sem prazo delimitado,431583.0,11ª Vara Trabalhista de Recife,Sem observações
1565,4415624-13.2024.9.14.9480,953,Trabalhista,Audiência,Ativo,Dra. Cavalcante,2020-05-22,2025-11-15,469980.0,15ª Vara Trabalhista de Recife,Sem observações
1566,2837371-36.2022.7.88.5428,955,Trabalhista,Inicial,Ativo,Dr. Barros,2024-04-07,2026-11-18,403689.0,6ª Vara Criminal de Recife,Sem observações
1567,9110060-16.2025.2.29.4716,420,Civil,Audiência,Encerrado,Dra. Cavalcante,2024-01-02,2025-06-13,368423.0,14ª Vara Criminal de Recife,Sem observações
1568,5788467-41.2023.8.93.8134,227,Trabalhista,Inicial,Ativo,Dr. Melo,2024-11-16,2026-06-21,15190.0,12ª Vara Cível de Recife,Aguardando documentos
1569,9057960-29.2025.5.10.6072,56,Civil,Instrução,Acordo,Dr. Barros,2023-01-10,2026-04-26,142024.0,14ª Vara Cível de Recife,Sem observações
1570,5638123-23.2024.7.30.5009,735,Civil,Recurso,Acordo,Dra. Cavalcante,2026-01-23,2026-12-25,64243.0,4ª Vara Criminal de Recife,Sem observações
1571,1099617-37.2023.9.61.1793,970,Trabalhista,Recurso,Ativo,Dr. Barros,2022-04-07,2025-08-29,335038.0,4ª Vara Cível de Recife,Sem observações
1572,1933296-95.2024.5.69.8317,994,Trabalhista,Acordo Extrajudicial,Ativo,Dra. Fontes,2020-06-16,2025-12-03,95267.0,6ª Vara Cível de Recife,Sem observações
1573,4865461-96.2025.2.64.9143,1064,Trabalhista,Audiência,Acordo,Dra. Fontes,2021-04-04,2026-12-06,Sem valor,2ª Vara Trabalhista de Recife,Sem observações
1574,1248003-72.2024.2.80.8472,698,Civil,Execução,Ativo,Dr. Barros,2021-03-11,2025-04-10,287683.0,8ª Vara Trabalhista de Recife,Sem observações
1575,3395583-64.2024.4.41.2181,565,Civil,Recurso,Em recurso,Dr. Melo,2020-08-30,2026-11-15,179112.0,8ª Vara Cível de Recife,Sem observações
1576,6011987-71.2020.8.10.4396,1067,Trabalhista,Sentença,Encerrado,Dr. Barros,2021-10-26,Sem prazo delimitado,Sem valor,18ª Vara Trabalhista de Recife,Sem observações
1577,5518767-82.2023.4.96.9873,360,Civil,Acordo Extrajudicial,Encerrado,Dr. Barros,2020-05-02,2026-04-03,60453.0,1ª Vara Trabalhista de Recife,Sem observações
1578,7633905-83.2022.9.95.2309,1345,Trabalhista,Audiência,Encerrado,Dr. Melo,2022-05-22,2026-12-08,470900.0,4ª Vara Cível de Recife,Sem observações
1579,1878000-50.2025.7.58.1197,525,Civil,Inicial,Encerrado,Dra. Cavalcante,2021-06-27,2025-03-26,316152.0,9ª Vara Criminal de Recife,Aguardando documentos
1580,6034606-21.2023.6.18.6684,570,Trabalhista,Execução,Ativo,Dra. Cavalcante,2025-03-24,2026-06-11,442451.0,4ª Vara Trabalhista de Recife,Sem observações
1581,8209168-30.2020.1.41.7632,844,Civil,Inicial,Ativo,Dr. Melo,2022-12-12,2025-11-30,Sem valor,16ª Vara Trabalhista de Recife,Sem observações
1582,7110796-41.2020.3.80.5362,599,Trabalhista,Sentença,Ativo,Dra. Cavalcante,2025-09-26,2026-07-01,458294.0,9ª Vara Cível de Recife,Sem observações
1583,6368709-92.2024.7.99.9426,1143,Trabalhista,Recurso,Acordo,Dra. Cavalcante,2021-02-05,2026-03-24,119708.0,16ª Vara Trabalhista de Recife,Sem observações
1584,5966644-82.2023.4.88.9951,904,Civil,Sentença,Encerrado,Dr. Melo,2021-10-30,2025-06-18,5786.0,9ª Vara Cível de Recife,Sem observações
1585,5289264-48.2020.4.41.6347,973,Trabalhista,Acordo Extrajudicial,Suspenso,Dra. Fontes,2021-08-21,Sem prazo delimitado,258239.0,16ª Vara Cível de Recife,Aguardando documentos
1586,7813974-60.2021.1.81.1542,880,Trabalhista,Acordo Extrajudicial,Ativo,Dra. Fontes,2025-02-10,2026-01-17,283385.0,12ª Vara Trabalhista de Recife,Aguardando documentos
1587,6524227-53.2025.1.97.6214,368,Trabalhista,Instrução,Ativo,Dr. Barros,2025-11-30,2026-01-14,296909.0,4ª Vara Criminal de Recife,Sem observações
1588,1878000-50.2025.7.58.1197,372,Trabalhista,Execução,Encerrado,Dra. Fontes,2021-06-07,2025-01-03,486420.0,7ª Vara Trabalhista de Recife,Sem observações
1589,1353022-94.2023.9.79.1203,582,Trabalhista,Acordo Extrajudicial,Ativo,Dra. Cavalcante,2021-06-06,2025-04-10,301278.0,10ª Vara Cível de Recife,Sem observações
1590,7633905-83.2022.9.95.2309,402,Civil,Acordo Extrajudicial,Ativo,Dra. Cavalcante,2022-10-07,2025-07-17,Sem valor,10ª Vara Trabalhista de Recife,Sem observações
1591,1933296-95.2024.5.69.8317,490,Trabalhista,Sentença,Ativo,Dra. Cavalcante,2020-08-12,2025-06-21,Sem valor,2ª Vara Cível de Recife,Sem observações
1592,1833330-93.2025.8.61.3405,1166,Trabalhista,Execução,Suspenso,Dr. Barros,2023-06-04,2026-04-01,236029.0,5ª Vara Criminal de Recife,Sem observações
1593,4314934-26.2021.7.14.7244,185,Trabalhista,Instrução,Ativo,Dra. Cavalcante,2024-11-10,2025-02-27,200262.0,1ª Vara Cível de Recife,Sem observações
1594,2019436-32.2020.6.16.9856,799,Civil,Recurso,Ativo,Dr. Barros,2021-02-02,2025-12-14,22631.0,14ª Vara Criminal de Recife,Sem observações
1595,2118934-75.2023.5.97.9563,640,Civil,Recurso,Ativo,Dra. Fontes,2026-02-25,2026-07-04,425441.0,13ª Vara Cível de Recife,Sem observações
1596,2490107-19.2023.9.10.7930,362,Trabalhista,Sentença,Encerrado,Dra. Cavalcante,2022-02-25,2026-01-05,64355.0,3ª Vara Cível de Recife,Sem observações
1597,9953454-93.2020.2.52.5723,314,Trabalhista,Audiência,Ativo,Dr. Melo,2020-05-31,2026-11-04,359675.0,5ª Vara Criminal de Recife,Sem observações
1598,5217157-98.2020.2.64.4094,577,Civil,Acordo Extrajudicial,Encerrado,Dr. Melo,2024-03-20,2025-03-20,160658.0,13ª Vara Trabalhista de Recife,Sem observações
1599,5991409-16.2021.8.44.1303,578,Trabalhista,Sentença,Suspenso,Dra. Fontes,2022-11-13,2026-04-08,Sem valor,3ª Vara Trabalhista de Recife,Sem observações
1600,9071705-28.2021.9.78.4746,902,Civil,Audiência,Ativo,Dra. Cavalcante,2021-11-11,2025-10-29,Sem valor,5ª Vara Trabalhista de Recife,Sem observações
1601,9992831-61.2022.4.35.1469,922,Trabalhista,Recurso,Ativo,Dr. Melo,2025-05-29,2026-11-02,Sem valor,3ª Vara Cível de Recife,Sem observações
1602,4084503-92.2025.8.90.5515,252,Trabalhista,Recurso,Ativo,Dra. Cavalcante,2024-02-26,2025-05-04,362486.0,6ª Vara Trabalhista de Recife,Sem observações
1603,9798556-59.2021.3.62.3110,712,Trabalhista,Recurso,Ativo,Dr. Melo,2025-03-20,2025-03-04,283514.0,17ª Vara Criminal de Recife,Aguardando documentos
1604,5660649-86.2020.5.86.9291,722,Trabalhista,Audiência,Ativo,Dr. Melo,2022-12-12,2026-05-04,Sem valor,5ª Vara Trabalhista de Recife,Aguardando documentos
1605,5432782-56.2021.2.97.6240,332,Trabalhista,Recurso,Ativo,Dr. Melo,2024-04-24,2026-04-05,264389.0,15ª Vara Criminal de Recife,Sem observações
1606,4494463-44.2022.5.80.7542,883,Trabalhista,Recurso,Encerrado,Dra. Cavalcante,2020-08-20,2025-04-20,Sem valor,12ª Vara Cível de Recife,Sem observações
1607,9168044-67.2022.1.26.3054,456,Civil,Acordo Extrajudicial,Suspenso,Dr. Barros,2020-10-17,2026-10-20,94694.0,1ª Vara Criminal de Recife,Sem observações
1608,2016341-89.2023.7.48.2724,1276,Civil,Recurso,Ativo,Dr. Barros,2023-07-27,Sem prazo delimitado,Sem valor,12ª Vara Cível de Recife,Sem observações
1609,2966787-79.2022.1.41.9944,86,Trabalhista,Recurso,Ativo,Dra. Cavalcante,2020-03-23,Sem prazo delimitado,218568.0,6ª Vara Criminal de Recife,Sem observações
1610,5788467-41.2023.8.93.8134,592,Trabalhista,Recurso,Encerrado,Dr. Melo,2024-10-16,2026-06-28,382496.0,2ª Vara Cível de Recife,Sem observações
1611,5214684-96.2020.6.84.9986,159,Civil,Acordo Extrajudicial,Em recurso,Dra. Fontes,2020-04-24,2025-04-14,Sem valor,8ª Vara Trabalhista de Recife,Sem observações
1612,2554938-48.2024.1.13.4544,217,Civil,Acordo Extrajudicial,Ativo,Dr. Barros,2023-11-14,2026-05-18,29803.0,20ª Vara Criminal de Recife,Sem observações
1613,5514997-95.2024.1.84.8098,964,Civil,Acordo Extrajudicial,Acordo,Dr. Melo,2020-08-13,Sem prazo delimitado,Sem valor,3ª Vara Criminal de Recife,Sem observações
1614,5316105-58.2020.3.22.3571,193,Civil,Recurso,Ativo,Dra. Cavalcante,2025-01-02,Sem prazo delimitado,439816.0,5ª Vara Cível de Recife,Aguardando documentos
1615,2186433-37.2022.2.12.4344,347,Civil,Inicial,Encerrado,Dra. Fontes,2023-07-29,2025-06-02,441330.0,19ª Vara Cível de Recife,Sem observações
1616,7224257-29.2020.8.88.9110,1488,Civil,Acordo Extrajudicial,Encerrado,Dr. Barros,2024-11-22,2026-04-05,326847.0,3ª Vara Trabalhista de Recife,Sem observações
1617,5124342-11.2025.5.50.6107,1145,Trabalhista,Audiência,Suspenso,Dr. Barros,2021-04-04,2025-09-21,496202.0,4ª Vara Trabalhista de Recife,Sem observações
1618,9319285-35.2025.3.19.9131,223,Trabalhista,Sentença,Encerrado,Dr. Melo,2023-08-31,2025-11-05,375204.0,3ª Vara Criminal de Recife,Aguardando documentos
1619,1101935-78.2023.5.88.5299,667,Trabalhista,Audiência,Acordo,Dr. Melo,2025-03-26,2026-09-25,79265.0,7ª Vara Cível de Recife,Sem observações
1620,5124342-11.2025.5.50.6107,466,Trabalhista,Audiência,Encerrado,Dra. Fontes,2023-03-23,2026-05-25,85548.0,13ª Vara Cível de Recife,Aguardando documentos
1621,7539718-58.2020.2.52.9800,1261,Civil,Instrução,Suspenso,Dra. Fontes,2025-11-16,2026-03-12,468688.0,18ª Vara Cível de Recife,Sem observações
1622,4417916-40.2022.7.26.4278,1260,Civil,Arquivado,Ativo,Dr. Melo,2022-08-01,Sem prazo delimitado,Sem valor,6ª Vara Criminal de Recife,Sem observações
1623,1778149-24.2023.1.86.3557,1296,Trabalhista,Execução,Suspenso,Dr. Barros,2020-10-14,2026-10-15,Sem valor,20ª Vara Trabalhista de Recife,Sem observações
1624,5953905-94.2022.5.44.3245,657,Trabalhista,Arquivado,Acordo,Dr. Melo,2023-10-11,2025-01-05,476965.0,7ª Vara Trabalhista de Recife,Sem observações
1625,3576390-15.2021.2.82.8209,1029,Trabalhista,Acordo Extrajudicial,Em recurso,Dr. Barros,2022-05-30,2025-06-27,139772.0,16ª Vara Trabalhista de Recife,Sem observações
1626,3710559-31.2020.9.95.2540,594,Trabalhista,Audiência,Ativo,Dr. Melo,2023-01-31,2025-07-13,57494.0,13ª Vara Trabalhista de Recife,Sem observações
1627,4493339-70.2021.7.17.8725,1154,Civil,Sentença,Acordo,Dra. Fontes,2022-05-30,2025-12-09,384188.0,13ª Vara Trabalhista de Recife,Sem observações
1628,8892606-62.2022.2.87.2168,272,Civil,Audiência,Ativo,Dra. Fontes,2023-05-27,2026-12-10,417732.0,7ª Vara Cível de Recife,Sem observações
1629,4065326-72.2025.8.58.5304,956,Civil,Audiência,Encerrado,Dra. Cavalcante,2025-02-14,2025-09-01,464616.0,17ª Vara Cível de Recife,Aguardando documentos
1630,9953454-93.2020.2.52.5723,315,Civil,Recurso,Em recurso,Dra. Cavalcante,2023-01-24,2025-03-17,Sem valor,2ª Vara Criminal de Recife,Sem observações
1631,6003915-30.2025.6.37.7681,771,Civil,Audiência,Em recurso,Dra. Fontes,2020-02-04,2026-03-26,425730.0,2ª Vara Cível de Recife,Aguardando documentos
1632,1633270-27.2024.2.52.7034,543,Trabalhista,Inicial,Acordo,Dr. Melo,2021-07-23,2025-08-19,Sem valor,5ª Vara Trabalhista de Recife,Aguardando documentos
1633,9498791-62.2022.6.73.9564,1288,Civil,Sentença,Em recurso,Dr. Melo,2024-04-16,2025-06-18,223723.0,10ª Vara Cível de Recife,Sem observações
1634,1438459-62.2020.7.78.3410,126,Civil,Acordo Extrajudicial,Ativo,Dra. Fontes,2020-11-17,2025-09-30,158007.0,13ª Vara Criminal de Recife,Sem observações
1635,5953905-94.2022.5.44.3245,1497,Civil,Recurso,Encerrado,Dr. Melo,2025-04-09,2026-03-06,376551.0,10ª Vara Cível de Recife,Sem observações
1636,4681694-71.2021.9.28.7350,583,Civil,Execução,Encerrado,Dra. Fontes,2025-06-24,2025-05-17,165004.0,19ª Vara Criminal de Recife,Sem observações
1637,4961530-22.2021.4.22.6290,366,Civil,Audiência,Suspenso,Dra. Cavalcante,2023-04-23,Sem prazo delimitado,151573.0,4ª Vara Trabalhista de Recife,Aguardando documentos
1638,5755257-93.2020.8.44.2882,1252,Civil,Acordo Extrajudicial,Encerrado,Dra. Cavalcante,2024-12-29,2025-10-14,392401.0,15ª Vara Criminal de Recife,Sem observações
1639,6524227-53.2025.1.97.6214,779,Trabalhista,Sentença,Encerrado,Dr. Barros,2022-05-30,2025-12-13,388244.0,12ª Vara Criminal de Recife,Sem observações
1640,1931030-34.2024.8.48.5319,1219,Trabalhista,Audiência,Ativo,Dr. Barros,2024-06-27,2026-04-11,97123.0,10ª Vara Trabalhista de Recife,Sem observações
1641,3975387-89.2023.4.55.7631,1003,Civil,Instrução,Ativo,Dra. Fontes,2021-04-24,Sem prazo delimitado,129579.0,18ª Vara Cível de Recife,Sem observações
1642,6334947-38.2020.4.71.6173,603,Civil,Instrução,Suspenso,Dra. Cavalcante,2023-10-23,2025-11-13,Sem valor,15ª Vara Cível de Recife,Sem observações
1643,1784068-27.2021.3.12.2538,1402,Civil,Inicial,Em recurso,Dra. Cavalcante,2023-03-12,2025-10-13,Sem valor,20ª Vara Trabalhista de Recife,Sem observações
1644,2191287-57.2021.1.18.8228,408,Civil,Instrução,Em recurso,Dr. Barros,2021-09-23,Sem prazo delimitado,Sem valor,18ª Vara Trabalhista de Recife,Sem observações
1645,9076234-78.2023.3.90.2702,1423,Trabalhista,Instrução,Encerrado,Dra. Cavalcante,2023-12-07,2026-11-05,Sem valor,2ª Vara Trabalhista de Recife,Sem observações
1646,3242098-97.2025.4.44.9916,1215,Trabalhista,Audiência,Encerrado,Dr. Barros,2024-09-06,2026-02-08,154754.0,4ª Vara Cível de Recife,Sem observações
1647,4134515-43.2021.8.70.4879,782,Civil,Sentença,Ativo,Dr. Melo,2024-03-05,2025-09-05,211139.0,14ª Vara Cível de Recife,Sem observações
1648,6053412-12.2021.6.72.8346,1403,Trabalhista,Audiência,Ativo,Dra. Cavalcante,2021-04-12,2026-06-11,214178.0,15ª Vara Criminal de Recife,Sem observações
1649,7381740-86.2021.2.88.6570,1271,Civil,Execução,Ativo,Dr. Melo,2023-08-09,2025-12-11,415288.0,16ª Vara Trabalhista de Recife,Sem observações
1650,7438163-48.2021.3.47.1186,1328,Trabalhista,Instrução,Acordo,Dra. Cavalcante,2025-08-15,2026-02-16,469336.0,14ª Vara Cível de Recife,Sem observações
1651,2411026-52.2022.6.26.7373,936,Trabalhista,Arquivado,Ativo,Dr. Barros,2020-08-16,2025-01-03,Sem valor,14ª Vara Trabalhista de Recife,Sem observações
1652,3306375-34.2024.9.48.9154,1179,Civil,Sentença,Ativo,Dra. Cavalcante,2024-10-13,2025-02-18,200272.0,13ª Vara Trabalhista de Recife,Sem observações
1653,1878000-50.2025.7.58.1197,220,Civil,Execução,Acordo,Dr. Barros,2020-02-27,2025-09-24,153653.0,19ª Vara Trabalhista de Recife,Sem observações
1654,3879233-61.2024.5.30.1494,11,Civil,Inicial,Encerrado,Dr. Barros,2025-04-10,2026-01-02,68833.0,16ª Vara Cível de Recife,Sem observações
1655,1185885-59.2023.7.19.8433,1037,Civil,Acordo Extrajudicial,Ativo,Dra. Cavalcante,2021-06-10,2025-07-12,248980.0,14ª Vara Criminal de Recife,Sem observações
1656,7243958-65.2020.5.25.5047,1048,Civil,Acordo Extrajudicial,Ativo,Dr. Barros,2023-01-08,2025-05-10,50354.0,17ª Vara Criminal de Recife,Sem observações
1657,1621418-87.2020.9.55.9337,1046,Trabalhista,Audiência,Encerrado,Dr. Barros,2020-11-25,2026-05-16,Sem valor,19ª Vara Cível de Recife,Sem observações
1658,3168718-77.2025.2.92.8027,668,Trabalhista,Arquivado,Suspenso,Dra. Fontes,2022-01-16,2025-12-19,350631.0,3ª Vara Criminal de Recife,Sem observações
1659,3675188-38.2025.9.53.3305,896,Trabalhista,Instrução,Ativo,Dra. Cavalcante,2024-04-19,2025-04-23,177866.0,14ª Vara Cível de Recife,Sem observações
1660,7381740-86.2021.2.88.6570,400,Civil,Audiência,Acordo,Dra. Fontes,2020-06-04,2025-10-18,Sem valor,15ª Vara Trabalhista de Recife,Aguardando documentos
1661,7892487-80.2022.9.64.5036,606,Trabalhista,Execução,Ativo,Dra. Cavalcante,2022-02-11,2025-04-28,297408.0,11ª Vara Trabalhista de Recife,Sem observações
1662,4961530-22.2021.4.22.6290,1003,Civil,Audiência,Encerrado,Dr. Melo,2020-08-25,2025-08-03,Sem valor,2ª Vara Criminal de Recife,Aguardando documentos
1663,9060164-41.2020.5.36.2381,852,Trabalhista,Arquivado,Ativo,Dr. Barros,2022-06-16,2025-09-30,124785.0,6ª Vara Trabalhista de Recife,Aguardando documentos
1664,3168718-77.2025.2.92.8027,1314,Civil,Inicial,Ativo,Dra. Cavalcante,2024-10-02,2026-04-15,Sem valor,12ª Vara Trabalhista de Recife,Sem observações
1665,5545511-73.2023.1.66.9757,1461,Trabalhista,Inicial,Ativo,Dra. Fontes,2022-08-25,2025-08-27,Sem valor,9ª Vara Trabalhista de Recife,Sem observações
1666,1185885-59.2023.7.19.8433,69,Trabalhista,Instrução,Acordo,Dra. Fontes,2021-03-04,2026-12-23,485831.0,20ª Vara Criminal de Recife,Sem observações
1667,1966014-66.2022.7.82.2137,1047,Trabalhista,Acordo Extrajudicial,Suspenso,Dra. Cavalcante,2022-03-22,2025-05-19,Sem valor,10ª Vara Trabalhista de Recife,Aguardando documentos
1668,8209168-30.2020.1.41.7632,198,Trabalhista,Acordo Extrajudicial,Acordo,Dra. Fontes,2025-11-24,2025-08-11,Sem valor,15ª Vara Criminal de Recife,Sem observações
1669,5638123-23.2024.7.30.5009,175,Civil,Acordo Extrajudicial,Encerrado,Dra. Cavalcante,2023-04-18,2026-10-25,376444.0,19ª Vara Trabalhista de Recife,Sem observações
1670,5116418-16.2025.3.98.2234,1104,Trabalhista,Arquivado,Em recurso,Dra. Fontes,2024-05-26,2026-12-03,Sem valor,2ª Vara Criminal de Recife,Sem observações
1671,2884639-86.2023.2.31.8737,649,Civil,Instrução,Suspenso,Dra. Cavalcante,2023-01-21,2025-02-10,447449.0,11ª Vara Cível de Recife,Sem observações
1672,1896520-28.2021.5.90.5374,579,Trabalhista,Inicial,Ativo,Dr. Barros,2022-10-15,2026-10-08,288085.0,19ª Vara Trabalhista de Recife,Sem observações
1673,9302979-43.2025.9.68.7487,650,Civil,Acordo Extrajudicial,Em recurso,Dr. Barros,2024-06-19,Sem prazo delimitado,Sem valor,5ª Vara Cível de Recife,Aguardando documentos
1674,1931030-34.2024.8.48.5319,687,Trabalhista,Arquivado,Acordo,Dra. Cavalcante,2020-06-10,2025-08-21,494948.0,18ª Vara Criminal de Recife,Sem observações
1675,8827641-36.2022.5.59.8715,1461,Trabalhista,Sentença,Ativo,Dra. Cavalcante,2020-07-25,Sem prazo delimitado,27305.0,1ª Vara Cível de Recife,Sem observações
1676,5274951-77.2021.1.76.5120,1388,Civil,Arquivado,Ativo,Dra. Fontes,2022-10-27,2025-09-07,112246.0,10ª Vara Cível de Recife,Sem observações
1677,3754895-37.2021.6.18.8502,901,Civil,Arquivado,Encerrado,Dra. Fontes,2021-10-27,2026-05-07,432078.0,20ª Vara Cível de Recife,Sem observações
1678,7916680-90.2022.1.67.1785,213,Trabalhista,Execução,Encerrado,Dra. Fontes,2026-01-28,2025-03-24,406934.0,16ª Vara Criminal de Recife,Sem observações
1679,6663627-76.2023.9.26.5770,484,Trabalhista,Execução,Encerrado,Dr. Barros,2020-04-09,2025-10-09,225067.0,20ª Vara Trabalhista de Recife,Sem observações
1680,1024421-54.2022.9.20.2563,986,Civil,Acordo Extrajudicial,Encerrado,Dra. Cavalcante,2020-07-30,2025-11-21,90411.0,17ª Vara Trabalhista de Recife,Aguardando documentos
1681,2294596-63.2020.6.38.9193,919,Civil,Instrução,Ativo,Dra. Fontes,2021-12-29,Sem prazo delimitado,107220.0,13ª Vara Criminal de Recife,Aguardando documentos
1682,5638123-23.2024.7.30.5009,3,Trabalhista,Inicial,Encerrado,Dr. Melo,2021-04-06,2026-03-26,165476.0,15ª Vara Criminal de Recife,Sem observações
1683,6160516-66.2024.5.17.7150,402,Trabalhista,Recurso,Ativo,Dr. Melo,2026-10-02,2026-10-15,227106.0,20ª Vara Cível de Recife,Aguardando documentos
1684,3724721-44.2021.9.75.5553,1107,Civil,Acordo Extrajudicial,Ativo,Dr. Melo,2023-01-18,2025-07-18,Sem valor,1ª Vara Criminal de Recife,Aguardando documentos
1685,7539718-58.2020.2.52.9800,964,Civil,Audiência,Ativo,Dra. Fontes,2023-03-21,2026-12-24,7231.0,14ª Vara Trabalhista de Recife,Sem observações
1686,6416661-36.2021.8.21.8496,1035,Trabalhista,Sentença,Encerrado,Dr. Barros,2021-10-12,2026-04-17,Sem valor,8ª Vara Criminal de Recife,Sem observações
1687,5732779-86.2025.4.28.7831,1497,Civil,Audiência,Ativo,Dr. Melo,2024-02-23,2026-10-25,408751.0,14ª Vara Cível de Recife,Sem observações
1688,5788467-41.2023.8.93.8134,519,Trabalhista,Inicial,Encerrado,Dr. Barros,2022-05-04,2025-05-06,36909.0,11ª Vara Criminal de Recife,Sem observações
1689,6982910-41.2023.8.91.8758,1082,Civil,Acordo Extrajudicial,Ativo,Dra. Cavalcante,2022-07-09,2026-02-03,462899.0,8ª Vara Criminal de Recife,Sem observações
1690,7223110-52.2024.2.44.8994,402,Trabalhista,Arquivado,Ativo,Dra. Fontes,2025-08-11,2026-06-27,Sem valor,13ª Vara Trabalhista de Recife,Sem observações
1691,4768255-51.2022.4.94.5695,291,Civil,Acordo Extrajudicial,Ativo,Dr. Melo,2022-08-23,2026-05-18,193696.0,17ª Vara Trabalhista de Recife,Sem observações
1692,5518767-82.2023.4.96.9873,63,Trabalhista,Sentença,Em recurso,Dr. Melo,2023-12-08,Sem prazo delimitado,Sem valor,6ª Vara Criminal de Recife,Sem observações
1693,8655267-17.2025.3.63.4188,921,Trabalhista,Acordo Extrajudicial,Encerrado,Dra. Fontes,2026-01-13,2026-03-30,257785.0,12ª Vara Criminal de Recife,Sem observações
1694,2019436-32.2020.6.16.9856,543,Civil,Recurso,Ativo,Dra. Fontes,2020-05-15,2026-12-10,87749.0,13ª Vara Cível de Recife,Sem observações
1695,9398629-61.2022.5.88.8253,483,Trabalhista,Acordo Extrajudicial,Ativo,Dr. Melo,2025-08-02,2025-12-25,148520.0,13ª Vara Cível de Recife,Sem observações
1696,6334947-38.2020.4.71.6173,1189,Civil,Recurso,Acordo,Dr. Barros,2024-02-01,2025-06-07,319267.0,5ª Vara Trabalhista de Recife,Aguardando documentos
1697,2267110-24.2021.5.78.6025,1072,Civil,Acordo Extrajudicial,Ativo,Dr. Melo,2021-07-26,2026-11-25,378319.0,1ª Vara Criminal de Recife,Sem observações
1698,5271615-59.2021.2.54.6844,1047,Trabalhista,Execução,Ativo,Dr. Barros,2023-06-07,2025-01-12,Sem valor,12ª Vara Criminal de Recife,Sem observações
1699,4584224-94.2025.2.57.2511,768,Trabalhista,Audiência,Acordo,Dr. Melo,2022-08-19,2025-10-28,Sem valor,5ª Vara Cível de Recife,Sem observações
1700,7381740-86.2021.2.88.6570,1429,Civil,Instrução,Ativo,Dr. Barros,2023-08-19,2025-08-31,246284.0,16ª Vara Trabalhista de Recife,Sem observações
1701,8306601-19.2020.3.50.7457,964,Trabalhista,Inicial,Ativo,Dra. Fontes,2023-07-31,2026-02-01,202834.0,14ª Vara Criminal de Recife,Sem observações
1702,8530609-10.2021.5.41.7151,318,Trabalhista,Inicial,Ativo,Dra. Cavalcante,2020-11-08,Sem prazo delimitado,408855.0,12ª Vara Criminal de Recife,Sem observações
1703,8168450-48.2020.2.65.4570,449,Trabalhista,Execução,Suspenso,Dr. Melo,2023-07-29,2026-03-23,55287.0,9ª Vara Cível de Recife,Sem observações
1704,8588997-88.2020.6.29.5987,1172,Trabalhista,Acordo Extrajudicial,Ativo,Dra. Cavalcante,2024-07-04,2025-07-23,46490.0,19ª Vara Trabalhista de Recife,Sem observações
1705,6018860-77.2022.1.94.1315,987,Civil,Audiência,Ativo,Dr. Barros,2020-09-23,Sem prazo delimitado,433470.0,5ª Vara Criminal de Recife,Sem observações
1706,4229107-99.2020.7.61.3978,597,Trabalhista,Instrução,Ativo,Dra. Cavalcante,2025-01-31,2025-01-26,125167.0,9ª Vara Trabalhista de Recife,Sem observações
1707,6524227-53.2025.1.97.6214,903,Trabalhista,Inicial,Encerrado,Dra. Fontes,2022-02-05,2025-02-27,29817.0,2ª Vara Criminal de Recife,Sem observações
1708,4768255-51.2022.4.94.5695,219,Trabalhista,Inicial,Encerrado,Dr. Barros,2022-11-12,2026-07-14,225745.0,20ª Vara Criminal de Recife,Sem observações
1709,8381610-96.2020.6.26.2533,557,Civil,Arquivado,Acordo,Dra. Fontes,2023-12-17,2026-04-16,102909.0,9ª Vara Criminal de Recife,Sem observações
1710,5074974-98.2023.8.21.9881,1085,Civil,Arquivado,Encerrado,Dra. Cavalcante,2024-07-04,2025-01-29,311400.0,13ª Vara Cível de Recife,Sem observações
1711,2461262-96.2021.6.48.1315,200,Trabalhista,Audiência,Suspenso,Dra. Fontes,2020-03-08,2026-06-10,33990.0,12ª Vara Criminal de Recife,Sem observações
1712,2112478-55.2024.2.51.9095,739,Trabalhista,Arquivado,Ativo,Dra. Fontes,2023-12-09,2026-12-08,305382.0,20ª Vara Trabalhista de Recife,Sem observações
1713,5747786-52.2023.7.30.3750,463,Trabalhista,Recurso,Ativo,Dr. Melo,2023-08-26,2025-03-26,14583.0,15ª Vara Trabalhista de Recife,Sem observações
1714,4938178-62.2020.7.27.6072,1019,Civil,Execução,Encerrado,Dr. Barros,2022-07-22,2025-04-14,Sem valor,5ª Vara Cível de Recife,Sem observações
1715,9835331-11.2022.6.15.8602,394,Trabalhista,Inicial,Encerrado,Dra. Fontes,2026-09-01,2025-09-27,136014.0,10ª Vara Trabalhista de Recife,Sem observações
1716,1931030-34.2024.8.48.5319,371,Civil,Audiência,Ativo,Dr. Barros,2024-03-09,2026-07-20,397124.0,2ª Vara Cível de Recife,Aguardando documentos
1717,8209168-30.2020.1.41.7632,1140,Trabalhista,Instrução,Ativo,Dra. Fontes,2023-03-09,2026-01-17,169611.0,15ª Vara Criminal de Recife,Sem observações
1718,2909764-51.2025.7.78.2223,1302,Trabalhista,Execução,Ativo,Dra. Fontes,2021-12-03,2026-06-28,402249.0,9ª Vara Trabalhista de Recife,Sem observações
1719,9798556-59.2021.3.62.3110,1222,Civil,Acordo Extrajudicial,Ativo,Dra. Cavalcante,2021-01-16,Sem prazo delimitado,Sem valor,13ª Vara Trabalhista de Recife,Sem observações
1720,6096719-87.2023.1.41.6180,1134,Civil,Audiência,Ativo,Dra. Cavalcante,2022-08-20,2026-10-12,Sem valor,12ª Vara Criminal de Recife,Sem observações
1721,5826200-20.2025.1.91.8748,1267,Trabalhista,Execução,Ativo,Dra. Fontes,2023-02-27,2025-05-16,Sem valor,6ª Vara Trabalhista de Recife,Sem observações
1722,7224257-29.2020.8.88.9110,1046,Civil,Arquivado,Acordo,Dra. Cavalcante,2021-01-31,2025-06-14,378465.0,7ª Vara Cível de Recife,Sem observações
1723,8129073-22.2024.4.16.9656,739,Trabalhista,Instrução,Encerrado,Dra. Fontes,2022-03-17,2025-04-27,Sem valor,16ª Vara Cível de Recife,Sem observações
1724,5451988-41.2020.2.82.4041,935,Trabalhista,Sentença,Em recurso,Dr. Barros,2022-07-17,2025-04-23,Sem valor,6ª Vara Trabalhista de Recife,Sem observações
1725,6524227-53.2025.1.97.6214,699,Trabalhista,Instrução,Acordo,Dra. Fontes,2022-01-06,2025-11-18,Sem valor,1ª Vara Trabalhista de Recife,Sem observações
1726,8590346-68.2020.7.63.7780,977,Civil,Instrução,Suspenso,Dr. Barros,2025-06-18,2025-12-16,304755.0,4ª Vara Criminal de Recife,Sem observações
1727,8678370-92.2025.7.35.9962,593,Trabalhista,Instrução,Acordo,Dra. Cavalcante,2020-12-19,2026-04-09,45856.0,4ª Vara Trabalhista de Recife,Sem observações
1728,7553290-31.2023.9.36.9282,885,Civil,Inicial,Ativo,Dr. Melo,2020-09-30,2025-03-31,Sem valor,20ª Vara Cível de Recife,Sem observações
1729,5074974-98.2023.8.21.9881,667,Trabalhista,Audiência,Em recurso,Dra. Fontes,2022-01-04,Sem prazo delimitado,55136.0,4ª Vara Trabalhista de Recife,Aguardando documentos
1730,3724721-44.2021.9.75.5553,157,Trabalhista,Recurso,Ativo,Dra. Fontes,2025-04-30,2026-06-15,51467.0,17ª Vara Cível de Recife,Sem observações
1731,1664676-19.2021.8.64.4616,12,Civil,Acordo Extrajudicial,Encerrado,Dra. Cavalcante,2021-02-22,2025-03-11,56714.0,11ª Vara Criminal de Recife,Sem observações
1732,1353022-94.2023.9.79.1203,1112,Trabalhista,Inicial,Encerrado,Dr. Barros,2025-03-27,2026-02-08,447972.0,8ª Vara Criminal de Recife,Sem observações
1733,8572382-61.2025.1.41.7172,784,Civil,Acordo Extrajudicial,Acordo,Dr. Barros,2021-11-26,2026-10-30,321744.0,13ª Vara Trabalhista de Recife,Sem observações
1734,4092125-65.2025.3.26.9073,7,Civil,Arquivado,Ativo,Dr. Melo,2020-11-01,2025-08-05,274088.0,2ª Vara Cível de Recife,Sem observações
1735,7951127-89.2024.1.63.3502,1307,Trabalhista,Acordo Extrajudicial,Encerrado,Dr. Barros,2022-01-20,2026-05-24,326445.0,7ª Vara Cível de Recife,Aguardando documentos
1736,3306375-34.2024.9.48.9154,92,Civil,Execução,Ativo,Dr. Melo,2025-03-16,2025-04-08,402211.0,19ª Vara Cível de Recife,Sem observações
1737,9086174-80.2025.1.81.3292,705,Civil,Recurso,Em recurso,Dra. Fontes,2023-04-06,2025-09-04,Sem valor,5ª Vara Trabalhista de Recife,Sem observações
1738,7398699-88.2025.6.55.3587,778,Trabalhista,Acordo Extrajudicial,Ativo,Dr. Melo,2021-10-02,2025-12-01,348264.0,10ª Vara Cível de Recife,Sem observações
1739,8572382-61.2025.1.41.7172,1246,Trabalhista,Arquivado,Encerrado,Dra. Fontes,2024-02-12,2025-02-20,156275.0,2ª Vara Cível de Recife,Sem observações
1740,8157599-64.2024.2.89.5276,1106,Trabalhista,Execução,Suspenso,Dra. Fontes,2022-04-14,2026-04-19,489334.0,18ª Vara Criminal de Recife,Sem observações
1741,5614769-67.2022.9.87.1001,668,Trabalhista,Execução,Encerrado,Dra. Fontes,2025-06-14,2026-03-09,213744.0,4ª Vara Cível de Recife,Sem observações
1742,2842764-33.2025.7.99.7279,1051,Trabalhista,Recurso,Ativo,Dra. Fontes,2024-10-19,2026-10-03,35528.0,6ª Vara Cível de Recife,Aguardando documentos
1743,8530609-10.2021.5.41.7151,503,Trabalhista,Audiência,Ativo,Dra. Fontes,2022-11-05,2026-11-28,155598.0,10ª Vara Criminal de Recife,Sem observações
1744,3785792-10.2020.5.78.7940,680,Civil,Arquivado,Ativo,Dra. Fontes,2025-01-11,2026-07-30,459869.0,20ª Vara Cível de Recife,Sem observações
1745,1615190-23.2022.2.42.6238,510,Trabalhista,Audiência,Ativo,Dra. Cavalcante,2020-09-15,2026-11-28,Sem valor,9ª Vara Trabalhista de Recife,Sem observações
1746,8607512-63.2021.6.82.1039,975,Trabalhista,Inicial,Ativo,Dra. Cavalcante,2026-12-02,Sem prazo delimitado,25392.0,6ª Vara Cível de Recife,Aguardando documentos
1747,5159219-49.2023.5.25.3676,430,Civil,Sentença,Ativo,Dra. Cavalcante,2021-01-30,2026-04-03,191169.0,9ª Vara Cível de Recife,Sem observações
1748,7999133-20.2023.7.26.1121,473,Trabalhista,Instrução,Suspenso,Dr. Barros,2023-04-23,2025-07-27,144812.0,20ª Vara Trabalhista de Recife,Sem observações
1749,4961530-22.2021.4.22.6290,903,Civil,Instrução,Encerrado,Dr. Melo,2021-05-25,2026-09-13,286402.0,6ª Vara Criminal de Recife,Aguardando documentos
1750,9822459-92.2024.8.17.6403,390,Civil,Arquivado,Ativo,Dr. Melo,2020-06-15,2026-01-02,452089.0,3ª Vara Criminal de Recife,Sem observações
1751,3401866-56.2021.1.87.5297,361,Trabalhista,Audiência,Em recurso,Dra. Cavalcante,2023-04-16,2025-05-21,Sem valor,6ª Vara Criminal de Recife,Sem observações
1752,3724721-44.2021.9.75.5553,374,Civil,Execução,Em recurso,Dr. Barros,2020-03-30,2026-08-21,Sem valor,20ª Vara Criminal de Recife,Sem observações
1753,2895065-46.2022.7.67.1438,987,Trabalhista,Recurso,Ativo,Dr. Barros,2025-11-18,2026-07-08,Sem valor,13ª Vara Cível de Recife,Sem observações
1754,6547287-16.2023.4.15.7491,1351,Civil,Inicial,Encerrado,Dr. Melo,2021-04-08,2026-06-01,Sem valor,15ª Vara Cível de Recife,Sem observações
1755,5733649-38.2020.2.35.3379,416,Trabalhista,Sentença,Suspenso,Dr. Melo,2025-08-29,2026-08-31,231890.0,7ª Vara Cível de Recife,Sem observações
1756,3306375-34.2024.9.48.9154,331,Civil,Audiência,Encerrado,Dr. Barros,2020-11-12,2026-09-23,Sem valor,10ª Vara Criminal de Recife,Sem observações
1757,1272937-41.2023.5.75.9958,38,Civil,Acordo Extrajudicial,Ativo,Dra. Fontes,2020-09-28,2025-07-29,246669.0,2ª Vara Criminal de Recife,Aguardando documentos
1758,6524227-53.2025.1.97.6214,1185,Civil,Acordo Extrajudicial,Ativo,Dr. Barros,2022-02-13,2026-06-18,477708.0,19ª Vara Trabalhista de Recife,Sem observações
1759,2411026-52.2022.6.26.7373,343,Trabalhista,Arquivado,Encerrado,Dra. Cavalcante,2020-04-07,2026-10-21,474437.0,2ª Vara Criminal de Recife,Sem observações
1760,3975387-89.2023.4.55.7631,1493,Civil,Execução,Encerrado,Dra. Cavalcante,2021-01-03,2026-02-01,353773.0,16ª Vara Criminal de Recife,Sem observações
1761,6982910-41.2023.8.91.8758,331,Trabalhista,Execução,Encerrado,Dr. Barros,2020-10-22,2025-06-25,367854.0,19ª Vara Criminal de Recife,Sem observações
1762,5124342-11.2025.5.50.6107,585,Trabalhista,Inicial,Ativo,Dr. Barros,2023-03-30,2025-01-27,334831.0,8ª Vara Criminal de Recife,Aguardando documentos
1763,6416661-36.2021.8.21.8496,1500,Civil,Sentença,Encerrado,Dra. Cavalcante,2025-01-26,2026-03-19,292353.0,5ª Vara Trabalhista de Recife,Sem observações
1764,3418432-84.2025.3.59.5858,787,Civil,Sentença,Encerrado,Dr. Melo,2026-08-01,Sem prazo delimitado,Sem valor,20ª Vara Trabalhista de Recife,Aguardando documentos
1765,3401866-56.2021.1.87.5297,734,Trabalhista,Instrução,Encerrado,Dra. Cavalcante,2020-02-11,2026-10-27,75923.0,8ª Vara Trabalhista de Recife,Sem observações
1766,3667022-35.2020.9.76.3115,4,Civil,Recurso,Encerrado,Dr. Melo,2025-03-30,2025-12-20,197831.0,5ª Vara Cível de Recife,Aguardando documentos
1767,2129757-49.2025.4.14.5657,663,Trabalhista,Inicial,Ativo,Dra. Fontes,2020-01-31,2025-10-07,Sem valor,15ª Vara Trabalhista de Recife,Sem observações
1768,3542616-60.2022.3.87.6536,484,Civil,Instrução,Encerrado,Dra. Cavalcante,2024-08-25,2026-09-17,367992.0,5ª Vara Trabalhista de Recife,Aguardando documentos
1769,6339808-70.2020.2.67.1325,405,Civil,Recurso,Encerrado,Dr. Melo,2020-03-13,2026-09-22,499785.0,8ª Vara Cível de Recife,Sem observações
1770,6694761-39.2022.1.10.2199,1312,Trabalhista,Arquivado,Ativo,Dr. Barros,2025-07-25,2026-02-15,107629.0,10ª Vara Trabalhista de Recife,Sem observações
1771,7419280-60.2021.1.40.9417,1055,Trabalhista,Audiência,Suspenso,Dr. Barros,2022-05-06,2026-08-06,Sem valor,9ª Vara Criminal de Recife,Sem observações
1772,2895065-46.2022.7.67.1438,728,Trabalhista,Recurso,Ativo,Dra. Cavalcante,2022-06-25,2025-05-03,232130.0,5ª Vara Cível de Recife,Aguardando documentos
1773,7381740-86.2021.2.88.6570,1313,Civil,Inicial,Encerrado,Dr. Melo,2021-09-29,2026-04-17,471602.0,7ª Vara Cível de Recife,Sem observações
1774,7398699-88.2025.6.55.3587,43,Trabalhista,Instrução,Em recurso,Dr. Melo,2022-11-01,2025-01-17,334533.0,10ª Vara Cível de Recife,Sem observações
1775,1676369-34.2022.3.47.6087,1496,Trabalhista,Execução,Encerrado,Dr. Barros,2023-07-07,2025-07-27,Sem valor,16ª Vara Criminal de Recife,Sem observações
1776,8735892-74.2025.8.18.9411,982,Trabalhista,Recurso,Suspenso,Dr. Barros,2020-01-20,2025-02-04,260950.0,15ª Vara Cível de Recife,Sem observações
1777,4494463-44.2022.5.80.7542,855,Civil,Instrução,Encerrado,Dr. Barros,2023-04-29,2025-10-17,Sem valor,14ª Vara Cível de Recife,Sem observações
1778,5996426-23.2022.8.20.3566,86,Civil,Audiência,Em recurso,Dr. Melo,2021-09-07,2026-05-03,301909.0,3ª Vara Trabalhista de Recife,Sem observações
1779,4314934-26.2021.7.14.7244,23,Trabalhista,Audiência,Encerrado,Dra. Cavalcante,2021-11-26,2025-07-14,241871.0,2ª Vara Trabalhista de Recife,Sem observações
1780,7381740-86.2021.2.88.6570,392,Trabalhista,Execução,Ativo,Dra. Fontes,2025-05-30,2025-03-14,76994.0,8ª Vara Criminal de Recife,Aguardando documentos
1781,4202942-75.2025.6.91.7611,1308,Trabalhista,Sentença,Ativo,Dra. Cavalcante,2021-09-23,2025-02-06,28965.0,12ª Vara Criminal de Recife,Sem observações
1782,1754781-28.2025.6.89.2162,456,Civil,Instrução,Ativo,Dra. Cavalcante,2021-03-08,2025-09-04,487003.0,20ª Vara Cível de Recife,Sem observações
1783,5700249-43.2020.5.57.9341,959,Trabalhista,Recurso,Encerrado,Dr. Barros,2024-05-22,Sem prazo delimitado,Sem valor,11ª Vara Cível de Recife,Sem observações
1784,8220628-15.2021.8.54.9077,1406,Civil,Audiência,Acordo,Dr. Barros,2025-02-25,2025-01-25,17175.0,18ª Vara Criminal de Recife,Sem observações
1785,6992158-64.2024.5.43.7750,1259,Civil,Sentença,Encerrado,Dra. Fontes,2020-07-25,2026-08-28,7468.0,7ª Vara Criminal de Recife,Sem observações
1786,6160516-66.2024.5.17.7150,173,Civil,Arquivado,Encerrado,Dra. Fontes,2022-10-17,2025-01-22,151572.0,10ª Vara Trabalhista de Recife,Sem observações
1787,1024421-54.2022.9.20.2563,904,Civil,Inicial,Encerrado,Dr. Barros,2021-04-08,2025-10-15,Sem valor,13ª Vara Criminal de Recife,Sem observações
1788,6476769-27.2021.5.22.2570,837,Civil,Audiência,Suspenso,Dr. Melo,2021-04-14,2026-11-02,270256.0,1ª Vara Criminal de Recife,Sem observações
1789,9062552-47.2024.4.22.8265,1459,Civil,Recurso,Acordo,Dr. Melo,2025-03-05,2025-12-06,320086.0,11ª Vara Cível de Recife,Sem observações
1790,4874996-38.2022.9.94.8154,431,Civil,Recurso,Ativo,Dr. Barros,2023-07-13,2025-03-17,Sem valor,17ª Vara Trabalhista de Recife,Sem observações
1791,4687348-31.2023.1.92.6907,218,Trabalhista,Instrução,Em recurso,Dr. Melo,2020-08-29,2026-11-09,455418.0,4ª Vara Criminal de Recife,Sem observações
1792,9774395-92.2023.2.75.3192,167,Civil,Execução,Encerrado,Dra. Cavalcante,2024-04-21,Sem prazo delimitado,136062.0,17ª Vara Cível de Recife,Sem observações
1793,8125196-18.2023.1.53.1215,31,Civil,Instrução,Encerrado,Dr. Melo,2021-07-29,2025-12-11,Sem valor,2ª Vara Cível de Recife,Sem observações
1794,1185885-59.2023.7.19.8433,814,Trabalhista,Acordo Extrajudicial,Suspenso,Dr. Melo,2025-09-30,2026-04-16,327796.0,16ª Vara Criminal de Recife,Sem observações
1795,1438459-62.2020.7.78.3410,94,Civil,Execução,Ativo,Dr. Melo,2025-04-26,2025-02-01,276138.0,4ª Vara Criminal de Recife,Sem observações
1796,4090182-95.2021.1.57.7189,611,Civil,Execução,Suspenso,Dra. Cavalcante,2022-08-16,Sem prazo delimitado,Sem valor,5ª Vara Trabalhista de Recife,Sem observações
1797,9498791-62.2022.6.73.9564,453,Civil,Inicial,Acordo,Dr. Melo,2021-09-01,2026-06-03,37076.0,20ª Vara Trabalhista de Recife,Sem observações
1798,9076234-78.2023.3.90.2702,178,Trabalhista,Recurso,Em recurso,Dr. Melo,2020-04-17,2026-02-03,7178.0,13ª Vara Criminal de Recife,Aguardando documentos
1799,7224257-29.2020.8.88.9110,848,Trabalhista,Inicial,Acordo,Dr. Barros,2025-08-11,2026-06-28,486626.0,18ª Vara Trabalhista de Recife,Sem observações
1800,9822459-92.2024.8.17.6403,1238,Trabalhista,Execução,Suspenso,Dr. Melo,2022-11-14,Sem prazo delimitado,489393.0,15ª Vara Cível de Recife,Sem observações
1801,4299848-20.2023.2.47.7396,1169,Trabalhista,Sentença,Ativo,Dr. Barros,2020-04-14,2026-08-20,311296.0,16ª Vara Criminal de Recife,Aguardando documentos
1802,5545511-73.2023.1.66.9757,397,Civil,Instrução,Encerrado,Dr. Melo,2024-02-12,Sem prazo delimitado,Sem valor,15ª Vara Cível de Recife,Sem observações
1803,3346094-93.2020.2.94.1759,1118,Civil,Audiência,Ativo,Dra. Fontes,2025-10-04,2026-02-11,25654.0,3ª Vara Cível de Recife,Sem observações
1804,2675642-32.2022.8.65.5499,651,Civil,Execução,Encerrado,Dr. Barros,2021-02-17,2025-11-20,Sem valor,3ª Vara Cível de Recife,Sem observações
1805,2100417-68.2021.7.29.9662,1013,Civil,Audiência,Ativo,Dr. Melo,2025-11-26,2025-07-16,335902.0,6ª Vara Trabalhista de Recife,Aguardando documentos
1806,7599278-46.2021.4.96.3535,282,Trabalhista,Instrução,Ativo,Dr. Barros,2023-02-12,Sem prazo delimitado,464868.0,20ª Vara Criminal de Recife,Sem observações
1807,1013314-48.2023.4.39.2083,529,Civil,Instrução,Ativo,Dr. Barros,2025-08-26,2026-11-17,112035.0,6ª Vara Criminal de Recife,Sem observações
1808,6445422-21.2020.5.39.8096,1016,Trabalhista,Instrução,Ativo,Dr. Barros,2020-01-14,Sem prazo delimitado,310628.0,19ª Vara Cível de Recife,Sem observações
1809,3879233-61.2024.5.30.1494,98,Trabalhista,Audiência,Ativo,Dr. Barros,2026-03-19,2026-04-11,464086.0,11ª Vara Criminal de Recife,Sem observações
1810,6865513-17.2021.7.21.3938,721,Civil,Inicial,Ativo,Dra. Fontes,2020-09-07,2026-09-18,485814.0,13ª Vara Cível de Recife,Sem observações
1811,9992831-61.2022.4.35.1469,140,Civil,Arquivado,Encerrado,Dra. Fontes,2022-12-28,2026-08-07,Sem valor,14ª Vara Criminal de Recife,Sem observações
1812,8735892-74.2025.8.18.9411,912,Civil,Acordo Extrajudicial,Encerrado,Dra. Fontes,2023-07-27,2026-02-25,Sem valor,12ª Vara Trabalhista de Recife,Aguardando documentos
1813,7941836-76.2025.4.34.6543,1296,Civil,Execução,Ativo,Dra. Cavalcante,2021-01-29,2025-09-22,Sem valor,12ª Vara Cível de Recife,Sem observações
1814,4874996-38.2022.9.94.8154,968,Civil,Audiência,Ativo,Dr. Melo,2024-10-27,2025-10-30,Sem valor,17ª Vara Criminal de Recife,Aguardando documentos
1815,2753004-76.2021.8.83.9874,52,Trabalhista,Recurso,Encerrado,Dra. Cavalcante,2025-11-22,2026-03-25,161660.0,4ª Vara Cível de Recife,Sem observações
1816,5631823-61.2020.5.47.1440,1345,Trabalhista,Instrução,Acordo,Dr. Barros,2023-06-26,Sem prazo delimitado,Sem valor,12ª Vara Trabalhista de Recife,Sem observações
1817,7419280-60.2021.1.40.9417,442,Trabalhista,Acordo Extrajudicial,Ativo,Dr. Barros,2022-07-19,2026-05-29,160564.0,17ª Vara Trabalhista de Recife,Sem observações
1818,6686912-30.2025.4.68.7078,366,Trabalhista,Audiência,Encerrado,Dr. Melo,2023-04-27,2026-02-01,425570.0,16ª Vara Criminal de Recife,Sem observações
1819,9489806-94.2021.2.55.9162,1271,Trabalhista,Arquivado,Encerrado,Dr. Melo,2024-12-31,2026-04-22,200153.0,12ª Vara Trabalhista de Recife,Aguardando documentos
1820,8905709-90.2020.9.55.2471,653,Trabalhista,Sentença,Encerrado,Dr. Barros,2020-09-10,Sem prazo delimitado,316995.0,12ª Vara Trabalhista de Recife,Sem observações
1821,5755257-93.2020.8.44.2882,1440,Civil,Inicial,Ativo,Dr. Melo,2020-12-08,2025-01-11,Sem valor,2ª Vara Trabalhista de Recife,Aguardando documentos
1822,2837371-36.2022.7.88.5428,321,Civil,Sentença,Encerrado,Dr. Barros,2022-06-02,Sem prazo delimitado,288470.0,19ª Vara Criminal de Recife,Sem observações
1823,3675188-38.2025.9.53.3305,398,Civil,Recurso,Ativo,Dra. Cavalcante,2025-12-05,2026-12-21,353672.0,5ª Vara Criminal de Recife,Sem observações
1824,9810112-12.2021.1.97.8847,1245,Trabalhista,Acordo Extrajudicial,Em recurso,Dra. Fontes,2025-05-26,2026-03-07,Sem valor,18ª Vara Trabalhista de Recife,Sem observações
1825,7236875-79.2024.7.97.5566,568,Civil,Sentença,Encerrado,Dr. Melo,2024-09-10,2026-07-30,254694.0,12ª Vara Criminal de Recife,Sem observações
1826,3395583-64.2024.4.41.2181,900,Trabalhista,Audiência,Ativo,Dr. Melo,2020-12-25,2026-08-19,131917.0,18ª Vara Criminal de Recife,Sem observações
1827,9824532-76.2023.6.37.2040,1264,Civil,Audiência,Ativo,Dr. Barros,2021-08-14,2026-06-18,113947.0,16ª Vara Criminal de Recife,Sem observações
1828,5462435-11.2024.9.85.2977,532,Civil,Acordo Extrajudicial,Encerrado,Dr. Melo,2025-10-06,2026-04-01,311284.0,7ª Vara Cível de Recife,Sem observações
1829,6096719-87.2023.1.41.6180,899,Trabalhista,Arquivado,Suspenso,Dra. Fontes,2020-12-08,2026-11-15,415383.0,11ª Vara Criminal de Recife,Aguardando documentos
1830,9573194-21.2022.1.35.8352,1362,Trabalhista,Arquivado,Ativo,Dr. Melo,2021-12-19,2025-03-13,409555.0,11ª Vara Cível de Recife,Sem observações
1831,1099617-37.2023.9.61.1793,176,Civil,Instrução,Suspenso,Dr. Melo,2022-08-14,2025-05-09,Sem valor,11ª Vara Cível de Recife,Aguardando documentos
1832,4131852-60.2020.1.89.9739,895,Civil,Acordo Extrajudicial,Ativo,Dra. Cavalcante,2020-02-27,2025-12-25,61107.0,6ª Vara Cível de Recife,Sem observações
1833,5451988-41.2020.2.82.4041,160,Civil,Audiência,Suspenso,Dr. Barros,2023-03-10,2026-05-11,242155.0,4ª Vara Trabalhista de Recife,Sem observações
1834,3168718-77.2025.2.92.8027,286,Trabalhista,Acordo Extrajudicial,Ativo,Dr. Barros,2021-05-24,2026-10-31,48129.0,2ª Vara Criminal de Recife,Sem observações
1835,4874996-38.2022.9.94.8154,521,Trabalhista,Audiência,Ativo,Dra. Cavalcante,2024-01-14,2026-05-13,118558.0,20ª Vara Cível de Recife,Sem observações
1836,8157599-64.2024.2.89.5276,1357,Civil,Arquivado,Encerrado,Dra. Fontes,2024-05-17,2025-09-26,10207.0,20ª Vara Criminal de Recife,Sem observações
1837,2397582-22.2023.9.93.4223,1019,Trabalhista,Audiência,Em recurso,Dra. Fontes,2025-09-21,2025-12-09,477231.0,2ª Vara Criminal de Recife,Sem observações
1838,1735592-50.2022.9.87.5612,613,Civil,Audiência,Encerrado,Dr. Melo,2026-04-28,2026-09-22,204020.0,15ª Vara Criminal de Recife,Sem observações
1839,9898363-27.2020.4.89.2966,854,Trabalhista,Arquivado,Suspenso,Dr. Melo,2023-09-20,2026-06-29,403010.0,8ª Vara Cível de Recife,Sem observações
1840,2016341-89.2023.7.48.2724,1086,Trabalhista,Sentença,Acordo,Dr. Melo,2025-02-21,2025-09-09,364364.0,2ª Vara Cível de Recife,Sem observações
1841,6339266-27.2025.5.15.6766,699,Trabalhista,Instrução,Encerrado,Dra. Cavalcante,2022-11-05,2025-10-13,Sem valor,6ª Vara Cível de Recife,Sem observações
1842,4460247-99.2024.9.97.4840,3,Trabalhista,Audiência,Ativo,Dra. Fontes,2020-12-11,2025-02-17,Sem valor,10ª Vara Trabalhista de Recife,Sem observações
1843,1438459-62.2020.7.78.3410,588,Trabalhista,Acordo Extrajudicial,Ativo,Dr. Barros,2022-11-16,2025-11-14,338354.0,5ª Vara Cível de Recife,Sem observações
1844,4961530-22.2021.4.22.6290,1360,Civil,Acordo Extrajudicial,Ativo,Dra. Fontes,2024-11-15,2026-08-05,292300.0,20ª Vara Trabalhista de Recife,Aguardando documentos
1845,6927716-18.2022.9.56.1445,699,Civil,Sentença,Ativo,Dr. Barros,2023-01-16,2025-05-20,498909.0,7ª Vara Cível de Recife,Sem observações
1846,4961530-22.2021.4.22.6290,245,Civil,Audiência,Acordo,Dr. Barros,2025-03-29,Sem prazo delimitado,Sem valor,10ª Vara Trabalhista de Recife,Aguardando documentos
1847,8539686-69.2023.4.36.2235,616,Civil,Instrução,Encerrado,Dra. Fontes,2021-02-26,2025-04-23,Sem valor,4ª Vara Criminal de Recife,Sem observações
1848,7722274-26.2024.9.14.7062,612,Trabalhista,Audiência,Suspenso,Dr. Melo,2024-10-24,2026-09-08,155320.0,1ª Vara Criminal de Recife,Sem observações
1849,2519059-58.2022.7.86.4385,710,Civil,Sentença,Ativo,Dra. Fontes,2024-03-28,2025-07-11,444585.0,13ª Vara Trabalhista de Recife,Sem observações
1850,1165147-13.2020.2.47.5874,14,Trabalhista,Sentença,Suspenso,Dra. Fontes,2025-10-15,2026-07-15,494565.0,2ª Vara Trabalhista de Recife,Aguardando documentos
1851,5631823-61.2020.5.47.1440,641,Trabalhista,Arquivado,Ativo,Dra. Cavalcante,2022-12-30,2026-09-11,309690.0,6ª Vara Cível de Recife,Sem observações
1852,8886588-26.2020.9.65.6361,1042,Civil,Inicial,Encerrado,Dr. Melo,2020-06-13,2025-05-24,193190.0,2ª Vara Criminal de Recife,Sem observações
1853,6547287-16.2023.4.15.7491,1180,Trabalhista,Inicial,Ativo,Dr. Melo,2023-08-04,2025-03-14,450215.0,16ª Vara Criminal de Recife,Sem observações
1854,1273300-90.2024.2.80.7378,954,Civil,Instrução,Ativo,Dra. Cavalcante,2025-06-18,2025-02-15,216230.0,14ª Vara Cível de Recife,Sem observações
1855,3576390-15.2021.2.82.8209,404,Trabalhista,Recurso,Encerrado,Dr. Melo,2023-11-27,Sem prazo delimitado,476707.0,7ª Vara Cível de Recife,Aguardando documentos
1856,5703772-88.2020.8.34.6114,125,Trabalhista,Instrução,Ativo,Dr. Melo,2024-10-16,2025-09-21,Sem valor,15ª Vara Trabalhista de Recife,Sem observações
1857,3679963-72.2020.9.29.7859,1352,Trabalhista,Execução,Acordo,Dra. Cavalcante,2021-11-10,2025-09-11,370736.0,9ª Vara Cível de Recife,Sem observações
1858,2112478-55.2024.2.51.9095,556,Trabalhista,Inicial,Encerrado,Dra. Cavalcante,2025-04-28,2025-02-07,175455.0,16ª Vara Trabalhista de Recife,Sem observações
1859,6779292-61.2021.4.86.2783,337,Trabalhista,Execução,Suspenso,Dra. Fontes,2023-11-09,Sem prazo delimitado,Sem valor,15ª Vara Criminal de Recife,Sem observações
1860,5492622-29.2021.9.92.7737,161,Trabalhista,Inicial,Ativo,Dr. Melo,2020-03-18,2026-05-09,Sem valor,9ª Vara Trabalhista de Recife,Sem observações
1861,2397582-22.2023.9.93.4223,489,Trabalhista,Execução,Em recurso,Dra. Fontes,2025-12-09,2025-03-29,Sem valor,3ª Vara Trabalhista de Recife,Aguardando documentos
1862,6011987-71.2020.8.10.4396,1298,Trabalhista,Inicial,Ativo,Dr. Melo,2025-08-23,2026-05-26,56648.0,18ª Vara Cível de Recife,Sem observações
1863,5947618-28.2023.6.53.6118,112,Civil,Arquivado,Acordo,Dr. Melo,2026-04-01,2025-11-24,108829.0,17ª Vara Trabalhista de Recife,Aguardando documentos
1864,3395583-64.2024.4.41.2181,611,Civil,Sentença,Encerrado,Dr. Melo,2022-07-13,2026-02-17,Sem valor,8ª Vara Cível de Recife,Sem observações
1865,4584224-94.2025.2.57.2511,1354,Civil,Arquivado,Ativo,Dr. Melo,2024-01-20,2025-02-15,Sem valor,6ª Vara Trabalhista de Recife,Sem observações
1866,1099617-37.2023.9.61.1793,162,Civil,Arquivado,Ativo,Dr. Barros,2021-11-06,2026-05-08,450286.0,1ª Vara Trabalhista de Recife,Sem observações
1867,6418382-43.2020.8.63.9133,889,Civil,Arquivado,Encerrado,Dra. Cavalcante,2024-08-07,2025-04-13,296569.0,1ª Vara Trabalhista de Recife,Sem observações
1868,1933296-95.2024.5.69.8317,883,Trabalhista,Recurso,Acordo,Dra. Cavalcante,2020-01-04,2025-11-26,367319.0,19ª Vara Cível de Recife,Sem observações
1869,7323234-16.2020.9.59.5035,1212,Civil,Arquivado,Ativo,Dra. Cavalcante,2021-06-05,2025-11-24,477581.0,19ª Vara Trabalhista de Recife,Sem observações
1870,9076234-78.2023.3.90.2702,1401,Trabalhista,Arquivado,Suspenso,Dr. Melo,2021-09-19,2025-12-18,441782.0,18ª Vara Trabalhista de Recife,Sem observações
1871,5050722-10.2024.8.29.4298,1283,Civil,Instrução,Ativo,Dr. Melo,2020-09-06,2025-12-23,484628.0,20ª Vara Cível de Recife,Sem observações
1872,7544569-30.2022.4.91.9370,336,Trabalhista,Execução,Ativo,Dra. Fontes,2020-07-11,2026-04-12,268163.0,16ª Vara Cível de Recife,Sem observações
1873,4433355-55.2023.8.48.9346,1363,Civil,Recurso,Encerrado,Dr. Melo,2023-03-11,Sem prazo delimitado,262655.0,3ª Vara Trabalhista de Recife,Sem observações
1874,3679963-72.2020.9.29.7859,932,Civil,Instrução,Acordo,Dra. Fontes,2025-08-18,2026-06-26,19821.0,8ª Vara Cível de Recife,Sem observações
1875,5853247-29.2020.7.62.8870,1308,Trabalhista,Execução,Suspenso,Dra. Cavalcante,2026-02-20,2025-09-19,435418.0,4ª Vara Trabalhista de Recife,Aguardando documentos
1876,4065326-72.2025.8.58.5304,1144,Civil,Acordo Extrajudicial,Encerrado,Dr. Barros,2025-08-07,2025-09-30,225466.0,13ª Vara Cível de Recife,Sem observações
1877,7222167-30.2022.8.44.7452,636,Civil,Audiência,Ativo,Dra. Cavalcante,2026-11-02,2025-07-20,Sem valor,16ª Vara Cível de Recife,Aguardando documentos
1878,5755257-93.2020.8.44.2882,214,Civil,Instrução,Acordo,Dra. Fontes,2022-01-28,2026-09-16,122560.0,12ª Vara Trabalhista de Recife,Sem observações
1879,8936104-83.2022.1.39.7934,963,Civil,Sentença,Encerrado,Dra. Cavalcante,2024-03-24,2026-01-12,305975.0,15ª Vara Criminal de Recife,Sem observações
1880,1887163-62.2025.9.93.1037,1029,Trabalhista,Audiência,Ativo,Dr. Barros,2025-02-10,2025-10-31,236900.0,16ª Vara Trabalhista de Recife,Sem observações
1881,8630644-97.2025.3.28.1296,1417,Civil,Audiência,Ativo,Dra. Fontes,2020-05-19,2026-02-26,Sem valor,8ª Vara Criminal de Recife,Sem observações
1882,6927716-18.2022.9.56.1445,958,Trabalhista,Sentença,Acordo,Dra. Cavalcante,2024-12-11,2026-05-28,32366.0,9ª Vara Trabalhista de Recife,Sem observações
1883,4768255-51.2022.4.94.5695,737,Civil,Recurso,Suspenso,Dra. Fontes,2021-08-07,Sem prazo delimitado,Sem valor,17ª Vara Criminal de Recife,Sem observações
1884,9108785-98.2021.3.78.6687,1463,Civil,Audiência,Suspenso,Dra. Cavalcante,2025-08-09,2025-12-08,286794.0,20ª Vara Criminal de Recife,Sem observações
1885,7544569-30.2022.4.91.9370,141,Trabalhista,Recurso,Ativo,Dr. Barros,2020-06-12,2025-10-16,Sem valor,15ª Vara Cível de Recife,Aguardando documentos
1886,6524227-53.2025.1.97.6214,585,Trabalhista,Instrução,Encerrado,Dra. Cavalcante,2024-06-12,2025-12-06,Sem valor,9ª Vara Cível de Recife,Sem observações
1887,5732779-86.2025.4.28.7831,1484,Civil,Instrução,Ativo,Dr. Melo,2024-06-09,2026-10-09,Sem valor,18ª Vara Criminal de Recife,Sem observações
1888,5438623-45.2022.4.51.7250,171,Trabalhista,Audiência,Ativo,Dra. Cavalcante,2024-06-18,2025-05-03,Sem valor,15ª Vara Cível de Recife,Sem observações
1889,7224257-29.2020.8.88.9110,684,Trabalhista,Acordo Extrajudicial,Suspenso,Dr. Melo,2020-11-17,2026-09-15,Sem valor,11ª Vara Cível de Recife,Sem observações
1890,5058333-37.2021.3.98.8848,789,Trabalhista,Acordo Extrajudicial,Encerrado,Dra. Cavalcante,2022-01-09,2026-10-05,442998.0,10ª Vara Trabalhista de Recife,Sem observações
1891,3510061-32.2020.9.13.4424,507,Civil,Instrução,Em recurso,Dra. Cavalcante,2024-08-26,2025-05-11,220305.0,13ª Vara Cível de Recife,Sem observações
1892,1974389-81.2024.5.57.9354,844,Civil,Audiência,Acordo,Dr. Barros,2020-03-19,Sem prazo delimitado,114467.0,1ª Vara Cível de Recife,Sem observações
1893,7765112-69.2024.9.62.5648,847,Trabalhista,Execução,Ativo,Dr. Barros,2025-03-03,Sem prazo delimitado,Sem valor,17ª Vara Criminal de Recife,Sem observações
1894,5625093-80.2022.9.16.6618,543,Civil,Sentença,Encerrado,Dra. Cavalcante,2023-01-27,2025-10-10,364177.0,12ª Vara Cível de Recife,Sem observações
1895,8368372-34.2020.6.43.9691,1370,Trabalhista,Instrução,Acordo,Dra. Cavalcante,2025-02-11,2026-01-23,Sem valor,4ª Vara Cível de Recife,Sem observações
1896,5214684-96.2020.6.84.9986,176,Civil,Instrução,Ativo,Dr. Melo,2021-09-12,2025-10-14,144083.0,19ª Vara Cível de Recife,Aguardando documentos
1897,8368372-34.2020.6.43.9691,743,Civil,Arquivado,Ativo,Dra. Cavalcante,2022-05-15,2026-11-24,424806.0,19ª Vara Cível de Recife,Sem observações
1898,5700249-43.2020.5.57.9341,878,Trabalhista,Instrução,Ativo,Dra. Cavalcante,2021-11-22,2026-11-08,395063.0,1ª Vara Trabalhista de Recife,Sem observações
1899,3168718-77.2025.2.92.8027,1090,Civil,Sentença,Encerrado,Dra. Fontes,2023-01-03,2026-03-01,263766.0,1ª Vara Trabalhista de Recife,Sem observações
1900,4314934-26.2021.7.14.7244,195,Trabalhista,Recurso,Encerrado,Dr. Barros,2022-07-24,2026-12-22,114872.0,3ª Vara Trabalhista de Recife,Sem observações
1901,5826200-20.2025.1.91.8748,885,Trabalhista,Sentença,Suspenso,Dra. Fontes,2023-06-28,2026-12-16,381828.0,4ª Vara Trabalhista de Recife,Sem observações
1902,3263740-44.2022.3.81.5402,1363,Civil,Sentença,Encerrado,Dr. Barros,2025-12-18,2026-06-07,157161.0,18ª Vara Cível de Recife,Sem observações
1903,7848147-32.2021.6.58.3528,820,Trabalhista,Acordo Extrajudicial,Em recurso,Dr. Barros,2020-01-17,2026-03-18,Sem valor,5ª Vara Criminal de Recife,Sem observações
1904,8986773-71.2022.6.45.5854,285,Civil,Arquivado,Suspenso,Dr. Barros,2022-03-30,2026-07-24,88131.0,4ª Vara Trabalhista de Recife,Sem observações
1905,7862554-22.2024.7.83.6459,1068,Civil,Acordo Extrajudicial,Encerrado,Dr. Melo,2023-11-23,2025-12-10,Sem valor,7ª Vara Trabalhista de Recife,Sem observações
1906,2328070-99.2024.8.57.5561,8,Trabalhista,Inicial,Ativo,Dr. Melo,2024-02-05,2025-06-07,134353.0,10ª Vara Trabalhista de Recife,Aguardando documentos
1907,1742202-63.2023.6.68.9372,476,Trabalhista,Instrução,Acordo,Dra. Cavalcante,2024-02-20,2025-01-06,Sem valor,18ª Vara Cível de Recife,Aguardando documentos
1908,3675188-38.2025.9.53.3305,1370,Civil,Arquivado,Ativo,Dr. Barros,2021-12-29,2025-01-01,497233.0,7ª Vara Criminal de Recife,Sem observações
1909,2837371-36.2022.7.88.5428,909,Civil,Acordo Extrajudicial,Encerrado,Dr. Melo,2021-06-11,2025-09-14,95123.0,11ª Vara Trabalhista de Recife,Sem observações
1910,7115217-41.2025.1.67.7692,1492,Civil,Sentença,Ativo,Dr. Melo,2020-03-28,2026-10-19,475616.0,19ª Vara Cível de Recife,Sem observações
1911,9252661-70.2020.1.46.1185,1283,Civil,Sentença,Encerrado,Dr. Melo,2022-03-11,2026-11-27,115928.0,19ª Vara Cível de Recife,Sem observações
1912,6105303-92.2021.4.39.3868,24,Civil,Inicial,Suspenso,Dra. Cavalcante,2020-04-03,2025-06-21,489700.0,15ª Vara Criminal de Recife,Sem observações
1913,3260101-88.2022.8.37.9169,1050,Civil,Recurso,Ativo,Dr. Melo,2021-11-22,2025-04-02,94515.0,16ª Vara Criminal de Recife,Sem observações
1914,2895065-46.2022.7.67.1438,478,Civil,Acordo Extrajudicial,Encerrado,Dra. Cavalcante,2021-09-03,2025-02-20,82815.0,19ª Vara Cível de Recife,Aguardando documentos
1915,2884639-86.2023.2.31.8737,1109,Civil,Instrução,Ativo,Dra. Cavalcante,2022-04-02,2026-06-07,Sem valor,19ª Vara Trabalhista de Recife,Sem observações
1916,7243958-65.2020.5.25.5047,906,Civil,Recurso,Encerrado,Dr. Melo,2024-07-19,2026-05-28,70972.0,5ª Vara Trabalhista de Recife,Sem observações
1917,7141324-67.2025.3.86.3413,873,Civil,Execução,Acordo,Dra. Fontes,2022-07-28,2026-08-01,Sem valor,11ª Vara Trabalhista de Recife,Aguardando documentos
1918,7419280-60.2021.1.40.9417,1500,Trabalhista,Acordo Extrajudicial,Ativo,Dra. Cavalcante,2020-11-30,2025-11-06,348421.0,3ª Vara Criminal de Recife,Sem observações
1919,9686751-57.2022.7.62.3494,1320,Trabalhista,Recurso,Ativo,Dra. Cavalcante,2022-06-15,2025-08-17,Sem valor,7ª Vara Trabalhista de Recife,Sem observações
1920,7599278-46.2021.4.96.3535,1293,Civil,Arquivado,Encerrado,Dra. Cavalcante,2024-09-18,2025-04-23,Sem valor,3ª Vara Trabalhista de Recife,Sem observações
1921,9319285-35.2025.3.19.9131,238,Trabalhista,Execução,Encerrado,Dra. Cavalcante,2021-04-14,2026-12-29,Sem valor,8ª Vara Trabalhista de Recife,Aguardando documentos
1922,3679963-72.2020.9.29.7859,867,Civil,Execução,Acordo,Dra. Cavalcante,2022-02-07,2026-07-04,371972.0,4ª Vara Cível de Recife,Sem observações
1923,3401866-56.2021.1.87.5297,1138,Trabalhista,Execução,Suspenso,Dr. Melo,2022-08-21,2025-12-22,389848.0,17ª Vara Criminal de Recife,Aguardando documentos
1924,5788467-41.2023.8.93.8134,1027,Trabalhista,Audiência,Encerrado,Dra. Fontes,2023-08-27,Sem prazo delimitado,186589.0,19ª Vara Criminal de Recife,Sem observações
1925,3778380-86.2023.9.32.5849,1314,Civil,Execução,Em recurso,Dra. Cavalcante,2025-12-26,2025-07-29,153703.0,20ª Vara Cível de Recife,Sem observações
1926,1101935-78.2023.5.88.5299,853,Trabalhista,Recurso,Ativo,Dra. Cavalcante,2022-02-09,2025-07-15,Sem valor,10ª Vara Cível de Recife,Sem observações
1927,2267110-24.2021.5.78.6025,487,Trabalhista,Inicial,Ativo,Dra. Cavalcante,2023-11-10,2026-12-08,230776.0,13ª Vara Trabalhista de Recife,Sem observações
1928,5438623-45.2022.4.51.7250,1179,Trabalhista,Audiência,Encerrado,Dr. Barros,2021-02-05,Sem prazo delimitado,175937.0,11ª Vara Cível de Recife,Aguardando documentos
1929,3541821-31.2021.8.96.1927,593,Civil,Recurso,Acordo,Dra. Cavalcante,2022-09-02,2026-01-09,179202.0,15ª Vara Criminal de Recife,Sem observações
1930,6865513-17.2021.7.21.3938,841,Civil,Arquivado,Encerrado,Dra. Fontes,2022-03-09,2025-03-24,Sem valor,15ª Vara Criminal de Recife,Sem observações
1931,8157599-64.2024.2.89.5276,512,Civil,Instrução,Suspenso,Dra. Cavalcante,2020-12-13,2026-09-29,235621.0,4ª Vara Criminal de Recife,Sem observações
1932,9835331-11.2022.6.15.8602,1030,Civil,Execução,Acordo,Dr. Barros,2024-12-05,2026-12-18,350219.0,20ª Vara Trabalhista de Recife,Sem observações
1933,5850223-43.2020.3.81.3185,1018,Trabalhista,Execução,Encerrado,Dra. Cavalcante,2023-06-05,2026-07-13,353432.0,20ª Vara Trabalhista de Recife,Sem observações
1934,8220628-15.2021.8.54.9077,1175,Civil,Inicial,Ativo,Dr. Melo,2020-03-28,2026-10-23,94109.0,4ª Vara Trabalhista de Recife,Sem observações
1935,3401866-56.2021.1.87.5297,1130,Trabalhista,Inicial,Ativo,Dra. Fontes,2025-02-16,2026-02-04,448993.0,6ª Vara Cível de Recife,Sem observações
1936,5462435-11.2024.9.85.2977,213,Trabalhista,Inicial,Ativo,Dra. Fontes,2024-07-14,2025-12-22,73661.0,15ª Vara Criminal de Recife,Sem observações
1937,5492622-29.2021.9.92.7737,459,Civil,Inicial,Ativo,Dr. Barros,2021-02-25,2025-05-30,224387.0,20ª Vara Criminal de Recife,Sem observações
1938,8607512-63.2021.6.82.1039,370,Civil,Acordo Extrajudicial,Ativo,Dra. Cavalcante,2025-06-01,2026-03-03,444285.0,14ª Vara Cível de Recife,Sem observações
1939,1966014-66.2022.7.82.2137,1343,Trabalhista,Inicial,Acordo,Dra. Fontes,2020-02-12,2026-07-19,411135.0,2ª Vara Cível de Recife,Sem observações
1940,6476769-27.2021.5.22.2570,457,Civil,Acordo Extrajudicial,Ativo,Dr. Barros,2023-06-19,Sem prazo delimitado,409240.0,8ª Vara Cível de Recife,Sem observações
1941,2328070-99.2024.8.57.5561,697,Civil,Audiência,Encerrado,Dra. Fontes,2024-08-25,2026-07-23,412187.0,8ª Vara Trabalhista de Recife,Sem observações
1942,1896520-28.2021.5.90.5374,309,Civil,Arquivado,Encerrado,Dr. Barros,2022-03-11,2026-06-18,206325.0,7ª Vara Cível de Recife,Sem observações
1943,7848147-32.2021.6.58.3528,889,Trabalhista,Instrução,Ativo,Dr. Melo,2025-09-27,2025-03-27,142812.0,12ª Vara Cível de Recife,Sem observações
1944,5274951-77.2021.1.76.5120,1116,Trabalhista,Execução,Em recurso,Dra. Fontes,2020-03-03,2025-03-21,477665.0,11ª Vara Criminal de Recife,Sem observações
1945,3667022-35.2020.9.76.3115,895,Civil,Sentença,Encerrado,Dr. Barros,2023-09-11,2026-08-04,69404.0,10ª Vara Trabalhista de Recife,Aguardando documentos
1946,4687348-31.2023.1.92.6907,1418,Civil,Audiência,Acordo,Dra. Fontes,2024-08-04,2026-09-26,29802.0,10ª Vara Cível de Recife,Sem observações
1947,6053412-12.2021.6.72.8346,922,Trabalhista,Execução,Encerrado,Dr. Barros,2022-07-22,2026-09-11,451970.0,6ª Vara Cível de Recife,Sem observações
1948,8572382-61.2025.1.41.7172,649,Civil,Acordo Extrajudicial,Suspenso,Dr. Barros,2020-05-02,2026-09-23,Sem valor,5ª Vara Cível de Recife,Aguardando documentos
1949,8215015-64.2021.5.32.1893,1431,Trabalhista,Acordo Extrajudicial,Encerrado,Dra. Cavalcante,2022-02-10,Sem prazo delimitado,326153.0,13ª Vara Cível de Recife,Sem observações
1950,3505690-87.2020.8.52.6260,381,Civil,Arquivado,Ativo,Dra. Cavalcante,2024-06-09,2026-02-15,446378.0,16ª Vara Criminal de Recife,Aguardando documentos
1951,2966787-79.2022.1.41.9944,278,Trabalhista,Sentença,Ativo,Dra. Fontes,2020-02-03,2025-08-08,282245.0,14ª Vara Criminal de Recife,Sem observações
1952,7544569-30.2022.4.91.9370,1456,Civil,Acordo Extrajudicial,Ativo,Dra. Fontes,2024-06-21,2025-07-08,91085.0,14ª Vara Cível de Recife,Sem observações
1953,6339266-27.2025.5.15.6766,341,Civil,Execução,Acordo,Dra. Fontes,2025-01-31,2026-12-22,386193.0,18ª Vara Criminal de Recife,Sem observações
1954,6414076-16.2021.7.78.8273,324,Trabalhista,Execução,Suspenso,Dra. Fontes,2023-01-15,2025-10-24,422613.0,17ª Vara Trabalhista de Recife,Sem observações
1955,6445422-21.2020.5.39.8096,810,Civil,Instrução,Acordo,Dra. Cavalcante,2022-11-12,2026-07-10,330394.0,5ª Vara Trabalhista de Recife,Aguardando documentos
1956,8655267-17.2025.3.63.4188,983,Trabalhista,Instrução,Encerrado,Dra. Fontes,2023-10-01,2026-02-07,Sem valor,5ª Vara Cível de Recife,Aguardando documentos
1957,7486138-99.2020.5.81.4332,721,Civil,Sentença,Ativo,Dra. Cavalcante,2023-10-04,2025-04-25,Sem valor,15ª Vara Criminal de Recife,Sem observações
1958,9076234-78.2023.3.90.2702,446,Civil,Inicial,Ativo,Dra. Fontes,2022-09-14,2026-09-19,298238.0,11ª Vara Cível de Recife,Sem observações
1959,2186433-37.2022.2.12.4344,1228,Trabalhista,Sentença,Encerrado,Dra. Fontes,2025-10-18,2026-01-08,468131.0,15ª Vara Cível de Recife,Sem observações
1960,1602496-64.2022.5.79.8340,622,Civil,Audiência,Ativo,Dr. Melo,2020-05-30,2025-02-05,144000.0,17ª Vara Trabalhista de Recife,Sem observações
1961,6779292-61.2021.4.86.2783,1300,Trabalhista,Acordo Extrajudicial,Ativo,Dra. Cavalcante,2024-05-27,2026-11-23,97878.0,9ª Vara Trabalhista de Recife,Sem observações
1962,6254488-31.2024.9.48.3216,171,Civil,Audiência,Acordo,Dra. Fontes,2022-04-13,2025-03-13,132985.0,11ª Vara Trabalhista de Recife,Sem observações
1963,6416661-36.2021.8.21.8496,183,Trabalhista,Sentença,Suspenso,Dr. Barros,2020-10-27,2026-05-12,112203.0,20ª Vara Cível de Recife,Sem observações
1964,4510407-23.2020.5.18.6055,1176,Civil,Sentença,Ativo,Dr. Barros,2021-09-12,2025-06-18,Sem valor,2ª Vara Criminal de Recife,Sem observações
1965,1614850-25.2020.8.85.3161,413,Civil,Arquivado,Suspenso,Dr. Barros,2024-01-08,2025-03-03,Sem valor,11ª Vara Criminal de Recife,Sem observações
1966,8843990-84.2020.6.68.3017,1189,Trabalhista,Audiência,Ativo,Dra. Cavalcante,2020-03-15,2025-05-25,179281.0,6ª Vara Trabalhista de Recife,Sem observações
1967,4131852-60.2020.1.89.9739,1403,Trabalhista,Arquivado,Em recurso,Dr. Melo,2024-10-25,2026-04-22,Sem valor,10ª Vara Cível de Recife,Sem observações
1968,7323234-16.2020.9.59.5035,177,Civil,Sentença,Acordo,Dr. Barros,2021-04-05,Sem prazo delimitado,Sem valor,1ª Vara Trabalhista de Recife,Sem observações
1969,4134515-43.2021.8.70.4879,466,Civil,Audiência,Suspenso,Dr. Barros,2023-11-12,2025-06-07,423622.0,12ª Vara Criminal de Recife,Sem observações
1970,5625093-80.2022.9.16.6618,1490,Civil,Sentença,Encerrado,Dra. Fontes,2021-09-01,2026-05-30,109491.0,13ª Vara Criminal de Recife,Sem observações
1971,1445483-93.2023.1.61.7357,30,Civil,Audiência,Encerrado,Dr. Barros,2022-01-07,2025-10-19,169632.0,4ª Vara Trabalhista de Recife,Sem observações
1972,3054975-46.2023.4.85.5879,196,Trabalhista,Inicial,Ativo,Dra. Fontes,2025-01-03,2026-05-24,28635.0,6ª Vara Criminal de Recife,Sem observações
1973,8843990-84.2020.6.68.3017,10,Civil,Acordo Extrajudicial,Ativo,Dra. Fontes,2025-04-24,2026-09-06,142670.0,20ª Vara Cível de Recife,Aguardando documentos
1974,8607512-63.2021.6.82.1039,544,Civil,Execução,Suspenso,Dra. Fontes,2020-06-29,2025-11-11,Sem valor,19ª Vara Trabalhista de Recife,Sem observações
1975,2328070-99.2024.8.57.5561,663,Civil,Sentença,Encerrado,Dr. Barros,2021-04-14,2025-07-24,310303.0,18ª Vara Criminal de Recife,Sem observações
1976,1887163-62.2025.9.93.1037,29,Trabalhista,Arquivado,Acordo,Dra. Fontes,2022-08-23,2026-01-10,57459.0,11ª Vara Criminal de Recife,Sem observações
1977,8368255-39.2020.9.60.4414,381,Trabalhista,Arquivado,Acordo,Dra. Fontes,2025-01-07,2026-04-13,Sem valor,14ª Vara Criminal de Recife,Sem observações
1978,7486029-45.2024.4.25.3159,903,Trabalhista,Acordo Extrajudicial,Ativo,Dra. Fontes,2021-02-19,2025-08-31,Sem valor,19ª Vara Trabalhista de Recife,Sem observações
1979,5058333-37.2021.3.98.8848,146,Civil,Acordo Extrajudicial,Encerrado,Dr. Barros,2023-05-17,2025-06-17,148068.0,11ª Vara Cível de Recife,Sem observações
1980,7438163-48.2021.3.47.1186,168,Trabalhista,Instrução,Ativo,Dra. Fontes,2023-02-01,2025-11-03,52052.0,3ª Vara Criminal de Recife,Sem observações
1981,5074974-98.2023.8.21.9881,958,Trabalhista,Audiência,Acordo,Dra. Cavalcante,2025-04-29,2025-09-04,103995.0,3ª Vara Cível de Recife,Sem observações
1982,3675188-38.2025.9.53.3305,1421,Civil,Inicial,Suspenso,Dra. Fontes,2025-09-15,2026-05-26,342514.0,9ª Vara Criminal de Recife,Sem observações
1983,7999133-20.2023.7.26.1121,1422,Trabalhista,Execução,Acordo,Dra. Cavalcante,2021-12-31,2026-11-27,95301.0,10ª Vara Trabalhista de Recife,Sem observações
1984,5492622-29.2021.9.92.7737,1243,Civil,Sentença,Suspenso,Dra. Fontes,2025-02-23,2025-08-30,279324.0,8ª Vara Cível de Recife,Sem observações
1985,9302979-43.2025.9.68.7487,567,Trabalhista,Audiência,Ativo,Dra. Fontes,2020-10-07,2026-07-08,Sem valor,5ª Vara Criminal de Recife,Sem observações
1986,6927716-18.2022.9.56.1445,4,Trabalhista,Arquivado,Suspenso,Dra. Fontes,2021-06-24,2026-07-20,363954.0,20ª Vara Cível de Recife,Sem observações
1987,8382607-83.2020.6.26.3936,934,Civil,Recurso,Ativo,Dra. Cavalcante,2025-02-07,2025-06-20,Sem valor,18ª Vara Cível de Recife,Sem observações
1988,9425559-65.2022.6.99.1309,1060,Civil,Inicial,Suspenso,Dr. Melo,2021-06-12,2026-04-07,388122.0,14ª Vara Trabalhista de Recife,Aguardando documentos
1989,4568537-97.2021.4.82.7633,415,Civil,Sentença,Ativo,Dr. Barros,2022-11-01,2025-04-05,59260.0,11ª Vara Criminal de Recife,Sem observações
1990,8986773-71.2022.6.45.5854,358,Trabalhista,Acordo Extrajudicial,Suspenso,Dr. Barros,2021-11-08,2025-09-23,Sem valor,17ª Vara Cível de Recife,Sem observações
1991,2480014-80.2024.2.29.9847,1320,Civil,Sentença,Encerrado,Dr. Melo,2021-11-03,2025-07-16,Sem valor,4ª Vara Criminal de Recife,Sem observações
1992,8936104-83.2022.1.39.7934,911,Civil,Arquivado,Encerrado,Dra. Cavalcante,2022-03-17,2025-04-24,399652.0,3ª Vara Trabalhista de Recife,Sem observações
1993,7274275-74.2020.1.22.9780,732,Civil,Sentença,Acordo,Dra. Fontes,2021-09-24,2025-02-22,Sem valor,9ª Vara Cível de Recife,Sem observações
1994,5788467-41.2023.8.93.8134,703,Trabalhista,Recurso,Ativo,Dr. Melo,2025-06-07,2026-09-01,445319.0,5ª Vara Criminal de Recife,Sem observações
1995,2294596-63.2020.6.38.9193,107,Trabalhista,Recurso,Encerrado,Dr. Melo,2020-01-09,2026-04-11,Sem valor,12ª Vara Criminal de Recife,Sem observações
1996,6105303-92.2021.4.39.3868,1063,Trabalhista,Audiência,Ativo,Dra. Cavalcante,2025-03-31,2025-08-20,Sem valor,6ª Vara Cível de Recife,Sem observações
1997,7223110-52.2024.2.44.8994,1213,Trabalhista,Audiência,Acordo,Dr. Melo,2024-11-24,2025-10-24,Sem valor,5ª Vara Criminal de Recife,Aguardando documentos
1998,8677980-28.2024.9.94.6552,945,Trabalhista,Inicial,Encerrado,Dr. Melo,2023-12-17,2025-09-26,Sem valor,15ª Vara Cível de Recife,Sem observações
1999,1272937-41.2023.5.75.9958,975,Civil,Acordo Extrajudicial,Ativo,Dra. Cavalcante,2023-08-08,2025-12-07,159290.0,4ª Vara Cível de Recife,Sem observações
2000,1237577-83.2022.8.91.4649,1466,Civil,Inicial,Acordo,Dr. Melo,2025-03-07,2026-12-19,262773.0,1ª Vara Cível de Recife,Sem observações
2001,2294596-63.2020.6.38.9193,1179,Trabalhista,Inicial,Suspenso,Dr. Melo,2026-04-13,2025-06-11,68128.0,1ª Vara Cível de Recife,Sem observações
2002,3754895-37.2021.6.18.8502,398,Trabalhista,Recurso,Ativo,Dr. Melo,2024-02-21,2025-04-18,84171.0,9ª Vara Criminal de Recife,Sem observações
2003,3754895-37.2021.6.18.8502,1118,Civil,Audiência,Encerrado,Dra. Fontes,2025-09-03,2026-12-12,Sem valor,20ª Vara Criminal de Recife,Sem observações
2004,2824928-33.2020.1.90.6467,482,Trabalhista,Inicial,Encerrado,Dra. Cavalcante,2024-09-14,2025-10-11,222444.0,8ª Vara Criminal de Recife,Sem observações
2005,6036037-32.2025.3.53.7515,1186,Civil,Arquivado,Encerrado,Dr. Melo,2025-05-18,Sem prazo delimitado,Sem valor,9ª Vara Trabalhista de Recife,Sem observações
2006,6003915-30.2025.6.37.7681,246,Civil,Instrução,Ativo,Dr. Melo,2023-06-11,2025-06-20,Sem valor,1ª Vara Criminal de Recife,Sem observações
2007,6418382-43.2020.8.63.9133,96,Trabalhista,Execução,Encerrado,Dra. Cavalcante,2021-12-19,2025-01-17,254243.0,12ª Vara Cível de Recife,Sem observações
2008,5853247-29.2020.7.62.8870,705,Trabalhista,Recurso,Suspenso,Dr. Barros,2020-09-10,2026-12-19,Sem valor,18ª Vara Cível de Recife,Sem observações
2009,6935346-77.2024.3.52.9529,900,Civil,Sentença,Ativo,Dra. Fontes,2025-03-20,2025-04-23,373288.0,11ª Vara Criminal de Recife,Sem observações
2010,8382607-83.2020.6.26.3936,125,Civil,Execução,Encerrado,Dra. Fontes,2025-12-27,2026-10-03,Sem valor,20ª Vara Cível de Recife,Sem observações
2011,9798556-59.2021.3.62.3110,1019,Trabalhista,Inicial,Encerrado,Dr. Barros,2023-08-26,2026-04-09,290066.0,1ª Vara Cível de Recife,Sem observações
2012,4507711-38.2024.2.34.4732,965,Civil,Arquivado,Ativo,Dr. Barros,2022-12-04,2025-09-14,259105.0,6ª Vara Cível de Recife,Sem observações
2013,8655267-17.2025.3.63.4188,1056,Civil,Recurso,Encerrado,Dra. Fontes,2021-06-09,2025-09-22,368633.0,10ª Vara Trabalhista de Recife,Sem observações
2014,2110878-87.2023.8.83.8978,1063,Trabalhista,Execução,Encerrado,Dr. Barros,2023-03-03,2026-11-25,44753.0,13ª Vara Criminal de Recife,Sem observações
2015,9835331-11.2022.6.15.8602,1165,Trabalhista,Arquivado,Acordo,Dr. Melo,2021-09-05,2026-03-16,49774.0,20ª Vara Cível de Recife,Sem observações
2016,4961530-22.2021.4.22.6290,1009,Civil,Instrução,Encerrado,Dr. Melo,2021-12-25,2025-03-20,Sem valor,11ª Vara Criminal de Recife,Sem observações
2017,9110060-16.2025.2.29.4716,229,Trabalhista,Instrução,Ativo,Dra. Fontes,2020-05-17,2026-03-02,175200.0,7ª Vara Trabalhista de Recife,Sem observações
2018,6416661-36.2021.8.21.8496,1040,Civil,Acordo Extrajudicial,Acordo,Dra. Fontes,2022-01-20,2025-08-07,92964.0,2ª Vara Trabalhista de Recife,Sem observações
2019,7236875-79.2024.7.97.5566,96,Civil,Instrução,Encerrado,Dr. Barros,2021-09-20,2026-09-25,Sem valor,1ª Vara Cível de Recife,Sem observações
2020,9885734-21.2023.9.74.3450,348,Civil,Acordo Extrajudicial,Acordo,Dra. Fontes,2023-05-12,2026-05-14,425702.0,10ª Vara Criminal de Recife,Aguardando documentos
2021,7243958-65.2020.5.25.5047,1461,Trabalhista,Execução,Encerrado,Dra. Cavalcante,2023-08-29,Sem prazo delimitado,Sem valor,8ª Vara Criminal de Recife,Sem observações
2022,3922248-27.2025.1.42.4047,1168,Civil,Arquivado,Acordo,Dra. Cavalcante,2026-01-19,2026-01-12,310115.0,2ª Vara Cível de Recife,Sem observações
2023,6935346-77.2024.3.52.9529,745,Civil,Acordo Extrajudicial,Suspenso,Dra. Fontes,2021-05-11,2025-12-14,350248.0,6ª Vara Trabalhista de Recife,Sem observações
2024,6686912-30.2025.4.68.7078,1471,Trabalhista,Sentença,Encerrado,Dr. Barros,2025-04-29,2025-03-10,196746.0,8ª Vara Criminal de Recife,Sem observações
2025,4433355-55.2023.8.48.9346,1181,Civil,Audiência,Ativo,Dr. Barros,2022-10-26,2026-04-26,Sem valor,19ª Vara Cível de Recife,Sem observações
2026,3724721-44.2021.9.75.5553,165,Trabalhista,Arquivado,Ativo,Dr. Melo,2024-11-10,2026-10-05,Sem valor,15ª Vara Criminal de Recife,Sem observações
2027,1621418-87.2020.9.55.9337,1265,Trabalhista,Execução,Encerrado,Dr. Barros,2025-12-22,Sem prazo delimitado,355139.0,9ª Vara Cível de Recife,Aguardando documentos
2028,5068524-45.2025.9.91.6906,374,Civil,Arquivado,Encerrado,Dra. Cavalcante,2023-09-25,Sem prazo delimitado,152207.0,9ª Vara Criminal de Recife,Sem observações
2029,4064382-39.2022.4.13.8937,1102,Civil,Inicial,Ativo,Dr. Barros,2021-01-07,2026-08-31,Sem valor,17ª Vara Criminal de Recife,Sem observações
2030,4460247-99.2024.9.97.4840,851,Civil,Audiência,Ativo,Dr. Melo,2026-01-16,2025-02-04,124988.0,12ª Vara Criminal de Recife,Sem observações
2031,3464073-25.2022.8.73.5075,897,Trabalhista,Inicial,Suspenso,Dra. Cavalcante,2026-01-25,2025-09-27,45057.0,19ª Vara Trabalhista de Recife,Sem observações
2032,8415891-60.2021.6.92.5554,368,Civil,Acordo Extrajudicial,Ativo,Dr. Melo,2024-01-15,2026-02-06,Sem valor,14ª Vara Criminal de Recife,Sem observações
2033,7553290-31.2023.9.36.9282,1301,Civil,Audiência,Ativo,Dr. Barros,2020-11-15,2026-07-17,374726.0,3ª Vara Trabalhista de Recife,Aguardando documentos
2034,3679963-72.2020.9.29.7859,1043,Civil,Acordo Extrajudicial,Ativo,Dra. Cavalcante,2023-03-14,2026-11-30,339351.0,18ª Vara Criminal de Recife,Sem observações
2035,1248003-72.2024.2.80.8472,391,Civil,Arquivado,Acordo,Dra. Cavalcante,2023-07-03,2025-08-26,375161.0,11ª Vara Trabalhista de Recife,Sem observações
2036,1754781-28.2025.6.89.2162,969,Civil,Audiência,Ativo,Dra. Cavalcante,2024-04-17,2026-02-15,Sem valor,1ª Vara Cível de Recife,Sem observações
2037,5217157-98.2020.2.64.4094,522,Trabalhista,Arquivado,Encerrado,Dra. Cavalcante,2023-10-02,2026-02-23,337707.0,6ª Vara Cível de Recife,Sem observações
2038,1966014-66.2022.7.82.2137,674,Civil,Recurso,Em recurso,Dra. Fontes,2022-07-17,2025-09-27,154750.0,17ª Vara Criminal de Recife,Sem observações
2039,7892487-80.2022.9.64.5036,17,Trabalhista,Audiência,Encerrado,Dr. Barros,2022-04-30,2026-09-18,408110.0,5ª Vara Criminal de Recife,Sem observações
2040,3679963-72.2020.9.29.7859,81,Trabalhista,Arquivado,Ativo,Dr. Barros,2024-06-23,2025-04-03,Sem valor,10ª Vara Criminal de Recife,Sem observações
2041,3924425-56.2021.9.58.2912,1189,Trabalhista,Acordo Extrajudicial,Encerrado,Dr. Barros,2025-06-14,2025-12-20,405114.0,12ª Vara Cível de Recife,Sem observações
2042,4314934-26.2021.7.14.7244,316,Civil,Audiência,Suspenso,Dra. Cavalcante,2022-04-04,2026-04-13,472543.0,13ª Vara Criminal de Recife,Sem observações
2043,2186433-37.2022.2.12.4344,770,Civil,Recurso,Suspenso,Dr. Barros,2022-05-20,2025-04-23,253726.0,15ª Vara Trabalhista de Recife,Sem observações
2044,8843990-84.2020.6.68.3017,632,Civil,Execução,Encerrado,Dra. Fontes,2026-09-04,2025-09-29,9996.0,5ª Vara Cível de Recife,Sem observações
2045,2186433-37.2022.2.12.4344,654,Civil,Arquivado,Ativo,Dra. Fontes,2021-12-09,2026-05-17,445246.0,12ª Vara Cível de Recife,Sem observações
2046,5144296-22.2022.4.87.9648,778,Civil,Arquivado,Acordo,Dr. Barros,2025-03-12,2026-07-28,Sem valor,5ª Vara Trabalhista de Recife,Sem observações
2047,9822459-92.2024.8.17.6403,66,Civil,Arquivado,Suspenso,Dr. Melo,2022-01-06,2026-11-01,13805.0,9ª Vara Criminal de Recife,Sem observações
2048,6982910-41.2023.8.91.8758,1208,Trabalhista,Recurso,Ativo,Dra. Cavalcante,2023-10-11,2025-08-31,196258.0,2ª Vara Trabalhista de Recife,Sem observações
2049,5631823-61.2020.5.47.1440,594,Civil,Execução,Acordo,Dra. Cavalcante,2023-06-07,2025-03-14,Sem valor,15ª Vara Cível de Recife,Sem observações
2050,7892487-80.2022.9.64.5036,1301,Civil,Sentença,Ativo,Dr. Melo,2020-09-30,2025-12-04,Sem valor,5ª Vara Cível de Recife,Sem observações
2051,4085001-92.2022.6.76.8938,1078,Civil,Audiência,Acordo,Dr. Barros,2023-12-05,2026-11-25,Sem valor,6ª Vara Cível de Recife,Sem observações
2052,8655267-17.2025.3.63.4188,1318,Civil,Instrução,Ativo,Dr. Melo,2025-02-27,2025-12-22,388841.0,19ª Vara Cível de Recife,Sem observações
2053,4460247-99.2024.9.97.4840,779,Trabalhista,Sentença,Acordo,Dra. Fontes,2022-11-09,2026-06-22,306875.0,15ª Vara Trabalhista de Recife,Aguardando documentos
2054,5159219-49.2023.5.25.3676,112,Trabalhista,Inicial,Acordo,Dra. Fontes,2020-12-06,2025-07-20,Sem valor,6ª Vara Trabalhista de Recife,Sem observações
2055,8630644-97.2025.3.28.1296,1119,Trabalhista,Recurso,Suspenso,Dr. Melo,2026-06-04,2026-12-15,71845.0,14ª Vara Cível de Recife,Sem observações
2056,1614850-25.2020.8.85.3161,432,Trabalhista,Recurso,Ativo,Dr. Barros,2020-12-01,Sem prazo delimitado,Sem valor,1ª Vara Cível de Recife,Sem observações
2057,8655267-17.2025.3.63.4188,1234,Trabalhista,Instrução,Ativo,Dr. Melo,2026-01-26,2025-06-19,264518.0,1ª Vara Trabalhista de Recife,Sem observações
2058,1878000-50.2025.7.58.1197,444,Civil,Inicial,Em recurso,Dra. Cavalcante,2026-01-18,Sem prazo delimitado,131568.0,19ª Vara Trabalhista de Recife,Aguardando documentos
2059,5116418-16.2025.3.98.2234,113,Trabalhista,Arquivado,Encerrado,Dr. Melo,2024-03-10,2026-11-18,Sem valor,13ª Vara Criminal de Recife,Sem observações
2060,8714773-70.2022.9.65.8541,688,Trabalhista,Execução,Ativo,Dr. Barros,2023-06-30,2026-08-19,17088.0,12ª Vara Cível de Recife,Aguardando documentos
2061,7626521-25.2020.9.17.3305,904,Civil,Sentença,Acordo,Dr. Melo,2022-05-02,2025-06-27,472295.0,7ª Vara Criminal de Recife,Sem observações
2062,7243958-65.2020.5.25.5047,563,Civil,Sentença,Ativo,Dr. Melo,2020-03-30,2026-12-19,Sem valor,4ª Vara Cível de Recife,Sem observações
2063,2884639-86.2023.2.31.8737,594,Civil,Recurso,Ativo,Dr. Barros,2024-03-16,2025-08-23,340180.0,15ª Vara Cível de Recife,Aguardando documentos
2064,6038940-61.2024.4.64.6408,990,Trabalhista,Recurso,Ativo,Dr. Barros,2020-09-12,2026-03-21,Sem valor,12ª Vara Trabalhista de Recife,Sem observações
2065,7323234-16.2020.9.59.5035,796,Civil,Recurso,Encerrado,Dra. Fontes,2020-04-26,2026-12-31,490921.0,10ª Vara Criminal de Recife,Sem observações
2066,2895065-46.2022.7.67.1438,1161,Trabalhista,Arquivado,Em recurso,Dra. Fontes,2021-04-13,2026-04-17,492430.0,12ª Vara Cível de Recife,Sem observações
2067,7951127-89.2024.1.63.3502,613,Civil,Arquivado,Encerrado,Dr. Barros,2021-03-03,2026-07-23,Sem valor,19ª Vara Trabalhista de Recife,Sem observações
2068,1272937-41.2023.5.75.9958,1494,Trabalhista,Instrução,Suspenso,Dra. Fontes,2023-12-29,2025-06-22,209654.0,13ª Vara Criminal de Recife,Sem observações
2069,7320713-89.2022.3.68.7881,855,Civil,Recurso,Ativo,Dr. Melo,2023-09-28,2026-02-20,322003.0,3ª Vara Criminal de Recife,Aguardando documentos
2070,3679963-72.2020.9.29.7859,1419,Trabalhista,Sentença,Suspenso,Dra. Fontes,2025-07-27,2025-02-02,241801.0,4ª Vara Cível de Recife,Sem observações
2071,4415624-13.2024.9.14.9480,416,Civil,Audiência,Acordo,Dr. Melo,2024-05-08,2025-07-29,411395.0,13ª Vara Cível de Recife,Sem observações
2072,7110796-41.2020.3.80.5362,146,Trabalhista,Inicial,Encerrado,Dra. Fontes,2020-09-29,2026-05-22,162763.0,20ª Vara Cível de Recife,Sem observações
2073,8381610-96.2020.6.26.2533,219,Civil,Audiência,Ativo,Dr. Barros,2023-12-04,2025-01-04,128712.0,11ª Vara Trabalhista de Recife,Aguardando documentos
2074,3879233-61.2024.5.30.1494,921,Civil,Instrução,Ativo,Dra. Fontes,2026-03-29,2026-01-29,146567.0,3ª Vara Trabalhista de Recife,Sem observações
2075,1099617-37.2023.9.61.1793,1261,Civil,Acordo Extrajudicial,Acordo,Dr. Melo,2021-01-07,2026-03-28,276598.0,18ª Vara Trabalhista de Recife,Sem observações
2076,9252661-70.2020.1.46.1185,271,Trabalhista,Arquivado,Suspenso,Dra. Fontes,2020-01-24,2026-07-22,463346.0,6ª Vara Trabalhista de Recife,Sem observações
2077,2519059-58.2022.7.86.4385,1489,Civil,Audiência,Acordo,Dr. Melo,2021-05-18,2026-08-26,160782.0,1ª Vara Criminal de Recife,Sem observações
2078,8368372-34.2020.6.43.9691,852,Trabalhista,Execução,Em recurso,Dr. Melo,2022-03-29,2026-05-17,Sem valor,9ª Vara Cível de Recife,Sem observações
2079,4893809-11.2021.7.19.9759,943,Civil,Execução,Ativo,Dra. Fontes,2025-11-02,2025-11-15,444993.0,6ª Vara Trabalhista de Recife,Sem observações
2080,8574876-96.2020.7.97.4673,453,Civil,Sentença,Ativo,Dr. Barros,2025-01-06,2025-09-25,125615.0,4ª Vara Cível de Recife,Sem observações
2081,4460247-99.2024.9.97.4840,696,Trabalhista,Audiência,Encerrado,Dra. Fontes,2021-07-29,2025-03-26,22589.0,5ª Vara Cível de Recife,Aguardando documentos
2082,2191287-57.2021.1.18.8228,273,Trabalhista,Acordo Extrajudicial,Ativo,Dra. Fontes,2022-05-13,2026-01-17,421198.0,11ª Vara Criminal de Recife,Aguardando documentos
2083,2660213-63.2022.6.50.8366,492,Trabalhista,Arquivado,Em recurso,Dr. Barros,2023-02-20,2025-07-13,388119.0,20ª Vara Criminal de Recife,Sem observações
2084,6944389-98.2023.1.72.8245,1423,Trabalhista,Recurso,Ativo,Dra. Cavalcante,2023-06-22,2025-11-19,Sem valor,7ª Vara Trabalhista de Recife,Sem observações
2085,5850223-43.2020.3.81.3185,1191,Trabalhista,Instrução,Acordo,Dra. Fontes,2025-08-24,2026-06-22,214743.0,6ª Vara Criminal de Recife,Sem observações
2086,7916680-90.2022.1.67.1785,1236,Civil,Execução,Encerrado,Dra. Cavalcante,2021-05-04,2025-06-26,7984.0,19ª Vara Cível de Recife,Sem observações
2087,1887163-62.2025.9.93.1037,1384,Civil,Audiência,Acordo,Dr. Barros,2023-12-01,2026-11-02,Sem valor,20ª Vara Cível de Recife,Sem observações
2088,8286828-70.2022.9.31.8012,463,Civil,Recurso,Ativo,Dra. Fontes,2022-12-03,2026-02-28,163323.0,11ª Vara Cível de Recife,Sem observações
2089,4452862-76.2021.3.27.3238,1090,Trabalhista,Inicial,Suspenso,Dra. Fontes,2023-05-11,2025-07-02,392745.0,3ª Vara Cível de Recife,Sem observações
2090,6992158-64.2024.5.43.7750,1123,Trabalhista,Execução,Em recurso,Dr. Melo,2021-03-02,2026-05-13,411653.0,6ª Vara Criminal de Recife,Sem observações
2091,8382607-83.2020.6.26.3936,1317,Trabalhista,Audiência,Ativo,Dra. Fontes,2021-10-15,2026-06-16,Sem valor,15ª Vara Criminal de Recife,Sem observações
2092,1273300-90.2024.2.80.7378,918,Civil,Recurso,Ativo,Dra. Fontes,2021-06-21,Sem prazo delimitado,216772.0,4ª Vara Criminal de Recife,Sem observações
2093,7789809-22.2020.1.73.9031,807,Trabalhista,Acordo Extrajudicial,Encerrado,Dra. Cavalcante,2020-08-20,2025-12-18,247379.0,12ª Vara Trabalhista de Recife,Sem observações
2094,8368255-39.2020.9.60.4414,133,Trabalhista,Instrução,Acordo,Dra. Cavalcante,2021-05-15,2025-10-23,Sem valor,1ª Vara Trabalhista de Recife,Sem observações
2095,3464073-25.2022.8.73.5075,344,Civil,Recurso,Suspenso,Dra. Cavalcante,2025-02-27,Sem prazo delimitado,Sem valor,8ª Vara Cível de Recife,Sem observações
2096,8936104-83.2022.1.39.7934,239,Civil,Sentença,Ativo,Dr. Melo,2022-11-11,2025-04-05,Sem valor,13ª Vara Cível de Recife,Sem observações
2097,3496733-55.2020.2.43.8503,686,Civil,Inicial,Ativo,Dra. Cavalcante,2026-03-17,2026-03-29,72791.0,20ª Vara Cível de Recife,Sem observações
2098,3675188-38.2025.9.53.3305,571,Trabalhista,Sentença,Ativo,Dr. Melo,2025-03-12,2026-04-01,Sem valor,18ª Vara Criminal de Recife,Sem observações
2099,1095980-10.2020.7.77.8313,579,Civil,Instrução,Acordo,Dr. Barros,2021-08-31,2026-08-07,474233.0,2ª Vara Criminal de Recife,Sem observações
2100,9319285-35.2025.3.19.9131,950,Trabalhista,Sentença,Suspenso,Dra. Cavalcante,2024-05-21,2025-08-03,Sem valor,11ª Vara Trabalhista de Recife,Sem observações
2101,6339808-70.2020.2.67.1325,332,Trabalhista,Execução,Acordo,Dra. Cavalcante,2025-08-25,2025-02-15,66792.0,19ª Vara Criminal de Recife,Sem observações
2102,7553290-31.2023.9.36.9282,502,Trabalhista,Instrução,Ativo,Dr. Melo,2024-11-15,2026-05-31,Sem valor,8ª Vara Criminal de Recife,Sem observações
2103,5451988-41.2020.2.82.4041,1266,Civil,Recurso,Ativo,Dra. Fontes,2020-06-17,2026-05-02,300249.0,1ª Vara Cível de Recife,Sem observações
2104,6944389-98.2023.1.72.8245,1409,Civil,Acordo Extrajudicial,Encerrado,Dra. Cavalcante,2023-03-14,2025-07-13,240625.0,15ª Vara Cível de Recife,Sem observações
2105,6339266-27.2025.5.15.6766,1127,Civil,Acordo Extrajudicial,Ativo,Dr. Melo,2023-12-03,2025-04-30,182129.0,13ª Vara Trabalhista de Recife,Sem observações
2106,8735892-74.2025.8.18.9411,453,Trabalhista,Arquivado,Encerrado,Dra. Fontes,2022-09-03,2026-07-20,79952.0,7ª Vara Cível de Recife,Sem observações
2107,8749473-21.2020.4.12.9144,375,Civil,Acordo Extrajudicial,Encerrado,Dra. Fontes,2026-02-26,2025-01-02,300076.0,2ª Vara Cível de Recife,Sem observações
2108,6053412-12.2021.6.72.8346,412,Trabalhista,Acordo Extrajudicial,Ativo,Dra. Fontes,2025-04-13,2025-12-22,73072.0,1ª Vara Cível de Recife,Sem observações
2109,3734843-61.2021.3.94.2954,910,Trabalhista,Audiência,Ativo,Dr. Melo,2025-04-26,2025-08-01,252726.0,3ª Vara Cível de Recife,Sem observações
2110,5614769-67.2022.9.87.1001,1103,Trabalhista,Arquivado,Suspenso,Dr. Barros,2023-02-07,2026-07-14,122578.0,1ª Vara Criminal de Recife,Aguardando documentos
2111,8986773-71.2022.6.45.5854,512,Trabalhista,Acordo Extrajudicial,Em recurso,Dr. Barros,2022-03-24,2026-02-19,Sem valor,3ª Vara Criminal de Recife,Sem observações
2112,5401874-62.2025.2.46.8337,862,Trabalhista,Instrução,Encerrado,Dra. Cavalcante,2025-08-30,2025-03-18,320817.0,6ª Vara Cível de Recife,Sem observações
2113,4768255-51.2022.4.94.5695,1271,Trabalhista,Recurso,Encerrado,Dra. Cavalcante,2021-08-25,Sem prazo delimitado,25324.0,16ª Vara Cível de Recife,Sem observações
2114,6865513-17.2021.7.21.3938,1490,Trabalhista,Execução,Suspenso,Dra. Fontes,2024-06-12,2025-05-02,404052.0,17ª Vara Criminal de Recife,Sem observações
2115,5451988-41.2020.2.82.4041,552,Trabalhista,Recurso,Acordo,Dra. Cavalcante,2025-06-12,2025-01-10,178827.0,16ª Vara Cível de Recife,Sem observações
2116,6260319-38.2024.8.96.1114,1196,Civil,Instrução,Suspenso,Dra. Fontes,2020-08-14,2026-01-19,318089.0,8ª Vara Criminal de Recife,Sem observações
2117,2110878-87.2023.8.83.8978,1184,Trabalhista,Instrução,Suspenso,Dr. Melo,2020-04-25,2025-06-06,Sem valor,4ª Vara Cível de Recife,Sem observações
2118,7486029-45.2024.4.25.3159,323,Civil,Execução,Ativo,Dr. Melo,2020-09-28,2026-04-25,Sem valor,16ª Vara Trabalhista de Recife,Aguardando documentos
2119,4874996-38.2022.9.94.8154,897,Civil,Sentença,Suspenso,Dr. Barros,2020-03-22,2026-08-24,376940.0,3ª Vara Criminal de Recife,Sem observações
2120,6003915-30.2025.6.37.7681,97,Civil,Audiência,Ativo,Dr. Barros,2022-03-01,2026-01-02,221829.0,4ª Vara Trabalhista de Recife,Sem observações
2121,6418382-43.2020.8.63.9133,1053,Civil,Arquivado,Ativo,Dr. Melo,2020-10-04,2025-10-08,27586.0,3ª Vara Trabalhista de Recife,Aguardando documentos
2122,7381740-86.2021.2.88.6570,531,Civil,Acordo Extrajudicial,Suspenso,Dr. Melo,2022-05-12,2026-06-21,236333.0,8ª Vara Cível de Recife,Sem observações
2123,5966644-82.2023.4.88.9951,1070,Civil,Recurso,Acordo,Dra. Cavalcante,2022-03-08,2025-11-26,363260.0,16ª Vara Criminal de Recife,Sem observações
2124,7381740-86.2021.2.88.6570,58,Trabalhista,Audiência,Suspenso,Dra. Fontes,2026-01-31,2025-05-12,250601.0,16ª Vara Cível de Recife,Sem observações
2125,1614850-25.2020.8.85.3161,414,Civil,Inicial,Suspenso,Dr. Barros,2022-12-16,2025-04-13,120257.0,17ª Vara Criminal de Recife,Sem observações
2126,5451988-41.2020.2.82.4041,709,Trabalhista,Arquivado,Ativo,Dr. Melo,2023-04-23,2025-07-20,433159.0,18ª Vara Cível de Recife,Sem observações
2127,9666878-83.2023.6.29.9905,738,Trabalhista,Inicial,Ativo,Dra. Cavalcante,2024-10-26,2025-05-06,22512.0,19ª Vara Criminal de Recife,Sem observações
2128,8415891-60.2021.6.92.5554,516,Trabalhista,Recurso,Ativo,Dra. Fontes,2022-05-25,Sem prazo delimitado,327388.0,12ª Vara Trabalhista de Recife,Sem observações
2129,2842764-33.2025.7.99.7279,1130,Trabalhista,Sentença,Ativo,Dr. Melo,2021-07-14,Sem prazo delimitado,290204.0,19ª Vara Criminal de Recife,Sem observações
2130,9835331-11.2022.6.15.8602,1217,Civil,Sentença,Ativo,Dra. Fontes,2023-02-20,2025-03-19,465561.0,14ª Vara Cível de Recife,Aguardando documentos
2131,2316290-44.2022.7.34.5190,92,Trabalhista,Inicial,Encerrado,Dr. Melo,2025-01-31,2026-03-06,Sem valor,14ª Vara Criminal de Recife,Sem observações
2132,9636371-69.2025.8.67.4068,64,Civil,Recurso,Ativo,Dra. Fontes,2023-06-19,2026-08-02,197980.0,20ª Vara Trabalhista de Recife,Sem observações
2133,3675188-38.2025.9.53.3305,414,Trabalhista,Sentença,Encerrado,Dra. Cavalcante,2026-02-15,2025-09-07,17071.0,5ª Vara Trabalhista de Recife,Sem observações
2134,1346701-74.2024.1.65.8985,1012,Civil,Recurso,Ativo,Dra. Cavalcante,2023-08-11,Sem prazo delimitado,252960.0,17ª Vara Criminal de Recife,Sem observações
2135,8168054-14.2024.6.50.1232,1322,Trabalhista,Sentença,Encerrado,Dr. Melo,2022-07-26,2026-06-10,232445.0,4ª Vara Criminal de Recife,Sem observações
2136,5266269-78.2021.7.59.1392,286,Civil,Recurso,Acordo,Dr. Barros,2023-02-14,2026-05-18,Sem valor,20ª Vara Criminal de Recife,Sem observações
2137,4326518-76.2023.4.36.8530,12,Civil,Audiência,Ativo,Dra. Cavalcante,2025-03-20,Sem prazo delimitado,459801.0,1ª Vara Trabalhista de Recife,Sem observações
2138,8843195-99.2024.6.39.2836,1277,Civil,Audiência,Acordo,Dra. Cavalcante,2026-04-22,2025-05-27,157628.0,7ª Vara Cível de Recife,Sem observações
2139,7323234-16.2020.9.59.5035,24,Civil,Recurso,Suspenso,Dr. Melo,2020-03-23,Sem prazo delimitado,422456.0,3ª Vara Cível de Recife,Aguardando documentos
2140,7515318-25.2024.4.34.6280,26,Civil,Acordo Extrajudicial,Encerrado,Dra. Cavalcante,2026-10-01,2025-06-22,137304.0,8ª Vara Cível de Recife,Sem observações
2141,8630644-97.2025.3.28.1296,617,Trabalhista,Audiência,Acordo,Dra. Fontes,2023-12-23,Sem prazo delimitado,125165.0,13ª Vara Cível de Recife,Sem observações
2142,1757615-27.2025.7.10.3762,1338,Civil,Inicial,Encerrado,Dra. Cavalcante,2025-02-07,2025-05-27,187814.0,5ª Vara Criminal de Recife,Sem observações
2143,5112941-62.2021.1.89.5887,1065,Trabalhista,Sentença,Ativo,Dra. Fontes,2020-08-03,2025-06-20,86217.0,2ª Vara Trabalhista de Recife,Sem observações
2144,5786762-52.2021.9.21.3037,490,Trabalhista,Inicial,Suspenso,Dr. Melo,2021-10-17,2025-12-18,142524.0,8ª Vara Criminal de Recife,Aguardando documentos
2145,3401866-56.2021.1.87.5297,248,Civil,Audiência,Ativo,Dra. Cavalcante,2023-02-18,2025-01-25,53712.0,16ª Vara Cível de Recife,Sem observações
2146,4065326-72.2025.8.58.5304,546,Civil,Execução,Ativo,Dr. Melo,2025-07-30,2026-01-07,80626.0,14ª Vara Cível de Recife,Sem observações
2147,2545435-52.2025.3.59.7623,584,Civil,Recurso,Ativo,Dra. Fontes,2023-09-12,2025-07-13,407445.0,12ª Vara Criminal de Recife,Sem observações
2148,3542616-60.2022.3.87.6536,596,Civil,Audiência,Encerrado,Dra. Cavalcante,2025-12-03,2026-12-11,240978.0,5ª Vara Criminal de Recife,Aguardando documentos
2149,1353022-94.2023.9.79.1203,1268,Trabalhista,Sentença,Ativo,Dra. Cavalcante,2025-12-20,2026-12-21,316126.0,9ª Vara Trabalhista de Recife,Aguardando documentos
2150,4433355-55.2023.8.48.9346,564,Trabalhista,Sentença,Ativo,Dra. Cavalcante,2024-03-01,Sem prazo delimitado,123970.0,10ª Vara Cível de Recife,Sem observações
2151,8749473-21.2020.4.12.9144,473,Civil,Instrução,Encerrado,Dr. Barros,2023-11-04,2025-02-24,323640.0,1ª Vara Trabalhista de Recife,Sem observações
2152,6779292-61.2021.4.86.2783,1105,Trabalhista,Recurso,Encerrado,Dr. Barros,2020-09-28,Sem prazo delimitado,Sem valor,16ª Vara Trabalhista de Recife,Aguardando documentos
2153,5432782-56.2021.2.97.6240,1236,Trabalhista,Acordo Extrajudicial,Em recurso,Dr. Barros,2022-07-22,2025-05-28,277787.0,17ª Vara Criminal de Recife,Sem observações
2154,2191287-57.2021.1.18.8228,8,Trabalhista,Execução,Em recurso,Dra. Fontes,2024-05-21,2026-06-09,428970.0,6ª Vara Cível de Recife,Aguardando documentos
2155,5217157-98.2020.2.64.4094,597,Trabalhista,Sentença,Suspenso,Dr. Barros,2024-08-21,2025-03-25,390148.0,14ª Vara Cível de Recife,Sem observações
2156,9798556-59.2021.3.62.3110,845,Trabalhista,Sentença,Encerrado,Dra. Fontes,2021-06-08,2026-10-21,187825.0,10ª Vara Trabalhista de Recife,Sem observações
2157,4687348-31.2023.1.92.6907,366,Civil,Recurso,Ativo,Dra. Cavalcante,2022-05-07,2026-03-30,Sem valor,15ª Vara Trabalhista de Recife,Sem observações
2158,4938178-62.2020.7.27.6072,502,Trabalhista,Arquivado,Ativo,Dr. Melo,2022-06-23,Sem prazo delimitado,283210.0,18ª Vara Criminal de Recife,Sem observações
2159,3667022-35.2020.9.76.3115,1025,Trabalhista,Arquivado,Encerrado,Dra. Cavalcante,2022-06-24,2025-03-18,242938.0,5ª Vara Trabalhista de Recife,Aguardando documentos
2160,9489806-94.2021.2.55.9162,1078,Trabalhista,Audiência,Encerrado,Dra. Fontes,2021-04-24,2025-12-28,Sem valor,1ª Vara Cível de Recife,Sem observações
2161,8843990-84.2020.6.68.3017,919,Trabalhista,Recurso,Acordo,Dr. Barros,2024-06-20,2026-10-29,220786.0,19ª Vara Cível de Recife,Sem observações
2162,9822459-92.2024.8.17.6403,1106,Trabalhista,Acordo Extrajudicial,Encerrado,Dr. Barros,2025-01-29,2025-08-25,Sem valor,13ª Vara Cível de Recife,Sem observações
2163,4433355-55.2023.8.48.9346,740,Civil,Inicial,Ativo,Dr. Melo,2026-08-04,2026-12-28,126338.0,3ª Vara Trabalhista de Recife,Sem observações
2164,1754781-28.2025.6.89.2162,1115,Civil,Inicial,Suspenso,Dra. Fontes,2025-07-29,2026-10-19,Sem valor,14ª Vara Trabalhista de Recife,Sem observações
2165,3778380-86.2023.9.32.5849,351,Trabalhista,Sentença,Ativo,Dr. Melo,2021-11-30,2025-03-07,Sem valor,3ª Vara Trabalhista de Recife,Aguardando documentos
2166,8209168-30.2020.1.41.7632,1151,Trabalhista,Sentença,Ativo,Dr. Barros,2024-10-07,2026-05-25,290469.0,19ª Vara Cível de Recife,Sem observações
2167,6370110-64.2022.3.52.8440,1496,Civil,Sentença,Acordo,Dra. Cavalcante,2024-06-07,2025-03-21,297455.0,15ª Vara Trabalhista de Recife,Sem observações
2168,2110878-87.2023.8.83.8978,430,Civil,Inicial,Ativo,Dr. Melo,2025-02-14,Sem prazo delimitado,162268.0,20ª Vara Cível de Recife,Sem observações
2169,7224257-29.2020.8.88.9110,796,Trabalhista,Acordo Extrajudicial,Ativo,Dr. Barros,2022-10-25,2025-04-24,Sem valor,4ª Vara Criminal de Recife,Sem observações
2170,1869144-23.2023.5.84.3325,163,Civil,Acordo Extrajudicial,Ativo,Dra. Fontes,2024-07-03,2026-11-16,12196.0,10ª Vara Cível de Recife,Sem observações
2171,2112478-55.2024.2.51.9095,342,Trabalhista,Audiência,Suspenso,Dra. Cavalcante,2022-10-01,2026-09-09,Sem valor,4ª Vara Cível de Recife,Aguardando documentos
2172,8816646-78.2020.7.70.9224,347,Civil,Execução,Ativo,Dr. Melo,2021-09-03,Sem prazo delimitado,179744.0,6ª Vara Trabalhista de Recife,Aguardando documentos
2173,3724721-44.2021.9.75.5553,200,Trabalhista,Arquivado,Ativo,Dra. Cavalcante,2026-04-14,2025-07-11,Sem valor,17ª Vara Criminal de Recife,Sem observações
2174,7320713-89.2022.3.68.7881,760,Trabalhista,Recurso,Encerrado,Dr. Melo,2021-10-02,2025-07-21,128906.0,17ª Vara Criminal de Recife,Sem observações
2175,6160516-66.2024.5.17.7150,928,Civil,Arquivado,Ativo,Dr. Melo,2026-02-19,2026-03-08,447125.0,10ª Vara Criminal de Recife,Sem observações
2176,4952151-27.2023.3.38.8762,197,Trabalhista,Execução,Encerrado,Dr. Barros,2024-02-10,2026-09-22,Sem valor,18ª Vara Cível de Recife,Sem observações
2177,2658962-39.2022.5.95.8856,206,Trabalhista,Acordo Extrajudicial,Suspenso,Dra. Fontes,2020-01-06,2026-11-19,270847.0,9ª Vara Cível de Recife,Sem observações
2178,8368255-39.2020.9.60.4414,925,Trabalhista,Acordo Extrajudicial,Ativo,Dra. Fontes,2022-11-04,2026-11-06,52395.0,6ª Vara Criminal de Recife,Sem observações
2179,5661974-14.2020.6.39.3137,856,Trabalhista,Instrução,Acordo,Dr. Melo,2020-02-02,2025-05-17,Sem valor,18ª Vara Trabalhista de Recife,Sem observações
2180,4090182-95.2021.1.57.7189,1422,Trabalhista,Acordo Extrajudicial,Em recurso,Dr. Melo,2025-11-15,Sem prazo delimitado,455317.0,10ª Vara Trabalhista de Recife,Aguardando documentos
2181,4865461-96.2025.2.64.9143,813,Civil,Recurso,Ativo,Dra. Fontes,2021-11-23,2025-03-28,Sem valor,3ª Vara Cível de Recife,Sem observações
2182,8066975-72.2023.7.26.7675,307,Trabalhista,Sentença,Encerrado,Dra. Fontes,2022-01-11,2026-12-14,148590.0,7ª Vara Criminal de Recife,Sem observações
2183,3778380-86.2023.9.32.5849,681,Civil,Instrução,Encerrado,Dr. Melo,2025-12-01,2025-04-08,Sem valor,9ª Vara Cível de Recife,Sem observações
2184,7633905-83.2022.9.95.2309,373,Trabalhista,Instrução,Encerrado,Dr. Melo,2023-03-08,2026-07-19,110978.0,3ª Vara Cível de Recife,Sem observações
2185,5703772-88.2020.8.34.6114,63,Trabalhista,Inicial,Acordo,Dra. Cavalcante,2022-06-06,2026-06-11,329753.0,2ª Vara Trabalhista de Recife,Sem observações
2186,1933296-95.2024.5.69.8317,937,Civil,Instrução,Em recurso,Dra. Cavalcante,2021-07-20,2025-04-30,388523.0,18ª Vara Trabalhista de Recife,Sem observações
2187,5631823-61.2020.5.47.1440,1476,Civil,Inicial,Ativo,Dr. Barros,2021-09-24,2026-12-03,Sem valor,12ª Vara Criminal de Recife,Sem observações
2188,7892487-80.2022.9.64.5036,196,Civil,Arquivado,Suspenso,Dr. Melo,2023-11-28,2025-11-06,317838.0,3ª Vara Trabalhista de Recife,Sem observações
2189,1165147-13.2020.2.47.5874,685,Trabalhista,Audiência,Encerrado,Dra. Fontes,2024-12-22,2025-05-08,73379.0,1ª Vara Trabalhista de Recife,Sem observações
2190,2869625-86.2025.7.14.5837,1129,Trabalhista,Execução,Ativo,Dr. Barros,2025-01-21,2025-11-24,427601.0,9ª Vara Criminal de Recife,Sem observações
2191,1966014-66.2022.7.82.2137,1231,Trabalhista,Execução,Ativo,Dr. Melo,2022-11-09,2026-07-16,308309.0,9ª Vara Cível de Recife,Sem observações
2192,2100417-68.2021.7.29.9662,300,Civil,Audiência,Encerrado,Dr. Melo,2023-06-13,Sem prazo delimitado,74599.0,1ª Vara Trabalhista de Recife,Sem observações
2193,3541821-31.2021.8.96.1927,398,Civil,Audiência,Ativo,Dra. Cavalcante,2022-07-30,Sem prazo delimitado,Sem valor,15ª Vara Cível de Recife,Sem observações
2194,6334947-38.2020.4.71.6173,1156,Civil,Audiência,Encerrado,Dr. Barros,2022-08-16,2025-04-14,369989.0,5ª Vara Trabalhista de Recife,Sem observações
2195,6686912-30.2025.4.68.7078,287,Civil,Inicial,Ativo,Dr. Melo,2023-05-29,2026-09-03,76897.0,3ª Vara Criminal de Recife,Sem observações
2196,7486029-45.2024.4.25.3159,668,Trabalhista,Execução,Acordo,Dr. Melo,2025-07-10,2025-01-16,401611.0,3ª Vara Trabalhista de Recife,Sem observações
2197,4874996-38.2022.9.94.8154,192,Trabalhista,Recurso,Ativo,Dra. Cavalcante,2025-05-28,2026-08-18,337484.0,10ª Vara Criminal de Recife,Sem observações
2198,9822459-92.2024.8.17.6403,22,Trabalhista,Sentença,Ativo,Dra. Fontes,2020-08-21,2025-07-09,9739.0,1ª Vara Cível de Recife,Sem observações
2199,6953559-38.2025.7.42.9212,912,Trabalhista,Execução,Ativo,Dra. Fontes,2022-03-30,2025-08-10,22111.0,8ª Vara Cível de Recife,Sem observações
2200,1445483-93.2023.1.61.7357,891,Trabalhista,Acordo Extrajudicial,Ativo,Dra. Fontes,2023-11-15,2026-02-13,113157.0,17ª Vara Criminal de Recife,Sem observações
2201,7626521-25.2020.9.17.3305,1040,Trabalhista,Inicial,Ativo,Dra. Cavalcante,2025-11-20,2025-04-02,Sem valor,6ª Vara Trabalhista de Recife,Aguardando documentos
2202,4016576-41.2022.7.10.6952,1273,Civil,Acordo Extrajudicial,Suspenso,Dr. Barros,2026-01-13,2025-02-04,208484.0,1ª Vara Criminal de Recife,Sem observações
2203,5422047-80.2024.8.62.4364,360,Trabalhista,Recurso,Ativo,Dr. Melo,2024-10-08,2026-03-19,Sem valor,5ª Vara Cível de Recife,Sem observações
2204,5545511-73.2023.1.66.9757,524,Civil,Instrução,Suspenso,Dr. Barros,2022-10-08,2025-10-11,216235.0,1ª Vara Trabalhista de Recife,Sem observações
2205,5271615-59.2021.2.54.6844,307,Civil,Inicial,Ativo,Dra. Cavalcante,2024-09-02,2026-02-21,Sem valor,7ª Vara Trabalhista de Recife,Sem observações
2206,6101036-60.2022.7.49.3295,1070,Trabalhista,Inicial,Encerrado,Dra. Cavalcante,2022-01-29,2026-06-02,Sem valor,10ª Vara Criminal de Recife,Sem observações
2207,5438623-45.2022.4.51.7250,609,Civil,Execução,Suspenso,Dra. Cavalcante,2021-08-22,2026-03-03,Sem valor,9ª Vara Trabalhista de Recife,Sem observações
2208,3401866-56.2021.1.87.5297,55,Trabalhista,Execução,Ativo,Dr. Barros,2025-11-03,2026-01-02,411523.0,7ª Vara Criminal de Recife,Aguardando documentos
2209,7320713-89.2022.3.68.7881,1084,Trabalhista,Acordo Extrajudicial,Em recurso,Dr. Melo,2024-03-21,2026-10-09,257451.0,6ª Vara Trabalhista de Recife,Sem observações
2210,9062552-47.2024.4.22.8265,1045,Trabalhista,Sentença,Acordo,Dra. Cavalcante,2026-01-15,2026-10-18,60564.0,4ª Vara Cível de Recife,Sem observações
2211,8215015-64.2021.5.32.1893,1195,Trabalhista,Instrução,Ativo,Dr. Melo,2023-06-30,2025-02-08,Sem valor,13ª Vara Cível de Recife,Aguardando documentos
2212,2461262-96.2021.6.48.1315,603,Civil,Acordo Extrajudicial,Ativo,Dr. Barros,2022-02-07,2026-06-18,144525.0,6ª Vara Trabalhista de Recife,Sem observações
2213,6953559-38.2025.7.42.9212,793,Trabalhista,Arquivado,Ativo,Dra. Fontes,2023-07-22,Sem prazo delimitado,63115.0,17ª Vara Cível de Recife,Aguardando documentos
2214,9062552-47.2024.4.22.8265,1027,Civil,Acordo Extrajudicial,Ativo,Dra. Fontes,2020-01-02,2026-08-19,13669.0,7ª Vara Trabalhista de Recife,Sem observações
2215,5947618-28.2023.6.53.6118,63,Civil,Instrução,Encerrado,Dra. Fontes,2022-03-05,2026-08-07,77141.0,10ª Vara Cível de Recife,Sem observações
2216,7271178-97.2023.5.84.4243,139,Civil,Execução,Suspenso,Dr. Melo,2024-12-01,2026-08-03,444839.0,10ª Vara Cível de Recife,Sem observações
2217,3778380-86.2023.9.32.5849,118,Civil,Inicial,Acordo,Dra. Cavalcante,2024-06-22,2026-02-22,308386.0,9ª Vara Cível de Recife,Sem observações
2218,6425355-10.2021.6.53.2041,1338,Civil,Sentença,Encerrado,Dra. Fontes,2021-09-27,2026-05-16,Sem valor,2ª Vara Cível de Recife,Sem observações
2219,1742202-63.2023.6.68.9372,1248,Civil,Execução,Suspenso,Dra. Cavalcante,2025-09-03,2025-12-25,314055.0,18ª Vara Cível de Recife,Sem observações
2220,5483975-50.2024.8.92.4422,529,Trabalhista,Instrução,Em recurso,Dra. Cavalcante,2023-07-18,2025-08-14,340195.0,19ª Vara Cível de Recife,Sem observações
2221,3576390-15.2021.2.82.8209,1436,Trabalhista,Recurso,Acordo,Dr. Melo,2023-04-21,2026-03-17,430864.0,14ª Vara Criminal de Recife,Sem observações
2222,1311508-84.2020.3.38.8512,224,Civil,Instrução,Ativo,Dr. Barros,2024-08-02,2026-09-03,Sem valor,14ª Vara Cível de Recife,Sem observações
2223,8717678-27.2025.5.11.4526,1500,Trabalhista,Arquivado,Encerrado,Dr. Barros,2021-01-27,2025-10-19,242226.0,15ª Vara Criminal de Recife,Sem observações
2224,7222167-30.2022.8.44.7452,1460,Trabalhista,Inicial,Suspenso,Dra. Fontes,2021-03-04,2026-09-21,Sem valor,5ª Vara Cível de Recife,Sem observações
2225,5432782-56.2021.2.97.6240,762,Civil,Recurso,Encerrado,Dr. Melo,2026-03-15,2025-10-30,Sem valor,4ª Vara Trabalhista de Recife,Sem observações
2226,3576390-15.2021.2.82.8209,1179,Civil,Recurso,Ativo,Dra. Fontes,2026-03-14,2025-12-17,Sem valor,17ª Vara Cível de Recife,Sem observações
2227,5284129-51.2020.3.32.5205,172,Trabalhista,Sentença,Em recurso,Dr. Melo,2022-07-17,2026-05-08,211722.0,7ª Vara Criminal de Recife,Sem observações
2228,9822459-92.2024.8.17.6403,1072,Trabalhista,Audiência,Ativo,Dr. Barros,2024-07-31,2026-05-27,Sem valor,8ª Vara Trabalhista de Recife,Sem observações
2229,6105303-92.2021.4.39.3868,886,Trabalhista,Audiência,Encerrado,Dra. Fontes,2021-09-04,2026-05-13,424780.0,2ª Vara Trabalhista de Recife,Sem observações
2230,1676369-34.2022.3.47.6087,242,Civil,Arquivado,Ativo,Dra. Cavalcante,2022-01-17,2026-03-02,Sem valor,7ª Vara Cível de Recife,Sem observações
2231,5124342-11.2025.5.50.6107,777,Trabalhista,Instrução,Em recurso,Dra. Fontes,2026-01-05,2026-06-14,225417.0,2ª Vara Cível de Recife,Sem observações
2232,3667022-35.2020.9.76.3115,1140,Trabalhista,Acordo Extrajudicial,Ativo,Dr. Barros,2021-08-05,2026-09-03,384774.0,6ª Vara Criminal de Recife,Sem observações
2233,4961530-22.2021.4.22.6290,433,Trabalhista,Execução,Acordo,Dra. Cavalcante,2020-11-17,2026-01-27,61367.0,1ª Vara Trabalhista de Recife,Aguardando documentos
2234,5661974-14.2020.6.39.3137,1389,Civil,Audiência,Encerrado,Dr. Barros,2022-03-31,Sem prazo delimitado,Sem valor,20ª Vara Cível de Recife,Sem observações
2235,4326518-76.2023.4.36.8530,259,Civil,Audiência,Ativo,Dr. Barros,2025-05-13,2025-10-11,76055.0,7ª Vara Trabalhista de Recife,Sem observações
2236,3679963-72.2020.9.29.7859,1470,Trabalhista,Sentença,Encerrado,Dra. Fontes,2020-04-10,2025-01-29,Sem valor,18ª Vara Cível de Recife,Sem observações
2237,9885734-21.2023.9.74.3450,1251,Trabalhista,Instrução,Encerrado,Dra. Cavalcante,2024-11-11,2025-05-31,370150.0,12ª Vara Criminal de Recife,Sem observações
2238,7941836-76.2025.4.34.6543,5,Trabalhista,Audiência,Encerrado,Dr. Barros,2026-02-13,2025-04-15,373312.0,2ª Vara Criminal de Recife,Sem observações
2239,6003915-30.2025.6.37.7681,1403,Trabalhista,Recurso,Ativo,Dra. Cavalcante,2020-03-26,2026-08-01,204728.0,16ª Vara Criminal de Recife,Sem observações
2240,8843990-84.2020.6.68.3017,1085,Trabalhista,Arquivado,Encerrado,Dr. Melo,2020-01-26,2026-07-26,Sem valor,7ª Vara Trabalhista de Recife,Sem observações
2241,2575202-50.2023.1.54.9627,232,Civil,Arquivado,Ativo,Dr. Barros,2024-04-28,2026-09-07,94258.0,1ª Vara Cível de Recife,Aguardando documentos
2242,8827641-36.2022.5.59.8715,990,Civil,Recurso,Encerrado,Dr. Melo,2021-05-07,2026-06-02,Sem valor,13ª Vara Criminal de Recife,Sem observações
2243,7245951-43.2021.4.11.7623,70,Trabalhista,Instrução,Ativo,Dra. Cavalcante,2022-08-07,2026-03-07,14715.0,17ª Vara Cível de Recife,Sem observações
2244,6445422-21.2020.5.39.8096,963,Civil,Recurso,Suspenso,Dra. Cavalcante,2020-10-02,2025-03-02,37200.0,16ª Vara Cível de Recife,Sem observações
2245,1272937-41.2023.5.75.9958,1127,Trabalhista,Arquivado,Ativo,Dra. Cavalcante,2025-05-07,2025-10-07,489370.0,8ª Vara Criminal de Recife,Sem observações
2246,6528202-89.2025.3.17.9496,112,Trabalhista,Sentença,Encerrado,Dra. Cavalcante,2021-10-15,2026-08-23,420002.0,13ª Vara Trabalhista de Recife,Sem observações
2247,7948577-74.2025.1.60.7583,1175,Trabalhista,Sentença,Suspenso,Dr. Barros,2020-03-08,2026-05-18,Sem valor,18ª Vara Cível de Recife,Aguardando documentos
2248,1628717-84.2025.8.67.8313,345,Civil,Execução,Ativo,Dra. Cavalcante,2022-06-17,2025-03-18,Sem valor,12ª Vara Cível de Recife,Sem observações
2249,7136189-41.2024.2.60.1768,114,Civil,Instrução,Ativo,Dr. Barros,2025-01-24,2025-01-03,122419.0,7ª Vara Cível de Recife,Sem observações
2250,5614769-67.2022.9.87.1001,122,Trabalhista,Recurso,Ativo,Dr. Melo,2024-10-30,2026-01-19,263209.0,19ª Vara Cível de Recife,Sem observações
2251,3679963-72.2020.9.29.7859,1434,Trabalhista,Instrução,Acordo,Dr. Barros,2020-10-11,2025-05-27,256722.0,3ª Vara Trabalhista de Recife,Sem observações
2252,9798556-59.2021.3.62.3110,792,Trabalhista,Inicial,Encerrado,Dra. Fontes,2021-10-09,2025-10-27,91836.0,18ª Vara Cível de Recife,Sem observações
2253,9804642-71.2024.4.76.5486,423,Civil,Execução,Suspenso,Dra. Cavalcante,2022-07-16,2026-08-15,441141.0,8ª Vara Cível de Recife,Aguardando documentos
2254,8572382-61.2025.1.41.7172,1448,Trabalhista,Acordo Extrajudicial,Suspenso,Dr. Melo,2022-05-08,Sem prazo delimitado,Sem valor,17ª Vara Trabalhista de Recife,Sem observações
2255,6339266-27.2025.5.15.6766,431,Civil,Recurso,Ativo,Dr. Barros,2025-09-09,2026-02-13,Sem valor,20ª Vara Trabalhista de Recife,Sem observações
2256,5545511-73.2023.1.66.9757,1471,Trabalhista,Acordo Extrajudicial,Ativo,Dr. Melo,2025-10-12,2025-02-06,407843.0,17ª Vara Trabalhista de Recife,Sem observações
2257,5451988-41.2020.2.82.4041,140,Civil,Execução,Ativo,Dra. Fontes,2022-10-22,2026-10-22,310354.0,9ª Vara Cível de Recife,Aguardando documentos
2258,2231929-89.2024.6.41.5461,421,Civil,Sentença,Acordo,Dr. Melo,2024-07-03,2026-10-31,38326.0,15ª Vara Cível de Recife,Sem observações
2259,2824928-33.2020.1.90.6467,1361,Civil,Recurso,Ativo,Dra. Cavalcante,2020-11-24,2026-10-09,436980.0,5ª Vara Trabalhista de Recife,Sem observações
2260,3541821-31.2021.8.96.1927,1016,Civil,Instrução,Encerrado,Dra. Fontes,2025-01-16,2026-04-07,72832.0,1ª Vara Criminal de Recife,Sem observações
2261,6075721-43.2020.9.85.8738,310,Civil,Execução,Encerrado,Dra. Fontes,2023-03-13,2025-07-26,427837.0,13ª Vara Trabalhista de Recife,Sem observações
2262,2129757-49.2025.4.14.5657,1461,Trabalhista,Execução,Ativo,Dr. Melo,2023-02-13,2026-09-06,462374.0,13ª Vara Criminal de Recife,Sem observações
2263,1311508-84.2020.3.38.8512,1264,Civil,Execução,Ativo,Dra. Fontes,2025-10-21,2025-10-28,Sem valor,4ª Vara Criminal de Recife,Sem observações
2264,1098476-20.2021.1.47.3336,784,Trabalhista,Inicial,Acordo,Dra. Fontes,2025-06-12,2025-07-17,298577.0,7ª Vara Trabalhista de Recife,Aguardando documentos
2265,9168044-67.2022.1.26.3054,1482,Civil,Recurso,Ativo,Dra. Fontes,2022-07-16,Sem prazo delimitado,318317.0,7ª Vara Cível de Recife,Sem observações
2266,3510061-32.2020.9.13.4424,565,Civil,Audiência,Ativo,Dra. Fontes,2023-12-29,2026-09-24,Sem valor,16ª Vara Cível de Recife,Sem observações
2267,9898363-27.2020.4.89.2966,631,Civil,Instrução,Ativo,Dra. Fontes,2025-08-18,2026-11-27,Sem valor,11ª Vara Trabalhista de Recife,Sem observações
2268,5991409-16.2021.8.44.1303,737,Civil,Execução,Em recurso,Dr. Barros,2020-03-16,2025-09-30,162173.0,10ª Vara Cível de Recife,Sem observações
2269,8368372-34.2020.6.43.9691,1061,Trabalhista,Recurso,Acordo,Dra. Cavalcante,2021-10-23,2026-11-02,Sem valor,4ª Vara Criminal de Recife,Sem observações
2270,8936104-83.2022.1.39.7934,1114,Trabalhista,Sentença,Em recurso,Dr. Melo,2020-05-26,2025-12-29,239581.0,18ª Vara Trabalhista de Recife,Aguardando documentos
2271,6528202-89.2025.3.17.9496,836,Civil,Instrução,Ativo,Dr. Barros,2021-03-18,2025-09-07,221587.0,12ª Vara Criminal de Recife,Sem observações
2272,1974389-81.2024.5.57.9354,636,Civil,Acordo Extrajudicial,Ativo,Dra. Fontes,2022-09-15,2025-08-30,Sem valor,3ª Vara Trabalhista de Recife,Sem observações
2273,3510061-32.2020.9.13.4424,338,Civil,Recurso,Ativo,Dr. Barros,2022-07-31,2026-11-11,121951.0,3ª Vara Trabalhista de Recife,Aguardando documentos
2274,9489806-94.2021.2.55.9162,1347,Civil,Sentença,Suspenso,Dra. Cavalcante,2025-12-29,2025-11-09,43900.0,3ª Vara Criminal de Recife,Sem observações
2275,5826200-20.2025.1.91.8748,1313,Civil,Arquivado,Encerrado,Dra. Fontes,2020-07-29,2026-01-22,23457.0,19ª Vara Criminal de Recife,Aguardando documentos
2276,9835331-11.2022.6.15.8602,828,Trabalhista,Recurso,Ativo,Dr. Melo,2022-12-05,2026-01-30,174974.0,7ª Vara Trabalhista de Recife,Sem observações
2277,6686912-30.2025.4.68.7078,450,Civil,Inicial,Ativo,Dra. Fontes,2023-01-20,2026-01-26,128505.0,8ª Vara Criminal de Recife,Aguardando documentos
2278,4084503-92.2025.8.90.5515,248,Trabalhista,Execução,Suspenso,Dra. Cavalcante,2020-02-18,2025-04-22,Sem valor,18ª Vara Trabalhista de Recife,Aguardando documentos
2279,5788467-41.2023.8.93.8134,599,Civil,Audiência,Encerrado,Dr. Barros,2024-08-31,2026-10-29,336180.0,16ª Vara Cível de Recife,Sem observações
2280,5214684-96.2020.6.84.9986,1442,Civil,Recurso,Ativo,Dr. Melo,2024-10-03,2025-11-25,393224.0,18ª Vara Criminal de Recife,Sem observações
2281,1757615-27.2025.7.10.3762,829,Civil,Acordo Extrajudicial,Encerrado,Dr. Melo,2023-06-10,2026-08-15,486210.0,4ª Vara Criminal de Recife,Sem observações
2282,5732779-86.2025.4.28.7831,1137,Civil,Execução,Encerrado,Dra. Cavalcante,2021-01-30,2026-01-15,Sem valor,14ª Vara Cível de Recife,Sem observações
2283,8843195-99.2024.6.39.2836,792,Civil,Audiência,Ativo,Dr. Melo,2024-03-27,2026-08-03,194035.0,8ª Vara Trabalhista de Recife,Sem observações
2284,4084503-92.2025.8.90.5515,168,Trabalhista,Inicial,Ativo,Dr. Barros,2023-04-18,Sem prazo delimitado,258087.0,6ª Vara Cível de Recife,Sem observações
2285,1101935-78.2023.5.88.5299,224,Trabalhista,Inicial,Ativo,Dr. Barros,2023-05-16,2025-06-28,49370.0,15ª Vara Criminal de Recife,Sem observações
2286,6368709-92.2024.7.99.9426,433,Civil,Acordo Extrajudicial,Acordo,Dra. Fontes,2021-09-02,2026-12-21,57196.0,3ª Vara Criminal de Recife,Sem observações
2287,3576390-15.2021.2.82.8209,521,Civil,Recurso,Encerrado,Dra. Cavalcante,2024-01-28,2025-06-16,428978.0,20ª Vara Criminal de Recife,Sem observações
2288,8886588-26.2020.9.65.6361,645,Civil,Recurso,Acordo,Dr. Melo,2024-09-20,2025-10-23,471563.0,18ª Vara Criminal de Recife,Sem observações
2289,6414076-16.2021.7.78.8273,829,Trabalhista,Instrução,Ativo,Dr. Melo,2023-07-05,2025-07-06,Sem valor,8ª Vara Trabalhista de Recife,Sem observações
2290,2267110-24.2021.5.78.6025,995,Civil,Audiência,Ativo,Dra. Cavalcante,2020-09-03,2025-01-02,156144.0,12ª Vara Cível de Recife,Aguardando documentos
2291,3675188-38.2025.9.53.3305,1447,Civil,Audiência,Suspenso,Dr. Barros,2022-09-05,2025-09-18,37262.0,18ª Vara Cível de Recife,Sem observações
2292,9898363-27.2020.4.89.2966,728,Civil,Execução,Encerrado,Dra. Fontes,2023-06-15,2025-07-06,142279.0,9ª Vara Cível de Recife,Sem observações
2293,7599278-46.2021.4.96.3535,43,Trabalhista,Arquivado,Ativo,Dra. Fontes,2022-09-29,2025-08-19,464442.0,12ª Vara Trabalhista de Recife,Sem observações
2294,3260101-88.2022.8.37.9169,1065,Trabalhista,Arquivado,Ativo,Dr. Melo,2020-04-17,2025-12-07,Sem valor,14ª Vara Cível de Recife,Sem observações
2295,9168044-67.2022.1.26.3054,255,Trabalhista,Audiência,Ativo,Dr. Melo,2023-08-16,2025-07-14,339302.0,6ª Vara Cível de Recife,Sem observações
2296,3464073-25.2022.8.73.5075,1230,Civil,Instrução,Em recurso,Dr. Barros,2020-10-07,2025-01-05,261427.0,15ª Vara Criminal de Recife,Sem observações
2297,2909764-51.2025.7.78.2223,1232,Civil,Acordo Extrajudicial,Encerrado,Dr. Barros,2020-02-14,2026-03-03,270843.0,7ª Vara Cível de Recife,Sem observações
2298,3675188-38.2025.9.53.3305,67,Trabalhista,Sentença,Em recurso,Dra. Cavalcante,2025-01-07,2025-10-28,33555.0,7ª Vara Criminal de Recife,Sem observações
2299,2191287-57.2021.1.18.8228,772,Trabalhista,Execução,Acordo,Dra. Fontes,2022-10-13,2025-08-08,197686.0,11ª Vara Cível de Recife,Aguardando documentos
2300,2753004-76.2021.8.83.9874,1068,Civil,Sentença,Acordo,Dr. Barros,2020-03-13,Sem prazo delimitado,122775.0,20ª Vara Cível de Recife,Sem observações
2301,5788467-41.2023.8.93.8134,1098,Civil,Acordo Extrajudicial,Encerrado,Dra. Cavalcante,2022-07-27,2025-11-28,30857.0,13ª Vara Cível de Recife,Sem observações
2302,7979033-26.2021.6.18.1084,791,Trabalhista,Execução,Ativo,Dr. Melo,2022-07-17,2026-04-05,335000.0,1ª Vara Criminal de Recife,Sem observações
2303,9898363-27.2020.4.89.2966,1294,Trabalhista,Execução,Suspenso,Dr. Barros,2021-02-26,2025-11-26,Sem valor,5ª Vara Trabalhista de Recife,Sem observações
2304,5947618-28.2023.6.53.6118,694,Civil,Acordo Extrajudicial,Em recurso,Dra. Fontes,2020-10-14,Sem prazo delimitado,Sem valor,13ª Vara Cível de Recife,Sem observações
2305,2997279-67.2024.9.84.1441,406,Trabalhista,Instrução,Acordo,Dr. Melo,2020-04-09,Sem prazo delimitado,399753.0,9ª Vara Cível de Recife,Sem observações
2306,8530609-10.2021.5.41.7151,272,Trabalhista,Inicial,Ativo,Dr. Barros,2024-12-05,2025-05-17,Sem valor,10ª Vara Cível de Recife,Sem observações
2307,7722274-26.2024.9.14.7062,1499,Civil,Sentença,Acordo,Dr. Melo,2021-01-17,2025-06-29,477007.0,2ª Vara Criminal de Recife,Aguardando documentos
2308,5289264-48.2020.4.41.6347,969,Trabalhista,Acordo Extrajudicial,Encerrado,Dr. Barros,2021-03-29,2026-10-08,159453.0,13ª Vara Cível de Recife,Aguardando documentos
2309,1614850-25.2020.8.85.3161,1409,Trabalhista,Instrução,Suspenso,Dr. Melo,2023-09-06,2025-12-19,462957.0,2ª Vara Criminal de Recife,Sem observações
2310,5638123-23.2024.7.30.5009,96,Civil,Execução,Ativo,Dr. Barros,2021-11-27,2026-07-14,Sem valor,9ª Vara Trabalhista de Recife,Sem observações
2311,8735892-74.2025.8.18.9411,430,Trabalhista,Acordo Extrajudicial,Acordo,Dr. Melo,2022-11-20,2025-12-13,41877.0,6ª Vara Criminal de Recife,Sem observações
2312,3754895-37.2021.6.18.8502,1088,Civil,Instrução,Encerrado,Dra. Cavalcante,2021-02-11,2026-07-29,349548.0,5ª Vara Cível de Recife,Sem observações
2313,9636371-69.2025.8.67.4068,147,Trabalhista,Sentença,Ativo,Dra. Cavalcante,2021-12-08,2025-09-28,Sem valor,18ª Vara Criminal de Recife,Sem observações
2314,8655267-17.2025.3.63.4188,178,Trabalhista,Acordo Extrajudicial,Em recurso,Dr. Melo,2020-08-08,2025-12-07,46282.0,15ª Vara Trabalhista de Recife,Sem observações
2315,3588109-63.2023.1.26.4223,1452,Trabalhista,Audiência,Ativo,Dr. Melo,2021-05-16,2026-03-29,Sem valor,9ª Vara Criminal de Recife,Sem observações
2316,9408522-77.2021.3.36.8376,756,Civil,Audiência,Ativo,Dra. Cavalcante,2026-04-26,Sem prazo delimitado,190155.0,15ª Vara Cível de Recife,Sem observações
2317,6414076-16.2021.7.78.8273,793,Trabalhista,Recurso,Acordo,Dra. Cavalcante,2024-11-13,Sem prazo delimitado,Sem valor,6ª Vara Criminal de Recife,Sem observações
2318,3542799-64.2025.6.13.7299,1416,Civil,Instrução,Acordo,Dra. Fontes,2026-04-30,2025-11-21,420529.0,11ª Vara Trabalhista de Recife,Sem observações
2319,2461262-96.2021.6.48.1315,58,Trabalhista,Inicial,Ativo,Dra. Fontes,2023-01-24,2025-01-20,213601.0,19ª Vara Criminal de Recife,Sem observações
2320,5755257-93.2020.8.44.2882,873,Trabalhista,Recurso,Ativo,Dra. Cavalcante,2021-02-16,2026-05-27,Sem valor,11ª Vara Trabalhista de Recife,Sem observações
2321,5661974-14.2020.6.39.3137,1198,Trabalhista,Instrução,Encerrado,Dra. Fontes,2024-10-01,2026-03-20,Sem valor,16ª Vara Criminal de Recife,Sem observações
2322,4563779-48.2023.2.87.9606,243,Civil,Inicial,Ativo,Dr. Barros,2022-04-04,2026-12-01,325844.0,3ª Vara Trabalhista de Recife,Sem observações
2323,2267110-24.2021.5.78.6025,171,Civil,Audiência,Ativo,Dr. Barros,2021-01-01,2026-07-21,Sem valor,7ª Vara Trabalhista de Recife,Sem observações
2324,8655267-17.2025.3.63.4188,1146,Civil,Arquivado,Ativo,Dr. Melo,2024-11-08,2026-04-15,170917.0,5ª Vara Cível de Recife,Sem observações
2325,1714231-74.2025.9.71.1697,1500,Trabalhista,Recurso,Acordo,Dr. Barros,2024-04-16,2025-12-19,475400.0,1ª Vara Cível de Recife,Sem observações
2326,1964519-55.2020.7.58.6781,1121,Civil,Sentença,Acordo,Dra. Cavalcante,2021-11-20,2026-08-10,403590.0,7ª Vara Criminal de Recife,Sem observações
2327,2341370-92.2024.9.60.8122,1497,Trabalhista,Execução,Ativo,Dr. Melo,2020-11-01,2026-12-17,80608.0,12ª Vara Criminal de Recife,Sem observações
2328,8183950-10.2021.5.84.9388,732,Trabalhista,Sentença,Em recurso,Dr. Barros,2021-01-05,2026-02-08,Sem valor,2ª Vara Trabalhista de Recife,Sem observações
2329,5703772-88.2020.8.34.6114,755,Civil,Audiência,Acordo,Dr. Melo,2025-07-31,2025-01-17,252801.0,2ª Vara Criminal de Recife,Sem observações
2330,3924425-56.2021.9.58.2912,1058,Civil,Sentença,Em recurso,Dr. Barros,2026-04-27,2025-05-06,Sem valor,5ª Vara Criminal de Recife,Sem observações
2331,7862554-22.2024.7.83.6459,914,Civil,Arquivado,Encerrado,Dra. Cavalcante,2022-05-19,2026-09-23,482272.0,6ª Vara Criminal de Recife,Aguardando documentos
2332,1614850-25.2020.8.85.3161,1102,Trabalhista,Acordo Extrajudicial,Suspenso,Dra. Fontes,2020-12-01,2026-03-27,170677.0,6ª Vara Trabalhista de Recife,Sem observações
2333,6686912-30.2025.4.68.7078,179,Trabalhista,Sentença,Ativo,Dra. Fontes,2021-01-22,Sem prazo delimitado,347428.0,2ª Vara Criminal de Recife,Sem observações
2334,5472823-70.2022.4.41.7624,698,Trabalhista,Inicial,Acordo,Dra. Fontes,2025-10-10,2026-10-12,412047.0,1ª Vara Trabalhista de Recife,Sem observações
2335,9302979-43.2025.9.68.7487,1109,Civil,Execução,Em recurso,Dra. Cavalcante,2023-11-15,Sem prazo delimitado,Sem valor,20ª Vara Criminal de Recife,Sem observações
2336,9398629-61.2022.5.88.8253,813,Civil,Acordo Extrajudicial,Ativo,Dra. Cavalcante,2023-02-21,2026-11-28,140410.0,7ª Vara Cível de Recife,Sem observações
2337,1742202-63.2023.6.68.9372,817,Trabalhista,Inicial,Acordo,Dra. Cavalcante,2023-05-25,2026-04-18,Sem valor,5ª Vara Trabalhista de Recife,Sem observações
2338,6416661-36.2021.8.21.8496,1116,Civil,Arquivado,Acordo,Dr. Barros,2020-12-13,2025-04-10,231996.0,9ª Vara Criminal de Recife,Sem observações
2339,2129757-49.2025.4.14.5657,1136,Civil,Inicial,Encerrado,Dr. Barros,2025-02-12,2025-04-14,214614.0,6ª Vara Cível de Recife,Sem observações
2340,1628717-84.2025.8.67.8313,556,Trabalhista,Sentença,Encerrado,Dr. Melo,2020-12-07,2025-03-13,486286.0,9ª Vara Cível de Recife,Sem observações
2341,5266269-78.2021.7.59.1392,732,Civil,Arquivado,Acordo,Dra. Cavalcante,2025-12-15,2025-10-20,428870.0,6ª Vara Trabalhista de Recife,Sem observações
2342,3785792-10.2020.5.78.7940,938,Trabalhista,Instrução,Suspenso,Dra. Fontes,2025-11-19,2026-08-07,166846.0,5ª Vara Cível de Recife,Sem observações
2343,5514997-95.2024.1.84.8098,577,Trabalhista,Acordo Extrajudicial,Acordo,Dra. Cavalcante,2020-10-27,2025-03-20,152624.0,9ª Vara Cível de Recife,Sem observações
2344,5159882-37.2022.9.71.7550,571,Trabalhista,Recurso,Ativo,Dra. Cavalcante,2024-11-23,2025-11-16,264320.0,19ª Vara Trabalhista de Recife,Sem observações
2345,6935346-77.2024.3.52.9529,235,Trabalhista,Sentença,Ativo,Dr. Melo,2023-04-05,2026-03-03,75097.0,15ª Vara Cível de Recife,Sem observações
2346,7223110-52.2024.2.44.8994,596,Civil,Audiência,Ativo,Dr. Melo,2021-10-29,2025-09-30,474972.0,10ª Vara Trabalhista de Recife,Sem observações
2347,8986773-71.2022.6.45.5854,1237,Civil,Instrução,Encerrado,Dr. Melo,2021-07-25,2025-02-15,264043.0,20ª Vara Trabalhista de Recife,Sem observações
2348,8714773-70.2022.9.65.8541,647,Trabalhista,Arquivado,Encerrado,Dra. Cavalcante,2023-02-22,2026-03-09,426742.0,8ª Vara Trabalhista de Recife,Aguardando documentos
2349,2112478-55.2024.2.51.9095,212,Civil,Inicial,Encerrado,Dr. Melo,2022-05-20,2025-05-26,394496.0,5ª Vara Criminal de Recife,Sem observações
2350,2545435-52.2025.3.59.7623,588,Civil,Arquivado,Suspenso,Dr. Melo,2021-01-24,Sem prazo delimitado,274322.0,11ª Vara Criminal de Recife,Sem observações
2351,3054975-46.2023.4.85.5879,1266,Trabalhista,Instrução,Em recurso,Dra. Cavalcante,2023-04-14,2025-02-28,286505.0,14ª Vara Trabalhista de Recife,Sem observações
2352,3679963-72.2020.9.29.7859,937,Civil,Acordo Extrajudicial,Ativo,Dra. Cavalcante,2026-01-16,2025-09-19,23812.0,7ª Vara Trabalhista de Recife,Sem observações
2353,8168054-14.2024.6.50.1232,230,Trabalhista,Inicial,Em recurso,Dr. Melo,2021-05-30,2026-09-15,386710.0,19ª Vara Trabalhista de Recife,Sem observações
2354,3542616-60.2022.3.87.6536,205,Trabalhista,Audiência,Suspenso,Dra. Cavalcante,2023-10-11,2026-01-01,95627.0,4ª Vara Trabalhista de Recife,Sem observações
2355,7599278-46.2021.4.96.3535,661,Trabalhista,Instrução,Em recurso,Dr. Melo,2026-02-13,2026-10-24,112282.0,5ª Vara Criminal de Recife,Sem observações
2356,1714231-74.2025.9.71.1697,1101,Trabalhista,Execução,Em recurso,Dra. Cavalcante,2022-12-31,2026-12-14,Sem valor,3ª Vara Trabalhista de Recife,Sem observações
2357,6524227-53.2025.1.97.6214,248,Civil,Arquivado,Encerrado,Dr. Melo,2026-03-15,2025-07-02,263800.0,4ª Vara Trabalhista de Recife,Sem observações
2358,6524227-53.2025.1.97.6214,528,Civil,Audiência,Ativo,Dra. Fontes,2023-08-27,2026-09-06,122259.0,4ª Vara Cível de Recife,Sem observações
2359,5901155-82.2023.2.89.7717,153,Civil,Execução,Suspenso,Dra. Fontes,2024-10-04,2026-02-02,Sem valor,3ª Vara Trabalhista de Recife,Sem observações
2360,8125196-18.2023.1.53.1215,566,Civil,Inicial,Acordo,Dr. Barros,2020-10-11,2025-10-26,9904.0,20ª Vara Criminal de Recife,Sem observações
2361,5953905-94.2022.5.44.3245,926,Trabalhista,Arquivado,Ativo,Dra. Fontes,2020-09-09,Sem prazo delimitado,488090.0,8ª Vara Cível de Recife,Aguardando documentos
2362,3766710-17.2025.4.91.1472,878,Civil,Audiência,Acordo,Dra. Fontes,2021-03-30,2026-11-21,207648.0,11ª Vara Trabalhista de Recife,Sem observações
2363,3585301-47.2021.7.73.3469,489,Civil,Instrução,Ativo,Dr. Barros,2021-07-31,2026-11-28,6116.0,16ª Vara Cível de Recife,Sem observações
2364,4507711-38.2024.2.34.4732,1222,Trabalhista,Execução,Ativo,Dr. Barros,2025-12-06,2025-09-12,106594.0,6ª Vara Criminal de Recife,Sem observações
2365,2292432-35.2025.5.83.7063,506,Civil,Audiência,Em recurso,Dra. Fontes,2023-06-14,2025-01-05,449439.0,20ª Vara Cível de Recife,Sem observações
2366,3679963-72.2020.9.29.7859,331,Trabalhista,Instrução,Ativo,Dr. Barros,2023-09-12,2026-01-12,Sem valor,10ª Vara Trabalhista de Recife,Sem observações
2367,3724721-44.2021.9.75.5553,788,Civil,Recurso,Acordo,Dra. Cavalcante,2022-08-09,2026-06-20,86400.0,5ª Vara Cível de Recife,Sem observações
2368,1101935-78.2023.5.88.5299,91,Civil,Recurso,Encerrado,Dr. Melo,2022-11-10,2025-08-17,226394.0,20ª Vara Cível de Recife,Sem observações
2369,9057960-29.2025.5.10.6072,1199,Trabalhista,Execução,Acordo,Dra. Fontes,2023-12-24,2026-01-04,427402.0,18ª Vara Trabalhista de Recife,Sem observações
2370,3306375-34.2024.9.48.9154,739,Trabalhista,Instrução,Suspenso,Dr. Melo,2021-12-24,2026-02-27,154221.0,16ª Vara Cível de Recife,Sem observações
2371,8286382-50.2025.4.53.4414,1489,Civil,Instrução,Ativo,Dra. Cavalcante,2022-12-14,2025-08-21,238529.0,4ª Vara Criminal de Recife,Sem observações
2372,2575202-50.2023.1.54.9627,636,Trabalhista,Execução,Ativo,Dra. Cavalcante,2025-05-01,2025-02-01,Sem valor,16ª Vara Criminal de Recife,Sem observações
2373,5826200-20.2025.1.91.8748,1049,Trabalhista,Execução,Suspenso,Dr. Melo,2021-11-29,2025-01-05,175901.0,18ª Vara Criminal de Recife,Sem observações
2374,8168054-14.2024.6.50.1232,238,Civil,Execução,Suspenso,Dra. Fontes,2023-06-16,2026-01-19,210277.0,17ª Vara Cível de Recife,Sem observações
2375,2842764-33.2025.7.99.7279,962,Civil,Inicial,Ativo,Dra. Fontes,2021-02-11,2026-10-04,Sem valor,4ª Vara Criminal de Recife,Sem observações
2376,3879233-61.2024.5.30.1494,449,Civil,Recurso,Ativo,Dra. Cavalcante,2024-12-25,2026-09-27,Sem valor,9ª Vara Trabalhista de Recife,Sem observações
2377,6836135-90.2022.9.37.5643,65,Civil,Sentença,Ativo,Dra. Fontes,2022-12-08,2026-07-01,332454.0,6ª Vara Cível de Recife,Sem observações
2378,5614769-67.2022.9.87.1001,1253,Trabalhista,Sentença,Ativo,Dr. Melo,2024-03-02,2026-07-19,483810.0,5ª Vara Cível de Recife,Sem observações
2379,2100417-68.2021.7.29.9662,659,Trabalhista,Sentença,Acordo,Dra. Fontes,2021-03-29,2026-06-01,346808.0,1ª Vara Criminal de Recife,Sem observações
2380,1438459-62.2020.7.78.3410,442,Trabalhista,Inicial,Suspenso,Dr. Melo,2020-10-31,2026-09-16,Sem valor,7ª Vara Cível de Recife,Sem observações
2381,5732779-86.2025.4.28.7831,1330,Trabalhista,Sentença,Encerrado,Dr. Barros,2020-10-16,2026-12-09,Sem valor,16ª Vara Trabalhista de Recife,Sem observações
2382,5947618-28.2023.6.53.6118,105,Trabalhista,Recurso,Ativo,Dr. Melo,2024-08-22,2026-06-13,Sem valor,15ª Vara Trabalhista de Recife,Sem observações
2383,1735592-50.2022.9.87.5612,41,Trabalhista,Arquivado,Ativo,Dra. Cavalcante,2023-09-21,2025-06-07,339866.0,6ª Vara Trabalhista de Recife,Sem observações
2384,2675642-32.2022.8.65.5499,119,Trabalhista,Instrução,Ativo,Dr. Melo,2020-01-01,2026-07-29,19707.0,3ª Vara Trabalhista de Recife,Sem observações
2385,5271615-59.2021.2.54.6844,1205,Trabalhista,Execução,Acordo,Dra. Fontes,2023-10-19,Sem prazo delimitado,15641.0,9ª Vara Criminal de Recife,Sem observações
2386,2884639-86.2023.2.31.8737,1418,Trabalhista,Sentença,Encerrado,Dra. Cavalcante,2023-05-08,2025-10-22,448756.0,6ª Vara Trabalhista de Recife,Aguardando documentos
2387,9573194-21.2022.1.35.8352,282,Civil,Inicial,Ativo,Dr. Barros,2021-10-04,2025-07-03,473606.0,7ª Vara Cível de Recife,Sem observações
2388,3418432-84.2025.3.59.5858,889,Trabalhista,Audiência,Ativo,Dra. Cavalcante,2021-05-06,2025-07-30,Sem valor,16ª Vara Cível de Recife,Aguardando documentos
2389,8986773-71.2022.6.45.5854,1000,Trabalhista,Inicial,Encerrado,Dra. Fontes,2026-04-15,2026-01-29,492359.0,10ª Vara Cível de Recife,Sem observações
2390,1185885-59.2023.7.19.8433,181,Trabalhista,Inicial,Ativo,Dr. Melo,2021-02-02,2025-10-15,148349.0,8ª Vara Cível de Recife,Sem observações
2391,3542616-60.2022.3.87.6536,300,Trabalhista,Audiência,Acordo,Dra. Cavalcante,2024-07-01,2025-10-25,46378.0,5ª Vara Trabalhista de Recife,Aguardando documentos
2392,9804642-71.2024.4.76.5486,1160,Trabalhista,Recurso,Suspenso,Dra. Cavalcante,2023-05-09,2025-06-28,Sem valor,14ª Vara Cível de Recife,Aguardando documentos
2393,7999133-20.2023.7.26.1121,1251,Civil,Execução,Acordo,Dr. Barros,2024-12-03,Sem prazo delimitado,47269.0,19ª Vara Criminal de Recife,Sem observações
2394,5967836-10.2021.4.35.9671,677,Trabalhista,Execução,Encerrado,Dra. Fontes,2022-11-17,2026-10-26,346927.0,15ª Vara Criminal de Recife,Sem observações
2395,8843195-99.2024.6.39.2836,1221,Trabalhista,Recurso,Ativo,Dr. Barros,2020-08-27,2026-01-05,Sem valor,2ª Vara Criminal de Recife,Aguardando documentos
2396,1754781-28.2025.6.89.2162,1140,Civil,Instrução,Ativo,Dra. Cavalcante,2025-10-09,2026-02-23,43119.0,16ª Vara Criminal de Recife,Sem observações
2397,1833330-93.2025.8.61.3405,227,Civil,Inicial,Ativo,Dra. Fontes,2025-09-14,2025-02-10,138833.0,12ª Vara Trabalhista de Recife,Sem observações
2398,7115217-41.2025.1.67.7692,184,Civil,Instrução,Encerrado,Dra. Cavalcante,2020-12-20,Sem prazo delimitado,364802.0,12ª Vara Criminal de Recife,Aguardando documentos
2399,7749444-78.2021.1.20.8763,146,Civil,Instrução,Ativo,Dra. Cavalcante,2023-05-13,2025-06-26,Sem valor,10ª Vara Criminal de Recife,Sem observações
2400,5144296-22.2022.4.87.9648,632,Trabalhista,Sentença,Ativo,Dra. Fontes,2021-10-17,2026-01-13,418683.0,9ª Vara Criminal de Recife,Sem observações
2401,5991409-16.2021.8.44.1303,589,Trabalhista,Acordo Extrajudicial,Encerrado,Dr. Melo,2022-04-02,2026-03-03,383672.0,16ª Vara Trabalhista de Recife,Sem observações
2402,2236315-26.2022.5.82.8939,200,Trabalhista,Recurso,Ativo,Dra. Cavalcante,2025-05-02,2025-11-23,497493.0,3ª Vara Criminal de Recife,Sem observações
2403,7141324-67.2025.3.86.3413,562,Trabalhista,Acordo Extrajudicial,Ativo,Dr. Melo,2022-12-20,2026-03-18,313093.0,17ª Vara Criminal de Recife,Sem observações
2404,7848147-32.2021.6.58.3528,97,Trabalhista,Audiência,Ativo,Dr. Melo,2024-01-28,2026-07-03,80548.0,15ª Vara Trabalhista de Recife,Sem observações
2405,8125196-18.2023.1.53.1215,1467,Trabalhista,Sentença,Ativo,Dra. Fontes,2024-08-03,2026-08-25,Sem valor,6ª Vara Criminal de Recife,Aguardando documentos
2406,7082985-88.2022.2.94.6058,440,Trabalhista,Inicial,Encerrado,Dra. Fontes,2024-01-17,2025-09-06,Sem valor,20ª Vara Trabalhista de Recife,Aguardando documentos
2407,3306375-34.2024.9.48.9154,1070,Trabalhista,Execução,Suspenso,Dra. Fontes,2021-11-23,2025-02-03,392082.0,13ª Vara Cível de Recife,Aguardando documentos
2408,3248366-98.2020.5.11.6279,1291,Civil,Recurso,Encerrado,Dra. Cavalcante,2021-08-19,Sem prazo delimitado,431093.0,2ª Vara Trabalhista de Recife,Sem observações
2409,4064382-39.2022.4.13.8937,195,Civil,Recurso,Encerrado,Dra. Cavalcante,2023-12-05,2026-06-29,461138.0,10ª Vara Trabalhista de Recife,Sem observações
2410,1735592-50.2022.9.87.5612,51,Trabalhista,Instrução,Acordo,Dr. Melo,2024-07-15,2025-04-04,Sem valor,4ª Vara Trabalhista de Recife,Sem observações
2411,9898363-27.2020.4.89.2966,128,Trabalhista,Inicial,Ativo,Dra. Fontes,2022-11-19,2026-03-28,66218.0,13ª Vara Cível de Recife,Sem observações
2412,1887163-62.2025.9.93.1037,1026,Trabalhista,Arquivado,Ativo,Dra. Cavalcante,2020-01-27,2026-07-27,32331.0,5ª Vara Trabalhista de Recife,Sem observações
2413,1098476-20.2021.1.47.3336,978,Trabalhista,Acordo Extrajudicial,Ativo,Dr. Melo,2025-07-03,2026-01-24,Sem valor,9ª Vara Criminal de Recife,Sem observações
2414,2824928-33.2020.1.90.6467,1427,Civil,Audiência,Ativo,Dra. Cavalcante,2020-05-26,Sem prazo delimitado,402863.0,10ª Vara Criminal de Recife,Sem observações
2415,6254488-31.2024.9.48.3216,139,Trabalhista,Instrução,Ativo,Dr. Barros,2021-08-08,2026-10-09,Sem valor,2ª Vara Criminal de Recife,Sem observações
2416,7820540-78.2023.1.75.4823,1035,Trabalhista,Sentença,Ativo,Dra. Fontes,2020-04-20,2026-03-24,498279.0,3ª Vara Cível de Recife,Sem observações
2417,3679963-72.2020.9.29.7859,1364,Civil,Arquivado,Ativo,Dra. Cavalcante,2022-05-05,2025-03-04,Sem valor,12ª Vara Criminal de Recife,Sem observações
2418,8936104-83.2022.1.39.7934,236,Trabalhista,Inicial,Ativo,Dra. Fontes,2023-08-11,2025-03-24,91658.0,14ª Vara Trabalhista de Recife,Sem observações
2419,1869144-23.2023.5.84.3325,131,Trabalhista,Audiência,Ativo,Dra. Cavalcante,2025-09-09,2026-01-20,Sem valor,7ª Vara Trabalhista de Recife,Sem observações
2420,7633905-83.2022.9.95.2309,232,Civil,Instrução,Acordo,Dr. Melo,2026-03-16,Sem prazo delimitado,463666.0,10ª Vara Criminal de Recife,Sem observações
2421,3306375-34.2024.9.48.9154,1324,Trabalhista,Instrução,Encerrado,Dra. Cavalcante,2023-12-03,2026-11-08,499469.0,10ª Vara Cível de Recife,Sem observações
2422,8215015-64.2021.5.32.1893,328,Trabalhista,Recurso,Encerrado,Dra. Cavalcante,2022-05-19,2025-07-31,25404.0,17ª Vara Criminal de Recife,Sem observações
2423,9168044-67.2022.1.26.3054,1422,Trabalhista,Acordo Extrajudicial,Ativo,Dra. Fontes,2025-05-03,2026-08-12,314485.0,5ª Vara Cível de Recife,Sem observações
2424,4064382-39.2022.4.13.8937,692,Trabalhista,Recurso,Acordo,Dr. Melo,2025-07-21,2026-08-22,106358.0,11ª Vara Trabalhista de Recife,Sem observações
2425,8215015-64.2021.5.32.1893,277,Civil,Execução,Ativo,Dr. Melo,2021-05-28,2025-12-16,Sem valor,5ª Vara Trabalhista de Recife,Sem observações
2426,1445483-93.2023.1.61.7357,884,Trabalhista,Recurso,Encerrado,Dra. Fontes,2022-05-24,Sem prazo delimitado,474786.0,3ª Vara Cível de Recife,Aguardando documentos
2427,3248366-98.2020.5.11.6279,1433,Trabalhista,Recurso,Ativo,Dr. Barros,2024-09-18,2026-06-12,115782.0,5ª Vara Cível de Recife,Sem observações
2428,9666878-83.2023.6.29.9905,157,Civil,Recurso,Encerrado,Dr. Melo,2020-07-19,2026-08-22,113323.0,17ª Vara Criminal de Recife,Sem observações
2429,9686751-57.2022.7.62.3494,1291,Civil,Inicial,Ativo,Dr. Barros,2025-09-20,2026-08-01,353069.0,9ª Vara Cível de Recife,Sem observações
2430,3054975-46.2023.4.85.5879,651,Trabalhista,Audiência,Ativo,Dra. Fontes,2025-09-01,2025-09-01,Sem valor,17ª Vara Cível de Recife,Sem observações
2431,7626521-25.2020.9.17.3305,1140,Civil,Sentença,Encerrado,Dr. Melo,2023-02-18,2025-09-25,Sem valor,17ª Vara Trabalhista de Recife,Sem observações
2432,3376786-12.2020.7.64.5093,1486,Trabalhista,Inicial,Suspenso,Dra. Fontes,2021-08-17,2026-12-05,422368.0,18ª Vara Criminal de Recife,Sem observações
2433,4415624-13.2024.9.14.9480,186,Trabalhista,Recurso,Acordo,Dr. Barros,2024-07-03,2026-11-21,Sem valor,17ª Vara Criminal de Recife,Sem observações
2434,4938178-62.2020.7.27.6072,111,Civil,Audiência,Ativo,Dr. Melo,2023-02-09,2026-03-08,446870.0,7ª Vara Cível de Recife,Sem observações
2435,7948577-74.2025.1.60.7583,1398,Civil,Instrução,Ativo,Dra. Cavalcante,2025-04-25,2026-08-31,157767.0,13ª Vara Trabalhista de Recife,Sem observações
2436,9076234-78.2023.3.90.2702,550,Civil,Acordo Extrajudicial,Ativo,Dra. Cavalcante,2021-05-18,Sem prazo delimitado,66006.0,6ª Vara Criminal de Recife,Sem observações
2437,6425355-10.2021.6.53.2041,696,Civil,Audiência,Ativo,Dr. Barros,2025-04-11,2025-12-27,414803.0,20ª Vara Criminal de Recife,Sem observações
2438,5289264-48.2020.4.41.6347,440,Civil,Execução,Ativo,Dr. Melo,2025-12-26,2026-11-27,Sem valor,11ª Vara Trabalhista de Recife,Aguardando documentos
2439,5850223-43.2020.3.81.3185,904,Civil,Arquivado,Encerrado,Dr. Barros,2022-05-24,2026-05-09,Sem valor,2ª Vara Cível de Recife,Sem observações
2440,5991409-16.2021.8.44.1303,1262,Trabalhista,Execução,Ativo,Dra. Fontes,2024-01-10,2025-09-14,Sem valor,11ª Vara Trabalhista de Recife,Sem observações
2441,9573194-21.2022.1.35.8352,226,Trabalhista,Execução,Em recurso,Dra. Fontes,2022-07-20,2026-04-27,Sem valor,4ª Vara Criminal de Recife,Sem observações
2442,8286828-70.2022.9.31.8012,481,Civil,Arquivado,Acordo,Dr. Barros,2021-05-23,2025-02-19,447788.0,7ª Vara Cível de Recife,Sem observações
2443,9686751-57.2022.7.62.3494,95,Trabalhista,Acordo Extrajudicial,Ativo,Dra. Cavalcante,2025-04-24,2026-07-16,444902.0,1ª Vara Criminal de Recife,Aguardando documentos
2444,7765112-69.2024.9.62.5648,185,Trabalhista,Acordo Extrajudicial,Ativo,Dr. Barros,2021-11-05,2025-07-11,53165.0,15ª Vara Criminal de Recife,Sem observações
2445,4180949-86.2020.3.26.7593,1126,Civil,Acordo Extrajudicial,Encerrado,Dr. Barros,2020-11-21,2025-04-16,146882.0,15ª Vara Trabalhista de Recife,Aguardando documentos
2446,9057219-99.2020.9.96.3254,554,Civil,Arquivado,Em recurso,Dr. Melo,2022-08-12,2025-04-17,171378.0,8ª Vara Trabalhista de Recife,Sem observações
2447,2411026-52.2022.6.26.7373,944,Civil,Sentença,Encerrado,Dra. Fontes,2025-01-10,2026-11-22,110955.0,3ª Vara Cível de Recife,Sem observações
2448,3542616-60.2022.3.87.6536,869,Civil,Sentença,Ativo,Dra. Cavalcante,2021-03-16,2025-04-10,Sem valor,1ª Vara Trabalhista de Recife,Aguardando documentos
2449,7243958-65.2020.5.25.5047,513,Civil,Instrução,Ativo,Dr. Barros,2022-06-06,2025-07-19,300425.0,8ª Vara Cível de Recife,Sem observações
2450,1757615-27.2025.7.10.3762,926,Civil,Execução,Ativo,Dr. Melo,2020-02-06,2025-10-17,Sem valor,15ª Vara Trabalhista de Recife,Aguardando documentos
2451,1101935-78.2023.5.88.5299,142,Trabalhista,Arquivado,Encerrado,Dr. Barros,2024-12-16,2026-08-19,357929.0,2ª Vara Criminal de Recife,Sem observações
2452,7951127-89.2024.1.63.3502,1192,Trabalhista,Sentença,Ativo,Dra. Fontes,2020-08-03,2026-08-14,371766.0,4ª Vara Cível de Recife,Sem observações
2453,7722274-26.2024.9.14.7062,575,Civil,Instrução,Ativo,Dra. Fontes,2023-01-10,2025-06-03,154898.0,14ª Vara Criminal de Recife,Sem observações
2454,2016341-89.2023.7.48.2724,1483,Trabalhista,Inicial,Suspenso,Dra. Cavalcante,2024-05-02,2026-01-27,440073.0,12ª Vara Criminal de Recife,Sem observações
2455,1273300-90.2024.2.80.7378,982,Trabalhista,Inicial,Acordo,Dr. Melo,2021-06-06,2026-07-08,Sem valor,10ª Vara Cível de Recife,Sem observações
2456,5753123-52.2021.4.48.4042,583,Trabalhista,Instrução,Em recurso,Dr. Melo,2022-04-10,2026-04-18,285724.0,19ª Vara Trabalhista de Recife,Sem observações
2457,6779292-61.2021.4.86.2783,859,Trabalhista,Audiência,Ativo,Dra. Fontes,2022-08-15,2025-11-19,11245.0,11ª Vara Criminal de Recife,Aguardando documentos
2458,4961530-22.2021.4.22.6290,1298,Civil,Inicial,Ativo,Dr. Barros,2021-12-27,2025-03-06,23592.0,7ª Vara Trabalhista de Recife,Sem observações
2459,8368372-34.2020.6.43.9691,122,Civil,Inicial,Encerrado,Dr. Melo,2024-02-08,2025-01-06,176241.0,15ª Vara Criminal de Recife,Sem observações
2460,1353022-94.2023.9.79.1203,359,Civil,Sentença,Ativo,Dr. Barros,2023-12-05,2026-08-30,334283.0,17ª Vara Trabalhista de Recife,Sem observações
2461,5788467-41.2023.8.93.8134,996,Civil,Recurso,Ativo,Dra. Cavalcante,2024-07-27,2026-01-27,201412.0,6ª Vara Cível de Recife,Sem observações
2462,1833330-93.2025.8.61.3405,460,Trabalhista,Inicial,Suspenso,Dra. Cavalcante,2020-11-15,Sem prazo delimitado,465357.0,7ª Vara Criminal de Recife,Sem observações
2463,2554938-48.2024.1.13.4544,1397,Trabalhista,Instrução,Suspenso,Dra. Cavalcante,2023-05-03,2026-05-22,57363.0,13ª Vara Cível de Recife,Sem observações
2464,3376786-12.2020.7.64.5093,173,Trabalhista,Instrução,Ativo,Dr. Barros,2020-01-01,2026-06-05,419422.0,8ª Vara Criminal de Recife,Sem observações
2465,8886588-26.2020.9.65.6361,1458,Trabalhista,Acordo Extrajudicial,Acordo,Dra. Cavalcante,2026-09-01,2026-05-13,353424.0,12ª Vara Trabalhista de Recife,Sem observações
2466,3734843-61.2021.3.94.2954,1499,Trabalhista,Inicial,Encerrado,Dra. Fontes,2020-11-16,2025-04-23,358509.0,14ª Vara Trabalhista de Recife,Aguardando documentos
2467,7065068-16.2021.7.14.6489,780,Trabalhista,Inicial,Suspenso,Dr. Melo,2026-02-18,2025-06-30,197981.0,5ª Vara Trabalhista de Recife,Aguardando documentos
2468,5472823-70.2022.4.41.7624,1440,Civil,Arquivado,Suspenso,Dra. Cavalcante,2023-07-12,2026-04-21,228157.0,15ª Vara Criminal de Recife,Sem observações
2469,1878000-50.2025.7.58.1197,1445,Civil,Inicial,Ativo,Dra. Fontes,2023-11-27,2026-07-04,135060.0,19ª Vara Trabalhista de Recife,Sem observações
2470,8677980-28.2024.9.94.6552,939,Civil,Arquivado,Em recurso,Dr. Barros,2026-02-22,2026-07-19,306131.0,5ª Vara Criminal de Recife,Aguardando documentos
2471,7948577-74.2025.1.60.7583,592,Civil,Sentença,Ativo,Dr. Melo,2024-10-07,2026-03-15,139048.0,4ª Vara Trabalhista de Recife,Sem observações
2472,2461262-96.2021.6.48.1315,1337,Trabalhista,Execução,Suspenso,Dra. Cavalcante,2025-10-24,2025-01-19,343104.0,18ª Vara Cível de Recife,Sem observações
2473,3667022-35.2020.9.76.3115,73,Trabalhista,Execução,Ativo,Dr. Barros,2025-03-03,2026-11-05,94261.0,8ª Vara Cível de Recife,Sem observações
2474,8607512-63.2021.6.82.1039,462,Civil,Recurso,Em recurso,Dr. Melo,2020-03-26,2025-05-22,272325.0,4ª Vara Cível de Recife,Aguardando documentos
2475,9252661-70.2020.1.46.1185,103,Trabalhista,Inicial,Ativo,Dr. Barros,2024-01-27,2025-12-13,32157.0,14ª Vara Trabalhista de Recife,Aguardando documentos
2476,3242098-97.2025.4.44.9916,747,Civil,Execução,Encerrado,Dra. Fontes,2022-09-25,2025-12-20,399447.0,1ª Vara Criminal de Recife,Sem observações
2477,2191287-57.2021.1.18.8228,656,Civil,Sentença,Ativo,Dra. Cavalcante,2025-11-25,2025-04-11,154366.0,5ª Vara Cível de Recife,Sem observações
2478,1974389-81.2024.5.57.9354,485,Civil,Acordo Extrajudicial,Suspenso,Dra. Cavalcante,2023-04-27,2026-09-07,150880.0,1ª Vara Criminal de Recife,Sem observações
2479,1116024-57.2025.8.16.4043,905,Trabalhista,Instrução,Encerrado,Dr. Melo,2024-11-13,2026-07-21,12022.0,12ª Vara Cível de Recife,Sem observações
2480,5274951-77.2021.1.76.5120,247,Trabalhista,Recurso,Acordo,Dr. Barros,2021-07-03,2026-03-21,Sem valor,14ª Vara Cível de Recife,Sem observações
2481,2490107-19.2023.9.10.7930,1393,Trabalhista,Recurso,Acordo,Dra. Fontes,2023-02-08,2025-11-02,Sem valor,11ª Vara Criminal de Recife,Sem observações
2482,8936104-83.2022.1.39.7934,586,Civil,Acordo Extrajudicial,Encerrado,Dr. Barros,2022-12-05,2025-05-30,327737.0,16ª Vara Trabalhista de Recife,Sem observações
2483,2267110-24.2021.5.78.6025,208,Civil,Audiência,Encerrado,Dr. Barros,2024-08-31,2025-11-20,213381.0,12ª Vara Trabalhista de Recife,Sem observações
2484,9408522-77.2021.3.36.8376,235,Civil,Inicial,Ativo,Dra. Cavalcante,2024-09-26,2026-02-23,123213.0,19ª Vara Criminal de Recife,Sem observações
2485,5614769-67.2022.9.87.1001,465,Civil,Arquivado,Acordo,Dra. Fontes,2021-12-06,2025-11-20,378929.0,20ª Vara Trabalhista de Recife,Sem observações
2486,2837371-36.2022.7.88.5428,1292,Civil,Recurso,Acordo,Dra. Fontes,2022-07-03,2026-01-03,Sem valor,13ª Vara Criminal de Recife,Sem observações
2487,2753004-76.2021.8.83.9874,440,Trabalhista,Inicial,Acordo,Dra. Cavalcante,2022-04-19,2026-07-15,352719.0,20ª Vara Criminal de Recife,Sem observações
2488,6101036-60.2022.7.49.3295,1306,Trabalhista,Instrução,Ativo,Dr. Barros,2025-09-25,2026-01-27,452276.0,15ª Vara Trabalhista de Recife,Sem observações
2489,5967836-10.2021.4.35.9671,53,Trabalhista,Sentença,Em recurso,Dra. Fontes,2023-05-03,2026-03-18,56637.0,15ª Vara Cível de Recife,Sem observações
2490,6036037-32.2025.3.53.7515,690,Trabalhista,Recurso,Ativo,Dra. Fontes,2020-08-16,2026-11-28,Sem valor,7ª Vara Trabalhista de Recife,Sem observações
2491,8183950-10.2021.5.84.9388,914,Civil,Acordo Extrajudicial,Ativo,Dr. Melo,2024-06-11,2026-12-11,138771.0,13ª Vara Cível de Recife,Aguardando documentos
2492,8129073-22.2024.4.16.9656,261,Civil,Audiência,Em recurso,Dr. Melo,2025-11-01,2026-07-12,230696.0,14ª Vara Cível de Recife,Sem observações
2493,2480014-80.2024.2.29.9847,1304,Civil,Acordo Extrajudicial,Encerrado,Dra. Cavalcante,2025-01-10,2026-07-30,Sem valor,8ª Vara Criminal de Recife,Sem observações
2494,5966644-82.2023.4.88.9951,238,Trabalhista,Acordo Extrajudicial,Ativo,Dr. Barros,2020-02-08,2025-12-09,50434.0,2ª Vara Trabalhista de Recife,Sem observações
2495,5518767-82.2023.4.96.9873,1413,Civil,Arquivado,Suspenso,Dra. Cavalcante,2020-12-20,Sem prazo delimitado,Sem valor,17ª Vara Trabalhista de Recife,Sem observações
2496,9110060-16.2025.2.29.4716,1419,Civil,Execução,Ativo,Dr. Melo,2023-02-01,2026-03-02,338409.0,1ª Vara Trabalhista de Recife,Sem observações
2497,4824419-32.2024.5.47.3265,582,Trabalhista,Instrução,Ativo,Dr. Barros,2020-02-22,2026-12-06,Sem valor,19ª Vara Criminal de Recife,Aguardando documentos
2498,8183950-10.2021.5.84.9388,993,Civil,Inicial,Ativo,Dr. Melo,2021-11-24,2026-08-28,438490.0,19ª Vara Criminal de Recife,Sem observações
2499,7599278-46.2021.4.96.3535,1371,Civil,Audiência,Acordo,Dr. Melo,2026-01-26,2026-09-25,234456.0,4ª Vara Criminal de Recife,Aguardando documentos
2500,7486138-99.2020.5.81.4332,661,Trabalhista,Execução,Suspenso,Dra. Cavalcante,2023-12-15,2026-01-04,Sem valor,8ª Vara Trabalhista de Recife,Sem observações
2501,2490107-19.2023.9.10.7930,735,Trabalhista,Arquivado,Encerrado,Dra. Cavalcante,2022-11-03,2026-09-25,246511.0,18ª Vara Trabalhista de Recife,Sem observações
2502,5700249-43.2020.5.57.9341,1289,Trabalhista,Acordo Extrajudicial,Ativo,Dra. Cavalcante,2020-11-06,2026-10-10,359766.0,7ª Vara Cível de Recife,Sem observações
2503,5967836-10.2021.4.35.9671,315,Trabalhista,Arquivado,Suspenso,Dra. Cavalcante,2022-01-24,2025-02-09,130461.0,1ª Vara Trabalhista de Recife,Sem observações
2504,3750497-13.2024.6.65.9009,1264,Civil,Arquivado,Suspenso,Dra. Fontes,2020-11-01,2025-07-11,Sem valor,5ª Vara Trabalhista de Recife,Sem observações
2505,1411065-96.2022.9.64.8271,635,Trabalhista,Inicial,Ativo,Dra. Cavalcante,2025-10-04,2026-08-22,Sem valor,18ª Vara Criminal de Recife,Sem observações
2506,3576390-15.2021.2.82.8209,627,Trabalhista,Recurso,Acordo,Dra. Cavalcante,2023-11-02,2026-11-02,218119.0,14ª Vara Cível de Recife,Sem observações
2507,8735892-74.2025.8.18.9411,39,Trabalhista,Inicial,Ativo,Dra. Cavalcante,2020-11-18,2026-03-12,104581.0,16ª Vara Cível de Recife,Sem observações
2508,1933296-95.2024.5.69.8317,580,Trabalhista,Instrução,Ativo,Dr. Melo,2024-10-08,2025-02-13,396475.0,2ª Vara Trabalhista de Recife,Sem observações
2509,6267378-50.2021.9.19.9923,1473,Trabalhista,Execução,Ativo,Dr. Melo,2021-07-13,2026-07-22,482691.0,17ª Vara Criminal de Recife,Sem observações
2510,7840442-26.2025.9.53.5093,457,Civil,Execução,Suspenso,Dra. Cavalcante,2022-10-06,2026-05-23,425783.0,13ª Vara Trabalhista de Recife,Sem observações
2511,8368372-34.2020.6.43.9691,818,Civil,Inicial,Suspenso,Dra. Fontes,2020-04-17,2025-08-02,264058.0,9ª Vara Cível de Recife,Sem observações
2512,9060164-41.2020.5.36.2381,700,Civil,Audiência,Ativo,Dr. Barros,2025-01-21,Sem prazo delimitado,181716.0,6ª Vara Criminal de Recife,Sem observações
2513,2753004-76.2021.8.83.9874,1298,Trabalhista,Sentença,Encerrado,Dr. Melo,2021-03-02,Sem prazo delimitado,28486.0,15ª Vara Criminal de Recife,Aguardando documentos
2514,2016341-89.2023.7.48.2724,541,Civil,Arquivado,Ativo,Dra. Cavalcante,2020-07-21,2025-01-30,497630.0,13ª Vara Trabalhista de Recife,Sem observações
2515,7486029-45.2024.4.25.3159,868,Civil,Sentença,Ativo,Dr. Melo,2025-05-16,Sem prazo delimitado,398334.0,17ª Vara Criminal de Recife,Sem observações
2516,7515318-25.2024.4.34.6280,1295,Trabalhista,Inicial,Em recurso,Dra. Fontes,2024-02-12,2026-02-25,419238.0,16ª Vara Criminal de Recife,Sem observações
2517,5953905-94.2022.5.44.3245,910,Civil,Execução,Ativo,Dr. Melo,2023-11-26,2026-08-23,102719.0,18ª Vara Cível de Recife,Sem observações
2518,2837371-36.2022.7.88.5428,531,Civil,Instrução,Ativo,Dr. Barros,2025-06-09,2025-11-04,Sem valor,13ª Vara Cível de Recife,Sem observações
2519,2191287-57.2021.1.18.8228,170,Civil,Instrução,Encerrado,Dra. Fontes,2022-01-12,2026-05-26,498177.0,11ª Vara Trabalhista de Recife,Sem observações
2520,4417916-40.2022.7.26.4278,266,Trabalhista,Arquivado,Ativo,Dr. Melo,2022-06-12,2025-02-02,Sem valor,11ª Vara Cível de Recife,Sem observações
2521,7320713-89.2022.3.68.7881,1130,Trabalhista,Acordo Extrajudicial,Encerrado,Dr. Barros,2022-05-24,2025-01-29,55571.0,11ª Vara Criminal de Recife,Sem observações
2522,9686751-57.2022.7.62.3494,734,Trabalhista,Execução,Acordo,Dr. Melo,2021-02-18,2025-12-23,273800.0,14ª Vara Cível de Recife,Sem observações
2523,1101935-78.2023.5.88.5299,1206,Civil,Recurso,Ativo,Dr. Barros,2025-09-06,2026-01-18,108458.0,15ª Vara Criminal de Recife,Sem observações
2524,4326518-76.2023.4.36.8530,1006,Trabalhista,Recurso,Suspenso,Dr. Melo,2025-06-27,2026-08-07,Sem valor,3ª Vara Criminal de Recife,Sem observações
2525,8530609-10.2021.5.41.7151,244,Trabalhista,Acordo Extrajudicial,Acordo,Dra. Fontes,2025-03-22,2026-01-29,170619.0,5ª Vara Criminal de Recife,Aguardando documentos
2526,5703772-88.2020.8.34.6114,1048,Civil,Instrução,Encerrado,Dra. Cavalcante,2021-05-11,2026-04-12,363754.0,5ª Vara Trabalhista de Recife,Aguardando documentos
2527,8215015-64.2021.5.32.1893,94,Civil,Execução,Ativo,Dra. Fontes,2022-05-19,2025-09-11,271900.0,6ª Vara Cível de Recife,Sem observações
2528,8590346-68.2020.7.63.7780,743,Civil,Acordo Extrajudicial,Acordo,Dr. Barros,2024-05-10,2026-11-17,Sem valor,18ª Vara Criminal de Recife,Sem observações
2529,5058333-37.2021.3.98.8848,702,Civil,Execução,Em recurso,Dr. Barros,2020-12-22,2025-07-24,Sem valor,2ª Vara Criminal de Recife,Sem observações
2530,7486138-99.2020.5.81.4332,1302,Civil,Inicial,Acordo,Dr. Melo,2021-08-20,Sem prazo delimitado,127492.0,19ª Vara Cível de Recife,Sem observações
2531,2461262-96.2021.6.48.1315,976,Civil,Sentença,Ativo,Dr. Melo,2026-04-27,2025-03-23,Sem valor,2ª Vara Cível de Recife,Sem observações
2532,2490107-19.2023.9.10.7930,772,Civil,Audiência,Suspenso,Dr. Barros,2021-09-15,2025-09-03,85519.0,8ª Vara Trabalhista de Recife,Sem observações
2533,1676369-34.2022.3.47.6087,1249,Trabalhista,Arquivado,Suspenso,Dr. Melo,2024-09-10,2025-09-24,Sem valor,2ª Vara Cível de Recife,Sem observações
2534,2490107-19.2023.9.10.7930,901,Civil,Audiência,Ativo,Dr. Melo,2024-04-02,2025-12-28,282086.0,15ª Vara Criminal de Recife,Sem observações
2535,1615190-23.2022.2.42.6238,422,Civil,Acordo Extrajudicial,Ativo,Dra. Cavalcante,2020-10-20,2026-07-12,370186.0,16ª Vara Criminal de Recife,Sem observações
2536,1602496-64.2022.5.79.8340,1148,Civil,Audiência,Encerrado,Dra. Cavalcante,2026-02-03,2025-05-03,249579.0,17ª Vara Criminal de Recife,Sem observações
2537,3679963-72.2020.9.29.7859,1178,Trabalhista,Audiência,Ativo,Dra. Cavalcante,2024-05-07,2025-01-07,Sem valor,19ª Vara Trabalhista de Recife,Sem observações
2538,5112941-62.2021.1.89.5887,1343,Trabalhista,Inicial,Ativo,Dra. Cavalcante,2020-08-13,2026-03-31,494445.0,14ª Vara Cível de Recife,Sem observações
2539,9686751-57.2022.7.62.3494,111,Trabalhista,Sentença,Suspenso,Dr. Melo,2022-08-06,2026-03-06,227063.0,9ª Vara Trabalhista de Recife,Sem observações
2540,9798556-59.2021.3.62.3110,299,Trabalhista,Audiência,Encerrado,Dr. Melo,2024-07-24,2026-12-20,216259.0,13ª Vara Cível de Recife,Sem observações
2541,1185885-59.2023.7.19.8433,476,Trabalhista,Execução,Acordo,Dra. Cavalcante,2025-09-17,2026-03-24,Sem valor,17ª Vara Cível de Recife,Sem observações
2542,5700249-43.2020.5.57.9341,37,Civil,Audiência,Em recurso,Dr. Barros,2022-02-25,2025-12-03,Sem valor,16ª Vara Criminal de Recife,Sem observações
2543,3263740-44.2022.3.81.5402,1076,Civil,Instrução,Suspenso,Dra. Cavalcante,2025-02-11,2025-04-26,418196.0,5ª Vara Criminal de Recife,Sem observações
2544,5545511-73.2023.1.66.9757,1318,Civil,Acordo Extrajudicial,Ativo,Dr. Barros,2023-02-08,2025-07-28,154743.0,11ª Vara Criminal de Recife,Sem observações
2545,4229107-99.2020.7.61.3978,662,Trabalhista,Execução,Ativo,Dr. Barros,2021-06-04,2026-08-03,422619.0,19ª Vara Criminal de Recife,Sem observações
2546,6927716-18.2022.9.56.1445,1382,Civil,Instrução,Encerrado,Dra. Fontes,2025-04-17,2026-04-16,Sem valor,1ª Vara Trabalhista de Recife,Sem observações
2547,2842764-33.2025.7.99.7279,642,Civil,Execução,Acordo,Dra. Fontes,2021-07-26,2026-01-14,Sem valor,7ª Vara Trabalhista de Recife,Sem observações
2548,8220628-15.2021.8.54.9077,640,Civil,Instrução,Acordo,Dra. Fontes,2021-10-31,2026-01-22,345376.0,20ª Vara Cível de Recife,Sem observações
2549,4085001-92.2022.6.76.8938,1188,Trabalhista,Audiência,Encerrado,Dra. Cavalcante,2022-08-23,2025-02-22,271340.0,17ª Vara Criminal de Recife,Sem observações
2550,2118934-75.2023.5.97.9563,46,Trabalhista,Inicial,Ativo,Dr. Melo,2020-11-09,2026-05-21,441893.0,8ª Vara Trabalhista de Recife,Sem observações
2551,4140100-24.2024.4.63.7178,259,Trabalhista,Inicial,Acordo,Dra. Cavalcante,2023-09-17,2026-09-08,159417.0,20ª Vara Trabalhista de Recife,Sem observações
2552,4824419-32.2024.5.47.3265,78,Civil,Execução,Ativo,Dra. Cavalcante,2020-02-22,2025-04-03,337151.0,1ª Vara Trabalhista de Recife,Sem observações
2553,3724721-44.2021.9.75.5553,1346,Civil,Instrução,Ativo,Dr. Melo,2025-06-11,2026-09-27,83271.0,16ª Vara Criminal de Recife,Sem observações
2554,3879233-61.2024.5.30.1494,1143,Trabalhista,Audiência,Acordo,Dra. Fontes,2022-05-19,Sem prazo delimitado,391682.0,3ª Vara Trabalhista de Recife,Sem observações
2555,8630644-97.2025.3.28.1296,500,Civil,Arquivado,Suspenso,Dra. Fontes,2025-06-03,2025-02-11,Sem valor,18ª Vara Criminal de Recife,Aguardando documentos
2556,5947618-28.2023.6.53.6118,1496,Trabalhista,Acordo Extrajudicial,Ativo,Dra. Cavalcante,2022-02-05,2026-04-12,368669.0,18ª Vara Trabalhista de Recife,Sem observações
2557,7271178-97.2023.5.84.4243,193,Civil,Instrução,Encerrado,Dr. Melo,2022-03-16,2025-07-02,218803.0,6ª Vara Cível de Recife,Sem observações
2558,3496733-55.2020.2.43.8503,877,Trabalhista,Arquivado,Encerrado,Dra. Fontes,2020-12-13,2025-09-11,100195.0,7ª Vara Criminal de Recife,Sem observações
2559,2112478-55.2024.2.51.9095,1408,Trabalhista,Execução,Ativo,Dr. Barros,2021-09-21,2026-07-27,61256.0,14ª Vara Trabalhista de Recife,Aguardando documentos
2560,9774395-92.2023.2.75.3192,175,Trabalhista,Sentença,Ativo,Dr. Barros,2023-11-13,2025-07-21,283509.0,1ª Vara Trabalhista de Recife,Aguardando documentos
2561,9057219-99.2020.9.96.3254,305,Trabalhista,Inicial,Ativo,Dr. Barros,2020-06-15,Sem prazo delimitado,61090.0,1ª Vara Trabalhista de Recife,Sem observações
2562,2480014-80.2024.2.29.9847,1078,Civil,Sentença,Ativo,Dr. Barros,2020-12-23,2026-03-10,Sem valor,5ª Vara Cível de Recife,Sem observações
2563,2328070-99.2024.8.57.5561,65,Trabalhista,Audiência,Ativo,Dr. Melo,2022-01-01,2025-02-18,23052.0,20ª Vara Criminal de Recife,Aguardando documentos
2564,6935346-77.2024.3.52.9529,240,Civil,Audiência,Ativo,Dr. Melo,2021-05-20,2026-12-12,465137.0,10ª Vara Cível de Recife,Sem observações
2565,8892606-62.2022.2.87.2168,1486,Civil,Instrução,Ativo,Dra. Cavalcante,2021-11-13,2026-12-04,Sem valor,7ª Vara Criminal de Recife,Sem observações
2566,5271615-59.2021.2.54.6844,994,Civil,Acordo Extrajudicial,Ativo,Dr. Melo,2021-01-22,2025-09-04,61345.0,12ª Vara Cível de Recife,Sem observações
2567,7438163-48.2021.3.47.1186,524,Trabalhista,Acordo Extrajudicial,Encerrado,Dra. Cavalcante,2023-07-26,2025-07-03,421166.0,11ª Vara Criminal de Recife,Sem observações
2568,7979033-26.2021.6.18.1084,958,Trabalhista,Sentença,Ativo,Dr. Barros,2023-05-18,2026-04-30,125352.0,16ª Vara Trabalhista de Recife,Sem observações
2569,7633905-83.2022.9.95.2309,1183,Trabalhista,Audiência,Encerrado,Dra. Fontes,2024-09-23,2026-10-25,23398.0,17ª Vara Criminal de Recife,Sem observações
2570,9636371-69.2025.8.67.4068,1117,Civil,Acordo Extrajudicial,Ativo,Dra. Fontes,2020-12-13,2025-01-24,Sem valor,15ª Vara Cível de Recife,Sem observações
2571,9398629-61.2022.5.88.8253,799,Civil,Sentença,Encerrado,Dr. Melo,2020-05-15,2026-04-30,Sem valor,17ª Vara Cível de Recife,Sem observações
2572,8588997-88.2020.6.29.5987,957,Civil,Arquivado,Ativo,Dra. Fontes,2021-04-21,2026-03-16,133646.0,11ª Vara Trabalhista de Recife,Sem observações
2573,1438459-62.2020.7.78.3410,899,Civil,Execução,Acordo,Dra. Cavalcante,2023-05-10,2025-08-31,Sem valor,6ª Vara Trabalhista de Recife,Sem observações
2574,6260319-38.2024.8.96.1114,1223,Civil,Recurso,Ativo,Dra. Cavalcante,2025-12-28,2025-08-27,327805.0,11ª Vara Trabalhista de Recife,Sem observações
2575,9489806-94.2021.2.55.9162,1265,Trabalhista,Acordo Extrajudicial,Suspenso,Dra. Fontes,2025-02-02,2026-01-14,429438.0,7ª Vara Cível de Recife,Sem observações
2576,1183693-37.2024.1.85.2937,1379,Civil,Instrução,Encerrado,Dra. Fontes,2026-01-24,2026-09-13,341099.0,2ª Vara Criminal de Recife,Sem observações
2577,5901155-82.2023.2.89.7717,924,Trabalhista,Execução,Encerrado,Dra. Cavalcante,2020-07-18,2025-02-23,103030.0,14ª Vara Criminal de Recife,Sem observações
2578,9076234-78.2023.3.90.2702,809,Civil,Arquivado,Ativo,Dr. Melo,2025-10-18,2025-06-07,Sem valor,15ª Vara Criminal de Recife,Sem observações
2579,1273300-90.2024.2.80.7378,53,Trabalhista,Execução,Ativo,Dr. Melo,2021-04-16,2025-06-27,220121.0,15ª Vara Cível de Recife,Sem observações
2580,3541821-31.2021.8.96.1927,1168,Trabalhista,Inicial,Ativo,Dr. Melo,2023-09-08,2025-07-19,314817.0,10ª Vara Trabalhista de Recife,Sem observações
2581,1735592-50.2022.9.87.5612,1082,Trabalhista,Inicial,Ativo,Dra. Cavalcante,2021-11-29,2025-09-12,387701.0,16ª Vara Cível de Recife,Sem observações
2582,4460247-99.2024.9.97.4840,775,Civil,Acordo Extrajudicial,Ativo,Dra. Fontes,2021-02-09,2026-12-26,274966.0,18ª Vara Cível de Recife,Sem observações
2583,8655267-17.2025.3.63.4188,168,Civil,Instrução,Suspenso,Dr. Barros,2023-07-29,2026-02-19,Sem valor,19ª Vara Trabalhista de Recife,Aguardando documentos
2584,7951127-89.2024.1.63.3502,642,Civil,Acordo Extrajudicial,Ativo,Dr. Barros,2021-07-30,2025-01-28,227200.0,19ª Vara Trabalhista de Recife,Sem observações
2585,4090182-95.2021.1.57.7189,304,Civil,Instrução,Em recurso,Dra. Cavalcante,2021-03-26,Sem prazo delimitado,Sem valor,3ª Vara Cível de Recife,Sem observações
2586,1757615-27.2025.7.10.3762,146,Civil,Arquivado,Ativo,Dra. Fontes,2024-10-07,2026-05-11,49969.0,13ª Vara Cível de Recife,Sem observações
2587,7110796-41.2020.3.80.5362,1332,Civil,Audiência,Ativo,Dr. Barros,2023-10-29,2026-07-04,305777.0,18ª Vara Cível de Recife,Sem observações
2588,1095980-10.2020.7.77.8313,545,Civil,Execução,Ativo,Dra. Fontes,2023-01-24,2025-09-10,180577.0,2ª Vara Criminal de Recife,Sem observações
2589,4433355-55.2023.8.48.9346,222,Civil,Arquivado,Encerrado,Dr. Barros,2022-10-08,2026-08-19,439183.0,17ª Vara Cível de Recife,Sem observações
2590,6416661-36.2021.8.21.8496,20,Trabalhista,Arquivado,Ativo,Dra. Fontes,2023-09-09,2025-08-27,211387.0,5ª Vara Cível de Recife,Sem observações
2591,3260101-88.2022.8.37.9169,912,Civil,Execução,Ativo,Dra. Fontes,2025-12-31,2026-10-22,Sem valor,9ª Vara Trabalhista de Recife,Sem observações
2592,1272937-41.2023.5.75.9958,253,Trabalhista,Sentença,Ativo,Dra. Cavalcante,2024-05-18,2025-07-04,282932.0,14ª Vara Trabalhista de Recife,Sem observações
2593,2675642-32.2022.8.65.5499,750,Civil,Sentença,Acordo,Dr. Melo,2020-09-12,2025-08-09,Sem valor,12ª Vara Trabalhista de Recife,Sem observações
2594,6339266-27.2025.5.15.6766,327,Trabalhista,Execução,Encerrado,Dr. Barros,2026-03-12,2026-04-02,173560.0,5ª Vara Cível de Recife,Aguardando documentos
2595,3401866-56.2021.1.87.5297,134,Trabalhista,Recurso,Encerrado,Dr. Barros,2020-07-14,2026-05-29,259667.0,1ª Vara Trabalhista de Recife,Sem observações
2596,4314934-26.2021.7.14.7244,1318,Trabalhista,Inicial,Encerrado,Dra. Cavalcante,2022-07-20,2026-02-27,Sem valor,14ª Vara Trabalhista de Recife,Sem observações
2597,6927716-18.2022.9.56.1445,607,Trabalhista,Execução,Encerrado,Dr. Barros,2023-09-20,2026-10-08,Sem valor,16ª Vara Cível de Recife,Sem observações
2598,5853247-29.2020.7.62.8870,824,Civil,Sentença,Ativo,Dra. Cavalcante,2026-03-02,2026-05-27,314329.0,10ª Vara Cível de Recife,Aguardando documentos
2599,1101935-78.2023.5.88.5299,386,Trabalhista,Execução,Encerrado,Dr. Barros,2025-12-07,Sem prazo delimitado,349960.0,9ª Vara Trabalhista de Recife,Sem observações
2600,9108785-98.2021.3.78.6687,102,Trabalhista,Instrução,Ativo,Dra. Fontes,2024-04-17,2026-04-07,100037.0,20ª Vara Criminal de Recife,Sem observações
2601,3667022-35.2020.9.76.3115,1308,Trabalhista,Audiência,Ativo,Dra. Fontes,2022-03-22,2026-01-10,372660.0,12ª Vara Criminal de Recife,Sem observações
2602,7515318-25.2024.4.34.6280,240,Civil,Execução,Acordo,Dr. Barros,2024-05-09,2026-01-12,278624.0,13ª Vara Trabalhista de Recife,Sem observações
2603,4507711-38.2024.2.34.4732,37,Civil,Recurso,Ativo,Dr. Barros,2026-01-20,2026-05-18,Sem valor,16ª Vara Cível de Recife,Aguardando documentos
2604,2019436-32.2020.6.16.9856,345,Civil,Inicial,Encerrado,Dra. Cavalcante,2026-04-16,2026-07-02,185185.0,10ª Vara Criminal de Recife,Sem observações
2605,4824419-32.2024.5.47.3265,1260,Civil,Audiência,Ativo,Dra. Fontes,2021-11-29,2025-04-03,17885.0,11ª Vara Trabalhista de Recife,Sem observações
2606,2129757-49.2025.4.14.5657,591,Trabalhista,Acordo Extrajudicial,Encerrado,Dra. Fontes,2020-07-04,Sem prazo delimitado,Sem valor,18ª Vara Cível de Recife,Sem observações
2607,8827641-36.2022.5.59.8715,345,Trabalhista,Instrução,Encerrado,Dra. Fontes,2020-11-25,2026-05-18,Sem valor,8ª Vara Cível de Recife,Sem observações
2608,9108785-98.2021.3.78.6687,1099,Trabalhista,Recurso,Acordo,Dr. Barros,2025-06-15,2026-09-10,315811.0,5ª Vara Trabalhista de Recife,Sem observações
2609,7320713-89.2022.3.68.7881,353,Trabalhista,Execução,Suspenso,Dr. Barros,2025-05-15,2025-11-09,Sem valor,7ª Vara Cível de Recife,Sem observações
2610,1754781-28.2025.6.89.2162,1349,Civil,Instrução,Ativo,Dr. Barros,2025-08-05,2025-12-29,147659.0,8ª Vara Cível de Recife,Sem observações
2611,6267378-50.2021.9.19.9923,1425,Trabalhista,Sentença,Encerrado,Dra. Cavalcante,2023-03-29,2026-07-11,Sem valor,12ª Vara Criminal de Recife,Sem observações
2612,5660649-86.2020.5.86.9291,330,Civil,Sentença,Suspenso,Dra. Fontes,2020-07-05,2025-08-14,328914.0,20ª Vara Cível de Recife,Sem observações
2613,5514997-95.2024.1.84.8098,899,Civil,Audiência,Ativo,Dr. Melo,2023-08-11,2026-01-09,Sem valor,16ª Vara Cível de Recife,Sem observações
2614,1628717-84.2025.8.67.8313,386,Trabalhista,Execução,Suspenso,Dra. Fontes,2025-12-23,2026-12-05,239562.0,18ª Vara Trabalhista de Recife,Sem observações
2615,6053412-12.2021.6.72.8346,1217,Civil,Arquivado,Em recurso,Dra. Cavalcante,2023-09-13,2025-05-29,Sem valor,12ª Vara Trabalhista de Recife,Sem observações
2616,5991409-16.2021.8.44.1303,979,Trabalhista,Audiência,Encerrado,Dra. Cavalcante,2020-12-21,2025-08-17,Sem valor,12ª Vara Trabalhista de Recife,Sem observações
2617,7438163-48.2021.3.47.1186,422,Civil,Instrução,Ativo,Dr. Melo,2020-08-13,2025-06-09,127166.0,1ª Vara Criminal de Recife,Aguardando documentos
2618,3248366-98.2020.5.11.6279,263,Civil,Acordo Extrajudicial,Suspenso,Dra. Cavalcante,2022-07-24,2026-08-07,335686.0,18ª Vara Trabalhista de Recife,Aguardando documentos
2619,9110060-16.2025.2.29.4716,1425,Trabalhista,Inicial,Ativo,Dra. Fontes,2025-05-22,Sem prazo delimitado,Sem valor,20ª Vara Criminal de Recife,Sem observações
2620,1667591-67.2025.4.69.9424,928,Trabalhista,Sentença,Ativo,Dra. Cavalcante,2023-09-21,2025-03-24,495651.0,17ª Vara Cível de Recife,Sem observações
2621,7381740-86.2021.2.88.6570,1165,Trabalhista,Audiência,Ativo,Dra. Fontes,2022-02-18,2026-02-02,212781.0,3ª Vara Cível de Recife,Aguardando documentos
2622,4493339-70.2021.7.17.8725,27,Civil,Recurso,Encerrado,Dra. Fontes,2021-12-04,2026-12-09,324357.0,13ª Vara Trabalhista de Recife,Aguardando documentos
2623,3054975-46.2023.4.85.5879,228,Civil,Arquivado,Encerrado,Dra. Cavalcante,2023-04-16,2026-11-16,179706.0,20ª Vara Trabalhista de Recife,Sem observações
2624,4460247-99.2024.9.97.4840,1219,Civil,Arquivado,Encerrado,Dr. Barros,2020-03-17,Sem prazo delimitado,6628.0,14ª Vara Cível de Recife,Aguardando documentos
2625,2895065-46.2022.7.67.1438,1082,Trabalhista,Instrução,Acordo,Dra. Fontes,2022-04-04,2025-10-01,466910.0,7ª Vara Criminal de Recife,Sem observações
2626,1445483-93.2023.1.61.7357,1322,Civil,Inicial,Ativo,Dr. Barros,2023-06-27,2025-06-10,434134.0,4ª Vara Trabalhista de Recife,Sem observações
2627,3054975-46.2023.4.85.5879,175,Trabalhista,Sentença,Ativo,Dra. Fontes,2026-07-04,2025-07-31,448657.0,4ª Vara Trabalhista de Recife,Sem observações
2628,5159882-37.2022.9.71.7550,12,Civil,Execução,Ativo,Dra. Fontes,2026-04-26,2025-01-27,340583.0,15ª Vara Criminal de Recife,Sem observações
2629,6075721-43.2020.9.85.8738,1374,Civil,Inicial,Ativo,Dr. Melo,2023-06-23,2025-03-20,206146.0,6ª Vara Trabalhista de Recife,Sem observações
2630,1735592-50.2022.9.87.5612,987,Trabalhista,Inicial,Suspenso,Dra. Cavalcante,2025-05-27,2025-06-06,245302.0,19ª Vara Criminal de Recife,Sem observações
2631,3750497-13.2024.6.65.9009,532,Civil,Execução,Ativo,Dra. Fontes,2022-05-27,2025-10-01,Sem valor,8ª Vara Criminal de Recife,Sem observações
2632,4229107-99.2020.7.61.3978,410,Trabalhista,Audiência,Ativo,Dr. Barros,2025-05-24,2025-09-25,319425.0,7ª Vara Criminal de Recife,Sem observações
2633,6414076-16.2021.7.78.8273,1117,Civil,Audiência,Encerrado,Dr. Barros,2024-12-14,2025-10-05,126672.0,5ª Vara Cível de Recife,Sem observações
2634,6334947-38.2020.4.71.6173,1345,Trabalhista,Sentença,Suspenso,Dr. Melo,2021-08-13,2025-03-19,149010.0,1ª Vara Trabalhista de Recife,Sem observações
2635,8735892-74.2025.8.18.9411,692,Trabalhista,Inicial,Ativo,Dr. Barros,2024-12-07,2026-10-16,259788.0,6ª Vara Cível de Recife,Sem observações
2636,6944389-98.2023.1.72.8245,638,Civil,Inicial,Ativo,Dra. Fontes,2022-10-16,2026-03-22,276100.0,18ª Vara Trabalhista de Recife,Sem observações
2637,4768255-51.2022.4.94.5695,1146,Civil,Acordo Extrajudicial,Ativo,Dra. Cavalcante,2024-03-10,2026-12-19,Sem valor,19ª Vara Trabalhista de Recife,Sem observações
2638,5284129-51.2020.3.32.5205,619,Civil,Arquivado,Ativo,Dr. Barros,2024-02-14,2026-10-16,Sem valor,14ª Vara Criminal de Recife,Sem observações
2639,6927716-18.2022.9.56.1445,1465,Civil,Audiência,Suspenso,Dr. Melo,2025-03-31,2025-10-29,355234.0,4ª Vara Cível de Recife,Sem observações
2640,9060164-41.2020.5.36.2381,792,Civil,Instrução,Ativo,Dr. Barros,2022-08-18,2026-11-23,Sem valor,8ª Vara Trabalhista de Recife,Sem observações
2641,7110796-41.2020.3.80.5362,1343,Trabalhista,Audiência,Encerrado,Dr. Melo,2025-04-30,2026-05-22,106135.0,2ª Vara Cível de Recife,Sem observações
2642,7224257-29.2020.8.88.9110,391,Civil,Acordo Extrajudicial,Em recurso,Dra. Fontes,2026-01-05,2025-01-29,445477.0,8ª Vara Criminal de Recife,Sem observações
2643,3750497-13.2024.6.65.9009,128,Civil,Inicial,Ativo,Dra. Cavalcante,2024-10-24,2026-05-13,31630.0,10ª Vara Trabalhista de Recife,Aguardando documentos
2644,4961530-22.2021.4.22.6290,111,Trabalhista,Arquivado,Ativo,Dra. Fontes,2023-01-14,2026-03-20,Sem valor,3ª Vara Trabalhista de Recife,Sem observações
2645,4314934-26.2021.7.14.7244,272,Civil,Acordo Extrajudicial,Encerrado,Dr. Melo,2022-03-17,2025-07-10,38888.0,5ª Vara Cível de Recife,Sem observações
2646,9835331-11.2022.6.15.8602,899,Civil,Inicial,Encerrado,Dr. Melo,2025-12-09,2025-12-21,427403.0,13ª Vara Cível de Recife,Aguardando documentos
2647,7539718-58.2020.2.52.9800,1055,Trabalhista,Audiência,Encerrado,Dra. Fontes,2023-05-01,2025-07-18,86040.0,14ª Vara Cível de Recife,Sem observações
2648,2554938-48.2024.1.13.4544,80,Civil,Recurso,Encerrado,Dra. Fontes,2025-04-08,2026-02-10,Sem valor,14ª Vara Cível de Recife,Sem observações
2649,8215015-64.2021.5.32.1893,1242,Civil,Arquivado,Ativo,Dr. Barros,2020-03-30,Sem prazo delimitado,402659.0,19ª Vara Cível de Recife,Sem observações
2650,7224257-29.2020.8.88.9110,1256,Trabalhista,Instrução,Encerrado,Dr. Barros,2024-01-30,2025-07-11,Sem valor,5ª Vara Trabalhista de Recife,Sem observações
2651,2411026-52.2022.6.26.7373,913,Civil,Audiência,Acordo,Dr. Melo,2020-06-27,2026-09-20,126706.0,1ª Vara Criminal de Recife,Aguardando documentos
2652,2236315-26.2022.5.82.8939,1454,Civil,Recurso,Encerrado,Dr. Barros,2021-05-20,2025-07-22,174271.0,9ª Vara Criminal de Recife,Sem observações
2653,1353022-94.2023.9.79.1203,365,Civil,Execução,Encerrado,Dr. Melo,2024-03-13,2025-04-08,148327.0,6ª Vara Criminal de Recife,Sem observações
2654,7999133-20.2023.7.26.1121,1130,Civil,Audiência,Encerrado,Dra. Cavalcante,2024-08-17,2026-10-30,313080.0,15ª Vara Criminal de Recife,Aguardando documentos
2655,8590346-68.2020.7.63.7780,1415,Trabalhista,Instrução,Ativo,Dr. Melo,2021-07-24,2025-03-05,328314.0,9ª Vara Criminal de Recife,Sem observações
2656,2267110-24.2021.5.78.6025,897,Civil,Inicial,Encerrado,Dra. Fontes,2024-05-08,2026-09-16,22259.0,6ª Vara Cível de Recife,Aguardando documentos
2657,8168450-48.2020.2.65.4570,924,Trabalhista,Execução,Ativo,Dr. Barros,2024-12-27,Sem prazo delimitado,296911.0,13ª Vara Trabalhista de Recife,Sem observações
2658,8572382-61.2025.1.41.7172,291,Trabalhista,Sentença,Acordo,Dr. Barros,2023-09-22,2026-08-19,Sem valor,17ª Vara Criminal de Recife,Aguardando documentos
2659,9573194-21.2022.1.35.8352,359,Civil,Sentença,Encerrado,Dr. Melo,2021-09-15,2026-10-11,260161.0,7ª Vara Trabalhista de Recife,Sem observações
2660,6339266-27.2025.5.15.6766,1244,Civil,Execução,Acordo,Dr. Melo,2022-12-27,2025-08-26,434215.0,5ª Vara Criminal de Recife,Sem observações
2661,3263740-44.2022.3.81.5402,209,Civil,Sentença,Acordo,Dra. Cavalcante,2021-03-23,2026-09-17,268271.0,19ª Vara Cível de Recife,Sem observações
2662,7398699-88.2025.6.55.3587,1296,Trabalhista,Instrução,Suspenso,Dra. Fontes,2022-06-26,2025-05-11,273506.0,5ª Vara Cível de Recife,Sem observações
2663,9060164-41.2020.5.36.2381,484,Trabalhista,Sentença,Ativo,Dr. Barros,2022-12-06,2025-09-03,449852.0,10ª Vara Trabalhista de Recife,Sem observações
2664,6105303-92.2021.4.39.3868,1417,Trabalhista,Execução,Ativo,Dr. Melo,2025-12-24,2026-04-11,377729.0,13ª Vara Criminal de Recife,Sem observações
2665,4568537-97.2021.4.82.7633,472,Civil,Sentença,Ativo,Dra. Fontes,2025-10-07,2026-10-22,318215.0,17ª Vara Criminal de Recife,Sem observações
2666,3821719-15.2025.2.86.2518,158,Trabalhista,Instrução,Ativo,Dr. Melo,2022-12-12,2026-06-25,98633.0,1ª Vara Criminal de Recife,Sem observações
2667,7813974-60.2021.1.81.1542,208,Civil,Recurso,Encerrado,Dr. Barros,2021-08-28,2025-01-06,65335.0,14ª Vara Criminal de Recife,Sem observações
2668,7916680-90.2022.1.67.1785,951,Trabalhista,Acordo Extrajudicial,Ativo,Dra. Cavalcante,2024-02-11,2026-10-19,83805.0,14ª Vara Trabalhista de Recife,Aguardando documentos
2669,8655267-17.2025.3.63.4188,1360,Trabalhista,Audiência,Ativo,Dra. Cavalcante,2022-08-13,2025-01-24,Sem valor,14ª Vara Cível de Recife,Sem observações
2670,7862554-22.2024.7.83.6459,937,Civil,Audiência,Ativo,Dra. Fontes,2022-11-27,2026-11-27,335194.0,18ª Vara Trabalhista de Recife,Sem observações
2671,5422047-80.2024.8.62.4364,228,Trabalhista,Instrução,Acordo,Dr. Barros,2025-07-09,2025-04-07,159697.0,6ª Vara Criminal de Recife,Sem observações
2672,9498791-62.2022.6.73.9564,1130,Trabalhista,Arquivado,Ativo,Dra. Cavalcante,2024-10-08,2025-04-30,396164.0,2ª Vara Trabalhista de Recife,Sem observações
2673,5514997-95.2024.1.84.8098,1130,Trabalhista,Audiência,Ativo,Dra. Cavalcante,2025-04-22,2026-09-16,178726.0,9ª Vara Cível de Recife,Aguardando documentos
2674,4893809-11.2021.7.19.9759,1120,Civil,Acordo Extrajudicial,Ativo,Dra. Cavalcante,2024-04-24,2026-11-26,422843.0,19ª Vara Criminal de Recife,Sem observações
2675,2292432-35.2025.5.83.7063,392,Civil,Instrução,Ativo,Dra. Fontes,2021-02-10,2026-12-16,492210.0,20ª Vara Criminal de Recife,Sem observações
2676,3510061-32.2020.9.13.4424,1490,Civil,Instrução,Acordo,Dr. Barros,2022-06-11,2025-10-04,176080.0,15ª Vara Criminal de Recife,Sem observações
2677,5438623-45.2022.4.51.7250,1209,Trabalhista,Execução,Encerrado,Dr. Melo,2023-10-30,2026-08-18,Sem valor,17ª Vara Criminal de Recife,Sem observações
2678,3675188-38.2025.9.53.3305,512,Trabalhista,Arquivado,Ativo,Dr. Melo,2026-02-17,2026-09-27,438662.0,7ª Vara Trabalhista de Recife,Sem observações
2679,9408522-77.2021.3.36.8376,403,Trabalhista,Acordo Extrajudicial,Ativo,Dra. Cavalcante,2020-05-26,2025-06-12,Sem valor,18ª Vara Cível de Recife,Sem observações
2680,6779292-61.2021.4.86.2783,875,Trabalhista,Execução,Suspenso,Dra. Cavalcante,2023-05-25,2025-12-30,472855.0,5ª Vara Trabalhista de Recife,Sem observações
2681,5967836-10.2021.4.35.9671,1145,Civil,Acordo Extrajudicial,Ativo,Dr. Barros,2023-07-31,2025-03-14,200510.0,20ª Vara Cível de Recife,Aguardando documentos
2682,5050722-10.2024.8.29.4298,707,Civil,Execução,Em recurso,Dra. Fontes,2023-02-02,2025-10-01,Sem valor,17ª Vara Trabalhista de Recife,Sem observações
2683,1024421-54.2022.9.20.2563,911,Civil,Audiência,Suspenso,Dr. Melo,2021-11-24,2025-07-13,452601.0,17ª Vara Criminal de Recife,Sem observações
2684,2545435-52.2025.3.59.7623,150,Trabalhista,Recurso,Suspenso,Dr. Melo,2024-07-12,2025-11-17,444557.0,4ª Vara Trabalhista de Recife,Aguardando documentos
2685,7722274-26.2024.9.14.7062,1378,Civil,Inicial,Ativo,Dr. Melo,2021-12-05,2026-10-05,56170.0,5ª Vara Trabalhista de Recife,Sem observações
2686,5660649-86.2020.5.86.9291,199,Civil,Acordo Extrajudicial,Encerrado,Dr. Barros,2020-06-05,2025-01-07,399660.0,15ª Vara Criminal de Recife,Sem observações
2687,8415891-60.2021.6.92.5554,928,Trabalhista,Acordo Extrajudicial,Ativo,Dr. Barros,2023-01-22,2026-02-03,Sem valor,4ª Vara Criminal de Recife,Sem observações
2688,4510407-23.2020.5.18.6055,360,Trabalhista,Acordo Extrajudicial,Encerrado,Dr. Barros,2020-04-24,2025-02-26,Sem valor,6ª Vara Criminal de Recife,Sem observações
2689,3401866-56.2021.1.87.5297,617,Trabalhista,Arquivado,Ativo,Dra. Fontes,2022-02-20,2026-01-10,49787.0,10ª Vara Criminal de Recife,Sem observações
2690,2966787-79.2022.1.41.9944,643,Trabalhista,Audiência,Encerrado,Dr. Melo,2024-07-28,2025-10-25,67848.0,13ª Vara Cível de Recife,Sem observações
2691,6663627-76.2023.9.26.5770,1025,Trabalhista,Sentença,Suspenso,Dra. Fontes,2020-05-20,2026-03-17,Sem valor,2ª Vara Trabalhista de Recife,Sem observações
2692,5289264-48.2020.4.41.6347,1083,Trabalhista,Acordo Extrajudicial,Ativo,Dra. Cavalcante,2025-02-06,2026-05-15,47628.0,16ª Vara Trabalhista de Recife,Aguardando documentos
2693,5144296-22.2022.4.87.9648,149,Trabalhista,Acordo Extrajudicial,Ativo,Dr. Barros,2023-10-08,2026-04-22,48421.0,2ª Vara Trabalhista de Recife,Sem observações
2694,2292432-35.2025.5.83.7063,512,Trabalhista,Arquivado,Suspenso,Dra. Fontes,2021-05-12,2025-04-08,495808.0,7ª Vara Cível de Recife,Sem observações
2695,4893809-11.2021.7.19.9759,862,Civil,Acordo Extrajudicial,Encerrado,Dr. Barros,2021-03-25,2026-08-27,316416.0,6ª Vara Trabalhista de Recife,Sem observações
2696,9885734-21.2023.9.74.3450,194,Civil,Sentença,Acordo,Dr. Barros,2024-07-25,2026-01-08,117830.0,5ª Vara Trabalhista de Recife,Sem observações
2697,9076234-78.2023.3.90.2702,1488,Civil,Instrução,Suspenso,Dra. Cavalcante,2024-12-24,2025-01-20,Sem valor,7ª Vara Trabalhista de Recife,Sem observações
2698,8062805-72.2022.1.22.8771,307,Trabalhista,Acordo Extrajudicial,Acordo,Dr. Barros,2025-10-29,2025-04-05,174893.0,4ª Vara Cível de Recife,Sem observações
2699,7626521-25.2020.9.17.3305,217,Trabalhista,Acordo Extrajudicial,Suspenso,Dr. Barros,2022-10-16,2025-04-19,Sem valor,4ª Vara Criminal de Recife,Aguardando documentos
2700,5483975-50.2024.8.92.4422,1078,Trabalhista,Sentença,Suspenso,Dra. Cavalcante,2024-01-04,2025-08-28,300373.0,19ª Vara Cível de Recife,Sem observações
2701,1602496-64.2022.5.79.8340,862,Trabalhista,Audiência,Acordo,Dra. Cavalcante,2020-04-10,2025-05-17,8601.0,17ª Vara Criminal de Recife,Sem observações
2702,4687348-31.2023.1.92.6907,998,Trabalhista,Recurso,Ativo,Dra. Cavalcante,2026-04-14,2026-05-18,249919.0,10ª Vara Cível de Recife,Sem observações
2703,7274275-74.2020.1.22.9780,851,Trabalhista,Inicial,Ativo,Dra. Fontes,2020-12-22,2025-05-17,358951.0,10ª Vara Cível de Recife,Sem observações
2704,6339266-27.2025.5.15.6766,1434,Trabalhista,Arquivado,Encerrado,Dra. Fontes,2024-11-20,2026-06-26,Sem valor,4ª Vara Cível de Recife,Sem observações
2705,5753123-52.2021.4.48.4042,48,Trabalhista,Inicial,Encerrado,Dr. Barros,2021-09-20,2026-05-23,111063.0,1ª Vara Criminal de Recife,Sem observações
2706,7813974-60.2021.1.81.1542,156,Civil,Arquivado,Acordo,Dr. Melo,2026-03-21,Sem prazo delimitado,458763.0,7ª Vara Criminal de Recife,Sem observações
2707,8986773-71.2022.6.45.5854,1398,Trabalhista,Recurso,Suspenso,Dr. Barros,2025-04-28,2025-10-12,101911.0,16ª Vara Criminal de Recife,Sem observações
2708,8735892-74.2025.8.18.9411,1437,Civil,Arquivado,Suspenso,Dr. Melo,2025-10-17,2026-08-04,Sem valor,5ª Vara Cível de Recife,Sem observações
2709,7381740-86.2021.2.88.6570,965,Civil,Arquivado,Encerrado,Dra. Cavalcante,2023-06-06,Sem prazo delimitado,60560.0,16ª Vara Criminal de Recife,Sem observações
2710,6370110-64.2022.3.52.8440,269,Trabalhista,Acordo Extrajudicial,Acordo,Dr. Melo,2023-01-24,2025-11-20,Sem valor,9ª Vara Trabalhista de Recife,Sem observações
2711,8323566-47.2021.3.26.4644,1283,Civil,Instrução,Ativo,Dr. Barros,2023-05-30,2025-05-03,449644.0,7ª Vara Trabalhista de Recife,Sem observações
2712,6160516-66.2024.5.17.7150,663,Civil,Arquivado,Encerrado,Dra. Cavalcante,2020-07-25,Sem prazo delimitado,228879.0,16ª Vara Criminal de Recife,Sem observações
2713,5545511-73.2023.1.66.9757,861,Trabalhista,Recurso,Encerrado,Dr. Melo,2023-12-02,2025-04-10,450197.0,18ª Vara Criminal de Recife,Aguardando documentos
2714,8735892-74.2025.8.18.9411,739,Civil,Arquivado,Encerrado,Dr. Melo,2021-09-14,2025-04-30,Sem valor,12ª Vara Trabalhista de Recife,Sem observações
2715,3922248-27.2025.1.42.4047,350,Trabalhista,Arquivado,Suspenso,Dra. Fontes,2025-06-12,Sem prazo delimitado,166642.0,19ª Vara Trabalhista de Recife,Aguardando documentos
2716,6003915-30.2025.6.37.7681,466,Civil,Inicial,Ativo,Dr. Melo,2025-09-09,2025-05-24,Sem valor,10ª Vara Cível de Recife,Sem observações
2717,1778149-24.2023.1.86.3557,1202,Civil,Sentença,Em recurso,Dra. Cavalcante,2020-09-18,2026-03-11,117423.0,4ª Vara Cível de Recife,Sem observações
2718,5284129-51.2020.3.32.5205,849,Trabalhista,Inicial,Encerrado,Dr. Barros,2024-09-10,2025-12-01,402679.0,5ª Vara Criminal de Recife,Sem observações
2719,3505690-87.2020.8.52.6260,623,Civil,Instrução,Encerrado,Dra. Cavalcante,2021-06-23,Sem prazo delimitado,86110.0,12ª Vara Trabalhista de Recife,Aguardando documentos
2720,4326518-76.2023.4.36.8530,950,Trabalhista,Execução,Ativo,Dra. Cavalcante,2020-09-21,2025-11-16,Sem valor,14ª Vara Criminal de Recife,Sem observações
2721,5116418-16.2025.3.98.2234,1267,Trabalhista,Audiência,Ativo,Dr. Melo,2021-10-01,2025-10-12,198471.0,9ª Vara Cível de Recife,Sem observações
2722,3821719-15.2025.2.86.2518,996,Civil,Instrução,Suspenso,Dra. Cavalcante,2021-06-06,2025-03-21,Sem valor,17ª Vara Cível de Recife,Sem observações
2723,4140100-24.2024.4.63.7178,651,Civil,Acordo Extrajudicial,Ativo,Dra. Cavalcante,2023-10-09,2025-07-08,427465.0,12ª Vara Trabalhista de Recife,Sem observações
2724,2480014-80.2024.2.29.9847,1433,Civil,Sentença,Acordo,Dra. Fontes,2020-05-13,2026-09-07,Sem valor,20ª Vara Criminal de Recife,Sem observações
2725,3679963-72.2020.9.29.7859,1483,Trabalhista,Instrução,Ativo,Dr. Barros,2022-08-03,2025-11-29,264877.0,5ª Vara Cível de Recife,Sem observações
2726,1095980-10.2020.7.77.8313,1260,Civil,Acordo Extrajudicial,Encerrado,Dr. Melo,2025-03-26,2025-12-02,417181.0,5ª Vara Criminal de Recife,Sem observações
2727,7141324-67.2025.3.86.3413,1401,Trabalhista,Execução,Acordo,Dr. Barros,2024-07-31,2026-12-22,244373.0,19ª Vara Trabalhista de Recife,Sem observações
2728,9168044-67.2022.1.26.3054,1488,Civil,Inicial,Ativo,Dra. Cavalcante,2024-07-01,2025-09-08,445093.0,4ª Vara Cível de Recife,Sem observações
2729,7848147-32.2021.6.58.3528,746,Civil,Inicial,Ativo,Dra. Fontes,2022-09-05,2025-06-16,Sem valor,1ª Vara Trabalhista de Recife,Sem observações
2730,2236315-26.2022.5.82.8939,116,Civil,Inicial,Ativo,Dra. Cavalcante,2025-08-04,2026-07-31,408645.0,4ª Vara Trabalhista de Recife,Sem observações
2731,9214397-26.2023.4.18.6844,918,Trabalhista,Recurso,Ativo,Dr. Melo,2023-05-03,2025-04-05,45216.0,11ª Vara Trabalhista de Recife,Aguardando documentos
2732,3778380-86.2023.9.32.5849,686,Trabalhista,Execução,Ativo,Dra. Fontes,2023-02-24,2026-05-15,Sem valor,7ª Vara Criminal de Recife,Sem observações
2733,1615190-23.2022.2.42.6238,377,Trabalhista,Arquivado,Encerrado,Dra. Fontes,2022-08-10,2026-11-22,76786.0,9ª Vara Cível de Recife,Aguardando documentos
2734,7724543-49.2023.9.44.7412,725,Trabalhista,Recurso,Ativo,Dr. Melo,2022-07-20,2025-01-27,Sem valor,4ª Vara Trabalhista de Recife,Sem observações
2735,6334947-38.2020.4.71.6173,789,Trabalhista,Audiência,Suspenso,Dr. Barros,2024-07-22,2025-10-09,428300.0,9ª Vara Cível de Recife,Sem observações
2736,3667022-35.2020.9.76.3115,971,Civil,Recurso,Encerrado,Dra. Cavalcante,2024-10-23,2025-05-09,421063.0,11ª Vara Cível de Recife,Sem observações
2737,8415891-60.2021.6.92.5554,1423,Trabalhista,Arquivado,Suspenso,Dra. Fontes,2020-01-30,2026-05-23,330103.0,4ª Vara Cível de Recife,Sem observações
2738,1093623-59.2025.7.92.5441,493,Civil,Recurso,Ativo,Dr. Barros,2023-09-25,2025-04-13,252650.0,15ª Vara Trabalhista de Recife,Sem observações
2739,6686912-30.2025.4.68.7078,954,Civil,Execução,Encerrado,Dr. Barros,2021-09-29,2026-02-28,195779.0,4ª Vara Cível de Recife,Sem observações
2740,2842764-33.2025.7.99.7279,1268,Civil,Sentença,Encerrado,Dr. Melo,2022-02-24,2025-03-22,34731.0,9ª Vara Cível de Recife,Sem observações
2741,8220628-15.2021.8.54.9077,888,Trabalhista,Audiência,Acordo,Dr. Barros,2024-02-23,2025-05-20,332002.0,10ª Vara Trabalhista de Recife,Sem observações
2742,2632721-15.2024.7.90.9593,217,Trabalhista,Sentença,Acordo,Dr. Barros,2025-06-17,2025-07-13,154787.0,6ª Vara Criminal de Recife,Aguardando documentos
2743,6528202-89.2025.3.17.9496,1286,Trabalhista,Execução,Ativo,Dr. Melo,2020-02-18,2025-01-29,289165.0,16ª Vara Cível de Recife,Sem observações
2744,2753004-76.2021.8.83.9874,1422,Civil,Acordo Extrajudicial,Encerrado,Dr. Melo,2023-05-03,2025-12-02,137935.0,5ª Vara Cível de Recife,Aguardando documentos
2745,2675642-32.2022.8.65.5499,613,Trabalhista,Acordo Extrajudicial,Suspenso,Dr. Barros,2021-07-11,2025-12-11,121263.0,16ª Vara Trabalhista de Recife,Aguardando documentos
2746,2191287-57.2021.1.18.8228,1274,Trabalhista,Sentença,Ativo,Dra. Fontes,2023-07-31,2026-04-30,Sem valor,3ª Vara Trabalhista de Recife,Sem observações
2747,8381610-96.2020.6.26.2533,524,Civil,Execução,Ativo,Dra. Cavalcante,2024-11-01,2026-11-21,174269.0,12ª Vara Trabalhista de Recife,Sem observações
2748,1602496-64.2022.5.79.8340,693,Trabalhista,Recurso,Encerrado,Dr. Melo,2023-01-01,2026-02-12,188198.0,20ª Vara Cível de Recife,Sem observações
2749,2397582-22.2023.9.93.4223,144,Civil,Sentença,Ativo,Dra. Fontes,2020-12-01,2025-04-18,Sem valor,5ª Vara Trabalhista de Recife,Sem observações
2750,3785792-10.2020.5.78.7940,1177,Trabalhista,Inicial,Ativo,Dra. Cavalcante,2021-08-29,2026-10-11,234149.0,17ª Vara Cível de Recife,Sem observações
2751,8655267-17.2025.3.63.4188,911,Civil,Instrução,Acordo,Dra. Fontes,2020-09-02,2026-06-20,415670.0,18ª Vara Trabalhista de Recife,Sem observações
2752,2660213-63.2022.6.50.8366,678,Civil,Recurso,Encerrado,Dra. Fontes,2024-03-28,2025-05-09,Sem valor,9ª Vara Criminal de Recife,Aguardando documentos
2753,5058333-37.2021.3.98.8848,883,Trabalhista,Inicial,Ativo,Dr. Barros,2024-01-25,2026-07-25,83787.0,20ª Vara Cível de Recife,Sem observações
2754,7419280-60.2021.1.40.9417,1355,Trabalhista,Sentença,Ativo,Dra. Fontes,2024-08-27,2026-09-01,Sem valor,5ª Vara Trabalhista de Recife,Sem observações
2755,4092125-65.2025.3.26.9073,69,Civil,Sentença,Encerrado,Dra. Cavalcante,2020-01-06,Sem prazo delimitado,254345.0,5ª Vara Trabalhista de Recife,Sem observações
2756,7245951-43.2021.4.11.7623,640,Civil,Instrução,Ativo,Dra. Fontes,2025-07-20,2025-12-09,492524.0,2ª Vara Trabalhista de Recife,Sem observações
2757,7941836-76.2025.4.34.6543,811,Trabalhista,Acordo Extrajudicial,Encerrado,Dr. Barros,2025-02-09,2026-11-24,335036.0,19ª Vara Trabalhista de Recife,Sem observações
2758,6334947-38.2020.4.71.6173,1138,Trabalhista,Acordo Extrajudicial,Ativo,Dr. Barros,2021-05-16,2026-12-08,393685.0,6ª Vara Cível de Recife,Sem observações
2759,9062552-47.2024.4.22.8265,1078,Trabalhista,Execução,Suspenso,Dra. Fontes,2025-03-03,2026-10-07,84558.0,8ª Vara Trabalhista de Recife,Sem observações
2760,3750497-13.2024.6.65.9009,150,Civil,Acordo Extrajudicial,Acordo,Dra. Fontes,2024-12-07,2025-10-28,149488.0,17ª Vara Criminal de Recife,Sem observações
2761,6944389-98.2023.1.72.8245,1189,Civil,Sentença,Ativo,Dra. Fontes,2020-03-21,2026-04-02,281184.0,12ª Vara Trabalhista de Recife,Sem observações
2762,1966014-66.2022.7.82.2137,1454,Civil,Sentença,Ativo,Dra. Cavalcante,2023-12-09,2025-11-25,403014.0,7ª Vara Criminal de Recife,Sem observações
2763,7999133-20.2023.7.26.1121,104,Trabalhista,Inicial,Suspenso,Dra. Fontes,2022-03-25,2025-09-13,342659.0,13ª Vara Cível de Recife,Sem observações
2764,8368372-34.2020.6.43.9691,1447,Civil,Arquivado,Suspenso,Dra. Cavalcante,2025-03-21,2025-08-18,329724.0,13ª Vara Cível de Recife,Aguardando documentos
2765,8381610-96.2020.6.26.2533,1405,Trabalhista,Inicial,Encerrado,Dra. Cavalcante,2024-11-10,2025-10-02,248649.0,20ª Vara Criminal de Recife,Aguardando documentos
2766,7948577-74.2025.1.60.7583,148,Civil,Execução,Ativo,Dra. Cavalcante,2021-10-31,2026-04-04,Sem valor,18ª Vara Trabalhista de Recife,Sem observações
2767,8735892-74.2025.8.18.9411,157,Trabalhista,Instrução,Ativo,Dra. Fontes,2021-04-12,2026-08-09,175607.0,8ª Vara Criminal de Recife,Sem observações
2768,7999133-20.2023.7.26.1121,1470,Trabalhista,Execução,Suspenso,Dr. Melo,2021-02-16,2026-10-19,Sem valor,8ª Vara Cível de Recife,Sem observações
2769,4681694-71.2021.9.28.7350,1381,Civil,Acordo Extrajudicial,Ativo,Dr. Barros,2022-01-05,2025-05-02,361493.0,2ª Vara Criminal de Recife,Aguardando documentos
2770,5266269-78.2021.7.59.1392,1358,Civil,Instrução,Acordo,Dra. Cavalcante,2022-12-03,Sem prazo delimitado,197483.0,7ª Vara Trabalhista de Recife,Sem observações
2771,1621418-87.2020.9.55.9337,1311,Civil,Inicial,Ativo,Dra. Fontes,2026-03-17,2026-11-30,86398.0,2ª Vara Trabalhista de Recife,Sem observações
2772,2397582-22.2023.9.93.4223,480,Civil,Execução,Encerrado,Dr. Barros,2021-08-27,2025-10-10,Sem valor,6ª Vara Cível de Recife,Sem observações
2773,9666878-83.2023.6.29.9905,1403,Civil,Inicial,Ativo,Dra. Fontes,2026-01-18,2026-08-09,199943.0,3ª Vara Trabalhista de Recife,Sem observações
2774,1024421-54.2022.9.20.2563,1489,Civil,Inicial,Encerrado,Dra. Fontes,2025-09-15,2025-10-17,Sem valor,18ª Vara Cível de Recife,Sem observações
2775,3376786-12.2020.7.64.5093,1051,Trabalhista,Recurso,Ativo,Dr. Barros,2023-02-03,2025-09-20,402451.0,16ª Vara Criminal de Recife,Sem observações
2776,6036037-32.2025.3.53.7515,364,Trabalhista,Sentença,Encerrado,Dr. Melo,2025-04-30,2026-10-30,Sem valor,3ª Vara Criminal de Recife,Sem observações
2777,8886588-26.2020.9.65.6361,837,Civil,Sentença,Em recurso,Dr. Melo,2020-09-19,2025-03-26,451822.0,2ª Vara Criminal de Recife,Sem observações
2778,4865461-96.2025.2.64.9143,659,Civil,Inicial,Ativo,Dr. Barros,2020-11-04,2025-09-18,137935.0,13ª Vara Cível de Recife,Sem observações
2779,5451988-41.2020.2.82.4041,835,Trabalhista,Inicial,Ativo,Dra. Fontes,2021-09-15,2026-06-08,435969.0,6ª Vara Criminal de Recife,Sem observações
2780,1183693-37.2024.1.85.2937,1458,Trabalhista,Inicial,Encerrado,Dra. Fontes,2026-03-07,2026-01-15,81847.0,2ª Vara Cível de Recife,Sem observações
2781,5753123-52.2021.4.48.4042,649,Trabalhista,Instrução,Encerrado,Dr. Barros,2024-03-09,2025-12-25,307107.0,4ª Vara Cível de Recife,Sem observações
2782,3785792-10.2020.5.78.7940,210,Civil,Execução,Encerrado,Dr. Melo,2020-10-08,2025-05-07,206857.0,4ª Vara Cível de Recife,Aguardando documentos
2783,9057960-29.2025.5.10.6072,1486,Trabalhista,Arquivado,Encerrado,Dr. Melo,2025-07-04,2025-01-26,Sem valor,20ª Vara Cível de Recife,Aguardando documentos
2784,1116024-57.2025.8.16.4043,1114,Civil,Acordo Extrajudicial,Ativo,Dra. Cavalcante,2023-07-01,2026-09-07,Sem valor,4ª Vara Trabalhista de Recife,Sem observações
2785,7999133-20.2023.7.26.1121,598,Civil,Sentença,Encerrado,Dra. Fontes,2021-10-09,2026-02-06,429666.0,18ª Vara Criminal de Recife,Sem observações
2786,6663627-76.2023.9.26.5770,4,Trabalhista,Arquivado,Em recurso,Dr. Barros,2022-08-04,2025-02-23,431193.0,1ª Vara Cível de Recife,Sem observações
2787,6011987-71.2020.8.10.4396,298,Trabalhista,Instrução,Encerrado,Dra. Fontes,2020-07-26,Sem prazo delimitado,238145.0,10ª Vara Trabalhista de Recife,Sem observações
2788,8539686-69.2023.4.36.2235,1352,Civil,Acordo Extrajudicial,Suspenso,Dr. Barros,2022-08-16,2025-07-14,238608.0,18ª Vara Criminal de Recife,Sem observações
2789,9071705-28.2021.9.78.4746,1094,Civil,Recurso,Acordo,Dra. Fontes,2023-03-30,2026-09-08,292819.0,7ª Vara Trabalhista de Recife,Sem observações
2790,1664676-19.2021.8.64.4616,1057,Trabalhista,Audiência,Ativo,Dra. Fontes,2026-02-03,2026-01-05,368310.0,5ª Vara Criminal de Recife,Aguardando documentos
2791,7951127-89.2024.1.63.3502,82,Civil,Acordo Extrajudicial,Ativo,Dra. Fontes,2021-10-03,Sem prazo delimitado,382642.0,18ª Vara Criminal de Recife,Aguardando documentos
2792,5901155-82.2023.2.89.7717,1221,Civil,Execução,Ativo,Dr. Barros,2022-06-22,2025-09-09,Sem valor,3ª Vara Cível de Recife,Sem observações
2793,3260101-88.2022.8.37.9169,551,Trabalhista,Instrução,Acordo,Dra. Cavalcante,2024-02-25,2025-03-01,Sem valor,13ª Vara Trabalhista de Recife,Sem observações
2794,7813974-60.2021.1.81.1542,839,Trabalhista,Execução,Suspenso,Dr. Barros,2023-02-14,2025-01-13,196191.0,5ª Vara Cível de Recife,Sem observações
2795,5614769-67.2022.9.87.1001,731,Trabalhista,Audiência,Suspenso,Dra. Cavalcante,2023-09-24,2026-03-31,218783.0,6ª Vara Cível de Recife,Sem observações
2796,8607512-63.2021.6.82.1039,859,Trabalhista,Audiência,Ativo,Dra. Cavalcante,2022-09-25,Sem prazo delimitado,423489.0,20ª Vara Cível de Recife,Sem observações
2797,1757615-27.2025.7.10.3762,324,Civil,Audiência,Ativo,Dra. Fontes,2022-05-29,2026-09-27,162114.0,8ª Vara Criminal de Recife,Sem observações
2798,4961530-22.2021.4.22.6290,1208,Civil,Instrução,Ativo,Dra. Fontes,2020-05-30,2026-05-14,291001.0,19ª Vara Criminal de Recife,Aguardando documentos
2799,2016341-89.2023.7.48.2724,704,Trabalhista,Audiência,Acordo,Dr. Melo,2025-06-08,2025-03-21,34050.0,2ª Vara Trabalhista de Recife,Sem observações
2800,1614850-25.2020.8.85.3161,951,Civil,Recurso,Ativo,Dra. Cavalcante,2021-11-04,2026-04-18,392885.0,2ª Vara Criminal de Recife,Sem observações
2801,5159219-49.2023.5.25.3676,388,Civil,Inicial,Ativo,Dr. Melo,2024-01-30,2026-04-08,388689.0,7ª Vara Cível de Recife,Sem observações
2802,7245951-43.2021.4.11.7623,1068,Trabalhista,Audiência,Encerrado,Dra. Fontes,2025-11-17,Sem prazo delimitado,326143.0,10ª Vara Criminal de Recife,Sem observações
2803,2895065-46.2022.7.67.1438,663,Civil,Audiência,Ativo,Dra. Cavalcante,2024-08-08,2026-02-18,100911.0,2ª Vara Trabalhista de Recife,Sem observações
2804,9408522-77.2021.3.36.8376,601,Civil,Acordo Extrajudicial,Ativo,Dr. Melo,2020-02-09,2025-05-24,490963.0,20ª Vara Trabalhista de Recife,Aguardando documentos
2805,1878000-50.2025.7.58.1197,908,Trabalhista,Acordo Extrajudicial,Ativo,Dra. Fontes,2025-06-24,2026-10-08,Sem valor,4ª Vara Cível de Recife,Sem observações
2806,4460247-99.2024.9.97.4840,408,Trabalhista,Execução,Ativo,Dr. Melo,2021-03-20,2025-04-11,417045.0,19ª Vara Criminal de Recife,Sem observações
2807,6260319-38.2024.8.96.1114,205,Civil,Sentença,Ativo,Dr. Melo,2025-06-21,2025-08-22,480293.0,16ª Vara Criminal de Recife,Sem observações
2808,8530609-10.2021.5.41.7151,1155,Trabalhista,Sentença,Ativo,Dr. Barros,2021-02-07,Sem prazo delimitado,Sem valor,18ª Vara Trabalhista de Recife,Sem observações
2809,9573194-21.2022.1.35.8352,968,Civil,Instrução,Ativo,Dr. Melo,2023-11-08,2026-05-23,220496.0,12ª Vara Criminal de Recife,Sem observações
2810,5625093-80.2022.9.16.6618,1487,Civil,Inicial,Encerrado,Dra. Cavalcante,2023-01-12,2025-11-13,446283.0,7ª Vara Cível de Recife,Aguardando documentos
2811,7941836-76.2025.4.34.6543,136,Trabalhista,Execução,Ativo,Dra. Fontes,2023-12-21,2025-03-15,444316.0,15ª Vara Trabalhista de Recife,Sem observações
2812,9060164-41.2020.5.36.2381,661,Trabalhista,Arquivado,Ativo,Dra. Fontes,2021-06-23,2026-11-08,446709.0,4ª Vara Trabalhista de Recife,Sem observações
2813,5159219-49.2023.5.25.3676,927,Trabalhista,Sentença,Ativo,Dr. Barros,2024-08-21,2026-06-25,250269.0,18ª Vara Cível de Recife,Sem observações
2814,2461262-96.2021.6.48.1315,213,Civil,Inicial,Encerrado,Dra. Cavalcante,2024-10-01,2026-10-22,497673.0,10ª Vara Cível de Recife,Sem observações
2815,2461262-96.2021.6.48.1315,239,Trabalhista,Acordo Extrajudicial,Em recurso,Dra. Cavalcante,2024-05-06,2025-09-26,Sem valor,8ª Vara Cível de Recife,Sem observações
2816,1024421-54.2022.9.20.2563,334,Trabalhista,Instrução,Encerrado,Dra. Cavalcante,2020-02-23,2025-11-09,217777.0,1ª Vara Cível de Recife,Aguardando documentos
2817,3879233-61.2024.5.30.1494,53,Civil,Audiência,Ativo,Dr. Barros,2021-10-28,2025-02-21,341479.0,9ª Vara Trabalhista de Recife,Sem observações
2818,4460247-99.2024.9.97.4840,536,Civil,Audiência,Suspenso,Dr. Melo,2020-07-17,2025-07-25,181268.0,2ª Vara Cível de Recife,Sem observações
2819,6404948-40.2021.7.68.7161,1412,Civil,Instrução,Ativo,Dr. Barros,2022-07-15,2026-09-13,201608.0,5ª Vara Criminal de Recife,Sem observações
2820,5996426-23.2022.8.20.3566,276,Civil,Arquivado,Ativo,Dra. Fontes,2023-10-30,2025-08-08,Sem valor,5ª Vara Cível de Recife,Sem observações
2821,8678370-92.2025.7.35.9962,1219,Trabalhista,Recurso,Suspenso,Dra. Fontes,2022-10-24,2025-06-28,Sem valor,4ª Vara Trabalhista de Recife,Sem observações
2822,1098476-20.2021.1.47.3336,196,Trabalhista,Execução,Ativo,Dra. Cavalcante,2025-01-23,2025-03-02,224255.0,15ª Vara Cível de Recife,Sem observações
2823,5967836-10.2021.4.35.9671,638,Trabalhista,Inicial,Ativo,Dr. Barros,2021-04-19,2025-01-20,457685.0,2ª Vara Criminal de Recife,Sem observações
2824,5514997-95.2024.1.84.8098,832,Civil,Execução,Ativo,Dra. Cavalcante,2023-03-29,2026-07-27,425808.0,19ª Vara Cível de Recife,Sem observações
2825,5451988-41.2020.2.82.4041,189,Civil,Sentença,Ativo,Dr. Melo,2024-07-28,Sem prazo delimitado,Sem valor,18ª Vara Trabalhista de Recife,Sem observações
2826,5159219-49.2023.5.25.3676,344,Civil,Recurso,Encerrado,Dr. Barros,2023-04-29,2026-09-12,334476.0,8ª Vara Criminal de Recife,Sem observações
2827,8539686-69.2023.4.36.2235,577,Civil,Sentença,Encerrado,Dra. Fontes,2023-12-30,2026-04-04,446587.0,1ª Vara Trabalhista de Recife,Sem observações
2828,5661974-14.2020.6.39.3137,518,Trabalhista,Acordo Extrajudicial,Encerrado,Dr. Melo,2023-01-27,2025-12-09,303155.0,5ª Vara Cível de Recife,Sem observações
2829,8717678-27.2025.5.11.4526,296,Trabalhista,Inicial,Ativo,Dra. Fontes,2022-07-29,2026-10-29,Sem valor,6ª Vara Criminal de Recife,Aguardando documentos
2830,5112941-62.2021.1.89.5887,63,Trabalhista,Sentença,Ativo,Dra. Cavalcante,2020-09-07,2025-04-28,279856.0,19ª Vara Criminal de Recife,Aguardando documentos
2831,4952151-27.2023.3.38.8762,971,Civil,Sentença,Ativo,Dra. Fontes,2022-09-19,2025-07-16,388343.0,4ª Vara Trabalhista de Recife,Sem observações
2832,1966014-66.2022.7.82.2137,1460,Trabalhista,Inicial,Encerrado,Dr. Barros,2022-12-29,2025-08-17,393691.0,18ª Vara Cível de Recife,Sem observações
2833,7271178-97.2023.5.84.4243,1097,Civil,Instrução,Ativo,Dra. Cavalcante,2025-10-11,Sem prazo delimitado,253798.0,11ª Vara Criminal de Recife,Sem observações
2834,8215015-64.2021.5.32.1893,921,Trabalhista,Acordo Extrajudicial,Ativo,Dra. Fontes,2020-02-09,2025-09-15,390268.0,6ª Vara Criminal de Recife,Sem observações
2835,8382607-83.2020.6.26.3936,162,Trabalhista,Acordo Extrajudicial,Encerrado,Dr. Barros,2025-04-15,2025-07-09,Sem valor,19ª Vara Cível de Recife,Sem observações
2836,1183693-37.2024.1.85.2937,885,Trabalhista,Arquivado,Ativo,Dra. Cavalcante,2025-01-12,2026-05-17,121146.0,2ª Vara Cível de Recife,Sem observações
2837,7065068-16.2021.7.14.6489,723,Civil,Acordo Extrajudicial,Acordo,Dra. Cavalcante,2022-11-28,2026-05-13,Sem valor,16ª Vara Trabalhista de Recife,Sem observações
2838,6160516-66.2024.5.17.7150,1231,Trabalhista,Recurso,Ativo,Dr. Barros,2021-06-08,2025-07-27,212929.0,11ª Vara Trabalhista de Recife,Sem observações
2839,4326518-76.2023.4.36.8530,1409,Trabalhista,Sentença,Ativo,Dra. Fontes,2024-04-29,2026-10-09,196626.0,4ª Vara Criminal de Recife,Sem observações
2840,6334947-38.2020.4.71.6173,757,Civil,Arquivado,Ativo,Dra. Cavalcante,2022-05-25,2026-11-27,111875.0,19ª Vara Cível de Recife,Sem observações
2841,8220628-15.2021.8.54.9077,292,Civil,Arquivado,Encerrado,Dr. Barros,2022-06-26,2025-11-11,115255.0,12ª Vara Trabalhista de Recife,Sem observações
2842,3248366-98.2020.5.11.6279,1086,Civil,Recurso,Encerrado,Dra. Cavalcante,2025-01-31,2025-06-23,Sem valor,18ª Vara Cível de Recife,Sem observações
2843,5947618-28.2023.6.53.6118,399,Civil,Instrução,Acordo,Dra. Fontes,2020-05-04,2026-04-15,189352.0,14ª Vara Trabalhista de Recife,Sem observações
2844,7381740-86.2021.2.88.6570,274,Civil,Arquivado,Em recurso,Dr. Melo,2023-04-16,2025-02-17,Sem valor,15ª Vara Trabalhista de Recife,Sem observações
2845,3464073-25.2022.8.73.5075,1415,Civil,Execução,Em recurso,Dra. Fontes,2023-01-15,2026-03-29,Sem valor,8ª Vara Trabalhista de Recife,Sem observações
2846,6075721-43.2020.9.85.8738,246,Civil,Audiência,Suspenso,Dr. Melo,2025-07-14,2026-02-24,341497.0,20ª Vara Trabalhista de Recife,Sem observações
2847,9573194-21.2022.1.35.8352,811,Civil,Instrução,Suspenso,Dra. Cavalcante,2020-12-21,2026-01-18,425457.0,18ª Vara Cível de Recife,Aguardando documentos
2848,3542616-60.2022.3.87.6536,830,Civil,Execução,Suspenso,Dr. Melo,2024-10-11,2026-09-16,310703.0,5ª Vara Criminal de Recife,Sem observações
2849,2909764-51.2025.7.78.2223,792,Trabalhista,Recurso,Suspenso,Dr. Barros,2021-03-19,2025-02-04,Sem valor,3ª Vara Trabalhista de Recife,Sem observações
2850,8530609-10.2021.5.41.7151,362,Civil,Inicial,Ativo,Dra. Cavalcante,2024-04-25,2026-05-14,172393.0,10ª Vara Trabalhista de Recife,Sem observações
2851,6416661-36.2021.8.21.8496,237,Civil,Acordo Extrajudicial,Ativo,Dr. Melo,2022-02-20,2025-07-11,37573.0,3ª Vara Cível de Recife,Sem observações
2852,5116418-16.2025.3.98.2234,1366,Trabalhista,Acordo Extrajudicial,Encerrado,Dr. Barros,2025-11-11,2025-04-14,156858.0,17ª Vara Cível de Recife,Sem observações
2853,4016576-41.2022.7.10.6952,418,Civil,Execução,Encerrado,Dra. Fontes,2024-11-28,2025-07-17,104943.0,8ª Vara Criminal de Recife,Sem observações
2854,6836135-90.2022.9.37.5643,163,Civil,Sentença,Acordo,Dra. Cavalcante,2025-05-23,2026-01-14,303217.0,15ª Vara Cível de Recife,Sem observações
2855,5035093-45.2021.1.27.3097,1248,Civil,Audiência,Em recurso,Dr. Barros,2020-10-21,2026-09-25,Sem valor,2ª Vara Cível de Recife,Sem observações
2856,6368709-92.2024.7.99.9426,725,Civil,Sentença,Ativo,Dra. Cavalcante,2025-10-26,Sem prazo delimitado,22050.0,13ª Vara Cível de Recife,Sem observações
2857,1095980-10.2020.7.77.8313,152,Civil,Recurso,Ativo,Dr. Melo,2020-07-08,2025-07-18,Sem valor,2ª Vara Criminal de Recife,Sem observações
2858,7999133-20.2023.7.26.1121,77,Trabalhista,Instrução,Ativo,Dr. Melo,2024-04-24,2026-12-07,142135.0,10ª Vara Trabalhista de Recife,Sem observações
2859,1869144-23.2023.5.84.3325,1481,Trabalhista,Recurso,Ativo,Dr. Barros,2021-11-19,2025-06-03,374251.0,17ª Vara Criminal de Recife,Sem observações
2860,3542616-60.2022.3.87.6536,671,Trabalhista,Instrução,Encerrado,Dr. Melo,2023-11-21,2026-07-23,345968.0,17ª Vara Trabalhista de Recife,Sem observações
2861,8415891-60.2021.6.92.5554,1146,Trabalhista,Arquivado,Ativo,Dra. Fontes,2025-02-03,2026-04-22,22084.0,14ª Vara Trabalhista de Recife,Sem observações
2862,9666878-83.2023.6.29.9905,781,Trabalhista,Acordo Extrajudicial,Em recurso,Dr. Melo,2026-12-03,2026-01-23,488106.0,2ª Vara Trabalhista de Recife,Sem observações
2863,7271178-97.2023.5.84.4243,191,Trabalhista,Execução,Acordo,Dr. Barros,2021-05-21,2025-10-06,196740.0,19ª Vara Trabalhista de Recife,Aguardando documentos
2864,6368709-92.2024.7.99.9426,1133,Trabalhista,Audiência,Ativo,Dra. Fontes,2021-07-03,2025-06-27,353273.0,13ª Vara Cível de Recife,Sem observações
2865,9398629-61.2022.5.88.8253,1423,Civil,Sentença,Ativo,Dr. Barros,2024-02-08,2026-09-26,387583.0,4ª Vara Cível de Recife,Sem observações
2866,5753123-52.2021.4.48.4042,1104,Civil,Arquivado,Ativo,Dra. Cavalcante,2020-09-03,2026-10-26,77607.0,16ª Vara Criminal de Recife,Sem observações
2867,7724543-49.2023.9.44.7412,1426,Trabalhista,Inicial,Ativo,Dr. Melo,2020-01-12,2026-04-05,52065.0,15ª Vara Cível de Recife,Sem observações
2868,2129757-49.2025.4.14.5657,808,Civil,Execução,Ativo,Dra. Fontes,2021-01-26,2025-08-17,132172.0,18ª Vara Trabalhista de Recife,Sem observações
2869,4134515-43.2021.8.70.4879,596,Civil,Recurso,Ativo,Dr. Barros,2021-07-24,2026-03-16,Sem valor,8ª Vara Criminal de Recife,Sem observações
2870,2837371-36.2022.7.88.5428,568,Trabalhista,Arquivado,Suspenso,Dr. Barros,2022-04-14,2026-05-10,281688.0,8ª Vara Criminal de Recife,Sem observações
2871,8655267-17.2025.3.63.4188,1296,Civil,Instrução,Ativo,Dra. Fontes,2023-03-16,Sem prazo delimitado,Sem valor,6ª Vara Cível de Recife,Sem observações
2872,8986773-71.2022.6.45.5854,414,Civil,Audiência,Encerrado,Dr. Melo,2023-02-19,2026-08-21,415149.0,8ª Vara Criminal de Recife,Aguardando documentos
2873,4092125-65.2025.3.26.9073,1149,Trabalhista,Inicial,Ativo,Dra. Cavalcante,2024-04-15,2025-03-19,362525.0,1ª Vara Criminal de Recife,Sem observações
2874,7640585-40.2023.1.57.1721,215,Civil,Execução,Ativo,Dr. Barros,2023-09-04,2026-11-09,359390.0,19ª Vara Trabalhista de Recife,Sem observações
2875,2231929-89.2024.6.41.5461,388,Trabalhista,Audiência,Suspenso,Dr. Barros,2020-09-06,2025-01-14,269919.0,13ª Vara Trabalhista de Recife,Sem observações
2876,7486138-99.2020.5.81.4332,128,Trabalhista,Inicial,Ativo,Dr. Melo,2024-06-05,2026-08-13,Sem valor,13ª Vara Criminal de Recife,Sem observações
2877,1869144-23.2023.5.84.3325,787,Trabalhista,Sentença,Ativo,Dra. Cavalcante,2021-04-04,2026-05-20,259284.0,2ª Vara Trabalhista de Recife,Sem observações
2878,6524227-53.2025.1.97.6214,1469,Trabalhista,Acordo Extrajudicial,Ativo,Dr. Barros,2023-10-18,2026-10-18,Sem valor,15ª Vara Cível de Recife,Sem observações
2879,5472823-70.2022.4.41.7624,614,Civil,Recurso,Suspenso,Dr. Melo,2021-03-21,2026-12-09,Sem valor,8ª Vara Criminal de Recife,Sem observações
2880,7115217-41.2025.1.67.7692,1393,Civil,Arquivado,Ativo,Dr. Barros,2025-08-20,Sem prazo delimitado,192919.0,15ª Vara Trabalhista de Recife,Sem observações
2881,5826200-20.2025.1.91.8748,362,Civil,Inicial,Ativo,Dra. Fontes,2022-07-03,2025-10-01,333680.0,4ª Vara Cível de Recife,Sem observações
2882,7848147-32.2021.6.58.3528,1155,Civil,Acordo Extrajudicial,Ativo,Dr. Melo,2021-11-25,2026-05-03,243850.0,1ª Vara Trabalhista de Recife,Sem observações
2883,3766710-17.2025.4.91.1472,1497,Civil,Audiência,Ativo,Dra. Cavalcante,2025-07-30,2025-08-29,247931.0,11ª Vara Criminal de Recife,Sem observações
2884,7848147-32.2021.6.58.3528,1279,Civil,Execução,Ativo,Dra. Fontes,2024-10-21,2025-02-04,201257.0,13ª Vara Cível de Recife,Sem observações
2885,5733649-38.2020.2.35.3379,379,Trabalhista,Execução,Acordo,Dra. Fontes,2021-06-03,2026-05-21,374902.0,17ª Vara Criminal de Recife,Sem observações
2886,1933296-95.2024.5.69.8317,22,Trabalhista,Execução,Suspenso,Dra. Cavalcante,2022-02-27,2025-09-02,11073.0,10ª Vara Cível de Recife,Aguardando documentos
2887,7687351-51.2022.6.73.6768,1176,Civil,Sentença,Ativo,Dra. Fontes,2023-07-18,2026-01-22,237553.0,14ª Vara Cível de Recife,Sem observações
2888,7110796-41.2020.3.80.5362,511,Trabalhista,Instrução,Encerrado,Dr. Barros,2025-02-24,2026-01-07,Sem valor,9ª Vara Cível de Recife,Sem observações
2889,7640585-40.2023.1.57.1721,467,Civil,Arquivado,Acordo,Dr. Melo,2020-07-10,2026-05-08,Sem valor,3ª Vara Trabalhista de Recife,Sem observações
2890,2461262-96.2021.6.48.1315,604,Trabalhista,Instrução,Acordo,Dr. Melo,2024-01-28,2026-01-31,42723.0,8ª Vara Cível de Recife,Sem observações
2891,6476769-27.2021.5.22.2570,1079,Trabalhista,Acordo Extrajudicial,Encerrado,Dr. Barros,2020-11-06,2026-08-21,211136.0,16ª Vara Cível de Recife,Sem observações
2892,1098476-20.2021.1.47.3336,956,Civil,Instrução,Encerrado,Dra. Cavalcante,2024-09-20,2025-10-26,227732.0,18ª Vara Criminal de Recife,Aguardando documentos
2893,5289264-48.2020.4.41.6347,603,Civil,Sentença,Ativo,Dr. Barros,2025-05-29,2025-05-24,473496.0,14ª Vara Trabalhista de Recife,Sem observações
2894,7486029-45.2024.4.25.3159,582,Trabalhista,Recurso,Encerrado,Dr. Melo,2021-09-26,2026-08-09,371584.0,7ª Vara Trabalhista de Recife,Sem observações
2895,6105303-92.2021.4.39.3868,1185,Trabalhista,Audiência,Em recurso,Dr. Melo,2026-03-11,2025-01-08,314875.0,15ª Vara Trabalhista de Recife,Sem observações
2896,1628717-84.2025.8.67.8313,1256,Civil,Execução,Suspenso,Dr. Barros,2025-11-02,2025-02-02,Sem valor,3ª Vara Cível de Recife,Sem observações
2897,1784068-27.2021.3.12.2538,571,Trabalhista,Acordo Extrajudicial,Ativo,Dr. Barros,2024-09-25,2025-04-17,11444.0,19ª Vara Trabalhista de Recife,Sem observações
2898,3576390-15.2021.2.82.8209,1286,Trabalhista,Execução,Suspenso,Dr. Barros,2023-12-23,2026-05-14,Sem valor,3ª Vara Cível de Recife,Sem observações
2899,8382607-83.2020.6.26.3936,1083,Trabalhista,Recurso,Ativo,Dra. Fontes,2024-06-16,2025-08-03,498760.0,4ª Vara Trabalhista de Recife,Aguardando documentos
2900,5996426-23.2022.8.20.3566,1184,Trabalhista,Execução,Ativo,Dra. Cavalcante,2023-01-24,2026-01-08,Sem valor,10ª Vara Cível de Recife,Sem observações
2901,4865461-96.2025.2.64.9143,212,Trabalhista,Inicial,Suspenso,Dr. Melo,2023-08-26,2025-10-09,120884.0,15ª Vara Trabalhista de Recife,Sem observações
2902,2267110-24.2021.5.78.6025,995,Trabalhista,Audiência,Em recurso,Dr. Melo,2025-06-02,2026-06-07,467677.0,14ª Vara Cível de Recife,Sem observações
2903,1411065-96.2022.9.64.8271,1266,Trabalhista,Recurso,Encerrado,Dr. Melo,2023-12-02,2025-06-16,316230.0,11ª Vara Trabalhista de Recife,Sem observações
2904,5947618-28.2023.6.53.6118,105,Trabalhista,Acordo Extrajudicial,Ativo,Dr. Barros,2022-08-27,2025-05-01,223814.0,14ª Vara Criminal de Recife,Sem observações
2905,1099617-37.2023.9.61.1793,801,Civil,Arquivado,Acordo,Dra. Fontes,2021-08-23,2025-06-14,88492.0,8ª Vara Cível de Recife,Sem observações
2906,7222167-30.2022.8.44.7452,1164,Civil,Sentença,Encerrado,Dra. Fontes,2024-03-11,2025-03-11,408645.0,17ª Vara Cível de Recife,Sem observações
2907,6927716-18.2022.9.56.1445,443,Civil,Sentença,Suspenso,Dra. Cavalcante,2025-03-06,2025-04-26,360951.0,18ª Vara Criminal de Recife,Aguardando documentos
2908,8415891-60.2021.6.92.5554,543,Trabalhista,Sentença,Em recurso,Dra. Fontes,2023-10-01,2025-12-24,368630.0,18ª Vara Cível de Recife,Sem observações
2909,2545435-52.2025.3.59.7623,1171,Trabalhista,Arquivado,Ativo,Dra. Cavalcante,2023-04-05,2026-01-18,Sem valor,7ª Vara Criminal de Recife,Sem observações
2910,4415624-13.2024.9.14.9480,990,Trabalhista,Audiência,Em recurso,Dr. Melo,2024-03-20,2026-08-06,Sem valor,2ª Vara Criminal de Recife,Sem observações
2911,7789809-22.2020.1.73.9031,1118,Civil,Inicial,Encerrado,Dr. Melo,2022-05-28,2026-08-06,336344.0,13ª Vara Trabalhista de Recife,Sem observações
2912,6944389-98.2023.1.72.8245,475,Civil,Audiência,Ativo,Dr. Melo,2023-01-26,2026-11-20,280222.0,8ª Vara Criminal de Recife,Aguardando documentos
2913,5274951-77.2021.1.76.5120,1443,Civil,Acordo Extrajudicial,Encerrado,Dr. Barros,2024-06-15,2026-08-04,455140.0,13ª Vara Trabalhista de Recife,Sem observações
2914,9810112-12.2021.1.97.8847,1057,Civil,Sentença,Suspenso,Dr. Barros,2025-01-03,Sem prazo delimitado,Sem valor,15ª Vara Trabalhista de Recife,Sem observações
2915,1778149-24.2023.1.86.3557,1091,Trabalhista,Inicial,Acordo,Dra. Cavalcante,2025-01-19,2025-09-02,287676.0,14ª Vara Cível de Recife,Sem observações
2916,9076234-78.2023.3.90.2702,501,Trabalhista,Instrução,Suspenso,Dr. Melo,2023-11-11,2026-01-20,139197.0,6ª Vara Criminal de Recife,Aguardando documentos
2917,4065326-72.2025.8.58.5304,850,Trabalhista,Execução,Ativo,Dra. Cavalcante,2021-09-05,2026-02-11,222741.0,4ª Vara Criminal de Recife,Sem observações
2918,2267110-24.2021.5.78.6025,1033,Trabalhista,Sentença,Ativo,Dr. Melo,2022-05-20,2026-09-10,373021.0,3ª Vara Cível de Recife,Sem observações
2919,8306601-19.2020.3.50.7457,317,Civil,Recurso,Ativo,Dr. Melo,2023-08-22,2026-09-01,11301.0,11ª Vara Trabalhista de Recife,Sem observações
2920,9062552-47.2024.4.22.8265,387,Civil,Audiência,Ativo,Dr. Barros,2026-03-13,2026-01-06,442207.0,1ª Vara Criminal de Recife,Sem observações
2921,8066975-72.2023.7.26.7675,885,Trabalhista,Arquivado,Ativo,Dra. Cavalcante,2025-05-09,2025-11-25,277936.0,4ª Vara Trabalhista de Recife,Aguardando documentos
2922,2118934-75.2023.5.97.9563,373,Trabalhista,Sentença,Ativo,Dr. Barros,2022-07-18,2025-10-17,Sem valor,15ª Vara Cível de Recife,Sem observações
2923,4433355-55.2023.8.48.9346,610,Civil,Arquivado,Ativo,Dra. Fontes,2024-04-21,2026-01-11,57182.0,14ª Vara Trabalhista de Recife,Sem observações
2924,2658962-39.2022.5.95.8856,749,Civil,Inicial,Em recurso,Dr. Barros,2024-12-22,2025-05-30,33022.0,13ª Vara Trabalhista de Recife,Aguardando documentos
2925,5614769-67.2022.9.87.1001,60,Trabalhista,Sentença,Ativo,Dr. Barros,2023-04-05,2025-08-05,339114.0,8ª Vara Trabalhista de Recife,Sem observações
2926,4085001-92.2022.6.76.8938,587,Trabalhista,Arquivado,Ativo,Dr. Barros,2020-02-09,2025-06-02,Sem valor,5ª Vara Cível de Recife,Sem observações
2927,6339266-27.2025.5.15.6766,934,Trabalhista,Acordo Extrajudicial,Ativo,Dr. Barros,2024-12-23,2026-05-28,109880.0,7ª Vara Criminal de Recife,Aguardando documentos
2928,7820540-78.2023.1.75.4823,1029,Trabalhista,Recurso,Acordo,Dr. Barros,2022-05-17,2026-07-15,Sem valor,15ª Vara Cível de Recife,Sem observações
2929,9319285-35.2025.3.19.9131,1127,Civil,Execução,Encerrado,Dra. Cavalcante,2021-04-13,2026-04-21,417444.0,13ª Vara Trabalhista de Recife,Sem observações
2930,3710559-31.2020.9.95.2540,593,Civil,Acordo Extrajudicial,Ativo,Dr. Barros,2025-04-06,2026-02-21,Sem valor,9ª Vara Criminal de Recife,Aguardando documentos
2931,7141324-67.2025.3.86.3413,1186,Trabalhista,Arquivado,Encerrado,Dra. Fontes,2022-03-30,2025-05-31,Sem valor,3ª Vara Cível de Recife,Sem observações
2932,6038940-61.2024.4.64.6408,995,Trabalhista,Arquivado,Suspenso,Dr. Melo,2025-06-30,2026-07-06,Sem valor,7ª Vara Trabalhista de Recife,Sem observações
2933,6036037-32.2025.3.53.7515,937,Trabalhista,Acordo Extrajudicial,Ativo,Dr. Barros,2023-05-20,2026-02-09,Sem valor,1ª Vara Trabalhista de Recife,Sem observações
2934,7381740-86.2021.2.88.6570,1128,Trabalhista,Inicial,Em recurso,Dr. Barros,2021-02-25,2026-05-17,338457.0,2ª Vara Cível de Recife,Sem observações
2935,8678370-92.2025.7.35.9962,348,Trabalhista,Recurso,Acordo,Dra. Cavalcante,2024-03-22,Sem prazo delimitado,185522.0,13ª Vara Trabalhista de Recife,Sem observações
2936,7544569-30.2022.4.91.9370,507,Civil,Sentença,Acordo,Dra. Cavalcante,2025-07-27,2026-04-06,Sem valor,19ª Vara Trabalhista de Recife,Sem observações
2937,4433355-55.2023.8.48.9346,1237,Trabalhista,Inicial,Suspenso,Dra. Fontes,2020-12-06,2025-04-06,326004.0,20ª Vara Criminal de Recife,Sem observações
2938,7539718-58.2020.2.52.9800,504,Civil,Recurso,Encerrado,Dra. Cavalcante,2023-07-31,2026-04-20,Sem valor,2ª Vara Criminal de Recife,Sem observações
2939,1165147-13.2020.2.47.5874,958,Trabalhista,Arquivado,Ativo,Dra. Fontes,2020-06-10,2025-06-16,309248.0,8ª Vara Criminal de Recife,Aguardando documentos
2940,4961530-22.2021.4.22.6290,531,Civil,Sentença,Ativo,Dr. Melo,2025-03-17,2025-10-06,Sem valor,2ª Vara Cível de Recife,Sem observações
2941,9810112-12.2021.1.97.8847,304,Trabalhista,Sentença,Suspenso,Dra. Fontes,2024-02-12,2026-11-22,Sem valor,1ª Vara Cível de Recife,Sem observações
2942,4314934-26.2021.7.14.7244,824,Civil,Audiência,Ativo,Dr. Barros,2021-01-22,2025-01-30,198970.0,14ª Vara Trabalhista de Recife,Aguardando documentos
2943,8368372-34.2020.6.43.9691,729,Trabalhista,Acordo Extrajudicial,Ativo,Dra. Fontes,2022-01-30,2025-07-12,148330.0,1ª Vara Criminal de Recife,Sem observações
2944,3766710-17.2025.4.91.1472,1476,Trabalhista,Recurso,Ativo,Dr. Barros,2024-09-24,2025-04-27,Sem valor,6ª Vara Cível de Recife,Sem observações
2945,5159882-37.2022.9.71.7550,786,Trabalhista,Instrução,Em recurso,Dr. Melo,2024-04-11,2026-06-03,437682.0,7ª Vara Trabalhista de Recife,Sem observações
2946,6445422-21.2020.5.39.8096,66,Civil,Audiência,Ativo,Dra. Fontes,2025-09-14,2025-03-24,476726.0,11ª Vara Criminal de Recife,Sem observações
2947,7381740-86.2021.2.88.6570,1337,Trabalhista,Inicial,Encerrado,Dra. Fontes,2020-08-21,2025-11-07,186493.0,7ª Vara Trabalhista de Recife,Sem observações
2948,1024421-54.2022.9.20.2563,1406,Trabalhista,Sentença,Em recurso,Dra. Cavalcante,2023-05-23,2025-08-01,338563.0,1ª Vara Cível de Recife,Sem observações
2949,7323234-16.2020.9.59.5035,150,Trabalhista,Acordo Extrajudicial,Ativo,Dr. Barros,2024-09-26,2025-01-16,258510.0,16ª Vara Criminal de Recife,Sem observações
2950,4893809-11.2021.7.19.9759,25,Civil,Acordo Extrajudicial,Encerrado,Dr. Melo,2026-03-28,Sem prazo delimitado,Sem valor,17ª Vara Trabalhista de Recife,Sem observações
2951,7539718-58.2020.2.52.9800,406,Trabalhista,Recurso,Acordo,Dra. Fontes,2023-07-12,2026-04-17,25654.0,7ª Vara Cível de Recife,Aguardando documentos
2952,3679963-72.2020.9.29.7859,172,Trabalhista,Acordo Extrajudicial,Em recurso,Dra. Fontes,2023-08-29,Sem prazo delimitado,383303.0,4ª Vara Trabalhista de Recife,Sem observações
2953,2016341-89.2023.7.48.2724,1353,Civil,Audiência,Encerrado,Dr. Melo,2025-01-21,2025-08-29,189125.0,8ª Vara Trabalhista de Recife,Aguardando documentos
2954,7271178-97.2023.5.84.4243,258,Civil,Acordo Extrajudicial,Ativo,Dr. Barros,2022-08-25,2025-05-12,Sem valor,17ª Vara Trabalhista de Recife,Sem observações
2955,7722274-26.2024.9.14.7062,378,Trabalhista,Inicial,Acordo,Dr. Melo,2025-06-26,2025-03-13,322392.0,19ª Vara Criminal de Recife,Sem observações
2956,5826200-20.2025.1.91.8748,857,Civil,Arquivado,Ativo,Dra. Cavalcante,2023-01-29,2025-12-30,236579.0,6ª Vara Criminal de Recife,Sem observações
2957,1628717-84.2025.8.67.8313,598,Trabalhista,Instrução,Acordo,Dr. Barros,2022-05-18,2025-07-28,132334.0,2ª Vara Criminal de Recife,Sem observações
2958,6160516-66.2024.5.17.7150,1500,Civil,Arquivado,Suspenso,Dra. Cavalcante,2020-06-01,2025-05-13,Sem valor,1ª Vara Cível de Recife,Sem observações
2959,6779292-61.2021.4.86.2783,928,Trabalhista,Inicial,Ativo,Dr. Melo,2021-06-12,2026-07-02,8699.0,4ª Vara Trabalhista de Recife,Sem observações
2960,9774395-92.2023.2.75.3192,983,Civil,Acordo Extrajudicial,Acordo,Dra. Fontes,2022-10-02,Sem prazo delimitado,327886.0,14ª Vara Cível de Recife,Sem observações
2961,7916680-90.2022.1.67.1785,1202,Trabalhista,Sentença,Encerrado,Dra. Fontes,2023-08-25,2026-04-11,259689.0,8ª Vara Criminal de Recife,Sem observações
2962,8097721-13.2023.1.47.8354,300,Trabalhista,Audiência,Ativo,Dra. Fontes,2024-05-28,2025-11-14,443309.0,4ª Vara Cível de Recife,Sem observações
2963,1445483-93.2023.1.61.7357,1149,Trabalhista,Sentença,Encerrado,Dr. Melo,2024-02-16,2025-07-26,312326.0,1ª Vara Criminal de Recife,Aguardando documentos
2964,6101036-60.2022.7.49.3295,1092,Trabalhista,Inicial,Ativo,Dra. Fontes,2022-01-19,2025-10-12,30611.0,13ª Vara Trabalhista de Recife,Sem observações
2965,2267110-24.2021.5.78.6025,737,Civil,Arquivado,Encerrado,Dra. Cavalcante,2022-12-07,2026-04-05,443137.0,1ª Vara Cível de Recife,Sem observações
2966,6416661-36.2021.8.21.8496,1491,Trabalhista,Sentença,Ativo,Dr. Melo,2022-08-07,2026-07-01,220914.0,18ª Vara Cível de Recife,Sem observações
2967,8539686-69.2023.4.36.2235,1286,Trabalhista,Sentença,Encerrado,Dr. Barros,2021-08-08,2025-10-22,Sem valor,12ª Vara Criminal de Recife,Sem observações
2968,5788467-41.2023.8.93.8134,923,Trabalhista,Audiência,Suspenso,Dra. Cavalcante,2020-10-12,2025-05-16,Sem valor,15ª Vara Cível de Recife,Sem observações
2969,1633270-27.2024.2.52.7034,1227,Civil,Instrução,Acordo,Dr. Barros,2025-01-16,2025-08-20,155452.0,1ª Vara Trabalhista de Recife,Aguardando documentos
2970,4090182-95.2021.1.57.7189,1003,Civil,Sentença,Acordo,Dra. Cavalcante,2024-04-28,Sem prazo delimitado,243660.0,15ª Vara Cível de Recife,Sem observações
2971,4721085-96.2020.6.92.9645,879,Civil,Sentença,Acordo,Dr. Melo,2022-07-03,2026-01-01,427794.0,18ª Vara Criminal de Recife,Sem observações
2972,5159882-37.2022.9.71.7550,583,Civil,Arquivado,Acordo,Dr. Melo,2023-09-09,2026-12-18,Sem valor,14ª Vara Criminal de Recife,Sem observações
2973,6686912-30.2025.4.68.7078,1140,Trabalhista,Acordo Extrajudicial,Suspenso,Dra. Cavalcante,2021-10-11,2026-02-10,Sem valor,15ª Vara Criminal de Recife,Sem observações
2974,7789809-22.2020.1.73.9031,434,Trabalhista,Arquivado,Ativo,Dra. Cavalcante,2025-02-03,2026-01-15,Sem valor,17ª Vara Trabalhista de Recife,Sem observações
2975,5271615-59.2021.2.54.6844,1483,Civil,Acordo Extrajudicial,Ativo,Dra. Cavalcante,2021-06-20,2026-06-16,Sem valor,7ª Vara Trabalhista de Recife,Aguardando documentos
2976,1742202-63.2023.6.68.9372,934,Trabalhista,Arquivado,Acordo,Dr. Barros,2024-12-18,2025-06-18,62385.0,20ª Vara Cível de Recife,Sem observações
2977,5451988-41.2020.2.82.4041,98,Trabalhista,Sentença,Encerrado,Dr. Barros,2020-07-07,2026-08-10,287373.0,10ª Vara Criminal de Recife,Sem observações
2978,3675188-38.2025.9.53.3305,1455,Trabalhista,Instrução,Ativo,Dr. Melo,2022-04-10,2025-05-27,389246.0,3ª Vara Trabalhista de Recife,Aguardando documentos
2979,9425559-65.2022.6.99.1309,172,Trabalhista,Audiência,Acordo,Dra. Cavalcante,2025-02-11,2025-09-19,66445.0,10ª Vara Cível de Recife,Sem observações
2980,6865513-17.2021.7.21.3938,708,Civil,Sentença,Ativo,Dr. Barros,2020-05-26,2025-03-03,193650.0,18ª Vara Cível de Recife,Sem observações
2981,1633270-27.2024.2.52.7034,581,Civil,Audiência,Suspenso,Dra. Fontes,2021-08-07,2026-06-03,344223.0,20ª Vara Trabalhista de Recife,Sem observações
2982,5432782-56.2021.2.97.6240,293,Trabalhista,Acordo Extrajudicial,Ativo,Dra. Cavalcante,2020-07-09,2025-05-15,Sem valor,19ª Vara Criminal de Recife,Sem observações
2983,4326518-76.2023.4.36.8530,1413,Trabalhista,Acordo Extrajudicial,Encerrado,Dra. Cavalcante,2020-08-31,Sem prazo delimitado,Sem valor,20ª Vara Cível de Recife,Sem observações
2984,7979033-26.2021.6.18.1084,967,Trabalhista,Inicial,Encerrado,Dr. Barros,2026-04-25,2025-10-23,342117.0,3ª Vara Trabalhista de Recife,Sem observações
2985,2186433-37.2022.2.12.4344,190,Civil,Arquivado,Encerrado,Dra. Fontes,2022-01-19,2026-10-31,198007.0,18ª Vara Criminal de Recife,Sem observações
2986,2895065-46.2022.7.67.1438,1371,Trabalhista,Inicial,Encerrado,Dra. Cavalcante,2023-10-03,2026-01-20,276484.0,13ª Vara Criminal de Recife,Aguardando documentos
2987,2545435-52.2025.3.59.7623,1000,Civil,Instrução,Acordo,Dr. Barros,2025-12-05,2026-04-27,432463.0,8ª Vara Trabalhista de Recife,Sem observações
2988,5289264-48.2020.4.41.6347,392,Trabalhista,Instrução,Encerrado,Dra. Fontes,2021-12-01,2026-12-05,419390.0,10ª Vara Trabalhista de Recife,Sem observações
2989,5733649-38.2020.2.35.3379,1170,Civil,Instrução,Ativo,Dra. Fontes,2020-03-15,2025-03-08,Sem valor,17ª Vara Trabalhista de Recife,Aguardando documentos
2990,3679963-72.2020.9.29.7859,330,Trabalhista,Inicial,Ativo,Dra. Fontes,2024-10-21,2025-07-01,Sem valor,14ª Vara Criminal de Recife,Aguardando documentos
2991,7765112-69.2024.9.62.5648,596,Trabalhista,Arquivado,Ativo,Dr. Barros,2020-03-31,Sem prazo delimitado,117659.0,9ª Vara Cível de Recife,Sem observações
2992,6414076-16.2021.7.78.8273,1032,Civil,Execução,Ativo,Dra. Fontes,2022-12-23,2025-03-18,492909.0,18ª Vara Criminal de Recife,Sem observações
2993,3975387-89.2023.4.55.7631,503,Civil,Arquivado,Ativo,Dr. Barros,2022-07-23,2025-09-09,Sem valor,20ª Vara Criminal de Recife,Sem observações
2994,1896520-28.2021.5.90.5374,92,Trabalhista,Inicial,Acordo,Dra. Cavalcante,2020-12-02,2025-04-21,391641.0,15ª Vara Trabalhista de Recife,Sem observações
2995,8220628-15.2021.8.54.9077,10,Civil,Acordo Extrajudicial,Acordo,Dr. Barros,2021-07-04,2026-03-21,131577.0,4ª Vara Cível de Recife,Sem observações
2996,3510061-32.2020.9.13.4424,110,Civil,Instrução,Ativo,Dra. Cavalcante,2023-02-16,2026-06-23,205193.0,15ª Vara Criminal de Recife,Sem observações
2997,5035093-45.2021.1.27.3097,1067,Trabalhista,Execução,Ativo,Dr. Barros,2024-05-20,2026-10-06,12327.0,8ª Vara Criminal de Recife,Aguardando documentos
2998,5614769-67.2022.9.87.1001,303,Civil,Sentença,Em recurso,Dr. Barros,2022-08-09,2026-04-15,265467.0,20ª Vara Cível de Recife,Sem observações
2999,2554938-48.2024.1.13.4544,650,Trabalhista,Acordo Extrajudicial,Ativo,Dra. Cavalcante,2021-09-13,Sem prazo delimitado,Sem valor,13ª Vara Trabalhista de Recife,Aguardando documentos
3000,6779292-61.2021.4.86.2783,953,Civil,Inicial,Encerrado,Dra. Fontes,2025-09-29,2026-05-30,73717.0,14ª Vara Cível de Recife,Sem observações
3001,1664676-19.2021.8.64.4616,686,Civil,Audiência,Ativo,Dr. Barros,2024-12-04,2026-08-24,453224.0,3ª Vara Criminal de Recife,Aguardando documentos
3002,1438459-62.2020.7.78.3410,1013,Civil,Recurso,Ativo,Dr. Melo,2025-11-16,Sem prazo delimitado,34348.0,18ª Vara Criminal de Recife,Sem observações
3003,2236315-26.2022.5.82.8939,725,Civil,Inicial,Em recurso,Dra. Cavalcante,2020-12-02,2026-12-12,365451.0,6ª Vara Trabalhista de Recife,Sem observações
3004,8368372-34.2020.6.43.9691,141,Civil,Execução,Acordo,Dra. Fontes,2022-06-14,2026-04-08,102998.0,19ª Vara Criminal de Recife,Sem observações
3005,2267110-24.2021.5.78.6025,788,Trabalhista,Audiência,Ativo,Dra. Fontes,2021-04-09,2026-02-21,32129.0,19ª Vara Criminal de Recife,Sem observações
3006,1735592-50.2022.9.87.5612,1395,Civil,Audiência,Ativo,Dra. Fontes,2026-04-13,2025-03-23,432577.0,16ª Vara Criminal de Recife,Sem observações
3007,1099617-37.2023.9.61.1793,639,Civil,Instrução,Suspenso,Dra. Cavalcante,2021-07-10,2026-07-25,79648.0,4ª Vara Cível de Recife,Sem observações
3008,1676369-34.2022.3.47.6087,1104,Civil,Sentença,Encerrado,Dra. Cavalcante,2021-07-02,2025-02-10,22023.0,12ª Vara Trabalhista de Recife,Sem observações
3009,1013314-48.2023.4.39.2083,624,Civil,Sentença,Acordo,Dr. Melo,2021-08-31,2025-03-08,175009.0,15ª Vara Cível de Recife,Sem observações
3010,9057219-99.2020.9.96.3254,1241,Civil,Arquivado,Encerrado,Dr. Barros,2020-01-31,2025-12-30,87545.0,9ª Vara Criminal de Recife,Sem observações
3011,7640585-40.2023.1.57.1721,649,Civil,Audiência,Em recurso,Dra. Cavalcante,2024-07-26,2025-05-05,252067.0,16ª Vara Criminal de Recife,Sem observações
3012,1933296-95.2024.5.69.8317,1229,Trabalhista,Arquivado,Em recurso,Dra. Fontes,2022-06-20,2025-02-19,Sem valor,15ª Vara Trabalhista de Recife,Aguardando documentos
3013,6944389-98.2023.1.72.8245,191,Civil,Execução,Encerrado,Dr. Melo,2026-02-15,2026-08-17,289522.0,2ª Vara Criminal de Recife,Sem observações
3014,1098476-20.2021.1.47.3336,344,Civil,Sentença,Ativo,Dra. Fontes,2023-08-20,2025-07-23,16651.0,15ª Vara Cível de Recife,Aguardando documentos
3015,6011987-71.2020.8.10.4396,618,Civil,Recurso,Ativo,Dra. Fontes,2022-01-11,2025-01-01,Sem valor,2ª Vara Criminal de Recife,Sem observações
3016,1778149-24.2023.1.86.3557,1279,Trabalhista,Instrução,Ativo,Dra. Fontes,2026-05-01,2026-02-06,73482.0,13ª Vara Trabalhista de Recife,Sem observações
3017,1742202-63.2023.6.68.9372,216,Trabalhista,Inicial,Em recurso,Dr. Barros,2024-05-22,2025-10-03,170937.0,15ª Vara Trabalhista de Recife,Sem observações
3018,2895065-46.2022.7.67.1438,1459,Civil,Inicial,Ativo,Dra. Cavalcante,2023-09-05,2026-12-19,101179.0,15ª Vara Trabalhista de Recife,Sem observações
3019,8590346-68.2020.7.63.7780,160,Trabalhista,Inicial,Ativo,Dr. Melo,2021-12-29,2026-07-31,166585.0,1ª Vara Trabalhista de Recife,Aguardando documentos
3020,2397582-22.2023.9.93.4223,1291,Trabalhista,Inicial,Ativo,Dr. Barros,2024-09-01,2026-01-25,307845.0,4ª Vara Cível de Recife,Aguardando documentos
3021,5217157-98.2020.2.64.4094,1214,Trabalhista,Acordo Extrajudicial,Suspenso,Dra. Cavalcante,2020-02-04,2025-09-06,Sem valor,3ª Vara Cível de Recife,Sem observações
3022,7381740-86.2021.2.88.6570,500,Civil,Acordo Extrajudicial,Acordo,Dr. Melo,2025-03-11,2025-05-05,Sem valor,8ª Vara Criminal de Recife,Sem observações
3023,3542799-64.2025.6.13.7299,1463,Civil,Arquivado,Encerrado,Dra. Cavalcante,2023-12-14,2026-08-29,17477.0,5ª Vara Criminal de Recife,Sem observações
3024,4952151-27.2023.3.38.8762,1257,Civil,Inicial,Ativo,Dr. Barros,2025-01-13,2025-04-03,354044.0,2ª Vara Trabalhista de Recife,Sem observações
3025,8381610-96.2020.6.26.2533,381,Civil,Recurso,Suspenso,Dra. Cavalcante,2025-09-20,2025-06-15,274734.0,11ª Vara Cível de Recife,Sem observações
3026,2231929-89.2024.6.41.5461,297,Trabalhista,Inicial,Encerrado,Dra. Cavalcante,2022-09-05,2025-04-26,405741.0,5ª Vara Trabalhista de Recife,Sem observações
3027,4134515-43.2021.8.70.4879,135,Civil,Sentença,Ativo,Dr. Barros,2023-02-05,2026-11-13,Sem valor,16ª Vara Cível de Recife,Sem observações
3028,5432782-56.2021.2.97.6240,692,Trabalhista,Audiência,Encerrado,Dra. Cavalcante,2024-11-01,2026-12-05,452084.0,16ª Vara Trabalhista de Recife,Sem observações
3029,8936104-83.2022.1.39.7934,624,Trabalhista,Execução,Encerrado,Dr. Melo,2023-08-14,2026-12-08,Sem valor,20ª Vara Cível de Recife,Sem observações
3030,8655267-17.2025.3.63.4188,1343,Trabalhista,Instrução,Encerrado,Dr. Barros,2021-03-18,2026-03-31,234801.0,14ª Vara Cível de Recife,Sem observações
3031,3778380-86.2023.9.32.5849,314,Trabalhista,Audiência,Ativo,Dra. Cavalcante,2024-02-23,2026-04-21,Sem valor,12ª Vara Criminal de Recife,Sem observações
3032,5545511-73.2023.1.66.9757,1282,Trabalhista,Execução,Acordo,Dr. Melo,2023-12-26,2025-01-30,174429.0,12ª Vara Criminal de Recife,Sem observações
3033,8588997-88.2020.6.29.5987,1097,Trabalhista,Instrução,Ativo,Dra. Cavalcante,2023-06-13,2026-05-28,160069.0,1ª Vara Cível de Recife,Sem observações
3034,7082985-88.2022.2.94.6058,438,Civil,Instrução,Ativo,Dr. Melo,2023-05-21,2025-05-09,62232.0,2ª Vara Trabalhista de Recife,Sem observações
3035,9636371-69.2025.8.67.4068,999,Trabalhista,Recurso,Em recurso,Dra. Cavalcante,2025-09-24,2025-01-16,Sem valor,20ª Vara Cível de Recife,Sem observações
3036,6982910-41.2023.8.91.8758,677,Trabalhista,Inicial,Encerrado,Dr. Melo,2022-03-05,2025-08-27,107304.0,16ª Vara Cível de Recife,Aguardando documentos
3037,9086174-80.2025.1.81.3292,108,Trabalhista,Instrução,Ativo,Dra. Cavalcante,2024-01-19,2026-02-27,363429.0,12ª Vara Criminal de Recife,Sem observações
3038,5050722-10.2024.8.29.4298,480,Civil,Instrução,Ativo,Dr. Barros,2025-08-25,Sem prazo delimitado,Sem valor,6ª Vara Trabalhista de Recife,Sem observações
3039,1887163-62.2025.9.93.1037,579,Trabalhista,Execução,Ativo,Dra. Cavalcante,2025-12-07,2025-03-16,215784.0,6ª Vara Criminal de Recife,Sem observações
3040,1633270-27.2024.2.52.7034,148,Trabalhista,Instrução,Encerrado,Dr. Melo,2026-04-27,2026-04-25,306664.0,15ª Vara Criminal de Recife,Sem observações
3041,2186433-37.2022.2.12.4344,936,Trabalhista,Audiência,Ativo,Dra. Fontes,2026-04-16,2026-02-11,Sem valor,9ª Vara Trabalhista de Recife,Sem observações
3042,7948577-74.2025.1.60.7583,774,Trabalhista,Recurso,Ativo,Dr. Melo,2025-05-25,2025-10-12,44152.0,17ª Vara Cível de Recife,Sem observações
3043,1185885-59.2023.7.19.8433,371,Civil,Execução,Ativo,Dr. Melo,2023-07-21,2025-07-13,Sem valor,10ª Vara Criminal de Recife,Sem observações
3044,9686751-57.2022.7.62.3494,405,Civil,Arquivado,Encerrado,Dr. Melo,2024-02-03,2025-11-15,231388.0,9ª Vara Cível de Recife,Sem observações
3045,7398699-88.2025.6.55.3587,365,Trabalhista,Arquivado,Ativo,Dr. Barros,2023-07-31,2026-08-24,Sem valor,7ª Vara Trabalhista de Recife,Sem observações
3046,3248366-98.2020.5.11.6279,69,Civil,Recurso,Ativo,Dra. Cavalcante,2020-06-12,2025-08-07,56820.0,5ª Vara Trabalhista de Recife,Aguardando documentos
3047,4314934-26.2021.7.14.7244,179,Trabalhista,Sentença,Encerrado,Dr. Melo,2021-06-10,2026-07-28,371215.0,20ª Vara Trabalhista de Recife,Sem observações
3048,5947618-28.2023.6.53.6118,54,Civil,Acordo Extrajudicial,Em recurso,Dr. Melo,2021-04-25,2026-03-07,198696.0,5ª Vara Criminal de Recife,Sem observações
3049,9970343-38.2020.5.18.4483,1337,Civil,Acordo Extrajudicial,Acordo,Dra. Cavalcante,2022-02-15,2026-07-21,231534.0,13ª Vara Criminal de Recife,Sem observações
3050,6528202-89.2025.3.17.9496,1210,Trabalhista,Acordo Extrajudicial,Suspenso,Dra. Cavalcante,2023-12-13,2026-02-13,378080.0,8ª Vara Criminal de Recife,Sem observações
3051,8886588-26.2020.9.65.6361,804,Civil,Instrução,Encerrado,Dr. Barros,2021-03-19,2025-04-14,Sem valor,8ª Vara Trabalhista de Recife,Sem observações
3052,2112478-55.2024.2.51.9095,101,Trabalhista,Acordo Extrajudicial,Ativo,Dra. Cavalcante,2020-01-16,2026-05-27,258248.0,8ª Vara Cível de Recife,Sem observações
3053,7722274-26.2024.9.14.7062,1186,Civil,Inicial,Ativo,Dra. Cavalcante,2025-01-23,2026-08-19,261982.0,13ª Vara Trabalhista de Recife,Sem observações
3054,7813974-60.2021.1.81.1542,830,Civil,Execução,Acordo,Dra. Cavalcante,2023-02-07,2025-05-20,Sem valor,12ª Vara Cível de Recife,Sem observações
3055,1964519-55.2020.7.58.6781,1145,Civil,Sentença,Acordo,Dra. Cavalcante,2024-03-09,2025-07-01,238106.0,11ª Vara Trabalhista de Recife,Sem observações
3056,5850223-43.2020.3.81.3185,553,Trabalhista,Recurso,Encerrado,Dra. Fontes,2022-01-17,2025-06-04,221192.0,13ª Vara Cível de Recife,Sem observações
3057,5217157-98.2020.2.64.4094,1080,Trabalhista,Acordo Extrajudicial,Ativo,Dra. Fontes,2020-09-16,Sem prazo delimitado,269693.0,8ª Vara Trabalhista de Recife,Sem observações
3058,1116024-57.2025.8.16.4043,375,Civil,Acordo Extrajudicial,Em recurso,Dr. Barros,2020-02-17,2025-06-12,114947.0,6ª Vara Trabalhista de Recife,Sem observações
3059,5518767-82.2023.4.96.9873,241,Civil,Execução,Suspenso,Dra. Cavalcante,2020-02-12,2025-10-07,186908.0,4ª Vara Cível de Recife,Sem observações
3060,3418432-84.2025.3.59.5858,1494,Trabalhista,Audiência,Encerrado,Dra. Fontes,2025-05-02,2025-04-09,17860.0,14ª Vara Criminal de Recife,Sem observações
3061,7948577-74.2025.1.60.7583,319,Civil,Sentença,Encerrado,Dr. Melo,2022-06-03,2026-03-01,335294.0,20ª Vara Trabalhista de Recife,Sem observações
3062,6414076-16.2021.7.78.8273,440,Trabalhista,Acordo Extrajudicial,Acordo,Dr. Melo,2023-03-27,2025-03-14,325240.0,11ª Vara Trabalhista de Recife,Sem observações
3063,7243958-65.2020.5.25.5047,397,Trabalhista,Execução,Ativo,Dr. Melo,2025-04-19,2025-04-30,76885.0,13ª Vara Trabalhista de Recife,Sem observações
3064,8125196-18.2023.1.53.1215,1191,Trabalhista,Audiência,Em recurso,Dra. Fontes,2025-07-05,2026-03-20,463365.0,1ª Vara Criminal de Recife,Aguardando documentos
3065,1878000-50.2025.7.58.1197,927,Trabalhista,Acordo Extrajudicial,Ativo,Dra. Fontes,2021-09-23,2026-09-28,43562.0,1ª Vara Criminal de Recife,Sem observações
3066,8323566-47.2021.3.26.4644,526,Civil,Instrução,Ativo,Dra. Fontes,2025-04-27,2025-04-23,146873.0,4ª Vara Trabalhista de Recife,Sem observações
3067,9108785-98.2021.3.78.6687,1329,Trabalhista,Instrução,Ativo,Dra. Cavalcante,2025-10-19,Sem prazo delimitado,348237.0,18ª Vara Criminal de Recife,Sem observações
3068,7115217-41.2025.1.67.7692,172,Trabalhista,Instrução,Encerrado,Dr. Barros,2024-02-02,2025-11-15,Sem valor,5ª Vara Trabalhista de Recife,Sem observações
3069,8125196-18.2023.1.53.1215,93,Trabalhista,Inicial,Encerrado,Dra. Fontes,2024-03-17,2025-02-23,480990.0,20ª Vara Criminal de Recife,Sem observações
3070,9953454-93.2020.2.52.5723,466,Trabalhista,Instrução,Ativo,Dra. Cavalcante,2022-11-29,2025-08-10,101387.0,10ª Vara Criminal de Recife,Sem observações
3071,7381740-86.2021.2.88.6570,153,Civil,Arquivado,Ativo,Dr. Barros,2025-04-26,2025-11-23,429865.0,15ª Vara Cível de Recife,Sem observações
3072,6927716-18.2022.9.56.1445,861,Civil,Acordo Extrajudicial,Ativo,Dra. Fontes,2022-07-11,Sem prazo delimitado,Sem valor,13ª Vara Trabalhista de Recife,Sem observações
3073,4493339-70.2021.7.17.8725,1218,Civil,Recurso,Suspenso,Dra. Cavalcante,2022-08-10,2026-05-31,166647.0,5ª Vara Cível de Recife,Sem observações
3074,6445422-21.2020.5.39.8096,1255,Trabalhista,Arquivado,Ativo,Dr. Melo,2024-01-27,2026-12-27,471149.0,5ª Vara Criminal de Recife,Aguardando documentos
3075,7323234-16.2020.9.59.5035,970,Trabalhista,Recurso,Acordo,Dra. Fontes,2023-05-15,2025-06-05,155755.0,1ª Vara Cível de Recife,Sem observações
3076,4092125-65.2025.3.26.9073,383,Civil,Audiência,Encerrado,Dr. Barros,2025-05-10,2026-04-09,103986.0,18ª Vara Criminal de Recife,Sem observações
3077,6547287-16.2023.4.15.7491,262,Trabalhista,Instrução,Encerrado,Dr. Barros,2024-03-21,2026-09-30,68146.0,11ª Vara Cível de Recife,Sem observações
3078,5217157-98.2020.2.64.4094,985,Civil,Audiência,Acordo,Dra. Cavalcante,2022-05-05,2026-03-20,453612.0,17ª Vara Trabalhista de Recife,Sem observações
3079,4938178-62.2020.7.27.6072,353,Trabalhista,Recurso,Ativo,Dr. Melo,2024-05-06,Sem prazo delimitado,395180.0,11ª Vara Cível de Recife,Sem observações
3080,5159882-37.2022.9.71.7550,998,Trabalhista,Sentença,Ativo,Dra. Fontes,2020-05-09,2025-03-16,230679.0,19ª Vara Trabalhista de Recife,Aguardando documentos
3081,6414076-16.2021.7.78.8273,231,Trabalhista,Inicial,Ativo,Dr. Barros,2021-07-16,2025-04-01,360961.0,20ª Vara Criminal de Recife,Sem observações
3082,3679963-72.2020.9.29.7859,660,Trabalhista,Sentença,Acordo,Dra. Cavalcante,2022-11-30,2026-05-16,456853.0,8ª Vara Trabalhista de Recife,Sem observações
3083,9636371-69.2025.8.67.4068,584,Civil,Acordo Extrajudicial,Encerrado,Dra. Cavalcante,2022-07-07,2025-02-21,25970.0,7ª Vara Cível de Recife,Sem observações
3084,7065068-16.2021.7.14.6489,948,Trabalhista,Recurso,Suspenso,Dra. Cavalcante,2022-02-05,2026-02-08,123890.0,16ª Vara Cível de Recife,Sem observações
3085,9057960-29.2025.5.10.6072,1225,Trabalhista,Acordo Extrajudicial,Ativo,Dra. Cavalcante,2023-09-27,2025-06-04,345641.0,12ª Vara Cível de Recife,Aguardando documentos
3086,5159882-37.2022.9.71.7550,646,Civil,Recurso,Encerrado,Dr. Barros,2021-11-19,2026-05-23,281260.0,3ª Vara Criminal de Recife,Sem observações
3087,5991409-16.2021.8.44.1303,147,Trabalhista,Recurso,Ativo,Dr. Melo,2023-12-10,2026-08-19,319284.0,17ª Vara Criminal de Recife,Sem observações
3088,9636371-69.2025.8.67.4068,938,Trabalhista,Recurso,Ativo,Dra. Fontes,2024-11-18,2026-08-08,312412.0,6ª Vara Cível de Recife,Sem observações
3089,7813974-60.2021.1.81.1542,422,Trabalhista,Inicial,Ativo,Dra. Cavalcante,2023-05-23,2025-09-04,140982.0,18ª Vara Criminal de Recife,Aguardando documentos
3090,4016576-41.2022.7.10.6952,500,Trabalhista,Recurso,Encerrado,Dr. Barros,2023-03-29,2025-09-08,75436.0,16ª Vara Criminal de Recife,Sem observações
3091,1833330-93.2025.8.61.3405,91,Civil,Arquivado,Acordo,Dra. Fontes,2022-02-02,2026-07-24,472027.0,1ª Vara Cível de Recife,Sem observações
3092,8097721-13.2023.1.47.8354,86,Civil,Acordo Extrajudicial,Acordo,Dra. Fontes,2024-06-27,2025-04-24,24392.0,10ª Vara Criminal de Recife,Sem observações
3093,6865513-17.2021.7.21.3938,144,Trabalhista,Arquivado,Encerrado,Dr. Melo,2021-08-23,2025-09-17,170539.0,14ª Vara Criminal de Recife,Sem observações
3094,1248003-72.2024.2.80.8472,162,Civil,Acordo Extrajudicial,Ativo,Dra. Cavalcante,2023-09-14,2025-03-30,45334.0,6ª Vara Criminal de Recife,Sem observações
3095,1185885-59.2023.7.19.8433,531,Civil,Sentença,Ativo,Dr. Barros,2021-10-02,2026-12-23,377818.0,6ª Vara Criminal de Recife,Sem observações
3096,2110878-87.2023.8.83.8978,214,Civil,Arquivado,Ativo,Dra. Cavalcante,2023-07-25,2025-06-20,236827.0,18ª Vara Trabalhista de Recife,Aguardando documentos
3097,7862554-22.2024.7.83.6459,1384,Civil,Arquivado,Acordo,Dra. Fontes,2023-03-20,2025-11-02,191144.0,14ª Vara Criminal de Recife,Sem observações
3098,4768255-51.2022.4.94.5695,1288,Trabalhista,Arquivado,Encerrado,Dra. Fontes,2024-07-02,2026-05-19,375758.0,6ª Vara Criminal de Recife,Sem observações
3099,6416661-36.2021.8.21.8496,417,Civil,Arquivado,Encerrado,Dra. Cavalcante,2023-04-13,2025-09-24,391131.0,18ª Vara Cível de Recife,Sem observações
3100,2895065-46.2022.7.67.1438,488,Civil,Sentença,Ativo,Dr. Barros,2025-08-09,2025-11-13,Sem valor,1ª Vara Criminal de Recife,Sem observações
3101,7271178-97.2023.5.84.4243,92,Trabalhista,Inicial,Encerrado,Dra. Cavalcante,2023-03-21,2025-05-10,499622.0,14ª Vara Trabalhista de Recife,Sem observações
3102,3505690-87.2020.8.52.6260,949,Trabalhista,Recurso,Encerrado,Dr. Barros,2020-07-25,Sem prazo delimitado,497812.0,18ª Vara Trabalhista de Recife,Sem observações
3103,2341370-92.2024.9.60.8122,680,Civil,Execução,Ativo,Dra. Fontes,2021-03-12,2026-11-26,Sem valor,9ª Vara Cível de Recife,Sem observações
3104,2461262-96.2021.6.48.1315,133,Civil,Acordo Extrajudicial,Ativo,Dr. Barros,2025-04-25,2025-08-18,Sem valor,10ª Vara Cível de Recife,Aguardando documentos
3105,1676369-34.2022.3.47.6087,236,Civil,Sentença,Encerrado,Dr. Barros,2025-10-08,2026-05-14,445845.0,20ª Vara Trabalhista de Recife,Sem observações
3106,8209168-30.2020.1.41.7632,971,Trabalhista,Instrução,Suspenso,Dra. Fontes,2023-07-17,2026-11-20,316210.0,11ª Vara Trabalhista de Recife,Sem observações
3107,1614850-25.2020.8.85.3161,245,Civil,Audiência,Ativo,Dra. Cavalcante,2023-10-06,2026-04-01,Sem valor,17ª Vara Cível de Recife,Aguardando documentos
3108,5438623-45.2022.4.51.7250,301,Trabalhista,Sentença,Ativo,Dra. Fontes,2025-10-24,2026-10-21,Sem valor,16ª Vara Criminal de Recife,Aguardando documentos
3109,9086174-80.2025.1.81.3292,481,Trabalhista,Audiência,Suspenso,Dr. Barros,2020-08-25,2025-04-17,242165.0,5ª Vara Cível de Recife,Sem observações
3110,4507711-38.2024.2.34.4732,277,Civil,Acordo Extrajudicial,Encerrado,Dra. Cavalcante,2024-10-01,2026-07-02,484069.0,9ª Vara Cível de Recife,Sem observações
3111,5058333-37.2021.3.98.8848,1132,Trabalhista,Arquivado,Em recurso,Dr. Melo,2020-11-18,2025-05-10,Sem valor,16ª Vara Cível de Recife,Sem observações
3112,7115217-41.2025.1.67.7692,1449,Trabalhista,Execução,Em recurso,Dr. Melo,2025-05-20,2025-03-23,127533.0,4ª Vara Cível de Recife,Aguardando documentos
3113,5514997-95.2024.1.84.8098,82,Civil,Sentença,Encerrado,Dra. Fontes,2025-12-06,2025-07-18,Sem valor,8ª Vara Trabalhista de Recife,Sem observações
3114,1742202-63.2023.6.68.9372,1087,Civil,Arquivado,Encerrado,Dra. Fontes,2024-02-29,2026-01-18,141699.0,3ª Vara Criminal de Recife,Sem observações
3115,2186433-37.2022.2.12.4344,748,Trabalhista,Recurso,Encerrado,Dr. Barros,2025-09-26,2026-07-20,487242.0,7ª Vara Cível de Recife,Sem observações
3116,4299848-20.2023.2.47.7396,758,Civil,Recurso,Ativo,Dra. Cavalcante,2025-01-13,2026-12-25,Sem valor,5ª Vara Cível de Recife,Sem observações
3117,6384831-67.2022.5.89.7429,292,Civil,Recurso,Ativo,Dra. Fontes,2024-08-25,2025-02-18,454999.0,1ª Vara Cível de Recife,Aguardando documentos
3118,4493339-70.2021.7.17.8725,175,Trabalhista,Recurso,Ativo,Dr. Melo,2021-07-10,2026-11-14,164797.0,9ª Vara Trabalhista de Recife,Sem observações
3119,7820540-78.2023.1.75.4823,1438,Trabalhista,Sentença,Ativo,Dr. Melo,2024-05-17,2025-11-16,449927.0,9ª Vara Trabalhista de Recife,Sem observações
3120,6694761-39.2022.1.10.2199,383,Trabalhista,Sentença,Suspenso,Dra. Fontes,2023-02-14,2026-05-07,229210.0,2ª Vara Trabalhista de Recife,Sem observações
3121,3542616-60.2022.3.87.6536,1189,Civil,Instrução,Encerrado,Dra. Cavalcante,2023-12-17,2026-04-16,36331.0,12ª Vara Cível de Recife,Aguardando documentos
3122,4092125-65.2025.3.26.9073,1178,Trabalhista,Audiência,Ativo,Dra. Cavalcante,2022-03-04,2025-08-06,124760.0,9ª Vara Cível de Recife,Aguardando documentos
3123,8097721-13.2023.1.47.8354,1310,Civil,Audiência,Ativo,Dra. Cavalcante,2021-11-28,2026-01-12,Sem valor,11ª Vara Trabalhista de Recife,Aguardando documentos
3124,5214684-96.2020.6.84.9986,1207,Trabalhista,Execução,Em recurso,Dr. Barros,2024-08-07,2026-10-30,Sem valor,17ª Vara Criminal de Recife,Aguardando documentos
3125,1896520-28.2021.5.90.5374,1183,Civil,Instrução,Ativo,Dr. Melo,2022-01-26,2026-01-22,Sem valor,9ª Vara Cível de Recife,Aguardando documentos
3126,5289264-48.2020.4.41.6347,1266,Civil,Sentença,Acordo,Dr. Barros,2026-01-21,2026-11-06,48187.0,13ª Vara Criminal de Recife,Sem observações
3127,1311508-84.2020.3.38.8512,992,Trabalhista,Acordo Extrajudicial,Suspenso,Dr. Barros,2022-01-28,2026-03-21,15123.0,8ª Vara Cível de Recife,Sem observações
3128,8286828-70.2022.9.31.8012,99,Trabalhista,Execução,Encerrado,Dr. Barros,2020-09-01,2026-12-11,114508.0,14ª Vara Cível de Recife,Aguardando documentos
3129,6370110-64.2022.3.52.8440,1264,Civil,Acordo Extrajudicial,Encerrado,Dra. Fontes,2025-09-05,2026-01-10,Sem valor,9ª Vara Cível de Recife,Sem observações
3130,7274275-74.2020.1.22.9780,1114,Trabalhista,Acordo Extrajudicial,Ativo,Dr. Melo,2025-12-15,2026-08-01,370135.0,13ª Vara Criminal de Recife,Sem observações
3131,9666878-83.2023.6.29.9905,665,Trabalhista,Execução,Ativo,Dra. Cavalcante,2022-03-22,2026-04-28,344595.0,5ª Vara Cível de Recife,Sem observações
3132,7626521-25.2020.9.17.3305,285,Civil,Sentença,Ativo,Dra. Fontes,2022-10-01,2026-12-25,266085.0,17ª Vara Cível de Recife,Sem observações
3133,1272937-41.2023.5.75.9958,834,Trabalhista,Audiência,Suspenso,Dr. Barros,2021-06-28,2025-10-10,18476.0,7ª Vara Cível de Recife,Sem observações
3134,4687348-31.2023.1.92.6907,867,Trabalhista,Instrução,Ativo,Dr. Barros,2026-04-23,2026-02-25,208675.0,11ª Vara Criminal de Recife,Sem observações
3135,5159219-49.2023.5.25.3676,1257,Trabalhista,Instrução,Ativo,Dra. Fontes,2025-10-17,2025-11-27,Sem valor,10ª Vara Trabalhista de Recife,Sem observações
3136,5850223-43.2020.3.81.3185,48,Trabalhista,Instrução,Encerrado,Dra. Fontes,2026-02-20,2025-12-12,194678.0,20ª Vara Criminal de Recife,Aguardando documentos
3137,5953905-94.2022.5.44.3245,1305,Civil,Recurso,Ativo,Dra. Cavalcante,2022-02-03,2026-10-23,108343.0,13ª Vara Criminal de Recife,Sem observações
3138,9774395-92.2023.2.75.3192,595,Trabalhista,Inicial,Acordo,Dra. Fontes,2021-10-19,2025-09-30,Sem valor,13ª Vara Trabalhista de Recife,Sem observações
3139,2397582-22.2023.9.93.4223,634,Trabalhista,Acordo Extrajudicial,Ativo,Dr. Barros,2026-02-18,2026-01-21,380011.0,5ª Vara Trabalhista de Recife,Sem observações
3140,2461262-96.2021.6.48.1315,196,Civil,Arquivado,Encerrado,Dra. Fontes,2020-08-17,2025-08-20,Sem valor,4ª Vara Trabalhista de Recife,Sem observações
3141,3754895-37.2021.6.18.8502,183,Trabalhista,Arquivado,Acordo,Dra. Fontes,2020-07-11,2025-11-19,122836.0,12ª Vara Criminal de Recife,Sem observações
3142,5747786-52.2023.7.30.3750,1457,Civil,Instrução,Ativo,Dr. Melo,2021-12-05,2025-12-19,166468.0,14ª Vara Trabalhista de Recife,Sem observações
3143,6418382-43.2020.8.63.9133,1410,Trabalhista,Inicial,Ativo,Dra. Cavalcante,2024-06-13,2025-06-12,Sem valor,10ª Vara Criminal de Recife,Sem observações
3144,8286828-70.2022.9.31.8012,653,Civil,Execução,Ativo,Dr. Barros,2025-07-16,2025-05-20,Sem valor,5ª Vara Cível de Recife,Sem observações
3145,8677980-28.2024.9.94.6552,248,Trabalhista,Inicial,Encerrado,Dr. Melo,2021-07-27,2025-11-05,465274.0,2ª Vara Cível de Recife,Sem observações
3146,3576390-15.2021.2.82.8209,823,Trabalhista,Audiência,Ativo,Dra. Fontes,2023-11-23,2026-11-11,160801.0,13ª Vara Trabalhista de Recife,Sem observações
3147,9798556-59.2021.3.62.3110,188,Trabalhista,Recurso,Encerrado,Dra. Cavalcante,2023-10-05,2026-09-14,297969.0,19ª Vara Cível de Recife,Aguardando documentos
3148,8678370-92.2025.7.35.9962,1314,Civil,Acordo Extrajudicial,Ativo,Dra. Fontes,2021-06-21,2025-12-04,Sem valor,1ª Vara Trabalhista de Recife,Sem observações
3149,7539718-58.2020.2.52.9800,1074,Trabalhista,Audiência,Acordo,Dra. Fontes,2023-11-05,2025-02-23,186210.0,3ª Vara Cível de Recife,Sem observações
3150,8986773-71.2022.6.45.5854,836,Trabalhista,Audiência,Acordo,Dr. Barros,2020-07-19,2026-02-13,Sem valor,15ª Vara Trabalhista de Recife,Sem observações
3151,2461262-96.2021.6.48.1315,698,Trabalhista,Recurso,Ativo,Dr. Melo,2025-05-02,2025-05-08,27744.0,17ª Vara Trabalhista de Recife,Aguardando documentos
3152,6003915-30.2025.6.37.7681,272,Trabalhista,Acordo Extrajudicial,Ativo,Dr. Barros,2022-08-29,2026-02-15,221673.0,20ª Vara Criminal de Recife,Aguardando documentos
3153,5755257-93.2020.8.44.2882,126,Civil,Instrução,Ativo,Dra. Fontes,2025-07-27,2025-09-17,153232.0,4ª Vara Criminal de Recife,Sem observações
3154,7243958-65.2020.5.25.5047,1347,Civil,Inicial,Ativo,Dr. Melo,2022-09-11,2025-07-28,124568.0,2ª Vara Trabalhista de Recife,Aguardando documentos
3155,2118934-75.2023.5.97.9563,69,Trabalhista,Inicial,Ativo,Dr. Barros,2022-10-06,2026-04-12,197061.0,7ª Vara Trabalhista de Recife,Sem observações
3156,8209168-30.2020.1.41.7632,318,Civil,Instrução,Encerrado,Dr. Barros,2021-02-08,2025-09-09,324338.0,18ª Vara Cível de Recife,Sem observações
3157,1101935-78.2023.5.88.5299,1448,Trabalhista,Execução,Ativo,Dra. Fontes,2021-03-13,2025-06-28,Sem valor,11ª Vara Criminal de Recife,Sem observações
3158,1974389-81.2024.5.57.9354,791,Civil,Sentença,Encerrado,Dr. Melo,2020-04-30,2025-10-29,470298.0,18ª Vara Cível de Recife,Sem observações
3159,4417916-40.2022.7.26.4278,880,Civil,Sentença,Ativo,Dr. Barros,2020-03-30,2026-06-07,127495.0,4ª Vara Trabalhista de Recife,Sem observações
3160,2842764-33.2025.7.99.7279,237,Civil,Execução,Encerrado,Dra. Cavalcante,2024-06-08,2025-07-14,466847.0,2ª Vara Trabalhista de Recife,Sem observações
3161,8749473-21.2020.4.12.9144,159,Civil,Audiência,Em recurso,Dra. Fontes,2020-09-30,2025-10-09,197724.0,10ª Vara Criminal de Recife,Aguardando documentos
3162,1757615-27.2025.7.10.3762,838,Civil,Recurso,Suspenso,Dr. Barros,2023-08-03,2026-02-04,484305.0,20ª Vara Trabalhista de Recife,Sem observações
3163,8886588-26.2020.9.65.6361,980,Trabalhista,Arquivado,Acordo,Dr. Barros,2023-05-27,2025-03-27,193775.0,10ª Vara Trabalhista de Recife,Sem observações
3164,1667591-67.2025.4.69.9424,673,Civil,Inicial,Ativo,Dr. Barros,2021-01-15,Sem prazo delimitado,94463.0,4ª Vara Criminal de Recife,Sem observações
3165,9573194-21.2022.1.35.8352,918,Civil,Recurso,Ativo,Dr. Melo,2023-06-04,Sem prazo delimitado,24091.0,16ª Vara Cível de Recife,Sem observações
3166,6935346-77.2024.3.52.9529,361,Civil,Execução,Encerrado,Dra. Fontes,2023-11-07,Sem prazo delimitado,406001.0,6ª Vara Trabalhista de Recife,Sem observações
3167,7724543-49.2023.9.44.7412,1373,Trabalhista,Acordo Extrajudicial,Acordo,Dra. Fontes,2023-04-04,2025-11-29,386802.0,5ª Vara Cível de Recife,Sem observações
3168,3675188-38.2025.9.53.3305,420,Trabalhista,Sentença,Suspenso,Dra. Fontes,2021-06-01,2025-07-02,Sem valor,5ª Vara Trabalhista de Recife,Sem observações
3169,6384831-67.2022.5.89.7429,506,Trabalhista,Instrução,Ativo,Dra. Cavalcante,2023-03-24,2025-11-04,Sem valor,8ª Vara Trabalhista de Recife,Sem observações
3170,3734843-61.2021.3.94.2954,145,Civil,Arquivado,Acordo,Dr. Melo,2020-06-22,2026-06-23,109497.0,18ª Vara Criminal de Recife,Sem observações
3171,5438623-45.2022.4.51.7250,218,Trabalhista,Inicial,Encerrado,Dra. Cavalcante,2026-10-02,2026-09-01,25799.0,5ª Vara Cível de Recife,Sem observações
3172,5518767-82.2023.4.96.9873,1483,Civil,Inicial,Acordo,Dr. Melo,2025-04-14,2025-09-16,171594.0,3ª Vara Cível de Recife,Sem observações
3173,9636371-69.2025.8.67.4068,1039,Trabalhista,Acordo Extrajudicial,Ativo,Dr. Melo,2021-09-03,2026-09-18,471057.0,15ª Vara Criminal de Recife,Sem observações
3174,8168054-14.2024.6.50.1232,1375,Civil,Sentença,Ativo,Dra. Cavalcante,2025-07-10,2026-11-24,Sem valor,8ª Vara Criminal de Recife,Sem observações
3175,6547287-16.2023.4.15.7491,536,Civil,Sentença,Encerrado,Dr. Barros,2024-08-04,2025-03-27,346752.0,1ª Vara Trabalhista de Recife,Sem observações
3176,7640585-40.2023.1.57.1721,670,Trabalhista,Acordo Extrajudicial,Ativo,Dr. Melo,2025-12-28,2025-12-03,Sem valor,15ª Vara Cível de Recife,Sem observações
3177,9302979-43.2025.9.68.7487,1345,Civil,Sentença,Ativo,Dr. Melo,2024-07-06,2026-10-05,153203.0,12ª Vara Cível de Recife,Aguardando documentos
3178,2837371-36.2022.7.88.5428,534,Trabalhista,Instrução,Ativo,Dr. Barros,2026-04-27,2026-11-08,118574.0,1ª Vara Cível de Recife,Sem observações
3179,6267378-50.2021.9.19.9923,522,Civil,Instrução,Ativo,Dra. Fontes,2021-09-06,2025-01-12,45625.0,10ª Vara Cível de Recife,Sem observações
3180,5214684-96.2020.6.84.9986,654,Trabalhista,Instrução,Encerrado,Dra. Fontes,2021-03-11,2025-05-08,489329.0,20ª Vara Cível de Recife,Aguardando documentos
3181,7749444-78.2021.1.20.8763,849,Civil,Inicial,Encerrado,Dr. Melo,2025-03-10,2026-05-11,48490.0,10ª Vara Criminal de Recife,Sem observações
3182,5438623-45.2022.4.51.7250,121,Trabalhista,Audiência,Ativo,Dr. Melo,2022-10-05,2025-07-13,383161.0,14ª Vara Trabalhista de Recife,Sem observações
3183,1602496-64.2022.5.79.8340,198,Civil,Instrução,Encerrado,Dra. Fontes,2022-03-23,2026-11-22,318856.0,15ª Vara Criminal de Recife,Sem observações
3184,7941836-76.2025.4.34.6543,122,Trabalhista,Sentença,Encerrado,Dr. Barros,2022-05-12,2026-05-20,59456.0,17ª Vara Cível de Recife,Sem observações
3185,2884639-86.2023.2.31.8737,1104,Trabalhista,Sentença,Acordo,Dr. Melo,2021-01-18,2025-01-05,456698.0,19ª Vara Cível de Recife,Sem observações
3186,6254488-31.2024.9.48.3216,637,Civil,Execução,Ativo,Dra. Cavalcante,2022-10-14,2025-06-04,347956.0,5ª Vara Criminal de Recife,Sem observações
3187,5432782-56.2021.2.97.6240,1451,Trabalhista,Sentença,Em recurso,Dr. Barros,2020-01-09,2026-11-06,178186.0,2ª Vara Criminal de Recife,Sem observações
3188,1615190-23.2022.2.42.6238,170,Trabalhista,Sentença,Encerrado,Dra. Fontes,2022-09-26,2025-08-08,200142.0,7ª Vara Criminal de Recife,Sem observações
3189,6003915-30.2025.6.37.7681,650,Civil,Audiência,Em recurso,Dra. Fontes,2024-03-10,2026-08-30,155857.0,14ª Vara Cível de Recife,Sem observações
3190,3588109-63.2023.1.26.4223,753,Trabalhista,Acordo Extrajudicial,Ativo,Dra. Fontes,2026-03-25,2025-05-04,175983.0,1ª Vara Trabalhista de Recife,Sem observações
3191,2341370-92.2024.9.60.8122,73,Civil,Sentença,Ativo,Dr. Barros,2024-03-24,2026-02-12,208050.0,15ª Vara Criminal de Recife,Sem observações
3192,5514997-95.2024.1.84.8098,833,Trabalhista,Acordo Extrajudicial,Acordo,Dra. Fontes,2025-12-13,2025-11-20,20418.0,12ª Vara Trabalhista de Recife,Sem observações
3193,1931030-34.2024.8.48.5319,20,Trabalhista,Inicial,Ativo,Dra. Cavalcante,2021-07-03,2025-06-21,417921.0,9ª Vara Criminal de Recife,Sem observações
3194,2191287-57.2021.1.18.8228,218,Trabalhista,Sentença,Ativo,Dr. Barros,2020-08-12,2025-03-27,27903.0,2ª Vara Trabalhista de Recife,Sem observações
3195,8168054-14.2024.6.50.1232,1232,Civil,Instrução,Ativo,Dr. Barros,2023-12-01,2025-01-25,Sem valor,13ª Vara Criminal de Recife,Sem observações
3196,5614769-67.2022.9.87.1001,180,Trabalhista,Execução,Encerrado,Dr. Melo,2025-08-07,2026-08-05,179119.0,20ª Vara Criminal de Recife,Sem observações
3197,7274275-74.2020.1.22.9780,1242,Trabalhista,Instrução,Ativo,Dra. Fontes,2024-03-29,Sem prazo delimitado,Sem valor,18ª Vara Trabalhista de Recife,Sem observações
3198,5966644-82.2023.4.88.9951,150,Trabalhista,Inicial,Ativo,Dra. Cavalcante,2024-09-06,2025-11-12,Sem valor,17ª Vara Criminal de Recife,Sem observações
3199,4299848-20.2023.2.47.7396,54,Civil,Arquivado,Acordo,Dra. Cavalcante,2025-03-20,2025-12-20,439162.0,10ª Vara Criminal de Recife,Sem observações
3200,1346701-74.2024.1.65.8985,653,Civil,Instrução,Ativo,Dra. Cavalcante,2021-04-16,2026-04-21,489255.0,5ª Vara Trabalhista de Recife,Aguardando documentos
3201,5631823-61.2020.5.47.1440,1086,Trabalhista,Audiência,Ativo,Dr. Melo,2024-10-17,2025-08-01,304443.0,3ª Vara Criminal de Recife,Sem observações
3202,3418432-84.2025.3.59.5858,558,Civil,Recurso,Encerrado,Dr. Barros,2025-12-14,2026-02-23,Sem valor,20ª Vara Trabalhista de Recife,Aguardando documentos
3203,9498791-62.2022.6.73.9564,1101,Trabalhista,Inicial,Encerrado,Dra. Cavalcante,2021-06-17,2026-07-12,96858.0,11ª Vara Criminal de Recife,Aguardando documentos
3204,3724721-44.2021.9.75.5553,87,Civil,Audiência,Ativo,Dr. Melo,2025-02-13,2026-07-24,458879.0,17ª Vara Criminal de Recife,Sem observações
3205,8286828-70.2022.9.31.8012,259,Trabalhista,Execução,Ativo,Dra. Fontes,2025-12-11,2025-02-19,Sem valor,3ª Vara Criminal de Recife,Aguardando documentos
3206,7323234-16.2020.9.59.5035,795,Trabalhista,Sentença,Ativo,Dra. Fontes,2024-12-14,2026-03-11,Sem valor,9ª Vara Criminal de Recife,Sem observações
3207,1438459-62.2020.7.78.3410,2,Trabalhista,Arquivado,Ativo,Dr. Barros,2020-12-19,2026-06-25,219214.0,11ª Vara Trabalhista de Recife,Sem observações
3208,1667591-67.2025.4.69.9424,327,Trabalhista,Sentença,Ativo,Dr. Barros,2023-06-13,2026-12-17,433994.0,6ª Vara Criminal de Recife,Sem observações
3209,9885734-21.2023.9.74.3450,1047,Civil,Acordo Extrajudicial,Suspenso,Dr. Barros,2021-09-24,2025-05-05,Sem valor,16ª Vara Trabalhista de Recife,Sem observações
3210,5518767-82.2023.4.96.9873,1167,Trabalhista,Sentença,Encerrado,Dr. Barros,2024-01-13,2025-12-23,Sem valor,20ª Vara Criminal de Recife,Sem observações
3211,4893809-11.2021.7.19.9759,134,Trabalhista,Audiência,Acordo,Dr. Melo,2022-07-26,2026-09-07,195332.0,11ª Vara Criminal de Recife,Sem observações
3212,2545435-52.2025.3.59.7623,780,Civil,Recurso,Ativo,Dra. Fontes,2025-08-23,2026-03-12,263397.0,3ª Vara Criminal de Recife,Sem observações
3213,8129073-22.2024.4.16.9656,873,Trabalhista,Arquivado,Ativo,Dra. Cavalcante,2024-03-28,2026-01-05,348874.0,10ª Vara Criminal de Recife,Sem observações
3214,5035093-45.2021.1.27.3097,936,Civil,Instrução,Ativo,Dr. Barros,2022-06-10,2026-01-08,353925.0,2ª Vara Trabalhista de Recife,Sem observações
3215,7381740-86.2021.2.88.6570,1105,Trabalhista,Inicial,Ativo,Dr. Melo,2024-10-23,Sem prazo delimitado,348989.0,13ª Vara Cível de Recife,Sem observações
3216,3588109-63.2023.1.26.4223,1078,Civil,Arquivado,Encerrado,Dra. Cavalcante,2023-08-03,2026-04-30,334661.0,20ª Vara Criminal de Recife,Sem observações
3217,6944389-98.2023.1.72.8245,1455,Civil,Acordo Extrajudicial,Acordo,Dra. Fontes,2020-08-03,2026-04-27,350276.0,9ª Vara Cível de Recife,Sem observações
3218,6267378-50.2021.9.19.9923,307,Trabalhista,Arquivado,Encerrado,Dr. Melo,2020-06-26,2026-06-25,Sem valor,9ª Vara Criminal de Recife,Sem observações
3219,3541821-31.2021.8.96.1927,42,Trabalhista,Sentença,Ativo,Dr. Melo,2020-01-01,2026-10-25,467357.0,14ª Vara Cível de Recife,Aguardando documentos
3220,7724543-49.2023.9.44.7412,380,Civil,Inicial,Ativo,Dra. Cavalcante,2024-04-19,2026-07-26,398195.0,10ª Vara Cível de Recife,Sem observações
3221,1754781-28.2025.6.89.2162,838,Trabalhista,Audiência,Ativo,Dr. Melo,2024-06-30,2025-06-02,315298.0,12ª Vara Criminal de Recife,Sem observações
3222,4064382-39.2022.4.13.8937,32,Civil,Audiência,Suspenso,Dra. Fontes,2021-06-17,Sem prazo delimitado,142360.0,19ª Vara Cível de Recife,Sem observações
3223,5483975-50.2024.8.92.4422,861,Trabalhista,Acordo Extrajudicial,Encerrado,Dra. Fontes,2020-06-12,2025-12-17,256874.0,14ª Vara Cível de Recife,Sem observações
3224,8382607-83.2020.6.26.3936,1434,Trabalhista,Execução,Ativo,Dr. Melo,2025-05-19,2026-03-13,263893.0,18ª Vara Cível de Recife,Aguardando documentos
3225,4065326-72.2025.8.58.5304,819,Civil,Audiência,Encerrado,Dra. Cavalcante,2023-07-09,2025-03-30,11309.0,4ª Vara Trabalhista de Recife,Sem observações
3226,4494463-44.2022.5.80.7542,466,Civil,Instrução,Ativo,Dra. Cavalcante,2021-11-28,2026-07-03,461803.0,11ª Vara Trabalhista de Recife,Sem observações
3227,3922248-27.2025.1.42.4047,861,Civil,Instrução,Ativo,Dr. Barros,2024-02-24,2025-01-11,175343.0,8ª Vara Trabalhista de Recife,Sem observações
3228,3679963-72.2020.9.29.7859,616,Civil,Audiência,Suspenso,Dr. Barros,2023-08-20,2025-10-15,310114.0,17ª Vara Cível de Recife,Sem observações
3229,2186433-37.2022.2.12.4344,1321,Civil,Recurso,Ativo,Dr. Barros,2020-02-17,2026-09-15,436039.0,18ª Vara Criminal de Recife,Sem observações
3230,4417916-40.2022.7.26.4278,1149,Trabalhista,Instrução,Ativo,Dr. Melo,2020-05-18,2026-02-02,223918.0,10ª Vara Trabalhista de Recife,Sem observações
3231,1664676-19.2021.8.64.4616,1325,Civil,Audiência,Encerrado,Dra. Fontes,2023-07-30,2025-07-15,344427.0,15ª Vara Cível de Recife,Sem observações
3232,1933296-95.2024.5.69.8317,1422,Trabalhista,Recurso,Ativo,Dr. Melo,2025-11-25,2026-05-25,Sem valor,17ª Vara Cível de Recife,Sem observações
3233,7141324-67.2025.3.86.3413,1136,Civil,Instrução,Encerrado,Dra. Cavalcante,2022-04-08,2026-03-24,Sem valor,9ª Vara Trabalhista de Recife,Sem observações
3234,4229107-99.2020.7.61.3978,348,Trabalhista,Arquivado,Ativo,Dra. Fontes,2021-06-09,2026-12-26,422541.0,9ª Vara Trabalhista de Recife,Sem observações
3235,8209168-30.2020.1.41.7632,1082,Trabalhista,Inicial,Ativo,Dr. Barros,2024-12-02,Sem prazo delimitado,69628.0,10ª Vara Trabalhista de Recife,Sem observações
3236,6953559-38.2025.7.42.9212,1080,Trabalhista,Inicial,Ativo,Dra. Cavalcante,2020-07-06,Sem prazo delimitado,133656.0,16ª Vara Trabalhista de Recife,Sem observações
3237,5703772-88.2020.8.34.6114,1301,Civil,Recurso,Suspenso,Dr. Barros,2021-06-11,2025-11-10,269572.0,2ª Vara Criminal de Recife,Aguardando documentos
3238,6018860-77.2022.1.94.1315,303,Trabalhista,Audiência,Acordo,Dra. Cavalcante,2026-07-02,2026-01-06,Sem valor,16ª Vara Cível de Recife,Sem observações
3239,9110060-16.2025.2.29.4716,1167,Trabalhista,Sentença,Encerrado,Dra. Fontes,2021-09-04,2025-05-15,Sem valor,9ª Vara Criminal de Recife,Sem observações
3240,5266269-78.2021.7.59.1392,590,Civil,Recurso,Ativo,Dra. Fontes,2022-03-20,2025-05-14,97130.0,6ª Vara Trabalhista de Recife,Sem observações
3241,8986773-71.2022.6.45.5854,688,Trabalhista,Sentença,Ativo,Dra. Fontes,2025-08-20,2025-09-29,406589.0,1ª Vara Cível de Recife,Sem observações
3242,8655267-17.2025.3.63.4188,1195,Civil,Recurso,Ativo,Dr. Melo,2023-03-13,2025-07-20,11482.0,19ª Vara Cível de Recife,Sem observações
3243,3346094-93.2020.2.94.1759,1408,Trabalhista,Acordo Extrajudicial,Suspenso,Dra. Cavalcante,2024-03-01,2025-09-19,346239.0,2ª Vara Cível de Recife,Sem observações
3244,7110796-41.2020.3.80.5362,446,Trabalhista,Recurso,Ativo,Dra. Cavalcante,2021-11-28,2025-08-10,342846.0,4ª Vara Cível de Recife,Sem observações
3245,8714773-70.2022.9.65.8541,862,Trabalhista,Arquivado,Ativo,Dr. Barros,2020-01-31,2026-12-16,345033.0,2ª Vara Trabalhista de Recife,Sem observações
3246,7243958-65.2020.5.25.5047,474,Trabalhista,Recurso,Ativo,Dr. Barros,2022-07-10,2026-07-15,271377.0,9ª Vara Cível de Recife,Sem observações
3247,6953559-38.2025.7.42.9212,208,Trabalhista,Audiência,Suspenso,Dr. Barros,2025-01-17,2026-10-06,Sem valor,11ª Vara Cível de Recife,Sem observações
3248,4433355-55.2023.8.48.9346,642,Civil,Recurso,Encerrado,Dr. Melo,2022-08-11,2025-11-10,285873.0,3ª Vara Trabalhista de Recife,Sem observações
3249,3260101-88.2022.8.37.9169,544,Trabalhista,Inicial,Ativo,Dra. Cavalcante,2023-04-28,2026-01-15,183761.0,17ª Vara Criminal de Recife,Sem observações
3250,9824532-76.2023.6.37.2040,468,Trabalhista,Sentença,Suspenso,Dr. Melo,2025-05-19,2026-12-20,Sem valor,18ª Vara Trabalhista de Recife,Aguardando documentos
3251,1346701-74.2024.1.65.8985,425,Trabalhista,Instrução,Ativo,Dr. Melo,2025-10-29,2026-04-11,Sem valor,7ª Vara Cível de Recife,Sem observações
3252,9810112-12.2021.1.97.8847,866,Trabalhista,Recurso,Ativo,Dra. Cavalcante,2024-02-02,2026-06-11,438714.0,20ª Vara Cível de Recife,Aguardando documentos
3253,5514997-95.2024.1.84.8098,325,Civil,Sentença,Encerrado,Dr. Barros,2022-08-22,2026-01-01,58360.0,13ª Vara Trabalhista de Recife,Sem observações
3254,6547287-16.2023.4.15.7491,101,Civil,Instrução,Ativo,Dr. Melo,2021-07-12,2025-05-12,230743.0,3ª Vara Trabalhista de Recife,Sem observações
3255,7687351-51.2022.6.73.6768,483,Trabalhista,Inicial,Encerrado,Dra. Cavalcante,2025-09-18,2026-01-15,344090.0,17ª Vara Cível de Recife,Sem observações
3256,8843195-99.2024.6.39.2836,40,Civil,Arquivado,Encerrado,Dra. Fontes,2024-04-30,2026-12-02,439281.0,1ª Vara Cível de Recife,Sem observações
3257,4134515-43.2021.8.70.4879,345,Trabalhista,Acordo Extrajudicial,Ativo,Dra. Cavalcante,2022-10-04,2025-08-10,56627.0,17ª Vara Trabalhista de Recife,Sem observações
3258,3879233-61.2024.5.30.1494,1156,Civil,Arquivado,Em recurso,Dr. Melo,2021-05-03,2025-08-20,Sem valor,16ª Vara Trabalhista de Recife,Sem observações
3259,5545511-73.2023.1.66.9757,233,Trabalhista,Inicial,Ativo,Dr. Melo,2020-11-19,2025-02-07,193497.0,20ª Vara Trabalhista de Recife,Sem observações
3260,4874996-38.2022.9.94.8154,1385,Civil,Acordo Extrajudicial,Ativo,Dra. Fontes,2021-09-26,2025-12-23,285484.0,11ª Vara Cível de Recife,Sem observações
3261,5074974-98.2023.8.21.9881,1134,Trabalhista,Sentença,Encerrado,Dr. Melo,2025-07-29,Sem prazo delimitado,Sem valor,16ª Vara Trabalhista de Recife,Sem observações
3262,8678370-92.2025.7.35.9962,1290,Civil,Acordo Extrajudicial,Ativo,Dr. Barros,2021-12-09,2026-05-26,175148.0,16ª Vara Criminal de Recife,Aguardando documentos
3263,8655267-17.2025.3.63.4188,244,Trabalhista,Inicial,Ativo,Dr. Barros,2025-06-30,2026-01-30,Sem valor,15ª Vara Criminal de Recife,Sem observações
3264,8183950-10.2021.5.84.9388,1402,Trabalhista,Instrução,Encerrado,Dra. Cavalcante,2023-06-03,2025-12-28,98754.0,5ª Vara Trabalhista de Recife,Aguardando documentos
3265,2112478-55.2024.2.51.9095,1317,Civil,Acordo Extrajudicial,Encerrado,Dr. Barros,2022-12-19,2026-11-28,Sem valor,10ª Vara Trabalhista de Recife,Aguardando documentos
3266,6944389-98.2023.1.72.8245,309,Trabalhista,Sentença,Encerrado,Dra. Fontes,2020-05-04,2026-03-23,144876.0,1ª Vara Trabalhista de Recife,Sem observações
3267,8827641-36.2022.5.59.8715,121,Trabalhista,Arquivado,Ativo,Dr. Melo,2025-09-07,Sem prazo delimitado,71181.0,17ª Vara Cível de Recife,Sem observações
3268,6260319-38.2024.8.96.1114,442,Civil,Acordo Extrajudicial,Ativo,Dr. Barros,2022-06-14,2025-11-26,98434.0,1ª Vara Cível de Recife,Aguardando documentos
3269,7724543-49.2023.9.44.7412,1388,Trabalhista,Sentença,Encerrado,Dra. Cavalcante,2023-12-15,2025-03-19,Sem valor,8ª Vara Trabalhista de Recife,Sem observações
3270,4140100-24.2024.4.63.7178,911,Trabalhista,Recurso,Encerrado,Dr. Melo,2024-05-27,2026-06-24,219384.0,19ª Vara Criminal de Recife,Aguardando documentos
3271,3879233-61.2024.5.30.1494,426,Civil,Audiência,Ativo,Dra. Cavalcante,2024-12-12,2026-07-16,Sem valor,9ª Vara Cível de Recife,Sem observações
3272,4510407-23.2020.5.18.6055,1218,Civil,Execução,Encerrado,Dra. Fontes,2025-04-11,2026-07-14,286113.0,4ª Vara Criminal de Recife,Sem observações
3273,3248366-98.2020.5.11.6279,500,Trabalhista,Instrução,Ativo,Dr. Barros,2023-08-30,2025-03-09,Sem valor,13ª Vara Criminal de Recife,Sem observações
3274,6334947-38.2020.4.71.6173,1031,Civil,Acordo Extrajudicial,Encerrado,Dr. Melo,2022-12-08,2025-07-03,35726.0,14ª Vara Cível de Recife,Sem observações
3275,1353022-94.2023.9.79.1203,512,Trabalhista,Acordo Extrajudicial,Ativo,Dra. Cavalcante,2020-09-11,2026-07-11,222941.0,8ª Vara Criminal de Recife,Sem observações
3276,9108785-98.2021.3.78.6687,1374,Trabalhista,Recurso,Ativo,Dr. Melo,2021-07-21,2026-03-30,Sem valor,13ª Vara Cível de Recife,Sem observações
3277,5116418-16.2025.3.98.2234,1183,Trabalhista,Execução,Encerrado,Dra. Fontes,2020-02-10,2026-07-13,Sem valor,13ª Vara Trabalhista de Recife,Sem observações
3278,2294596-63.2020.6.38.9193,695,Trabalhista,Sentença,Ativo,Dr. Barros,2020-10-02,2025-10-08,365568.0,19ª Vara Cível de Recife,Sem observações
3279,7141324-67.2025.3.86.3413,1378,Trabalhista,Sentença,Ativo,Dr. Melo,2023-02-13,2026-07-15,Sem valor,1ª Vara Trabalhista de Recife,Aguardando documentos
3280,9425559-65.2022.6.99.1309,130,Civil,Acordo Extrajudicial,Ativo,Dr. Melo,2022-03-07,2025-05-24,31039.0,20ª Vara Cível de Recife,Aguardando documentos
3281,5274951-77.2021.1.76.5120,739,Trabalhista,Arquivado,Encerrado,Dr. Melo,2021-06-26,2026-02-22,130124.0,12ª Vara Cível de Recife,Sem observações
3282,8607512-63.2021.6.82.1039,1206,Trabalhista,Sentença,Suspenso,Dr. Melo,2020-06-20,Sem prazo delimitado,405577.0,3ª Vara Trabalhista de Recife,Sem observações
3283,5947618-28.2023.6.53.6118,904,Trabalhista,Recurso,Suspenso,Dr. Melo,2024-10-29,2026-05-03,418951.0,11ª Vara Criminal de Recife,Sem observações
3284,8986773-71.2022.6.45.5854,493,Civil,Arquivado,Ativo,Dr. Melo,2025-08-31,2025-02-18,Sem valor,2ª Vara Criminal de Recife,Sem observações
3285,9822459-92.2024.8.17.6403,69,Civil,Audiência,Ativo,Dra. Fontes,2025-08-14,2026-09-15,Sem valor,5ª Vara Cível de Recife,Sem observações
3286,5631823-61.2020.5.47.1440,252,Trabalhista,Acordo Extrajudicial,Acordo,Dra. Cavalcante,2024-03-22,2025-09-19,Sem valor,6ª Vara Cível de Recife,Sem observações
3287,9057219-99.2020.9.96.3254,77,Civil,Acordo Extrajudicial,Ativo,Dra. Fontes,2025-03-27,2025-03-05,269759.0,18ª Vara Trabalhista de Recife,Sem observações
3288,1887163-62.2025.9.93.1037,136,Trabalhista,Execução,Ativo,Dra. Fontes,2020-12-25,Sem prazo delimitado,205202.0,5ª Vara Trabalhista de Recife,Sem observações
3289,8097721-13.2023.1.47.8354,270,Trabalhista,Execução,Ativo,Dra. Fontes,2021-12-31,2025-05-02,235237.0,10ª Vara Criminal de Recife,Sem observações
3290,9970343-38.2020.5.18.4483,231,Trabalhista,Execução,Acordo,Dr. Barros,2025-12-20,2025-08-25,246702.0,1ª Vara Cível de Recife,Sem observações
3291,5614769-67.2022.9.87.1001,756,Civil,Instrução,Encerrado,Dr. Barros,2024-03-06,Sem prazo delimitado,128625.0,3ª Vara Cível de Recife,Sem observações
3292,1024421-54.2022.9.20.2563,358,Civil,Sentença,Ativo,Dra. Fontes,2020-10-19,2026-10-10,463648.0,1ª Vara Criminal de Recife,Sem observações
3293,7222167-30.2022.8.44.7452,1280,Trabalhista,Recurso,Encerrado,Dr. Barros,2022-09-13,2025-07-20,32302.0,7ª Vara Cível de Recife,Sem observações
3294,5661974-14.2020.6.39.3137,662,Civil,Execução,Suspenso,Dr. Barros,2020-04-02,Sem prazo delimitado,Sem valor,17ª Vara Trabalhista de Recife,Sem observações
3295,8816646-78.2020.7.70.9224,822,Civil,Execução,Acordo,Dr. Barros,2025-01-30,2026-09-16,315329.0,13ª Vara Criminal de Recife,Aguardando documentos
3296,3542799-64.2025.6.13.7299,1191,Civil,Inicial,Ativo,Dra. Cavalcante,2026-04-04,2026-10-14,231821.0,18ª Vara Cível de Recife,Sem observações
3297,1557680-16.2021.4.16.4031,1267,Trabalhista,Recurso,Encerrado,Dra. Cavalcante,2025-11-23,2026-05-17,237705.0,13ª Vara Criminal de Recife,Sem observações
3298,2397582-22.2023.9.93.4223,1256,Civil,Arquivado,Ativo,Dra. Cavalcante,2023-04-13,2026-10-26,178943.0,5ª Vara Trabalhista de Recife,Sem observações
3299,3168718-77.2025.2.92.8027,1090,Trabalhista,Arquivado,Suspenso,Dr. Melo,2023-07-19,2025-08-11,297834.0,4ª Vara Cível de Recife,Sem observações
3300,7862554-22.2024.7.83.6459,478,Trabalhista,Arquivado,Ativo,Dra. Cavalcante,2022-01-20,2025-06-07,351745.0,7ª Vara Criminal de Recife,Aguardando documentos
3301,2519059-58.2022.7.86.4385,1443,Civil,Audiência,Acordo,Dr. Melo,2021-08-16,2025-09-15,151925.0,6ª Vara Trabalhista de Recife,Aguardando documentos
3302,5947618-28.2023.6.53.6118,414,Trabalhista,Arquivado,Ativo,Dra. Fontes,2021-10-04,2026-10-10,419742.0,2ª Vara Cível de Recife,Sem observações
3303,1024421-54.2022.9.20.2563,282,Trabalhista,Arquivado,Ativo,Dr. Barros,2025-10-02,2026-07-25,58778.0,16ª Vara Cível de Recife,Aguardando documentos
3304,3679963-72.2020.9.29.7859,990,Trabalhista,Recurso,Em recurso,Dr. Melo,2025-10-28,2025-02-03,119242.0,2ª Vara Criminal de Recife,Sem observações
3305,2884639-86.2023.2.31.8737,1162,Civil,Instrução,Suspenso,Dr. Barros,2020-01-16,2026-07-11,471999.0,15ª Vara Criminal de Recife,Sem observações
3306,8892606-62.2022.2.87.2168,872,Civil,Instrução,Ativo,Dr. Melo,2024-01-06,2025-10-16,475156.0,8ª Vara Criminal de Recife,Sem observações
3307,2884639-86.2023.2.31.8737,1169,Civil,Audiência,Encerrado,Dra. Cavalcante,2023-05-24,2025-06-29,109479.0,3ª Vara Criminal de Recife,Sem observações
3308,1614850-25.2020.8.85.3161,988,Civil,Arquivado,Ativo,Dr. Melo,2022-05-28,2025-04-06,35451.0,6ª Vara Criminal de Recife,Sem observações
3309,2112478-55.2024.2.51.9095,547,Trabalhista,Inicial,Suspenso,Dr. Melo,2020-02-29,2025-10-26,Sem valor,20ª Vara Trabalhista de Recife,Aguardando documentos
3310,4721085-96.2020.6.92.9645,883,Trabalhista,Execução,Ativo,Dr. Melo,2022-09-27,Sem prazo delimitado,487353.0,2ª Vara Criminal de Recife,Aguardando documentos
3311,2895065-46.2022.7.67.1438,760,Trabalhista,Recurso,Acordo,Dra. Fontes,2023-04-12,2025-03-18,293338.0,9ª Vara Cível de Recife,Aguardando documentos
3312,6944389-98.2023.1.72.8245,1309,Civil,Execução,Encerrado,Dra. Cavalcante,2024-12-13,2025-04-09,248432.0,11ª Vara Trabalhista de Recife,Sem observações
3313,5700249-43.2020.5.57.9341,1467,Trabalhista,Instrução,Encerrado,Dr. Melo,2025-11-07,2026-10-03,208363.0,5ª Vara Trabalhista de Recife,Sem observações
3314,7398699-88.2025.6.55.3587,598,Civil,Acordo Extrajudicial,Encerrado,Dra. Cavalcante,2022-03-26,2026-11-08,193993.0,1ª Vara Trabalhista de Recife,Aguardando documentos
3315,4134515-43.2021.8.70.4879,549,Trabalhista,Instrução,Encerrado,Dr. Barros,2026-03-18,2025-01-22,398819.0,18ª Vara Trabalhista de Recife,Sem observações
3316,6018860-77.2022.1.94.1315,1144,Civil,Arquivado,Acordo,Dra. Fontes,2020-04-06,2026-05-20,Sem valor,7ª Vara Cível de Recife,Sem observações
3317,8215015-64.2021.5.32.1893,1268,Trabalhista,Inicial,Ativo,Dra. Cavalcante,2023-10-06,2026-12-02,190880.0,4ª Vara Trabalhista de Recife,Sem observações
3318,9992831-61.2022.4.35.1469,687,Civil,Instrução,Em recurso,Dra. Fontes,2022-05-18,2025-05-13,Sem valor,3ª Vara Trabalhista de Recife,Sem observações
3319,6547287-16.2023.4.15.7491,131,Trabalhista,Sentença,Suspenso,Dr. Barros,2020-11-17,2026-04-04,Sem valor,10ª Vara Cível de Recife,Sem observações
3320,7553290-31.2023.9.36.9282,1348,Trabalhista,Inicial,Ativo,Dr. Barros,2021-04-25,2025-09-27,58909.0,1ª Vara Trabalhista de Recife,Sem observações
3321,9076234-78.2023.3.90.2702,690,Civil,Arquivado,Suspenso,Dr. Melo,2021-04-27,2025-04-12,194369.0,18ª Vara Cível de Recife,Sem observações
3322,4417916-40.2022.7.26.4278,31,Trabalhista,Audiência,Encerrado,Dra. Cavalcante,2023-04-25,2025-04-03,Sem valor,7ª Vara Cível de Recife,Sem observações
3323,7486029-45.2024.4.25.3159,1200,Trabalhista,Acordo Extrajudicial,Acordo,Dr. Barros,2020-11-11,Sem prazo delimitado,434381.0,7ª Vara Cível de Recife,Sem observações
3324,4507711-38.2024.2.34.4732,968,Civil,Audiência,Encerrado,Dr. Melo,2024-10-21,2025-03-04,458857.0,6ª Vara Trabalhista de Recife,Sem observações
3325,3667022-35.2020.9.76.3115,1418,Trabalhista,Inicial,Ativo,Dr. Melo,2021-02-20,2026-10-16,Sem valor,9ª Vara Cível de Recife,Sem observações
3326,1311508-84.2020.3.38.8512,781,Trabalhista,Inicial,Suspenso,Dr. Melo,2022-10-13,Sem prazo delimitado,411861.0,17ª Vara Cível de Recife,Sem observações
3327,4568537-97.2021.4.82.7633,7,Civil,Instrução,Encerrado,Dra. Fontes,2020-12-24,2026-02-20,218802.0,9ª Vara Cível de Recife,Aguardando documentos
3328,7633905-83.2022.9.95.2309,308,Civil,Acordo Extrajudicial,Encerrado,Dra. Cavalcante,2020-07-28,2025-05-28,Sem valor,7ª Vara Cível de Recife,Sem observações
3329,3879233-61.2024.5.30.1494,1476,Trabalhista,Sentença,Em recurso,Dr. Melo,2021-09-04,2025-05-20,84923.0,4ª Vara Cível de Recife,Sem observações
3330,1778149-24.2023.1.86.3557,687,Civil,Sentença,Encerrado,Dra. Cavalcante,2022-12-05,2025-05-06,Sem valor,8ª Vara Cível de Recife,Aguardando documentos
3331,1621418-87.2020.9.55.9337,1222,Trabalhista,Sentença,Encerrado,Dra. Cavalcante,2022-10-19,2025-02-23,165552.0,8ª Vara Trabalhista de Recife,Aguardando documentos
3332,2895065-46.2022.7.67.1438,1312,Civil,Execução,Ativo,Dra. Cavalcante,2026-04-03,Sem prazo delimitado,Sem valor,1ª Vara Criminal de Recife,Sem observações
3333,7223110-52.2024.2.44.8994,1299,Trabalhista,Audiência,Ativo,Dra. Fontes,2023-09-19,2026-04-06,144419.0,7ª Vara Trabalhista de Recife,Sem observações
3334,1878000-50.2025.7.58.1197,482,Trabalhista,Acordo Extrajudicial,Ativo,Dr. Melo,2021-04-01,2026-12-05,186829.0,10ª Vara Cível de Recife,Sem observações
3335,8168450-48.2020.2.65.4570,228,Civil,Instrução,Ativo,Dra. Cavalcante,2021-09-05,2025-05-31,424197.0,6ª Vara Cível de Recife,Sem observações
3336,7115217-41.2025.1.67.7692,1302,Trabalhista,Sentença,Encerrado,Dr. Barros,2024-02-14,2025-07-17,253489.0,12ª Vara Trabalhista de Recife,Sem observações
3337,2461262-96.2021.6.48.1315,1051,Trabalhista,Instrução,Acordo,Dra. Fontes,2020-02-03,2025-09-30,Sem valor,20ª Vara Criminal de Recife,Sem observações
3338,9824532-76.2023.6.37.2040,1410,Civil,Arquivado,Suspenso,Dra. Fontes,2025-08-19,Sem prazo delimitado,273756.0,6ª Vara Cível de Recife,Sem observações
3339,8588997-88.2020.6.29.5987,1158,Civil,Arquivado,Ativo,Dr. Melo,2021-11-26,2025-08-11,199126.0,2ª Vara Trabalhista de Recife,Aguardando documentos
3340,4384627-80.2021.2.13.1061,997,Trabalhista,Audiência,Encerrado,Dra. Fontes,2022-04-29,2026-12-11,345996.0,7ª Vara Trabalhista de Recife,Sem observações
3341,8655267-17.2025.3.63.4188,632,Trabalhista,Sentença,Acordo,Dr. Melo,2021-05-06,2025-11-12,391747.0,4ª Vara Criminal de Recife,Sem observações
3342,8827641-36.2022.5.59.8715,1140,Civil,Acordo Extrajudicial,Ativo,Dra. Cavalcante,2024-06-02,2025-06-23,371879.0,1ª Vara Trabalhista de Recife,Aguardando documentos
3343,5614769-67.2022.9.87.1001,237,Trabalhista,Inicial,Encerrado,Dra. Cavalcante,2023-11-12,2025-09-26,Sem valor,2ª Vara Trabalhista de Recife,Sem observações
3344,1013314-48.2023.4.39.2083,1270,Civil,Acordo Extrajudicial,Ativo,Dr. Melo,2020-07-01,2026-10-02,250083.0,19ª Vara Trabalhista de Recife,Sem observações
3345,4824419-32.2024.5.47.3265,236,Civil,Recurso,Ativo,Dr. Melo,2022-11-05,2026-06-18,355106.0,9ª Vara Criminal de Recife,Sem observações
3346,1664676-19.2021.8.64.4616,499,Trabalhista,Recurso,Encerrado,Dr. Barros,2020-10-01,2026-12-08,66657.0,8ª Vara Criminal de Recife,Sem observações
3347,3418432-84.2025.3.59.5858,194,Civil,Instrução,Ativo,Dr. Melo,2025-06-28,2025-10-12,Sem valor,11ª Vara Trabalhista de Recife,Sem observações
3348,7633905-83.2022.9.95.2309,38,Trabalhista,Arquivado,Encerrado,Dra. Cavalcante,2025-08-23,2026-07-16,261916.0,3ª Vara Criminal de Recife,Sem observações
3349,2909764-51.2025.7.78.2223,1423,Civil,Acordo Extrajudicial,Ativo,Dra. Fontes,2020-10-20,2025-03-04,38687.0,19ª Vara Trabalhista de Recife,Sem observações
3350,8323566-47.2021.3.26.4644,1208,Civil,Acordo Extrajudicial,Encerrado,Dr. Melo,2025-11-02,2025-07-23,280101.0,12ª Vara Cível de Recife,Sem observações
3351,1101935-78.2023.5.88.5299,728,Trabalhista,Inicial,Acordo,Dr. Melo,2023-02-12,2025-05-12,62078.0,14ª Vara Criminal de Recife,Sem observações
3352,7065068-16.2021.7.14.6489,235,Civil,Arquivado,Acordo,Dra. Fontes,2022-05-12,Sem prazo delimitado,Sem valor,7ª Vara Cível de Recife,Sem observações
3353,5545511-73.2023.1.66.9757,251,Civil,Audiência,Ativo,Dra. Fontes,2025-12-09,2026-03-05,443950.0,6ª Vara Cível de Recife,Sem observações
3354,1445483-93.2023.1.61.7357,400,Trabalhista,Recurso,Ativo,Dr. Barros,2020-04-23,2026-10-11,Sem valor,3ª Vara Cível de Recife,Sem observações
3355,8157599-64.2024.2.89.5276,103,Civil,Audiência,Acordo,Dra. Cavalcante,2024-02-06,2025-05-20,361186.0,2ª Vara Cível de Recife,Aguardando documentos
3356,5422047-80.2024.8.62.4364,1266,Trabalhista,Sentença,Suspenso,Dr. Barros,2022-07-24,2026-12-24,Sem valor,14ª Vara Criminal de Recife,Sem observações
3357,9573194-21.2022.1.35.8352,338,Civil,Acordo Extrajudicial,Suspenso,Dra. Cavalcante,2020-04-11,2026-08-28,201603.0,13ª Vara Cível de Recife,Sem observações
3358,2658962-39.2022.5.95.8856,1412,Trabalhista,Recurso,Encerrado,Dra. Fontes,2024-09-11,2026-09-17,28206.0,8ª Vara Trabalhista de Recife,Sem observações
3359,2110878-87.2023.8.83.8978,958,Civil,Execução,Acordo,Dra. Cavalcante,2024-10-24,2026-03-10,160959.0,3ª Vara Cível de Recife,Sem observações
3360,1869144-23.2023.5.84.3325,366,Civil,Execução,Encerrado,Dra. Fontes,2021-08-19,2026-03-31,Sem valor,2ª Vara Trabalhista de Recife,Sem observações
3361,4568537-97.2021.4.82.7633,280,Trabalhista,Sentença,Suspenso,Dra. Cavalcante,2024-09-13,2025-01-19,Sem valor,1ª Vara Criminal de Recife,Sem observações
3362,7539718-58.2020.2.52.9800,1067,Trabalhista,Recurso,Ativo,Dra. Fontes,2022-03-23,2026-06-04,328208.0,5ª Vara Cível de Recife,Sem observações
3363,3510061-32.2020.9.13.4424,1144,Civil,Recurso,Encerrado,Dra. Cavalcante,2024-08-11,2026-09-13,56406.0,7ª Vara Criminal de Recife,Sem observações
3364,2118934-75.2023.5.97.9563,927,Civil,Instrução,Ativo,Dra. Fontes,2022-04-30,2026-12-13,282858.0,17ª Vara Criminal de Recife,Sem observações
3365,5514997-95.2024.1.84.8098,1391,Civil,Acordo Extrajudicial,Encerrado,Dra. Cavalcante,2023-08-10,2026-09-21,401589.0,14ª Vara Criminal de Recife,Sem observações
3366,7223110-52.2024.2.44.8994,1118,Trabalhista,Sentença,Encerrado,Dra. Cavalcante,2025-09-13,2026-11-05,294283.0,3ª Vara Trabalhista de Recife,Sem observações
3367,9214397-26.2023.4.18.6844,581,Trabalhista,Recurso,Ativo,Dra. Fontes,2023-10-25,2026-11-03,25549.0,7ª Vara Cível de Recife,Sem observações
3368,5967836-10.2021.4.35.9671,276,Trabalhista,Arquivado,Encerrado,Dra. Cavalcante,2025-10-18,2025-07-23,Sem valor,20ª Vara Criminal de Recife,Sem observações
3369,8286382-50.2025.4.53.4414,1276,Trabalhista,Execução,Suspenso,Dra. Fontes,2024-02-27,2026-07-09,Sem valor,13ª Vara Criminal de Recife,Sem observações
3370,5753123-52.2021.4.48.4042,825,Civil,Execução,Suspenso,Dr. Melo,2021-04-30,2026-07-10,386848.0,8ª Vara Cível de Recife,Sem observações
3371,7813974-60.2021.1.81.1542,56,Trabalhista,Arquivado,Em recurso,Dr. Barros,2020-09-06,Sem prazo delimitado,460059.0,18ª Vara Trabalhista de Recife,Aguardando documentos
3372,2019436-32.2020.6.16.9856,165,Trabalhista,Recurso,Ativo,Dra. Fontes,2020-10-31,2025-09-11,452771.0,3ª Vara Cível de Recife,Aguardando documentos
3373,8886588-26.2020.9.65.6361,1459,Civil,Audiência,Ativo,Dr. Melo,2025-03-18,2025-04-17,Sem valor,1ª Vara Criminal de Recife,Sem observações
3374,8323566-47.2021.3.26.4644,411,Civil,Instrução,Acordo,Dra. Cavalcante,2020-03-27,2025-01-21,435239.0,15ª Vara Cível de Recife,Sem observações
3375,9686751-57.2022.7.62.3494,1239,Civil,Recurso,Ativo,Dr. Melo,2024-04-05,2025-06-16,299283.0,7ª Vara Trabalhista de Recife,Sem observações
3376,1676369-34.2022.3.47.6087,293,Civil,Acordo Extrajudicial,Ativo,Dra. Cavalcante,2024-08-04,2025-06-22,Sem valor,8ª Vara Criminal de Recife,Sem observações
3377,6416661-36.2021.8.21.8496,293,Civil,Audiência,Acordo,Dra. Cavalcante,2021-12-24,2026-02-05,424142.0,7ª Vara Trabalhista de Recife,Sem observações
3378,4687348-31.2023.1.92.6907,292,Civil,Execução,Suspenso,Dra. Cavalcante,2021-01-17,2025-06-26,Sem valor,8ª Vara Cível de Recife,Aguardando documentos
3379,1411065-96.2022.9.64.8271,1271,Trabalhista,Inicial,Ativo,Dr. Melo,2024-08-08,2025-03-18,22905.0,3ª Vara Cível de Recife,Sem observações
3380,5144296-22.2022.4.87.9648,281,Civil,Acordo Extrajudicial,Ativo,Dr. Melo,2021-09-17,2026-04-17,154506.0,19ª Vara Criminal de Recife,Sem observações
3381,4507711-38.2024.2.34.4732,264,Civil,Instrução,Suspenso,Dr. Melo,2022-07-06,2026-04-24,370246.0,3ª Vara Trabalhista de Recife,Sem observações
3382,7082985-88.2022.2.94.6058,47,Trabalhista,Inicial,Ativo,Dra. Cavalcante,2022-12-24,2025-05-01,Sem valor,4ª Vara Cível de Recife,Aguardando documentos
3383,6038940-61.2024.4.64.6408,595,Trabalhista,Instrução,Encerrado,Dr. Barros,2023-03-17,2025-09-30,37667.0,17ª Vara Cível de Recife,Sem observações
3384,9168044-67.2022.1.26.3054,627,Trabalhista,Execução,Ativo,Dra. Cavalcante,2024-01-24,2025-11-20,70831.0,1ª Vara Trabalhista de Recife,Sem observações
3385,5401874-62.2025.2.46.8337,302,Civil,Inicial,Acordo,Dra. Cavalcante,2025-10-28,2025-03-31,441108.0,20ª Vara Criminal de Recife,Aguardando documentos
3386,4417916-40.2022.7.26.4278,593,Trabalhista,Acordo Extrajudicial,Ativo,Dr. Barros,2021-10-15,2025-10-29,380456.0,6ª Vara Trabalhista de Recife,Sem observações
3387,7515318-25.2024.4.34.6280,1064,Civil,Inicial,Ativo,Dr. Melo,2021-09-25,2025-02-01,Sem valor,18ª Vara Trabalhista de Recife,Sem observações
3388,1272937-41.2023.5.75.9958,1174,Civil,Inicial,Suspenso,Dra. Cavalcante,2023-06-01,Sem prazo delimitado,339911.0,4ª Vara Cível de Recife,Sem observações
3389,1099617-37.2023.9.61.1793,1471,Civil,Inicial,Ativo,Dra. Fontes,2021-03-27,2025-08-09,Sem valor,19ª Vara Trabalhista de Recife,Sem observações
3390,2675642-32.2022.8.65.5499,1087,Trabalhista,Execução,Encerrado,Dra. Fontes,2025-09-28,2025-12-31,430858.0,3ª Vara Criminal de Recife,Sem observações
3391,8220628-15.2021.8.54.9077,395,Civil,Arquivado,Encerrado,Dra. Cavalcante,2020-08-14,2025-09-01,371410.0,13ª Vara Criminal de Recife,Sem observações
3392,9302979-43.2025.9.68.7487,282,Trabalhista,Inicial,Encerrado,Dra. Cavalcante,2024-07-08,2026-09-23,114454.0,6ª Vara Trabalhista de Recife,Sem observações
3393,3754895-37.2021.6.18.8502,184,Civil,Instrução,Ativo,Dra. Fontes,2020-05-15,2026-11-24,Sem valor,18ª Vara Criminal de Recife,Sem observações
3394,1633270-27.2024.2.52.7034,311,Civil,Inicial,Suspenso,Dr. Melo,2020-09-25,2025-09-20,484837.0,8ª Vara Trabalhista de Recife,Sem observações
3395,1098476-20.2021.1.47.3336,681,Civil,Recurso,Acordo,Dr. Barros,2021-04-03,2025-06-13,Sem valor,4ª Vara Trabalhista de Recife,Sem observações
3396,8590346-68.2020.7.63.7780,1341,Trabalhista,Audiência,Ativo,Dr. Melo,2020-04-06,2026-12-28,154535.0,20ª Vara Criminal de Recife,Aguardando documentos
3397,8936104-83.2022.1.39.7934,113,Trabalhista,Inicial,Em recurso,Dra. Fontes,2022-09-13,2025-08-29,341091.0,1ª Vara Criminal de Recife,Sem observações
3398,7862554-22.2024.7.83.6459,184,Civil,Execução,Ativo,Dr. Melo,2023-08-16,2025-03-13,64803.0,4ª Vara Trabalhista de Recife,Sem observações
3399,5159882-37.2022.9.71.7550,1454,Trabalhista,Instrução,Ativo,Dr. Barros,2020-08-21,2025-01-29,Sem valor,6ª Vara Trabalhista de Recife,Aguardando documentos
3400,1445483-93.2023.1.61.7357,1274,Trabalhista,Instrução,Encerrado,Dra. Fontes,2025-09-04,2025-06-11,Sem valor,2ª Vara Trabalhista de Recife,Aguardando documentos
3401,8157599-64.2024.2.89.5276,1030,Civil,Arquivado,Acordo,Dr. Barros,2022-08-15,Sem prazo delimitado,71439.0,15ª Vara Trabalhista de Recife,Aguardando documentos
3402,4229107-99.2020.7.61.3978,1106,Civil,Audiência,Ativo,Dr. Melo,2023-05-16,2025-06-05,397677.0,12ª Vara Cível de Recife,Sem observações
3403,5116418-16.2025.3.98.2234,1308,Trabalhista,Sentença,Ativo,Dr. Melo,2024-10-04,2026-09-09,Sem valor,17ª Vara Trabalhista de Recife,Sem observações
3404,3260101-88.2022.8.37.9169,21,Trabalhista,Instrução,Ativo,Dr. Barros,2024-06-27,2025-01-13,Sem valor,2ª Vara Trabalhista de Recife,Sem observações
3405,7320713-89.2022.3.68.7881,88,Civil,Execução,Em recurso,Dra. Fontes,2021-01-23,Sem prazo delimitado,198786.0,16ª Vara Cível de Recife,Sem observações
3406,1742202-63.2023.6.68.9372,456,Trabalhista,Execução,Ativo,Dra. Fontes,2020-03-23,2025-09-14,374827.0,5ª Vara Cível de Recife,Sem observações
3407,1931030-34.2024.8.48.5319,91,Trabalhista,Recurso,Suspenso,Dra. Fontes,2023-11-24,2025-10-09,108991.0,16ª Vara Cível de Recife,Aguardando documentos
3408,8714773-70.2022.9.65.8541,1131,Trabalhista,Arquivado,Encerrado,Dra. Cavalcante,2023-07-07,2026-12-21,49673.0,19ª Vara Trabalhista de Recife,Sem observações
3409,6370110-64.2022.3.52.8440,790,Civil,Arquivado,Ativo,Dra. Fontes,2024-06-08,2025-03-04,Sem valor,9ª Vara Criminal de Recife,Sem observações
3410,2341370-92.2024.9.60.8122,1215,Civil,Audiência,Ativo,Dra. Cavalcante,2025-06-27,2025-12-02,Sem valor,8ª Vara Trabalhista de Recife,Sem observações
3411,5112941-62.2021.1.89.5887,475,Civil,Sentença,Ativo,Dra. Fontes,2021-05-01,2026-09-22,295431.0,18ª Vara Trabalhista de Recife,Sem observações
3412,2545435-52.2025.3.59.7623,1435,Civil,Execução,Encerrado,Dra. Fontes,2023-07-27,2026-03-14,437694.0,4ª Vara Cível de Recife,Sem observações
3413,1754781-28.2025.6.89.2162,351,Trabalhista,Recurso,Suspenso,Dr. Barros,2024-01-04,2026-08-06,Sem valor,11ª Vara Cível de Recife,Sem observações
3414,2545435-52.2025.3.59.7623,620,Civil,Arquivado,Suspenso,Dr. Barros,2025-03-26,2025-03-20,52756.0,19ª Vara Trabalhista de Recife,Sem observações
3415,8306601-19.2020.3.50.7457,612,Civil,Instrução,Ativo,Dr. Barros,2025-03-27,2026-05-24,138258.0,14ª Vara Cível de Recife,Sem observações
3416,9970343-38.2020.5.18.4483,108,Civil,Arquivado,Ativo,Dra. Fontes,2023-07-09,Sem prazo delimitado,111019.0,13ª Vara Criminal de Recife,Sem observações
3417,3168718-77.2025.2.92.8027,830,Trabalhista,Sentença,Acordo,Dra. Fontes,2023-09-21,2025-12-31,430316.0,17ª Vara Criminal de Recife,Sem observações
3418,6404948-40.2021.7.68.7161,427,Civil,Execução,Ativo,Dra. Cavalcante,2022-09-29,Sem prazo delimitado,307006.0,15ª Vara Cível de Recife,Sem observações
3419,2519059-58.2022.7.86.4385,305,Civil,Recurso,Ativo,Dra. Cavalcante,2021-08-01,Sem prazo delimitado,344234.0,11ª Vara Cível de Recife,Sem observações
3420,7916680-90.2022.1.67.1785,75,Civil,Execução,Suspenso,Dr. Melo,2025-11-01,2026-12-19,249182.0,19ª Vara Trabalhista de Recife,Sem observações
3421,4494463-44.2022.5.80.7542,1040,Trabalhista,Acordo Extrajudicial,Acordo,Dra. Cavalcante,2021-09-06,2026-04-30,324605.0,6ª Vara Trabalhista de Recife,Sem observações
3422,9992831-61.2022.4.35.1469,1106,Civil,Recurso,Encerrado,Dra. Fontes,2022-08-16,2026-10-03,Sem valor,3ª Vara Cível de Recife,Sem observações
3423,8539686-69.2023.4.36.2235,269,Civil,Sentença,Suspenso,Dr. Barros,2024-12-22,2025-04-12,354387.0,18ª Vara Cível de Recife,Sem observações
3424,7948577-74.2025.1.60.7583,1487,Trabalhista,Acordo Extrajudicial,Ativo,Dra. Cavalcante,2022-01-14,2025-05-10,Sem valor,12ª Vara Trabalhista de Recife,Sem observações
3425,2753004-76.2021.8.83.9874,284,Trabalhista,Execução,Ativo,Dr. Barros,2020-03-26,2026-01-31,166093.0,20ª Vara Cível de Recife,Sem observações
3426,2895065-46.2022.7.67.1438,1126,Civil,Audiência,Ativo,Dra. Cavalcante,2025-07-08,2026-05-26,Sem valor,5ª Vara Criminal de Recife,Sem observações
3427,9252661-70.2020.1.46.1185,332,Civil,Recurso,Ativo,Dra. Cavalcante,2025-09-15,2025-07-15,144326.0,2ª Vara Criminal de Recife,Sem observações
3428,9798556-59.2021.3.62.3110,1073,Civil,Arquivado,Acordo,Dr. Melo,2021-10-03,2025-02-15,Sem valor,6ª Vara Trabalhista de Recife,Sem observações
3429,3418432-84.2025.3.59.5858,179,Trabalhista,Instrução,Ativo,Dr. Barros,2021-03-16,2025-04-02,121399.0,9ª Vara Cível de Recife,Sem observações
3430,8539686-69.2023.4.36.2235,1322,Trabalhista,Recurso,Ativo,Dr. Melo,2021-07-10,2026-11-06,171395.0,15ª Vara Cível de Recife,Aguardando documentos
3431,3542616-60.2022.3.87.6536,899,Civil,Acordo Extrajudicial,Encerrado,Dr. Melo,2021-07-18,2026-04-25,Sem valor,5ª Vara Trabalhista de Recife,Sem observações
3432,4721085-96.2020.6.92.9645,754,Civil,Inicial,Encerrado,Dra. Cavalcante,2021-07-10,2025-08-04,413230.0,17ª Vara Cível de Recife,Sem observações
3433,6779292-61.2021.4.86.2783,134,Civil,Execução,Ativo,Dr. Barros,2023-12-17,2026-01-15,Sem valor,10ª Vara Trabalhista de Recife,Sem observações
3434,5124342-11.2025.5.50.6107,270,Civil,Acordo Extrajudicial,Suspenso,Dra. Fontes,2021-11-29,2025-07-21,115122.0,10ª Vara Trabalhista de Recife,Sem observações
3435,5289264-48.2020.4.41.6347,20,Civil,Audiência,Ativo,Dr. Melo,2022-06-06,2025-10-08,Sem valor,17ª Vara Cível de Recife,Sem observações
3436,1676369-34.2022.3.47.6087,992,Civil,Recurso,Suspenso,Dra. Fontes,2022-10-12,2025-06-21,420625.0,8ª Vara Trabalhista de Recife,Sem observações
3437,9319285-35.2025.3.19.9131,1307,Civil,Execução,Suspenso,Dra. Cavalcante,2026-04-02,2025-06-16,Sem valor,19ª Vara Trabalhista de Recife,Sem observações
3438,7640585-40.2023.1.57.1721,51,Civil,Instrução,Ativo,Dra. Fontes,2020-05-08,2025-08-14,62440.0,17ª Vara Cível de Recife,Aguardando documentos
3439,6836135-90.2022.9.37.5643,567,Trabalhista,Audiência,Encerrado,Dr. Melo,2024-06-23,2026-01-28,222393.0,14ª Vara Criminal de Recife,Sem observações
3440,2191287-57.2021.1.18.8228,641,Trabalhista,Arquivado,Encerrado,Dr. Melo,2021-04-03,2025-05-25,278542.0,20ª Vara Criminal de Recife,Sem observações
3441,5631823-61.2020.5.47.1440,612,Civil,Execução,Encerrado,Dr. Melo,2021-10-11,2026-11-24,172603.0,16ª Vara Trabalhista de Recife,Sem observações
3442,1664676-19.2021.8.64.4616,606,Civil,Execução,Encerrado,Dra. Fontes,2023-01-16,2025-12-16,317666.0,18ª Vara Criminal de Recife,Sem observações
3443,9060164-41.2020.5.36.2381,1152,Trabalhista,Instrução,Ativo,Dra. Cavalcante,2024-05-04,2025-12-27,370265.0,20ª Vara Cível de Recife,Sem observações
3444,2480014-80.2024.2.29.9847,904,Civil,Audiência,Ativo,Dra. Cavalcante,2025-03-20,2025-01-31,269475.0,5ª Vara Trabalhista de Recife,Sem observações
3445,2997279-67.2024.9.84.1441,1492,Trabalhista,Inicial,Suspenso,Dr. Melo,2022-08-30,2026-05-27,Sem valor,6ª Vara Cível de Recife,Sem observações
3446,6003915-30.2025.6.37.7681,760,Civil,Arquivado,Ativo,Dra. Cavalcante,2022-01-30,2025-02-11,320238.0,2ª Vara Trabalhista de Recife,Sem observações
3447,7916680-90.2022.1.67.1785,195,Civil,Sentença,Encerrado,Dr. Melo,2024-08-23,2026-05-22,Sem valor,19ª Vara Criminal de Recife,Sem observações
3448,8735892-74.2025.8.18.9411,1286,Civil,Acordo Extrajudicial,Ativo,Dra. Cavalcante,2024-09-08,2026-01-15,Sem valor,20ª Vara Criminal de Recife,Sem observações
3449,8209168-30.2020.1.41.7632,1457,Trabalhista,Instrução,Em recurso,Dr. Barros,2025-12-22,2026-03-10,152010.0,12ª Vara Cível de Recife,Sem observações
3450,3464073-25.2022.8.73.5075,1439,Civil,Audiência,Em recurso,Dr. Melo,2026-02-15,2025-02-21,290604.0,9ª Vara Cível de Recife,Sem observações
3451,1093623-59.2025.7.92.5441,290,Civil,Instrução,Acordo,Dr. Barros,2021-01-16,2025-08-22,241263.0,14ª Vara Criminal de Recife,Sem observações
3452,2545435-52.2025.3.59.7623,632,Civil,Inicial,Ativo,Dra. Fontes,2020-09-29,2026-12-19,175034.0,9ª Vara Trabalhista de Recife,Aguardando documentos
3453,8678370-92.2025.7.35.9962,52,Trabalhista,Inicial,Ativo,Dra. Cavalcante,2024-02-11,2026-06-06,64398.0,3ª Vara Cível de Recife,Sem observações
3454,2112478-55.2024.2.51.9095,1037,Trabalhista,Execução,Ativo,Dr. Melo,2024-05-27,Sem prazo delimitado,28267.0,4ª Vara Cível de Recife,Sem observações
3455,6944389-98.2023.1.72.8245,1029,Civil,Arquivado,Ativo,Dr. Barros,2020-12-14,2026-06-13,72063.0,12ª Vara Criminal de Recife,Sem observações
3456,8415891-60.2021.6.92.5554,902,Trabalhista,Execução,Encerrado,Dr. Melo,2020-05-07,2025-04-23,420570.0,19ª Vara Trabalhista de Recife,Sem observações
3457,8539686-69.2023.4.36.2235,535,Civil,Audiência,Ativo,Dra. Fontes,2021-04-04,2026-07-22,206496.0,15ª Vara Criminal de Recife,Aguardando documentos
3458,5755257-93.2020.8.44.2882,930,Trabalhista,Instrução,Suspenso,Dra. Cavalcante,2024-07-17,2026-09-12,Sem valor,7ª Vara Cível de Recife,Sem observações
3459,7820540-78.2023.1.75.4823,458,Civil,Acordo Extrajudicial,Encerrado,Dr. Barros,2025-08-24,2026-04-16,158492.0,17ª Vara Trabalhista de Recife,Sem observações
3460,9822459-92.2024.8.17.6403,882,Trabalhista,Audiência,Suspenso,Dra. Fontes,2024-06-12,2025-10-31,438410.0,4ª Vara Trabalhista de Recife,Sem observações
3461,1931030-34.2024.8.48.5319,409,Civil,Instrução,Encerrado,Dr. Barros,2023-06-15,2026-03-11,458906.0,2ª Vara Trabalhista de Recife,Sem observações
3462,7515318-25.2024.4.34.6280,571,Trabalhista,Execução,Ativo,Dra. Fontes,2021-01-17,2025-06-27,392514.0,1ª Vara Criminal de Recife,Aguardando documentos
3463,6368709-92.2024.7.99.9426,1249,Trabalhista,Sentença,Ativo,Dr. Melo,2024-04-25,2026-11-24,Sem valor,7ª Vara Trabalhista de Recife,Aguardando documentos
3464,2824928-33.2020.1.90.6467,742,Civil,Sentença,Suspenso,Dra. Cavalcante,2023-12-07,2025-08-01,55043.0,8ª Vara Criminal de Recife,Sem observações
3465,4768255-51.2022.4.94.5695,989,Civil,Audiência,Encerrado,Dra. Cavalcante,2024-07-14,2025-10-06,254694.0,6ª Vara Criminal de Recife,Sem observações
3466,8655267-17.2025.3.63.4188,656,Civil,Recurso,Em recurso,Dr. Melo,2020-11-08,2025-05-06,427130.0,19ª Vara Cível de Recife,Sem observações
3467,3754895-37.2021.6.18.8502,1271,Trabalhista,Execução,Ativo,Dra. Fontes,2020-05-01,2026-04-18,359691.0,2ª Vara Criminal de Recife,Sem observações
3468,7599278-46.2021.4.96.3535,1196,Civil,Inicial,Em recurso,Dr. Barros,2025-09-24,2026-05-06,132783.0,3ª Vara Criminal de Recife,Aguardando documentos
3469,9666878-83.2023.6.29.9905,1051,Trabalhista,Execução,Encerrado,Dra. Fontes,2021-12-13,2026-09-13,Sem valor,7ª Vara Trabalhista de Recife,Sem observações
3470,2186433-37.2022.2.12.4344,234,Civil,Audiência,Ativo,Dr. Barros,2024-01-17,2026-01-09,36590.0,16ª Vara Trabalhista de Recife,Sem observações
3471,1273300-90.2024.2.80.7378,254,Trabalhista,Recurso,Ativo,Dra. Cavalcante,2021-03-31,2025-09-30,115067.0,2ª Vara Criminal de Recife,Sem observações
3472,2753004-76.2021.8.83.9874,1462,Civil,Sentença,Ativo,Dra. Cavalcante,2026-03-26,2026-08-11,468508.0,9ª Vara Cível de Recife,Sem observações
3473,9057219-99.2020.9.96.3254,171,Trabalhista,Sentença,Encerrado,Dr. Melo,2025-07-13,2026-12-05,Sem valor,5ª Vara Criminal de Recife,Sem observações
3474,1237577-83.2022.8.91.4649,1042,Trabalhista,Inicial,Suspenso,Dra. Cavalcante,2020-07-13,2025-07-29,200585.0,14ª Vara Trabalhista de Recife,Sem observações
3475,4134515-43.2021.8.70.4879,466,Trabalhista,Recurso,Encerrado,Dra. Cavalcante,2021-08-25,2026-08-26,184100.0,6ª Vara Cível de Recife,Sem observações
3476,8125196-18.2023.1.53.1215,1285,Civil,Instrução,Ativo,Dra. Cavalcante,2020-05-23,2025-06-04,Sem valor,6ª Vara Criminal de Recife,Sem observações
3477,2884639-86.2023.2.31.8737,1143,Civil,Inicial,Encerrado,Dra. Fontes,2025-10-18,2025-08-12,30828.0,8ª Vara Cível de Recife,Sem observações
3478,6053412-12.2021.6.72.8346,818,Civil,Inicial,Ativo,Dr. Barros,2022-02-22,2025-10-10,93395.0,5ª Vara Criminal de Recife,Sem observações
3479,4085001-92.2022.6.76.8938,964,Trabalhista,Execução,Ativo,Dr. Melo,2024-10-25,2026-09-14,30116.0,19ª Vara Cível de Recife,Sem observações
3480,6105303-92.2021.4.39.3868,1498,Civil,Arquivado,Ativo,Dr. Melo,2020-09-01,Sem prazo delimitado,466581.0,7ª Vara Trabalhista de Recife,Sem observações
3481,4452862-76.2021.3.27.3238,1471,Civil,Acordo Extrajudicial,Suspenso,Dr. Barros,2022-11-05,2025-02-25,Sem valor,11ª Vara Trabalhista de Recife,Sem observações
3482,4084503-92.2025.8.90.5515,219,Civil,Inicial,Acordo,Dra. Fontes,2021-06-02,2025-03-10,418556.0,3ª Vara Cível de Recife,Sem observações
3483,4568537-97.2021.4.82.7633,503,Trabalhista,Execução,Ativo,Dra. Cavalcante,2021-11-17,2026-03-14,256111.0,18ª Vara Trabalhista de Recife,Sem observações
3484,7848147-32.2021.6.58.3528,257,Trabalhista,Sentença,Suspenso,Dr. Melo,2023-06-04,2025-03-10,270919.0,11ª Vara Criminal de Recife,Sem observações
3485,4681694-71.2021.9.28.7350,693,Trabalhista,Recurso,Acordo,Dra. Fontes,2026-08-03,2025-05-09,Sem valor,10ª Vara Cível de Recife,Sem observações
3486,7722274-26.2024.9.14.7062,1056,Civil,Inicial,Encerrado,Dra. Cavalcante,2025-01-13,2026-06-29,80989.0,4ª Vara Cível de Recife,Sem observações
3487,5316105-58.2020.3.22.3571,952,Trabalhista,Instrução,Ativo,Dr. Melo,2023-12-07,2025-02-28,391381.0,8ª Vara Criminal de Recife,Sem observações
3488,8816646-78.2020.7.70.9224,300,Trabalhista,Acordo Extrajudicial,Ativo,Dr. Barros,2021-05-26,2025-11-05,9207.0,5ª Vara Trabalhista de Recife,Sem observações
3489,4721085-96.2020.6.92.9645,85,Civil,Inicial,Ativo,Dra. Cavalcante,2025-09-11,2025-10-29,Sem valor,13ª Vara Trabalhista de Recife,Sem observações
3490,2660213-63.2022.6.50.8366,511,Trabalhista,Instrução,Ativo,Dra. Fontes,2022-08-04,2026-02-03,248998.0,10ª Vara Cível de Recife,Aguardando documentos
3491,2411026-52.2022.6.26.7373,756,Trabalhista,Acordo Extrajudicial,Encerrado,Dr. Barros,2025-03-28,2025-05-06,Sem valor,9ª Vara Criminal de Recife,Sem observações
3492,2675642-32.2022.8.65.5499,179,Civil,Execução,Ativo,Dr. Barros,2026-02-20,2026-05-31,312324.0,2ª Vara Trabalhista de Recife,Sem observações
3493,2118934-75.2023.5.97.9563,39,Trabalhista,Execução,Acordo,Dr. Barros,2025-12-20,2026-11-18,171744.0,16ª Vara Trabalhista de Recife,Sem observações
3494,7245951-43.2021.4.11.7623,230,Civil,Arquivado,Encerrado,Dra. Cavalcante,2025-02-20,2025-04-16,99506.0,19ª Vara Trabalhista de Recife,Sem observações
3495,2231929-89.2024.6.41.5461,608,Civil,Instrução,Encerrado,Dra. Fontes,2025-05-16,2025-10-29,Sem valor,13ª Vara Cível de Recife,Sem observações
3496,3542799-64.2025.6.13.7299,222,Trabalhista,Execução,Ativo,Dra. Cavalcante,2021-04-03,2026-09-22,401086.0,9ª Vara Cível de Recife,Aguardando documentos
3497,8381610-96.2020.6.26.2533,347,Civil,Arquivado,Ativo,Dra. Fontes,2021-05-27,2025-12-09,150406.0,4ª Vara Cível de Recife,Aguardando documentos
3498,5614769-67.2022.9.87.1001,1456,Civil,Acordo Extrajudicial,Ativo,Dra. Fontes,2022-06-14,2026-08-05,417314.0,16ª Vara Trabalhista de Recife,Sem observações
3499,5732779-86.2025.4.28.7831,1270,Civil,Recurso,Ativo,Dr. Melo,2021-09-15,2025-02-14,329207.0,3ª Vara Trabalhista de Recife,Sem observações
3500,8125196-18.2023.1.53.1215,48,Trabalhista,Audiência,Encerrado,Dra. Cavalcante,2023-05-03,2026-08-23,33350.0,13ª Vara Cível de Recife,Sem observações
3501,7820540-78.2023.1.75.4823,1374,Trabalhista,Sentença,Ativo,Dr. Barros,2024-11-07,2025-10-18,454980.0,9ª Vara Trabalhista de Recife,Sem observações
3502,9057960-29.2025.5.10.6072,138,Trabalhista,Execução,Ativo,Dr. Barros,2026-01-11,2026-01-26,226347.0,20ª Vara Cível de Recife,Sem observações
3503,7840442-26.2025.9.53.5093,904,Civil,Arquivado,Ativo,Dr. Melo,2024-04-08,2026-12-12,Sem valor,5ª Vara Trabalhista de Recife,Sem observações
3504,1833330-93.2025.8.61.3405,401,Civil,Inicial,Ativo,Dr. Barros,2024-05-06,2025-01-27,Sem valor,13ª Vara Trabalhista de Recife,Sem observações
3505,4893809-11.2021.7.19.9759,651,Civil,Inicial,Acordo,Dra. Cavalcante,2021-10-23,2025-03-31,19928.0,11ª Vara Criminal de Recife,Sem observações
3506,1411065-96.2022.9.64.8271,1003,Civil,Recurso,Em recurso,Dra. Fontes,2025-09-02,Sem prazo delimitado,436094.0,14ª Vara Cível de Recife,Sem observações
3507,6368709-92.2024.7.99.9426,964,Trabalhista,Instrução,Ativo,Dr. Barros,2022-06-22,2026-06-02,Sem valor,12ª Vara Criminal de Recife,Sem observações
3508,5050722-10.2024.8.29.4298,545,Trabalhista,Acordo Extrajudicial,Ativo,Dra. Fontes,2023-10-12,2025-08-11,246381.0,17ª Vara Trabalhista de Recife,Aguardando documentos
3509,9992831-61.2022.4.35.1469,1430,Civil,Arquivado,Ativo,Dr. Barros,2022-11-06,2025-11-14,169159.0,7ª Vara Trabalhista de Recife,Sem observações
3510,5901155-82.2023.2.89.7717,1317,Civil,Execução,Acordo,Dr. Melo,2023-09-10,2025-09-03,Sem valor,13ª Vara Criminal de Recife,Aguardando documentos
3511,8368372-34.2020.6.43.9691,720,Trabalhista,Recurso,Acordo,Dra. Cavalcante,2025-07-14,2025-05-10,313715.0,17ª Vara Cível de Recife,Sem observações
3512,2118934-75.2023.5.97.9563,1469,Trabalhista,Acordo Extrajudicial,Ativo,Dr. Melo,2022-06-25,2025-09-07,Sem valor,4ª Vara Trabalhista de Recife,Sem observações
3513,6101036-60.2022.7.49.3295,1013,Trabalhista,Inicial,Ativo,Dr. Melo,2020-08-22,2026-06-30,388358.0,8ª Vara Cível de Recife,Sem observações
3514,2824928-33.2020.1.90.6467,737,Civil,Sentença,Ativo,Dra. Fontes,2023-10-18,2026-12-05,288424.0,2ª Vara Criminal de Recife,Sem observações
3515,9110060-16.2025.2.29.4716,1372,Trabalhista,Acordo Extrajudicial,Ativo,Dr. Barros,2023-02-04,2025-02-08,Sem valor,9ª Vara Trabalhista de Recife,Sem observações
3516,3464073-25.2022.8.73.5075,1322,Trabalhista,Acordo Extrajudicial,Ativo,Dr. Melo,2022-02-20,2025-06-04,Sem valor,7ª Vara Cível de Recife,Aguardando documentos
3517,2461262-96.2021.6.48.1315,734,Civil,Execução,Ativo,Dr. Melo,2022-10-06,2026-09-04,261378.0,12ª Vara Trabalhista de Recife,Aguardando documentos
3518,9425559-65.2022.6.99.1309,383,Trabalhista,Arquivado,Suspenso,Dra. Fontes,2020-04-02,2026-12-18,Sem valor,6ª Vara Cível de Recife,Sem observações
3519,4563779-48.2023.2.87.9606,266,Civil,Instrução,Ativo,Dr. Barros,2025-01-23,2026-05-06,289900.0,14ª Vara Trabalhista de Recife,Sem observações
3520,7274275-74.2020.1.22.9780,1500,Trabalhista,Instrução,Ativo,Dr. Melo,2022-01-21,2025-11-11,227962.0,10ª Vara Trabalhista de Recife,Sem observações
3521,4452862-76.2021.3.27.3238,1493,Civil,Recurso,Acordo,Dr. Melo,2020-06-20,2025-10-31,Sem valor,16ª Vara Criminal de Recife,Sem observações
3522,2411026-52.2022.6.26.7373,635,Civil,Instrução,Encerrado,Dr. Barros,2022-07-10,2026-11-28,194071.0,4ª Vara Cível de Recife,Sem observações
3523,7892487-80.2022.9.64.5036,1030,Trabalhista,Audiência,Ativo,Dra. Fontes,2021-10-15,2025-05-17,223362.0,12ª Vara Criminal de Recife,Sem observações
3524,3541821-31.2021.8.96.1927,165,Civil,Sentença,Ativo,Dra. Cavalcante,2021-08-08,Sem prazo delimitado,237670.0,3ª Vara Cível de Recife,Sem observações
3525,5239450-56.2022.7.99.2371,1116,Civil,Instrução,Ativo,Dr. Melo,2023-09-30,2025-03-11,137486.0,7ª Vara Cível de Recife,Sem observações
3526,9498791-62.2022.6.73.9564,909,Civil,Acordo Extrajudicial,Ativo,Dra. Fontes,2022-05-04,2025-01-10,Sem valor,14ª Vara Cível de Recife,Aguardando documentos
3527,1101935-78.2023.5.88.5299,1280,Civil,Arquivado,Acordo,Dr. Melo,2020-11-23,2026-07-25,83010.0,7ª Vara Trabalhista de Recife,Sem observações
3528,4064382-39.2022.4.13.8937,213,Civil,Instrução,Encerrado,Dra. Fontes,2026-03-22,2025-12-18,169214.0,6ª Vara Criminal de Recife,Sem observações
3529,1735592-50.2022.9.87.5612,1025,Civil,Sentença,Encerrado,Dra. Cavalcante,2020-06-08,2025-03-14,390898.0,2ª Vara Trabalhista de Recife,Sem observações
3530,8827641-36.2022.5.59.8715,1139,Trabalhista,Execução,Ativo,Dra. Cavalcante,2023-02-02,2026-11-08,Sem valor,3ª Vara Trabalhista de Recife,Sem observações
3531,9110060-16.2025.2.29.4716,1000,Civil,Instrução,Ativo,Dra. Cavalcante,2024-01-28,2026-12-24,109426.0,18ª Vara Cível de Recife,Sem observações
3532,3376786-12.2020.7.64.5093,222,Civil,Execução,Suspenso,Dr. Barros,2025-11-11,2026-07-24,287414.0,2ª Vara Trabalhista de Recife,Sem observações
3533,6547287-16.2023.4.15.7491,45,Civil,Sentença,Ativo,Dr. Barros,2022-08-01,2025-04-05,188680.0,9ª Vara Criminal de Recife,Sem observações
3534,9774395-92.2023.2.75.3192,625,Trabalhista,Recurso,Encerrado,Dra. Cavalcante,2021-05-27,2025-06-16,52448.0,2ª Vara Trabalhista de Recife,Sem observações
3535,4180949-86.2020.3.26.7593,1217,Trabalhista,Recurso,Ativo,Dra. Fontes,2021-06-18,Sem prazo delimitado,468847.0,19ª Vara Criminal de Recife,Sem observações
3536,1237577-83.2022.8.91.4649,78,Trabalhista,Execução,Em recurso,Dr. Melo,2024-10-03,2026-02-21,232464.0,4ª Vara Criminal de Recife,Sem observações
3537,1887163-62.2025.9.93.1037,206,Civil,Sentença,Suspenso,Dra. Fontes,2021-12-28,2026-08-23,413539.0,2ª Vara Trabalhista de Recife,Sem observações
3538,8415891-60.2021.6.92.5554,877,Civil,Arquivado,Ativo,Dra. Cavalcante,2024-07-14,2026-06-30,280882.0,19ª Vara Criminal de Recife,Sem observações
3539,3542799-64.2025.6.13.7299,1226,Trabalhista,Sentença,Encerrado,Dr. Melo,2020-07-13,2026-05-01,Sem valor,7ª Vara Cível de Recife,Sem observações
3540,6416661-36.2021.8.21.8496,312,Trabalhista,Sentença,Ativo,Dra. Fontes,2021-06-15,2025-07-28,88814.0,18ª Vara Cível de Recife,Sem observações
3541,6476769-27.2021.5.22.2570,878,Civil,Inicial,Ativo,Dr. Barros,2021-03-20,2025-01-09,209839.0,17ª Vara Trabalhista de Recife,Sem observações
3542,9898363-27.2020.4.89.2966,606,Trabalhista,Sentença,Ativo,Dr. Barros,2023-05-23,2026-01-15,217048.0,20ª Vara Trabalhista de Recife,Sem observações
3543,6011987-71.2020.8.10.4396,210,Civil,Arquivado,Ativo,Dr. Barros,2023-02-05,2025-06-23,493491.0,8ª Vara Criminal de Recife,Sem observações
3544,2191287-57.2021.1.18.8228,710,Civil,Sentença,Em recurso,Dra. Cavalcante,2022-04-29,2026-06-22,158648.0,3ª Vara Cível de Recife,Aguardando documentos
3545,2753004-76.2021.8.83.9874,711,Trabalhista,Sentença,Ativo,Dr. Melo,2021-01-12,2025-10-09,Sem valor,17ª Vara Criminal de Recife,Aguardando documentos
3546,1742202-63.2023.6.68.9372,1235,Trabalhista,Instrução,Em recurso,Dra. Cavalcante,2023-12-01,2025-11-10,123490.0,13ª Vara Cível de Recife,Sem observações
3547,7951127-89.2024.1.63.3502,396,Civil,Acordo Extrajudicial,Encerrado,Dra. Cavalcante,2024-06-06,2026-12-11,240457.0,6ª Vara Cível de Recife,Sem observações
3548,3542616-60.2022.3.87.6536,267,Civil,Arquivado,Ativo,Dr. Barros,2022-07-03,2025-06-30,Sem valor,19ª Vara Cível de Recife,Sem observações
3549,4601686-30.2021.5.52.7745,892,Trabalhista,Instrução,Ativo,Dra. Fontes,2025-04-25,2025-05-20,262296.0,6ª Vara Criminal de Recife,Sem observações
3550,8530609-10.2021.5.41.7151,1364,Civil,Recurso,Ativo,Dra. Fontes,2021-08-20,2025-10-02,Sem valor,16ª Vara Trabalhista de Recife,Sem observações
3551,5124342-11.2025.5.50.6107,987,Trabalhista,Arquivado,Acordo,Dr. Melo,2020-07-15,Sem prazo delimitado,84570.0,13ª Vara Criminal de Recife,Sem observações
3552,1878000-50.2025.7.58.1197,1324,Civil,Sentença,Ativo,Dr. Barros,2022-11-14,2025-04-09,334550.0,17ª Vara Trabalhista de Recife,Aguardando documentos
3553,1273300-90.2024.2.80.7378,231,Trabalhista,Recurso,Ativo,Dr. Melo,2021-01-29,2026-04-21,360391.0,3ª Vara Trabalhista de Recife,Sem observações
3554,9885734-21.2023.9.74.3450,503,Trabalhista,Arquivado,Ativo,Dr. Barros,2023-03-11,2026-11-06,325820.0,10ª Vara Trabalhista de Recife,Sem observações
3555,5991409-16.2021.8.44.1303,752,Trabalhista,Audiência,Ativo,Dr. Barros,2024-02-17,2025-06-01,98089.0,11ª Vara Cível de Recife,Sem observações
3556,7486029-45.2024.4.25.3159,1197,Trabalhista,Arquivado,Encerrado,Dr. Melo,2026-01-30,2025-08-20,100629.0,2ª Vara Cível de Recife,Sem observações
3557,4314934-26.2021.7.14.7244,395,Civil,Acordo Extrajudicial,Ativo,Dr. Melo,2020-07-04,2026-04-22,456258.0,6ª Vara Cível de Recife,Sem observações
3558,9885734-21.2023.9.74.3450,80,Civil,Instrução,Ativo,Dra. Fontes,2022-03-06,2026-09-19,441406.0,20ª Vara Criminal de Recife,Aguardando documentos
3559,1116024-57.2025.8.16.4043,126,Trabalhista,Acordo Extrajudicial,Ativo,Dr. Barros,2022-08-17,2026-01-11,292737.0,18ª Vara Trabalhista de Recife,Sem observações
3560,2966787-79.2022.1.41.9944,550,Civil,Recurso,Ativo,Dr. Melo,2021-01-21,2025-08-31,441304.0,20ª Vara Criminal de Recife,Sem observações
3561,7941836-76.2025.4.34.6543,663,Trabalhista,Instrução,Ativo,Dra. Cavalcante,2021-06-25,2025-06-30,341742.0,18ª Vara Cível de Recife,Aguardando documentos
3562,5786762-52.2021.9.21.3037,186,Trabalhista,Sentença,Ativo,Dr. Melo,2020-08-03,2025-05-04,Sem valor,8ª Vara Criminal de Recife,Sem observações
3563,2824928-33.2020.1.90.6467,85,Civil,Arquivado,Encerrado,Dra. Fontes,2023-12-02,2025-07-29,425354.0,16ª Vara Trabalhista de Recife,Sem observações
3564,3542616-60.2022.3.87.6536,306,Civil,Execução,Ativo,Dr. Melo,2026-04-17,2026-06-03,Sem valor,3ª Vara Criminal de Recife,Sem observações
3565,6339808-70.2020.2.67.1325,882,Trabalhista,Sentença,Encerrado,Dra. Cavalcante,2026-04-22,2025-10-05,Sem valor,4ª Vara Trabalhista de Recife,Sem observações
3566,3542799-64.2025.6.13.7299,161,Civil,Execução,Ativo,Dra. Cavalcante,2021-02-01,2025-02-02,41288.0,2ª Vara Cível de Recife,Sem observações
3567,4768255-51.2022.4.94.5695,682,Civil,Execução,Encerrado,Dr. Melo,2022-06-21,2026-10-18,40529.0,4ª Vara Cível de Recife,Sem observações
3568,5451988-41.2020.2.82.4041,788,Trabalhista,Acordo Extrajudicial,Encerrado,Dr. Melo,2022-10-03,2026-04-17,359587.0,6ª Vara Criminal de Recife,Sem observações
3569,5239450-56.2022.7.99.2371,1293,Civil,Instrução,Ativo,Dr. Melo,2021-12-08,2025-10-11,Sem valor,1ª Vara Cível de Recife,Sem observações
3570,9110060-16.2025.2.29.4716,1380,Trabalhista,Instrução,Ativo,Dra. Fontes,2024-12-25,2025-08-11,Sem valor,15ª Vara Criminal de Recife,Sem observações
3571,1931030-34.2024.8.48.5319,345,Trabalhista,Acordo Extrajudicial,Encerrado,Dr. Barros,2022-04-14,2026-03-31,231456.0,6ª Vara Cível de Recife,Sem observações
3572,5289264-48.2020.4.41.6347,645,Trabalhista,Audiência,Encerrado,Dra. Cavalcante,2020-09-19,2026-04-26,425219.0,6ª Vara Cível de Recife,Sem observações
3573,8905709-90.2020.9.55.2471,205,Trabalhista,Sentença,Encerrado,Dra. Cavalcante,2022-06-19,2026-03-30,272828.0,9ª Vara Criminal de Recife,Sem observações
3574,6334947-38.2020.4.71.6173,1274,Trabalhista,Sentença,Ativo,Dra. Cavalcante,2021-08-17,2025-02-09,182363.0,16ª Vara Cível de Recife,Sem observações
3575,6865513-17.2021.7.21.3938,584,Civil,Execução,Acordo,Dr. Melo,2020-03-09,2025-04-14,Sem valor,12ª Vara Trabalhista de Recife,Sem observações
3576,1445483-93.2023.1.61.7357,25,Civil,Sentença,Ativo,Dra. Fontes,2023-09-09,2026-12-08,32590.0,7ª Vara Criminal de Recife,Sem observações
3577,7765112-69.2024.9.62.5648,716,Trabalhista,Sentença,Em recurso,Dr. Barros,2022-03-06,2025-02-19,Sem valor,13ª Vara Criminal de Recife,Sem observações
3578,6254488-31.2024.9.48.3216,792,Civil,Acordo Extrajudicial,Ativo,Dr. Melo,2025-11-05,2026-10-29,420984.0,2ª Vara Trabalhista de Recife,Sem observações
3579,3510061-32.2020.9.13.4424,344,Civil,Inicial,Encerrado,Dra. Fontes,2020-04-08,2026-06-12,455157.0,8ª Vara Trabalhista de Recife,Aguardando documentos
3580,8066975-72.2023.7.26.7675,164,Trabalhista,Recurso,Ativo,Dra. Fontes,2025-10-02,2025-08-16,72361.0,7ª Vara Cível de Recife,Sem observações
3581,8323566-47.2021.3.26.4644,56,Trabalhista,Inicial,Ativo,Dra. Cavalcante,2024-04-17,2025-01-15,244825.0,17ª Vara Cível de Recife,Sem observações
3582,3675188-38.2025.9.53.3305,501,Trabalhista,Arquivado,Ativo,Dra. Cavalcante,2021-12-28,2026-08-14,87642.0,10ª Vara Criminal de Recife,Sem observações
3583,6368709-92.2024.7.99.9426,172,Trabalhista,Instrução,Em recurso,Dr. Melo,2025-10-28,2026-07-09,Sem valor,13ª Vara Cível de Recife,Sem observações
3584,8630644-97.2025.3.28.1296,855,Trabalhista,Execução,Encerrado,Dra. Cavalcante,2025-06-10,2026-01-24,248622.0,19ª Vara Cível de Recife,Sem observações
3585,9824532-76.2023.6.37.2040,332,Trabalhista,Sentença,Ativo,Dr. Barros,2024-01-31,2025-07-08,230377.0,19ª Vara Criminal de Recife,Aguardando documentos
3586,2895065-46.2022.7.67.1438,832,Civil,Inicial,Encerrado,Dr. Barros,2021-11-01,Sem prazo delimitado,421646.0,18ª Vara Cível de Recife,Sem observações
3587,4893809-11.2021.7.19.9759,451,Trabalhista,Recurso,Encerrado,Dra. Fontes,2020-10-15,2026-06-18,341559.0,17ª Vara Trabalhista de Recife,Sem observações
3588,2118934-75.2023.5.97.9563,1435,Trabalhista,Audiência,Ativo,Dr. Barros,2025-04-05,2025-11-14,250303.0,9ª Vara Cível de Recife,Sem observações
3589,4131852-60.2020.1.89.9739,302,Civil,Instrução,Em recurso,Dra. Cavalcante,2024-09-21,2026-05-29,55574.0,12ª Vara Criminal de Recife,Sem observações
3590,4865461-96.2025.2.64.9143,1026,Trabalhista,Inicial,Ativo,Dr. Barros,2024-03-24,2026-04-22,152563.0,13ª Vara Criminal de Recife,Sem observações
3591,5239450-56.2022.7.99.2371,747,Civil,Inicial,Acordo,Dr. Melo,2020-10-31,2025-01-30,12285.0,19ª Vara Cível de Recife,Sem observações
3592,9214397-26.2023.4.18.6844,594,Trabalhista,Recurso,Encerrado,Dra. Fontes,2020-08-29,2026-02-04,309495.0,10ª Vara Cível de Recife,Sem observações
3593,4016576-41.2022.7.10.6952,1243,Civil,Sentença,Suspenso,Dra. Fontes,2025-11-29,2026-09-15,451359.0,2ª Vara Trabalhista de Recife,Sem observações
3594,4824419-32.2024.5.47.3265,789,Civil,Audiência,Em recurso,Dra. Fontes,2021-05-23,2025-02-01,438915.0,3ª Vara Cível de Recife,Sem observações
3595,3418432-84.2025.3.59.5858,386,Trabalhista,Sentença,Ativo,Dr. Melo,2021-11-26,2026-12-08,295108.0,8ª Vara Cível de Recife,Sem observações
3596,4061044-97.2023.7.99.3676,695,Trabalhista,Execução,Ativo,Dr. Melo,2024-03-08,2025-10-28,315993.0,7ª Vara Trabalhista de Recife,Sem observações
3597,6254488-31.2024.9.48.3216,573,Trabalhista,Audiência,Ativo,Dra. Cavalcante,2025-11-05,2025-11-04,224664.0,16ª Vara Cível de Recife,Sem observações
3598,1676369-34.2022.3.47.6087,1196,Civil,Recurso,Encerrado,Dr. Melo,2021-12-08,Sem prazo delimitado,421568.0,1ª Vara Trabalhista de Recife,Sem observações
3599,8630644-97.2025.3.28.1296,971,Civil,Execução,Ativo,Dr. Melo,2022-03-30,2026-04-19,Sem valor,19ª Vara Cível de Recife,Sem observações
3600,9970343-38.2020.5.18.4483,1127,Trabalhista,Instrução,Suspenso,Dr. Barros,2025-05-23,2025-04-25,Sem valor,8ª Vara Trabalhista de Recife,Sem observações
3601,9425559-65.2022.6.99.1309,149,Trabalhista,Execução,Ativo,Dra. Fontes,2021-06-26,2025-02-15,Sem valor,3ª Vara Cível de Recife,Sem observações
3602,9822459-92.2024.8.17.6403,977,Trabalhista,Acordo Extrajudicial,Acordo,Dra. Fontes,2023-10-28,2025-03-22,Sem valor,14ª Vara Criminal de Recife,Sem observações
3603,8168450-48.2020.2.65.4570,1262,Civil,Audiência,Ativo,Dra. Cavalcante,2023-03-16,Sem prazo delimitado,293877.0,5ª Vara Trabalhista de Recife,Sem observações
3604,2411026-52.2022.6.26.7373,494,Trabalhista,Inicial,Ativo,Dr. Barros,2021-10-28,2026-09-29,430556.0,9ª Vara Trabalhista de Recife,Sem observações
3605,6339266-27.2025.5.15.6766,230,Civil,Audiência,Encerrado,Dra. Cavalcante,2025-10-11,2026-10-08,13356.0,10ª Vara Trabalhista de Recife,Sem observações
3606,4601686-30.2021.5.52.7745,1243,Trabalhista,Sentença,Ativo,Dra. Fontes,2022-05-28,2026-03-06,Sem valor,9ª Vara Criminal de Recife,Sem observações
3607,5638123-23.2024.7.30.5009,627,Civil,Acordo Extrajudicial,Encerrado,Dr. Melo,2024-10-25,2025-07-28,Sem valor,12ª Vara Trabalhista de Recife,Aguardando documentos
3608,2292432-35.2025.5.83.7063,1435,Civil,Inicial,Suspenso,Dr. Melo,2024-06-18,2025-10-08,Sem valor,13ª Vara Trabalhista de Recife,Sem observações
3609,9885734-21.2023.9.74.3450,1147,Civil,Arquivado,Ativo,Dra. Fontes,2025-08-02,2025-04-17,36844.0,8ª Vara Criminal de Recife,Sem observações
3610,1833330-93.2025.8.61.3405,1265,Civil,Sentença,Ativo,Dr. Melo,2020-07-22,Sem prazo delimitado,150936.0,3ª Vara Trabalhista de Recife,Sem observações
3611,4865461-96.2025.2.64.9143,609,Civil,Inicial,Acordo,Dr. Melo,2022-07-22,2025-05-14,431587.0,2ª Vara Trabalhista de Recife,Sem observações
3612,8827641-36.2022.5.59.8715,855,Civil,Sentença,Ativo,Dr. Melo,2022-04-06,2025-01-30,362398.0,7ª Vara Criminal de Recife,Sem observações
3613,4384627-80.2021.2.13.1061,700,Civil,Sentença,Encerrado,Dr. Barros,2024-05-21,Sem prazo delimitado,Sem valor,20ª Vara Trabalhista de Recife,Aguardando documentos
3614,6416661-36.2021.8.21.8496,240,Civil,Inicial,Encerrado,Dr. Melo,2023-02-21,2026-07-09,341565.0,17ª Vara Trabalhista de Recife,Sem observações
3615,2824928-33.2020.1.90.6467,1039,Civil,Sentença,Suspenso,Dra. Cavalcante,2020-08-22,2026-07-11,90847.0,9ª Vara Cível de Recife,Sem observações
3616,7553290-31.2023.9.36.9282,1160,Civil,Audiência,Ativo,Dr. Barros,2024-12-18,2025-04-21,177438.0,19ª Vara Trabalhista de Recife,Sem observações
3617,3754895-37.2021.6.18.8502,270,Trabalhista,Acordo Extrajudicial,Encerrado,Dra. Fontes,2021-04-23,2025-02-15,Sem valor,18ª Vara Criminal de Recife,Sem observações
3618,1614850-25.2020.8.85.3161,1500,Civil,Inicial,Ativo,Dra. Fontes,2025-01-08,2025-11-13,184841.0,16ª Vara Trabalhista de Recife,Sem observações
3619,4494463-44.2022.5.80.7542,70,Trabalhista,Acordo Extrajudicial,Encerrado,Dr. Barros,2025-02-15,2026-08-28,70063.0,2ª Vara Criminal de Recife,Aguardando documentos
3620,5068524-45.2025.9.91.6906,1112,Trabalhista,Execução,Encerrado,Dr. Melo,2022-02-10,2026-06-27,60288.0,11ª Vara Trabalhista de Recife,Sem observações
3621,4064382-39.2022.4.13.8937,468,Trabalhista,Sentença,Encerrado,Dr. Melo,2021-05-15,2026-03-23,213674.0,18ª Vara Trabalhista de Recife,Sem observações
3622,5853247-29.2020.7.62.8870,1160,Civil,Arquivado,Encerrado,Dra. Fontes,2022-08-27,2025-03-29,256634.0,18ª Vara Cível de Recife,Aguardando documentos
3623,8749473-21.2020.4.12.9144,1371,Civil,Acordo Extrajudicial,Acordo,Dra. Fontes,2023-09-30,2025-02-23,333025.0,7ª Vara Trabalhista de Recife,Sem observações
3624,8827641-36.2022.5.59.8715,1400,Trabalhista,Inicial,Ativo,Dra. Fontes,2020-04-01,2025-10-27,74588.0,18ª Vara Cível de Recife,Aguardando documentos
3625,4314934-26.2021.7.14.7244,166,Civil,Arquivado,Acordo,Dr. Melo,2023-06-22,2025-07-08,316708.0,19ª Vara Cível de Recife,Sem observações
3626,2895065-46.2022.7.67.1438,211,Civil,Arquivado,Ativo,Dra. Cavalcante,2022-12-12,2025-10-21,376266.0,18ª Vara Cível de Recife,Sem observações
3627,7553290-31.2023.9.36.9282,985,Trabalhista,Sentença,Acordo,Dra. Fontes,2022-06-07,2025-06-19,343070.0,4ª Vara Trabalhista de Recife,Aguardando documentos
3628,1778149-24.2023.1.86.3557,771,Civil,Inicial,Acordo,Dr. Melo,2024-05-18,2025-10-19,440430.0,2ª Vara Criminal de Recife,Sem observações
3629,7110796-41.2020.3.80.5362,221,Trabalhista,Sentença,Ativo,Dr. Barros,2020-11-07,2026-01-16,463521.0,19ª Vara Criminal de Recife,Sem observações
3630,2461262-96.2021.6.48.1315,1387,Civil,Inicial,Ativo,Dra. Fontes,2023-09-05,2025-06-27,39859.0,20ª Vara Criminal de Recife,Aguardando documentos
3631,1896520-28.2021.5.90.5374,1185,Trabalhista,Sentença,Encerrado,Dra. Cavalcante,2024-01-27,2026-12-05,195914.0,15ª Vara Cível de Recife,Aguardando documentos
3632,8168054-14.2024.6.50.1232,202,Trabalhista,Sentença,Suspenso,Dra. Cavalcante,2020-03-24,2026-02-21,173000.0,2ª Vara Cível de Recife,Sem observações
3633,9302979-43.2025.9.68.7487,434,Civil,Acordo Extrajudicial,Ativo,Dr. Melo,2020-10-12,2025-12-10,Sem valor,5ª Vara Criminal de Recife,Sem observações
3634,1778149-24.2023.1.86.3557,415,Civil,Sentença,Ativo,Dra. Cavalcante,2025-04-08,2026-06-24,Sem valor,2ª Vara Cível de Recife,Aguardando documentos
3635,8843195-99.2024.6.39.2836,19,Trabalhista,Recurso,Suspenso,Dr. Barros,2023-08-16,2026-07-17,201121.0,2ª Vara Cível de Recife,Sem observações
3636,1411065-96.2022.9.64.8271,280,Trabalhista,Acordo Extrajudicial,Encerrado,Dr. Barros,2020-06-19,2025-05-26,446769.0,18ª Vara Cível de Recife,Aguardando documentos
3637,8368372-34.2020.6.43.9691,68,Civil,Inicial,Ativo,Dra. Fontes,2023-06-22,2025-10-21,Sem valor,7ª Vara Cível de Recife,Sem observações
3638,3922248-27.2025.1.42.4047,384,Civil,Recurso,Acordo,Dra. Fontes,2025-01-15,2026-07-08,Sem valor,16ª Vara Cível de Recife,Sem observações
3639,9062552-47.2024.4.22.8265,89,Trabalhista,Arquivado,Ativo,Dr. Melo,2022-01-17,2026-09-29,Sem valor,2ª Vara Trabalhista de Recife,Sem observações
3640,7274275-74.2020.1.22.9780,685,Trabalhista,Sentença,Ativo,Dra. Fontes,2025-09-21,2026-02-02,94903.0,20ª Vara Criminal de Recife,Sem observações
3641,5422047-80.2024.8.62.4364,857,Trabalhista,Acordo Extrajudicial,Suspenso,Dra. Fontes,2020-06-05,2026-05-23,292561.0,8ª Vara Cível de Recife,Sem observações
3642,3542616-60.2022.3.87.6536,163,Civil,Sentença,Ativo,Dra. Cavalcante,2022-11-09,Sem prazo delimitado,187246.0,12ª Vara Cível de Recife,Sem observações
3643,7515318-25.2024.4.34.6280,1196,Trabalhista,Arquivado,Encerrado,Dr. Melo,2026-01-28,2026-03-17,321178.0,8ª Vara Criminal de Recife,Aguardando documentos
3644,8590346-68.2020.7.63.7780,763,Trabalhista,Instrução,Encerrado,Dr. Barros,2025-06-28,2025-05-01,244694.0,3ª Vara Cível de Recife,Sem observações
3645,6982910-41.2023.8.91.8758,413,Civil,Recurso,Encerrado,Dr. Melo,2023-01-04,2026-03-16,480306.0,11ª Vara Cível de Recife,Sem observações
3646,2895065-46.2022.7.67.1438,1467,Trabalhista,Recurso,Encerrado,Dr. Melo,2022-05-05,2025-03-08,Sem valor,20ª Vara Trabalhista de Recife,Sem observações
3647,2100417-68.2021.7.29.9662,157,Trabalhista,Audiência,Acordo,Dra. Fontes,2024-01-30,2025-06-24,412337.0,1ª Vara Cível de Recife,Aguardando documentos
3648,4768255-51.2022.4.94.5695,509,Trabalhista,Execução,Ativo,Dr. Barros,2022-07-16,2026-06-10,463619.0,19ª Vara Trabalhista de Recife,Sem observações
3649,2660213-63.2022.6.50.8366,1413,Civil,Audiência,Encerrado,Dr. Barros,2020-08-23,2025-03-23,Sem valor,9ª Vara Trabalhista de Recife,Sem observações
3650,4314934-26.2021.7.14.7244,1115,Trabalhista,Inicial,Ativo,Dra. Fontes,2024-09-13,2025-02-21,465397.0,4ª Vara Cível de Recife,Sem observações
3651,8157599-64.2024.2.89.5276,1190,Civil,Arquivado,Ativo,Dr. Barros,2025-10-24,2025-04-15,400326.0,14ª Vara Criminal de Recife,Sem observações
3652,2328070-99.2024.8.57.5561,1178,Trabalhista,Recurso,Suspenso,Dra. Fontes,2022-02-25,Sem prazo delimitado,347926.0,5ª Vara Criminal de Recife,Sem observações
3653,1101935-78.2023.5.88.5299,14,Trabalhista,Execução,Acordo,Dra. Fontes,2025-12-14,2026-03-03,345143.0,18ª Vara Criminal de Recife,Sem observações
3654,7398699-88.2025.6.55.3587,166,Trabalhista,Sentença,Acordo,Dr. Melo,2020-09-15,2025-01-28,295744.0,7ª Vara Criminal de Recife,Sem observações
3655,1714231-74.2025.9.71.1697,1344,Civil,Acordo Extrajudicial,Encerrado,Dr. Barros,2024-11-03,2026-01-28,315580.0,6ª Vara Trabalhista de Recife,Aguardando documentos
3656,6404948-40.2021.7.68.7161,16,Civil,Audiência,Acordo,Dr. Barros,2024-09-04,2025-04-25,448147.0,20ª Vara Criminal de Recife,Sem observações
3657,1101935-78.2023.5.88.5299,733,Civil,Execução,Acordo,Dra. Cavalcante,2023-03-04,2026-06-24,446814.0,20ª Vara Criminal de Recife,Aguardando documentos
3658,2112478-55.2024.2.51.9095,693,Trabalhista,Recurso,Ativo,Dr. Melo,2025-08-26,2025-09-24,309474.0,20ª Vara Cível de Recife,Sem observações
3659,2016341-89.2023.7.48.2724,525,Trabalhista,Execução,Suspenso,Dra. Cavalcante,2022-03-19,2025-06-13,Sem valor,12ª Vara Cível de Recife,Sem observações
3660,9060164-41.2020.5.36.2381,1305,Civil,Acordo Extrajudicial,Ativo,Dr. Melo,2023-02-04,2025-02-18,479838.0,19ª Vara Trabalhista de Recife,Aguardando documentos
3661,8905709-90.2020.9.55.2471,1108,Civil,Arquivado,Ativo,Dr. Barros,2024-12-21,2025-10-30,Sem valor,6ª Vara Trabalhista de Recife,Aguardando documentos
3662,1869144-23.2023.5.84.3325,152,Trabalhista,Recurso,Ativo,Dr. Barros,2025-08-10,2026-02-12,300137.0,14ª Vara Trabalhista de Recife,Sem observações
3663,4134515-43.2021.8.70.4879,302,Civil,Recurso,Acordo,Dra. Cavalcante,2020-11-05,2026-03-14,17904.0,1ª Vara Cível de Recife,Sem observações
3664,5660649-86.2020.5.86.9291,433,Civil,Acordo Extrajudicial,Encerrado,Dr. Barros,2022-03-27,2026-11-09,Sem valor,5ª Vara Criminal de Recife,Sem observações
3665,1101935-78.2023.5.88.5299,552,Civil,Sentença,Acordo,Dr. Melo,2024-02-15,2025-08-25,Sem valor,18ª Vara Criminal de Recife,Sem observações
3666,4687348-31.2023.1.92.6907,648,Civil,Recurso,Encerrado,Dra. Fontes,2024-10-03,2025-04-10,96345.0,12ª Vara Trabalhista de Recife,Sem observações
3667,8415891-60.2021.6.92.5554,873,Civil,Arquivado,Suspenso,Dr. Barros,2023-10-29,2025-08-20,174584.0,17ª Vara Criminal de Recife,Sem observações
3668,4084503-92.2025.8.90.5515,107,Trabalhista,Arquivado,Encerrado,Dr. Barros,2024-05-31,2026-10-07,173172.0,15ª Vara Criminal de Recife,Sem observações
3669,9489806-94.2021.2.55.9162,283,Trabalhista,Acordo Extrajudicial,Ativo,Dra. Fontes,2024-04-17,2026-07-29,422457.0,15ª Vara Cível de Recife,Sem observações
3670,2294596-63.2020.6.38.9193,195,Trabalhista,Arquivado,Ativo,Dr. Barros,2023-09-21,2025-05-18,251019.0,5ª Vara Cível de Recife,Sem observações
3671,7323234-16.2020.9.59.5035,98,Trabalhista,Instrução,Suspenso,Dra. Cavalcante,2020-04-09,2025-08-04,245059.0,15ª Vara Criminal de Recife,Sem observações
3672,8382607-83.2020.6.26.3936,1217,Trabalhista,Audiência,Suspenso,Dr. Melo,2020-07-06,2026-07-28,202862.0,20ª Vara Criminal de Recife,Sem observações
3673,3376786-12.2020.7.64.5093,880,Trabalhista,Instrução,Encerrado,Dra. Fontes,2020-01-05,2026-08-02,134732.0,18ª Vara Cível de Recife,Sem observações
3674,5159219-49.2023.5.25.3676,950,Trabalhista,Audiência,Encerrado,Dra. Fontes,2021-12-19,2026-06-11,5104.0,1ª Vara Trabalhista de Recife,Sem observações
3675,7848147-32.2021.6.58.3528,351,Civil,Arquivado,Ativo,Dra. Cavalcante,2025-02-21,2025-03-18,25177.0,1ª Vara Criminal de Recife,Sem observações
3676,3821719-15.2025.2.86.2518,720,Trabalhista,Execução,Ativo,Dra. Fontes,2024-02-13,2025-05-27,6391.0,10ª Vara Criminal de Recife,Aguardando documentos
3677,4961530-22.2021.4.22.6290,914,Civil,Instrução,Ativo,Dr. Melo,2023-11-22,2026-02-01,362512.0,18ª Vara Trabalhista de Recife,Sem observações
3678,7626521-25.2020.9.17.3305,258,Trabalhista,Acordo Extrajudicial,Ativo,Dr. Barros,2021-11-08,2025-12-09,207511.0,17ª Vara Criminal de Recife,Sem observações
3679,5947618-28.2023.6.53.6118,977,Civil,Inicial,Encerrado,Dr. Barros,2022-04-24,2026-03-21,327646.0,9ª Vara Trabalhista de Recife,Sem observações
3680,1757615-27.2025.7.10.3762,1155,Civil,Execução,Em recurso,Dr. Barros,2025-12-28,2026-07-06,Sem valor,3ª Vara Criminal de Recife,Sem observações
3681,4874996-38.2022.9.94.8154,720,Civil,Instrução,Ativo,Dra. Fontes,2021-10-31,2026-11-28,442418.0,12ª Vara Criminal de Recife,Sem observações
3682,6927716-18.2022.9.56.1445,393,Trabalhista,Sentença,Encerrado,Dra. Cavalcante,2021-06-03,2026-12-13,475784.0,3ª Vara Criminal de Recife,Sem observações
3683,6524227-53.2025.1.97.6214,694,Trabalhista,Instrução,Encerrado,Dr. Melo,2025-07-30,2025-04-14,Sem valor,9ª Vara Criminal de Recife,Aguardando documentos
3684,3734843-61.2021.3.94.2954,593,Civil,Acordo Extrajudicial,Ativo,Dr. Barros,2023-04-30,Sem prazo delimitado,65456.0,20ª Vara Criminal de Recife,Sem observações
3685,3541821-31.2021.8.96.1927,1254,Civil,Acordo Extrajudicial,Encerrado,Dra. Fontes,2021-12-26,2025-07-21,339907.0,15ª Vara Trabalhista de Recife,Sem observações
3686,3821719-15.2025.2.86.2518,1499,Trabalhista,Acordo Extrajudicial,Ativo,Dra. Fontes,2021-02-15,Sem prazo delimitado,Sem valor,7ª Vara Trabalhista de Recife,Aguardando documentos
3687,2675642-32.2022.8.65.5499,154,Trabalhista,Audiência,Em recurso,Dr. Melo,2021-07-30,2025-03-20,Sem valor,5ª Vara Cível de Recife,Sem observações
3688,3576390-15.2021.2.82.8209,218,Trabalhista,Execução,Encerrado,Dra. Fontes,2023-07-06,2026-10-24,273945.0,10ª Vara Cível de Recife,Sem observações
3689,5401874-62.2025.2.46.8337,477,Trabalhista,Recurso,Encerrado,Dr. Barros,2022-12-01,2026-06-09,300792.0,2ª Vara Cível de Recife,Sem observações
3690,2191287-57.2021.1.18.8228,1004,Civil,Inicial,Encerrado,Dra. Cavalcante,2022-07-08,2026-10-26,Sem valor,9ª Vara Trabalhista de Recife,Sem observações
3691,6384831-67.2022.5.89.7429,995,Trabalhista,Arquivado,Ativo,Dr. Barros,2022-01-21,2025-08-11,Sem valor,15ª Vara Criminal de Recife,Sem observações
3692,5996426-23.2022.8.20.3566,511,Trabalhista,Arquivado,Encerrado,Dr. Melo,2024-09-20,2025-05-26,295565.0,7ª Vara Criminal de Recife,Sem observações
3693,9086174-80.2025.1.81.3292,1470,Trabalhista,Audiência,Ativo,Dr. Melo,2023-06-29,2026-11-07,194591.0,14ª Vara Trabalhista de Recife,Sem observações
3694,6927716-18.2022.9.56.1445,1154,Trabalhista,Inicial,Encerrado,Dra. Cavalcante,2025-10-10,2025-06-16,82714.0,12ª Vara Criminal de Recife,Sem observações
3695,8827641-36.2022.5.59.8715,549,Trabalhista,Audiência,Encerrado,Dra. Cavalcante,2023-09-11,2025-05-25,378880.0,3ª Vara Cível de Recife,Aguardando documentos
3696,5289264-48.2020.4.41.6347,122,Trabalhista,Execução,Suspenso,Dra. Cavalcante,2020-03-31,2025-09-14,128132.0,4ª Vara Criminal de Recife,Sem observações
3697,1676369-34.2022.3.47.6087,1374,Trabalhista,Arquivado,Ativo,Dr. Melo,2022-11-09,2025-09-18,478942.0,12ª Vara Trabalhista de Recife,Sem observações
3698,3464073-25.2022.8.73.5075,1471,Trabalhista,Audiência,Ativo,Dra. Fontes,2022-05-17,2026-08-11,Sem valor,14ª Vara Trabalhista de Recife,Sem observações
3699,8843195-99.2024.6.39.2836,1231,Civil,Execução,Suspenso,Dr. Barros,2020-01-19,2025-03-24,91620.0,3ª Vara Cível de Recife,Sem observações
3700,8936104-83.2022.1.39.7934,854,Trabalhista,Inicial,Ativo,Dr. Barros,2021-01-07,Sem prazo delimitado,415374.0,17ª Vara Cível de Recife,Sem observações
3701,9252661-70.2020.1.46.1185,1446,Trabalhista,Audiência,Ativo,Dra. Cavalcante,2022-10-01,2025-01-27,267190.0,5ª Vara Criminal de Recife,Aguardando documentos
3702,6686912-30.2025.4.68.7078,504,Civil,Audiência,Suspenso,Dra. Cavalcante,2025-11-06,2026-03-07,377835.0,8ª Vara Trabalhista de Recife,Sem observações
3703,9810112-12.2021.1.97.8847,1072,Civil,Inicial,Encerrado,Dr. Melo,2020-01-22,Sem prazo delimitado,111131.0,10ª Vara Cível de Recife,Aguardando documentos
3704,7599278-46.2021.4.96.3535,113,Trabalhista,Sentença,Ativo,Dra. Cavalcante,2022-05-20,2025-11-21,Sem valor,2ª Vara Criminal de Recife,Sem observações
3705,2658962-39.2022.5.95.8856,1067,Trabalhista,Instrução,Ativo,Dra. Cavalcante,2023-06-12,2025-03-02,370158.0,5ª Vara Criminal de Recife,Sem observações
3706,5284129-51.2020.3.32.5205,1312,Trabalhista,Sentença,Ativo,Dr. Melo,2022-12-25,2025-11-21,263455.0,10ª Vara Trabalhista de Recife,Sem observações
3707,3418432-84.2025.3.59.5858,310,Civil,Sentença,Suspenso,Dra. Fontes,2023-11-19,2025-01-26,71846.0,1ª Vara Trabalhista de Recife,Aguardando documentos
3708,5732779-86.2025.4.28.7831,461,Trabalhista,Sentença,Encerrado,Dra. Cavalcante,2020-09-12,2025-05-21,480052.0,17ª Vara Cível de Recife,Sem observações
3709,9108785-98.2021.3.78.6687,1278,Trabalhista,Acordo Extrajudicial,Em recurso,Dra. Cavalcante,2022-12-16,2025-02-10,13287.0,18ª Vara Trabalhista de Recife,Sem observações
3710,8215015-64.2021.5.32.1893,1081,Trabalhista,Instrução,Ativo,Dra. Cavalcante,2020-11-27,2026-02-11,138765.0,17ª Vara Trabalhista de Recife,Sem observações
3711,7136189-41.2024.2.60.1768,451,Civil,Recurso,Acordo,Dr. Barros,2022-05-25,2025-03-18,137942.0,16ª Vara Cível de Recife,Aguardando documentos
3712,7640585-40.2023.1.57.1721,1165,Trabalhista,Inicial,Encerrado,Dra. Cavalcante,2021-08-03,2026-12-13,Sem valor,12ª Vara Trabalhista de Recife,Sem observações
3713,1165147-13.2020.2.47.5874,351,Trabalhista,Instrução,Em recurso,Dr. Melo,2024-11-19,2025-11-11,59472.0,14ª Vara Trabalhista de Recife,Sem observações
3714,1024421-54.2022.9.20.2563,896,Trabalhista,Execução,Ativo,Dra. Cavalcante,2025-10-03,2025-06-07,146925.0,14ª Vara Cível de Recife,Sem observações
3715,4384627-80.2021.2.13.1061,1209,Civil,Sentença,Ativo,Dra. Fontes,2025-11-18,2025-08-14,Sem valor,19ª Vara Criminal de Recife,Sem observações
3716,7640585-40.2023.1.57.1721,431,Trabalhista,Arquivado,Ativo,Dr. Melo,2026-03-05,2026-10-21,254082.0,18ª Vara Cível de Recife,Sem observações
3717,5316105-58.2020.3.22.3571,1038,Trabalhista,Arquivado,Encerrado,Dr. Melo,2026-03-21,2025-01-27,468216.0,6ª Vara Cível de Recife,Sem observações
3718,4874996-38.2022.9.94.8154,1132,Civil,Instrução,Acordo,Dr. Melo,2025-03-28,2025-12-23,473722.0,14ª Vara Cível de Recife,Sem observações
3719,5850223-43.2020.3.81.3185,874,Trabalhista,Sentença,Suspenso,Dr. Melo,2023-10-21,2026-01-16,315173.0,7ª Vara Cível de Recife,Aguardando documentos
3720,8590346-68.2020.7.63.7780,708,Civil,Acordo Extrajudicial,Encerrado,Dr. Barros,2023-06-21,2025-02-26,Sem valor,20ª Vara Cível de Recife,Sem observações
3721,7419280-60.2021.1.40.9417,570,Trabalhista,Sentença,Acordo,Dr. Barros,2023-05-30,2025-04-03,Sem valor,17ª Vara Criminal de Recife,Sem observações
3722,8607512-63.2021.6.82.1039,1126,Civil,Inicial,Ativo,Dr. Barros,2022-12-23,2025-07-26,480284.0,18ª Vara Cível de Recife,Sem observações
3723,3679963-72.2020.9.29.7859,764,Trabalhista,Acordo Extrajudicial,Ativo,Dra. Cavalcante,2024-11-10,2026-06-11,452242.0,16ª Vara Criminal de Recife,Sem observações
3724,7749444-78.2021.1.20.8763,1338,Trabalhista,Recurso,Suspenso,Dra. Fontes,2020-03-25,2026-08-16,96820.0,19ª Vara Criminal de Recife,Sem observações
3725,8183950-10.2021.5.84.9388,128,Civil,Sentença,Ativo,Dra. Fontes,2025-05-17,2026-04-23,200229.0,15ª Vara Cível de Recife,Sem observações
3726,6953559-38.2025.7.42.9212,1385,Trabalhista,Acordo Extrajudicial,Encerrado,Dr. Melo,2024-10-17,2025-11-20,110046.0,12ª Vara Trabalhista de Recife,Sem observações
3727,6160516-66.2024.5.17.7150,671,Civil,Audiência,Encerrado,Dra. Cavalcante,2026-04-04,2026-05-01,446456.0,6ª Vara Cível de Recife,Sem observações
3728,8168450-48.2020.2.65.4570,201,Trabalhista,Instrução,Acordo,Dr. Melo,2025-10-28,2025-09-21,Sem valor,16ª Vara Cível de Recife,Sem observações
3729,7486138-99.2020.5.81.4332,967,Trabalhista,Inicial,Suspenso,Dr. Barros,2021-01-07,2026-03-01,Sem valor,14ª Vara Cível de Recife,Sem observações
3730,6334947-38.2020.4.71.6173,551,Civil,Execução,Acordo,Dra. Fontes,2021-12-02,2026-01-08,Sem valor,5ª Vara Criminal de Recife,Sem observações
3731,8827641-36.2022.5.59.8715,579,Trabalhista,Audiência,Acordo,Dra. Cavalcante,2021-01-14,2025-08-10,75277.0,7ª Vara Criminal de Recife,Sem observações
3732,5614769-67.2022.9.87.1001,684,Civil,Arquivado,Ativo,Dr. Melo,2024-04-08,2025-07-22,267253.0,9ª Vara Criminal de Recife,Sem observações
3733,6425355-10.2021.6.53.2041,645,Trabalhista,Recurso,Acordo,Dra. Fontes,2024-02-24,2025-04-30,464981.0,16ª Vara Trabalhista de Recife,Aguardando documentos
3734,4061044-97.2023.7.99.3676,1286,Trabalhista,Acordo Extrajudicial,Suspenso,Dra. Fontes,2021-06-19,2026-07-10,451632.0,4ª Vara Trabalhista de Recife,Sem observações
3735,8368255-39.2020.9.60.4414,466,Trabalhista,Recurso,Ativo,Dra. Cavalcante,2024-07-21,2025-09-30,395828.0,16ª Vara Trabalhista de Recife,Sem observações
3736,7941836-76.2025.4.34.6543,1403,Civil,Instrução,Suspenso,Dr. Melo,2022-12-24,2025-04-30,394183.0,1ª Vara Cível de Recife,Sem observações
3737,7323234-16.2020.9.59.5035,1129,Civil,Arquivado,Em recurso,Dr. Barros,2023-06-18,2026-09-09,436057.0,15ª Vara Trabalhista de Recife,Sem observações
3738,8382607-83.2020.6.26.3936,1269,Civil,Acordo Extrajudicial,Acordo,Dr. Barros,2022-06-02,2025-09-05,62499.0,6ª Vara Criminal de Recife,Sem observações
3739,9573194-21.2022.1.35.8352,123,Civil,Sentença,Encerrado,Dr. Barros,2025-03-27,2025-05-21,309197.0,13ª Vara Criminal de Recife,Sem observações
3740,7948577-74.2025.1.60.7583,45,Civil,Execução,Encerrado,Dr. Melo,2024-11-07,2026-12-28,70762.0,3ª Vara Cível de Recife,Sem observações
3741,4952151-27.2023.3.38.8762,420,Trabalhista,Audiência,Ativo,Dr. Melo,2020-06-28,2026-03-19,217562.0,15ª Vara Trabalhista de Recife,Sem observações
3742,2016341-89.2023.7.48.2724,1170,Civil,Instrução,Encerrado,Dra. Fontes,2021-04-05,Sem prazo delimitado,373262.0,7ª Vara Criminal de Recife,Sem observações
3743,1676369-34.2022.3.47.6087,938,Trabalhista,Acordo Extrajudicial,Em recurso,Dr. Barros,2023-05-14,2025-02-16,243546.0,5ª Vara Trabalhista de Recife,Sem observações
3744,2480014-80.2024.2.29.9847,467,Trabalhista,Inicial,Ativo,Dr. Melo,2025-06-28,2026-07-11,171371.0,14ª Vara Cível de Recife,Sem observações
3745,5733649-38.2020.2.35.3379,681,Civil,Execução,Ativo,Dr. Barros,2023-02-19,2025-04-26,321309.0,12ª Vara Criminal de Recife,Sem observações
3746,3675188-38.2025.9.53.3305,244,Trabalhista,Audiência,Ativo,Dr. Barros,2022-09-11,2026-01-16,263631.0,4ª Vara Trabalhista de Recife,Sem observações
3747,9953454-93.2020.2.52.5723,266,Civil,Execução,Suspenso,Dr. Barros,2021-12-13,2025-07-22,377867.0,4ª Vara Trabalhista de Recife,Sem observações
3748,3260101-88.2022.8.37.9169,365,Civil,Acordo Extrajudicial,Ativo,Dra. Fontes,2025-09-26,2026-06-19,347570.0,17ª Vara Criminal de Recife,Sem observações
3749,9822459-92.2024.8.17.6403,786,Trabalhista,Instrução,Ativo,Dra. Fontes,2025-10-14,2025-11-30,481821.0,14ª Vara Cível de Recife,Sem observações
3750,8749473-21.2020.4.12.9144,1105,Civil,Audiência,Ativo,Dr. Melo,2025-10-05,2026-03-22,99388.0,3ª Vara Criminal de Recife,Sem observações
3751,1024421-54.2022.9.20.2563,549,Civil,Instrução,Em recurso,Dr. Melo,2021-01-15,2025-02-21,352555.0,2ª Vara Trabalhista de Recife,Aguardando documentos
3752,8717678-27.2025.5.11.4526,777,Trabalhista,Audiência,Encerrado,Dra. Cavalcante,2025-07-25,2026-07-22,74478.0,20ª Vara Cível de Recife,Sem observações
3753,5518767-82.2023.4.96.9873,829,Trabalhista,Sentença,Ativo,Dr. Barros,2024-02-12,2026-03-23,Sem valor,19ª Vara Criminal de Recife,Sem observações
3754,6836135-90.2022.9.37.5643,724,Civil,Audiência,Ativo,Dr. Melo,2021-11-13,2025-05-15,Sem valor,20ª Vara Criminal de Recife,Sem observações
3755,7979033-26.2021.6.18.1084,290,Civil,Sentença,Ativo,Dra. Cavalcante,2025-07-06,2025-12-24,315512.0,8ª Vara Cível de Recife,Sem observações
3756,6992158-64.2024.5.43.7750,968,Civil,Execução,Suspenso,Dra. Cavalcante,2020-12-09,2026-11-15,270978.0,13ª Vara Criminal de Recife,Aguardando documentos
3757,7633905-83.2022.9.95.2309,506,Civil,Arquivado,Ativo,Dr. Melo,2024-10-23,2026-12-03,430628.0,15ª Vara Cível de Recife,Sem observações
3758,7082985-88.2022.2.94.6058,1286,Civil,Sentença,Encerrado,Dra. Fontes,2024-12-22,2026-11-24,Sem valor,11ª Vara Trabalhista de Recife,Sem observações
3759,2869625-86.2025.7.14.5837,380,Trabalhista,Execução,Encerrado,Dr. Barros,2023-02-27,2026-06-02,409821.0,6ª Vara Cível de Recife,Sem observações
3760,9885734-21.2023.9.74.3450,417,Civil,Inicial,Ativo,Dr. Melo,2021-12-12,2026-05-19,Sem valor,20ª Vara Cível de Recife,Sem observações
3761,5159882-37.2022.9.71.7550,877,Trabalhista,Inicial,Acordo,Dr. Barros,2025-12-05,2026-05-11,358869.0,5ª Vara Trabalhista de Recife,Sem observações
3762,7274275-74.2020.1.22.9780,944,Civil,Recurso,Ativo,Dr. Barros,2022-02-01,2026-05-21,25968.0,1ª Vara Criminal de Recife,Sem observações
3763,7941836-76.2025.4.34.6543,696,Trabalhista,Instrução,Encerrado,Dra. Cavalcante,2024-07-07,Sem prazo delimitado,202537.0,14ª Vara Trabalhista de Recife,Sem observações
3764,3588109-63.2023.1.26.4223,361,Trabalhista,Instrução,Ativo,Dra. Fontes,2025-09-21,2025-11-07,470424.0,4ª Vara Trabalhista de Recife,Sem observações
3765,6075721-43.2020.9.85.8738,1133,Civil,Audiência,Suspenso,Dra. Cavalcante,2024-02-08,2026-02-11,74831.0,9ª Vara Criminal de Recife,Sem observações
3766,5451988-41.2020.2.82.4041,627,Trabalhista,Audiência,Encerrado,Dra. Cavalcante,2023-03-20,2025-07-12,19229.0,11ª Vara Cível de Recife,Sem observações
3767,4131852-60.2020.1.89.9739,1156,Trabalhista,Sentença,Em recurso,Dra. Fontes,2024-08-15,2026-01-13,307629.0,6ª Vara Cível de Recife,Sem observações
3768,2824928-33.2020.1.90.6467,664,Trabalhista,Audiência,Em recurso,Dr. Melo,2025-11-10,Sem prazo delimitado,Sem valor,5ª Vara Cível de Recife,Aguardando documentos
3769,3679963-72.2020.9.29.7859,836,Civil,Instrução,Em recurso,Dr. Melo,2023-05-09,2025-03-07,76727.0,8ª Vara Trabalhista de Recife,Aguardando documentos
3770,4874996-38.2022.9.94.8154,348,Civil,Arquivado,Encerrado,Dra. Cavalcante,2025-02-24,2026-12-12,Sem valor,11ª Vara Cível de Recife,Sem observações
3771,2660213-63.2022.6.50.8366,965,Civil,Recurso,Ativo,Dra. Cavalcante,2023-04-21,2025-07-09,Sem valor,3ª Vara Trabalhista de Recife,Sem observações
3772,1438459-62.2020.7.78.3410,564,Civil,Execução,Ativo,Dra. Fontes,2020-01-29,2025-09-18,28432.0,19ª Vara Cível de Recife,Sem observações
3773,4433355-55.2023.8.48.9346,1178,Civil,Arquivado,Ativo,Dra. Cavalcante,2024-01-02,2025-07-25,446856.0,4ª Vara Criminal de Recife,Sem observações
3774,5217157-98.2020.2.64.4094,1493,Civil,Audiência,Ativo,Dr. Melo,2022-06-11,2025-04-23,424426.0,1ª Vara Trabalhista de Recife,Sem observações
3775,4452862-76.2021.3.27.3238,1462,Civil,Instrução,Suspenso,Dra. Cavalcante,2025-05-28,2026-08-30,171724.0,11ª Vara Cível de Recife,Sem observações
3776,1933296-95.2024.5.69.8317,1218,Civil,Inicial,Ativo,Dra. Cavalcante,2024-03-15,2025-09-05,149648.0,12ª Vara Trabalhista de Recife,Sem observações
3777,3750497-13.2024.6.65.9009,1465,Trabalhista,Arquivado,Acordo,Dra. Fontes,2022-05-02,2025-04-07,367115.0,15ª Vara Trabalhista de Recife,Sem observações
3778,8183950-10.2021.5.84.9388,255,Trabalhista,Sentença,Encerrado,Dra. Fontes,2021-05-30,2026-01-12,Sem valor,10ª Vara Criminal de Recife,Sem observações
3779,1615190-23.2022.2.42.6238,1014,Trabalhista,Sentença,Ativo,Dr. Melo,2024-04-06,2026-04-18,411180.0,4ª Vara Criminal de Recife,Sem observações
3780,6953559-38.2025.7.42.9212,526,Trabalhista,Instrução,Suspenso,Dr. Melo,2026-03-30,2026-10-26,Sem valor,8ª Vara Criminal de Recife,Sem observações
3781,7724543-49.2023.9.44.7412,403,Trabalhista,Sentença,Encerrado,Dr. Melo,2022-10-11,2026-05-18,485397.0,19ª Vara Criminal de Recife,Sem observações
3782,4140100-24.2024.4.63.7178,251,Civil,Inicial,Ativo,Dra. Fontes,2020-11-03,2026-04-14,379810.0,5ª Vara Cível de Recife,Sem observações
3783,2461262-96.2021.6.48.1315,633,Trabalhista,Recurso,Ativo,Dr. Barros,2020-10-11,2025-02-10,369089.0,17ª Vara Cível de Recife,Sem observações
3784,7979033-26.2021.6.18.1084,255,Civil,Sentença,Ativo,Dr. Melo,2023-05-08,2026-07-23,447481.0,14ª Vara Criminal de Recife,Sem observações
3785,2019436-32.2020.6.16.9856,1234,Trabalhista,Recurso,Ativo,Dra. Cavalcante,2024-06-15,2026-10-02,174243.0,17ª Vara Criminal de Recife,Sem observações
3786,4460247-99.2024.9.97.4840,1121,Civil,Execução,Ativo,Dra. Cavalcante,2022-12-23,2025-08-30,273752.0,2ª Vara Trabalhista de Recife,Aguardando documentos
3787,4721085-96.2020.6.92.9645,1091,Civil,Audiência,Encerrado,Dr. Melo,2021-12-21,2026-12-14,321810.0,9ª Vara Cível de Recife,Sem observações
3788,5747786-52.2023.7.30.3750,438,Civil,Sentença,Acordo,Dr. Melo,2023-01-01,2025-11-29,466283.0,8ª Vara Criminal de Recife,Aguardando documentos
3789,2292432-35.2025.5.83.7063,1044,Civil,Sentença,Em recurso,Dra. Cavalcante,2023-02-19,2025-04-09,480172.0,15ª Vara Trabalhista de Recife,Sem observações
3790,3724721-44.2021.9.75.5553,896,Civil,Audiência,Ativo,Dra. Cavalcante,2024-11-04,Sem prazo delimitado,Sem valor,10ª Vara Cível de Recife,Aguardando documentos
3791,8539686-69.2023.4.36.2235,1123,Civil,Acordo Extrajudicial,Encerrado,Dra. Fontes,2021-10-27,2025-12-18,Sem valor,9ª Vara Criminal de Recife,Sem observações
3792,3922248-27.2025.1.42.4047,1127,Civil,Audiência,Suspenso,Dra. Cavalcante,2022-07-19,2026-03-31,25357.0,20ª Vara Trabalhista de Recife,Sem observações
3793,1742202-63.2023.6.68.9372,13,Civil,Acordo Extrajudicial,Encerrado,Dra. Fontes,2020-09-10,2025-05-04,376435.0,15ª Vara Criminal de Recife,Aguardando documentos
3794,7539718-58.2020.2.52.9800,741,Trabalhista,Audiência,Encerrado,Dra. Cavalcante,2021-01-17,2025-11-13,Sem valor,20ª Vara Criminal de Recife,Sem observações
3795,8368372-34.2020.6.43.9691,1038,Trabalhista,Instrução,Em recurso,Dra. Cavalcante,2021-08-09,2025-05-04,418288.0,17ª Vara Criminal de Recife,Aguardando documentos
3796,3778380-86.2023.9.32.5849,742,Civil,Recurso,Suspenso,Dr. Barros,2023-10-24,2026-07-11,145964.0,3ª Vara Trabalhista de Recife,Sem observações
3797,2110878-87.2023.8.83.8978,361,Trabalhista,Execução,Ativo,Dr. Melo,2025-05-30,2026-03-11,348586.0,16ª Vara Cível de Recife,Sem observações
3798,1628717-84.2025.8.67.8313,475,Civil,Sentença,Ativo,Dra. Cavalcante,2025-09-20,2025-09-01,187000.0,18ª Vara Trabalhista de Recife,Sem observações
3799,8323566-47.2021.3.26.4644,216,Civil,Instrução,Ativo,Dra. Fontes,2024-06-24,2026-04-02,143917.0,17ª Vara Trabalhista de Recife,Aguardando documentos
3800,3541821-31.2021.8.96.1927,812,Civil,Execução,Suspenso,Dra. Fontes,2022-10-28,2026-09-18,66339.0,6ª Vara Criminal de Recife,Sem observações
3801,7820540-78.2023.1.75.4823,1323,Civil,Instrução,Ativo,Dr. Melo,2024-09-01,2025-11-01,103443.0,9ª Vara Criminal de Recife,Sem observações
3802,2016341-89.2023.7.48.2724,998,Trabalhista,Arquivado,Ativo,Dr. Melo,2025-06-30,2026-01-24,Sem valor,13ª Vara Trabalhista de Recife,Sem observações
3803,4085001-92.2022.6.76.8938,900,Trabalhista,Instrução,Ativo,Dra. Fontes,2025-04-10,2025-10-11,42545.0,19ª Vara Criminal de Recife,Sem observações
3804,7323234-16.2020.9.59.5035,185,Trabalhista,Execução,Encerrado,Dr. Melo,2022-08-05,2025-02-04,174030.0,1ª Vara Trabalhista de Recife,Sem observações
3805,4092125-65.2025.3.26.9073,1137,Trabalhista,Recurso,Em recurso,Dra. Cavalcante,2023-09-30,2025-05-24,366873.0,3ª Vara Criminal de Recife,Sem observações
3806,2837371-36.2022.7.88.5428,119,Civil,Recurso,Suspenso,Dra. Fontes,2024-10-14,2026-08-18,315642.0,5ª Vara Cível de Recife,Sem observações
3807,9168044-67.2022.1.26.3054,808,Civil,Audiência,Ativo,Dr. Barros,2020-09-14,2025-10-16,304189.0,7ª Vara Criminal de Recife,Sem observações
3808,2675642-32.2022.8.65.5499,20,Civil,Instrução,Ativo,Dra. Cavalcante,2023-11-07,2026-02-26,235149.0,6ª Vara Trabalhista de Recife,Sem observações
3809,5035093-45.2021.1.27.3097,170,Civil,Arquivado,Suspenso,Dra. Fontes,2025-12-26,2026-10-03,108927.0,12ª Vara Criminal de Recife,Sem observações
3810,8368255-39.2020.9.60.4414,1422,Trabalhista,Acordo Extrajudicial,Suspenso,Dr. Melo,2025-12-05,Sem prazo delimitado,445709.0,14ª Vara Cível de Recife,Sem observações
3811,7848147-32.2021.6.58.3528,769,Civil,Instrução,Ativo,Dr. Melo,2022-10-28,2026-09-12,32445.0,2ª Vara Criminal de Recife,Sem observações
3812,5217157-98.2020.2.64.4094,1439,Civil,Instrução,Ativo,Dr. Barros,2021-06-22,Sem prazo delimitado,Sem valor,16ª Vara Cível de Recife,Aguardando documentos
3813,8168450-48.2020.2.65.4570,65,Civil,Acordo Extrajudicial,Acordo,Dr. Melo,2026-02-19,2025-01-07,Sem valor,14ª Vara Criminal de Recife,Sem observações
3814,1098476-20.2021.1.47.3336,358,Civil,Arquivado,Ativo,Dra. Fontes,2024-04-15,2025-03-06,405936.0,10ª Vara Criminal de Recife,Sem observações
3815,5284129-51.2020.3.32.5205,136,Trabalhista,Audiência,Encerrado,Dr. Melo,2022-07-20,2026-03-29,Sem valor,10ª Vara Trabalhista de Recife,Sem observações
3816,3724721-44.2021.9.75.5553,181,Civil,Acordo Extrajudicial,Suspenso,Dr. Melo,2024-03-15,2026-07-19,Sem valor,6ª Vara Trabalhista de Recife,Sem observações
3817,5451988-41.2020.2.82.4041,1281,Civil,Inicial,Encerrado,Dra. Cavalcante,2021-08-26,2026-05-21,378742.0,1ª Vara Cível de Recife,Sem observações
3818,2895065-46.2022.7.67.1438,885,Trabalhista,Recurso,Encerrado,Dr. Barros,2026-02-21,2026-10-04,Sem valor,16ª Vara Cível de Recife,Sem observações
3819,8936104-83.2022.1.39.7934,1079,Civil,Execução,Ativo,Dr. Barros,2026-07-03,2026-04-30,411586.0,19ª Vara Trabalhista de Recife,Sem observações
3820,2753004-76.2021.8.83.9874,1005,Trabalhista,Sentença,Ativo,Dr. Melo,2023-01-24,2025-11-05,Sem valor,14ª Vara Trabalhista de Recife,Sem observações
3821,4460247-99.2024.9.97.4840,166,Civil,Inicial,Encerrado,Dr. Melo,2021-04-17,2025-01-25,366648.0,6ª Vara Criminal de Recife,Sem observações
3822,6075721-43.2020.9.85.8738,1329,Trabalhista,Execução,Ativo,Dra. Cavalcante,2024-10-13,2026-12-08,37285.0,17ª Vara Trabalhista de Recife,Sem observações
3823,7786207-82.2024.2.92.5696,174,Trabalhista,Instrução,Ativo,Dr. Barros,2023-02-20,2025-12-17,273547.0,18ª Vara Trabalhista de Recife,Sem observações
3824,7419280-60.2021.1.40.9417,293,Civil,Inicial,Suspenso,Dra. Fontes,2023-01-12,2025-02-19,246567.0,16ª Vara Criminal de Recife,Aguardando documentos
3825,5755257-93.2020.8.44.2882,556,Trabalhista,Execução,Encerrado,Dr. Barros,2021-07-06,2026-06-19,197598.0,14ª Vara Criminal de Recife,Sem observações
3826,3306375-34.2024.9.48.9154,849,Civil,Instrução,Ativo,Dr. Melo,2024-08-24,2026-12-15,375140.0,13ª Vara Cível de Recife,Sem observações
3827,1621418-87.2020.9.55.9337,178,Trabalhista,Instrução,Acordo,Dra. Cavalcante,2024-01-06,2026-11-02,Sem valor,8ª Vara Criminal de Recife,Sem observações
3828,7222167-30.2022.8.44.7452,662,Civil,Audiência,Acordo,Dra. Fontes,2023-12-25,2026-06-13,488734.0,16ª Vara Cível de Recife,Sem observações
3829,9086174-80.2025.1.81.3292,685,Civil,Acordo Extrajudicial,Ativo,Dr. Barros,2025-06-16,Sem prazo delimitado,290978.0,14ª Vara Trabalhista de Recife,Aguardando documentos
3830,5422047-80.2024.8.62.4364,1420,Trabalhista,Arquivado,Ativo,Dra. Cavalcante,2024-11-28,2025-04-29,34179.0,7ª Vara Trabalhista de Recife,Sem observações
3831,8905709-90.2020.9.55.2471,1422,Civil,Arquivado,Suspenso,Dra. Fontes,2021-04-15,2026-06-27,68805.0,2ª Vara Criminal de Recife,Sem observações
3832,7633905-83.2022.9.95.2309,72,Civil,Instrução,Suspenso,Dr. Barros,2026-03-17,2026-10-09,Sem valor,8ª Vara Trabalhista de Recife,Sem observações
3833,1628717-84.2025.8.67.8313,1113,Trabalhista,Execução,Encerrado,Dr. Barros,2020-06-07,2025-02-02,131762.0,2ª Vara Criminal de Recife,Sem observações
3834,5747786-52.2023.7.30.3750,1179,Civil,Inicial,Encerrado,Dra. Fontes,2026-01-30,2026-10-20,304797.0,3ª Vara Trabalhista de Recife,Sem observações
3835,3510061-32.2020.9.13.4424,266,Civil,Audiência,Ativo,Dr. Melo,2021-08-04,2025-04-20,38234.0,7ª Vara Trabalhista de Recife,Sem observações
3836,9835331-11.2022.6.15.8602,1036,Civil,Arquivado,Encerrado,Dr. Barros,2024-06-14,2026-05-19,Sem valor,12ª Vara Criminal de Recife,Sem observações
3837,5217157-98.2020.2.64.4094,1360,Civil,Acordo Extrajudicial,Ativo,Dra. Fontes,2024-11-19,2025-08-29,Sem valor,5ª Vara Cível de Recife,Sem observações
3838,5058333-37.2021.3.98.8848,184,Civil,Arquivado,Ativo,Dra. Fontes,2025-05-30,2025-08-13,77601.0,16ª Vara Cível de Recife,Aguardando documentos
3839,1966014-66.2022.7.82.2137,1129,Civil,Inicial,Encerrado,Dra. Fontes,2021-09-04,2026-01-14,449413.0,16ª Vara Cível de Recife,Sem observações
3840,5901155-82.2023.2.89.7717,140,Trabalhista,Audiência,Acordo,Dr. Melo,2023-07-17,2025-03-24,414245.0,15ª Vara Criminal de Recife,Sem observações
3841,2231929-89.2024.6.41.5461,252,Civil,Audiência,Acordo,Dra. Fontes,2023-03-03,2026-04-04,419833.0,16ª Vara Trabalhista de Recife,Sem observações
3842,1557680-16.2021.4.16.4031,803,Civil,Sentença,Ativo,Dra. Fontes,2025-10-17,2026-12-31,413912.0,1ª Vara Trabalhista de Recife,Sem observações
3843,4299848-20.2023.2.47.7396,130,Trabalhista,Inicial,Encerrado,Dra. Fontes,2023-08-01,Sem prazo delimitado,92146.0,2ª Vara Criminal de Recife,Sem observações
3844,5492622-29.2021.9.92.7737,891,Civil,Execução,Ativo,Dr. Barros,2020-07-02,2025-09-28,Sem valor,7ª Vara Criminal de Recife,Sem observações
3845,1101935-78.2023.5.88.5299,418,Civil,Acordo Extrajudicial,Em recurso,Dra. Fontes,2024-02-13,2026-04-14,235911.0,4ª Vara Cível de Recife,Aguardando documentos
3846,9425559-65.2022.6.99.1309,1302,Trabalhista,Audiência,Encerrado,Dra. Fontes,2023-07-10,2026-03-14,Sem valor,4ª Vara Cível de Recife,Sem observações
3847,8607512-63.2021.6.82.1039,661,Trabalhista,Inicial,Acordo,Dr. Melo,2023-08-23,2026-06-11,175068.0,17ª Vara Cível de Recife,Sem observações
3848,4952151-27.2023.3.38.8762,1433,Civil,Acordo Extrajudicial,Encerrado,Dra. Fontes,2021-03-09,2026-07-01,231484.0,1ª Vara Criminal de Recife,Sem observações
3849,3724721-44.2021.9.75.5553,434,Civil,Audiência,Ativo,Dra. Fontes,2021-06-30,2025-04-03,231993.0,19ª Vara Criminal de Recife,Aguardando documentos
3850,4065326-72.2025.8.58.5304,828,Trabalhista,Arquivado,Ativo,Dra. Cavalcante,2024-05-16,2025-12-22,472361.0,3ª Vara Cível de Recife,Sem observações
3851,3724721-44.2021.9.75.5553,86,Trabalhista,Audiência,Ativo,Dra. Cavalcante,2025-08-13,2026-01-05,161989.0,18ª Vara Criminal de Recife,Sem observações
3852,3168718-77.2025.2.92.8027,572,Trabalhista,Execução,Suspenso,Dr. Barros,2025-05-03,2026-02-11,53998.0,10ª Vara Criminal de Recife,Sem observações
3853,1633270-27.2024.2.52.7034,727,Trabalhista,Instrução,Ativo,Dra. Cavalcante,2024-04-08,2026-09-16,Sem valor,4ª Vara Criminal de Recife,Aguardando documentos
3854,4961530-22.2021.4.22.6290,480,Trabalhista,Audiência,Acordo,Dra. Fontes,2021-08-18,2026-11-24,9128.0,10ª Vara Cível de Recife,Sem observações
3855,7136189-41.2024.2.60.1768,1020,Trabalhista,Instrução,Acordo,Dra. Cavalcante,2024-02-10,2025-01-11,253378.0,19ª Vara Cível de Recife,Sem observações
3856,7136189-41.2024.2.60.1768,1268,Trabalhista,Inicial,Encerrado,Dra. Fontes,2022-11-28,2026-10-23,32667.0,4ª Vara Trabalhista de Recife,Sem observações
3857,9822459-92.2024.8.17.6403,1018,Civil,Instrução,Em recurso,Dr. Melo,2024-07-20,2026-01-27,44145.0,7ª Vara Cível de Recife,Sem observações
3858,8588997-88.2020.6.29.5987,858,Civil,Recurso,Ativo,Dr. Barros,2020-11-13,2026-08-13,433669.0,5ª Vara Cível de Recife,Sem observações
3859,4460247-99.2024.9.97.4840,391,Civil,Audiência,Ativo,Dr. Barros,2023-05-01,2025-10-31,72647.0,14ª Vara Cível de Recife,Sem observações
3860,5638123-23.2024.7.30.5009,1283,Trabalhista,Audiência,Ativo,Dr. Melo,2026-04-26,2025-06-17,451470.0,5ª Vara Criminal de Recife,Sem observações
3861,6445422-21.2020.5.39.8096,344,Trabalhista,Execução,Ativo,Dra. Fontes,2025-11-26,2026-05-12,480346.0,11ª Vara Trabalhista de Recife,Sem observações
3862,9398629-61.2022.5.88.8253,1499,Trabalhista,Execução,Suspenso,Dra. Cavalcante,2023-09-03,2025-03-12,497758.0,6ª Vara Trabalhista de Recife,Sem observações
3863,4510407-23.2020.5.18.6055,527,Trabalhista,Inicial,Encerrado,Dra. Cavalcante,2020-08-19,2025-11-20,Sem valor,14ª Vara Criminal de Recife,Sem observações
3864,4510407-23.2020.5.18.6055,940,Trabalhista,Acordo Extrajudicial,Encerrado,Dra. Cavalcante,2021-01-10,2026-07-06,33617.0,2ª Vara Criminal de Recife,Aguardando documentos
3865,9076234-78.2023.3.90.2702,825,Trabalhista,Sentença,Acordo,Dr. Melo,2025-11-29,2026-11-28,Sem valor,3ª Vara Trabalhista de Recife,Sem observações
3866,8749473-21.2020.4.12.9144,1072,Civil,Recurso,Ativo,Dra. Fontes,2025-12-23,2026-11-28,Sem valor,11ª Vara Cível de Recife,Sem observações
3867,7515318-25.2024.4.34.6280,864,Trabalhista,Inicial,Acordo,Dra. Fontes,2025-07-15,2025-02-18,484886.0,15ª Vara Criminal de Recife,Sem observações
3868,8936104-83.2022.1.39.7934,1091,Civil,Recurso,Ativo,Dra. Cavalcante,2025-05-17,2026-04-03,471735.0,2ª Vara Criminal de Recife,Sem observações
3869,6096719-87.2023.1.41.6180,1462,Trabalhista,Arquivado,Em recurso,Dr. Melo,2020-06-15,Sem prazo delimitado,78195.0,17ª Vara Criminal de Recife,Sem observações
3870,7271178-97.2023.5.84.4243,1063,Trabalhista,Audiência,Ativo,Dra. Cavalcante,2020-12-03,2026-07-06,305020.0,18ª Vara Cível de Recife,Sem observações
3871,8306601-19.2020.3.50.7457,1499,Civil,Sentença,Em recurso,Dr. Melo,2024-04-10,2025-06-08,Sem valor,1ª Vara Criminal de Recife,Aguardando documentos
3872,4090182-95.2021.1.57.7189,917,Trabalhista,Inicial,Ativo,Dra. Cavalcante,2025-12-19,2025-04-20,463967.0,1ª Vara Cível de Recife,Sem observações
3873,5159882-37.2022.9.71.7550,846,Trabalhista,Recurso,Encerrado,Dra. Cavalcante,2021-12-21,2025-05-03,335989.0,5ª Vara Criminal de Recife,Sem observações
3874,7979033-26.2021.6.18.1084,1306,Civil,Inicial,Suspenso,Dr. Melo,2024-09-10,2025-07-30,Sem valor,4ª Vara Criminal de Recife,Sem observações
3875,3821719-15.2025.2.86.2518,683,Civil,Audiência,Ativo,Dr. Barros,2022-04-22,2025-05-23,58738.0,6ª Vara Cível de Recife,Aguardando documentos
3876,4563779-48.2023.2.87.9606,552,Civil,Inicial,Ativo,Dra. Fontes,2025-11-18,2026-01-30,36085.0,4ª Vara Trabalhista de Recife,Sem observações
3877,6404948-40.2021.7.68.7161,778,Civil,Sentença,Ativo,Dr. Melo,2022-08-23,2025-03-14,13047.0,17ª Vara Trabalhista de Recife,Aguardando documentos
3878,2236315-26.2022.5.82.8939,1302,Civil,Arquivado,Encerrado,Dra. Cavalcante,2022-10-06,2025-12-19,50597.0,15ª Vara Trabalhista de Recife,Sem observações
3879,5462435-11.2024.9.85.2977,705,Civil,Audiência,Ativo,Dra. Fontes,2025-04-08,2025-03-21,123192.0,16ª Vara Trabalhista de Recife,Sem observações
3880,4510407-23.2020.5.18.6055,916,Trabalhista,Instrução,Ativo,Dra. Cavalcante,2024-07-12,2026-05-04,158770.0,15ª Vara Cível de Recife,Sem observações
3881,3541821-31.2021.8.96.1927,555,Civil,Instrução,Encerrado,Dra. Fontes,2022-04-11,2025-08-11,220116.0,15ª Vara Criminal de Recife,Sem observações
3882,8678370-92.2025.7.35.9962,476,Trabalhista,Inicial,Ativo,Dra. Cavalcante,2022-06-12,2026-04-23,340093.0,4ª Vara Trabalhista de Recife,Sem observações
3883,5217157-98.2020.2.64.4094,64,Trabalhista,Audiência,Encerrado,Dra. Cavalcante,2024-01-02,2025-11-09,199802.0,11ª Vara Cível de Recife,Sem observações
3884,5747786-52.2023.7.30.3750,517,Civil,Execução,Ativo,Dra. Cavalcante,2022-06-11,2026-09-20,203613.0,17ª Vara Criminal de Recife,Sem observações
3885,4090182-95.2021.1.57.7189,1000,Civil,Execução,Acordo,Dra. Cavalcante,2021-11-16,Sem prazo delimitado,445507.0,19ª Vara Criminal de Recife,Aguardando documentos
3886,8749473-21.2020.4.12.9144,684,Civil,Execução,Encerrado,Dr. Melo,2025-07-02,2026-06-08,278531.0,6ª Vara Trabalhista de Recife,Sem observações
3887,8066975-72.2023.7.26.7675,1262,Civil,Audiência,Suspenso,Dra. Cavalcante,2020-12-28,2025-10-18,Sem valor,7ª Vara Criminal de Recife,Aguardando documentos
3888,6339808-70.2020.2.67.1325,531,Trabalhista,Execução,Encerrado,Dra. Cavalcante,2021-04-28,2025-12-16,Sem valor,18ª Vara Trabalhista de Recife,Aguardando documentos
3889,3667022-35.2020.9.76.3115,414,Trabalhista,Audiência,Encerrado,Dr. Barros,2021-02-21,2025-02-08,77856.0,15ª Vara Trabalhista de Recife,Aguardando documentos
3890,4433355-55.2023.8.48.9346,22,Trabalhista,Acordo Extrajudicial,Acordo,Dra. Cavalcante,2021-06-01,2025-08-19,337690.0,15ª Vara Criminal de Recife,Aguardando documentos
3891,5514997-95.2024.1.84.8098,366,Civil,Inicial,Ativo,Dr. Barros,2026-01-16,2026-08-08,318150.0,19ª Vara Trabalhista de Recife,Sem observações
3892,5732779-86.2025.4.28.7831,641,Trabalhista,Acordo Extrajudicial,Ativo,Dra. Cavalcante,2026-02-21,2026-05-24,75009.0,9ª Vara Trabalhista de Recife,Sem observações
3893,2842764-33.2025.7.99.7279,638,Trabalhista,Instrução,Encerrado,Dr. Barros,2024-04-06,2026-03-11,168592.0,9ª Vara Cível de Recife,Sem observações
3894,6034606-21.2023.6.18.6684,1203,Trabalhista,Audiência,Encerrado,Dr. Melo,2022-11-29,2025-05-13,252236.0,16ª Vara Trabalhista de Recife,Sem observações
3895,5755257-93.2020.8.44.2882,871,Civil,Instrução,Encerrado,Dra. Fontes,2022-08-30,2025-02-14,Sem valor,5ª Vara Criminal de Recife,Sem observações
3896,7223110-52.2024.2.44.8994,265,Civil,Audiência,Acordo,Dr. Barros,2024-07-19,2025-07-22,11270.0,13ª Vara Cível de Recife,Sem observações
3897,5210656-44.2021.1.39.2474,1404,Trabalhista,Arquivado,Ativo,Dr. Barros,2021-08-26,2026-07-27,82621.0,16ª Vara Trabalhista de Recife,Sem observações
3898,3541821-31.2021.8.96.1927,1019,Trabalhista,Inicial,Em recurso,Dr. Melo,2025-08-24,2026-10-24,150927.0,20ª Vara Trabalhista de Recife,Sem observações
3899,5700249-43.2020.5.57.9341,211,Trabalhista,Instrução,Em recurso,Dr. Barros,2021-11-21,2026-05-01,357568.0,5ª Vara Trabalhista de Recife,Sem observações
3900,6663627-76.2023.9.26.5770,221,Civil,Inicial,Acordo,Dra. Fontes,2023-11-11,Sem prazo delimitado,315702.0,16ª Vara Criminal de Recife,Sem observações
3901,9057219-99.2020.9.96.3254,599,Civil,Arquivado,Ativo,Dr. Barros,2023-11-12,Sem prazo delimitado,348896.0,17ª Vara Cível de Recife,Sem observações
3902,1621418-87.2020.9.55.9337,846,Civil,Arquivado,Ativo,Dr. Melo,2024-05-22,2025-03-26,Sem valor,14ª Vara Trabalhista de Recife,Sem observações
3903,6339808-70.2020.2.67.1325,799,Trabalhista,Recurso,Suspenso,Dr. Melo,2023-09-10,2026-01-24,Sem valor,12ª Vara Cível de Recife,Sem observações
3904,8220628-15.2021.8.54.9077,975,Trabalhista,Sentença,Ativo,Dr. Barros,2024-02-04,2026-09-24,202089.0,18ª Vara Criminal de Recife,Sem observações
3905,7274275-74.2020.1.22.9780,1142,Civil,Instrução,Encerrado,Dr. Barros,2020-01-14,2025-04-20,349983.0,13ª Vara Trabalhista de Recife,Sem observações
3906,8381610-96.2020.6.26.2533,776,Trabalhista,Arquivado,Ativo,Dr. Barros,2022-07-24,2025-04-19,47523.0,8ª Vara Cível de Recife,Aguardando documentos
3907,7951127-89.2024.1.63.3502,911,Trabalhista,Inicial,Ativo,Dr. Barros,2021-01-28,2025-08-24,429006.0,1ª Vara Criminal de Recife,Sem observações
3908,1742202-63.2023.6.68.9372,987,Civil,Audiência,Ativo,Dr. Melo,2020-04-02,2026-04-01,Sem valor,12ª Vara Trabalhista de Recife,Sem observações
3909,3724721-44.2021.9.75.5553,1425,Trabalhista,Execução,Ativo,Dr. Barros,2020-10-06,2026-01-03,330650.0,20ª Vara Criminal de Recife,Sem observações
3910,2191287-57.2021.1.18.8228,711,Trabalhista,Recurso,Encerrado,Dr. Melo,2025-11-10,2025-03-19,11555.0,7ª Vara Criminal de Recife,Sem observações
3911,6101036-60.2022.7.49.3295,1154,Civil,Recurso,Acordo,Dra. Cavalcante,2021-07-09,2025-03-30,279351.0,3ª Vara Criminal de Recife,Sem observações
3912,2660213-63.2022.6.50.8366,194,Civil,Recurso,Encerrado,Dr. Barros,2020-12-14,2026-02-24,Sem valor,4ª Vara Criminal de Recife,Sem observações
3913,7951127-89.2024.1.63.3502,778,Civil,Recurso,Acordo,Dra. Fontes,2021-08-22,2025-05-09,39691.0,4ª Vara Trabalhista de Recife,Sem observações
3914,8382607-83.2020.6.26.3936,902,Trabalhista,Audiência,Encerrado,Dr. Barros,2023-03-12,2026-07-05,232295.0,3ª Vara Trabalhista de Recife,Sem observações
3915,2461262-96.2021.6.48.1315,1374,Civil,Acordo Extrajudicial,Ativo,Dr. Melo,2023-11-16,2026-07-29,270338.0,14ª Vara Cível de Recife,Sem observações
3916,9822459-92.2024.8.17.6403,77,Civil,Sentença,Suspenso,Dr. Barros,2026-02-26,2026-11-18,139461.0,12ª Vara Trabalhista de Recife,Sem observações
3917,1098476-20.2021.1.47.3336,888,Civil,Instrução,Encerrado,Dra. Cavalcante,2024-03-30,2026-10-04,Sem valor,11ª Vara Criminal de Recife,Sem observações
3918,2341370-92.2024.9.60.8122,133,Civil,Arquivado,Ativo,Dr. Barros,2023-08-08,2026-01-06,481220.0,18ª Vara Criminal de Recife,Sem observações
3919,1346701-74.2024.1.65.8985,1168,Civil,Execução,Acordo,Dr. Melo,2025-12-13,2025-07-10,462254.0,20ª Vara Criminal de Recife,Sem observações
3920,4092125-65.2025.3.26.9073,932,Trabalhista,Execução,Ativo,Dra. Fontes,2024-06-07,2025-07-20,436754.0,17ª Vara Cível de Recife,Aguardando documentos
3921,7749444-78.2021.1.20.8763,1209,Civil,Arquivado,Suspenso,Dra. Cavalcante,2021-11-18,2026-02-08,Sem valor,13ª Vara Trabalhista de Recife,Sem observações
3922,1101935-78.2023.5.88.5299,102,Trabalhista,Execução,Encerrado,Dra. Fontes,2023-01-17,2025-06-19,334699.0,17ª Vara Cível de Recife,Aguardando documentos
3923,4229107-99.2020.7.61.3978,42,Civil,Acordo Extrajudicial,Ativo,Dra. Fontes,2025-07-13,2026-08-14,212154.0,18ª Vara Trabalhista de Recife,Sem observações
3924,3505690-87.2020.8.52.6260,591,Trabalhista,Acordo Extrajudicial,Ativo,Dr. Melo,2025-02-04,2026-09-16,458214.0,5ª Vara Criminal de Recife,Sem observações
3925,4507711-38.2024.2.34.4732,1077,Civil,Audiência,Acordo,Dra. Cavalcante,2020-01-03,Sem prazo delimitado,Sem valor,12ª Vara Trabalhista de Recife,Sem observações
3926,8827641-36.2022.5.59.8715,1038,Trabalhista,Recurso,Em recurso,Dr. Melo,2024-10-12,2026-08-29,202046.0,9ª Vara Cível de Recife,Sem observações
3927,2267110-24.2021.5.78.6025,928,Civil,Recurso,Encerrado,Dra. Fontes,2025-07-27,2025-07-19,209930.0,17ª Vara Criminal de Recife,Sem observações
3928,9992831-61.2022.4.35.1469,424,Civil,Acordo Extrajudicial,Encerrado,Dr. Melo,2023-06-30,2026-04-02,392486.0,2ª Vara Trabalhista de Recife,Sem observações
3929,5901155-82.2023.2.89.7717,1250,Civil,Audiência,Ativo,Dr. Barros,2021-04-09,2025-10-05,393873.0,11ª Vara Criminal de Recife,Sem observações
3930,2753004-76.2021.8.83.9874,295,Civil,Acordo Extrajudicial,Ativo,Dr. Melo,2021-02-07,2025-11-06,334220.0,17ª Vara Trabalhista de Recife,Sem observações
3931,5850223-43.2020.3.81.3185,748,Civil,Execução,Ativo,Dr. Barros,2022-08-28,2025-03-11,83683.0,9ª Vara Trabalhista de Recife,Sem observações
3932,5545511-73.2023.1.66.9757,81,Civil,Inicial,Ativo,Dr. Melo,2023-12-17,2025-12-09,285667.0,8ª Vara Trabalhista de Recife,Sem observações
3933,7419280-60.2021.1.40.9417,1308,Trabalhista,Audiência,Ativo,Dr. Barros,2026-01-05,2025-12-17,343482.0,3ª Vara Trabalhista de Recife,Sem observações
3934,6254488-31.2024.9.48.3216,936,Trabalhista,Acordo Extrajudicial,Ativo,Dr. Barros,2024-06-22,Sem prazo delimitado,153552.0,3ª Vara Cível de Recife,Sem observações
3935,5289264-48.2020.4.41.6347,398,Civil,Execução,Suspenso,Dra. Cavalcante,2025-11-24,2025-08-18,Sem valor,10ª Vara Cível de Recife,Aguardando documentos
3936,6254488-31.2024.9.48.3216,1477,Civil,Sentença,Ativo,Dr. Barros,2026-03-30,2026-05-02,284973.0,19ª Vara Criminal de Recife,Sem observações
3937,5210656-44.2021.1.39.2474,752,Civil,Sentença,Ativo,Dr. Barros,2026-01-27,2026-04-08,397602.0,15ª Vara Cível de Recife,Sem observações
3938,5483975-50.2024.8.92.4422,1368,Trabalhista,Recurso,Ativo,Dra. Cavalcante,2023-06-25,2026-08-08,125219.0,4ª Vara Cível de Recife,Sem observações
3939,3401866-56.2021.1.87.5297,1161,Civil,Arquivado,Ativo,Dra. Cavalcante,2025-04-25,2025-09-25,450197.0,6ª Vara Cível de Recife,Sem observações
3940,7224257-29.2020.8.88.9110,626,Trabalhista,Execução,Suspenso,Dra. Fontes,2024-12-24,2025-05-10,Sem valor,13ª Vara Criminal de Recife,Sem observações
3941,4768255-51.2022.4.94.5695,1489,Civil,Sentença,Ativo,Dr. Barros,2024-09-12,2026-06-01,468144.0,2ª Vara Trabalhista de Recife,Sem observações
3942,1887163-62.2025.9.93.1037,1343,Trabalhista,Sentença,Encerrado,Dr. Melo,2023-12-05,2026-03-23,Sem valor,3ª Vara Cível de Recife,Sem observações
3943,8827641-36.2022.5.59.8715,748,Civil,Instrução,Encerrado,Dra. Cavalcante,2021-05-18,2025-05-24,429816.0,20ª Vara Trabalhista de Recife,Sem observações
3944,8530609-10.2021.5.41.7151,182,Trabalhista,Recurso,Ativo,Dr. Barros,2022-05-11,2026-05-02,8173.0,4ª Vara Trabalhista de Recife,Sem observações
3945,2824928-33.2020.1.90.6467,980,Civil,Recurso,Encerrado,Dr. Melo,2024-08-30,2025-03-18,240517.0,8ª Vara Criminal de Recife,Sem observações
3946,1438459-62.2020.7.78.3410,1059,Trabalhista,Acordo Extrajudicial,Encerrado,Dra. Cavalcante,2020-11-24,2026-03-02,65323.0,12ª Vara Criminal de Recife,Sem observações
3947,7419280-60.2021.1.40.9417,66,Civil,Recurso,Encerrado,Dra. Fontes,2024-01-25,2026-11-06,45402.0,5ª Vara Cível de Recife,Sem observações
3948,1974389-81.2024.5.57.9354,1028,Trabalhista,Inicial,Encerrado,Dr. Melo,2022-10-28,2026-01-20,179463.0,20ª Vara Cível de Recife,Sem observações
3949,5159882-37.2022.9.71.7550,237,Civil,Instrução,Ativo,Dr. Melo,2024-07-13,2026-01-31,34013.0,5ª Vara Trabalhista de Recife,Sem observações
3950,4384627-80.2021.2.13.1061,690,Civil,Inicial,Em recurso,Dra. Cavalcante,2020-05-28,2026-06-08,193875.0,20ª Vara Trabalhista de Recife,Sem observações
3951,8892606-62.2022.2.87.2168,1003,Civil,Instrução,Ativo,Dra. Cavalcante,2023-03-03,2025-05-30,459539.0,20ª Vara Criminal de Recife,Sem observações
3952,5614769-67.2022.9.87.1001,994,Trabalhista,Sentença,Acordo,Dr. Barros,2021-03-02,2026-12-14,Sem valor,1ª Vara Trabalhista de Recife,Sem observações
3953,3667022-35.2020.9.76.3115,1133,Trabalhista,Recurso,Encerrado,Dr. Barros,2020-04-02,2026-04-02,54626.0,18ª Vara Criminal de Recife,Sem observações
3954,5518767-82.2023.4.96.9873,553,Civil,Recurso,Ativo,Dr. Barros,2021-01-15,2026-06-22,Sem valor,7ª Vara Trabalhista de Recife,Sem observações
3955,5271615-59.2021.2.54.6844,895,Civil,Arquivado,Ativo,Dra. Cavalcante,2020-09-05,2026-11-22,54739.0,19ª Vara Criminal de Recife,Aguardando documentos
3956,5274951-77.2021.1.76.5120,319,Civil,Audiência,Suspenso,Dra. Cavalcante,2025-08-05,2026-09-06,287916.0,5ª Vara Criminal de Recife,Sem observações
3957,1185885-59.2023.7.19.8433,125,Civil,Inicial,Acordo,Dra. Cavalcante,2025-03-19,2026-11-14,211214.0,18ª Vara Trabalhista de Recife,Sem observações
3958,1778149-24.2023.1.86.3557,1466,Civil,Recurso,Acordo,Dra. Fontes,2024-12-06,2025-06-28,384479.0,6ª Vara Cível de Recife,Sem observações
3959,9110060-16.2025.2.29.4716,756,Trabalhista,Arquivado,Encerrado,Dra. Cavalcante,2024-09-14,2026-11-23,Sem valor,13ª Vara Criminal de Recife,Sem observações
3960,9810112-12.2021.1.97.8847,81,Civil,Instrução,Ativo,Dr. Melo,2024-07-23,2025-12-31,222952.0,14ª Vara Criminal de Recife,Sem observações
3961,8588997-88.2020.6.29.5987,1272,Civil,Recurso,Em recurso,Dra. Fontes,2022-07-16,Sem prazo delimitado,270679.0,16ª Vara Trabalhista de Recife,Aguardando documentos
3962,7813974-60.2021.1.81.1542,615,Civil,Audiência,Suspenso,Dra. Cavalcante,2021-12-15,2025-01-09,Sem valor,12ª Vara Criminal de Recife,Sem observações
3963,5074974-98.2023.8.21.9881,1314,Civil,Instrução,Encerrado,Dra. Cavalcante,2025-08-12,2026-09-02,273973.0,8ª Vara Trabalhista de Recife,Sem observações
3964,6034606-21.2023.6.18.6684,364,Trabalhista,Recurso,Ativo,Dra. Cavalcante,2023-04-15,2025-05-06,119358.0,17ª Vara Cível de Recife,Sem observações
3965,5700249-43.2020.5.57.9341,1290,Trabalhista,Audiência,Ativo,Dra. Fontes,2022-08-08,2025-09-20,128384.0,18ª Vara Trabalhista de Recife,Sem observações
3966,7687292-20.2021.4.85.7539,1004,Civil,Sentença,Ativo,Dr. Barros,2026-03-27,2025-05-10,222502.0,18ª Vara Criminal de Recife,Sem observações
3967,7110796-41.2020.3.80.5362,117,Trabalhista,Inicial,Ativo,Dr. Barros,2025-06-25,2025-07-14,311247.0,15ª Vara Trabalhista de Recife,Sem observações
3968,7515318-25.2024.4.34.6280,487,Civil,Acordo Extrajudicial,Ativo,Dra. Cavalcante,2020-01-25,2025-11-05,Sem valor,2ª Vara Cível de Recife,Aguardando documentos
3969,4180949-86.2020.3.26.7593,1481,Trabalhista,Arquivado,Ativo,Dr. Melo,2023-02-19,2026-01-02,Sem valor,8ª Vara Cível de Recife,Sem observações
3970,8936104-83.2022.1.39.7934,902,Trabalhista,Recurso,Suspenso,Dra. Cavalcante,2020-12-18,2025-02-08,429134.0,18ª Vara Trabalhista de Recife,Sem observações
3971,9810112-12.2021.1.97.8847,694,Trabalhista,Sentença,Acordo,Dra. Fontes,2024-05-07,2025-12-20,493487.0,7ª Vara Cível de Recife,Sem observações
3972,4134515-43.2021.8.70.4879,684,Civil,Execução,Encerrado,Dra. Fontes,2026-02-15,2026-07-12,320044.0,6ª Vara Cível de Recife,Sem observações
3973,3778380-86.2023.9.32.5849,329,Civil,Inicial,Acordo,Dra. Cavalcante,2021-02-12,2026-05-18,73239.0,9ª Vara Criminal de Recife,Sem observações
3974,1667591-67.2025.4.69.9424,990,Civil,Sentença,Encerrado,Dra. Cavalcante,2025-11-17,2026-12-04,232827.0,19ª Vara Cível de Recife,Sem observações
3975,5266269-78.2021.7.59.1392,808,Civil,Audiência,Ativo,Dra. Cavalcante,2021-02-15,Sem prazo delimitado,398307.0,12ª Vara Criminal de Recife,Sem observações
3976,5284129-51.2020.3.32.5205,570,Civil,Acordo Extrajudicial,Ativo,Dra. Cavalcante,2023-09-24,2025-05-19,197125.0,4ª Vara Trabalhista de Recife,Sem observações
3977,4326518-76.2023.4.36.8530,106,Civil,Acordo Extrajudicial,Encerrado,Dra. Cavalcante,2025-05-05,2026-07-03,32239.0,7ª Vara Cível de Recife,Aguardando documentos
3978,3785792-10.2020.5.78.7940,313,Civil,Acordo Extrajudicial,Ativo,Dra. Cavalcante,2021-09-23,2025-10-06,259720.0,16ª Vara Criminal de Recife,Sem observações
3979,8168054-14.2024.6.50.1232,105,Civil,Inicial,Acordo,Dr. Barros,2023-05-04,2026-07-13,17616.0,4ª Vara Trabalhista de Recife,Aguardando documentos
3980,1633270-27.2024.2.52.7034,355,Trabalhista,Arquivado,Encerrado,Dra. Fontes,2025-01-26,2026-03-27,177453.0,1ª Vara Trabalhista de Recife,Sem observações
3981,4065326-72.2025.8.58.5304,934,Civil,Execução,Encerrado,Dr. Melo,2022-11-11,2025-03-31,120131.0,17ª Vara Trabalhista de Recife,Sem observações
3982,3766710-17.2025.4.91.1472,1222,Civil,Execução,Encerrado,Dra. Cavalcante,2022-12-04,2025-02-14,Sem valor,6ª Vara Cível de Recife,Sem observações
3983,3679963-72.2020.9.29.7859,1196,Civil,Execução,Em recurso,Dr. Barros,2021-04-24,2026-08-27,164910.0,10ª Vara Trabalhista de Recife,Sem observações
3984,1602496-64.2022.5.79.8340,113,Civil,Acordo Extrajudicial,Encerrado,Dr. Barros,2024-09-27,2026-12-26,401719.0,1ª Vara Criminal de Recife,Sem observações
3985,6101036-60.2022.7.49.3295,1257,Trabalhista,Instrução,Acordo,Dr. Melo,2023-06-06,2026-08-21,36698.0,14ª Vara Cível de Recife,Sem observações
3986,2824928-33.2020.1.90.6467,1472,Trabalhista,Acordo Extrajudicial,Ativo,Dr. Melo,2023-06-08,2025-03-31,62579.0,7ª Vara Trabalhista de Recife,Sem observações
3987,7271178-97.2023.5.84.4243,539,Trabalhista,Inicial,Ativo,Dr. Melo,2023-11-10,2025-08-07,Sem valor,18ª Vara Trabalhista de Recife,Sem observações
3988,7951127-89.2024.1.63.3502,141,Civil,Arquivado,Suspenso,Dr. Melo,2025-06-12,2026-01-13,461013.0,3ª Vara Cível de Recife,Sem observações
3989,9214397-26.2023.4.18.6844,911,Civil,Execução,Ativo,Dra. Fontes,2023-12-20,2025-06-08,87253.0,20ª Vara Trabalhista de Recife,Sem observações
3990,9835331-11.2022.6.15.8602,1374,Civil,Recurso,Ativo,Dra. Fontes,2022-11-03,2025-03-16,363539.0,2ª Vara Trabalhista de Recife,Aguardando documentos
3991,9953454-93.2020.2.52.5723,747,Civil,Arquivado,Ativo,Dr. Melo,2024-05-26,2026-01-23,112269.0,2ª Vara Cível de Recife,Sem observações
3992,5472823-70.2022.4.41.7624,375,Civil,Acordo Extrajudicial,Encerrado,Dra. Fontes,2022-08-23,2025-08-20,Sem valor,6ª Vara Cível de Recife,Sem observações
3993,7065068-16.2021.7.14.6489,761,Civil,Inicial,Acordo,Dr. Barros,2025-03-10,2026-12-27,107606.0,7ª Vara Criminal de Recife,Sem observações
3994,5660649-86.2020.5.86.9291,1414,Civil,Sentença,Encerrado,Dra. Fontes,2025-07-28,2025-07-28,275564.0,5ª Vara Cível de Recife,Sem observações
3995,8574876-96.2020.7.97.4673,110,Trabalhista,Audiência,Acordo,Dra. Cavalcante,2021-02-17,2025-08-16,Sem valor,3ª Vara Cível de Recife,Sem observações
3996,8209168-30.2020.1.41.7632,1416,Civil,Acordo Extrajudicial,Acordo,Dra. Fontes,2023-04-08,Sem prazo delimitado,438106.0,2ª Vara Cível de Recife,Sem observações
3997,6339266-27.2025.5.15.6766,1099,Civil,Inicial,Encerrado,Dra. Cavalcante,2024-01-22,2025-10-12,27904.0,15ª Vara Criminal de Recife,Sem observações
3998,6476769-27.2021.5.22.2570,83,Trabalhista,Acordo Extrajudicial,Encerrado,Dr. Melo,2023-02-05,2025-07-09,Sem valor,18ª Vara Cível de Recife,Sem observações
3999,4415624-13.2024.9.14.9480,1174,Civil,Recurso,Em recurso,Dr. Barros,2022-07-31,2026-06-10,Sem valor,5ª Vara Criminal de Recife,Sem observações
4000,2236315-26.2022.5.82.8939,969,Trabalhista,Acordo Extrajudicial,Suspenso,Dra. Fontes,2020-10-25,2025-12-31,374219.0,12ª Vara Criminal de Recife,Sem observações
4001,3922248-27.2025.1.42.4047,312,Trabalhista,Inicial,Encerrado,Dra. Fontes,2025-09-10,2026-09-29,231486.0,9ª Vara Cível de Recife,Sem observações
4002,2461262-96.2021.6.48.1315,70,Trabalhista,Sentença,Encerrado,Dr. Melo,2024-01-23,2025-10-16,292909.0,13ª Vara Trabalhista de Recife,Sem observações
4003,3263740-44.2022.3.81.5402,874,Trabalhista,Audiência,Suspenso,Dr. Melo,2024-07-27,Sem prazo delimitado,337485.0,18ª Vara Criminal de Recife,Sem observações
4004,2997279-67.2024.9.84.1441,908,Civil,Sentença,Encerrado,Dr. Melo,2024-12-26,2026-05-23,257482.0,14ª Vara Trabalhista de Recife,Sem observações
4005,2884639-86.2023.2.31.8737,258,Civil,Arquivado,Acordo,Dra. Fontes,2024-02-04,2026-10-22,Sem valor,2ª Vara Trabalhista de Recife,Sem observações
4006,8215015-64.2021.5.32.1893,1111,Trabalhista,Audiência,Ativo,Dra. Fontes,2025-06-02,2025-04-20,61162.0,8ª Vara Cível de Recife,Sem observações
4007,9953454-93.2020.2.52.5723,123,Civil,Acordo Extrajudicial,Ativo,Dr. Barros,2023-06-03,2025-05-22,176600.0,13ª Vara Criminal de Recife,Sem observações
4008,3401866-56.2021.1.87.5297,1268,Trabalhista,Sentença,Encerrado,Dra. Fontes,2024-02-04,2025-04-16,211111.0,6ª Vara Trabalhista de Recife,Sem observações
4009,4568537-97.2021.4.82.7633,1427,Civil,Acordo Extrajudicial,Acordo,Dr. Barros,2022-11-21,2025-11-15,Sem valor,13ª Vara Criminal de Recife,Aguardando documentos
4010,8382607-83.2020.6.26.3936,1046,Trabalhista,Execução,Ativo,Dr. Barros,2026-04-16,2025-01-20,Sem valor,2ª Vara Cível de Recife,Sem observações
4011,7274275-74.2020.1.22.9780,1478,Trabalhista,Sentença,Ativo,Dr. Barros,2024-10-17,2025-10-16,303521.0,3ª Vara Trabalhista de Recife,Sem observações
4012,8749473-21.2020.4.12.9144,1230,Trabalhista,Sentença,Ativo,Dr. Barros,2026-04-18,2025-05-02,28995.0,15ª Vara Cível de Recife,Sem observações
4013,5755257-93.2020.8.44.2882,944,Civil,Acordo Extrajudicial,Ativo,Dra. Cavalcante,2024-05-16,2026-11-29,86741.0,19ª Vara Trabalhista de Recife,Sem observações
4014,6075721-43.2020.9.85.8738,83,Trabalhista,Sentença,Ativo,Dr. Melo,2020-08-07,2025-11-12,475225.0,9ª Vara Criminal de Recife,Aguardando documentos
4015,1833330-93.2025.8.61.3405,1275,Civil,Arquivado,Ativo,Dra. Fontes,2021-09-09,2026-08-31,175691.0,7ª Vara Trabalhista de Recife,Sem observações
4016,7948577-74.2025.1.60.7583,847,Civil,Instrução,Encerrado,Dr. Melo,2020-10-08,2026-10-23,253168.0,4ª Vara Trabalhista de Recife,Sem observações
4017,6416661-36.2021.8.21.8496,493,Civil,Acordo Extrajudicial,Ativo,Dr. Barros,2024-02-01,2026-04-21,328463.0,18ª Vara Criminal de Recife,Sem observações
4018,2895065-46.2022.7.67.1438,220,Trabalhista,Acordo Extrajudicial,Ativo,Dr. Barros,2023-12-19,2025-04-06,163792.0,7ª Vara Cível de Recife,Sem observações
4019,2100417-68.2021.7.29.9662,571,Civil,Instrução,Acordo,Dra. Fontes,2025-04-13,2025-02-15,Sem valor,19ª Vara Trabalhista de Recife,Sem observações
4020,9898363-27.2020.4.89.2966,573,Civil,Execução,Encerrado,Dra. Fontes,2021-06-27,2025-09-29,Sem valor,18ª Vara Cível de Recife,Sem observações
4021,3510061-32.2020.9.13.4424,991,Civil,Recurso,Em recurso,Dra. Fontes,2022-09-08,2025-02-02,Sem valor,11ª Vara Criminal de Recife,Sem observações
4022,7271178-97.2023.5.84.4243,1161,Trabalhista,Acordo Extrajudicial,Ativo,Dr. Melo,2022-11-17,2025-08-13,Sem valor,17ª Vara Trabalhista de Recife,Sem observações
4023,3542616-60.2022.3.87.6536,156,Trabalhista,Inicial,Encerrado,Dra. Cavalcante,2023-07-04,2025-02-11,215080.0,15ª Vara Trabalhista de Recife,Sem observações
4024,7626521-25.2020.9.17.3305,311,Civil,Execução,Ativo,Dr. Barros,2025-09-22,2026-10-08,100853.0,5ª Vara Criminal de Recife,Sem observações
4025,2545435-52.2025.3.59.7623,732,Civil,Sentença,Encerrado,Dr. Barros,2024-07-30,2025-11-17,67020.0,19ª Vara Cível de Recife,Sem observações
4026,1165147-13.2020.2.47.5874,197,Civil,Audiência,Encerrado,Dr. Barros,2021-01-30,2025-12-24,291941.0,10ª Vara Criminal de Recife,Sem observações
4027,7820540-78.2023.1.75.4823,887,Trabalhista,Instrução,Ativo,Dr. Melo,2023-10-22,2025-08-31,247083.0,7ª Vara Criminal de Recife,Sem observações
4028,7979033-26.2021.6.18.1084,1483,Trabalhista,Execução,Ativo,Dr. Melo,2024-10-07,2026-03-07,416389.0,16ª Vara Criminal de Recife,Aguardando documentos
4029,8827641-36.2022.5.59.8715,345,Trabalhista,Inicial,Ativo,Dra. Fontes,2023-09-12,2026-05-05,201116.0,11ª Vara Trabalhista de Recife,Sem observações
4030,4433355-55.2023.8.48.9346,400,Civil,Arquivado,Suspenso,Dr. Melo,2020-04-27,2025-03-06,314476.0,17ª Vara Criminal de Recife,Sem observações
4031,3541821-31.2021.8.96.1927,1496,Trabalhista,Inicial,Suspenso,Dra. Fontes,2025-04-24,2026-12-30,Sem valor,7ª Vara Criminal de Recife,Aguardando documentos
4032,1353022-94.2023.9.79.1203,1095,Trabalhista,Acordo Extrajudicial,Encerrado,Dr. Barros,2024-03-01,Sem prazo delimitado,Sem valor,12ª Vara Criminal de Recife,Sem observações
4033,8588997-88.2020.6.29.5987,235,Civil,Arquivado,Em recurso,Dr. Melo,2024-10-07,2025-01-06,495526.0,20ª Vara Criminal de Recife,Sem observações
4034,5518767-82.2023.4.96.9873,1150,Civil,Inicial,Ativo,Dra. Cavalcante,2021-11-01,2025-12-14,316146.0,14ª Vara Criminal de Recife,Sem observações
4035,4140100-24.2024.4.63.7178,909,Civil,Arquivado,Encerrado,Dr. Barros,2022-03-16,2026-04-23,13531.0,12ª Vara Cível de Recife,Sem observações
4036,4961530-22.2021.4.22.6290,1298,Civil,Inicial,Em recurso,Dr. Melo,2022-01-05,2025-11-05,Sem valor,18ª Vara Criminal de Recife,Sem observações
4037,7320713-89.2022.3.68.7881,14,Trabalhista,Instrução,Suspenso,Dr. Barros,2021-08-08,2025-04-13,179720.0,20ª Vara Trabalhista de Recife,Sem observações
4038,5853247-29.2020.7.62.8870,1109,Trabalhista,Inicial,Encerrado,Dra. Cavalcante,2023-11-14,2025-05-15,474541.0,2ª Vara Cível de Recife,Sem observações
4039,3724721-44.2021.9.75.5553,1121,Civil,Execução,Encerrado,Dra. Fontes,2021-03-26,2026-10-30,51932.0,17ª Vara Cível de Recife,Sem observações
4040,9076234-78.2023.3.90.2702,1284,Civil,Execução,Suspenso,Dr. Melo,2025-01-23,2025-06-15,207755.0,16ª Vara Trabalhista de Recife,Sem observações
4041,6524227-53.2025.1.97.6214,798,Trabalhista,Arquivado,Ativo,Dra. Cavalcante,2022-07-20,2026-08-01,Sem valor,16ª Vara Criminal de Recife,Sem observações
4042,5483975-50.2024.8.92.4422,637,Trabalhista,Sentença,Ativo,Dra. Cavalcante,2025-11-11,2026-05-14,378277.0,11ª Vara Criminal de Recife,Sem observações
4043,7082985-88.2022.2.94.6058,478,Civil,Inicial,Encerrado,Dra. Cavalcante,2022-06-08,2025-04-22,361766.0,6ª Vara Cível de Recife,Sem observações
4044,4510407-23.2020.5.18.6055,1291,Trabalhista,Execução,Encerrado,Dra. Fontes,2022-09-14,2026-08-09,391773.0,5ª Vara Criminal de Recife,Sem observações
4045,2397582-22.2023.9.93.4223,111,Trabalhista,Sentença,Encerrado,Dra. Fontes,2022-06-29,2026-12-22,335835.0,13ª Vara Criminal de Recife,Sem observações
4046,4493339-70.2021.7.17.8725,1205,Civil,Arquivado,Ativo,Dr. Barros,2025-09-26,2025-11-22,289541.0,20ª Vara Criminal de Recife,Sem observações
4047,6018860-77.2022.1.94.1315,1432,Civil,Instrução,Acordo,Dra. Cavalcante,2025-06-04,2025-04-01,492634.0,15ª Vara Cível de Recife,Sem observações
4048,9835331-11.2022.6.15.8602,611,Trabalhista,Acordo Extrajudicial,Acordo,Dr. Melo,2025-07-09,2025-05-26,249593.0,10ª Vara Trabalhista de Recife,Sem observações
4049,4460247-99.2024.9.97.4840,724,Trabalhista,Sentença,Ativo,Dr. Melo,2020-08-03,2025-10-02,279188.0,5ª Vara Criminal de Recife,Sem observações
4050,9108785-98.2021.3.78.6687,1390,Civil,Inicial,Suspenso,Dr. Barros,2020-02-16,2026-11-11,440382.0,20ª Vara Criminal de Recife,Sem observações
4051,1353022-94.2023.9.79.1203,1478,Civil,Acordo Extrajudicial,Encerrado,Dr. Melo,2025-07-17,2025-09-10,403523.0,6ª Vara Trabalhista de Recife,Sem observações
4052,4510407-23.2020.5.18.6055,1443,Civil,Inicial,Acordo,Dra. Fontes,2023-01-09,Sem prazo delimitado,260602.0,5ª Vara Trabalhista de Recife,Sem observações
4053,2316290-44.2022.7.34.5190,559,Civil,Arquivado,Suspenso,Dra. Fontes,2022-12-20,2025-02-14,139358.0,14ª Vara Trabalhista de Recife,Sem observações
4054,6445422-21.2020.5.39.8096,281,Trabalhista,Inicial,Ativo,Dra. Fontes,2020-11-21,2026-10-26,460460.0,12ª Vara Cível de Recife,Sem observações
4055,4584224-94.2025.2.57.2511,673,Civil,Instrução,Encerrado,Dr. Barros,2021-09-17,2026-01-17,88418.0,3ª Vara Criminal de Recife,Sem observações
4056,5462435-11.2024.9.85.2977,337,Trabalhista,Audiência,Ativo,Dr. Barros,2022-10-02,2026-03-21,36884.0,13ª Vara Criminal de Recife,Sem observações
4057,4510407-23.2020.5.18.6055,1243,Civil,Recurso,Ativo,Dr. Melo,2022-10-15,2025-05-18,492707.0,9ª Vara Criminal de Recife,Sem observações
4058,7951127-89.2024.1.63.3502,76,Civil,Recurso,Ativo,Dr. Melo,2020-08-14,2025-07-04,224139.0,17ª Vara Trabalhista de Recife,Sem observações
4059,5747786-52.2023.7.30.3750,608,Civil,Recurso,Encerrado,Dra. Cavalcante,2025-05-30,2025-12-01,37687.0,19ª Vara Trabalhista de Recife,Sem observações
4060,4874996-38.2022.9.94.8154,172,Trabalhista,Instrução,Acordo,Dr. Barros,2020-08-02,2026-01-28,Sem valor,4ª Vara Trabalhista de Recife,Sem observações
4061,5786762-52.2021.9.21.3037,451,Trabalhista,Execução,Suspenso,Dr. Barros,2023-05-02,2026-11-08,291453.0,2ª Vara Cível de Recife,Sem observações
4062,9573194-21.2022.1.35.8352,1232,Civil,Arquivado,Encerrado,Dr. Barros,2020-04-16,2026-02-25,392247.0,8ª Vara Criminal de Recife,Aguardando documentos
4063,6779292-61.2021.4.86.2783,5,Trabalhista,Acordo Extrajudicial,Ativo,Dra. Fontes,2023-04-21,Sem prazo delimitado,454303.0,6ª Vara Cível de Recife,Sem observações
4064,8607512-63.2021.6.82.1039,268,Civil,Recurso,Suspenso,Dr. Melo,2022-08-14,2026-10-15,36331.0,9ª Vara Trabalhista de Recife,Sem observações
4065,5159219-49.2023.5.25.3676,962,Trabalhista,Audiência,Encerrado,Dr. Melo,2025-03-12,2025-07-25,Sem valor,10ª Vara Criminal de Recife,Sem observações
4066,5700249-43.2020.5.57.9341,1059,Civil,Instrução,Ativo,Dra. Cavalcante,2025-01-17,2025-09-10,12310.0,20ª Vara Cível de Recife,Sem observações
4067,1757615-27.2025.7.10.3762,1007,Civil,Acordo Extrajudicial,Suspenso,Dra. Cavalcante,2023-02-26,2025-01-05,201904.0,2ª Vara Trabalhista de Recife,Sem observações
4068,7786207-82.2024.2.92.5696,1179,Civil,Audiência,Acordo,Dra. Cavalcante,2020-12-26,2025-10-28,211313.0,13ª Vara Cível de Recife,Sem observações
4069,3542799-64.2025.6.13.7299,1370,Trabalhista,Execução,Encerrado,Dra. Fontes,2022-03-20,2026-01-27,20896.0,1ª Vara Criminal de Recife,Sem observações
4070,1614850-25.2020.8.85.3161,1116,Civil,Arquivado,Suspenso,Dra. Cavalcante,2022-02-23,2026-04-30,214227.0,19ª Vara Trabalhista de Recife,Sem observações
4071,6384831-67.2022.5.89.7429,417,Civil,Instrução,Encerrado,Dr. Barros,2021-11-02,2025-01-07,10419.0,9ª Vara Criminal de Recife,Sem observações
4072,3679963-72.2020.9.29.7859,938,Civil,Instrução,Suspenso,Dra. Cavalcante,2021-12-19,2026-01-23,456082.0,4ª Vara Cível de Recife,Sem observações
4073,8590346-68.2020.7.63.7780,392,Trabalhista,Instrução,Ativo,Dr. Melo,2022-06-06,2025-10-08,497238.0,16ª Vara Criminal de Recife,Sem observações
4074,2294596-63.2020.6.38.9193,991,Trabalhista,Instrução,Encerrado,Dr. Barros,2021-11-20,2026-06-03,139580.0,4ª Vara Cível de Recife,Sem observações
4075,7141324-67.2025.3.86.3413,840,Civil,Instrução,Ativo,Dr. Melo,2025-09-27,2026-10-10,Sem valor,14ª Vara Cível de Recife,Sem observações
4076,1621418-87.2020.9.55.9337,81,Civil,Execução,Encerrado,Dra. Fontes,2024-08-02,2026-02-06,245359.0,3ª Vara Criminal de Recife,Sem observações
4077,5050722-10.2024.8.29.4298,105,Trabalhista,Audiência,Ativo,Dr. Melo,2025-04-23,2025-02-14,176762.0,4ª Vara Criminal de Recife,Sem observações
4078,6003915-30.2025.6.37.7681,456,Trabalhista,Arquivado,Suspenso,Dr. Barros,2024-06-11,2025-08-12,Sem valor,12ª Vara Trabalhista de Recife,Sem observações
4079,5966644-82.2023.4.88.9951,605,Civil,Acordo Extrajudicial,Ativo,Dra. Cavalcante,2026-02-17,2025-10-09,335488.0,1ª Vara Cível de Recife,Sem observações
4080,8215015-64.2021.5.32.1893,706,Civil,Execução,Encerrado,Dr. Barros,2022-06-25,2025-12-04,Sem valor,9ª Vara Trabalhista de Recife,Sem observações
4081,4893809-11.2021.7.19.9759,61,Trabalhista,Instrução,Suspenso,Dra. Cavalcante,2025-02-24,2025-12-11,276719.0,6ª Vara Cível de Recife,Sem observações
4082,1273300-90.2024.2.80.7378,77,Civil,Execução,Acordo,Dra. Fontes,2023-04-12,2026-04-20,74122.0,3ª Vara Cível de Recife,Sem observações
4083,5753123-52.2021.4.48.4042,347,Civil,Inicial,Encerrado,Dr. Barros,2025-05-10,2025-03-19,123541.0,18ª Vara Trabalhista de Recife,Sem observações
4084,7999133-20.2023.7.26.1121,715,Civil,Acordo Extrajudicial,Ativo,Dr. Melo,2024-03-19,2025-01-10,Sem valor,17ª Vara Cível de Recife,Sem observações
4085,6075721-43.2020.9.85.8738,365,Trabalhista,Sentença,Encerrado,Dr. Melo,2022-04-10,2026-09-11,335368.0,12ª Vara Trabalhista de Recife,Aguardando documentos
4086,1099617-37.2023.9.61.1793,321,Civil,Arquivado,Suspenso,Dra. Fontes,2021-03-26,2025-04-23,413982.0,8ª Vara Criminal de Recife,Sem observações
4087,2545435-52.2025.3.59.7623,11,Trabalhista,Acordo Extrajudicial,Em recurso,Dr. Barros,2023-05-10,2026-08-16,395453.0,20ª Vara Cível de Recife,Sem observações
4088,5967836-10.2021.4.35.9671,941,Trabalhista,Sentença,Acordo,Dra. Cavalcante,2020-07-28,2026-10-03,316512.0,7ª Vara Cível de Recife,Sem observações
4089,5159882-37.2022.9.71.7550,895,Civil,Execução,Ativo,Dr. Barros,2020-02-28,2026-03-14,Sem valor,12ª Vara Criminal de Recife,Sem observações
4090,8215015-64.2021.5.32.1893,734,Civil,Audiência,Acordo,Dra. Fontes,2023-12-24,2026-10-10,424643.0,20ª Vara Criminal de Recife,Aguardando documentos
4091,8066975-72.2023.7.26.7675,1050,Trabalhista,Audiência,Encerrado,Dra. Cavalcante,2022-01-02,2025-08-22,Sem valor,13ª Vara Criminal de Recife,Sem observações
4092,6011987-71.2020.8.10.4396,39,Civil,Inicial,Ativo,Dra. Cavalcante,2023-02-25,2026-07-23,Sem valor,5ª Vara Criminal de Recife,Sem observações
4093,3679963-72.2020.9.29.7859,99,Trabalhista,Instrução,Acordo,Dr. Barros,2026-01-05,2026-06-08,208016.0,7ª Vara Cível de Recife,Sem observações
4094,3510061-32.2020.9.13.4424,754,Trabalhista,Instrução,Ativo,Dr. Barros,2022-12-19,2025-02-14,408060.0,19ª Vara Criminal de Recife,Aguardando documentos
4095,9810112-12.2021.1.97.8847,1117,Trabalhista,Sentença,Ativo,Dr. Melo,2021-09-03,2025-04-27,108418.0,3ª Vara Trabalhista de Recife,Aguardando documentos
4096,3510061-32.2020.9.13.4424,942,Trabalhista,Audiência,Encerrado,Dra. Cavalcante,2022-12-01,2026-04-01,91156.0,15ª Vara Trabalhista de Recife,Sem observações
4097,1784068-27.2021.3.12.2538,967,Trabalhista,Sentença,Encerrado,Dr. Melo,2026-04-02,2026-06-11,176920.0,15ª Vara Cível de Recife,Sem observações
4098,6075721-43.2020.9.85.8738,271,Civil,Sentença,Acordo,Dra. Cavalcante,2021-04-09,2026-11-17,462995.0,18ª Vara Criminal de Recife,Sem observações
4099,7515318-25.2024.4.34.6280,1412,Civil,Arquivado,Ativo,Dr. Melo,2021-12-01,2026-02-21,Sem valor,20ª Vara Trabalhista de Recife,Sem observações
4100,4824419-32.2024.5.47.3265,65,Civil,Sentença,Ativo,Dr. Barros,2025-10-01,2026-01-16,Sem valor,4ª Vara Criminal de Recife,Sem observações
4101,6011987-71.2020.8.10.4396,1406,Civil,Recurso,Encerrado,Dra. Cavalcante,2026-03-23,2025-10-23,187997.0,15ª Vara Cível de Recife,Sem observações
4102,4092125-65.2025.3.26.9073,1167,Trabalhista,Arquivado,Suspenso,Dr. Barros,2020-09-17,2026-09-12,255914.0,17ª Vara Criminal de Recife,Sem observações
4103,5483975-50.2024.8.92.4422,1428,Civil,Inicial,Ativo,Dra. Fontes,2026-03-29,2025-06-16,Sem valor,9ª Vara Criminal de Recife,Aguardando documentos
4104,6254488-31.2024.9.48.3216,1351,Civil,Arquivado,Acordo,Dra. Cavalcante,2020-06-30,2025-06-18,Sem valor,5ª Vara Criminal de Recife,Sem observações
4105,2411026-52.2022.6.26.7373,815,Civil,Inicial,Ativo,Dr. Melo,2023-12-05,2026-06-10,121467.0,11ª Vara Cível de Recife,Sem observações
4106,3821719-15.2025.2.86.2518,311,Trabalhista,Recurso,Acordo,Dr. Melo,2020-04-15,2025-11-01,363886.0,6ª Vara Cível de Recife,Sem observações
4107,4065326-72.2025.8.58.5304,635,Trabalhista,Recurso,Em recurso,Dr. Barros,2025-08-16,2026-10-10,Sem valor,13ª Vara Trabalhista de Recife,Sem observações
4108,9885734-21.2023.9.74.3450,904,Trabalhista,Instrução,Acordo,Dr. Melo,2020-11-12,2026-07-27,332656.0,14ª Vara Criminal de Recife,Aguardando documentos
4109,6686912-30.2025.4.68.7078,727,Civil,Execução,Encerrado,Dra. Cavalcante,2024-04-06,Sem prazo delimitado,78445.0,20ª Vara Trabalhista de Recife,Sem observações
4110,5753123-52.2021.4.48.4042,1301,Civil,Execução,Acordo,Dra. Fontes,2023-08-06,2026-08-15,424829.0,4ª Vara Trabalhista de Recife,Sem observações
4111,8843990-84.2020.6.68.3017,1257,Civil,Audiência,Ativo,Dra. Fontes,2023-01-24,2026-10-12,450839.0,17ª Vara Criminal de Recife,Sem observações
4112,8368372-34.2020.6.43.9691,192,Civil,Instrução,Em recurso,Dra. Cavalcante,2022-06-01,2026-01-03,Sem valor,11ª Vara Criminal de Recife,Sem observações
4113,8381610-96.2020.6.26.2533,1287,Civil,Arquivado,Encerrado,Dr. Melo,2024-07-20,2025-10-10,Sem valor,2ª Vara Cível de Recife,Sem observações
4114,6524227-53.2025.1.97.6214,900,Trabalhista,Instrução,Em recurso,Dr. Barros,2026-01-03,2025-03-14,179494.0,18ª Vara Criminal de Recife,Sem observações
4115,5271615-59.2021.2.54.6844,244,Trabalhista,Instrução,Encerrado,Dr. Barros,2025-03-06,2025-10-10,102289.0,7ª Vara Cível de Recife,Sem observações
4116,3679963-72.2020.9.29.7859,1381,Civil,Instrução,Ativo,Dra. Fontes,2020-02-07,2025-10-02,154179.0,2ª Vara Criminal de Recife,Aguardando documentos
4117,5518767-82.2023.4.96.9873,170,Civil,Arquivado,Ativo,Dra. Fontes,2021-12-12,2026-07-28,327148.0,18ª Vara Trabalhista de Recife,Sem observações
4118,6018860-77.2022.1.94.1315,113,Civil,Arquivado,Ativo,Dr. Barros,2022-02-05,2026-11-27,448420.0,2ª Vara Criminal de Recife,Sem observações
4119,1557680-16.2021.4.16.4031,364,Civil,Arquivado,Suspenso,Dra. Cavalcante,2022-08-07,2026-12-18,397200.0,12ª Vara Trabalhista de Recife,Sem observações
4120,4090182-95.2021.1.57.7189,1230,Civil,Instrução,Encerrado,Dra. Fontes,2020-06-27,2025-08-21,Sem valor,7ª Vara Trabalhista de Recife,Sem observações
4121,5472823-70.2022.4.41.7624,144,Civil,Execução,Acordo,Dr. Melo,2022-11-05,2025-01-08,193260.0,11ª Vara Criminal de Recife,Sem observações
4122,3785792-10.2020.5.78.7940,1311,Trabalhista,Arquivado,Ativo,Dra. Cavalcante,2023-05-31,2025-05-28,17729.0,3ª Vara Criminal de Recife,Sem observações
4123,4938178-62.2020.7.27.6072,221,Trabalhista,Sentença,Encerrado,Dr. Barros,2026-04-21,2025-08-10,401229.0,10ª Vara Criminal de Recife,Sem observações
4124,1101935-78.2023.5.88.5299,1077,Civil,Arquivado,Encerrado,Dr. Barros,2021-06-14,2026-10-18,329224.0,1ª Vara Cível de Recife,Sem observações
4125,8368372-34.2020.6.43.9691,913,Trabalhista,Acordo Extrajudicial,Ativo,Dr. Melo,2022-04-28,2025-11-23,396169.0,9ª Vara Trabalhista de Recife,Sem observações
4126,8286382-50.2025.4.53.4414,186,Civil,Sentença,Ativo,Dra. Fontes,2022-09-14,2026-09-07,234055.0,17ª Vara Criminal de Recife,Sem observações
4127,6011987-71.2020.8.10.4396,1045,Trabalhista,Instrução,Acordo,Dr. Melo,2025-07-04,2025-12-18,13218.0,1ª Vara Trabalhista de Recife,Aguardando documentos
4128,8886588-26.2020.9.65.6361,317,Civil,Inicial,Ativo,Dra. Cavalcante,2025-11-10,2025-09-26,171341.0,17ª Vara Criminal de Recife,Sem observações
4129,6075721-43.2020.9.85.8738,726,Trabalhista,Recurso,Suspenso,Dr. Melo,2020-08-25,2026-01-30,80919.0,19ª Vara Cível de Recife,Sem observações
4130,1931030-34.2024.8.48.5319,756,Civil,Audiência,Suspenso,Dra. Cavalcante,2023-06-03,2026-09-28,289574.0,4ª Vara Cível de Recife,Sem observações
4131,2480014-80.2024.2.29.9847,422,Civil,Arquivado,Suspenso,Dra. Cavalcante,2022-10-03,2025-01-16,431705.0,4ª Vara Criminal de Recife,Sem observações
4132,6370110-64.2022.3.52.8440,1301,Trabalhista,Arquivado,Acordo,Dra. Fontes,2022-05-22,2026-05-01,302809.0,4ª Vara Trabalhista de Recife,Aguardando documentos
4133,8572382-61.2025.1.41.7172,193,Civil,Inicial,Encerrado,Dr. Melo,2023-09-14,2026-10-09,220495.0,20ª Vara Trabalhista de Recife,Sem observações
4134,1742202-63.2023.6.68.9372,633,Civil,Instrução,Ativo,Dr. Barros,2021-12-01,2025-03-08,Sem valor,7ª Vara Cível de Recife,Sem observações
4135,2658962-39.2022.5.95.8856,428,Trabalhista,Arquivado,Ativo,Dra. Fontes,2020-07-11,2026-08-13,309616.0,18ª Vara Trabalhista de Recife,Sem observações
4136,7271178-97.2023.5.84.4243,551,Trabalhista,Sentença,Ativo,Dra. Cavalcante,2023-02-01,2026-05-25,Sem valor,18ª Vara Criminal de Recife,Aguardando documentos
4137,8590346-68.2020.7.63.7780,949,Civil,Execução,Ativo,Dr. Barros,2020-03-16,2025-02-25,149516.0,8ª Vara Trabalhista de Recife,Sem observações
4138,8936104-83.2022.1.39.7934,1303,Trabalhista,Arquivado,Acordo,Dr. Barros,2021-07-24,2026-01-02,Sem valor,12ª Vara Trabalhista de Recife,Sem observações
4139,4299848-20.2023.2.47.7396,717,Trabalhista,Recurso,Ativo,Dra. Cavalcante,2024-12-04,2026-06-09,206412.0,5ª Vara Criminal de Recife,Aguardando documentos
4140,6101036-60.2022.7.49.3295,881,Trabalhista,Execução,Ativo,Dr. Barros,2022-08-28,2026-05-18,325877.0,6ª Vara Criminal de Recife,Sem observações
4141,3242098-97.2025.4.44.9916,1023,Trabalhista,Inicial,Acordo,Dr. Barros,2024-05-17,2026-05-08,Sem valor,7ª Vara Cível de Recife,Sem observações
4142,4938178-62.2020.7.27.6072,1494,Civil,Acordo Extrajudicial,Ativo,Dr. Barros,2025-02-13,2025-07-04,28848.0,3ª Vara Cível de Recife,Aguardando documentos
4143,9804642-71.2024.4.76.5486,43,Trabalhista,Recurso,Ativo,Dr. Melo,2020-10-10,2026-07-24,326243.0,7ª Vara Cível de Recife,Sem observações
4144,9057219-99.2020.9.96.3254,820,Civil,Acordo Extrajudicial,Ativo,Dr. Melo,2020-02-20,2025-05-07,178861.0,15ª Vara Criminal de Recife,Sem observações
4145,9489806-94.2021.2.55.9162,980,Civil,Audiência,Encerrado,Dr. Barros,2025-01-14,2026-08-14,290330.0,2ª Vara Criminal de Recife,Sem observações
4146,4299848-20.2023.2.47.7396,417,Trabalhista,Sentença,Encerrado,Dr. Melo,2021-08-11,2025-07-16,Sem valor,20ª Vara Criminal de Recife,Sem observações
4147,3242098-97.2025.4.44.9916,1031,Trabalhista,Arquivado,Ativo,Dra. Cavalcante,2022-02-13,2026-12-21,351462.0,2ª Vara Trabalhista de Recife,Sem observações
4148,3734843-61.2021.3.94.2954,997,Civil,Recurso,Suspenso,Dra. Cavalcante,2022-07-09,2025-08-08,Sem valor,16ª Vara Criminal de Recife,Sem observações
4149,9071705-28.2021.9.78.4746,997,Civil,Inicial,Ativo,Dra. Cavalcante,2024-12-05,Sem prazo delimitado,205933.0,2ª Vara Cível de Recife,Sem observações
4150,2480014-80.2024.2.29.9847,1288,Trabalhista,Recurso,Ativo,Dra. Fontes,2026-01-25,2026-12-27,323262.0,14ª Vara Cível de Recife,Sem observações
4151,4016576-41.2022.7.10.6952,835,Trabalhista,Recurso,Ativo,Dra. Fontes,2022-07-22,2026-11-15,482537.0,12ª Vara Criminal de Recife,Sem observações
4152,5826200-20.2025.1.91.8748,1336,Civil,Recurso,Ativo,Dr. Barros,2025-07-23,2025-06-07,119159.0,7ª Vara Cível de Recife,Sem observações
4153,5035093-45.2021.1.27.3097,1298,Civil,Arquivado,Ativo,Dr. Melo,2026-09-01,2026-04-20,328156.0,17ª Vara Trabalhista de Recife,Sem observações
4154,2869625-86.2025.7.14.5837,402,Trabalhista,Instrução,Ativo,Dra. Cavalcante,2022-10-05,2025-01-02,471358.0,6ª Vara Trabalhista de Recife,Aguardando documentos
4155,3679963-72.2020.9.29.7859,1131,Trabalhista,Recurso,Ativo,Dr. Melo,2023-08-05,2026-07-28,271757.0,11ª Vara Criminal de Recife,Sem observações
4156,4326518-76.2023.4.36.8530,851,Trabalhista,Arquivado,Ativo,Dr. Melo,2020-11-22,2026-10-02,306277.0,3ª Vara Cível de Recife,Sem observações
4157,5401874-62.2025.2.46.8337,854,Trabalhista,Recurso,Encerrado,Dra. Fontes,2025-07-11,2026-11-10,191788.0,4ª Vara Cível de Recife,Sem observações
4158,5239450-56.2022.7.99.2371,1277,Civil,Sentença,Ativo,Dra. Cavalcante,2022-09-29,2025-10-01,Sem valor,5ª Vara Cível de Recife,Sem observações
4159,1099617-37.2023.9.61.1793,139,Trabalhista,Acordo Extrajudicial,Acordo,Dra. Cavalcante,2023-04-11,2026-09-22,271407.0,6ª Vara Trabalhista de Recife,Aguardando documentos
4160,9057219-99.2020.9.96.3254,1439,Civil,Audiência,Encerrado,Dra. Fontes,2024-11-16,Sem prazo delimitado,Sem valor,12ª Vara Criminal de Recife,Sem observações
4161,2411026-52.2022.6.26.7373,571,Trabalhista,Execução,Encerrado,Dr. Melo,2022-03-16,Sem prazo delimitado,172539.0,19ª Vara Trabalhista de Recife,Sem observações
4162,1237577-83.2022.8.91.4649,585,Civil,Instrução,Ativo,Dra. Cavalcante,2023-05-25,2026-01-13,38953.0,9ª Vara Trabalhista de Recife,Sem observações
4163,7687351-51.2022.6.73.6768,951,Civil,Instrução,Ativo,Dra. Fontes,2022-01-28,2026-02-11,260168.0,19ª Vara Criminal de Recife,Sem observações
4164,1966014-66.2022.7.82.2137,300,Civil,Sentença,Encerrado,Dra. Fontes,2022-12-08,2026-07-26,Sem valor,4ª Vara Cível de Recife,Sem observações
4165,8936104-83.2022.1.39.7934,1470,Civil,Audiência,Suspenso,Dra. Fontes,2024-04-26,2026-12-24,483612.0,20ª Vara Cível de Recife,Sem observações
4166,1676369-34.2022.3.47.6087,1091,Civil,Acordo Extrajudicial,Em recurso,Dr. Barros,2024-03-24,2026-08-05,231770.0,18ª Vara Criminal de Recife,Sem observações
4167,6528202-89.2025.3.17.9496,955,Civil,Arquivado,Encerrado,Dra. Fontes,2026-01-04,2026-05-09,67859.0,1ª Vara Cível de Recife,Sem observações
4168,1778149-24.2023.1.86.3557,1040,Trabalhista,Inicial,Ativo,Dr. Barros,2024-11-13,2026-06-24,398874.0,8ª Vara Trabalhista de Recife,Aguardando documentos
4169,8717678-27.2025.5.11.4526,1088,Trabalhista,Inicial,Suspenso,Dra. Fontes,2020-03-30,2026-03-09,323298.0,11ª Vara Cível de Recife,Sem observações
4170,6694761-39.2022.1.10.2199,369,Civil,Execução,Acordo,Dr. Barros,2022-12-13,2026-11-30,487062.0,15ª Vara Trabalhista de Recife,Sem observações
4171,3766710-17.2025.4.91.1472,585,Trabalhista,Acordo Extrajudicial,Ativo,Dra. Cavalcante,2020-11-09,2025-01-19,145329.0,8ª Vara Trabalhista de Recife,Sem observações
4172,1974389-81.2024.5.57.9354,868,Civil,Audiência,Em recurso,Dra. Cavalcante,2021-10-28,2026-07-26,Sem valor,9ª Vara Trabalhista de Recife,Sem observações
4173,5826200-20.2025.1.91.8748,1267,Trabalhista,Recurso,Ativo,Dra. Cavalcante,2026-04-15,2026-07-02,51492.0,17ª Vara Trabalhista de Recife,Sem observações
4174,9057219-99.2020.9.96.3254,1129,Trabalhista,Inicial,Em recurso,Dra. Fontes,2022-10-25,2026-07-14,326105.0,5ª Vara Cível de Recife,Aguardando documentos
4175,2554938-48.2024.1.13.4544,1046,Trabalhista,Acordo Extrajudicial,Encerrado,Dra. Fontes,2024-04-28,Sem prazo delimitado,Sem valor,10ª Vara Criminal de Recife,Sem observações
4176,4415624-13.2024.9.14.9480,448,Trabalhista,Recurso,Em recurso,Dr. Barros,2021-02-24,2026-11-16,Sem valor,14ª Vara Criminal de Recife,Sem observações
4177,5625093-80.2022.9.16.6618,1373,Trabalhista,Recurso,Ativo,Dra. Cavalcante,2020-03-18,2026-07-23,175859.0,9ª Vara Cível de Recife,Sem observações
4178,6865513-17.2021.7.21.3938,1035,Trabalhista,Instrução,Suspenso,Dra. Fontes,2024-02-15,2025-03-31,Sem valor,15ª Vara Cível de Recife,Sem observações
4179,6370110-64.2022.3.52.8440,533,Trabalhista,Sentença,Acordo,Dra. Cavalcante,2020-08-18,2026-06-25,469627.0,18ª Vara Cível de Recife,Aguardando documentos
4180,5483975-50.2024.8.92.4422,1405,Civil,Instrução,Ativo,Dra. Cavalcante,2024-02-11,2025-01-16,133163.0,4ª Vara Cível de Recife,Sem observações
4181,2231929-89.2024.6.41.5461,915,Civil,Sentença,Suspenso,Dr. Barros,2023-12-28,2026-03-02,150500.0,7ª Vara Criminal de Recife,Sem observações
4182,1273300-90.2024.2.80.7378,606,Civil,Sentença,Encerrado,Dr. Melo,2022-02-09,2026-05-16,Sem valor,14ª Vara Cível de Recife,Sem observações
4183,8368372-34.2020.6.43.9691,1095,Trabalhista,Execução,Ativo,Dra. Cavalcante,2023-07-16,2026-09-10,80769.0,19ª Vara Trabalhista de Recife,Sem observações
4184,1185885-59.2023.7.19.8433,150,Trabalhista,Arquivado,Encerrado,Dr. Melo,2022-10-21,2026-08-30,Sem valor,20ª Vara Trabalhista de Recife,Aguardando documentos
4185,8368372-34.2020.6.43.9691,1180,Civil,Audiência,Encerrado,Dr. Melo,2020-08-08,Sem prazo delimitado,132002.0,3ª Vara Trabalhista de Recife,Aguardando documentos
4186,8986773-71.2022.6.45.5854,567,Trabalhista,Execução,Acordo,Dra. Cavalcante,2026-04-19,2026-06-22,18456.0,4ª Vara Trabalhista de Recife,Sem observações
4187,4064382-39.2022.4.13.8937,1232,Trabalhista,Instrução,Ativo,Dr. Melo,2022-05-07,2025-05-17,324041.0,17ª Vara Criminal de Recife,Sem observações
4188,5703772-88.2020.8.34.6114,1001,Civil,Acordo Extrajudicial,Em recurso,Dr. Barros,2020-10-16,2025-10-29,218378.0,14ª Vara Criminal de Recife,Sem observações
4189,6096719-87.2023.1.41.6180,1110,Civil,Acordo Extrajudicial,Acordo,Dra. Fontes,2023-07-31,2026-01-07,170431.0,15ª Vara Criminal de Recife,Sem observações
4190,9057219-99.2020.9.96.3254,1107,Trabalhista,Sentença,Em recurso,Dra. Fontes,2023-09-25,2025-07-02,Sem valor,5ª Vara Criminal de Recife,Sem observações
4191,5732779-86.2025.4.28.7831,753,Civil,Inicial,Suspenso,Dr. Melo,2021-04-06,2025-09-19,72033.0,9ª Vara Criminal de Recife,Sem observações
4192,1273300-90.2024.2.80.7378,1161,Trabalhista,Instrução,Ativo,Dra. Cavalcante,2020-01-13,2026-08-20,Sem valor,3ª Vara Criminal de Recife,Sem observações
4193,8735892-74.2025.8.18.9411,947,Trabalhista,Sentença,Encerrado,Dra. Fontes,2021-03-14,2025-07-08,455891.0,9ª Vara Trabalhista de Recife,Aguardando documentos
4194,3542616-60.2022.3.87.6536,1042,Trabalhista,Execução,Ativo,Dra. Fontes,2022-04-12,2025-10-29,Sem valor,15ª Vara Criminal de Recife,Sem observações
4195,7999133-20.2023.7.26.1121,577,Trabalhista,Audiência,Acordo,Dra. Cavalcante,2020-08-08,2026-12-05,174894.0,13ª Vara Cível de Recife,Sem observações
4196,8574876-96.2020.7.97.4673,354,Trabalhista,Arquivado,Encerrado,Dra. Cavalcante,2023-03-31,2025-09-20,Sem valor,8ª Vara Trabalhista de Recife,Sem observações
4197,5422047-80.2024.8.62.4364,586,Civil,Recurso,Encerrado,Dra. Cavalcante,2025-10-12,2025-01-04,7826.0,8ª Vara Cível de Recife,Sem observações
4198,7892487-80.2022.9.64.5036,1429,Trabalhista,Audiência,Encerrado,Dr. Melo,2024-08-24,2025-12-22,492962.0,9ª Vara Criminal de Recife,Sem observações
4199,1735592-50.2022.9.87.5612,280,Civil,Arquivado,Encerrado,Dr. Barros,2023-02-17,2026-03-16,Sem valor,1ª Vara Trabalhista de Recife,Aguardando documentos
4200,5035093-45.2021.1.27.3097,600,Civil,Sentença,Suspenso,Dr. Barros,2022-01-21,2025-12-20,296476.0,13ª Vara Criminal de Recife,Sem observações
4201,1896520-28.2021.5.90.5374,919,Trabalhista,Inicial,Acordo,Dr. Melo,2021-04-13,2026-05-11,64957.0,1ª Vara Cível de Recife,Sem observações
4202,8735892-74.2025.8.18.9411,1390,Civil,Sentença,Encerrado,Dr. Melo,2022-02-17,2025-01-05,Sem valor,15ª Vara Trabalhista de Recife,Sem observações
4203,8530609-10.2021.5.41.7151,456,Civil,Instrução,Em recurso,Dra. Cavalcante,2025-05-26,2025-02-16,301446.0,12ª Vara Criminal de Recife,Sem observações
4204,1183693-37.2024.1.85.2937,317,Civil,Instrução,Encerrado,Dra. Fontes,2025-04-19,2025-11-17,145506.0,5ª Vara Cível de Recife,Sem observações
4205,7724543-49.2023.9.44.7412,1374,Trabalhista,Audiência,Encerrado,Dra. Cavalcante,2025-10-17,2025-11-07,456265.0,5ª Vara Cível de Recife,Sem observações
4206,7065068-16.2021.7.14.6489,774,Civil,Audiência,Ativo,Dra. Cavalcante,2021-05-18,2026-05-23,152293.0,16ª Vara Trabalhista de Recife,Sem observações
4207,5991409-16.2021.8.44.1303,1061,Civil,Sentença,Ativo,Dr. Barros,2023-04-09,2025-02-22,406801.0,13ª Vara Criminal de Recife,Sem observações
4208,3679963-72.2020.9.29.7859,374,Trabalhista,Audiência,Encerrado,Dra. Cavalcante,2023-01-01,2025-02-21,Sem valor,1ª Vara Trabalhista de Recife,Sem observações
4209,3922248-27.2025.1.42.4047,1474,Civil,Inicial,Acordo,Dr. Melo,2022-11-16,2025-11-07,160796.0,13ª Vara Trabalhista de Recife,Sem observações
4210,5050722-10.2024.8.29.4298,83,Civil,Recurso,Acordo,Dr. Barros,2024-09-13,2026-08-13,89677.0,12ª Vara Cível de Recife,Sem observações
4211,5826200-20.2025.1.91.8748,1098,Trabalhista,Arquivado,Ativo,Dr. Melo,2026-02-27,2025-01-02,330055.0,19ª Vara Criminal de Recife,Sem observações
4212,1964519-55.2020.7.58.6781,865,Civil,Execução,Encerrado,Dr. Barros,2025-10-11,2026-03-14,168891.0,6ª Vara Cível de Recife,Sem observações
4213,5401874-62.2025.2.46.8337,988,Trabalhista,Sentença,Encerrado,Dra. Cavalcante,2021-10-18,2025-06-01,77497.0,15ª Vara Cível de Recife,Sem observações
4214,5788467-41.2023.8.93.8134,1465,Civil,Sentença,Em recurso,Dra. Fontes,2024-02-28,2025-09-02,Sem valor,19ª Vara Trabalhista de Recife,Aguardando documentos
4215,2118934-75.2023.5.97.9563,1324,Trabalhista,Inicial,Ativo,Dra. Cavalcante,2023-08-30,2026-05-22,315327.0,11ª Vara Cível de Recife,Aguardando documentos
4216,4417916-40.2022.7.26.4278,937,Civil,Instrução,Encerrado,Dra. Fontes,2021-09-28,2026-03-04,196422.0,13ª Vara Trabalhista de Recife,Sem observações
4217,5853247-29.2020.7.62.8870,520,Civil,Acordo Extrajudicial,Acordo,Dr. Melo,2022-11-19,2025-03-19,276990.0,12ª Vara Trabalhista de Recife,Sem observações
4218,1024421-54.2022.9.20.2563,687,Civil,Arquivado,Encerrado,Dra. Fontes,2023-08-03,2025-05-18,464693.0,14ª Vara Criminal de Recife,Sem observações
4219,4460247-99.2024.9.97.4840,36,Trabalhista,Instrução,Encerrado,Dr. Barros,2026-08-04,2026-09-02,180975.0,4ª Vara Criminal de Recife,Sem observações
4220,1869144-23.2023.5.84.3325,1114,Civil,Execução,Ativo,Dr. Barros,2022-12-08,2025-09-28,176570.0,4ª Vara Cível de Recife,Sem observações
4221,4952151-27.2023.3.38.8762,761,Trabalhista,Arquivado,Encerrado,Dra. Fontes,2025-11-24,2026-08-11,298683.0,12ª Vara Trabalhista de Recife,Aguardando documentos
4222,8892606-62.2022.2.87.2168,927,Trabalhista,Instrução,Ativo,Dra. Fontes,2025-03-17,2026-10-11,73178.0,20ª Vara Criminal de Recife,Sem observações
4223,5967836-10.2021.4.35.9671,882,Civil,Sentença,Acordo,Dr. Barros,2020-05-31,2025-12-29,60257.0,1ª Vara Trabalhista de Recife,Sem observações
4224,5867457-18.2023.9.16.7298,235,Civil,Inicial,Encerrado,Dra. Cavalcante,2024-01-20,2025-10-09,438133.0,2ª Vara Trabalhista de Recife,Aguardando documentos
4225,7486029-45.2024.4.25.3159,37,Civil,Sentença,Ativo,Dra. Cavalcante,2021-04-11,2026-07-14,485969.0,13ª Vara Trabalhista de Recife,Sem observações
4226,3306375-34.2024.9.48.9154,616,Civil,Instrução,Suspenso,Dra. Cavalcante,2025-01-29,2025-08-30,157394.0,14ª Vara Cível de Recife,Sem observações
4227,2019436-32.2020.6.16.9856,486,Trabalhista,Inicial,Ativo,Dr. Barros,2024-02-13,2026-08-23,92174.0,10ª Vara Criminal de Recife,Sem observações
4228,7110796-41.2020.3.80.5362,450,Trabalhista,Instrução,Suspenso,Dra. Fontes,2023-12-31,2026-04-21,388145.0,20ª Vara Cível de Recife,Sem observações
4229,3754895-37.2021.6.18.8502,223,Trabalhista,Audiência,Ativo,Dra. Cavalcante,2023-06-27,2025-09-04,51314.0,13ª Vara Trabalhista de Recife,Sem observações
4230,7789809-22.2020.1.73.9031,1372,Trabalhista,Execução,Ativo,Dra. Cavalcante,2024-07-20,2026-12-06,165166.0,5ª Vara Cível de Recife,Sem observações
4231,6101036-60.2022.7.49.3295,686,Trabalhista,Inicial,Ativo,Dr. Melo,2021-02-21,Sem prazo delimitado,165631.0,9ª Vara Cível de Recife,Sem observações
4232,5786762-52.2021.9.21.3037,1042,Trabalhista,Sentença,Suspenso,Dr. Barros,2022-06-05,2026-08-06,55988.0,7ª Vara Trabalhista de Recife,Sem observações
4233,7486138-99.2020.5.81.4332,151,Civil,Inicial,Suspenso,Dra. Fontes,2023-10-02,2025-10-04,21873.0,2ª Vara Criminal de Recife,Sem observações
4234,6416661-36.2021.8.21.8496,1472,Civil,Instrução,Acordo,Dr. Barros,2022-12-17,2026-03-25,418815.0,2ª Vara Cível de Recife,Sem observações
4235,8717678-27.2025.5.11.4526,557,Trabalhista,Sentença,Ativo,Dr. Melo,2020-02-14,2026-12-06,355148.0,14ª Vara Criminal de Recife,Sem observações
4236,3879233-61.2024.5.30.1494,947,Civil,Recurso,Ativo,Dra. Fontes,2023-06-01,2025-07-16,Sem valor,3ª Vara Criminal de Recife,Sem observações
4237,3778380-86.2023.9.32.5849,825,Trabalhista,Arquivado,Acordo,Dra. Cavalcante,2024-06-08,2026-09-18,212407.0,8ª Vara Trabalhista de Recife,Sem observações
4238,6101036-60.2022.7.49.3295,492,Civil,Inicial,Ativo,Dr. Melo,2024-01-07,2026-12-30,147394.0,17ª Vara Cível de Recife,Sem observações
4239,6418382-43.2020.8.63.9133,593,Civil,Recurso,Encerrado,Dr. Melo,2021-06-15,2025-01-25,98984.0,14ª Vara Criminal de Recife,Sem observações
4240,5035093-45.2021.1.27.3097,469,Civil,Acordo Extrajudicial,Ativo,Dr. Melo,2024-07-14,2025-10-14,289692.0,18ª Vara Trabalhista de Recife,Aguardando documentos
4241,5625093-80.2022.9.16.6618,1402,Civil,Execução,Ativo,Dr. Melo,2023-09-24,2026-11-29,85850.0,4ª Vara Cível de Recife,Sem observações
4242,6992158-64.2024.5.43.7750,761,Trabalhista,Recurso,Acordo,Dra. Cavalcante,2020-04-06,2026-01-18,Sem valor,7ª Vara Criminal de Recife,Sem observações
4243,2461262-96.2021.6.48.1315,769,Trabalhista,Audiência,Ativo,Dr. Barros,2021-11-23,2025-09-21,113134.0,7ª Vara Cível de Recife,Sem observações
4244,9062552-47.2024.4.22.8265,431,Trabalhista,Acordo Extrajudicial,Acordo,Dra. Cavalcante,2024-11-15,2026-08-16,31812.0,6ª Vara Cível de Recife,Sem observações
4245,4563779-48.2023.2.87.9606,1174,Civil,Audiência,Encerrado,Dr. Melo,2023-07-04,2026-12-21,7003.0,8ª Vara Criminal de Recife,Aguardando documentos
4246,4460247-99.2024.9.97.4840,1037,Trabalhista,Sentença,Encerrado,Dra. Fontes,2025-11-13,2026-10-08,Sem valor,19ª Vara Criminal de Recife,Sem observações
4247,5703772-88.2020.8.34.6114,825,Civil,Sentença,Ativo,Dra. Cavalcante,2025-01-23,2026-05-22,Sem valor,12ª Vara Criminal de Recife,Aguardando documentos
4248,7948577-74.2025.1.60.7583,1439,Trabalhista,Inicial,Em recurso,Dra. Cavalcante,2026-03-28,2025-12-26,256986.0,16ª Vara Criminal de Recife,Sem observações
4249,2658962-39.2022.5.95.8856,1311,Trabalhista,Instrução,Suspenso,Dra. Cavalcante,2023-12-21,2025-04-14,234957.0,20ª Vara Cível de Recife,Sem observações
4250,8714773-70.2022.9.65.8541,309,Civil,Inicial,Em recurso,Dr. Melo,2022-12-20,2025-10-09,Sem valor,6ª Vara Trabalhista de Recife,Sem observações
4251,3418432-84.2025.3.59.5858,1053,Civil,Audiência,Suspenso,Dr. Melo,2026-02-03,2026-09-19,465907.0,17ª Vara Cível de Recife,Sem observações
4252,9498791-62.2022.6.73.9564,1213,Trabalhista,Acordo Extrajudicial,Ativo,Dr. Melo,2020-09-21,2025-03-14,380769.0,12ª Vara Trabalhista de Recife,Sem observações
4253,2328070-99.2024.8.57.5561,200,Trabalhista,Recurso,Ativo,Dr. Melo,2023-09-20,2026-09-27,205302.0,20ª Vara Criminal de Recife,Sem observações
4254,1964519-55.2020.7.58.6781,8,Trabalhista,Inicial,Encerrado,Dr. Melo,2022-07-17,2025-01-02,180232.0,12ª Vara Criminal de Recife,Sem observações
4255,6267378-50.2021.9.19.9923,1380,Civil,Execução,Ativo,Dr. Melo,2021-07-27,2026-08-04,208362.0,19ª Vara Trabalhista de Recife,Sem observações
4256,5214684-96.2020.6.84.9986,552,Civil,Audiência,Encerrado,Dr. Barros,2024-11-27,2025-12-05,484507.0,7ª Vara Trabalhista de Recife,Sem observações
4257,7999133-20.2023.7.26.1121,288,Trabalhista,Execução,Encerrado,Dr. Melo,2020-02-19,2025-10-11,29649.0,11ª Vara Cível de Recife,Sem observações
4258,3922248-27.2025.1.42.4047,310,Civil,Inicial,Ativo,Dr. Melo,2024-07-15,2026-04-05,181579.0,12ª Vara Cível de Recife,Sem observações
4259,8892606-62.2022.2.87.2168,1278,Civil,Recurso,Em recurso,Dra. Cavalcante,2025-05-02,2026-01-12,Sem valor,16ª Vara Cível de Recife,Sem observações
4260,1676369-34.2022.3.47.6087,882,Trabalhista,Inicial,Encerrado,Dra. Fontes,2024-09-12,2025-06-03,99197.0,3ª Vara Trabalhista de Recife,Sem observações
4261,1557680-16.2021.4.16.4031,875,Trabalhista,Execução,Suspenso,Dr. Melo,2020-03-20,2026-07-13,326241.0,14ª Vara Trabalhista de Recife,Sem observações
4262,5732779-86.2025.4.28.7831,460,Trabalhista,Acordo Extrajudicial,Acordo,Dra. Cavalcante,2024-04-29,2025-03-15,31810.0,5ª Vara Cível de Recife,Sem observações
4263,4229107-99.2020.7.61.3978,1290,Trabalhista,Sentença,Ativo,Dra. Fontes,2023-03-02,2026-11-04,494794.0,8ª Vara Criminal de Recife,Sem observações
4264,4460247-99.2024.9.97.4840,1081,Civil,Arquivado,Acordo,Dr. Melo,2022-07-14,2025-05-30,Sem valor,7ª Vara Trabalhista de Recife,Sem observações
4265,6476769-27.2021.5.22.2570,853,Trabalhista,Arquivado,Ativo,Dr. Barros,2024-08-28,Sem prazo delimitado,Sem valor,19ª Vara Cível de Recife,Sem observações
4266,5116418-16.2025.3.98.2234,925,Civil,Audiência,Suspenso,Dra. Fontes,2021-03-11,2026-03-02,Sem valor,11ª Vara Trabalhista de Recife,Sem observações
4267,1614850-25.2020.8.85.3161,883,Civil,Arquivado,Ativo,Dr. Melo,2025-05-18,2025-03-08,Sem valor,13ª Vara Trabalhista de Recife,Sem observações
4268,8209168-30.2020.1.41.7632,1142,Trabalhista,Inicial,Ativo,Dra. Cavalcante,2024-07-30,2026-04-19,150736.0,13ª Vara Trabalhista de Recife,Sem observações
4269,1093623-59.2025.7.92.5441,737,Civil,Acordo Extrajudicial,Encerrado,Dr. Melo,2021-05-09,2026-08-31,Sem valor,6ª Vara Trabalhista de Recife,Aguardando documentos
4270,1974389-81.2024.5.57.9354,700,Civil,Inicial,Ativo,Dr. Melo,2020-01-13,Sem prazo delimitado,Sem valor,7ª Vara Trabalhista de Recife,Sem observações
4271,2753004-76.2021.8.83.9874,175,Civil,Arquivado,Ativo,Dra. Fontes,2023-07-03,2026-09-16,Sem valor,3ª Vara Cível de Recife,Sem observações
4272,5518767-82.2023.4.96.9873,141,Trabalhista,Audiência,Suspenso,Dra. Cavalcante,2023-07-20,2026-03-09,40360.0,9ª Vara Cível de Recife,Sem observações
4273,5732779-86.2025.4.28.7831,785,Trabalhista,Instrução,Ativo,Dra. Cavalcante,2026-04-20,2025-07-28,Sem valor,14ª Vara Cível de Recife,Aguardando documentos
4274,4563779-48.2023.2.87.9606,1318,Civil,Execução,Ativo,Dra. Cavalcante,2025-02-10,2025-02-08,20897.0,9ª Vara Cível de Recife,Aguardando documentos
4275,8125196-18.2023.1.53.1215,855,Trabalhista,Execução,Acordo,Dr. Barros,2022-11-01,2025-10-18,174401.0,2ª Vara Trabalhista de Recife,Aguardando documentos
4276,1165147-13.2020.2.47.5874,617,Trabalhista,Acordo Extrajudicial,Encerrado,Dr. Melo,2021-10-03,2026-04-18,Sem valor,15ª Vara Cível de Recife,Sem observações
4277,5112941-62.2021.1.89.5887,803,Trabalhista,Acordo Extrajudicial,Encerrado,Dra. Cavalcante,2024-03-07,Sem prazo delimitado,Sem valor,2ª Vara Trabalhista de Recife,Sem observações
4278,2480014-80.2024.2.29.9847,1360,Civil,Instrução,Encerrado,Dra. Cavalcante,2025-01-06,2026-06-04,130718.0,3ª Vara Criminal de Recife,Sem observações
4279,4494463-44.2022.5.80.7542,353,Civil,Instrução,Acordo,Dr. Melo,2021-07-26,Sem prazo delimitado,188770.0,17ª Vara Cível de Recife,Sem observações
4280,5210656-44.2021.1.39.2474,360,Trabalhista,Instrução,Encerrado,Dra. Fontes,2021-08-10,2025-07-31,243592.0,9ª Vara Trabalhista de Recife,Aguardando documentos
4281,3724721-44.2021.9.75.5553,870,Trabalhista,Acordo Extrajudicial,Ativo,Dr. Barros,2020-09-30,2026-02-15,206910.0,18ª Vara Trabalhista de Recife,Sem observações
4282,5700249-43.2020.5.57.9341,1232,Civil,Recurso,Ativo,Dr. Melo,2024-11-18,2026-07-10,Sem valor,18ª Vara Cível de Recife,Aguardando documentos
4283,5116418-16.2025.3.98.2234,61,Trabalhista,Inicial,Encerrado,Dra. Fontes,2022-02-22,2026-09-21,257011.0,19ª Vara Criminal de Recife,Sem observações
4284,4140100-24.2024.4.63.7178,106,Trabalhista,Execução,Encerrado,Dra. Cavalcante,2020-04-04,2026-12-02,314726.0,19ª Vara Trabalhista de Recife,Sem observações
4285,7539718-58.2020.2.52.9800,1236,Civil,Arquivado,Ativo,Dra. Fontes,2020-07-02,2025-05-04,307645.0,8ª Vara Trabalhista de Recife,Sem observações
4286,6779292-61.2021.4.86.2783,1410,Trabalhista,Sentença,Ativo,Dr. Barros,2022-12-30,2025-03-21,469527.0,6ª Vara Criminal de Recife,Sem observações
4287,7320713-89.2022.3.68.7881,262,Trabalhista,Instrução,Encerrado,Dra. Cavalcante,2021-04-30,2025-05-02,Sem valor,4ª Vara Criminal de Recife,Sem observações
4288,6694761-39.2022.1.10.2199,1370,Trabalhista,Acordo Extrajudicial,Ativo,Dr. Barros,2025-06-25,2026-03-15,420266.0,10ª Vara Criminal de Recife,Sem observações
4289,4131852-60.2020.1.89.9739,1458,Civil,Sentença,Encerrado,Dr. Barros,2025-08-30,2025-09-15,Sem valor,3ª Vara Criminal de Recife,Aguardando documentos
4290,5159882-37.2022.9.71.7550,543,Trabalhista,Execução,Ativo,Dr. Barros,2022-11-19,2025-12-01,159907.0,20ª Vara Trabalhista de Recife,Sem observações
4291,2658962-39.2022.5.95.8856,223,Civil,Arquivado,Ativo,Dra. Cavalcante,2020-12-18,2025-10-25,304723.0,4ª Vara Trabalhista de Recife,Sem observações
4292,2966787-79.2022.1.41.9944,506,Trabalhista,Recurso,Ativo,Dra. Cavalcante,2025-12-07,2025-04-27,228027.0,14ª Vara Criminal de Recife,Sem observações
4293,3401866-56.2021.1.87.5297,29,Civil,Inicial,Ativo,Dr. Melo,2021-01-25,2026-12-28,429819.0,19ª Vara Cível de Recife,Sem observações
4294,8097721-13.2023.1.47.8354,1291,Trabalhista,Execução,Ativo,Dr. Barros,2023-12-25,Sem prazo delimitado,44646.0,4ª Vara Criminal de Recife,Sem observações
4295,2019436-32.2020.6.16.9856,1338,Trabalhista,Sentença,Suspenso,Dra. Cavalcante,2022-11-18,2025-02-17,Sem valor,3ª Vara Trabalhista de Recife,Sem observações
4296,8936104-83.2022.1.39.7934,130,Civil,Arquivado,Ativo,Dr. Barros,2021-09-26,2025-03-06,32684.0,20ª Vara Criminal de Recife,Sem observações
4297,1013314-48.2023.4.39.2083,385,Civil,Instrução,Suspenso,Dra. Fontes,2020-09-12,2025-09-23,317066.0,16ª Vara Cível de Recife,Sem observações
4298,8062805-72.2022.1.22.8771,1050,Trabalhista,Inicial,Ativo,Dr. Barros,2025-06-25,2026-05-20,454732.0,18ª Vara Trabalhista de Recife,Sem observações
4299,4452862-76.2021.3.27.3238,403,Civil,Acordo Extrajudicial,Suspenso,Dr. Melo,2021-10-04,2026-10-17,321671.0,8ª Vara Trabalhista de Recife,Sem observações
4300,2341370-92.2024.9.60.8122,1241,Trabalhista,Acordo Extrajudicial,Encerrado,Dr. Barros,2025-03-22,2025-06-08,308018.0,13ª Vara Cível de Recife,Sem observações
4301,5638123-23.2024.7.30.5009,777,Civil,Acordo Extrajudicial,Acordo,Dr. Barros,2023-05-06,2026-12-02,Sem valor,9ª Vara Cível de Recife,Sem observações
4302,4681694-71.2021.9.28.7350,295,Civil,Inicial,Ativo,Dra. Fontes,2023-05-20,2026-06-17,361971.0,16ª Vara Cível de Recife,Sem observações
4303,9060164-41.2020.5.36.2381,734,Trabalhista,Inicial,Ativo,Dr. Melo,2021-03-25,Sem prazo delimitado,Sem valor,15ª Vara Criminal de Recife,Sem observações
4304,2632721-15.2024.7.90.9593,1358,Trabalhista,Acordo Extrajudicial,Ativo,Dra. Fontes,2020-03-17,2026-03-31,237209.0,1ª Vara Criminal de Recife,Sem observações
4305,6992158-64.2024.5.43.7750,1049,Civil,Audiência,Ativo,Dr. Barros,2023-10-17,2025-10-21,438671.0,14ª Vara Cível de Recife,Sem observações
4306,5947618-28.2023.6.53.6118,1018,Civil,Instrução,Suspenso,Dra. Fontes,2025-07-09,2026-02-24,356683.0,3ª Vara Trabalhista de Recife,Sem observações
4307,7438163-48.2021.3.47.1186,1226,Civil,Execução,Ativo,Dr. Barros,2021-07-07,2026-03-28,22895.0,2ª Vara Cível de Recife,Sem observações
4308,8209168-30.2020.1.41.7632,494,Civil,Sentença,Encerrado,Dr. Melo,2021-10-29,2026-01-09,210030.0,8ª Vara Cível de Recife,Sem observações
4309,7722274-26.2024.9.14.7062,934,Civil,Execução,Ativo,Dra. Fontes,2021-11-06,2025-05-28,389917.0,7ª Vara Trabalhista de Recife,Sem observações
4310,3168718-77.2025.2.92.8027,211,Civil,Acordo Extrajudicial,Ativo,Dr. Melo,2024-02-03,2025-03-20,321968.0,11ª Vara Cível de Recife,Aguardando documentos
4311,4229107-99.2020.7.61.3978,1342,Civil,Execução,Ativo,Dra. Fontes,2022-11-13,2025-01-07,39986.0,16ª Vara Cível de Recife,Sem observações
4312,8588997-88.2020.6.29.5987,205,Civil,Recurso,Ativo,Dr. Barros,2021-12-19,2026-07-05,Sem valor,14ª Vara Cível de Recife,Sem observações
4313,8368372-34.2020.6.43.9691,1060,Civil,Acordo Extrajudicial,Encerrado,Dr. Melo,2021-06-23,2025-02-24,496620.0,2ª Vara Trabalhista de Recife,Sem observações
4314,4229107-99.2020.7.61.3978,883,Trabalhista,Recurso,Ativo,Dr. Melo,2022-11-21,2026-11-22,133027.0,15ª Vara Criminal de Recife,Sem observações
4315,1974389-81.2024.5.57.9354,168,Civil,Inicial,Ativo,Dra. Fontes,2022-03-29,2025-11-15,478892.0,10ª Vara Trabalhista de Recife,Sem observações
4316,9408522-77.2021.3.36.8376,665,Civil,Audiência,Ativo,Dr. Barros,2024-06-19,2026-11-26,306210.0,6ª Vara Trabalhista de Recife,Sem observações
4317,3724721-44.2021.9.75.5553,844,Trabalhista,Audiência,Ativo,Dr. Barros,2024-06-08,2026-02-13,Sem valor,2ª Vara Criminal de Recife,Sem observações
4318,7323234-16.2020.9.59.5035,1498,Trabalhista,Sentença,Ativo,Dra. Fontes,2023-03-01,2026-07-18,125280.0,16ª Vara Criminal de Recife,Sem observações
4319,8714773-70.2022.9.65.8541,557,Civil,Sentença,Suspenso,Dr. Melo,2025-12-03,2025-03-31,229659.0,11ª Vara Criminal de Recife,Sem observações
4320,2267110-24.2021.5.78.6025,518,Civil,Instrução,Ativo,Dra. Cavalcante,2024-09-05,2025-09-24,36641.0,9ª Vara Trabalhista de Recife,Sem observações
4321,7486029-45.2024.4.25.3159,1247,Civil,Inicial,Ativo,Dra. Fontes,2024-03-18,2026-08-14,346170.0,12ª Vara Trabalhista de Recife,Sem observações
4322,5159219-49.2023.5.25.3676,372,Trabalhista,Sentença,Encerrado,Dr. Melo,2024-09-10,2025-06-12,Sem valor,4ª Vara Criminal de Recife,Aguardando documentos
4323,7722274-26.2024.9.14.7062,806,Trabalhista,Inicial,Ativo,Dra. Cavalcante,2023-08-01,2026-05-05,Sem valor,14ª Vara Trabalhista de Recife,Aguardando documentos
4324,8630644-97.2025.3.28.1296,613,Civil,Recurso,Suspenso,Dra. Fontes,2021-07-26,2026-11-27,260248.0,4ª Vara Cível de Recife,Sem observações
4325,9686751-57.2022.7.62.3494,1042,Civil,Inicial,Suspenso,Dr. Barros,2023-04-30,2025-01-31,271717.0,3ª Vara Cível de Recife,Sem observações
4326,2575202-50.2023.1.54.9627,1114,Trabalhista,Audiência,Suspenso,Dra. Cavalcante,2020-11-12,2026-10-22,461350.0,19ª Vara Trabalhista de Recife,Sem observações
4327,9636371-69.2025.8.67.4068,639,Trabalhista,Inicial,Encerrado,Dra. Fontes,2020-02-23,2026-11-22,Sem valor,20ª Vara Trabalhista de Recife,Sem observações
4328,1869144-23.2023.5.84.3325,172,Trabalhista,Acordo Extrajudicial,Ativo,Dr. Barros,2022-06-09,2026-12-26,Sem valor,4ª Vara Cível de Recife,Sem observações
4329,2480014-80.2024.2.29.9847,1104,Trabalhista,Audiência,Ativo,Dr. Barros,2026-03-18,2025-11-10,271991.0,10ª Vara Trabalhista de Recife,Sem observações
4330,7082985-88.2022.2.94.6058,818,Civil,Instrução,Ativo,Dr. Melo,2026-04-04,2025-02-26,101852.0,3ª Vara Cível de Recife,Sem observações
4331,2997279-67.2024.9.84.1441,195,Trabalhista,Sentença,Acordo,Dr. Barros,2025-01-08,2025-09-04,241799.0,17ª Vara Trabalhista de Recife,Aguardando documentos
4332,6038940-61.2024.4.64.6408,300,Trabalhista,Acordo Extrajudicial,Ativo,Dr. Barros,2021-03-19,2026-09-22,421945.0,5ª Vara Cível de Recife,Aguardando documentos
4333,6779292-61.2021.4.86.2783,1158,Civil,Execução,Ativo,Dra. Fontes,2025-12-09,2026-01-08,366895.0,5ª Vara Criminal de Recife,Sem observações
4334,6101036-60.2022.7.49.3295,854,Civil,Sentença,Suspenso,Dra. Fontes,2025-04-09,2026-04-03,435025.0,8ª Vara Trabalhista de Recife,Sem observações
4335,6053412-12.2021.6.72.8346,713,Civil,Recurso,Encerrado,Dra. Fontes,2023-03-11,2025-01-28,Sem valor,1ª Vara Trabalhista de Recife,Sem observações
4336,6935346-77.2024.3.52.9529,595,Civil,Arquivado,Encerrado,Dr. Barros,2022-04-09,2026-06-25,220040.0,2ª Vara Cível de Recife,Sem observações
4337,8125196-18.2023.1.53.1215,555,Trabalhista,Sentença,Encerrado,Dr. Melo,2025-06-23,2025-01-10,298225.0,10ª Vara Criminal de Recife,Sem observações
4338,6779292-61.2021.4.86.2783,28,Civil,Recurso,Ativo,Dr. Melo,2023-07-21,2025-12-30,207416.0,20ª Vara Cível de Recife,Sem observações
4339,1896520-28.2021.5.90.5374,244,Trabalhista,Inicial,Suspenso,Dra. Cavalcante,2022-05-22,2026-03-23,450055.0,18ª Vara Criminal de Recife,Sem observações
4340,8892606-62.2022.2.87.2168,1234,Trabalhista,Sentença,Encerrado,Dr. Barros,2021-01-09,2026-08-08,Sem valor,12ª Vara Trabalhista de Recife,Sem observações
4341,6944389-98.2023.1.72.8245,400,Trabalhista,Audiência,Encerrado,Dra. Fontes,2025-06-05,2026-12-25,Sem valor,20ª Vara Cível de Recife,Sem observações
4342,7633905-83.2022.9.95.2309,700,Civil,Acordo Extrajudicial,Suspenso,Dr. Melo,2023-10-07,2025-07-22,295652.0,18ª Vara Trabalhista de Recife,Aguardando documentos
4343,5786762-52.2021.9.21.3037,932,Civil,Execução,Suspenso,Dra. Cavalcante,2021-07-20,2025-04-10,274511.0,17ª Vara Cível de Recife,Sem observações
4344,8843990-84.2020.6.68.3017,1145,Civil,Sentença,Encerrado,Dr. Melo,2020-09-06,2025-03-24,23735.0,18ª Vara Criminal de Recife,Sem observações
4345,1311508-84.2020.3.38.8512,1074,Civil,Acordo Extrajudicial,Encerrado,Dr. Melo,2020-04-13,2026-01-04,135798.0,4ª Vara Trabalhista de Recife,Sem observações
4346,3778380-86.2023.9.32.5849,1215,Civil,Recurso,Encerrado,Dr. Melo,2022-06-01,2025-01-30,160650.0,18ª Vara Cível de Recife,Sem observações
4347,7951127-89.2024.1.63.3502,340,Trabalhista,Arquivado,Encerrado,Dra. Fontes,2022-10-06,2025-09-04,Sem valor,12ª Vara Cível de Recife,Sem observações
4348,3376786-12.2020.7.64.5093,485,Trabalhista,Instrução,Ativo,Dra. Fontes,2022-04-05,2025-09-21,386082.0,15ª Vara Trabalhista de Recife,Sem observações
4349,9108785-98.2021.3.78.6687,635,Trabalhista,Recurso,Ativo,Dr. Barros,2025-01-02,2026-08-24,445351.0,16ª Vara Trabalhista de Recife,Sem observações
4350,3401866-56.2021.1.87.5297,349,Civil,Execução,Ativo,Dr. Barros,2021-03-03,2026-07-26,291953.0,4ª Vara Cível de Recife,Sem observações
4351,5518767-82.2023.4.96.9873,1340,Civil,Arquivado,Ativo,Dra. Fontes,2026-04-14,2026-06-13,258336.0,11ª Vara Cível de Recife,Aguardando documentos
4352,1438459-62.2020.7.78.3410,164,Trabalhista,Acordo Extrajudicial,Ativo,Dr. Barros,2026-04-03,2025-03-14,81798.0,9ª Vara Trabalhista de Recife,Sem observações
4353,7271178-97.2023.5.84.4243,1244,Civil,Recurso,Ativo,Dr. Melo,2020-02-21,Sem prazo delimitado,Sem valor,1ª Vara Criminal de Recife,Sem observações
4354,4092125-65.2025.3.26.9073,1368,Trabalhista,Execução,Encerrado,Dra. Cavalcante,2022-05-22,2026-10-23,55224.0,20ª Vara Criminal de Recife,Sem observações
4355,7722274-26.2024.9.14.7062,117,Trabalhista,Execução,Acordo,Dr. Melo,2023-04-20,2026-04-27,Sem valor,14ª Vara Trabalhista de Recife,Sem observações
4356,8936104-83.2022.1.39.7934,473,Trabalhista,Execução,Acordo,Dr. Barros,2020-08-28,2026-12-06,242858.0,18ª Vara Criminal de Recife,Sem observações
4357,1714231-74.2025.9.71.1697,219,Trabalhista,Recurso,Encerrado,Dr. Melo,2022-06-26,2026-07-29,Sem valor,16ª Vara Trabalhista de Recife,Sem observações
4358,2895065-46.2022.7.67.1438,696,Trabalhista,Inicial,Ativo,Dr. Melo,2022-05-28,2026-08-07,314243.0,12ª Vara Criminal de Recife,Sem observações
4359,7236875-79.2024.7.97.5566,503,Trabalhista,Inicial,Encerrado,Dra. Cavalcante,2025-01-19,2026-01-23,261785.0,2ª Vara Criminal de Recife,Sem observações
4360,6663627-76.2023.9.26.5770,536,Trabalhista,Arquivado,Ativo,Dra. Cavalcante,2023-03-09,2025-11-10,322338.0,11ª Vara Trabalhista de Recife,Sem observações
4361,7553290-31.2023.9.36.9282,178,Civil,Acordo Extrajudicial,Encerrado,Dra. Cavalcante,2025-02-21,2026-09-12,325852.0,15ª Vara Cível de Recife,Sem observações
4362,7539718-58.2020.2.52.9800,716,Civil,Recurso,Encerrado,Dr. Barros,2023-07-08,2025-03-11,Sem valor,5ª Vara Criminal de Recife,Sem observações
4363,5159882-37.2022.9.71.7550,890,Trabalhista,Sentença,Suspenso,Dr. Barros,2025-04-23,2026-06-10,433388.0,3ª Vara Criminal de Recife,Aguardando documentos
4364,9057219-99.2020.9.96.3254,865,Civil,Arquivado,Ativo,Dr. Melo,2020-07-04,2025-08-17,147107.0,9ª Vara Trabalhista de Recife,Sem observações
4365,8125196-18.2023.1.53.1215,1218,Trabalhista,Execução,Encerrado,Dra. Fontes,2025-08-13,2025-10-27,100380.0,3ª Vara Cível de Recife,Sem observações
4366,1784068-27.2021.3.12.2538,743,Civil,Arquivado,Encerrado,Dra. Fontes,2021-02-18,2026-07-21,Sem valor,20ª Vara Cível de Recife,Sem observações
4367,9992831-61.2022.4.35.1469,707,Civil,Arquivado,Ativo,Dra. Cavalcante,2022-03-29,2025-11-24,44495.0,13ª Vara Criminal de Recife,Sem observações
4368,3376786-12.2020.7.64.5093,108,Trabalhista,Sentença,Ativo,Dr. Barros,2023-10-27,Sem prazo delimitado,Sem valor,6ª Vara Trabalhista de Recife,Sem observações
4369,6528202-89.2025.3.17.9496,783,Civil,Acordo Extrajudicial,Ativo,Dra. Fontes,2022-02-26,2025-05-16,100319.0,1ª Vara Criminal de Recife,Sem observações
4370,7951127-89.2024.1.63.3502,860,Civil,Audiência,Encerrado,Dr. Melo,2021-03-10,2026-05-31,248524.0,19ª Vara Cível de Recife,Sem observações
4371,6101036-60.2022.7.49.3295,669,Trabalhista,Arquivado,Suspenso,Dra. Fontes,2022-02-14,2025-09-18,221398.0,6ª Vara Cível de Recife,Aguardando documentos
4372,6011987-71.2020.8.10.4396,766,Civil,Acordo Extrajudicial,Ativo,Dr. Barros,2023-12-07,2026-03-16,384455.0,6ª Vara Criminal de Recife,Sem observações
4373,2186433-37.2022.2.12.4344,22,Trabalhista,Arquivado,Ativo,Dr. Melo,2021-05-28,2026-07-16,281319.0,8ª Vara Criminal de Recife,Sem observações
4374,2110878-87.2023.8.83.8978,1132,Civil,Inicial,Em recurso,Dr. Melo,2023-05-22,2025-12-14,149964.0,2ª Vara Criminal de Recife,Sem observações
4375,4326518-76.2023.4.36.8530,1423,Trabalhista,Execução,Ativo,Dra. Cavalcante,2025-09-18,2025-09-21,84714.0,10ª Vara Trabalhista de Recife,Sem observações
4376,8215015-64.2021.5.32.1893,1419,Trabalhista,Audiência,Ativo,Dra. Fontes,2022-08-06,2026-10-25,432714.0,13ª Vara Cível de Recife,Sem observações
4377,7687292-20.2021.4.85.7539,1051,Trabalhista,Inicial,Suspenso,Dr. Barros,2025-03-16,2025-11-22,219353.0,11ª Vara Trabalhista de Recife,Sem observações
4378,8607512-63.2021.6.82.1039,1413,Trabalhista,Acordo Extrajudicial,Encerrado,Dr. Melo,2023-09-08,2025-08-24,Sem valor,15ª Vara Cível de Recife,Aguardando documentos
4379,5401874-62.2025.2.46.8337,376,Trabalhista,Inicial,Encerrado,Dra. Fontes,2020-07-29,2026-03-15,499281.0,3ª Vara Cível de Recife,Aguardando documentos
4380,3766710-17.2025.4.91.1472,667,Civil,Acordo Extrajudicial,Encerrado,Dr. Melo,2020-02-10,2026-12-05,251575.0,4ª Vara Criminal de Recife,Sem observações
4381,1869144-23.2023.5.84.3325,974,Civil,Inicial,Acordo,Dr. Melo,2024-11-10,2026-11-18,27871.0,8ª Vara Cível de Recife,Sem observações
4382,2895065-46.2022.7.67.1438,1084,Civil,Inicial,Ativo,Dr. Barros,2025-08-25,2026-07-29,Sem valor,8ª Vara Criminal de Recife,Sem observações
4383,5483975-50.2024.8.92.4422,412,Civil,Recurso,Encerrado,Dra. Cavalcante,2020-06-21,2025-05-20,231548.0,5ª Vara Cível de Recife,Sem observações
4384,8843990-84.2020.6.68.3017,7,Civil,Acordo Extrajudicial,Em recurso,Dr. Barros,2023-08-08,Sem prazo delimitado,Sem valor,11ª Vara Trabalhista de Recife,Aguardando documentos
4385,3750497-13.2024.6.65.9009,1420,Civil,Arquivado,Ativo,Dra. Fontes,2024-04-11,2025-02-14,309362.0,13ª Vara Cível de Recife,Sem observações
4386,3710559-31.2020.9.95.2540,106,Trabalhista,Sentença,Acordo,Dr. Melo,2020-04-28,2026-04-01,209115.0,1ª Vara Trabalhista de Recife,Aguardando documentos
4387,1101935-78.2023.5.88.5299,218,Trabalhista,Acordo Extrajudicial,Ativo,Dra. Fontes,2022-03-03,2026-06-30,144596.0,13ª Vara Criminal de Recife,Aguardando documentos
4388,9319285-35.2025.3.19.9131,1262,Trabalhista,Audiência,Ativo,Dra. Cavalcante,2023-04-18,2026-06-14,192344.0,7ª Vara Criminal de Recife,Sem observações
4389,7381740-86.2021.2.88.6570,377,Civil,Arquivado,Acordo,Dr. Barros,2020-05-15,2025-12-11,434835.0,17ª Vara Cível de Recife,Sem observações
4390,8530609-10.2021.5.41.7151,387,Trabalhista,Execução,Suspenso,Dr. Melo,2025-06-10,2026-08-23,251490.0,12ª Vara Cível de Recife,Sem observações
4391,7136189-41.2024.2.60.1768,1423,Civil,Acordo Extrajudicial,Ativo,Dr. Barros,2022-03-26,2025-05-07,344478.0,2ª Vara Cível de Recife,Aguardando documentos
4392,4314934-26.2021.7.14.7244,936,Trabalhista,Inicial,Acordo,Dra. Fontes,2023-10-03,2026-06-24,Sem valor,1ª Vara Trabalhista de Recife,Sem observações
4393,1311508-84.2020.3.38.8512,1073,Trabalhista,Acordo Extrajudicial,Ativo,Dra. Cavalcante,2022-07-31,2026-06-27,Sem valor,7ª Vara Trabalhista de Recife,Aguardando documentos
4394,3464073-25.2022.8.73.5075,165,Civil,Execução,Ativo,Dr. Barros,2020-12-27,2026-05-09,289228.0,1ª Vara Criminal de Recife,Sem observações
4395,6334947-38.2020.4.71.6173,334,Trabalhista,Sentença,Ativo,Dra. Cavalcante,2022-08-23,2026-05-31,154484.0,18ª Vara Criminal de Recife,Sem observações
4396,6011987-71.2020.8.10.4396,695,Civil,Inicial,Ativo,Dra. Cavalcante,2023-09-13,2025-07-29,403283.0,6ª Vara Cível de Recife,Sem observações
4397,5472823-70.2022.4.41.7624,1172,Trabalhista,Audiência,Ativo,Dra. Fontes,2024-10-31,2025-04-03,64409.0,2ª Vara Trabalhista de Recife,Sem observações
4398,2909764-51.2025.7.78.2223,1033,Civil,Audiência,Encerrado,Dr. Barros,2024-11-28,Sem prazo delimitado,Sem valor,17ª Vara Criminal de Recife,Sem observações
4399,2231929-89.2024.6.41.5461,3,Trabalhista,Arquivado,Encerrado,Dra. Cavalcante,2025-01-18,2025-09-06,Sem valor,16ª Vara Criminal de Recife,Sem observações
4400,7419280-60.2021.1.40.9417,984,Civil,Execução,Em recurso,Dra. Cavalcante,2020-05-07,2025-01-30,Sem valor,15ª Vara Trabalhista de Recife,Aguardando documentos
4401,1272937-41.2023.5.75.9958,1345,Civil,Sentença,Encerrado,Dr. Melo,2025-07-06,2026-03-28,332680.0,17ª Vara Cível de Recife,Sem observações
4402,8677980-28.2024.9.94.6552,985,Civil,Arquivado,Suspenso,Dra. Fontes,2025-03-02,2026-12-19,Sem valor,19ª Vara Trabalhista de Recife,Sem observações
4403,5631823-61.2020.5.47.1440,397,Civil,Instrução,Suspenso,Dr. Melo,2026-02-03,2026-11-23,402742.0,16ª Vara Criminal de Recife,Sem observações
4404,8816646-78.2020.7.70.9224,501,Trabalhista,Recurso,Ativo,Dr. Barros,2023-12-02,2026-02-11,172410.0,15ª Vara Cível de Recife,Sem observações
4405,1248003-72.2024.2.80.8472,1166,Trabalhista,Audiência,Suspenso,Dr. Barros,2024-12-25,2026-06-23,232046.0,5ª Vara Trabalhista de Recife,Sem observações
4406,1098476-20.2021.1.47.3336,516,Civil,Sentença,Suspenso,Dra. Fontes,2024-01-20,2025-07-02,Sem valor,5ª Vara Trabalhista de Recife,Sem observações
4407,6547287-16.2023.4.15.7491,1469,Civil,Arquivado,Ativo,Dra. Fontes,2021-06-13,2026-03-25,498213.0,17ª Vara Criminal de Recife,Sem observações
4408,3542799-64.2025.6.13.7299,116,Trabalhista,Execução,Encerrado,Dra. Cavalcante,2024-05-19,2025-04-06,9164.0,8ª Vara Trabalhista de Recife,Sem observações
4409,5991409-16.2021.8.44.1303,805,Civil,Execução,Encerrado,Dra. Fontes,2020-07-26,2026-10-12,362651.0,12ª Vara Cível de Recife,Sem observações
4410,1869144-23.2023.5.84.3325,255,Civil,Recurso,Ativo,Dra. Fontes,2024-06-26,2025-08-22,19626.0,20ª Vara Cível de Recife,Sem observações
4411,3724721-44.2021.9.75.5553,768,Trabalhista,Inicial,Ativo,Dra. Cavalcante,2025-10-26,2026-04-02,Sem valor,2ª Vara Trabalhista de Recife,Aguardando documentos
4412,2554938-48.2024.1.13.4544,1271,Civil,Audiência,Em recurso,Dr. Melo,2020-01-27,2025-11-11,172843.0,8ª Vara Criminal de Recife,Sem observações
4413,9319285-35.2025.3.19.9131,872,Trabalhista,Arquivado,Ativo,Dra. Fontes,2023-09-23,2025-09-06,Sem valor,10ª Vara Cível de Recife,Sem observações
4414,3675188-38.2025.9.53.3305,711,Trabalhista,Recurso,Suspenso,Dr. Melo,2021-06-27,2025-10-15,210219.0,5ª Vara Criminal de Recife,Sem observações
4415,6339808-70.2020.2.67.1325,16,Trabalhista,Audiência,Ativo,Dra. Fontes,2020-11-03,2025-02-05,423050.0,4ª Vara Criminal de Recife,Sem observações
4416,3975387-89.2023.4.55.7631,164,Civil,Audiência,Em recurso,Dr. Melo,2020-01-03,2025-05-04,77105.0,17ª Vara Trabalhista de Recife,Sem observações
4417,4601686-30.2021.5.52.7745,918,Trabalhista,Acordo Extrajudicial,Ativo,Dr. Melo,2021-04-23,2026-10-18,74316.0,5ª Vara Trabalhista de Recife,Sem observações
4418,4494463-44.2022.5.80.7542,1061,Trabalhista,Arquivado,Encerrado,Dra. Fontes,2024-03-04,2025-03-28,Sem valor,9ª Vara Trabalhista de Recife,Sem observações
4419,9992831-61.2022.4.35.1469,763,Trabalhista,Sentença,Ativo,Dra. Cavalcante,2021-08-07,2025-03-12,357056.0,1ª Vara Trabalhista de Recife,Sem observações
4420,9425559-65.2022.6.99.1309,894,Trabalhista,Audiência,Acordo,Dra. Fontes,2024-11-25,2026-09-29,89913.0,4ª Vara Cível de Recife,Sem observações
4421,8125196-18.2023.1.53.1215,988,Trabalhista,Audiência,Encerrado,Dra. Cavalcante,2025-10-23,2025-09-04,60006.0,18ª Vara Criminal de Recife,Sem observações
4422,7236875-79.2024.7.97.5566,440,Civil,Instrução,Encerrado,Dra. Cavalcante,2021-04-23,2026-03-19,Sem valor,18ª Vara Criminal de Recife,Aguardando documentos
4423,3879233-61.2024.5.30.1494,971,Trabalhista,Instrução,Acordo,Dr. Barros,2022-07-13,Sem prazo delimitado,186967.0,3ª Vara Cível de Recife,Sem observações
4424,2895065-46.2022.7.67.1438,819,Trabalhista,Inicial,Acordo,Dr. Barros,2024-12-03,2026-02-18,338242.0,8ª Vara Criminal de Recife,Sem observações
4425,2884639-86.2023.2.31.8737,695,Trabalhista,Audiência,Ativo,Dra. Cavalcante,2021-12-03,2026-06-01,475088.0,8ª Vara Criminal de Recife,Sem observações
4426,4493339-70.2021.7.17.8725,439,Civil,Arquivado,Ativo,Dr. Melo,2026-02-16,2025-07-16,Sem valor,8ª Vara Trabalhista de Recife,Sem observações
4427,4568537-97.2021.4.82.7633,394,Civil,Sentença,Ativo,Dr. Melo,2024-09-20,2025-06-04,16245.0,7ª Vara Cível de Recife,Sem observações
4428,5159882-37.2022.9.71.7550,846,Civil,Acordo Extrajudicial,Em recurso,Dra. Cavalcante,2025-06-25,2025-05-06,10538.0,17ª Vara Cível de Recife,Sem observações
4429,9686751-57.2022.7.62.3494,136,Trabalhista,Execução,Ativo,Dra. Fontes,2025-04-27,2026-12-30,Sem valor,16ª Vara Criminal de Recife,Sem observações
4430,3401866-56.2021.1.87.5297,1430,Trabalhista,Inicial,Ativo,Dr. Barros,2024-09-20,2025-05-07,Sem valor,13ª Vara Criminal de Recife,Sem observações
4431,2267110-24.2021.5.78.6025,1134,Civil,Recurso,Em recurso,Dr. Barros,2020-08-05,2025-03-18,Sem valor,3ª Vara Criminal de Recife,Sem observações
4432,7722274-26.2024.9.14.7062,704,Trabalhista,Arquivado,Suspenso,Dr. Melo,2021-07-02,2026-04-02,54813.0,11ª Vara Criminal de Recife,Sem observações
4433,4938178-62.2020.7.27.6072,168,Civil,Recurso,Acordo,Dr. Barros,2020-09-13,2026-12-15,249409.0,7ª Vara Cível de Recife,Sem observações
4434,3263740-44.2022.3.81.5402,417,Civil,Execução,Ativo,Dra. Fontes,2025-07-08,2025-10-12,12834.0,10ª Vara Criminal de Recife,Sem observações
4435,8157599-64.2024.2.89.5276,235,Civil,Recurso,Suspenso,Dr. Barros,2023-09-26,2026-04-09,Sem valor,4ª Vara Trabalhista de Recife,Sem observações
4436,5462435-11.2024.9.85.2977,474,Trabalhista,Instrução,Encerrado,Dr. Barros,2021-12-07,2026-11-23,20012.0,4ª Vara Trabalhista de Recife,Sem observações
4437,8183950-10.2021.5.84.9388,761,Trabalhista,Inicial,Ativo,Dr. Barros,2025-04-07,2025-01-09,362299.0,7ª Vara Criminal de Recife,Sem observações
4438,1411065-96.2022.9.64.8271,765,Civil,Acordo Extrajudicial,Ativo,Dra. Fontes,2023-07-12,2025-09-10,Sem valor,16ª Vara Cível de Recife,Aguardando documentos
4439,1272937-41.2023.5.75.9958,727,Trabalhista,Arquivado,Ativo,Dra. Fontes,2022-01-03,2026-05-01,109467.0,10ª Vara Criminal de Recife,Sem observações
4440,2837371-36.2022.7.88.5428,157,Trabalhista,Inicial,Ativo,Dra. Fontes,2023-07-01,2026-11-13,358033.0,16ª Vara Trabalhista de Recife,Aguardando documentos
4441,1735592-50.2022.9.87.5612,595,Civil,Recurso,Acordo,Dra. Cavalcante,2024-07-04,2025-02-11,329391.0,1ª Vara Cível de Recife,Sem observações
4442,7789809-22.2020.1.73.9031,1104,Trabalhista,Inicial,Em recurso,Dra. Fontes,2021-06-09,2026-02-22,371431.0,13ª Vara Cível de Recife,Aguardando documentos
4443,9898363-27.2020.4.89.2966,611,Trabalhista,Inicial,Ativo,Dra. Cavalcante,2020-08-21,2025-12-03,Sem valor,5ª Vara Cível de Recife,Sem observações
4444,3679963-72.2020.9.29.7859,225,Trabalhista,Sentença,Suspenso,Dra. Fontes,2025-06-01,2025-08-21,Sem valor,4ª Vara Cível de Recife,Sem observações
4445,1411065-96.2022.9.64.8271,498,Civil,Arquivado,Encerrado,Dra. Cavalcante,2025-04-28,2026-04-28,223997.0,9ª Vara Trabalhista de Recife,Aguardando documentos
4446,3306375-34.2024.9.48.9154,956,Trabalhista,Audiência,Acordo,Dra. Fontes,2020-05-25,2026-02-20,192835.0,3ª Vara Criminal de Recife,Sem observações
4447,3168718-77.2025.2.92.8027,626,Civil,Arquivado,Ativo,Dra. Fontes,2021-01-17,2026-04-09,159574.0,20ª Vara Trabalhista de Recife,Sem observações
4448,5514997-95.2024.1.84.8098,1139,Trabalhista,Arquivado,Ativo,Dr. Barros,2023-12-12,2025-04-05,330598.0,16ª Vara Criminal de Recife,Sem observações
4449,4494463-44.2022.5.80.7542,447,Civil,Sentença,Ativo,Dr. Melo,2024-04-03,2025-06-17,Sem valor,15ª Vara Cível de Recife,Sem observações
4450,2129757-49.2025.4.14.5657,30,Trabalhista,Acordo Extrajudicial,Ativo,Dra. Fontes,2023-05-05,2026-10-20,Sem valor,17ª Vara Cível de Recife,Sem observações
4451,1933296-95.2024.5.69.8317,1171,Civil,Sentença,Acordo,Dr. Barros,2024-11-28,2025-02-15,Sem valor,8ª Vara Criminal de Recife,Sem observações
4452,2837371-36.2022.7.88.5428,393,Civil,Sentença,Em recurso,Dr. Barros,2021-01-11,2026-02-16,243509.0,8ª Vara Cível de Recife,Aguardando documentos
4453,6101036-60.2022.7.49.3295,386,Civil,Inicial,Ativo,Dr. Melo,2023-02-10,2025-06-16,104287.0,10ª Vara Criminal de Recife,Sem observações
4454,2895065-46.2022.7.67.1438,892,Civil,Audiência,Acordo,Dra. Fontes,2021-10-14,2025-07-08,393279.0,5ª Vara Trabalhista de Recife,Sem observações
4455,3724721-44.2021.9.75.5553,1109,Civil,Sentença,Ativo,Dr. Melo,2023-04-21,2025-03-06,188693.0,12ª Vara Cível de Recife,Sem observações
4456,4064382-39.2022.4.13.8937,332,Civil,Inicial,Encerrado,Dra. Cavalcante,2020-05-22,Sem prazo delimitado,Sem valor,11ª Vara Trabalhista de Recife,Sem observações
4457,2341370-92.2024.9.60.8122,241,Civil,Recurso,Ativo,Dr. Melo,2021-02-18,2025-03-26,Sem valor,5ª Vara Cível de Recife,Sem observações
4458,2411026-52.2022.6.26.7373,684,Trabalhista,Execução,Acordo,Dr. Barros,2025-03-15,2026-08-05,Sem valor,9ª Vara Trabalhista de Recife,Sem observações
4459,4460247-99.2024.9.97.4840,1197,Civil,Sentença,Acordo,Dr. Melo,2025-07-18,2026-05-06,161066.0,4ª Vara Criminal de Recife,Sem observações
4460,4084503-92.2025.8.90.5515,1051,Civil,Sentença,Acordo,Dr. Barros,2021-08-28,Sem prazo delimitado,Sem valor,7ª Vara Criminal de Recife,Sem observações
4461,5472823-70.2022.4.41.7624,620,Civil,Execução,Suspenso,Dra. Cavalcante,2024-07-04,2025-05-26,497574.0,12ª Vara Criminal de Recife,Aguardando documentos
4462,7848147-32.2021.6.58.3528,585,Trabalhista,Audiência,Ativo,Dr. Barros,2022-08-18,2025-06-19,265136.0,14ª Vara Trabalhista de Recife,Sem observações
4463,2554938-48.2024.1.13.4544,710,Civil,Acordo Extrajudicial,Ativo,Dra. Fontes,2022-12-18,2025-03-12,Sem valor,17ª Vara Cível de Recife,Sem observações
4464,6982910-41.2023.8.91.8758,1146,Civil,Sentença,Encerrado,Dra. Cavalcante,2025-09-26,2025-08-28,407125.0,20ª Vara Cível de Recife,Aguardando documentos
4465,6370110-64.2022.3.52.8440,538,Trabalhista,Sentença,Encerrado,Dra. Fontes,2025-05-10,2025-03-18,26490.0,4ª Vara Trabalhista de Recife,Sem observações
4466,2231929-89.2024.6.41.5461,1081,Civil,Instrução,Ativo,Dra. Cavalcante,2023-02-22,2026-12-14,195493.0,4ª Vara Criminal de Recife,Sem observações
4467,5271615-59.2021.2.54.6844,963,Trabalhista,Recurso,Acordo,Dra. Fontes,2023-06-05,2025-07-10,98273.0,9ª Vara Criminal de Recife,Sem observações
4468,5996426-23.2022.8.20.3566,1412,Civil,Sentença,Acordo,Dr. Barros,2022-09-12,2025-03-09,498064.0,10ª Vara Criminal de Recife,Sem observações
4469,1621418-87.2020.9.55.9337,1078,Civil,Execução,Ativo,Dra. Fontes,2022-02-16,2026-07-26,75729.0,3ª Vara Criminal de Recife,Sem observações
4470,3778380-86.2023.9.32.5849,1485,Civil,Inicial,Encerrado,Dra. Fontes,2026-04-29,2026-07-02,Sem valor,6ª Vara Cível de Recife,Sem observações
4471,5239450-56.2022.7.99.2371,324,Civil,Arquivado,Ativo,Dra. Fontes,2021-04-25,2026-10-21,112043.0,13ª Vara Cível de Recife,Aguardando documentos
4472,2461262-96.2021.6.48.1315,1321,Civil,Recurso,Ativo,Dr. Melo,2022-12-14,2026-01-19,Sem valor,18ª Vara Trabalhista de Recife,Sem observações
4473,7892487-80.2022.9.64.5036,150,Civil,Acordo Extrajudicial,Suspenso,Dr. Melo,2025-08-11,2025-10-23,399346.0,15ª Vara Criminal de Recife,Sem observações
4474,2519059-58.2022.7.86.4385,668,Civil,Sentença,Em recurso,Dra. Fontes,2022-11-13,2025-09-15,Sem valor,18ª Vara Trabalhista de Recife,Aguardando documentos
4475,2129757-49.2025.4.14.5657,274,Civil,Recurso,Encerrado,Dr. Melo,2022-11-09,2025-06-21,Sem valor,16ª Vara Trabalhista de Recife,Sem observações
4476,5867457-18.2023.9.16.7298,805,Trabalhista,Recurso,Ativo,Dr. Melo,2020-08-11,2025-03-06,365504.0,6ª Vara Cível de Recife,Sem observações
4477,7840442-26.2025.9.53.5093,1381,Civil,Arquivado,Encerrado,Dra. Fontes,2020-06-13,Sem prazo delimitado,161788.0,14ª Vara Criminal de Recife,Sem observações
4478,7245951-43.2021.4.11.7623,834,Trabalhista,Arquivado,Encerrado,Dr. Barros,2020-05-08,2026-09-21,270179.0,4ª Vara Cível de Recife,Sem observações
4479,3505690-87.2020.8.52.6260,1289,Civil,Audiência,Ativo,Dr. Melo,2022-03-05,2026-05-24,249183.0,9ª Vara Trabalhista de Recife,Sem observações
4480,6254488-31.2024.9.48.3216,1219,Civil,Sentença,Suspenso,Dra. Cavalcante,2021-07-05,2026-12-21,268955.0,7ª Vara Cível de Recife,Sem observações
4481,4415624-13.2024.9.14.9480,1110,Trabalhista,Arquivado,Ativo,Dr. Melo,2025-10-20,2026-06-08,Sem valor,14ª Vara Trabalhista de Recife,Sem observações
4482,1931030-34.2024.8.48.5319,402,Trabalhista,Execução,Acordo,Dra. Cavalcante,2020-06-23,2026-10-05,176902.0,15ª Vara Criminal de Recife,Sem observações
4483,6075721-43.2020.9.85.8738,1224,Civil,Inicial,Ativo,Dra. Cavalcante,2021-09-10,Sem prazo delimitado,314671.0,9ª Vara Cível de Recife,Sem observações
4484,3496733-55.2020.2.43.8503,329,Trabalhista,Arquivado,Acordo,Dra. Cavalcante,2021-04-24,2026-04-15,169751.0,6ª Vara Criminal de Recife,Sem observações
4485,1974389-81.2024.5.57.9354,6,Civil,Execução,Encerrado,Dra. Fontes,2021-05-13,2025-06-27,455801.0,15ª Vara Trabalhista de Recife,Sem observações
4486,1676369-34.2022.3.47.6087,324,Trabalhista,Inicial,Acordo,Dra. Fontes,2024-09-06,2025-09-11,54323.0,11ª Vara Cível de Recife,Sem observações
4487,9804642-71.2024.4.76.5486,450,Trabalhista,Acordo Extrajudicial,Ativo,Dr. Melo,2020-08-30,Sem prazo delimitado,150777.0,19ª Vara Criminal de Recife,Sem observações
4488,7848147-32.2021.6.58.3528,809,Trabalhista,Execução,Encerrado,Dr. Barros,2020-12-14,2025-01-20,Sem valor,3ª Vara Trabalhista de Recife,Sem observações
4489,6547287-16.2023.4.15.7491,734,Trabalhista,Recurso,Suspenso,Dr. Melo,2020-10-27,2025-09-21,Sem valor,20ª Vara Cível de Recife,Sem observações
4490,8382607-83.2020.6.26.3936,64,Trabalhista,Instrução,Suspenso,Dr. Melo,2021-08-23,2025-08-07,239082.0,20ª Vara Cível de Recife,Sem observações
4491,6011987-71.2020.8.10.4396,34,Trabalhista,Sentença,Ativo,Dr. Melo,2020-05-25,2026-05-18,9178.0,1ª Vara Trabalhista de Recife,Sem observações
4492,1101935-78.2023.5.88.5299,543,Trabalhista,Acordo Extrajudicial,Acordo,Dra. Fontes,2026-03-02,2026-03-31,Sem valor,9ª Vara Trabalhista de Recife,Sem observações
4493,8886588-26.2020.9.65.6361,820,Civil,Inicial,Encerrado,Dra. Cavalcante,2024-02-22,2025-04-29,326593.0,8ª Vara Criminal de Recife,Sem observações
4494,8168054-14.2024.6.50.1232,60,Trabalhista,Acordo Extrajudicial,Ativo,Dr. Barros,2021-11-28,2026-01-05,408627.0,6ª Vara Cível de Recife,Sem observações
4495,2966787-79.2022.1.41.9944,471,Trabalhista,Inicial,Suspenso,Dra. Fontes,2025-01-03,2025-02-27,292877.0,8ª Vara Cível de Recife,Sem observações
4496,8157599-64.2024.2.89.5276,396,Civil,Arquivado,Ativo,Dra. Fontes,2021-08-30,2025-05-20,Sem valor,1ª Vara Trabalhista de Recife,Sem observações
4497,7789809-22.2020.1.73.9031,1260,Trabalhista,Sentença,Acordo,Dra. Fontes,2022-12-23,2026-03-26,387036.0,11ª Vara Cível de Recife,Sem observações
4498,9970343-38.2020.5.18.4483,983,Civil,Instrução,Ativo,Dra. Fontes,2023-03-04,2026-12-02,Sem valor,2ª Vara Cível de Recife,Sem observações
4499,2824928-33.2020.1.90.6467,1105,Trabalhista,Execução,Acordo,Dr. Melo,2023-03-31,2026-01-04,168643.0,16ª Vara Criminal de Recife,Sem observações
4500,1098476-20.2021.1.47.3336,1116,Civil,Instrução,Acordo,Dr. Barros,2021-09-14,2025-01-23,256245.0,14ª Vara Trabalhista de Recife,Aguardando documentos
4501,4460247-99.2024.9.97.4840,973,Civil,Arquivado,Ativo,Dra. Fontes,2022-08-19,2025-08-18,231470.0,6ª Vara Criminal de Recife,Sem observações
4502,5422047-80.2024.8.62.4364,353,Trabalhista,Recurso,Ativo,Dra. Cavalcante,2023-12-24,2026-11-17,Sem valor,3ª Vara Cível de Recife,Sem observações
4503,8381610-96.2020.6.26.2533,727,Trabalhista,Recurso,Encerrado,Dr. Barros,2021-03-30,2026-08-15,Sem valor,18ª Vara Cível de Recife,Sem observações
4504,4952151-27.2023.3.38.8762,970,Trabalhista,Execução,Ativo,Dra. Fontes,2022-06-05,2025-10-18,348920.0,12ª Vara Cível de Recife,Sem observações
4505,6034606-21.2023.6.18.6684,758,Trabalhista,Arquivado,Suspenso,Dra. Fontes,2021-02-22,2026-07-19,200759.0,15ª Vara Trabalhista de Recife,Aguardando documentos
4506,4090182-95.2021.1.57.7189,487,Civil,Audiência,Suspenso,Dr. Barros,2025-04-18,2025-08-11,496275.0,11ª Vara Criminal de Recife,Sem observações
4507,4229107-99.2020.7.61.3978,1323,Civil,Arquivado,Ativo,Dr. Melo,2020-11-06,2026-04-25,141858.0,7ª Vara Cível de Recife,Sem observações
4508,7115217-41.2025.1.67.7692,15,Civil,Execução,Ativo,Dr. Melo,2024-06-19,2025-10-31,487052.0,20ª Vara Trabalhista de Recife,Sem observações
4509,6836135-90.2022.9.37.5643,1012,Trabalhista,Acordo Extrajudicial,Acordo,Dra. Fontes,2025-10-13,2026-06-07,487475.0,10ª Vara Cível de Recife,Sem observações
4510,2186433-37.2022.2.12.4344,1405,Civil,Acordo Extrajudicial,Ativo,Dr. Melo,2021-12-17,2025-08-30,333977.0,7ª Vara Cível de Recife,Sem observações
4511,5159219-49.2023.5.25.3676,306,Trabalhista,Audiência,Ativo,Dra. Fontes,2020-09-08,2026-06-05,487992.0,9ª Vara Criminal de Recife,Sem observações
4512,5953905-94.2022.5.44.3245,225,Civil,Sentença,Acordo,Dr. Barros,2022-03-29,2025-07-21,166079.0,13ª Vara Trabalhista de Recife,Sem observações
4513,2997279-67.2024.9.84.1441,1342,Civil,Execução,Ativo,Dr. Barros,2023-08-16,2026-10-05,336485.0,8ª Vara Cível de Recife,Sem observações
4514,9398629-61.2022.5.88.8253,465,Civil,Arquivado,Encerrado,Dr. Melo,2023-03-28,2025-10-20,7500.0,15ª Vara Criminal de Recife,Sem observações
4515,1757615-27.2025.7.10.3762,766,Civil,Recurso,Suspenso,Dr. Melo,2023-06-13,2025-09-29,71990.0,10ª Vara Trabalhista de Recife,Sem observações
4516,4460247-99.2024.9.97.4840,1296,Civil,Arquivado,Acordo,Dr. Melo,2025-04-19,2025-01-30,Sem valor,10ª Vara Criminal de Recife,Sem observações
4517,7222167-30.2022.8.44.7452,905,Civil,Instrução,Ativo,Dra. Cavalcante,2022-09-14,2025-05-31,245342.0,20ª Vara Criminal de Recife,Sem observações
4518,9071705-28.2021.9.78.4746,1175,Civil,Execução,Ativo,Dr. Melo,2021-03-26,2026-02-10,Sem valor,17ª Vara Trabalhista de Recife,Sem observações
4519,9108785-98.2021.3.78.6687,1182,Trabalhista,Audiência,Ativo,Dra. Fontes,2026-03-25,2025-08-13,374623.0,5ª Vara Trabalhista de Recife,Sem observações
4520,8368372-34.2020.6.43.9691,527,Trabalhista,Sentença,Encerrado,Dra. Fontes,2021-08-22,2026-07-16,456434.0,7ª Vara Trabalhista de Recife,Aguardando documentos
4521,4510407-23.2020.5.18.6055,508,Civil,Sentença,Encerrado,Dr. Barros,2022-05-09,2026-10-15,Sem valor,14ª Vara Trabalhista de Recife,Aguardando documentos
4522,9835331-11.2022.6.15.8602,208,Civil,Arquivado,Ativo,Dr. Barros,2021-05-31,2025-05-16,439881.0,6ª Vara Criminal de Recife,Sem observações
4523,6935346-77.2024.3.52.9529,223,Civil,Recurso,Encerrado,Dr. Barros,2023-11-22,2026-06-16,468748.0,2ª Vara Trabalhista de Recife,Aguardando documentos
4524,4865461-96.2025.2.64.9143,26,Civil,Acordo Extrajudicial,Ativo,Dr. Barros,2020-09-29,2025-09-25,365344.0,13ª Vara Cível de Recife,Sem observações
4525,8368372-34.2020.6.43.9691,608,Civil,Audiência,Ativo,Dr. Melo,2024-02-04,2026-01-19,150862.0,16ª Vara Criminal de Recife,Sem observações
4526,7999133-20.2023.7.26.1121,1031,Trabalhista,Audiência,Ativo,Dr. Melo,2025-11-26,2026-08-10,5051.0,16ª Vara Trabalhista de Recife,Sem observações
4527,7813974-60.2021.1.81.1542,1344,Trabalhista,Execução,Em recurso,Dr. Barros,2025-08-06,2025-04-27,Sem valor,14ª Vara Cível de Recife,Sem observações
4528,5518767-82.2023.4.96.9873,1170,Civil,Audiência,Encerrado,Dr. Melo,2020-01-18,2026-10-22,Sem valor,13ª Vara Cível de Recife,Sem observações
4529,5492622-29.2021.9.92.7737,152,Civil,Audiência,Ativo,Dr. Melo,2022-10-15,2026-03-29,48374.0,3ª Vara Cível de Recife,Sem observações
4530,8717678-27.2025.5.11.4526,1338,Trabalhista,Arquivado,Ativo,Dr. Melo,2020-09-09,2026-03-09,70320.0,10ª Vara Criminal de Recife,Aguardando documentos
4531,7941836-76.2025.4.34.6543,653,Civil,Acordo Extrajudicial,Encerrado,Dra. Cavalcante,2023-08-24,2025-12-20,Sem valor,4ª Vara Criminal de Recife,Sem observações
4532,2966787-79.2022.1.41.9944,1324,Trabalhista,Audiência,Acordo,Dr. Melo,2021-05-16,2026-12-26,9578.0,4ª Vara Trabalhista de Recife,Sem observações
4533,6053412-12.2021.6.72.8346,976,Civil,Sentença,Encerrado,Dr. Melo,2021-10-04,2025-01-24,93983.0,17ª Vara Cível de Recife,Aguardando documentos
4534,5786762-52.2021.9.21.3037,1051,Trabalhista,Audiência,Ativo,Dra. Cavalcante,2024-12-13,2026-10-26,Sem valor,20ª Vara Criminal de Recife,Sem observações
4535,6160516-66.2024.5.17.7150,132,Civil,Instrução,Suspenso,Dr. Barros,2020-11-25,2025-05-02,Sem valor,12ª Vara Trabalhista de Recife,Sem observações
4536,4768255-51.2022.4.94.5695,1315,Civil,Recurso,Ativo,Dr. Melo,2025-09-27,2025-05-12,Sem valor,11ª Vara Cível de Recife,Sem observações
4537,3778380-86.2023.9.32.5849,93,Civil,Instrução,Ativo,Dr. Melo,2022-09-27,2026-10-22,222084.0,13ª Vara Trabalhista de Recife,Sem observações
4538,1346701-74.2024.1.65.8985,93,Trabalhista,Execução,Ativo,Dra. Cavalcante,2022-05-29,2025-04-15,247141.0,10ª Vara Criminal de Recife,Sem observações
4539,1273300-90.2024.2.80.7378,811,Trabalhista,Sentença,Ativo,Dr. Barros,2023-07-15,2025-03-14,495860.0,15ª Vara Criminal de Recife,Sem observações
4540,7065068-16.2021.7.14.6489,624,Civil,Arquivado,Ativo,Dr. Barros,2021-12-31,2026-07-04,7852.0,3ª Vara Criminal de Recife,Sem observações
4541,3395583-64.2024.4.41.2181,1162,Trabalhista,Arquivado,Ativo,Dr. Barros,2021-10-23,2026-02-05,113046.0,9ª Vara Criminal de Recife,Sem observações
4542,5239450-56.2022.7.99.2371,284,Civil,Arquivado,Encerrado,Dra. Fontes,2023-11-25,2026-06-01,292271.0,4ª Vara Criminal de Recife,Aguardando documentos
4543,9686751-57.2022.7.62.3494,448,Civil,Acordo Extrajudicial,Ativo,Dra. Fontes,2021-09-12,2025-02-21,Sem valor,12ª Vara Trabalhista de Recife,Aguardando documentos
4544,3542616-60.2022.3.87.6536,869,Civil,Instrução,Ativo,Dr. Barros,2020-06-18,2026-10-19,211609.0,4ª Vara Trabalhista de Recife,Sem observações
4545,8717678-27.2025.5.11.4526,23,Civil,Instrução,Ativo,Dr. Melo,2022-08-24,2026-04-23,312418.0,14ª Vara Trabalhista de Recife,Sem observações
4546,6836135-90.2022.9.37.5643,85,Civil,Inicial,Ativo,Dr. Barros,2024-04-10,2025-10-09,Sem valor,14ª Vara Trabalhista de Recife,Sem observações
4547,2461262-96.2021.6.48.1315,1395,Civil,Instrução,Ativo,Dr. Barros,2021-08-02,2026-10-04,Sem valor,17ª Vara Cível de Recife,Sem observações
4548,1757615-27.2025.7.10.3762,1475,Trabalhista,Recurso,Encerrado,Dra. Cavalcante,2023-05-17,2026-08-04,166556.0,19ª Vara Trabalhista de Recife,Sem observações
4549,3248366-98.2020.5.11.6279,936,Trabalhista,Audiência,Encerrado,Dr. Melo,2023-11-20,2026-01-16,387347.0,2ª Vara Criminal de Recife,Sem observações
4550,6927716-18.2022.9.56.1445,570,Civil,Sentença,Encerrado,Dr. Barros,2022-07-19,2026-04-18,310391.0,15ª Vara Trabalhista de Recife,Sem observações
4551,7633905-83.2022.9.95.2309,914,Trabalhista,Instrução,Em recurso,Dr. Barros,2023-11-18,2025-05-11,255739.0,14ª Vara Cível de Recife,Sem observações
4552,4140100-24.2024.4.63.7178,1043,Civil,Arquivado,Ativo,Dr. Barros,2026-04-20,2025-10-21,313205.0,6ª Vara Trabalhista de Recife,Sem observações
4553,7633905-83.2022.9.95.2309,158,Trabalhista,Sentença,Acordo,Dra. Cavalcante,2024-05-30,2026-09-28,234623.0,8ª Vara Cível de Recife,Aguardando documentos
4554,8323566-47.2021.3.26.4644,253,Civil,Arquivado,Suspenso,Dr. Barros,2025-09-02,2025-09-16,Sem valor,2ª Vara Cível de Recife,Sem observações
4555,1101935-78.2023.5.88.5299,1044,Trabalhista,Execução,Encerrado,Dr. Melo,2023-12-29,2025-11-04,477582.0,13ª Vara Trabalhista de Recife,Sem observações
4556,3588109-63.2023.1.26.4223,13,Civil,Recurso,Encerrado,Dra. Cavalcante,2025-09-21,2026-03-28,Sem valor,18ª Vara Cível de Recife,Sem observações
4557,5274951-77.2021.1.76.5120,443,Trabalhista,Sentença,Suspenso,Dra. Cavalcante,2020-11-01,Sem prazo delimitado,47844.0,5ª Vara Trabalhista de Recife,Sem observações
4558,1602496-64.2022.5.79.8340,1375,Trabalhista,Inicial,Suspenso,Dr. Barros,2021-08-30,2026-11-22,Sem valor,10ª Vara Criminal de Recife,Sem observações
4559,1933296-95.2024.5.69.8317,114,Civil,Recurso,Ativo,Dra. Cavalcante,2020-02-15,2026-10-18,359666.0,19ª Vara Cível de Recife,Sem observações
4560,5991409-16.2021.8.44.1303,64,Trabalhista,Inicial,Em recurso,Dra. Fontes,2022-02-19,2026-08-22,265246.0,9ª Vara Criminal de Recife,Sem observações
4561,4938178-62.2020.7.27.6072,521,Civil,Acordo Extrajudicial,Acordo,Dra. Fontes,2024-06-05,Sem prazo delimitado,Sem valor,8ª Vara Cível de Recife,Sem observações
4562,6036037-32.2025.3.53.7515,825,Civil,Sentença,Ativo,Dr. Barros,2021-01-14,2025-09-04,163574.0,9ª Vara Criminal de Recife,Sem observações
4563,3754895-37.2021.6.18.8502,1415,Civil,Inicial,Em recurso,Dra. Fontes,2020-06-17,2025-02-07,464494.0,9ª Vara Cível de Recife,Sem observações
4564,2019436-32.2020.6.16.9856,1044,Civil,Acordo Extrajudicial,Ativo,Dr. Melo,2022-12-04,2026-11-06,Sem valor,16ª Vara Trabalhista de Recife,Sem observações
4565,6953559-38.2025.7.42.9212,640,Civil,Acordo Extrajudicial,Ativo,Dra. Cavalcante,2020-09-18,2026-06-02,188906.0,15ª Vara Criminal de Recife,Sem observações
4566,6524227-53.2025.1.97.6214,377,Civil,Audiência,Encerrado,Dra. Cavalcante,2021-01-25,2025-06-17,Sem valor,19ª Vara Cível de Recife,Sem observações
4567,5518767-82.2023.4.96.9873,927,Trabalhista,Execução,Acordo,Dr. Melo,2024-11-20,2026-02-09,Sem valor,6ª Vara Cível de Recife,Sem observações
4568,9835331-11.2022.6.15.8602,1417,Civil,Acordo Extrajudicial,Ativo,Dr. Barros,2026-02-14,2026-03-31,103062.0,4ª Vara Cível de Recife,Sem observações
4569,3306375-34.2024.9.48.9154,1029,Trabalhista,Instrução,Encerrado,Dr. Melo,2024-12-20,2025-11-29,243852.0,3ª Vara Criminal de Recife,Sem observações
4570,7979033-26.2021.6.18.1084,95,Trabalhista,Sentença,Encerrado,Dra. Fontes,2023-06-03,2025-04-06,7429.0,10ª Vara Criminal de Recife,Sem observações
4571,5483975-50.2024.8.92.4422,1384,Trabalhista,Inicial,Em recurso,Dra. Cavalcante,2026-06-01,2026-04-14,302504.0,16ª Vara Cível de Recife,Sem observações
4572,5483975-50.2024.8.92.4422,86,Trabalhista,Inicial,Ativo,Dr. Melo,2021-11-03,2026-02-22,255700.0,14ª Vara Cível de Recife,Sem observações
4573,9302979-43.2025.9.68.7487,81,Civil,Recurso,Encerrado,Dr. Barros,2022-01-23,2026-05-31,238223.0,6ª Vara Criminal de Recife,Sem observações
4574,8607512-63.2021.6.82.1039,521,Trabalhista,Execução,Ativo,Dra. Cavalcante,2020-11-21,2026-11-25,195863.0,17ª Vara Criminal de Recife,Sem observações
4575,8066975-72.2023.7.26.7675,1370,Civil,Inicial,Encerrado,Dra. Cavalcante,2023-03-26,2026-07-09,Sem valor,5ª Vara Cível de Recife,Sem observações
4576,5284129-51.2020.3.32.5205,880,Civil,Audiência,Ativo,Dra. Cavalcante,2024-02-03,2025-01-15,206215.0,2ª Vara Trabalhista de Recife,Sem observações
4577,5492622-29.2021.9.92.7737,108,Trabalhista,Sentença,Ativo,Dra. Fontes,2022-09-06,2025-10-18,5766.0,16ª Vara Trabalhista de Recife,Sem observações
4578,3464073-25.2022.8.73.5075,1434,Trabalhista,Sentença,Acordo,Dr. Barros,2022-03-28,2025-04-28,146579.0,18ª Vara Cível de Recife,Sem observações
4579,3418432-84.2025.3.59.5858,654,Trabalhista,Instrução,Suspenso,Dra. Fontes,2020-06-11,2025-03-19,232573.0,12ª Vara Trabalhista de Recife,Sem observações
4580,9057219-99.2020.9.96.3254,729,Trabalhista,Audiência,Em recurso,Dra. Fontes,2021-07-24,2025-03-23,Sem valor,17ª Vara Trabalhista de Recife,Sem observações
4581,5788467-41.2023.8.93.8134,614,Trabalhista,Sentença,Ativo,Dra. Cavalcante,2025-06-10,2026-01-25,Sem valor,14ª Vara Trabalhista de Recife,Sem observações
4582,8220628-15.2021.8.54.9077,447,Civil,Audiência,Em recurso,Dra. Cavalcante,2024-09-04,2025-05-25,158240.0,15ª Vara Cível de Recife,Sem observações
4583,4202942-75.2025.6.91.7611,1057,Trabalhista,Sentença,Ativo,Dra. Fontes,2025-05-14,2026-09-17,Sem valor,19ª Vara Trabalhista de Recife,Sem observações
4584,7486138-99.2020.5.81.4332,1487,Trabalhista,Acordo Extrajudicial,Encerrado,Dra. Cavalcante,2025-08-28,2025-06-02,229416.0,14ª Vara Criminal de Recife,Aguardando documentos
4585,2869625-86.2025.7.14.5837,409,Civil,Arquivado,Encerrado,Dr. Barros,2020-05-31,2026-01-05,443755.0,5ª Vara Trabalhista de Recife,Sem observações
4586,7222167-30.2022.8.44.7452,505,Civil,Audiência,Encerrado,Dr. Melo,2022-10-06,Sem prazo delimitado,336412.0,20ª Vara Trabalhista de Recife,Sem observações
4587,9214397-26.2023.4.18.6844,1122,Trabalhista,Inicial,Ativo,Dra. Fontes,2025-02-20,2025-11-15,323317.0,4ª Vara Criminal de Recife,Sem observações
4588,2966787-79.2022.1.41.9944,60,Trabalhista,Inicial,Encerrado,Dra. Fontes,2025-01-26,2025-03-31,102974.0,20ª Vara Trabalhista de Recife,Sem observações
4589,7320713-89.2022.3.68.7881,684,Trabalhista,Acordo Extrajudicial,Suspenso,Dra. Cavalcante,2023-02-26,2025-09-29,249861.0,13ª Vara Cível de Recife,Sem observações
4590,7820540-78.2023.1.75.4823,1470,Civil,Recurso,Acordo,Dra. Cavalcante,2023-10-26,2025-05-05,Sem valor,13ª Vara Trabalhista de Recife,Sem observações
4591,6011987-71.2020.8.10.4396,819,Trabalhista,Inicial,Ativo,Dr. Melo,2023-09-10,2025-04-30,Sem valor,12ª Vara Criminal de Recife,Sem observações
4592,1311508-84.2020.3.38.8512,596,Trabalhista,Instrução,Ativo,Dra. Cavalcante,2026-04-30,Sem prazo delimitado,306248.0,15ª Vara Criminal de Recife,Sem observações
4593,1933296-95.2024.5.69.8317,706,Trabalhista,Execução,Encerrado,Dr. Melo,2025-05-23,Sem prazo delimitado,238537.0,10ª Vara Cível de Recife,Sem observações
4594,5826200-20.2025.1.91.8748,1376,Trabalhista,Audiência,Suspenso,Dr. Barros,2023-08-17,2025-10-26,152776.0,7ª Vara Criminal de Recife,Sem observações
4595,5116418-16.2025.3.98.2234,1129,Trabalhista,Inicial,Encerrado,Dr. Melo,2020-12-13,2025-04-23,102972.0,19ª Vara Trabalhista de Recife,Sem observações
4596,7948577-74.2025.1.60.7583,423,Trabalhista,Execução,Ativo,Dr. Barros,2025-09-28,2025-11-27,328510.0,4ª Vara Cível de Recife,Sem observações
4597,2842764-33.2025.7.99.7279,494,Trabalhista,Acordo Extrajudicial,Acordo,Dr. Barros,2021-08-29,2026-04-05,Sem valor,8ª Vara Criminal de Recife,Sem observações
4598,5700249-43.2020.5.57.9341,1214,Civil,Instrução,Suspenso,Dr. Melo,2023-08-17,2025-10-31,58875.0,11ª Vara Criminal de Recife,Sem observações
4599,8630644-97.2025.3.28.1296,88,Trabalhista,Execução,Ativo,Dr. Barros,2024-12-05,2026-12-16,420841.0,18ª Vara Cível de Recife,Sem observações
4600,8590346-68.2020.7.63.7780,588,Trabalhista,Acordo Extrajudicial,Ativo,Dr. Barros,2021-02-11,2026-01-25,18527.0,9ª Vara Trabalhista de Recife,Aguardando documentos
4601,2328070-99.2024.8.57.5561,925,Civil,Arquivado,Acordo,Dr. Melo,2022-10-12,2026-03-22,390014.0,10ª Vara Criminal de Recife,Aguardando documentos
4602,2461262-96.2021.6.48.1315,196,Civil,Audiência,Ativo,Dr. Melo,2022-05-27,2025-07-09,170382.0,3ª Vara Criminal de Recife,Sem observações
4603,3496733-55.2020.2.43.8503,1224,Trabalhista,Audiência,Acordo,Dr. Barros,2023-08-31,2025-08-09,125058.0,6ª Vara Trabalhista de Recife,Sem observações
4604,8677980-28.2024.9.94.6552,1289,Trabalhista,Arquivado,Suspenso,Dr. Barros,2024-08-06,2026-07-07,154717.0,4ª Vara Cível de Recife,Sem observações
4605,6865513-17.2021.7.21.3938,524,Civil,Arquivado,Em recurso,Dr. Melo,2025-06-09,2026-11-25,377322.0,6ª Vara Criminal de Recife,Sem observações
4606,9062552-47.2024.4.22.8265,146,Civil,Sentença,Ativo,Dr. Melo,2023-12-14,2026-07-28,152981.0,20ª Vara Cível de Recife,Sem observações
4607,5492622-29.2021.9.92.7737,1474,Civil,Sentença,Encerrado,Dr. Barros,2021-12-08,Sem prazo delimitado,276902.0,14ª Vara Trabalhista de Recife,Sem observações
4608,3576390-15.2021.2.82.8209,483,Civil,Inicial,Encerrado,Dra. Cavalcante,2025-08-09,2026-10-26,494332.0,12ª Vara Cível de Recife,Sem observações
4609,1183693-37.2024.1.85.2937,592,Trabalhista,Recurso,Ativo,Dr. Melo,2024-06-29,2025-03-24,Sem valor,1ª Vara Cível de Recife,Sem observações
4610,4938178-62.2020.7.27.6072,1410,Civil,Recurso,Ativo,Dra. Cavalcante,2022-07-01,2026-03-05,Sem valor,9ª Vara Trabalhista de Recife,Sem observações
4611,4952151-27.2023.3.38.8762,827,Trabalhista,Execução,Suspenso,Dra. Cavalcante,2024-10-02,2025-01-05,49425.0,13ª Vara Trabalhista de Recife,Sem observações
4612,6038940-61.2024.4.64.6408,178,Trabalhista,Arquivado,Ativo,Dr. Barros,2025-01-27,2026-11-05,Sem valor,6ª Vara Trabalhista de Recife,Sem observações
4613,7110796-41.2020.3.80.5362,1329,Trabalhista,Instrução,Ativo,Dr. Melo,2024-03-04,2026-12-09,480868.0,3ª Vara Cível de Recife,Aguardando documentos
4614,4064382-39.2022.4.13.8937,966,Trabalhista,Instrução,Acordo,Dra. Fontes,2025-01-12,2025-01-25,Sem valor,18ª Vara Cível de Recife,Sem observações
4615,4202942-75.2025.6.91.7611,689,Civil,Execução,Encerrado,Dra. Cavalcante,2024-02-28,2025-04-12,453556.0,6ª Vara Cível de Recife,Sem observações
4616,2658962-39.2022.5.95.8856,1029,Trabalhista,Inicial,Suspenso,Dra. Fontes,2025-04-03,2025-05-31,109884.0,5ª Vara Trabalhista de Recife,Sem observações
4617,4016576-41.2022.7.10.6952,578,Civil,Inicial,Encerrado,Dra. Fontes,2025-10-24,2025-03-12,339931.0,2ª Vara Cível de Recife,Sem observações
4618,5850223-43.2020.3.81.3185,659,Civil,Instrução,Em recurso,Dra. Fontes,2024-03-25,2025-04-09,485692.0,15ª Vara Criminal de Recife,Sem observações
4619,9992831-61.2022.4.35.1469,839,Civil,Instrução,Acordo,Dra. Fontes,2021-12-14,Sem prazo delimitado,451542.0,4ª Vara Trabalhista de Recife,Sem observações
4620,2490107-19.2023.9.10.7930,449,Civil,Acordo Extrajudicial,Ativo,Dr. Melo,2020-10-18,2026-02-10,213258.0,13ª Vara Cível de Recife,Sem observações
4621,4134515-43.2021.8.70.4879,1390,Civil,Recurso,Ativo,Dr. Melo,2025-11-16,2025-07-05,63323.0,1ª Vara Trabalhista de Recife,Sem observações
4622,9086174-80.2025.1.81.3292,1226,Trabalhista,Inicial,Encerrado,Dra. Fontes,2022-10-02,2025-04-16,Sem valor,6ª Vara Criminal de Recife,Sem observações
4623,4202942-75.2025.6.91.7611,798,Trabalhista,Recurso,Ativo,Dr. Barros,2024-02-04,2025-05-06,101033.0,17ª Vara Criminal de Recife,Sem observações
4624,3510061-32.2020.9.13.4424,1275,Trabalhista,Arquivado,Encerrado,Dra. Cavalcante,2025-10-18,2025-10-19,343888.0,9ª Vara Trabalhista de Recife,Sem observações
4625,4768255-51.2022.4.94.5695,338,Trabalhista,Inicial,Ativo,Dr. Barros,2021-01-09,2025-10-11,123039.0,18ª Vara Criminal de Recife,Sem observações
4626,7224257-29.2020.8.88.9110,1096,Trabalhista,Recurso,Ativo,Dr. Barros,2021-03-17,2025-06-06,52243.0,9ª Vara Criminal de Recife,Sem observações
4627,7245951-43.2021.4.11.7623,326,Trabalhista,Execução,Ativo,Dra. Fontes,2023-05-21,2025-07-03,444995.0,15ª Vara Criminal de Recife,Sem observações
4628,6105303-92.2021.4.39.3868,1367,Civil,Arquivado,Encerrado,Dr. Melo,2026-02-08,2025-06-07,Sem valor,6ª Vara Trabalhista de Recife,Sem observações
4629,8590346-68.2020.7.63.7780,835,Civil,Sentença,Suspenso,Dr. Melo,2024-04-28,2026-11-12,Sem valor,11ª Vara Trabalhista de Recife,Aguardando documentos
4630,7245951-43.2021.4.11.7623,1106,Trabalhista,Recurso,Em recurso,Dra. Fontes,2022-10-19,2026-02-09,96558.0,13ª Vara Cível de Recife,Sem observações
4631,2545435-52.2025.3.59.7623,394,Trabalhista,Sentença,Encerrado,Dr. Barros,2020-08-31,2025-04-28,Sem valor,6ª Vara Cível de Recife,Sem observações
4632,8886588-26.2020.9.65.6361,1472,Civil,Sentença,Ativo,Dra. Fontes,2021-10-04,2026-02-16,Sem valor,13ª Vara Trabalhista de Recife,Sem observações
4633,2316290-44.2022.7.34.5190,969,Civil,Recurso,Suspenso,Dr. Melo,2025-11-21,2025-03-20,488610.0,14ª Vara Trabalhista de Recife,Sem observações
4634,3588109-63.2023.1.26.4223,1485,Trabalhista,Sentença,Ativo,Dra. Fontes,2020-07-18,Sem prazo delimitado,445671.0,12ª Vara Criminal de Recife,Sem observações
4635,8607512-63.2021.6.82.1039,568,Civil,Sentença,Suspenso,Dra. Cavalcante,2022-05-23,2026-06-07,162452.0,19ª Vara Trabalhista de Recife,Sem observações
4636,6096719-87.2023.1.41.6180,800,Trabalhista,Arquivado,Ativo,Dra. Cavalcante,2020-05-05,Sem prazo delimitado,359870.0,20ª Vara Criminal de Recife,Sem observações
4637,5826200-20.2025.1.91.8748,531,Civil,Audiência,Encerrado,Dra. Fontes,2024-07-18,2025-07-03,Sem valor,1ª Vara Cível de Recife,Aguardando documentos
4638,8323566-47.2021.3.26.4644,1418,Trabalhista,Arquivado,Encerrado,Dra. Fontes,2023-05-07,2026-06-21,25132.0,9ª Vara Cível de Recife,Sem observações
4639,8323566-47.2021.3.26.4644,692,Trabalhista,Instrução,Suspenso,Dr. Barros,2023-08-12,Sem prazo delimitado,267746.0,20ª Vara Criminal de Recife,Sem observações
4640,9898363-27.2020.4.89.2966,994,Trabalhista,Sentença,Ativo,Dra. Cavalcante,2025-12-25,Sem prazo delimitado,131581.0,15ª Vara Trabalhista de Recife,Sem observações
4641,5422047-80.2024.8.62.4364,73,Civil,Instrução,Ativo,Dr. Barros,2023-09-23,Sem prazo delimitado,6976.0,16ª Vara Cível de Recife,Aguardando documentos
4642,2316290-44.2022.7.34.5190,1094,Trabalhista,Inicial,Ativo,Dr. Melo,2020-03-22,2025-07-13,246650.0,18ª Vara Criminal de Recife,Sem observações
4643,8843195-99.2024.6.39.2836,1391,Civil,Acordo Extrajudicial,Encerrado,Dra. Fontes,2021-09-23,2026-03-06,369143.0,17ª Vara Criminal de Recife,Sem observações
4644,8415891-60.2021.6.92.5554,1118,Trabalhista,Sentença,Ativo,Dr. Melo,2025-05-20,2026-08-12,Sem valor,17ª Vara Cível de Recife,Sem observações
4645,8677980-28.2024.9.94.6552,465,Civil,Acordo Extrajudicial,Em recurso,Dr. Barros,2024-08-29,2026-04-15,244691.0,2ª Vara Cível de Recife,Aguardando documentos
4646,8655267-17.2025.3.63.4188,956,Civil,Acordo Extrajudicial,Ativo,Dra. Cavalcante,2020-08-19,2026-03-10,468694.0,20ª Vara Criminal de Recife,Sem observações
4647,5210656-44.2021.1.39.2474,1135,Trabalhista,Arquivado,Encerrado,Dra. Cavalcante,2020-04-13,2025-11-11,344989.0,11ª Vara Cível de Recife,Sem observações
4648,4893809-11.2021.7.19.9759,1280,Civil,Recurso,Encerrado,Dr. Barros,2023-06-19,2026-07-04,67031.0,19ª Vara Trabalhista de Recife,Sem observações
4649,3924425-56.2021.9.58.2912,1243,Trabalhista,Arquivado,Suspenso,Dr. Melo,2026-02-22,2025-05-06,269005.0,3ª Vara Trabalhista de Recife,Sem observações
4650,9798556-59.2021.3.62.3110,549,Trabalhista,Execução,Ativo,Dr. Barros,2025-07-22,2025-05-27,182529.0,5ª Vara Trabalhista de Recife,Sem observações
4651,5289264-48.2020.4.41.6347,1235,Trabalhista,Recurso,Em recurso,Dr. Barros,2020-09-29,2025-03-21,339715.0,19ª Vara Criminal de Recife,Sem observações
4652,7951127-89.2024.1.63.3502,811,Civil,Instrução,Ativo,Dr. Melo,2025-01-14,2026-01-14,Sem valor,15ª Vara Cível de Recife,Sem observações
4653,5124342-11.2025.5.50.6107,878,Civil,Inicial,Ativo,Dr. Barros,2022-10-28,2025-09-30,Sem valor,12ª Vara Trabalhista de Recife,Sem observações
4654,5239450-56.2022.7.99.2371,1380,Trabalhista,Execução,Encerrado,Dra. Cavalcante,2020-12-16,2025-02-16,Sem valor,6ª Vara Trabalhista de Recife,Sem observações
4655,7892487-80.2022.9.64.5036,1218,Trabalhista,Execução,Suspenso,Dra. Cavalcante,2024-11-16,2026-12-03,Sem valor,19ª Vara Cível de Recife,Aguardando documentos
4656,9774395-92.2023.2.75.3192,1290,Civil,Recurso,Ativo,Dr. Melo,2025-02-12,2026-05-14,365748.0,18ª Vara Trabalhista de Recife,Aguardando documentos
4657,1778149-24.2023.1.86.3557,1359,Trabalhista,Recurso,Ativo,Dra. Cavalcante,2021-03-08,2025-10-19,284467.0,11ª Vara Cível de Recife,Sem observações
4658,2292432-35.2025.5.83.7063,79,Trabalhista,Arquivado,Encerrado,Dra. Fontes,2024-05-27,2026-11-04,Sem valor,15ª Vara Cível de Recife,Sem observações
4659,6982910-41.2023.8.91.8758,935,Trabalhista,Sentença,Encerrado,Dra. Fontes,2020-02-18,2025-05-29,Sem valor,16ª Vara Cível de Recife,Sem observações
4660,4687348-31.2023.1.92.6907,1390,Trabalhista,Recurso,Encerrado,Dr. Barros,2021-10-16,2025-06-21,358281.0,19ª Vara Trabalhista de Recife,Sem observações
4661,2118934-75.2023.5.97.9563,913,Civil,Arquivado,Acordo,Dra. Fontes,2024-08-19,2026-01-10,323872.0,20ª Vara Criminal de Recife,Sem observações
4662,3724721-44.2021.9.75.5553,1483,Civil,Execução,Ativo,Dr. Barros,2024-01-01,Sem prazo delimitado,215858.0,14ª Vara Criminal de Recife,Sem observações
4663,9822459-92.2024.8.17.6403,257,Trabalhista,Inicial,Suspenso,Dra. Fontes,2020-04-07,2026-02-18,117633.0,6ª Vara Criminal de Recife,Sem observações
4664,1098476-20.2021.1.47.3336,1469,Trabalhista,Arquivado,Encerrado,Dr. Melo,2020-04-07,Sem prazo delimitado,198800.0,14ª Vara Cível de Recife,Sem observações
4665,5124342-11.2025.5.50.6107,1104,Civil,Inicial,Encerrado,Dra. Fontes,2025-10-09,2026-03-23,467947.0,12ª Vara Cível de Recife,Sem observações
4666,3667022-35.2020.9.76.3115,1471,Civil,Acordo Extrajudicial,Encerrado,Dr. Barros,2022-05-09,2025-12-26,51847.0,6ª Vara Cível de Recife,Sem observações
4667,8572382-61.2025.1.41.7172,551,Trabalhista,Inicial,Encerrado,Dr. Melo,2023-08-17,2026-11-08,145725.0,4ª Vara Criminal de Recife,Sem observações
4668,6935346-77.2024.3.52.9529,867,Civil,Recurso,Ativo,Dr. Melo,2025-11-04,2025-02-02,273842.0,8ª Vara Trabalhista de Recife,Sem observações
4669,6334947-38.2020.4.71.6173,35,Trabalhista,Acordo Extrajudicial,Encerrado,Dr. Melo,2024-05-31,2026-10-02,Sem valor,8ª Vara Criminal de Recife,Aguardando documentos
4670,2842764-33.2025.7.99.7279,1147,Trabalhista,Recurso,Acordo,Dr. Barros,2024-11-10,2025-05-08,Sem valor,11ª Vara Cível de Recife,Sem observações
4671,2292432-35.2025.5.83.7063,1030,Trabalhista,Audiência,Em recurso,Dra. Fontes,2022-12-20,2026-10-26,54599.0,11ª Vara Trabalhista de Recife,Sem observações
4672,6334947-38.2020.4.71.6173,665,Civil,Audiência,Ativo,Dr. Barros,2022-08-28,2026-11-23,256178.0,9ª Vara Cível de Recife,Sem observações
4673,4016576-41.2022.7.10.6952,541,Civil,Recurso,Encerrado,Dra. Cavalcante,2022-02-20,2025-02-20,Sem valor,19ª Vara Cível de Recife,Sem observações
4674,8168450-48.2020.2.65.4570,731,Trabalhista,Arquivado,Ativo,Dra. Cavalcante,2021-05-28,2026-01-17,27314.0,17ª Vara Criminal de Recife,Sem observações
4675,7271178-97.2023.5.84.4243,1058,Trabalhista,Sentença,Acordo,Dra. Cavalcante,2023-09-03,2026-04-14,205940.0,7ª Vara Criminal de Recife,Sem observações
4676,2411026-52.2022.6.26.7373,94,Trabalhista,Inicial,Ativo,Dra. Cavalcante,2023-02-07,2026-06-21,Sem valor,11ª Vara Cível de Recife,Sem observações
4677,1664676-19.2021.8.64.4616,119,Trabalhista,Recurso,Em recurso,Dra. Cavalcante,2025-01-01,2026-12-22,Sem valor,8ª Vara Criminal de Recife,Sem observações
4678,8678370-92.2025.7.35.9962,1237,Civil,Arquivado,Ativo,Dra. Cavalcante,2023-05-21,2025-06-23,Sem valor,7ª Vara Trabalhista de Recife,Sem observações
4679,8572382-61.2025.1.41.7172,490,Civil,Execução,Encerrado,Dra. Fontes,2021-06-21,Sem prazo delimitado,328286.0,14ª Vara Criminal de Recife,Sem observações
4680,2632721-15.2024.7.90.9593,1353,Civil,Inicial,Acordo,Dr. Melo,2020-02-26,2025-02-13,Sem valor,4ª Vara Criminal de Recife,Sem observações
4681,3418432-84.2025.3.59.5858,632,Trabalhista,Sentença,Ativo,Dr. Barros,2023-11-08,2026-06-28,Sem valor,13ª Vara Criminal de Recife,Sem observações
4682,3505690-87.2020.8.52.6260,460,Civil,Execução,Ativo,Dra. Fontes,2022-11-17,Sem prazo delimitado,Sem valor,3ª Vara Trabalhista de Recife,Sem observações
4683,8215015-64.2021.5.32.1893,641,Trabalhista,Audiência,Ativo,Dr. Barros,2021-09-18,2025-08-13,218791.0,10ª Vara Trabalhista de Recife,Sem observações
4684,4433355-55.2023.8.48.9346,970,Civil,Instrução,Ativo,Dr. Melo,2025-08-23,2026-06-25,35233.0,2ª Vara Cível de Recife,Aguardando documentos
4685,2341370-92.2024.9.60.8122,1259,Trabalhista,Audiência,Ativo,Dr. Barros,2023-09-28,2026-02-20,Sem valor,5ª Vara Cível de Recife,Aguardando documentos
4686,9214397-26.2023.4.18.6844,728,Trabalhista,Recurso,Ativo,Dr. Melo,2022-06-23,2026-08-17,357522.0,14ª Vara Cível de Recife,Sem observações
4687,4061044-97.2023.7.99.3676,1328,Civil,Execução,Encerrado,Dr. Barros,2022-02-27,2026-07-18,346668.0,10ª Vara Trabalhista de Recife,Aguardando documentos
4688,1095980-10.2020.7.77.8313,1189,Civil,Audiência,Ativo,Dra. Fontes,2022-10-23,Sem prazo delimitado,Sem valor,20ª Vara Trabalhista de Recife,Sem observações
4689,3924425-56.2021.9.58.2912,862,Civil,Inicial,Encerrado,Dra. Fontes,2021-07-02,2025-10-18,Sem valor,14ª Vara Cível de Recife,Sem observações
4690,2292432-35.2025.5.83.7063,811,Trabalhista,Execução,Encerrado,Dr. Melo,2025-12-13,2026-04-02,484479.0,3ª Vara Cível de Recife,Sem observações
4691,6476769-27.2021.5.22.2570,1391,Civil,Acordo Extrajudicial,Encerrado,Dra. Cavalcante,2021-03-20,2026-05-08,376773.0,18ª Vara Trabalhista de Recife,Sem observações
4692,2118934-75.2023.5.97.9563,613,Trabalhista,Arquivado,Acordo,Dra. Cavalcante,2021-08-18,2025-04-06,Sem valor,16ª Vara Cível de Recife,Aguardando documentos
4693,2461262-96.2021.6.48.1315,316,Civil,Sentença,Acordo,Dra. Cavalcante,2025-02-07,2025-07-05,Sem valor,4ª Vara Criminal de Recife,Aguardando documentos
4694,1438459-62.2020.7.78.3410,77,Civil,Instrução,Encerrado,Dra. Cavalcante,2022-07-05,2025-11-04,38335.0,7ª Vara Cível de Recife,Sem observações
4695,4494463-44.2022.5.80.7542,994,Trabalhista,Acordo Extrajudicial,Encerrado,Dr. Melo,2023-02-05,2026-03-22,Sem valor,1ª Vara Cível de Recife,Sem observações
4696,5901155-82.2023.2.89.7717,258,Trabalhista,Recurso,Ativo,Dr. Barros,2020-06-11,2026-10-07,484662.0,18ª Vara Cível de Recife,Sem observações
4697,9398629-61.2022.5.88.8253,583,Civil,Arquivado,Suspenso,Dra. Cavalcante,2024-09-23,2025-02-14,330573.0,7ª Vara Trabalhista de Recife,Sem observações
4698,9885734-21.2023.9.74.3450,712,Civil,Execução,Encerrado,Dra. Fontes,2025-01-12,2025-05-27,110063.0,8ª Vara Cível de Recife,Sem observações
4699,4417916-40.2022.7.26.4278,825,Civil,Inicial,Suspenso,Dr. Melo,2020-03-22,2026-02-09,Sem valor,10ª Vara Trabalhista de Recife,Sem observações
4700,5625093-80.2022.9.16.6618,374,Civil,Recurso,Suspenso,Dr. Barros,2022-07-07,2026-09-17,60106.0,12ª Vara Trabalhista de Recife,Aguardando documentos
4701,2545435-52.2025.3.59.7623,707,Civil,Audiência,Ativo,Dr. Melo,2022-04-17,Sem prazo delimitado,398559.0,1ª Vara Cível de Recife,Sem observações
4702,8125196-18.2023.1.53.1215,8,Trabalhista,Acordo Extrajudicial,Ativo,Dra. Fontes,2022-09-20,2026-11-07,403242.0,13ª Vara Cível de Recife,Sem observações
4703,2895065-46.2022.7.67.1438,1390,Trabalhista,Acordo Extrajudicial,Em recurso,Dra. Cavalcante,2023-11-21,2026-06-13,98807.0,1ª Vara Cível de Recife,Sem observações
4704,7813974-60.2021.1.81.1542,330,Trabalhista,Arquivado,Encerrado,Dr. Barros,2023-01-27,2025-03-23,78173.0,19ª Vara Criminal de Recife,Aguardando documentos
4705,5462435-11.2024.9.85.2977,1454,Civil,Audiência,Ativo,Dra. Cavalcante,2023-05-09,2026-04-25,380963.0,17ª Vara Criminal de Recife,Aguardando documentos
4706,8678370-92.2025.7.35.9962,740,Trabalhista,Instrução,Ativo,Dr. Melo,2025-01-04,2026-08-13,369334.0,6ª Vara Trabalhista de Recife,Sem observações
4707,3679963-72.2020.9.29.7859,1280,Trabalhista,Sentença,Ativo,Dra. Cavalcante,2023-10-31,2026-02-08,Sem valor,14ª Vara Criminal de Recife,Sem observações
4708,7419280-60.2021.1.40.9417,592,Civil,Recurso,Em recurso,Dra. Cavalcante,2022-12-19,2026-07-31,312203.0,6ª Vara Criminal de Recife,Sem observações
4709,3242098-97.2025.4.44.9916,320,Trabalhista,Sentença,Encerrado,Dra. Fontes,2021-06-17,2025-09-09,Sem valor,15ª Vara Cível de Recife,Sem observações
4710,3168718-77.2025.2.92.8027,1310,Civil,Recurso,Ativo,Dra. Cavalcante,2021-01-07,2026-01-27,Sem valor,7ª Vara Trabalhista de Recife,Sem observações
4711,1757615-27.2025.7.10.3762,465,Civil,Audiência,Ativo,Dr. Barros,2022-10-11,Sem prazo delimitado,Sem valor,5ª Vara Criminal de Recife,Sem observações
4712,5159219-49.2023.5.25.3676,1192,Civil,Recurso,Em recurso,Dr. Melo,2020-12-19,2026-08-12,53457.0,12ª Vara Cível de Recife,Sem observações
4713,2186433-37.2022.2.12.4344,970,Trabalhista,Arquivado,Suspenso,Dra. Cavalcante,2024-08-22,2025-05-10,418211.0,18ª Vara Criminal de Recife,Sem observações
4714,1778149-24.2023.1.86.3557,778,Trabalhista,Arquivado,Acordo,Dr. Melo,2025-10-27,2026-07-14,434522.0,10ª Vara Criminal de Recife,Sem observações
4715,4202942-75.2025.6.91.7611,1234,Civil,Sentença,Encerrado,Dra. Cavalcante,2022-12-09,2025-11-02,Sem valor,15ª Vara Trabalhista de Recife,Sem observações
4716,2895065-46.2022.7.67.1438,1119,Trabalhista,Recurso,Ativo,Dr. Melo,2023-01-08,2025-07-17,212673.0,13ª Vara Trabalhista de Recife,Sem observações
4717,4299848-20.2023.2.47.7396,377,Civil,Recurso,Ativo,Dr. Barros,2023-03-08,2026-12-06,306303.0,20ª Vara Trabalhista de Recife,Sem observações
4718,7765112-69.2024.9.62.5648,871,Trabalhista,Audiência,Ativo,Dr. Melo,2021-09-11,2025-05-17,454247.0,20ª Vara Cível de Recife,Sem observações
4719,6779292-61.2021.4.86.2783,1187,Civil,Execução,Encerrado,Dra. Fontes,2024-11-11,2025-03-31,477642.0,7ª Vara Trabalhista de Recife,Aguardando documentos
4720,2660213-63.2022.6.50.8366,367,Trabalhista,Instrução,Em recurso,Dr. Barros,2020-11-05,Sem prazo delimitado,68666.0,6ª Vara Trabalhista de Recife,Sem observações
4721,4601686-30.2021.5.52.7745,226,Trabalhista,Instrução,Ativo,Dra. Cavalcante,2020-06-30,2025-10-01,Sem valor,19ª Vara Criminal de Recife,Aguardando documentos
4722,6694761-39.2022.1.10.2199,1384,Trabalhista,Sentença,Encerrado,Dr. Barros,2026-09-02,2025-05-22,Sem valor,14ª Vara Cível de Recife,Sem observações
4723,1621418-87.2020.9.55.9337,50,Civil,Recurso,Ativo,Dra. Fontes,2020-10-25,2026-05-16,249424.0,15ª Vara Criminal de Recife,Sem observações
4724,5316105-58.2020.3.22.3571,1014,Trabalhista,Recurso,Ativo,Dr. Barros,2025-04-02,2026-07-04,451290.0,15ª Vara Cível de Recife,Sem observações
4725,7840442-26.2025.9.53.5093,571,Civil,Audiência,Ativo,Dra. Cavalcante,2021-11-02,Sem prazo delimitado,Sem valor,11ª Vara Trabalhista de Recife,Sem observações
4726,2519059-58.2022.7.86.4385,648,Trabalhista,Audiência,Encerrado,Dra. Fontes,2021-02-11,2025-03-03,Sem valor,5ª Vara Trabalhista de Recife,Sem observações
4727,5966644-82.2023.4.88.9951,1144,Trabalhista,Arquivado,Acordo,Dr. Barros,2021-06-06,2025-09-30,Sem valor,3ª Vara Criminal de Recife,Aguardando documentos
4728,7320713-89.2022.3.68.7881,15,Trabalhista,Instrução,Ativo,Dr. Melo,2020-09-06,2025-01-08,Sem valor,10ª Vara Cível de Recife,Sem observações
4729,1676369-34.2022.3.47.6087,240,Civil,Instrução,Ativo,Dr. Barros,2024-07-12,2025-05-31,Sem valor,20ª Vara Trabalhista de Recife,Sem observações
4730,1742202-63.2023.6.68.9372,9,Trabalhista,Inicial,Ativo,Dra. Cavalcante,2021-02-11,2025-01-09,281028.0,14ª Vara Criminal de Recife,Sem observações
4731,9398629-61.2022.5.88.8253,389,Civil,Execução,Encerrado,Dr. Barros,2025-10-06,2026-09-23,79399.0,12ª Vara Cível de Recife,Sem observações
4732,8168450-48.2020.2.65.4570,246,Trabalhista,Inicial,Em recurso,Dra. Fontes,2022-02-03,2025-11-08,Sem valor,8ª Vara Cível de Recife,Sem observações
4733,6018860-77.2022.1.94.1315,825,Civil,Sentença,Ativo,Dr. Barros,2020-12-29,2026-01-11,Sem valor,20ª Vara Trabalhista de Recife,Sem observações
4734,5462435-11.2024.9.85.2977,1174,Trabalhista,Audiência,Em recurso,Dr. Barros,2021-03-14,2025-09-20,64423.0,11ª Vara Criminal de Recife,Sem observações
4735,5124342-11.2025.5.50.6107,1109,Civil,Recurso,Suspenso,Dra. Cavalcante,2023-12-15,2025-05-06,408468.0,1ª Vara Trabalhista de Recife,Sem observações
4736,6034606-21.2023.6.18.6684,594,Trabalhista,Execução,Suspenso,Dr. Barros,2025-01-31,2025-12-17,312253.0,14ª Vara Cível de Recife,Sem observações
4737,6992158-64.2024.5.43.7750,95,Trabalhista,Arquivado,Ativo,Dr. Barros,2025-05-14,Sem prazo delimitado,170063.0,14ª Vara Criminal de Recife,Sem observações
4738,4687348-31.2023.1.92.6907,1095,Trabalhista,Acordo Extrajudicial,Encerrado,Dra. Cavalcante,2023-02-28,2026-01-19,440141.0,5ª Vara Criminal de Recife,Aguardando documentos
4739,9636371-69.2025.8.67.4068,66,Civil,Recurso,Encerrado,Dr. Barros,2025-03-21,Sem prazo delimitado,210126.0,12ª Vara Trabalhista de Recife,Sem observações
4740,8735892-74.2025.8.18.9411,697,Trabalhista,Recurso,Suspenso,Dra. Cavalcante,2024-11-18,2026-12-15,471869.0,11ª Vara Trabalhista de Recife,Aguardando documentos
4741,6944389-98.2023.1.72.8245,1341,Trabalhista,Inicial,Acordo,Dr. Melo,2024-06-07,2025-12-19,270663.0,18ª Vara Criminal de Recife,Aguardando documentos
4742,9666878-83.2023.6.29.9905,630,Trabalhista,Execução,Encerrado,Dr. Barros,2022-04-21,2026-12-23,357997.0,14ª Vara Cível de Recife,Sem observações
4743,4584224-94.2025.2.57.2511,1016,Trabalhista,Instrução,Encerrado,Dr. Barros,2020-02-13,2025-02-19,374081.0,11ª Vara Trabalhista de Recife,Sem observações
4744,3924425-56.2021.9.58.2912,65,Trabalhista,Arquivado,Encerrado,Dra. Cavalcante,2022-12-28,2025-10-25,98727.0,7ª Vara Criminal de Recife,Sem observações
4745,5422047-80.2024.8.62.4364,1322,Civil,Audiência,Acordo,Dra. Fontes,2020-05-01,2025-05-27,122363.0,19ª Vara Trabalhista de Recife,Sem observações
4746,6686912-30.2025.4.68.7078,748,Civil,Sentença,Em recurso,Dr. Barros,2020-08-13,2025-08-19,Sem valor,4ª Vara Cível de Recife,Sem observações
4747,9810112-12.2021.1.97.8847,925,Civil,Acordo Extrajudicial,Ativo,Dr. Barros,2020-05-01,2026-08-27,Sem valor,20ª Vara Criminal de Recife,Sem observações
4748,5116418-16.2025.3.98.2234,597,Trabalhista,Instrução,Ativo,Dra. Fontes,2024-09-10,2025-01-29,Sem valor,8ª Vara Cível de Recife,Aguardando documentos
4749,2100417-68.2021.7.29.9662,803,Trabalhista,Instrução,Encerrado,Dr. Melo,2021-03-11,2025-04-21,141060.0,6ª Vara Cível de Recife,Sem observações
4750,8209168-30.2020.1.41.7632,485,Civil,Acordo Extrajudicial,Encerrado,Dra. Cavalcante,2023-02-05,2026-07-23,222664.0,7ª Vara Cível de Recife,Sem observações
4751,1411065-96.2022.9.64.8271,145,Civil,Inicial,Acordo,Dra. Cavalcante,2021-04-12,2025-04-01,187776.0,18ª Vara Criminal de Recife,Sem observações
4752,4084503-92.2025.8.90.5515,1243,Trabalhista,Recurso,Ativo,Dr. Barros,2024-03-28,2025-07-08,299791.0,19ª Vara Trabalhista de Recife,Sem observações
4753,4092125-65.2025.3.26.9073,53,Civil,Audiência,Suspenso,Dra. Fontes,2023-12-09,2025-01-03,221028.0,17ª Vara Trabalhista de Recife,Sem observações
4754,3734843-61.2021.3.94.2954,1402,Trabalhista,Execução,Acordo,Dr. Barros,2025-05-14,2026-09-03,123736.0,8ª Vara Trabalhista de Recife,Sem observações
4755,7626521-25.2020.9.17.3305,1075,Trabalhista,Execução,Encerrado,Dr. Melo,2022-01-11,2026-07-28,8997.0,6ª Vara Criminal de Recife,Sem observações
4756,4961530-22.2021.4.22.6290,13,Civil,Arquivado,Ativo,Dra. Fontes,2024-01-23,2025-03-07,Sem valor,18ª Vara Trabalhista de Recife,Aguardando documentos
4757,2632721-15.2024.7.90.9593,592,Civil,Audiência,Encerrado,Dr. Barros,2025-08-11,2026-09-21,Sem valor,18ª Vara Trabalhista de Recife,Sem observações
4758,4085001-92.2022.6.76.8938,1490,Civil,Arquivado,Acordo,Dr. Barros,2023-02-02,2026-12-02,422549.0,6ª Vara Trabalhista de Recife,Sem observações
4759,2660213-63.2022.6.50.8366,241,Civil,Execução,Suspenso,Dra. Cavalcante,2020-04-25,2026-09-14,278267.0,7ª Vara Trabalhista de Recife,Sem observações
4760,1024421-54.2022.9.20.2563,589,Civil,Sentença,Encerrado,Dra. Cavalcante,2025-09-06,2026-01-09,36062.0,9ª Vara Cível de Recife,Sem observações
4761,7136189-41.2024.2.60.1768,981,Civil,Acordo Extrajudicial,Encerrado,Dra. Fontes,2026-03-03,Sem prazo delimitado,102578.0,12ª Vara Criminal de Recife,Sem observações
4762,5901155-82.2023.2.89.7717,381,Civil,Acordo Extrajudicial,Encerrado,Dr. Melo,2022-02-21,2026-12-13,Sem valor,13ª Vara Cível de Recife,Sem observações
4763,2292432-35.2025.5.83.7063,147,Trabalhista,Inicial,Acordo,Dr. Barros,2024-10-04,2026-06-11,382831.0,18ª Vara Cível de Recife,Sem observações
4764,6404948-40.2021.7.68.7161,1490,Civil,Instrução,Em recurso,Dr. Melo,2021-12-13,2025-05-05,54201.0,17ª Vara Cível de Recife,Aguardando documentos
4765,1101935-78.2023.5.88.5299,570,Trabalhista,Acordo Extrajudicial,Ativo,Dra. Fontes,2020-06-18,2026-05-25,66657.0,11ª Vara Criminal de Recife,Sem observações
4766,6034606-21.2023.6.18.6684,1245,Trabalhista,Arquivado,Suspenso,Dr. Barros,2024-07-25,2026-02-03,290617.0,7ª Vara Criminal de Recife,Sem observações
4767,8286382-50.2025.4.53.4414,756,Trabalhista,Instrução,Ativo,Dra. Fontes,2025-10-02,2025-04-08,132569.0,10ª Vara Criminal de Recife,Sem observações
4768,9774395-92.2023.2.75.3192,1313,Trabalhista,Acordo Extrajudicial,Ativo,Dr. Melo,2021-11-03,2025-08-23,126994.0,4ª Vara Cível de Recife,Sem observações
4769,3418432-84.2025.3.59.5858,344,Civil,Inicial,Ativo,Dra. Fontes,2023-11-07,2026-11-18,Sem valor,3ª Vara Trabalhista de Recife,Sem observações
4770,8843195-99.2024.6.39.2836,804,Trabalhista,Arquivado,Acordo,Dra. Fontes,2021-09-03,2026-06-05,233503.0,2ª Vara Cível de Recife,Sem observações
4771,8717678-27.2025.5.11.4526,1027,Civil,Instrução,Acordo,Dra. Cavalcante,2025-08-27,2025-03-09,133038.0,4ª Vara Trabalhista de Recife,Sem observações
4772,6416661-36.2021.8.21.8496,87,Trabalhista,Execução,Ativo,Dr. Barros,2020-12-30,2026-12-20,369269.0,17ª Vara Cível de Recife,Sem observações
4773,5661974-14.2020.6.39.3137,281,Civil,Inicial,Encerrado,Dra. Cavalcante,2022-02-16,2026-03-20,219552.0,9ª Vara Cível de Recife,Sem observações
4774,8735892-74.2025.8.18.9411,528,Trabalhista,Inicial,Suspenso,Dr. Barros,2025-01-22,2026-01-18,24798.0,19ª Vara Trabalhista de Recife,Sem observações
4775,5660649-86.2020.5.86.9291,197,Trabalhista,Execução,Em recurso,Dra. Cavalcante,2025-11-23,2026-08-05,375031.0,6ª Vara Cível de Recife,Sem observações
4776,5518767-82.2023.4.96.9873,1477,Civil,Execução,Ativo,Dra. Fontes,2025-04-19,2026-09-17,215130.0,6ª Vara Cível de Recife,Sem observações
4777,6096719-87.2023.1.41.6180,247,Trabalhista,Arquivado,Ativo,Dr. Barros,2021-02-27,2026-03-29,347055.0,16ª Vara Cível de Recife,Aguardando documentos
4778,9798556-59.2021.3.62.3110,43,Trabalhista,Execução,Suspenso,Dra. Fontes,2024-11-29,2025-02-21,76118.0,7ª Vara Criminal de Recife,Sem observações
4779,7848147-32.2021.6.58.3528,1329,Civil,Acordo Extrajudicial,Em recurso,Dra. Fontes,2021-01-07,2026-07-09,135833.0,2ª Vara Criminal de Recife,Aguardando documentos
4780,7765112-69.2024.9.62.5648,1499,Civil,Recurso,Acordo,Dr. Melo,2020-03-31,2026-06-08,258051.0,9ª Vara Criminal de Recife,Sem observações
4781,6036037-32.2025.3.53.7515,493,Trabalhista,Acordo Extrajudicial,Acordo,Dr. Barros,2025-01-05,2025-10-06,207623.0,2ª Vara Trabalhista de Recife,Sem observações
4782,2118934-75.2023.5.97.9563,1341,Civil,Audiência,Em recurso,Dr. Barros,2024-11-10,2026-02-04,473242.0,4ª Vara Trabalhista de Recife,Sem observações
4783,7245951-43.2021.4.11.7623,804,Trabalhista,Audiência,Ativo,Dr. Melo,2022-07-28,2026-05-08,113895.0,20ª Vara Criminal de Recife,Sem observações
4784,8574876-96.2020.7.97.4673,1099,Civil,Instrução,Em recurso,Dr. Barros,2023-09-17,2025-10-24,71508.0,17ª Vara Trabalhista de Recife,Sem observações
4785,4452862-76.2021.3.27.3238,1399,Civil,Inicial,Suspenso,Dr. Barros,2021-03-31,Sem prazo delimitado,Sem valor,3ª Vara Trabalhista de Recife,Sem observações
4786,1614850-25.2020.8.85.3161,1057,Civil,Recurso,Encerrado,Dra. Fontes,2025-06-18,2025-06-07,115165.0,11ª Vara Criminal de Recife,Sem observações
4787,3879233-61.2024.5.30.1494,356,Civil,Audiência,Ativo,Dr. Barros,2024-01-09,Sem prazo delimitado,224213.0,8ª Vara Trabalhista de Recife,Sem observações
4788,1896520-28.2021.5.90.5374,1061,Civil,Audiência,Acordo,Dra. Cavalcante,2022-03-14,2025-08-23,261247.0,1ª Vara Criminal de Recife,Sem observações
4789,1966014-66.2022.7.82.2137,837,Civil,Instrução,Encerrado,Dr. Melo,2022-05-18,2025-07-27,Sem valor,8ª Vara Trabalhista de Recife,Sem observações
4790,5462435-11.2024.9.85.2977,1157,Civil,Arquivado,Encerrado,Dra. Fontes,2025-05-08,2025-12-29,255641.0,14ª Vara Criminal de Recife,Sem observações
4791,2842764-33.2025.7.99.7279,247,Trabalhista,Arquivado,Em recurso,Dra. Fontes,2020-01-30,2025-12-11,341711.0,20ª Vara Cível de Recife,Aguardando documentos
4792,9498791-62.2022.6.73.9564,608,Trabalhista,Sentença,Ativo,Dra. Cavalcante,2020-09-19,2026-01-07,121828.0,20ª Vara Cível de Recife,Aguardando documentos
4793,5867457-18.2023.9.16.7298,1205,Civil,Instrução,Suspenso,Dra. Cavalcante,2021-07-28,2025-04-10,336966.0,1ª Vara Criminal de Recife,Sem observações
4794,3766710-17.2025.4.91.1472,266,Trabalhista,Instrução,Ativo,Dra. Cavalcante,2021-03-09,2025-02-20,Sem valor,1ª Vara Cível de Recife,Aguardando documentos
4795,9824532-76.2023.6.37.2040,212,Civil,Sentença,Ativo,Dra. Fontes,2024-01-29,2025-01-27,Sem valor,17ª Vara Trabalhista de Recife,Sem observações
4796,4202942-75.2025.6.91.7611,49,Civil,Arquivado,Suspenso,Dra. Fontes,2020-05-16,2025-04-15,437079.0,2ª Vara Cível de Recife,Sem observações
4797,4065326-72.2025.8.58.5304,668,Trabalhista,Arquivado,Encerrado,Dr. Barros,2023-01-01,2026-07-05,Sem valor,2ª Vara Criminal de Recife,Sem observações
4798,1754781-28.2025.6.89.2162,745,Civil,Sentença,Acordo,Dra. Cavalcante,2025-12-22,2026-08-25,42892.0,4ª Vara Trabalhista de Recife,Sem observações
4799,7544569-30.2022.4.91.9370,1215,Civil,Instrução,Encerrado,Dr. Barros,2021-12-18,2025-10-02,208107.0,2ª Vara Cível de Recife,Sem observações
4800,5035093-45.2021.1.27.3097,1150,Civil,Instrução,Ativo,Dr. Barros,2026-09-01,Sem prazo delimitado,Sem valor,16ª Vara Cível de Recife,Sem observações
4801,5492622-29.2021.9.92.7737,1185,Civil,Instrução,Em recurso,Dra. Fontes,2025-05-13,2025-08-19,199509.0,1ª Vara Cível de Recife,Sem observações
4802,8097721-13.2023.1.47.8354,1032,Civil,Arquivado,Ativo,Dr. Barros,2022-03-09,2026-05-24,389210.0,6ª Vara Criminal de Recife,Aguardando documentos
4803,7765112-69.2024.9.62.5648,812,Civil,Acordo Extrajudicial,Suspenso,Dra. Cavalcante,2023-10-09,2025-05-21,385733.0,8ª Vara Trabalhista de Recife,Sem observações
4804,9573194-21.2022.1.35.8352,431,Trabalhista,Audiência,Ativo,Dr. Barros,2024-07-27,2026-08-07,113562.0,2ª Vara Trabalhista de Recife,Sem observações
4805,4065326-72.2025.8.58.5304,1386,Civil,Inicial,Encerrado,Dra. Cavalcante,2020-12-02,2026-04-21,139874.0,13ª Vara Cível de Recife,Aguardando documentos
4806,3260101-88.2022.8.37.9169,860,Trabalhista,Sentença,Encerrado,Dra. Fontes,2022-02-07,2025-07-07,222528.0,3ª Vara Trabalhista de Recife,Sem observações
4807,2267110-24.2021.5.78.6025,578,Civil,Acordo Extrajudicial,Ativo,Dra. Cavalcante,2020-10-25,2026-06-08,Sem valor,11ª Vara Criminal de Recife,Sem observações
4808,5035093-45.2021.1.27.3097,1247,Civil,Arquivado,Encerrado,Dra. Cavalcante,2023-07-03,2025-06-29,495986.0,20ª Vara Trabalhista de Recife,Sem observações
4809,2660213-63.2022.6.50.8366,116,Civil,Sentença,Suspenso,Dra. Cavalcante,2024-01-31,2026-11-06,485381.0,15ª Vara Criminal de Recife,Sem observações
4810,9970343-38.2020.5.18.4483,420,Trabalhista,Recurso,Ativo,Dr. Barros,2026-01-25,2025-06-20,289280.0,4ª Vara Trabalhista de Recife,Sem observações
4811,8678370-92.2025.7.35.9962,1146,Trabalhista,Execução,Encerrado,Dra. Fontes,2026-11-01,2025-03-24,Sem valor,10ª Vara Trabalhista de Recife,Sem observações
4812,3576390-15.2021.2.82.8209,804,Civil,Instrução,Suspenso,Dr. Barros,2020-06-12,2025-04-06,269736.0,5ª Vara Trabalhista de Recife,Aguardando documentos
4813,2461262-96.2021.6.48.1315,301,Trabalhista,Execução,Ativo,Dr. Barros,2026-03-11,2025-12-25,19468.0,12ª Vara Cível de Recife,Sem observações
4814,3588109-63.2023.1.26.4223,1109,Trabalhista,Arquivado,Suspenso,Dra. Fontes,2021-01-22,2026-09-12,276107.0,6ª Vara Criminal de Recife,Sem observações
4815,3464073-25.2022.8.73.5075,153,Trabalhista,Arquivado,Encerrado,Dr. Barros,2024-04-17,2026-09-19,451448.0,14ª Vara Criminal de Recife,Aguardando documentos
4816,7813974-60.2021.1.81.1542,613,Civil,Sentença,Ativo,Dr. Melo,2021-10-17,2026-08-04,448762.0,8ª Vara Cível de Recife,Sem observações
4817,8097721-13.2023.1.47.8354,1010,Trabalhista,Execução,Ativo,Dra. Cavalcante,2021-11-03,2025-06-10,439253.0,6ª Vara Trabalhista de Recife,Sem observações
4818,9970343-38.2020.5.18.4483,119,Trabalhista,Inicial,Acordo,Dra. Cavalcante,2023-01-30,2025-07-22,71237.0,1ª Vara Criminal de Recife,Sem observações
4819,7082985-88.2022.2.94.6058,1312,Civil,Recurso,Acordo,Dra. Cavalcante,2021-12-03,2025-12-05,Sem valor,4ª Vara Trabalhista de Recife,Sem observações
4820,1628717-84.2025.8.67.8313,204,Civil,Recurso,Ativo,Dr. Melo,2021-10-07,Sem prazo delimitado,Sem valor,4ª Vara Trabalhista de Recife,Sem observações
4821,5214684-96.2020.6.84.9986,1255,Trabalhista,Audiência,Ativo,Dra. Fontes,2025-03-14,2025-03-13,461341.0,6ª Vara Cível de Recife,Sem observações
4822,1667591-67.2025.4.69.9424,294,Trabalhista,Instrução,Encerrado,Dr. Barros,2023-12-08,2026-04-10,Sem valor,17ª Vara Cível de Recife,Sem observações
4823,7820540-78.2023.1.75.4823,262,Trabalhista,Acordo Extrajudicial,Suspenso,Dr. Barros,2021-11-29,2026-12-08,181967.0,7ª Vara Cível de Recife,Sem observações
4824,8827641-36.2022.5.59.8715,579,Trabalhista,Recurso,Ativo,Dra. Fontes,2024-07-29,2026-02-24,40057.0,4ª Vara Cível de Recife,Sem observações
4825,5432782-56.2021.2.97.6240,900,Trabalhista,Audiência,Acordo,Dra. Fontes,2022-10-01,2026-02-18,Sem valor,7ª Vara Criminal de Recife,Sem observações
4826,9810112-12.2021.1.97.8847,2,Trabalhista,Audiência,Ativo,Dr. Barros,2021-10-02,2025-04-08,Sem valor,2ª Vara Cível de Recife,Sem observações
4827,2480014-80.2024.2.29.9847,382,Trabalhista,Acordo Extrajudicial,Encerrado,Dr. Melo,2020-05-23,2025-10-03,489214.0,15ª Vara Trabalhista de Recife,Sem observações
4828,6416661-36.2021.8.21.8496,1303,Trabalhista,Arquivado,Encerrado,Dr. Barros,2022-07-14,2026-11-16,410556.0,20ª Vara Cível de Recife,Sem observações
4829,1974389-81.2024.5.57.9354,1415,Civil,Audiência,Suspenso,Dr. Melo,2023-06-09,Sem prazo delimitado,Sem valor,20ª Vara Criminal de Recife,Sem observações
4830,6836135-90.2022.9.37.5643,775,Trabalhista,Recurso,Suspenso,Dra. Cavalcante,2021-11-13,2026-03-22,Sem valor,4ª Vara Trabalhista de Recife,Sem observações
4831,3975387-89.2023.4.55.7631,35,Trabalhista,Instrução,Ativo,Dra. Fontes,2022-08-22,2026-03-24,149755.0,14ª Vara Trabalhista de Recife,Sem observações
4832,6865513-17.2021.7.21.3938,117,Civil,Sentença,Acordo,Dr. Melo,2024-06-30,2025-01-19,Sem valor,20ª Vara Trabalhista de Recife,Sem observações
4833,3724721-44.2021.9.75.5553,1148,Trabalhista,Recurso,Ativo,Dra. Fontes,2024-07-03,2026-03-07,141823.0,5ª Vara Cível de Recife,Sem observações
4834,6096719-87.2023.1.41.6180,1028,Civil,Arquivado,Encerrado,Dr. Barros,2023-11-03,2025-12-25,Sem valor,20ª Vara Criminal de Recife,Sem observações
4835,9398629-61.2022.5.88.8253,1461,Trabalhista,Audiência,Ativo,Dra. Cavalcante,2024-03-22,2025-05-03,279407.0,14ª Vara Trabalhista de Recife,Aguardando documentos
4836,7223110-52.2024.2.44.8994,306,Civil,Execução,Encerrado,Dr. Barros,2020-04-02,2025-08-20,454316.0,3ª Vara Trabalhista de Recife,Sem observações
4837,8129073-22.2024.4.16.9656,414,Trabalhista,Acordo Extrajudicial,Ativo,Dr. Barros,2021-06-23,2026-02-04,100950.0,5ª Vara Trabalhista de Recife,Sem observações
4838,2112478-55.2024.2.51.9095,924,Civil,Audiência,Encerrado,Dra. Fontes,2025-04-27,2025-12-29,262258.0,11ª Vara Cível de Recife,Sem observações
4839,4417916-40.2022.7.26.4278,1090,Trabalhista,Sentença,Encerrado,Dr. Barros,2024-09-10,2026-01-11,382432.0,16ª Vara Trabalhista de Recife,Sem observações
4840,6547287-16.2023.4.15.7491,495,Trabalhista,Execução,Encerrado,Dra. Fontes,2021-12-30,2026-04-11,229315.0,9ª Vara Trabalhista de Recife,Aguardando documentos
4841,4384627-80.2021.2.13.1061,448,Civil,Acordo Extrajudicial,Suspenso,Dra. Cavalcante,2022-04-18,2025-10-22,Sem valor,6ª Vara Criminal de Recife,Sem observações
4842,1633270-27.2024.2.52.7034,1035,Trabalhista,Inicial,Ativo,Dra. Cavalcante,2024-01-13,2025-06-15,Sem valor,13ª Vara Criminal de Recife,Sem observações
4843,5214684-96.2020.6.84.9986,1265,Civil,Sentença,Encerrado,Dr. Melo,2026-11-04,2025-11-19,256483.0,13ª Vara Cível de Recife,Sem observações
4844,1628717-84.2025.8.67.8313,365,Civil,Recurso,Em recurso,Dr. Melo,2024-09-02,2026-07-22,412074.0,8ª Vara Criminal de Recife,Sem observações
4845,2294596-63.2020.6.38.9193,873,Trabalhista,Arquivado,Acordo,Dr. Barros,2020-08-25,2026-01-13,290955.0,12ª Vara Trabalhista de Recife,Sem observações
4846,2461262-96.2021.6.48.1315,1436,Trabalhista,Audiência,Acordo,Dra. Cavalcante,2023-02-14,2026-09-15,458018.0,10ª Vara Trabalhista de Recife,Sem observações
4847,2100417-68.2021.7.29.9662,611,Trabalhista,Recurso,Ativo,Dra. Fontes,2023-07-12,2026-03-23,244574.0,6ª Vara Trabalhista de Recife,Sem observações
4848,9498791-62.2022.6.73.9564,350,Civil,Arquivado,Encerrado,Dra. Cavalcante,2021-08-27,2025-12-04,7181.0,18ª Vara Criminal de Recife,Sem observações
4849,4460247-99.2024.9.97.4840,626,Civil,Execução,Ativo,Dra. Fontes,2020-11-24,2026-09-02,488241.0,5ª Vara Criminal de Recife,Sem observações
4850,7082985-88.2022.2.94.6058,835,Civil,Execução,Ativo,Dr. Barros,2023-03-18,2026-08-30,146070.0,18ª Vara Trabalhista de Recife,Sem observações
4851,7724543-49.2023.9.44.7412,951,Civil,Arquivado,Encerrado,Dr. Melo,2022-12-28,2026-08-21,314392.0,18ª Vara Criminal de Recife,Sem observações
4852,3710559-31.2020.9.95.2540,1462,Civil,Instrução,Encerrado,Dr. Barros,2023-09-11,2025-10-15,216532.0,18ª Vara Criminal de Recife,Aguardando documentos
4853,1614850-25.2020.8.85.3161,162,Trabalhista,Instrução,Ativo,Dra. Fontes,2020-03-19,2026-06-19,75807.0,16ª Vara Criminal de Recife,Sem observações
4854,8323566-47.2021.3.26.4644,1397,Trabalhista,Audiência,Ativo,Dr. Barros,2024-04-19,2026-09-17,359498.0,8ª Vara Cível de Recife,Sem observações
4855,4314934-26.2021.7.14.7244,480,Trabalhista,Acordo Extrajudicial,Suspenso,Dr. Melo,2022-01-23,2026-02-12,86454.0,18ª Vara Criminal de Recife,Sem observações
4856,2186433-37.2022.2.12.4344,686,Civil,Acordo Extrajudicial,Suspenso,Dr. Melo,2021-08-01,2025-07-25,171646.0,15ª Vara Criminal de Recife,Sem observações
4857,2753004-76.2021.8.83.9874,1191,Civil,Instrução,Em recurso,Dr. Melo,2025-02-03,Sem prazo delimitado,386489.0,20ª Vara Cível de Recife,Sem observações
4858,9398629-61.2022.5.88.8253,8,Civil,Inicial,Suspenso,Dr. Barros,2020-11-01,2026-03-25,209494.0,10ª Vara Cível de Recife,Sem observações
4859,3585301-47.2021.7.73.3469,424,Trabalhista,Inicial,Ativo,Dr. Barros,2024-07-03,2026-01-05,235835.0,3ª Vara Cível de Recife,Sem observações
4860,4507711-38.2024.2.34.4732,674,Civil,Sentença,Encerrado,Dra. Cavalcante,2025-06-30,2026-03-22,411158.0,18ª Vara Criminal de Recife,Aguardando documentos
4861,1714231-74.2025.9.71.1697,1393,Civil,Audiência,Ativo,Dr. Barros,2024-01-16,2025-09-03,485866.0,2ª Vara Trabalhista de Recife,Sem observações
4862,6686912-30.2025.4.68.7078,764,Civil,Acordo Extrajudicial,Ativo,Dr. Barros,2025-12-11,2026-07-28,Sem valor,10ª Vara Cível de Recife,Sem observações
4863,8097721-13.2023.1.47.8354,775,Civil,Acordo Extrajudicial,Acordo,Dra. Cavalcante,2021-12-04,2026-05-08,34277.0,12ª Vara Criminal de Recife,Sem observações
4864,8062805-72.2022.1.22.8771,1069,Civil,Sentença,Suspenso,Dra. Cavalcante,2021-07-30,2026-03-16,481429.0,6ª Vara Criminal de Recife,Sem observações
4865,5788467-41.2023.8.93.8134,234,Trabalhista,Inicial,Acordo,Dr. Melo,2025-05-13,2025-05-12,60465.0,16ª Vara Trabalhista de Recife,Sem observações
4866,1878000-50.2025.7.58.1197,177,Civil,Audiência,Encerrado,Dr. Melo,2020-01-28,2025-12-08,93497.0,14ª Vara Criminal de Recife,Sem observações
4867,2632721-15.2024.7.90.9593,268,Trabalhista,Instrução,Em recurso,Dra. Fontes,2025-05-20,2026-07-14,372919.0,20ª Vara Cível de Recife,Aguardando documentos
4868,2490107-19.2023.9.10.7930,725,Trabalhista,Sentença,Suspenso,Dra. Fontes,2023-04-20,Sem prazo delimitado,Sem valor,15ª Vara Trabalhista de Recife,Sem observações
4869,5050722-10.2024.8.29.4298,289,Trabalhista,Execução,Ativo,Dra. Cavalcante,2020-06-30,2026-05-26,387070.0,3ª Vara Cível de Recife,Sem observações
4870,6339266-27.2025.5.15.6766,1004,Civil,Audiência,Acordo,Dra. Fontes,2021-09-26,2025-01-19,469722.0,1ª Vara Criminal de Recife,Sem observações
4871,6105303-92.2021.4.39.3868,991,Trabalhista,Recurso,Encerrado,Dr. Barros,2023-01-27,2026-05-23,7700.0,9ª Vara Trabalhista de Recife,Sem observações
4872,9108785-98.2021.3.78.6687,836,Civil,Inicial,Ativo,Dr. Barros,2020-12-11,2025-01-26,Sem valor,18ª Vara Criminal de Recife,Aguardando documentos
4873,7599278-46.2021.4.96.3535,294,Trabalhista,Instrução,Ativo,Dra. Cavalcante,2023-06-16,2025-02-21,Sem valor,2ª Vara Criminal de Recife,Sem observações
4874,3510061-32.2020.9.13.4424,1297,Trabalhista,Arquivado,Ativo,Dra. Fontes,2020-10-25,2026-12-07,279450.0,1ª Vara Criminal de Recife,Sem observações
4875,5159882-37.2022.9.71.7550,1174,Civil,Inicial,Em recurso,Dra. Cavalcante,2022-09-18,2026-09-05,Sem valor,1ª Vara Trabalhista de Recife,Sem observações
4876,1099617-37.2023.9.61.1793,7,Trabalhista,Acordo Extrajudicial,Encerrado,Dr. Barros,2021-07-22,2025-11-09,Sem valor,1ª Vara Criminal de Recife,Sem observações
4877,4961530-22.2021.4.22.6290,581,Civil,Recurso,Ativo,Dr. Barros,2020-06-15,2026-12-19,170273.0,19ª Vara Cível de Recife,Sem observações
4878,5786762-52.2021.9.21.3037,77,Civil,Arquivado,Ativo,Dra. Cavalcante,2021-03-18,2026-01-07,86632.0,19ª Vara Criminal de Recife,Sem observações
4879,7749444-78.2021.1.20.8763,876,Civil,Audiência,Em recurso,Dra. Fontes,2022-11-29,2026-05-12,Sem valor,2ª Vara Cível de Recife,Sem observações
4880,6686912-30.2025.4.68.7078,1157,Trabalhista,Audiência,Ativo,Dr. Melo,2025-11-30,2025-05-04,429870.0,5ª Vara Cível de Recife,Sem observações
4881,2328070-99.2024.8.57.5561,678,Trabalhista,Inicial,Encerrado,Dra. Cavalcante,2021-04-04,2026-06-12,300874.0,15ª Vara Trabalhista de Recife,Aguardando documentos
4882,1272937-41.2023.5.75.9958,338,Trabalhista,Sentença,Em recurso,Dra. Cavalcante,2024-04-12,2025-09-02,Sem valor,16ª Vara Cível de Recife,Sem observações
4883,1757615-27.2025.7.10.3762,970,Trabalhista,Audiência,Ativo,Dra. Cavalcante,2024-01-28,2025-02-24,262580.0,2ª Vara Criminal de Recife,Aguardando documentos
4884,6414076-16.2021.7.78.8273,213,Trabalhista,Sentença,Ativo,Dra. Fontes,2020-11-04,2025-01-05,Sem valor,13ª Vara Trabalhista de Recife,Sem observações
4885,3924425-56.2021.9.58.2912,1242,Civil,Recurso,Ativo,Dra. Cavalcante,2024-01-05,Sem prazo delimitado,114606.0,7ª Vara Cível de Recife,Sem observações
4886,2118934-75.2023.5.97.9563,1230,Trabalhista,Recurso,Acordo,Dra. Fontes,2022-03-30,Sem prazo delimitado,307809.0,14ª Vara Cível de Recife,Sem observações
4887,6053412-12.2021.6.72.8346,495,Trabalhista,Instrução,Suspenso,Dr. Barros,2025-10-26,2026-05-05,75000.0,12ª Vara Criminal de Recife,Sem observações
4888,4507711-38.2024.2.34.4732,730,Civil,Arquivado,Suspenso,Dra. Cavalcante,2020-08-11,2026-01-02,128231.0,16ª Vara Criminal de Recife,Sem observações
4889,4134515-43.2021.8.70.4879,1283,Civil,Instrução,Encerrado,Dr. Melo,2022-08-21,2026-11-21,114629.0,4ª Vara Trabalhista de Recife,Sem observações
4890,5625093-80.2022.9.16.6618,909,Trabalhista,Execução,Suspenso,Dra. Cavalcante,2024-01-28,2025-06-12,64123.0,1ª Vara Criminal de Recife,Sem observações
4891,7110796-41.2020.3.80.5362,459,Civil,Recurso,Ativo,Dr. Melo,2022-05-13,2025-08-26,118728.0,4ª Vara Trabalhista de Recife,Sem observações
4892,2186433-37.2022.2.12.4344,1472,Trabalhista,Recurso,Encerrado,Dra. Fontes,2021-12-11,2025-02-24,442565.0,18ª Vara Trabalhista de Recife,Sem observações
4893,4584224-94.2025.2.57.2511,799,Civil,Audiência,Ativo,Dr. Barros,2022-06-04,2025-02-05,Sem valor,4ª Vara Cível de Recife,Sem observações
4894,7687351-51.2022.6.73.6768,1485,Trabalhista,Instrução,Acordo,Dra. Cavalcante,2023-01-30,2025-01-15,203695.0,7ª Vara Trabalhista de Recife,Sem observações
4895,5116418-16.2025.3.98.2234,759,Trabalhista,Inicial,Ativo,Dra. Cavalcante,2023-10-07,2026-10-10,482712.0,5ª Vara Criminal de Recife,Sem observações
4896,5826200-20.2025.1.91.8748,682,Civil,Inicial,Encerrado,Dr. Barros,2024-07-24,2025-09-12,Sem valor,7ª Vara Cível de Recife,Sem observações
4897,5214684-96.2020.6.84.9986,369,Trabalhista,Acordo Extrajudicial,Ativo,Dra. Fontes,2021-04-15,2025-05-03,476752.0,7ª Vara Trabalhista de Recife,Sem observações
4898,1273300-90.2024.2.80.7378,1319,Civil,Arquivado,Ativo,Dr. Melo,2020-10-06,2025-02-01,223705.0,16ª Vara Criminal de Recife,Sem observações
4899,6836135-90.2022.9.37.5643,270,Civil,Arquivado,Encerrado,Dra. Cavalcante,2020-03-08,2025-04-18,212549.0,13ª Vara Trabalhista de Recife,Sem observações
4900,9168044-67.2022.1.26.3054,213,Civil,Arquivado,Em recurso,Dra. Cavalcante,2025-06-01,2025-04-19,Sem valor,18ª Vara Criminal de Recife,Sem observações
4901,8655267-17.2025.3.63.4188,569,Trabalhista,Inicial,Acordo,Dr. Barros,2024-11-30,2026-07-30,54522.0,7ª Vara Cível de Recife,Sem observações
4902,4090182-95.2021.1.57.7189,223,Trabalhista,Instrução,Ativo,Dra. Cavalcante,2024-10-25,2026-07-01,418508.0,13ª Vara Cível de Recife,Sem observações
4903,5703772-88.2020.8.34.6114,1328,Trabalhista,Inicial,Em recurso,Dra. Cavalcante,2021-12-24,2026-04-11,112876.0,16ª Vara Trabalhista de Recife,Sem observações
4904,4601686-30.2021.5.52.7745,167,Civil,Inicial,Suspenso,Dr. Barros,2025-10-10,2025-12-15,194584.0,2ª Vara Criminal de Recife,Aguardando documentos
4905,5947618-28.2023.6.53.6118,768,Trabalhista,Inicial,Acordo,Dra. Fontes,2025-08-30,2026-05-23,307329.0,20ª Vara Cível de Recife,Sem observações
4906,2231929-89.2024.6.41.5461,1041,Trabalhista,Recurso,Ativo,Dra. Fontes,2025-01-05,2025-07-24,489791.0,6ª Vara Trabalhista de Recife,Aguardando documentos
4907,2869625-86.2025.7.14.5837,1292,Civil,Inicial,Ativo,Dra. Cavalcante,2020-03-29,2026-09-09,409884.0,1ª Vara Criminal de Recife,Aguardando documentos
4908,9804642-71.2024.4.76.5486,792,Trabalhista,Sentença,Ativo,Dr. Melo,2024-12-29,2026-01-18,44764.0,16ª Vara Cível de Recife,Sem observações
4909,3754895-37.2021.6.18.8502,290,Trabalhista,Sentença,Ativo,Dra. Fontes,2026-02-08,2025-09-12,Sem valor,4ª Vara Criminal de Recife,Aguardando documentos
4910,8574876-96.2020.7.97.4673,837,Civil,Execução,Ativo,Dr. Melo,2025-08-11,2026-04-27,452116.0,3ª Vara Criminal de Recife,Sem observações
4911,6003915-30.2025.6.37.7681,584,Trabalhista,Recurso,Em recurso,Dra. Cavalcante,2022-09-07,2026-07-16,369875.0,3ª Vara Cível de Recife,Sem observações
4912,4417916-40.2022.7.26.4278,116,Civil,Execução,Ativo,Dra. Cavalcante,2021-03-18,2025-09-09,228130.0,3ª Vara Criminal de Recife,Sem observações
4913,4140100-24.2024.4.63.7178,935,Trabalhista,Audiência,Acordo,Dr. Melo,2025-09-05,2026-11-26,236330.0,8ª Vara Trabalhista de Recife,Sem observações
4914,8066975-72.2023.7.26.7675,361,Trabalhista,Sentença,Encerrado,Dr. Barros,2021-05-31,Sem prazo delimitado,Sem valor,15ª Vara Cível de Recife,Sem observações
4915,4865461-96.2025.2.64.9143,1383,Civil,Acordo Extrajudicial,Acordo,Dra. Cavalcante,2021-07-11,2025-03-03,Sem valor,10ª Vara Trabalhista de Recife,Sem observações
4916,5217157-98.2020.2.64.4094,942,Civil,Instrução,Acordo,Dr. Barros,2024-04-09,2025-07-11,228213.0,9ª Vara Trabalhista de Recife,Sem observações
4917,8157599-64.2024.2.89.5276,63,Trabalhista,Audiência,Ativo,Dr. Barros,2020-12-23,Sem prazo delimitado,Sem valor,12ª Vara Trabalhista de Recife,Sem observações
4918,9086174-80.2025.1.81.3292,1141,Civil,Execução,Encerrado,Dr. Melo,2021-06-07,2026-09-27,Sem valor,17ª Vara Criminal de Recife,Aguardando documentos
4919,9573194-21.2022.1.35.8352,534,Civil,Inicial,Ativo,Dra. Cavalcante,2024-07-18,2025-08-23,384104.0,1ª Vara Cível de Recife,Sem observações
4920,4061044-97.2023.7.99.3676,916,Civil,Inicial,Encerrado,Dr. Barros,2020-10-07,2026-03-14,268170.0,16ª Vara Trabalhista de Recife,Aguardando documentos
4921,1346701-74.2024.1.65.8985,1137,Trabalhista,Execução,Encerrado,Dra. Fontes,2021-03-05,2025-07-07,Sem valor,20ª Vara Cível de Recife,Aguardando documentos
4922,8892606-62.2022.2.87.2168,1096,Civil,Sentença,Acordo,Dra. Fontes,2025-01-21,2026-11-19,252101.0,16ª Vara Trabalhista de Recife,Aguardando documentos
4923,4510407-23.2020.5.18.6055,248,Civil,Sentença,Ativo,Dr. Melo,2020-01-21,2025-12-16,368735.0,12ª Vara Cível de Recife,Sem observações
4924,4681694-71.2021.9.28.7350,763,Trabalhista,Recurso,Encerrado,Dr. Barros,2022-10-31,2026-05-01,469477.0,16ª Vara Cível de Recife,Sem observações
4925,7599278-46.2021.4.96.3535,370,Trabalhista,Instrução,Encerrado,Dr. Melo,2023-10-01,2026-07-20,339263.0,1ª Vara Criminal de Recife,Sem observações
4926,7110796-41.2020.3.80.5362,1440,Trabalhista,Sentença,Ativo,Dr. Melo,2021-07-06,2026-05-24,321826.0,2ª Vara Cível de Recife,Aguardando documentos
4927,8678370-92.2025.7.35.9962,196,Civil,Arquivado,Encerrado,Dr. Barros,2024-02-02,2025-09-03,Sem valor,13ª Vara Criminal de Recife,Sem observações
4928,4687348-31.2023.1.92.6907,304,Trabalhista,Execução,Ativo,Dra. Fontes,2021-12-10,2025-10-20,278323.0,10ª Vara Cível de Recife,Sem observações
4929,7082985-88.2022.2.94.6058,749,Civil,Recurso,Suspenso,Dr. Barros,2024-06-05,2026-06-27,106259.0,6ª Vara Cível de Recife,Sem observações
4930,4090182-95.2021.1.57.7189,1417,Civil,Arquivado,Ativo,Dr. Barros,2021-02-11,2026-08-29,Sem valor,4ª Vara Criminal de Recife,Aguardando documentos
4931,7486029-45.2024.4.25.3159,489,Trabalhista,Sentença,Encerrado,Dra. Cavalcante,2025-07-20,2026-05-03,233219.0,15ª Vara Cível de Recife,Sem observações
4932,7722274-26.2024.9.14.7062,1234,Civil,Recurso,Encerrado,Dra. Fontes,2023-10-22,2026-11-26,29806.0,9ª Vara Cível de Recife,Sem observações
4933,7687292-20.2021.4.85.7539,631,Trabalhista,Instrução,Acordo,Dra. Cavalcante,2020-04-06,2026-05-12,418429.0,6ª Vara Criminal de Recife,Sem observações
4934,8306601-19.2020.3.50.7457,46,Civil,Inicial,Ativo,Dr. Melo,2020-12-30,2026-10-15,Sem valor,2ª Vara Criminal de Recife,Sem observações
4935,8323566-47.2021.3.26.4644,354,Civil,Execução,Ativo,Dra. Fontes,2024-03-02,2026-02-28,152604.0,17ª Vara Cível de Recife,Aguardando documentos
4936,2519059-58.2022.7.86.4385,916,Trabalhista,Inicial,Ativo,Dra. Cavalcante,2025-01-06,2026-11-26,296866.0,17ª Vara Cível de Recife,Sem observações
4937,2231929-89.2024.6.41.5461,907,Trabalhista,Execução,Encerrado,Dra. Cavalcante,2023-12-27,2025-10-29,488781.0,9ª Vara Cível de Recife,Sem observações
4938,4085001-92.2022.6.76.8938,260,Civil,Inicial,Suspenso,Dra. Cavalcante,2025-01-10,2026-12-10,287268.0,7ª Vara Cível de Recife,Sem observações
4939,3766710-17.2025.4.91.1472,1335,Civil,Inicial,Encerrado,Dra. Cavalcante,2025-03-29,2026-12-12,82452.0,17ª Vara Criminal de Recife,Sem observações
4940,3346094-93.2020.2.94.1759,694,Civil,Execução,Encerrado,Dra. Cavalcante,2021-09-30,2026-12-05,23888.0,7ª Vara Criminal de Recife,Sem observações
4941,4140100-24.2024.4.63.7178,170,Civil,Recurso,Suspenso,Dr. Barros,2021-05-11,2026-04-16,336938.0,4ª Vara Trabalhista de Recife,Aguardando documentos
4942,2236315-26.2022.5.82.8939,1104,Trabalhista,Acordo Extrajudicial,Suspenso,Dr. Barros,2022-06-05,2025-05-14,252102.0,8ª Vara Criminal de Recife,Aguardando documentos
4943,9060164-41.2020.5.36.2381,900,Civil,Acordo Extrajudicial,Ativo,Dra. Fontes,2020-01-31,2025-11-30,24096.0,18ª Vara Trabalhista de Recife,Sem observações
4944,2895065-46.2022.7.67.1438,274,Civil,Execução,Encerrado,Dr. Barros,2023-06-02,2025-12-21,Sem valor,18ª Vara Criminal de Recife,Sem observações
4945,3710559-31.2020.9.95.2540,44,Civil,Arquivado,Encerrado,Dra. Fontes,2020-08-20,2026-10-29,63790.0,16ª Vara Cível de Recife,Sem observações
4946,8306601-19.2020.3.50.7457,1287,Civil,Acordo Extrajudicial,Ativo,Dr. Melo,2020-03-07,2025-05-10,422380.0,18ª Vara Cível de Recife,Sem observações
4947,4202942-75.2025.6.91.7611,344,Trabalhista,Recurso,Encerrado,Dra. Cavalcante,2021-10-20,2025-12-17,66779.0,19ª Vara Cível de Recife,Sem observações
4948,5753123-52.2021.4.48.4042,1279,Trabalhista,Arquivado,Encerrado,Dr. Melo,2026-01-02,2025-12-01,53006.0,9ª Vara Cível de Recife,Sem observações
4949,5967836-10.2021.4.35.9671,116,Trabalhista,Arquivado,Suspenso,Dra. Fontes,2020-04-10,2026-07-29,134109.0,8ª Vara Trabalhista de Recife,Sem observações
4950,3588109-63.2023.1.26.4223,799,Civil,Recurso,Ativo,Dra. Cavalcante,2021-01-15,2025-07-18,Sem valor,9ª Vara Criminal de Recife,Sem observações
4951,3679963-72.2020.9.29.7859,1197,Civil,Execução,Suspenso,Dra. Cavalcante,2023-12-21,2025-11-11,396122.0,12ª Vara Trabalhista de Recife,Sem observações
4952,1878000-50.2025.7.58.1197,39,Civil,Acordo Extrajudicial,Ativo,Dra. Cavalcante,2024-12-02,2025-12-24,Sem valor,20ª Vara Trabalhista de Recife,Sem observações
4953,9573194-21.2022.1.35.8352,549,Civil,Audiência,Ativo,Dr. Melo,2023-04-05,2025-09-15,37629.0,12ª Vara Trabalhista de Recife,Aguardando documentos
4954,7065068-16.2021.7.14.6489,143,Civil,Instrução,Encerrado,Dra. Fontes,2026-01-13,2025-05-21,69769.0,16ª Vara Criminal de Recife,Sem observações
4955,6528202-89.2025.3.17.9496,748,Trabalhista,Acordo Extrajudicial,Suspenso,Dra. Fontes,2020-11-07,2026-01-24,Sem valor,8ª Vara Trabalhista de Recife,Sem observações
4956,4090182-95.2021.1.57.7189,1254,Trabalhista,Arquivado,Ativo,Dr. Barros,2021-09-28,2025-03-17,Sem valor,18ª Vara Trabalhista de Recife,Sem observações
4957,6370110-64.2022.3.52.8440,434,Trabalhista,Arquivado,Encerrado,Dra. Fontes,2023-06-19,2026-11-13,Sem valor,4ª Vara Trabalhista de Recife,Sem observações
4958,1614850-25.2020.8.85.3161,1278,Trabalhista,Acordo Extrajudicial,Ativo,Dr. Melo,2021-08-31,2026-08-11,47386.0,11ª Vara Trabalhista de Recife,Sem observações
4959,3376786-12.2020.7.64.5093,1160,Trabalhista,Inicial,Ativo,Dra. Fontes,2025-01-23,2025-12-29,Sem valor,5ª Vara Trabalhista de Recife,Sem observações
4960,8843195-99.2024.6.39.2836,2,Civil,Recurso,Ativo,Dra. Fontes,2024-08-08,2026-07-23,91192.0,3ª Vara Trabalhista de Recife,Sem observações
4961,1633270-27.2024.2.52.7034,430,Trabalhista,Execução,Encerrado,Dra. Cavalcante,2025-03-19,Sem prazo delimitado,218624.0,8ª Vara Criminal de Recife,Sem observações
4962,5518767-82.2023.4.96.9873,887,Trabalhista,Instrução,Acordo,Dr. Barros,2022-01-23,2026-08-22,Sem valor,20ª Vara Cível de Recife,Sem observações
4963,3585301-47.2021.7.73.3469,1272,Civil,Acordo Extrajudicial,Encerrado,Dra. Cavalcante,2024-09-17,2025-11-05,7727.0,2ª Vara Trabalhista de Recife,Aguardando documentos
4964,3306375-34.2024.9.48.9154,1300,Trabalhista,Recurso,Ativo,Dr. Barros,2025-09-09,2025-05-16,286434.0,9ª Vara Cível de Recife,Sem observações
4965,4493339-70.2021.7.17.8725,213,Trabalhista,Inicial,Ativo,Dra. Fontes,2022-11-21,2025-11-10,264460.0,13ª Vara Trabalhista de Recife,Sem observações
4966,7951127-89.2024.1.63.3502,1282,Trabalhista,Arquivado,Acordo,Dra. Fontes,2026-01-25,2025-03-12,377815.0,10ª Vara Trabalhista de Recife,Sem observações
4967,1933296-95.2024.5.69.8317,15,Civil,Instrução,Ativo,Dr. Barros,2024-05-21,2025-04-23,Sem valor,5ª Vara Trabalhista de Recife,Sem observações
4968,7243958-65.2020.5.25.5047,683,Trabalhista,Acordo Extrajudicial,Acordo,Dra. Fontes,2022-01-12,2026-12-21,Sem valor,2ª Vara Trabalhista de Recife,Sem observações
4969,6339266-27.2025.5.15.6766,1374,Trabalhista,Audiência,Acordo,Dr. Melo,2020-12-25,2026-11-14,259265.0,18ª Vara Criminal de Recife,Sem observações
4970,8843990-84.2020.6.68.3017,531,Trabalhista,Arquivado,Em recurso,Dr. Barros,2021-06-09,2025-05-29,384115.0,6ª Vara Cível de Recife,Sem observações
4971,1664676-19.2021.8.64.4616,290,Civil,Recurso,Ativo,Dra. Cavalcante,2021-08-14,2025-02-04,350904.0,10ª Vara Trabalhista de Recife,Sem observações
4972,4065326-72.2025.8.58.5304,797,Trabalhista,Execução,Ativo,Dr. Barros,2020-05-09,2026-04-12,322847.0,11ª Vara Criminal de Recife,Sem observações
4973,5991409-16.2021.8.44.1303,1170,Civil,Arquivado,Em recurso,Dr. Melo,2025-11-16,2025-12-11,453892.0,4ª Vara Criminal de Recife,Sem observações
4974,6927716-18.2022.9.56.1445,1231,Trabalhista,Arquivado,Suspenso,Dra. Fontes,2023-08-28,2025-06-02,199148.0,2ª Vara Criminal de Recife,Sem observações
4975,9822459-92.2024.8.17.6403,907,Civil,Acordo Extrajudicial,Suspenso,Dr. Melo,2022-11-07,2025-07-21,233208.0,12ª Vara Criminal de Recife,Sem observações
4976,9319285-35.2025.3.19.9131,426,Civil,Inicial,Encerrado,Dra. Fontes,2022-05-27,2026-05-08,144336.0,5ª Vara Criminal de Recife,Sem observações
4977,9076234-78.2023.3.90.2702,784,Civil,Audiência,Ativo,Dra. Cavalcante,2020-06-23,2025-11-09,194786.0,6ª Vara Criminal de Recife,Aguardando documentos
4978,2316290-44.2022.7.34.5190,1151,Civil,Acordo Extrajudicial,Ativo,Dra. Fontes,2024-03-02,2025-09-23,Sem valor,12ª Vara Trabalhista de Recife,Sem observações
4979,6034606-21.2023.6.18.6684,86,Civil,Recurso,Ativo,Dra. Fontes,2025-10-18,2026-02-09,343894.0,4ª Vara Criminal de Recife,Sem observações
4980,6034606-21.2023.6.18.6684,1264,Trabalhista,Instrução,Suspenso,Dr. Melo,2023-09-16,2025-02-24,365618.0,18ª Vara Trabalhista de Recife,Aguardando documentos
4981,7141324-67.2025.3.86.3413,1149,Trabalhista,Execução,Suspenso,Dra. Cavalcante,2024-05-03,2025-11-07,378585.0,14ª Vara Trabalhista de Recife,Sem observações
4982,7141324-67.2025.3.86.3413,1404,Civil,Sentença,Encerrado,Dr. Barros,2024-08-21,2025-06-12,219731.0,9ª Vara Criminal de Recife,Sem observações
4983,2480014-80.2024.2.29.9847,296,Civil,Arquivado,Encerrado,Dr. Melo,2025-07-18,Sem prazo delimitado,81021.0,10ª Vara Criminal de Recife,Sem observações
4984,8655267-17.2025.3.63.4188,154,Trabalhista,Arquivado,Suspenso,Dra. Cavalcante,2020-09-15,Sem prazo delimitado,184495.0,1ª Vara Criminal de Recife,Sem observações
4985,4061044-97.2023.7.99.3676,1174,Trabalhista,Instrução,Acordo,Dr. Barros,2025-12-26,2025-08-19,Sem valor,17ª Vara Criminal de Recife,Sem observações
4986,2461262-96.2021.6.48.1315,448,Trabalhista,Audiência,Ativo,Dr. Melo,2021-06-15,2026-03-21,Sem valor,17ª Vara Cível de Recife,Sem observações
4987,6416661-36.2021.8.21.8496,1150,Civil,Execução,Em recurso,Dra. Fontes,2023-04-18,2025-10-07,412158.0,9ª Vara Cível de Recife,Sem observações
4988,9498791-62.2022.6.73.9564,179,Trabalhista,Sentença,Ativo,Dra. Fontes,2022-01-09,2025-10-30,150284.0,10ª Vara Cível de Recife,Sem observações
4989,3248366-98.2020.5.11.6279,152,Civil,Audiência,Suspenso,Dr. Melo,2021-04-14,Sem prazo delimitado,Sem valor,16ª Vara Trabalhista de Recife,Sem observações
4990,7892487-80.2022.9.64.5036,721,Civil,Audiência,Encerrado,Dr. Barros,2024-12-10,Sem prazo delimitado,92938.0,16ª Vara Cível de Recife,Sem observações
4991,5967836-10.2021.4.35.9671,1019,Trabalhista,Recurso,Em recurso,Dra. Fontes,2020-07-11,2025-06-26,87216.0,1ª Vara Cível de Recife,Sem observações
4992,6425355-10.2021.6.53.2041,966,Trabalhista,Instrução,Encerrado,Dra. Fontes,2025-02-23,Sem prazo delimitado,398013.0,18ª Vara Trabalhista de Recife,Sem observações
4993,8816646-78.2020.7.70.9224,272,Trabalhista,Acordo Extrajudicial,Encerrado,Dra. Fontes,2024-09-07,2025-02-20,264504.0,5ª Vara Trabalhista de Recife,Sem observações
4994,7599278-46.2021.4.96.3535,7,Trabalhista,Audiência,Em recurso,Dra. Fontes,2022-03-13,2025-10-31,172897.0,7ª Vara Trabalhista de Recife,Aguardando documentos
4995,8655267-17.2025.3.63.4188,1327,Civil,Execução,Ativo,Dra. Cavalcante,2025-08-15,2025-01-07,Sem valor,19ª Vara Cível de Recife,Sem observações
4996,8892606-62.2022.2.87.2168,206,Trabalhista,Sentença,Encerrado,Dra. Fontes,2022-04-17,2025-02-05,82569.0,18ª Vara Cível de Recife,Aguardando documentos
4997,1116024-57.2025.8.16.4043,405,Trabalhista,Recurso,Ativo,Dr. Barros,2025-09-14,2026-05-21,476587.0,9ª Vara Trabalhista de Recife,Sem observações
4998,2328070-99.2024.8.57.5561,1028,Trabalhista,Acordo Extrajudicial,Encerrado,Dr. Barros,2024-04-04,2025-08-23,Sem valor,20ª Vara Cível de Recife,Aguardando documentos
4999,9774395-92.2023.2.75.3192,1202,Trabalhista,Instrução,Suspenso,Dra. Fontes,2020-10-06,2025-08-13,421635.0,17ª Vara Cível de Recife,Sem observações
5000,1099617-37.2023.9.61.1793,274,Civil,Acordo Extrajudicial,Ativo,Dr. Melo,2020-11-26,2026-06-28,Sem valor,6ª Vara Trabalhista de Recife,Aguardando documentos
